frame_id,track_id,pose_conf,pose_direction,flipped,body_length_px,head_x,head_y,dorsal_x,dorsal_y,tail_x,tail_y,belly_x,belly_y
0,1,0.539439857006073,left_down,0,23.041006088256836,1000.818603515625,576.083984375,1007.2160034179688,556.3744506835938,1003.5397338867188,553.2042236328125,1008.8056030273438,568.1510620117188
1,1,0.539439857006073,left_down,0,23.041000366210938,1000.818603515625,576.083984375,1007.216064453125,556.3744506835938,1003.5396728515625,553.2042236328125,1008.8056640625,568.1510620117188
2,1,0.539439857006073,left_down,0,23.041000366210938,1000.818603515625,576.083984375,1007.216064453125,556.3744506835938,1003.5396728515625,553.2042236328125,1008.8056640625,568.1510620117188
3,1,0.539439857006073,left_down,0,23.041000366210938,1000.818603515625,576.083984375,1007.216064453125,556.3744506835938,1003.5396728515625,553.2042236328125,1008.8056640625,568.1510620117188
4,1,0.539439857006073,left_down,0,23.041000366210938,1000.818603515625,576.083984375,1007.216064453125,556.3744506835938,1003.5396728515625,553.2042236328125,1008.8056640625,568.1510620117188
5,1,0.7954666614532471,left_down,0,29.87382698059082,996.3934326171875,591.9581298828125,1004.6392211914062,571.7843017578125,1009.9212646484375,565.32275390625,1009.4559326171875,583.5720825195312
6,1,0.7954666614532471,left_down,0,36.0734748840332,993.2958374023438,603.0700073242188,1002.83544921875,582.5712280273438,1014.388427734375,573.8057250976562,1009.9111328125,594.3667602539062
7,1,0.7954666614532471,left_down,0,40.78982162475586,991.1275024414062,610.8482666015625,1001.5728149414062,590.1220703125,1017.515380859375,579.7437744140625,1010.2298583984375,601.9230346679688
8,1,0.7954666614532471,left_down,0,44.21498107910156,989.6096801757812,616.2930908203125,1000.68896484375,595.4076538085938,1019.7042236328125,583.9004516601562,1010.452880859375,607.2124633789062
9,1,0.7954666614532471,left_down,0,46.65944290161133,988.5471801757812,620.1044921875,1000.0702514648438,599.1075439453125,1021.2364501953125,586.8101196289062,1010.6090087890625,610.9150390625
10,1,0.26815855503082275,left_down,0,41.716644287109375,992.0467529296875,622.894775390625,1001.6099853515625,601.7826538085938,1018.583740234375,590.706787109375,1009.4155883789062,613.6156005859375
11,1,0.26815855503082275,left_down,0,38.483760833740234,994.4964599609375,624.8479614257812,1002.687744140625,603.6552124023438,1016.7268676757812,593.4344482421875,1008.5802001953125,615.5059814453125
12,1,0.26815855503082275,left_down,0,36.36330032348633,996.211181640625,626.2151489257812,1003.4422607421875,604.9660034179688,1015.4270629882812,595.3438110351562,1007.9954223632812,616.8292236328125
13,1,0.26815855503082275,left_down,0,34.962215423583984,997.4114990234375,627.1721801757812,1003.9703369140625,605.883544921875,1014.5172119140625,596.6803588867188,1007.5861206054688,617.7554931640625
14,1,0.26815855503082275,left_down,0,34.027523040771484,998.251708984375,627.8421020507812,1004.340087890625,606.5258178710938,1013.8803100585938,597.615966796875,1007.2996215820312,618.4039306640625
15,1,0.6128901839256287,left_down,0,29.723112106323242,1008.5709228515625,631.352294921875,1009.7384033203125,609.988037109375,1010.0465087890625,601.6658325195312,1009.3074951171875,622.454833984375
16,1,0.6128901839256287,right_down,0,30.497398376464844,1015.7943725585938,633.8094482421875,1013.5172119140625,612.41162109375,1007.3628540039062,604.500732421875,1010.7130126953125,625.2904663085938
17,1,0.6128901839256287,right_down,0,32.858734130859375,1020.8507690429688,635.5294189453125,1016.162353515625,614.108154296875,1005.4843139648438,606.4851684570312,1011.6968383789062,627.275390625
18,1,0.6128901839256287,right_down,0,35.238277435302734,1024.3902587890625,636.7333984375,1018.0140380859375,615.2957153320312,1004.1693115234375,607.874267578125,1012.3855590820312,628.6648559570312
19,1,0.6128901839256287,right_down,0,37.19199752807617,1026.867919921875,637.576171875,1019.3101806640625,616.1270141601562,1003.2488403320312,608.8466796875,1012.8676147460938,629.637451171875
20,1,0.7681518197059631,right_down,0,40.17694854736328,1030.8359375,638.6134033203125,1021.4852294921875,616.6625366210938,1003.1593017578125,609.4896850585938,1014.511962890625,630.7648315429688
21,1,0.7681518197059631,right_down,0,42.37472915649414,1033.613525390625,639.3394775390625,1023.0078125,617.037353515625,1003.0966796875,609.9398193359375,1015.6630859375,631.553955078125
22,1,0.7681518197059631,right_down,0,43.95810317993164,1035.557861328125,639.8477783203125,1024.0736083984375,617.2998046875,1003.0528564453125,610.2548828125,1016.4688720703125,632.1063842773438
23,1,0.7681518197059631,right_down,0,45.086002349853516,1036.9188232421875,640.2035522460938,1024.819580078125,617.4835205078125,1003.0220947265625,610.4754638671875,1017.0328369140625,632.4930419921875
24,1,0.7681518197059631,right_down,0,45.884342193603516,1037.8714599609375,640.45263671875,1025.341796875,617.612060546875,1003.0006103515625,610.6298828125,1017.4276123046875,632.7637329101562
25,1,0.7491563558578491,right_down,0,25.468076705932617,1006.7754516601562,634.122314453125,1005.0364990234375,614.4714965820312,997.9614868164062,610.22802734375,999.409423828125,629.8994140625
26,1,0.7491563558578491,left_down,0,21.87889289855957,985.0082397460938,629.6910400390625,990.82275390625,612.2730712890625,994.4341430664062,609.9467163085938,986.796630859375,627.8944091796875
27,1,0.7491563558578491,left_down,0,27.85907554626465,969.7711791992188,626.5891723632812,980.8731689453125,610.7342529296875,991.9649658203125,609.7498168945312,977.9676513671875,626.4909057617188
28,1,0.7491563558578491,left_down,0,34.47277069091797,959.1052856445312,624.4178466796875,973.908447265625,609.6570434570312,990.236572265625,609.6119384765625,971.787353515625,625.5084838867188
29,1,0.7491563558578491,left_down,0,39.71042251586914,951.63916015625,622.89794921875,969.033203125,608.9029541015625,989.0266723632812,609.5154418945312,967.461181640625,624.8207397460938
30,1,0.7502917647361755,left_down,0,41.323768615722656,947.340576171875,624.041748046875,965.056884765625,609.4024658203125,985.5440673828125,608.2890625,964.69580078125,624.26611328125
31,1,0.7502917647361755,left_down,0,42.50464630126953,944.33154296875,624.8424072265625,962.2734375,609.7521362304688,983.106201171875,607.4306030273438,962.760009765625,623.8778686523438
32,1,0.7502917647361755,left_down,0,43.35437774658203,942.2252197265625,625.4028930664062,960.324951171875,609.9968872070312,981.399658203125,606.8296508789062,961.405029296875,623.6060791015625
33,1,0.7502917647361755,left_down,0,43.95988464355469,940.750732421875,625.7952270507812,958.9610595703125,610.168212890625,980.205078125,606.4089965820312,960.45654296875,623.4158935546875
34,1,0.7502917647361755,left_down,0,44.388694763183594,939.7186279296875,626.06982421875,958.00634765625,610.2881469726562,979.368896484375,606.1145629882812,959.7926025390625,623.28271484375
35,1,0.7422385811805725,left_down,0,43.870941162109375,937.6102294921875,627.8021850585938,955.2626953125,611.8648071289062,975.890625,606.37158203125,956.8602294921875,623.7107543945312
36,1,0.7422385811805725,left_down,0,43.5601692199707,936.1343994140625,629.0148315429688,953.3421630859375,612.968505859375,973.455810546875,606.551513671875,954.8076171875,624.0104370117188
37,1,0.7422385811805725,left_down,0,43.368614196777344,935.101318359375,629.8637084960938,951.9977416992188,613.7410888671875,971.75146484375,606.6774291992188,953.3707275390625,624.22021484375
38,1,0.7422385811805725,left_down,0,43.24740982055664,934.378173828125,630.4579467773438,951.0567016601562,614.2818603515625,970.5584106445312,606.7655639648438,952.364990234375,624.3670043945312
39,1,0.7422385811805725,left_down,0,43.168941497802734,933.8719482421875,630.8739013671875,950.39794921875,614.660400390625,969.7232666015625,606.8272705078125,951.660888671875,624.4697875976562
40,1,0.70237135887146,left_down,0,37.60955810546875,940.9102783203125,632.6929931640625,952.1649780273438,614.1189575195312,965.443115234375,604.1865234375,951.6998901367188,623.3942260742188
41,1,0.70237135887146,left_down,0,35.724510192871094,945.837158203125,633.9663696289062,953.4019165039062,613.739990234375,962.447021484375,602.3380126953125,951.7272338867188,622.6412963867188
42,1,0.70237135887146,left_down,0,35.577693939208984,949.285888671875,634.8577270507812,954.2677612304688,613.4746704101562,960.3497314453125,601.0440673828125,951.746337890625,622.1142578125
43,1,0.70237135887146,left_down,0,36.065574645996094,951.7000732421875,635.4816284179688,954.8738403320312,613.2889404296875,958.8816528320312,600.1383056640625,951.7597045898438,621.745361328125
44,1,0.70237135887146,left_down,0,36.68672180175781,953.3900146484375,635.9183959960938,955.298095703125,613.158935546875,957.85400390625,599.5042724609375,951.7691040039062,621.4871215820312
45,1,0.7295122146606445,left_down,0,39.344024658203125,946.8251953125,636.869384765625,950.2728271484375,612.9989013671875,956.0557250976562,598.6234741210938,947.8577880859375,621.496826171875
46,1,0.7295122146606445,left_down,0,41.47776412963867,942.2298583984375,637.5350341796875,946.755126953125,612.8868408203125,954.7969360351562,598.0068969726562,945.119873046875,621.5036010742188
47,1,0.7295122146606445,left_down,0,43.085044860839844,939.01318359375,638.0009765625,944.292724609375,612.8084716796875,953.915771484375,597.5753173828125,943.203369140625,621.5083618164062
48,1,0.7295122146606445,left_down,0,44.25963592529297,936.761474609375,638.3271484375,942.5689697265625,612.7535400390625,953.2989501953125,597.273193359375,941.86181640625,621.5116577148438
49,1,0.7295122146606445,left_down,0,45.104129791259766,935.185302734375,638.5554809570312,941.3624267578125,612.715087890625,952.8671875,597.0617065429688,940.9227294921875,621.5139770507812
50,1,0.7757581472396851,left_down,0,43.80759048461914,934.1029052734375,635.998291015625,941.5469970703125,611.4033813476562,953.362060546875,596.6512451171875,941.3043212890625,621.052978515625
51,1,0.7757581472396851,left_down,0,42.975093841552734,933.34521484375,634.208251953125,941.67626953125,610.4852294921875,953.70849609375,596.3638916015625,941.5714111328125,620.7302856445312
52,1,0.7757581472396851,left_down,0,42.4314079284668,932.8148193359375,632.9552001953125,941.7667236328125,609.842529296875,953.9509887695312,596.1627197265625,941.7584228515625,620.50439453125
53,1,0.7757581472396851,left_down,0,42.07073211669922,932.4435424804688,632.078125,941.830078125,609.3926391601562,954.1207275390625,596.02197265625,941.8892822265625,620.3462524414062
54,1,0.7757581472396851,left_down,0,41.82828140258789,932.1836547851562,631.464111328125,941.8743896484375,609.0776977539062,954.2395629882812,595.9234008789062,941.98095703125,620.2355346679688
55,1,0.7445576786994934,left_down,0,39.96989059448242,931.6447143554688,628.9019165039062,942.18798828125,608.2349853515625,954.2783813476562,595.9578857421875,941.31689453125,619.4989624023438
56,1,0.7445576786994934,left_down,0,38.72465515136719,931.2674560546875,627.1083374023438,942.407470703125,607.6450805664062,954.3055419921875,595.9820556640625,940.85205078125,618.9833984375
57,1,0.7445576786994934,left_down,0,37.88307571411133,931.0033569335938,625.8528442382812,942.5611572265625,607.232177734375,954.3245239257812,595.9990234375,940.5266723632812,618.6224365234375
58,1,0.7445576786994934,left_down,0,37.30982208251953,930.8184814453125,624.9739990234375,942.668701171875,606.943115234375,954.3378295898438,596.0108642578125,940.2988891601562,618.3698120117188
59,1,0.7445576786994934,left_down,0,36.91667938232422,930.6890869140625,624.3588256835938,942.7440185546875,606.74072265625,954.34716796875,596.0191650390625,940.1394653320312,618.1929931640625
60,1,0.7408597469329834,left_down,0,34.38294219970703,932.047607421875,622.8463134765625,943.9764404296875,606.3471069335938,954.0640258789062,596.436767578125,940.851318359375,617.8233642578125
61,1,0.7408597469329834,left_down,0,32.60929489135742,932.99853515625,621.7875366210938,944.8391723632812,606.0715942382812,953.8657836914062,596.7291259765625,941.349609375,617.5646362304688
62,1,0.7408597469329834,left_down,0,31.367809295654297,933.6641845703125,621.0464477539062,945.4430541992188,605.8787231445312,953.72705078125,596.9337768554688,941.6984252929688,617.3834838867188
63,1,0.7408597469329834,left_down,0,30.49872398376465,934.1301879882812,620.5276489257812,945.8657836914062,605.7437133789062,953.6299438476562,597.0770263671875,941.942626953125,617.2567138671875
64,1,0.7408597469329834,left_down,0,29.890369415283203,934.4563598632812,620.1644897460938,946.1616821289062,605.6492309570312,953.5619506835938,597.1773071289062,942.113525390625,617.16796875
65,1,0.6484867334365845,left_down,0,26.89303970336914,937.6781005859375,620.061767578125,947.573974609375,605.9562377929688,951.9006958007812,597.2373657226562,943.7620849609375,617.4677734375
66,1,0.6484867334365845,left_down,0,25.14958953857422,939.933349609375,619.9898681640625,948.5625610351562,606.171142578125,950.7378540039062,597.2794189453125,944.9161376953125,617.6776123046875
67,1,0.6484867334365845,left_down,0,24.14346694946289,941.511962890625,619.9395141601562,949.2545776367188,606.3215942382812,949.923828125,597.308837890625,945.7239990234375,617.824462890625
68,1,0.6484867334365845,left_down,0,23.55863380432129,942.6170654296875,619.9042358398438,949.739013671875,606.4268798828125,949.35400390625,597.3294067382812,946.2894287109375,617.92724609375
69,1,0.6484867334365845,left_down,0,23.212594985961914,943.390625,619.8795776367188,950.078125,606.5006103515625,948.9551391601562,597.3438110351562,946.685302734375,617.999267578125
70,1,0.3168983459472656,left_down,0,20.237886428833008,946.2828369140625,620.4566650390625,950.9198608398438,607.2047119140625,949.2666015625,600.43994140625,948.78564453125,618.5596923828125
71,1,0.3168983459472656,left_down,0,18.29134178161621,948.307373046875,620.860595703125,951.5090942382812,607.6976318359375,949.484619140625,602.607177734375,950.2559814453125,618.9520263671875
72,1,0.3168983459472656,down,0,17.019329071044922,949.724609375,621.1433715820312,951.9215087890625,608.0426025390625,949.63720703125,604.124267578125,951.28515625,619.2266235351562
73,1,0.3168983459472656,down,0,16.184284210205078,950.7166748046875,621.34130859375,952.210205078125,608.2841186523438,949.7440185546875,605.186279296875,952.005615234375,619.4188232421875
74,1,0.3168983459472656,right_down,0,15.63148021697998,951.4111328125,621.4798583984375,952.4122924804688,608.4531860351562,949.81884765625,605.9296875,952.5098876953125,619.5534057617188
75,1,0.36861032247543335,left_down,0,22.194717407226562,940.4266357421875,623.135986328125,943.6982421875,608.5780029296875,944.3746337890625,601.2952270507812,945.252685546875,619.076416015625
76,1,0.36861032247543335,left_down,0,27.38629150390625,932.7374267578125,624.2952880859375,937.598388671875,608.6653442382812,940.563720703125,598.0510864257812,940.1726684570312,618.7425537109375
77,1,0.36861032247543335,left_down,0,31.16347885131836,927.35498046875,625.1068115234375,933.3284912109375,608.7265014648438,937.89599609375,595.7802124023438,936.6166381835938,618.5087890625
78,1,0.36861032247543335,left_down,0,33.853267669677734,923.5872802734375,625.6748657226562,930.339599609375,608.769287109375,936.028564453125,594.1906127929688,934.12744140625,618.34521484375
79,1,0.36861032247543335,left_down,0,35.75331115722656,920.949951171875,626.072509765625,928.2473754882812,608.7992553710938,934.721435546875,593.077880859375,932.385009765625,618.230712890625
80,1,0.7575320601463318,left_down,0,39.73160171508789,924.5001220703125,628.6429443359375,931.700439453125,607.0785522460938,938.1026611328125,591.3123779296875,934.5515747070312,617.8533935546875
81,1,0.7575320601463318,left_down,0,42.55842971801758,926.9852294921875,630.4422607421875,934.1175537109375,605.8740234375,940.4696044921875,590.0765380859375,936.0681762695312,617.5892333984375
82,1,0.7575320601463318,left_down,0,44.553714752197266,928.724853515625,631.7017822265625,935.8095703125,605.0308837890625,942.12646484375,589.21142578125,937.1298217773438,617.4043579101562
83,1,0.7575320601463318,left_down,0,45.95742416381836,929.9425048828125,632.5834350585938,936.9940185546875,604.440673828125,943.2862548828125,588.6058349609375,937.8729248046875,617.27490234375
84,1,0.7575320601463318,left_down,0,46.943092346191406,930.794921875,633.2006225585938,937.8231201171875,604.0275268554688,944.0980224609375,588.1819458007812,938.3931274414062,617.184326171875
85,1,0.755868673324585,left_down,0,45.07573699951172,931.002197265625,630.4996948242188,938.7079467773438,604.8265991210938,949.280029296875,589.2960205078125,941.9505615234375,616.6467895507812
86,1,0.755868673324585,left_down,0,44.25286865234375,931.147216796875,628.6090698242188,939.3273315429688,605.3859252929688,952.907470703125,590.0758666992188,944.4407958984375,616.2705078125
87,1,0.755868673324585,left_down,0,43.929229736328125,931.248779296875,627.28564453125,939.7608642578125,605.7774658203125,955.4466552734375,590.6217651367188,946.1839599609375,616.007080078125
88,1,0.755868673324585,left_down,0,43.82955551147461,931.31982421875,626.3592529296875,940.0643310546875,606.051513671875,957.2240600585938,591.00390625,947.4041748046875,615.82275390625
89,1,0.755868673324585,left_down,0,43.82245635986328,931.36962890625,625.7107543945312,940.2767944335938,606.243408203125,958.46826171875,591.2713623046875,948.25830078125,615.6937255859375
90,1,0.0,unknown,,,931.36962890625,625.7107543945312,940.2767944335938,606.243408203125,958.46826171875,591.2713623046875,948.25830078125,615.6937255859375
91,1,0.0,unknown,,,931.36962890625,625.7107543945312,940.2767944335938,606.243408203125,958.46826171875,591.2713623046875,948.25830078125,615.6937255859375
92,1,0.0,unknown,,,931.36962890625,625.7107543945312,940.2767944335938,606.243408203125,958.46826171875,591.2713623046875,948.25830078125,615.6937255859375
93,1,0.0,unknown,,,931.36962890625,625.7107543945312,940.2767944335938,606.243408203125,958.46826171875,591.2713623046875,948.25830078125,615.6937255859375
94,1,0.0,unknown,,,931.36962890625,625.7107543945312,940.2767944335938,606.243408203125,958.46826171875,591.2713623046875,948.25830078125,615.6937255859375
95,1,0.0,unknown,,,931.36962890625,625.7107543945312,940.2767944335938,606.243408203125,958.46826171875,591.2713623046875,948.25830078125,615.6937255859375
96,1,0.0,unknown,,,931.36962890625,625.7107543945312,940.2767944335938,606.243408203125,958.46826171875,591.2713623046875,948.25830078125,615.6937255859375
97,1,0.0,unknown,,,931.36962890625,625.7107543945312,940.2767944335938,606.243408203125,958.46826171875,591.2713623046875,948.25830078125,615.6937255859375
98,1,0.0,unknown,,,931.36962890625,625.7107543945312,940.2767944335938,606.243408203125,958.46826171875,591.2713623046875,948.25830078125,615.6937255859375
99,1,0.0,unknown,,,931.36962890625,625.7107543945312,940.2767944335938,606.243408203125,958.46826171875,591.2713623046875,948.25830078125,615.6937255859375
100,1,0.4012475907802582,left_down,0,28.6777400970459,944.0426025390625,609.8328247070312,950.285400390625,593.5062255859375,959.6744384765625,585.7899780273438,954.7802124023438,603.1878662109375
101,1,0.4012475907802582,left_down,0,18.40949821472168,952.9136962890625,598.71826171875,957.2913818359375,584.5901489257812,960.5186767578125,581.9530029296875,959.3455200195312,594.433837890625
102,1,0.4012475907802582,left_down,0,11.838823318481445,959.1234130859375,590.9381103515625,962.195556640625,578.348876953125,961.109619140625,579.26708984375,962.541259765625,588.3059692382812
103,1,0.4012475907802582,right_down,0,8.33553409576416,963.47021484375,585.491943359375,965.6285400390625,573.97998046875,961.5233154296875,577.386962890625,964.7782592773438,584.0164794921875
104,1,0.4012475907802582,right_down,0,7.317791938781738,966.5130615234375,581.6796875,968.0316162109375,570.9217529296875,961.8128662109375,576.0709228515625,966.3441772460938,581.0137939453125
105,1,0.0,unknown,,,966.5130615234375,581.6796875,968.0316162109375,570.9217529296875,961.8128662109375,576.0709228515625,966.3441772460938,581.0137939453125
106,1,0.0,unknown,,,966.5130615234375,581.6796875,968.0316162109375,570.9217529296875,961.8128662109375,576.0709228515625,966.3441772460938,581.0137939453125
107,1,0.0,unknown,,,966.5130615234375,581.6796875,968.0316162109375,570.9217529296875,961.8128662109375,576.0709228515625,966.3441772460938,581.0137939453125
108,1,0.0,unknown,,,966.5130615234375,581.6796875,968.0316162109375,570.9217529296875,961.8128662109375,576.0709228515625,966.3441772460938,581.0137939453125
109,1,0.0,unknown,,,966.5130615234375,581.6796875,968.0316162109375,570.9217529296875,961.8128662109375,576.0709228515625,966.3441772460938,581.0137939453125
110,1,0.7941778898239136,left_down,0,11.024707794189453,956.4094848632812,578.7149047851562,962.58935546875,566.80517578125,963.5157470703125,570.2860717773438,960.7437744140625,578.5049438476562
111,1,0.7941778898239136,left_down,0,18.56017303466797,949.3369750976562,576.6395263671875,958.77978515625,563.9235229492188,964.707763671875,566.2366943359375,956.823486328125,576.748779296875
112,1,0.7941778898239136,left_down,0,24.216726303100586,944.38623046875,575.186767578125,956.113037109375,561.9063720703125,965.5421142578125,563.402099609375,954.0792236328125,575.5194091796875
113,1,0.7941778898239136,left_down,0,28.247652053833008,940.9207153320312,574.1698608398438,954.246337890625,560.494384765625,966.126220703125,561.4179077148438,952.1583251953125,574.6588745117188
114,1,0.7941778898239136,left_down,0,31.090097427368164,938.4948120117188,573.4580078125,952.9395751953125,559.5059814453125,966.5350341796875,560.0289306640625,950.8135986328125,574.0565185546875
115,1,0.0,unknown,,,938.4948120117188,573.4580078125,952.9395751953125,559.5059814453125,966.5350341796875,560.0289306640625,950.8135986328125,574.0565185546875
116,1,0.0,unknown,,,938.4948120117188,573.4580078125,952.9395751953125,559.5059814453125,966.5350341796875,560.0289306640625,950.8135986328125,574.0565185546875
117,1,0.0,unknown,,,938.4948120117188,573.4580078125,952.9395751953125,559.5059814453125,966.5350341796875,560.0289306640625,950.8135986328125,574.0565185546875
118,1,0.0,unknown,,,938.4948120117188,573.4580078125,952.9395751953125,559.5059814453125,966.5350341796875,560.0289306640625,950.8135986328125,574.0565185546875
119,1,0.0,unknown,,,938.4948120117188,573.4580078125,952.9395751953125,559.5059814453125,966.5350341796875,560.0289306640625,950.8135986328125,574.0565185546875
120,1,0.0,unknown,,,938.4948120117188,573.4580078125,952.9395751953125,559.5059814453125,966.5350341796875,560.0289306640625,950.8135986328125,574.0565185546875
121,1,0.0,unknown,,,938.4948120117188,573.4580078125,952.9395751953125,559.5059814453125,966.5350341796875,560.0289306640625,950.8135986328125,574.0565185546875
122,1,0.0,unknown,,,938.4948120117188,573.4580078125,952.9395751953125,559.5059814453125,966.5350341796875,560.0289306640625,950.8135986328125,574.0565185546875
123,1,0.0,unknown,,,938.4948120117188,573.4580078125,952.9395751953125,559.5059814453125,966.5350341796875,560.0289306640625,950.8135986328125,574.0565185546875
124,1,0.0,unknown,,,938.4948120117188,573.4580078125,952.9395751953125,559.5059814453125,966.5350341796875,560.0289306640625,950.8135986328125,574.0565185546875
125,1,0.0,unknown,,,938.4948120117188,573.4580078125,952.9395751953125,559.5059814453125,966.5350341796875,560.0289306640625,950.8135986328125,574.0565185546875
126,1,0.0,unknown,,,938.4948120117188,573.4580078125,952.9395751953125,559.5059814453125,966.5350341796875,560.0289306640625,950.8135986328125,574.0565185546875
127,1,0.0,unknown,,,938.4948120117188,573.4580078125,952.9395751953125,559.5059814453125,966.5350341796875,560.0289306640625,950.8135986328125,574.0565185546875
128,1,0.0,unknown,,,938.4948120117188,573.4580078125,952.9395751953125,559.5059814453125,966.5350341796875,560.0289306640625,950.8135986328125,574.0565185546875
129,1,0.0,unknown,,,938.4948120117188,573.4580078125,952.9395751953125,559.5059814453125,966.5350341796875,560.0289306640625,950.8135986328125,574.0565185546875
130,1,0.5421967506408691,left_down,0,28.284954071044922,935.9176025390625,534.107421875,951.7686157226562,524.5057373046875,964.1414794921875,532.2496337890625,947.6732788085938,539.55859375
131,1,0.5421967506408691,left_up,0,29.0313663482666,934.1136474609375,506.56201171875,950.948974609375,500.00555419921875,962.4660034179688,512.8041381835938,945.4750366210938,515.4100341796875
132,1,0.5421967506408691,left_up,0,30.836048126220703,932.850830078125,487.2802429199219,950.3751831054688,482.85540771484375,961.2931518554688,499.1922607421875,943.936279296875,498.50604248046875
133,1,0.5421967506408691,left_up,0,32.630672454833984,931.966796875,473.7829895019531,949.9735717773438,470.8503112792969,960.47216796875,489.6639404296875,942.859130859375,486.67327880859375
134,1,0.5421967506408691,left_up,0,34.10625457763672,931.3480224609375,464.3349304199219,949.6924438476562,462.4467468261719,959.8974609375,482.994140625,942.1051635742188,478.39031982421875
135,1,0.4853592813014984,left_up,0,26.413211822509766,935.8319091796875,465.1228942871094,950.66796875,460.9501037597656,959.14404296875,477.54071044921875,944.299560546875,475.6382141113281
136,1,0.4853592813014984,left_up,0,21.230857849121094,938.9705810546875,465.6744689941406,951.350830078125,459.9024658203125,958.6165771484375,473.72332763671875,945.835693359375,473.71173095703125
137,1,0.4853592813014984,left_up,0,17.79388427734375,941.167724609375,466.0605773925781,951.828857421875,459.16912841796875,958.2474365234375,471.0511474609375,946.910888671875,472.3631896972656
138,1,0.4853592813014984,left_up,0,15.546741485595703,942.7056884765625,466.3308410644531,952.1634521484375,458.6557922363281,957.989013671875,469.18060302734375,947.66357421875,471.4192199707031
139,1,0.4853592813014984,left_up,0,14.090812683105469,943.7822265625,466.52001953125,952.397705078125,458.29644775390625,957.80810546875,467.8712158203125,948.1904296875,470.7584228515625
140,1,0.0,unknown,,,943.7822265625,466.52001953125,952.397705078125,458.29644775390625,957.80810546875,467.8712158203125,948.1904296875,470.7584228515625
141,1,0.0,unknown,,,943.7822265625,466.52001953125,952.397705078125,458.29644775390625,957.80810546875,467.8712158203125,948.1904296875,470.7584228515625
142,1,0.0,unknown,,,943.7822265625,466.52001953125,952.397705078125,458.29644775390625,957.80810546875,467.8712158203125,948.1904296875,470.7584228515625
143,1,0.0,unknown,,,943.7822265625,466.52001953125,952.397705078125,458.29644775390625,957.80810546875,467.8712158203125,948.1904296875,470.7584228515625
144,1,0.0,unknown,,,943.7822265625,466.52001953125,952.397705078125,458.29644775390625,957.80810546875,467.8712158203125,948.1904296875,470.7584228515625
145,1,0.0,unknown,,,943.7822265625,466.52001953125,952.397705078125,458.29644775390625,957.80810546875,467.8712158203125,948.1904296875,470.7584228515625
146,1,0.0,unknown,,,943.7822265625,466.52001953125,952.397705078125,458.29644775390625,957.80810546875,467.8712158203125,948.1904296875,470.7584228515625
147,1,0.0,unknown,,,943.7822265625,466.52001953125,952.397705078125,458.29644775390625,957.80810546875,467.8712158203125,948.1904296875,470.7584228515625
148,1,0.0,unknown,,,943.7822265625,466.52001953125,952.397705078125,458.29644775390625,957.80810546875,467.8712158203125,948.1904296875,470.7584228515625
149,1,0.0,unknown,,,943.7822265625,466.52001953125,952.397705078125,458.29644775390625,957.80810546875,467.8712158203125,948.1904296875,470.7584228515625
150,1,0.7359286546707153,right_down,0,8.442607879638672,958.1627197265625,475.9717712402344,957.2339477539062,464.7423400878906,951.0814208984375,471.3747253417969,953.2685546875,479.193359375
151,1,0.7359286546707153,right_down,0,23.546785354614258,968.2291259765625,482.5880126953125,960.6193237304688,469.2544860839844,946.372802734375,473.8271789550781,956.8232421875,485.0978088378906
152,1,0.7359286546707153,right_down,0,34.250308990478516,975.275634765625,487.2193908691406,962.9890747070312,472.4129943847656,943.0767822265625,475.54388427734375,959.3115234375,489.2309265136719
153,1,0.7359286546707153,right_down,0,41.75553894042969,980.2081298828125,490.4613342285156,964.6478881835938,474.6239318847656,940.76953125,476.7455749511719,961.0533447265625,492.1241149902344
154,1,0.7359286546707153,right_down,0,47.012393951416016,983.660888671875,492.730712890625,965.80908203125,476.1716003417969,939.1544189453125,477.5867614746094,962.2725830078125,494.14935302734375
155,1,0.3557499349117279,right_down,0,45.24510192871094,965.844482421875,495.9264831542969,943.8981323242188,484.428955078125,920.693603515625,493.008056640625,943.6279296875,500.4168701171875
156,1,0.3557499349117279,right_up,0,45.949310302734375,953.3729248046875,498.16351318359375,928.5604858398438,490.2091064453125,907.77099609375,503.8029479980469,930.57666015625,504.80413818359375
157,1,0.3557499349117279,right_up,0,47.36751937866211,944.642822265625,499.72943115234375,917.8240966796875,494.25518798828125,898.7252197265625,511.359375,921.4407958984375,507.8752136230469
158,1,0.3557499349117279,right_up,0,48.776466369628906,938.53173828125,500.8255920410156,910.3086547851562,497.08746337890625,892.3931884765625,516.64892578125,915.045654296875,510.02496337890625
159,1,0.3557499349117279,right_up,0,49.94957733154297,934.2540283203125,501.5928955078125,905.0478515625,499.070068359375,887.960693359375,520.3515625,910.569091796875,511.52978515625
160,1,0.4718848466873169,right_up,0,31.323171615600586,916.956787109375,513.170166015625,897.7864990234375,508.830810546875,887.7720947265625,524.5453491210938,902.318603515625,521.281494140625
161,1,0.4718848466873169,right_up,0,18.2938289642334,904.8487548828125,521.2742919921875,892.70361328125,515.663330078125,887.6400146484375,527.4810180664062,896.543212890625,528.107666015625
162,1,0.4718848466873169,right_up,0,9.197298049926758,896.373046875,526.9471435546875,889.1455078125,520.4461059570312,887.547607421875,529.5359497070312,892.50048828125,532.885986328125
163,1,0.4718848466873169,right,0,2.9576876163482666,890.4400634765625,530.918212890625,886.6549072265625,523.7940673828125,887.48291015625,530.9744262695312,889.6705322265625,536.2308349609375
164,1,0.4718848466873169,left_down,0,2.0664713382720947,886.2869873046875,533.6978759765625,884.9114990234375,526.1376342773438,887.4376220703125,531.9813842773438,887.6895751953125,538.572265625
165,1,0.6812771558761597,left_down,0,4.193775653839111,886.7049560546875,533.541259765625,888.3463134765625,525.962158203125,890.2733154296875,531.3379516601562,889.329833984375,538.186279296875
166,1,0.6812771558761597,left_down,0,5.843628883361816,886.99755859375,533.431640625,890.7506103515625,525.8392944335938,892.25830078125,530.8875122070312,890.47802734375,537.9160766601562
167,1,0.6812771558761597,left_down,0,7.020479202270508,887.202392578125,533.3549194335938,892.43359375,525.7532958984375,893.6478271484375,530.5722045898438,891.28173828125,537.7269287109375
168,1,0.6812771558761597,left_down,0,7.849954605102539,887.3458251953125,533.30126953125,893.6116943359375,525.693115234375,894.6204833984375,530.3515014648438,891.8443603515625,537.5945434570312
169,1,0.6812771558761597,left_down,0,8.4324951171875,887.4461669921875,533.263671875,894.4364013671875,525.6510009765625,895.30126953125,530.197021484375,892.2381591796875,537.5018310546875
170,1,0.6037832498550415,left,0,1.689093828201294,896.3843383789062,530.5897216796875,899.1619873046875,522.9418334960938,898.006591796875,530.1192626953125,897.4971923828125,535.3489990234375
171,1,0.6037832498550415,right_up,0,3.053866147994995,902.64111328125,528.7178955078125,902.4698486328125,521.04541015625,899.9003295898438,530.0648193359375,901.1785278320312,533.842041015625
172,1,0.6037832498550415,right_up,0,6.359269618988037,907.0208129882812,527.4075927734375,904.785400390625,519.7178955078125,901.2259521484375,530.0267333984375,903.7554321289062,532.7871704101562
173,1,0.6037832498550415,right_up,0,8.674442291259766,910.0866088867188,526.4904174804688,906.40625,518.7886962890625,902.1538696289062,530.0000610351562,905.5592651367188,532.0487670898438
174,1,0.6037832498550415,right_up,0,10.295270919799805,912.232666015625,525.848388671875,907.5408935546875,518.13818359375,902.8034057617188,529.9813842773438,906.8219604492188,531.5318603515625
175,1,0.2612863779067993,right_up,0,17.099267959594727,926.85205078125,521.838623046875,918.8919677734375,514.595947265625,911.0972900390625,528.48486328125,918.5951538085938,527.96435546875
176,1,0.2612863779067993,right_up,0,21.86297607421875,937.0855712890625,519.0317993164062,926.8377075195312,512.1163940429688,916.9029541015625,527.437255859375,926.8363647460938,525.4671020507812
177,1,0.2612863779067993,right_up,0,25.19776725769043,944.2490234375,517.0670166015625,932.3997192382812,510.3807373046875,920.9669189453125,526.7039794921875,932.605224609375,523.718994140625
178,1,0.2612863779067993,right_up,0,27.532211303710938,949.263427734375,515.691650390625,936.2931518554688,509.165771484375,923.8116455078125,526.190673828125,936.6434326171875,522.495361328125
179,1,0.2612863779067993,right_up,0,29.166349411010742,952.7735595703125,514.7289428710938,939.0185546875,508.3153076171875,925.802978515625,525.8313598632812,939.4701538085938,521.6387939453125
180,1,0.0,unknown,,,952.7735595703125,514.7289428710938,939.0185546875,508.3153076171875,925.802978515625,525.8313598632812,939.4701538085938,521.6387939453125
181,1,0.0,unknown,,,952.7735595703125,514.7289428710938,939.0185546875,508.3153076171875,925.802978515625,525.8313598632812,939.4701538085938,521.6387939453125
182,1,0.0,unknown,,,952.7735595703125,514.7289428710938,939.0185546875,508.3153076171875,925.802978515625,525.8313598632812,939.4701538085938,521.6387939453125
183,1,0.0,unknown,,,952.7735595703125,514.7289428710938,939.0185546875,508.3153076171875,925.802978515625,525.8313598632812,939.4701538085938,521.6387939453125
184,1,0.0,unknown,,,952.7735595703125,514.7289428710938,939.0185546875,508.3153076171875,925.802978515625,525.8313598632812,939.4701538085938,521.6387939453125
185,1,0.620705783367157,right,0,25.223886489868164,956.142333984375,532.2192993164062,944.7921752929688,522.3662109375,930.9185791015625,532.3009643554688,943.81494140625,535.420654296875
186,1,0.620705783367157,right_down,0,25.18546485900879,958.50048828125,544.4625244140625,948.8336791992188,532.2018432617188,934.49951171875,536.8296508789062,946.8563232421875,545.0679321289062
187,1,0.620705783367157,right_down,0,26.562196731567383,960.1511840820312,553.0328369140625,951.6627807617188,539.0867919921875,937.0062255859375,539.999755859375,948.9852294921875,551.821044921875
188,1,0.620705783367157,right_down,0,28.124713897705078,961.3067016601562,559.0320434570312,953.6431274414062,543.90625,938.7608642578125,542.2188110351562,950.4754638671875,556.5482177734375
189,1,0.620705783367157,right_down,0,29.465940475463867,962.1155395507812,563.2314453125,955.0293579101562,547.2798461914062,939.9891357421875,543.7721557617188,951.5186767578125,559.8572387695312
190,1,0.7240113019943237,right_down,0,28.083187103271484,968.556396484375,559.4002075195312,959.8548583984375,545.775146484375,943.7158813476562,546.300048828125,956.548828125,558.0631103515625
191,1,0.7240113019943237,right_down,0,28.104185104370117,973.06494140625,556.7183837890625,963.232666015625,544.7218627929688,946.3246459960938,548.069580078125,960.0699462890625,556.8071899414062
192,1,0.7240113019943237,right_down,0,28.610275268554688,976.220947265625,554.841064453125,965.59716796875,543.9845581054688,948.1507568359375,549.3082275390625,962.5347900390625,555.9280395507812
193,1,0.7240113019943237,right_down,0,29.194194793701172,978.43017578125,553.5269775390625,967.2523193359375,543.4684448242188,949.4290161132812,550.17529296875,964.2601318359375,555.3126220703125
194,1,0.7240113019943237,right_down,0,29.708871841430664,979.9765625,552.6071166992188,968.410888671875,543.107177734375,950.3237915039062,550.7822265625,965.4678955078125,554.8818359375
195,1,0.0,unknown,,,979.9765625,552.6071166992188,968.410888671875,543.107177734375,950.3237915039062,550.7822265625,965.4678955078125,554.8818359375
196,1,0.0,unknown,,,979.9765625,552.6071166992188,968.410888671875,543.107177734375,950.3237915039062,550.7822265625,965.4678955078125,554.8818359375
197,1,0.0,unknown,,,979.9765625,552.6071166992188,968.410888671875,543.107177734375,950.3237915039062,550.7822265625,965.4678955078125,554.8818359375
198,1,0.0,unknown,,,979.9765625,552.6071166992188,968.410888671875,543.107177734375,950.3237915039062,550.7822265625,965.4678955078125,554.8818359375
199,1,0.0,unknown,,,979.9765625,552.6071166992188,968.410888671875,543.107177734375,950.3237915039062,550.7822265625,965.4678955078125,554.8818359375
200,1,0.8065861463546753,right_down,0,15.868766784667969,966.2813720703125,559.8580932617188,960.894287109375,548.396728515625,952.592529296875,551.8310546875,959.4107666015625,559.2451171875
201,1,0.8065861463546753,right_down,0,12.621399879455566,956.6947631835938,564.9337768554688,955.6326904296875,552.099365234375,954.1806640625,552.5653076171875,955.1707763671875,562.2994384765625
202,1,0.8065861463546753,left_down,0,16.296297073364258,949.984130859375,568.4867553710938,951.9495849609375,554.6912231445312,955.2923583984375,553.0792236328125,952.2027587890625,564.4374389648438
203,1,0.8065861463546753,left_down,0,20.58550262451172,945.2866821289062,570.9738159179688,949.371337890625,556.5054931640625,956.070556640625,553.43896484375,950.1251220703125,565.93408203125
204,1,0.8065861463546753,left_down,0,23.99090576171875,941.9984741210938,572.7147827148438,947.566650390625,557.7755126953125,956.6152954101562,553.6907958984375,948.6707763671875,566.981689453125
205,1,0.42895060777664185,left_down,0,21.071290969848633,945.9236450195312,575.3065795898438,950.556396484375,560.2888793945312,955.1911010742188,556.3826904296875,949.86669921875,569.5048828125
206,1,0.42895060777664185,left_down,0,19.64616584777832,948.6712646484375,577.120849609375,952.6492919921875,562.0482177734375,954.1942138671875,558.2669677734375,950.703857421875,571.2711181640625
207,1,0.42895060777664185,left_down,0,19.027433395385742,950.5946044921875,578.390869140625,954.1142578125,563.27978515625,953.496337890625,559.5859985351562,951.289794921875,572.5074462890625
208,1,0.42895060777664185,left_down,0,18.80080795288086,951.94091796875,579.2798461914062,955.1397705078125,564.141845703125,953.0078735351562,560.5093383789062,951.699951171875,573.3729248046875
209,1,0.42895060777664185,down,0,18.74772071838379,952.8833618164062,579.902099609375,955.857666015625,564.7453002929688,952.6659545898438,561.1556396484375,951.987060546875,573.978759765625
210,1,0.0,unknown,,,952.8833618164062,579.902099609375,955.857666015625,564.7453002929688,952.6659545898438,561.1556396484375,951.987060546875,573.978759765625
211,1,0.0,unknown,,,952.8833618164062,579.902099609375,955.857666015625,564.7453002929688,952.6659545898438,561.1556396484375,951.987060546875,573.978759765625
212,1,0.0,unknown,,,952.8833618164062,579.902099609375,955.857666015625,564.7453002929688,952.6659545898438,561.1556396484375,951.987060546875,573.978759765625
213,1,0.0,unknown,,,952.8833618164062,579.902099609375,955.857666015625,564.7453002929688,952.6659545898438,561.1556396484375,951.987060546875,573.978759765625
214,1,0.0,unknown,,,952.8833618164062,579.902099609375,955.857666015625,564.7453002929688,952.6659545898438,561.1556396484375,951.987060546875,573.978759765625
215,1,0.523897647857666,left_down,0,5.878523826599121,952.0994873046875,540.6539306640625,956.7987060546875,531.6453857421875,957.226318359375,537.7777099609375,952.4232177734375,541.6181640625
216,1,0.523897647857666,left_up,0,12.100443840026855,951.5507202148438,513.1802368164062,957.4573974609375,508.47540283203125,960.4185791015625,521.4132080078125,952.728515625,518.9657592773438
217,1,0.523897647857666,left_up,0,19.70380210876465,951.1666259765625,493.94866943359375,957.91845703125,492.25640869140625,962.6531372070312,509.9580383300781,952.9422607421875,503.10906982421875
218,1,0.523897647857666,left_up,0,25.251455307006836,950.8977661132812,480.486572265625,958.2412109375,480.90313720703125,964.2173461914062,501.9394226074219,953.091796875,492.00933837890625
219,1,0.523897647857666,left_up,0,29.1800594329834,950.7095336914062,471.0631103515625,958.4671630859375,472.95587158203125,965.3123168945312,496.326416015625,953.196533203125,484.23956298828125
220,1,0.0,unknown,,,950.7095336914062,471.0631103515625,958.4671630859375,472.95587158203125,965.3123168945312,496.326416015625,953.196533203125,484.23956298828125
221,1,0.0,unknown,,,950.7095336914062,471.0631103515625,958.4671630859375,472.95587158203125,965.3123168945312,496.326416015625,953.196533203125,484.23956298828125
222,1,0.0,unknown,,,950.7095336914062,471.0631103515625,958.4671630859375,472.95587158203125,965.3123168945312,496.326416015625,953.196533203125,484.23956298828125
223,1,0.0,unknown,,,950.7095336914062,471.0631103515625,958.4671630859375,472.95587158203125,965.3123168945312,496.326416015625,953.196533203125,484.23956298828125
224,1,0.0,unknown,,,950.7095336914062,471.0631103515625,958.4671630859375,472.95587158203125,965.3123168945312,496.326416015625,953.196533203125,484.23956298828125
225,1,0.0,unknown,,,950.7095336914062,471.0631103515625,958.4671630859375,472.95587158203125,965.3123168945312,496.326416015625,953.196533203125,484.23956298828125
226,1,0.0,unknown,,,950.7095336914062,471.0631103515625,958.4671630859375,472.95587158203125,965.3123168945312,496.326416015625,953.196533203125,484.23956298828125
227,1,0.0,unknown,,,950.7095336914062,471.0631103515625,958.4671630859375,472.95587158203125,965.3123168945312,496.326416015625,953.196533203125,484.23956298828125
228,1,0.0,unknown,,,950.7095336914062,471.0631103515625,958.4671630859375,472.95587158203125,965.3123168945312,496.326416015625,953.196533203125,484.23956298828125
229,1,0.0,unknown,,,950.7095336914062,471.0631103515625,958.4671630859375,472.95587158203125,965.3123168945312,496.326416015625,953.196533203125,484.23956298828125
230,1,0.0,unknown,,,950.7095336914062,471.0631103515625,958.4671630859375,472.95587158203125,965.3123168945312,496.326416015625,953.196533203125,484.23956298828125
231,1,0.0,unknown,,,950.7095336914062,471.0631103515625,958.4671630859375,472.95587158203125,965.3123168945312,496.326416015625,953.196533203125,484.23956298828125
232,1,0.0,unknown,,,950.7095336914062,471.0631103515625,958.4671630859375,472.95587158203125,965.3123168945312,496.326416015625,953.196533203125,484.23956298828125
233,1,0.0,unknown,,,950.7095336914062,471.0631103515625,958.4671630859375,472.95587158203125,965.3123168945312,496.326416015625,953.196533203125,484.23956298828125
234,1,0.0,unknown,,,950.7095336914062,471.0631103515625,958.4671630859375,472.95587158203125,965.3123168945312,496.326416015625,953.196533203125,484.23956298828125
235,1,0.0,unknown,,,950.7095336914062,471.0631103515625,958.4671630859375,472.95587158203125,965.3123168945312,496.326416015625,953.196533203125,484.23956298828125
236,1,0.0,unknown,,,950.7095336914062,471.0631103515625,958.4671630859375,472.95587158203125,965.3123168945312,496.326416015625,953.196533203125,484.23956298828125
237,1,0.0,unknown,,,950.7095336914062,471.0631103515625,958.4671630859375,472.95587158203125,965.3123168945312,496.326416015625,953.196533203125,484.23956298828125
238,1,0.0,unknown,,,950.7095336914062,471.0631103515625,958.4671630859375,472.95587158203125,965.3123168945312,496.326416015625,953.196533203125,484.23956298828125
239,1,0.0,unknown,,,950.7095336914062,471.0631103515625,958.4671630859375,472.95587158203125,965.3123168945312,496.326416015625,953.196533203125,484.23956298828125
240,1,0.5697508454322815,left_up,0,34.0132942199707,960.77587890625,388.4398193359375,966.8304443359375,392.5810546875,976.2510986328125,418.7287902832031,961.8712158203125,403.1906433105469
241,1,0.5697508454322815,left_up,0,37.43878936767578,967.8223266601562,330.603515625,972.684814453125,336.3186950683594,983.908203125,364.4104309082031,967.9434814453125,346.4564208984375
242,1,0.5697508454322815,left_up,0,39.85177230834961,972.7548828125,290.11810302734375,976.7828369140625,296.9350280761719,989.2681884765625,326.3875732421875,972.194091796875,306.742431640625
243,1,0.5697508454322815,left_up,0,41.5469856262207,976.2076416015625,261.7783203125,979.6514892578125,269.3664855957031,993.0202026367188,299.7716064453125,975.16943359375,278.9426574707031
244,1,0.5697508454322815,left_up,0,42.7362060546875,978.6245727539062,241.94049072265625,981.6595458984375,250.0684814453125,995.6466064453125,281.1404113769531,977.252197265625,259.4828186035156
245,1,0.35596486926078796,left_up,0,44.777565002441406,969.4166259765625,224.4291229248047,978.249267578125,231.54685974121094,994.2879028320312,261.6641845703125,972.809814453125,242.11679077148438
246,1,0.35596486926078796,left_up,0,46.9892692565918,962.9710693359375,212.17117309570312,975.862060546875,218.58172607421875,993.3367919921875,248.03082275390625,969.7001953125,229.9605712890625
247,1,0.35596486926078796,left_up,0,48.869632720947266,958.4591674804688,203.59060668945312,974.1910400390625,209.50613403320312,992.6710205078125,238.48745727539062,967.5234375,221.45120239257812
248,1,0.35596486926078796,left_up,0,50.330116271972656,955.3008422851562,197.58421325683594,973.0213623046875,203.15322875976562,992.2049560546875,231.80711364746094,965.999755859375,215.49465942382812
249,1,0.35596486926078796,left_up,0,51.41695022583008,953.0900268554688,193.37973022460938,972.2025146484375,198.70619201660156,991.8787231445312,227.13087463378906,964.93310546875,211.3250732421875
250,1,0.4388156831264496,left_up,0,40.18648147583008,947.0601806640625,197.350341796875,963.9158325195312,198.36883544921875,980.5592041015625,219.54873657226562,958.22705078125,210.63551330566406
251,1,0.4388156831264496,left_up,0,32.96888732910156,942.8392944335938,200.1297607421875,958.1151733398438,198.1326904296875,972.635498046875,214.24124145507812,953.53271484375,210.15281677246094
252,1,0.4388156831264496,left_up,0,28.486541748046875,939.8846435546875,202.0753631591797,954.0546875,197.96739196777344,967.0888671875,210.5260009765625,950.2467041015625,209.81492614746094
253,1,0.4388156831264496,left_up,0,25.783504486083984,937.81640625,203.43728637695312,951.2123413085938,197.8516845703125,963.206298828125,207.92532348632812,947.946533203125,209.5784149169922
254,1,0.4388156831264496,left_up,0,24.180591583251953,936.36865234375,204.390625,949.2227172851562,197.7706756591797,960.4884033203125,206.1048583984375,946.33642578125,209.41285705566406
255,1,0.5487445592880249,left_up,0,24.270856857299805,932.6795654296875,202.36532592773438,944.8677978515625,195.32479858398438,956.9269409179688,203.43270874023438,942.4974365234375,207.04754638671875
256,1,0.5487445592880249,left,0,24.34455108642578,930.09716796875,200.9476318359375,941.8193359375,193.61268615722656,954.4339599609375,201.5622100830078,939.81005859375,205.39181518554688
257,1,0.5487445592880249,left,0,24.401168823242188,928.2894897460938,199.95523071289062,939.6854248046875,192.41421508789062,952.6888427734375,200.25286865234375,937.928955078125,204.23281860351562
258,1,0.5487445592880249,left,0,24.443294525146484,927.0241088867188,199.26055908203125,938.191650390625,191.5752716064453,951.46728515625,199.33631896972656,936.6121826171875,203.4215087890625
259,1,0.5487445592880249,left,0,24.47394561767578,926.1383666992188,198.7742919921875,937.14599609375,190.98802185058594,950.6121826171875,198.69473266601562,935.6904296875,202.85360717773438
260,1,0.8031891584396362,left_down,0,21.68903923034668,929.4990844726562,200.0712127685547,937.2886962890625,188.5207977294922,950.287353515625,193.88555908203125,937.9249267578125,200.7149200439453
261,1,0.8031891584396362,left_down,0,20.998929977416992,931.8515625,200.97906494140625,937.3885498046875,186.79373168945312,950.0599365234375,190.51913452148438,939.4890747070312,199.21783447265625
262,1,0.8031891584396362,left_down,0,21.213096618652344,933.498291015625,201.61456298828125,937.45849609375,185.5847930908203,949.9007568359375,188.16262817382812,940.583984375,198.1698760986328
263,1,0.8031891584396362,left_down,0,21.699260711669922,934.6510009765625,202.0594024658203,937.5074462890625,184.738525390625,949.7893676757812,186.51309204101562,941.3504028320312,197.43630981445312
264,1,0.8031891584396362,left_down,0,22.194211959838867,935.4578857421875,202.37078857421875,937.5416870117188,184.14614868164062,949.7113647460938,185.3583984375,941.8869018554688,196.9228057861328
265,1,0.7733357548713684,left_down,0,22.580936431884766,932.3963012695312,199.4634246826172,935.636962890625,184.80397033691406,946.6263427734375,181.9304656982422,941.10205078125,195.69354248046875
266,1,0.7733357548713684,left_down,0,22.854772567749023,930.2532348632812,197.4282684326172,934.3035888671875,185.2644500732422,944.466796875,179.53091430664062,940.552734375,194.8330535888672
267,1,0.7733357548713684,left_down,0,23.04796028137207,928.7530517578125,196.003662109375,933.3702392578125,185.5867919921875,942.955078125,177.85122680664062,940.168212890625,194.230712890625
268,1,0.7733357548713684,left_down,0,23.183881759643555,927.7029418945312,195.00643920898438,932.7169189453125,185.8124237060547,941.8968505859375,176.67544555664062,939.8990478515625,193.80908203125
269,1,0.7733357548713684,left_down,0,23.279407501220703,926.9678344726562,194.30838012695312,932.2596435546875,185.97036743164062,941.1561279296875,175.85240173339844,939.7105712890625,193.51393127441406
270,1,0.8316124677658081,right_down,0,10.84033489227295,937.9613647460938,185.93064880371094,935.5294799804688,178.52459716796875,936.3230590820312,175.21482849121094,941.871826171875,187.6006317138672
271,1,0.8316124677658081,right_down,0,13.776220321655273,945.6567993164062,180.0662384033203,937.818359375,173.3125457763672,932.93994140625,174.76852416992188,943.384765625,183.46131896972656
272,1,0.8316124677658081,right_down,0,20.527170181274414,951.0436401367188,175.9611358642578,939.4205932617188,169.6641082763672,930.5717163085938,174.45611572265625,944.44384765625,180.56381225585938
273,1,0.8316124677658081,right_up,0,25.925901412963867,954.8143920898438,173.0875701904297,940.5421752929688,167.11021423339844,928.9140014648438,174.2374267578125,945.1851806640625,178.53555297851562
274,1,0.8316124677658081,right_up,0,29.852277755737305,957.4539184570312,171.07608032226562,941.3272705078125,165.32247924804688,927.7536010742188,174.0843505859375,945.7041015625,177.1157684326172
275,1,0.8358149528503418,right_up,0,35.95168685913086,959.8319091796875,170.6143798828125,941.919677734375,163.9049530029297,923.9757080078125,173.23289489746094,945.220703125,177.55348205566406
276,1,0.8358149528503418,right_up,0,40.23377990722656,961.4965209960938,170.29119873046875,942.3343505859375,162.91268920898438,921.3311767578125,172.63687133789062,944.88232421875,177.85987854003906
277,1,0.8358149528503418,right_up,0,43.2353630065918,962.6617431640625,170.06497192382812,942.6246337890625,162.21810913085938,919.4801025390625,172.2196502685547,944.6455078125,178.07435607910156
278,1,0.8358149528503418,right_up,0,45.338157653808594,963.4774169921875,169.9066162109375,942.8278198242188,161.73190307617188,918.184326171875,171.92759704589844,944.479736328125,178.2244873046875
279,1,0.8358149528503418,right_up,0,46.810874938964844,964.0484008789062,169.79576110839844,942.9700927734375,161.3915557861328,917.2772216796875,171.72315979003906,944.3636474609375,178.32958984375
280,1,0.7703326940536499,right,0,42.215492248535156,966.4031982421875,171.33758544921875,948.2877197265625,162.9691925048828,924.189697265625,171.74758911132812,948.3405151367188,178.2233428955078
281,1,0.7703326940536499,right,0,39.02864456176758,968.0516357421875,172.4168701171875,952.0101318359375,164.0735321044922,929.0284423828125,171.7646942138672,951.1243286132812,178.1489715576172
282,1,0.7703326940536499,right_down,0,36.816383361816406,969.2054443359375,173.17236328125,954.6158447265625,164.84657287597656,932.41552734375,171.77667236328125,953.072998046875,178.09690856933594
283,1,0.7703326940536499,right_down,0,35.27875900268555,970.01318359375,173.70120239257812,956.4398193359375,165.3876953125,934.7864990234375,171.78504943847656,954.43701171875,178.0604705810547
284,1,0.7703326940536499,right_down,0,34.20854187011719,970.57861328125,174.07139587402344,957.716552734375,165.7664794921875,936.4461669921875,171.79092407226562,955.391845703125,178.0349578857422
285,1,0.8055770993232727,right,0,34.83950424194336,978.083984375,171.31631469726562,964.6463623046875,163.59617614746094,943.2575073242188,170.36366271972656,963.3487548828125,176.39593505859375
286,1,0.8055770993232727,right,0,35.31226348876953,983.3377075195312,169.38775634765625,969.4971923828125,162.07696533203125,948.0254516601562,169.3645782470703,968.9185791015625,175.24862670898438
287,1,0.8055770993232727,right,0,35.65786361694336,987.0153198242188,168.0377655029297,972.892822265625,161.01351928710938,951.3629760742188,168.66522216796875,972.8175048828125,174.4455108642578
288,1,0.8055770993232727,right_up,0,35.906715393066406,989.5896606445312,167.0927734375,975.269775390625,160.26910400390625,953.6992797851562,168.17567443847656,975.5467529296875,173.88333129882812
289,1,0.8055770993232727,right_up,0,36.08430099487305,991.3917236328125,166.43128967285156,976.93359375,159.74801635742188,955.3346557617188,167.83299255371094,977.4571533203125,173.48980712890625
290,1,0.795003354549408,right_down,0,28.804855346679688,991.7972412109375,166.47032165527344,980.482177734375,159.6385040283203,963.1165161132812,163.79904174804688,982.22509765625,172.38522338867188
291,1,0.795003354549408,right_down,0,24.15690040588379,992.0810546875,166.49765014648438,982.9661865234375,159.5618438720703,968.5638427734375,160.97528076171875,985.562744140625,171.6120147705078
292,1,0.795003354549408,right_down,0,21.27545928955078,992.27978515625,166.51678466796875,984.7049560546875,159.50819396972656,972.376953125,158.99864196777344,987.8990478515625,171.07077026367188
293,1,0.795003354549408,right_down,0,19.52665138244629,992.4188232421875,166.53016662597656,985.922119140625,159.4706268310547,975.046142578125,157.61500549316406,989.534423828125,170.69189453125
294,1,0.795003354549408,right_down,0,18.47391700744629,992.5162353515625,166.53953552246094,986.774169921875,159.4443359375,976.91455078125,156.64645385742188,990.67919921875,170.4266815185547
295,1,0.8232406973838806,right_down,0,27.43929100036621,1009.23193359375,154.13302612304688,997.2775268554688,147.4835968017578,982.1524658203125,149.7039031982422,1001.0840454101562,160.1082305908203
296,1,0.8232406973838806,right,0,35.11896896362305,1020.932861328125,145.448486328125,1004.6298828125,139.111083984375,985.819091796875,144.8441162109375,1008.3674926757812,152.88531494140625
297,1,0.8232406973838806,right_up,0,40.79050064086914,1029.12353515625,139.36929321289062,1009.7765502929688,133.2503204345703,988.3857421875,141.4422607421875,1013.4658813476562,147.8292694091797
298,1,0.8232406973838806,right_up,0,44.84870910644531,1034.8570556640625,135.11386108398438,1013.3792114257812,129.14779663085938,990.182373046875,139.0609588623047,1017.0347290039062,144.2900390625
299,1,0.8232406973838806,right_up,0,47.7212028503418,1038.8704833984375,132.13507080078125,1015.9010620117188,126.27603149414062,991.43994140625,137.39404296875,1019.532958984375,141.8125762939453
300,1,0.0,unknown,,,1038.8704833984375,132.13507080078125,1015.9010620117188,126.27603149414062,991.43994140625,137.39404296875,1019.532958984375,141.8125762939453
301,1,0.0,unknown,,,1038.8704833984375,132.13507080078125,1015.9010620117188,126.27603149414062,991.43994140625,137.39404296875,1019.532958984375,141.8125762939453
302,1,0.8070749640464783,right_up,0,47.84698486328125,1042.9993896484375,129.79718017578125,1020.161376953125,124.52975463867188,995.7683715820312,137.449951171875,1024.0166015625,140.37294006347656
303,1,0.8070749640464783,right_up,0,48.00629806518555,1045.8895263671875,128.16067504882812,1023.1436157226562,123.30736541748047,998.7982788085938,137.48907470703125,1027.1551513671875,139.36520385742188
304,1,0.8070749640464783,right_up,0,48.15251159667969,1047.9127197265625,127.0151138305664,1025.231201171875,122.45169067382812,1000.9192504882812,137.51646423339844,1029.3521728515625,138.6597900390625
305,1,0.7819904685020447,right_up,0,47.53684997558594,1052.2401123046875,124.94450378417969,1030.135009765625,120.38163757324219,1006.29150390625,137.129638671875,1034.305908203125,137.2359619140625
306,1,0.7819904685020447,right_up,0,47.150753021240234,1055.269287109375,123.49508666992188,1033.5677490234375,118.93260192871094,1010.052001953125,136.85887145996094,1037.7734375,136.23927307128906
307,1,0.7819904685020447,right_up,0,46.90298080444336,1057.3896484375,122.48048400878906,1035.970703125,117.91828155517578,1012.684326171875,136.66934204101562,1040.2008056640625,135.54159545898438
308,1,0.7819904685020447,right_up,0,46.7407341003418,1058.8739013671875,121.770263671875,1037.6527099609375,117.208251953125,1014.5269775390625,136.5366668701172,1041.89990234375,135.05322265625
309,1,0.7819904685020447,right_up,0,46.63274002075195,1059.9129638671875,121.27311706542969,1038.830078125,116.71123504638672,1015.81689453125,136.44378662109375,1043.0892333984375,134.71136474609375
310,1,0.7187235951423645,right_up,0,44.21457290649414,1058.341064453125,119.6072998046875,1040.2615966796875,118.39738464355469,1019.086669921875,139.95480346679688,1044.83447265625,135.07171630859375
311,1,0.7187235951423645,right_up,0,43.13859176635742,1057.24072265625,118.44122314453125,1041.263671875,119.57768249511719,1021.37548828125,142.4125213623047,1046.05615234375,135.323974609375
312,1,0.7187235951423645,right_up,0,42.71345138549805,1056.470458984375,117.62496948242188,1041.965087890625,120.40390014648438,1022.9776611328125,144.13291931152344,1046.911376953125,135.50054931640625
313,1,0.7187235951423645,right_up,0,42.582157135009766,1055.9312744140625,117.05360412597656,1042.4560546875,120.98225402832031,1024.0992431640625,145.3372039794922,1047.510009765625,135.6241455078125
314,1,0.7187235951423645,right_up,0,42.57274627685547,1055.5538330078125,116.65364074707031,1042.7998046875,121.38710021972656,1024.88427734375,146.18019104003906,1047.9290771484375,135.71066284179688
315,1,0.758984386920929,right_up,0,41.769107818603516,1054.11279296875,115.86810302734375,1042.77294921875,121.64698791503906,1026.357666015625,147.08206176757812,1047.5595703125,135.51654052734375
316,1,0.758984386920929,right_up,0,41.36081314086914,1053.1041259765625,115.31822967529297,1042.754150390625,121.82891845703125,1027.388916015625,147.71336364746094,1047.3009033203125,135.3806610107422
317,1,0.758984386920929,right_up,0,41.15290832519531,1052.39794921875,114.93331909179688,1042.740966796875,121.95626831054688,1028.11083984375,148.1552734375,1047.1197509765625,135.28555297851562
318,1,0.758984386920929,right_up,0,41.04625701904297,1051.9036865234375,114.66387939453125,1042.731689453125,122.04541015625,1028.6162109375,148.464599609375,1046.9930419921875,135.21896362304688
319,1,0.758984386920929,right_up,0,40.9908332824707,1051.5577392578125,114.47527313232422,1042.7252197265625,122.10780334472656,1028.969970703125,148.68113708496094,1046.904296875,135.17236328125
320,1,0.0,unknown,,,1051.5577392578125,114.47527313232422,1042.7252197265625,122.10780334472656,1028.969970703125,148.68113708496094,1046.904296875,135.17236328125
321,1,0.0,unknown,,,1051.5577392578125,114.47527313232422,1042.7252197265625,122.10780334472656,1028.969970703125,148.68113708496094,1046.904296875,135.17236328125
322,1,0.0,unknown,,,1051.5577392578125,114.47527313232422,1042.7252197265625,122.10780334472656,1028.969970703125,148.68113708496094,1046.904296875,135.17236328125
323,1,0.0,unknown,,,1051.5577392578125,114.47527313232422,1042.7252197265625,122.10780334472656,1028.969970703125,148.68113708496094,1046.904296875,135.17236328125
324,1,0.0,unknown,,,1051.5577392578125,114.47527313232422,1042.7252197265625,122.10780334472656,1028.969970703125,148.68113708496094,1046.904296875,135.17236328125
325,1,0.4509789049625397,right_up,0,19.883703231811523,1041.028076171875,138.09344482421875,1037.02490234375,140.51217651367188,1031.55859375,155.57745361328125,1043.14501953125,152.475341796875
326,1,0.4509789049625397,up,0,5.785817623138428,1033.657470703125,154.6261749267578,1033.03466796875,153.39523315429688,1033.37060546875,160.40487670898438,1040.513427734375,164.58741760253906
327,1,0.4509789049625397,left_down,0,6.598904132843018,1028.498046875,166.19908142089844,1030.241455078125,162.4133758544922,1034.63916015625,163.78407287597656,1038.67138671875,173.0658721923828
328,1,0.4509789049625397,left_down,0,13.403650283813477,1024.8863525390625,174.30010986328125,1028.2862548828125,168.72607421875,1035.527099609375,166.14950561523438,1037.3819580078125,179.00079345703125
329,1,0.4509789049625397,left_down,0,18.38963508605957,1022.358154296875,179.97084045410156,1026.9176025390625,173.1449737548828,1036.148681640625,167.80531311035156,1036.4793701171875,183.15524291992188
330,1,0.0,unknown,,,1022.358154296875,179.97084045410156,1026.9176025390625,173.1449737548828,1036.148681640625,167.80531311035156,1036.4793701171875,183.15524291992188
331,1,0.0,unknown,,,1022.358154296875,179.97084045410156,1026.9176025390625,173.1449737548828,1036.148681640625,167.80531311035156,1036.4793701171875,183.15524291992188
332,1,0.0,unknown,,,1022.358154296875,179.97084045410156,1026.9176025390625,173.1449737548828,1036.148681640625,167.80531311035156,1036.4793701171875,183.15524291992188
333,1,0.0,unknown,,,1022.358154296875,179.97084045410156,1026.9176025390625,173.1449737548828,1036.148681640625,167.80531311035156,1036.4793701171875,183.15524291992188
334,1,0.0,unknown,,,1022.358154296875,179.97084045410156,1026.9176025390625,173.1449737548828,1036.148681640625,167.80531311035156,1036.4793701171875,183.15524291992188
335,1,0.0,unknown,,,1022.358154296875,179.97084045410156,1026.9176025390625,173.1449737548828,1036.148681640625,167.80531311035156,1036.4793701171875,183.15524291992188
336,1,0.0,unknown,,,1022.358154296875,179.97084045410156,1026.9176025390625,173.1449737548828,1036.148681640625,167.80531311035156,1036.4793701171875,183.15524291992188
337,1,0.0,unknown,,,1022.358154296875,179.97084045410156,1026.9176025390625,173.1449737548828,1036.148681640625,167.80531311035156,1036.4793701171875,183.15524291992188
338,1,0.0,unknown,,,1022.358154296875,179.97084045410156,1026.9176025390625,173.1449737548828,1036.148681640625,167.80531311035156,1036.4793701171875,183.15524291992188
339,1,0.0,unknown,,,1022.358154296875,179.97084045410156,1026.9176025390625,173.1449737548828,1036.148681640625,167.80531311035156,1036.4793701171875,183.15524291992188
340,1,0.0,unknown,,,1022.358154296875,179.97084045410156,1026.9176025390625,173.1449737548828,1036.148681640625,167.80531311035156,1036.4793701171875,183.15524291992188
341,1,0.0,unknown,,,1022.358154296875,179.97084045410156,1026.9176025390625,173.1449737548828,1036.148681640625,167.80531311035156,1036.4793701171875,183.15524291992188
342,1,0.0,unknown,,,1022.358154296875,179.97084045410156,1026.9176025390625,173.1449737548828,1036.148681640625,167.80531311035156,1036.4793701171875,183.15524291992188
343,1,0.0,unknown,,,1022.358154296875,179.97084045410156,1026.9176025390625,173.1449737548828,1036.148681640625,167.80531311035156,1036.4793701171875,183.15524291992188
344,1,0.0,unknown,,,1022.358154296875,179.97084045410156,1026.9176025390625,173.1449737548828,1036.148681640625,167.80531311035156,1036.4793701171875,183.15524291992188
345,1,0.4132441282272339,left_up,0,7.766164779663086,1031.1951904296875,161.79425048828125,1033.205810546875,160.07386779785156,1038.5047607421875,164.4178924560547,1041.3543701171875,170.1110382080078
346,1,0.4132441282272339,left_up,0,13.269022941589355,1037.381103515625,149.07064819335938,1037.6075439453125,150.92410278320312,1040.154052734375,162.04669189453125,1044.766845703125,160.9801025390625
347,1,0.4132441282272339,up,0,20.226757049560547,1041.7113037109375,140.16412353515625,1040.688720703125,144.51927185058594,1041.30859375,160.38687133789062,1047.1556396484375,154.58843994140625
348,1,0.4132441282272339,right_up,0,25.431339263916016,1044.742431640625,133.92955017089844,1042.8455810546875,140.035888671875,1042.11669921875,159.2249755859375,1048.8277587890625,150.11427307128906
349,1,0.4132441282272339,right_up,0,29.14784812927246,1046.8642578125,129.5653533935547,1044.3553466796875,136.89752197265625,1042.682373046875,158.41165161132812,1049.998291015625,146.98236083984375
350,1,0.4932068884372711,right_up,0,37.35905075073242,1049.153076171875,122.8897933959961,1047.25732421875,131.51333618164062,1043.8443603515625,159.86973571777344,1052.2081298828125,141.74673461914062
351,1,0.4932068884372711,right_up,0,43.10690689086914,1050.755126953125,118.21690368652344,1049.288818359375,127.74440002441406,1044.65771484375,160.89039611816406,1053.7550048828125,138.08180236816406
352,1,0.4932068884372711,right_up,0,47.13042449951172,1051.8765869140625,114.94587707519531,1050.7108154296875,125.10615539550781,1045.22705078125,161.6048583984375,1054.8377685546875,135.516357421875
353,1,0.4932068884372711,right_up,0,49.9468879699707,1052.66162109375,112.65615844726562,1051.7061767578125,123.25938415527344,1045.6256103515625,162.10498046875,1055.595703125,133.72055053710938
354,1,0.4932068884372711,right_up,0,51.91842269897461,1053.211181640625,111.05335235595703,1052.4029541015625,121.96664428710938,1045.9046630859375,162.455078125,1056.1263427734375,132.46347045898438
355,1,0.43389758467674255,right_up,0,54.36691665649414,1053.7652587890625,108.8254165649414,1052.8531494140625,119.96333312988281,1046.9169921875,162.75929260253906,1057.283935546875,130.97918701171875
356,1,0.43389758467674255,right_up,0,56.08750915527344,1054.1531982421875,107.26586151123047,1053.1683349609375,118.56101989746094,1047.625732421875,162.9722442626953,1058.09423828125,129.940185546875
357,1,0.43389758467674255,right_up,0,57.294864654541016,1054.4246826171875,106.17417907714844,1053.388916015625,117.57940673828125,1048.121826171875,163.12130737304688,1058.661376953125,129.212890625
358,1,0.43389758467674255,right_up,0,58.14137649536133,1054.61474609375,105.40999603271484,1053.5433349609375,116.89227294921875,1048.468994140625,163.22564697265625,1059.058349609375,128.70376586914062
359,1,0.43389758467674255,right_up,0,58.734561920166016,1054.747802734375,104.87506866455078,1053.6514892578125,116.41128540039062,1048.712158203125,163.29869079589844,1059.3363037109375,128.34738159179688
360,1,0.5513320565223694,right_up,0,56.11762237548828,1057.2471923828125,105.54048156738281,1053.075927734375,118.70755004882812,1050.162109375,161.20904541015625,1059.063720703125,128.95333862304688
361,1,0.5513320565223694,right_up,0,54.305965423583984,1058.996826171875,106.00627136230469,1052.673095703125,120.31493377685547,1051.177001953125,159.74627685546875,1058.8729248046875,129.3775177001953
362,1,0.5513320565223694,right_up,0,53.04877471923828,1060.2215576171875,106.33232116699219,1052.39111328125,121.44010162353516,1051.887451171875,158.72235107421875,1058.7393798828125,129.6744384765625
363,1,0.5513320565223694,right_up,0,52.17450714111328,1061.078857421875,106.56056213378906,1052.1937255859375,122.22772216796875,1052.384765625,158.00559997558594,1058.6458740234375,129.88229370117188
364,1,0.5513320565223694,right_up,0,51.56550216674805,1061.678955078125,106.72032165527344,1052.0555419921875,122.779052734375,1052.73291015625,157.50387573242188,1058.5804443359375,130.0277862548828
365,1,0.5942137241363525,right_up,0,50.78694534301758,1062.3970947265625,107.20948028564453,1052.4254150390625,123.53050231933594,1053.109375,157.13995361328125,1058.943603515625,130.39682006835938
366,1,0.5942137241363525,right_up,0,50.24477005004883,1062.89990234375,107.55189514160156,1052.684326171875,124.0565185546875,1053.373046875,156.8852081298828,1059.19775390625,130.65513610839844
367,1,0.5942137241363525,right_up,0,49.866641998291016,1063.251708984375,107.79158020019531,1052.8656005859375,124.42472839355469,1053.5576171875,156.70687866210938,1059.375732421875,130.83596801757812
368,1,0.5942137241363525,right_up,0,49.60270690917969,1063.498046875,107.95935821533203,1052.992431640625,124.6824722290039,1053.686767578125,156.58206176757812,1059.500244140625,130.96253967285156
369,1,0.5942137241363525,right_up,0,49.41830825805664,1063.67041015625,108.0768051147461,1053.0811767578125,124.86289978027344,1053.777099609375,156.49468994140625,1059.58740234375,131.0511474609375
370,1,0.6221452951431274,right_up,0,49.25935363769531,1064.2911376953125,108.24237823486328,1053.8109130859375,124.70265197753906,1053.2193603515625,156.2413330078125,1059.850341796875,131.2210235595703
371,1,0.6221452951431274,right_up,0,49.16672134399414,1064.7255859375,108.3582763671875,1054.32177734375,124.59048461914062,1052.828857421875,156.06398010253906,1060.0343017578125,131.33993530273438
372,1,0.6221452951431274,right_up,0,49.11105728149414,1065.02978515625,108.43940734863281,1054.6793212890625,124.511962890625,1052.5555419921875,155.9398193359375,1060.1630859375,131.4231719970703
373,1,0.6221452951431274,right_up,0,49.07659912109375,1065.24267578125,108.49620056152344,1054.9296875,124.45700073242188,1052.3642578125,155.85292053222656,1060.253173828125,131.4814453125
374,1,0.6221452951431274,right_up,0,49.0546989440918,1065.3917236328125,108.53595733642578,1055.1048583984375,124.41851806640625,1052.2303466796875,155.79208374023438,1060.3162841796875,131.52223205566406
375,1,0.445301353931427,right_up,0,49.26268005371094,1065.52392578125,108.2841796875,1054.9996337890625,124.0511245727539,1051.947998046875,155.6392822265625,1060.147216796875,131.39932250976562
376,1,0.0,unknown,,,1065.52392578125,108.2841796875,1054.9996337890625,124.0511245727539,1051.947998046875,155.6392822265625,1060.147216796875,131.39932250976562
377,1,0.0,unknown,,,1065.52392578125,108.2841796875,1054.9996337890625,124.0511245727539,1051.947998046875,155.6392822265625,1060.147216796875,131.39932250976562
378,1,0.0,unknown,,,1065.52392578125,108.2841796875,1054.9996337890625,124.0511245727539,1051.947998046875,155.6392822265625,1060.147216796875,131.39932250976562
379,1,0.0,unknown,,,1065.52392578125,108.2841796875,1054.9996337890625,124.0511245727539,1051.947998046875,155.6392822265625,1060.147216796875,131.39932250976562
380,1,0.0,unknown,,,1065.52392578125,108.2841796875,1054.9996337890625,124.0511245727539,1051.947998046875,155.6392822265625,1060.147216796875,131.39932250976562
381,1,0.0,unknown,,,1065.52392578125,108.2841796875,1054.9996337890625,124.0511245727539,1051.947998046875,155.6392822265625,1060.147216796875,131.39932250976562
382,1,0.0,unknown,,,1065.52392578125,108.2841796875,1054.9996337890625,124.0511245727539,1051.947998046875,155.6392822265625,1060.147216796875,131.39932250976562
383,1,0.0,unknown,,,1065.52392578125,108.2841796875,1054.9996337890625,124.0511245727539,1051.947998046875,155.6392822265625,1060.147216796875,131.39932250976562
384,1,0.0,unknown,,,1065.52392578125,108.2841796875,1054.9996337890625,124.0511245727539,1051.947998046875,155.6392822265625,1060.147216796875,131.39932250976562
385,1,0.0,unknown,,,1065.52392578125,108.2841796875,1054.9996337890625,124.0511245727539,1051.947998046875,155.6392822265625,1060.147216796875,131.39932250976562
386,1,0.0,unknown,,,1065.52392578125,108.2841796875,1054.9996337890625,124.0511245727539,1051.947998046875,155.6392822265625,1060.147216796875,131.39932250976562
387,1,0.0,unknown,,,1065.52392578125,108.2841796875,1054.9996337890625,124.0511245727539,1051.947998046875,155.6392822265625,1060.147216796875,131.39932250976562
388,1,0.0,unknown,,,1065.52392578125,108.2841796875,1054.9996337890625,124.0511245727539,1051.947998046875,155.6392822265625,1060.147216796875,131.39932250976562
389,1,0.0,unknown,,,1065.52392578125,108.2841796875,1054.9996337890625,124.0511245727539,1051.947998046875,155.6392822265625,1060.147216796875,131.39932250976562
390,1,0.0,unknown,,,1065.52392578125,108.2841796875,1054.9996337890625,124.0511245727539,1051.947998046875,155.6392822265625,1060.147216796875,131.39932250976562
391,1,0.0,unknown,,,1065.52392578125,108.2841796875,1054.9996337890625,124.0511245727539,1051.947998046875,155.6392822265625,1060.147216796875,131.39932250976562
392,1,0.0,unknown,,,1065.52392578125,108.2841796875,1054.9996337890625,124.0511245727539,1051.947998046875,155.6392822265625,1060.147216796875,131.39932250976562
393,1,0.0,unknown,,,1065.52392578125,108.2841796875,1054.9996337890625,124.0511245727539,1051.947998046875,155.6392822265625,1060.147216796875,131.39932250976562
394,1,0.0,unknown,,,1065.52392578125,108.2841796875,1054.9996337890625,124.0511245727539,1051.947998046875,155.6392822265625,1060.147216796875,131.39932250976562
395,1,0.0,unknown,,,1065.52392578125,108.2841796875,1054.9996337890625,124.0511245727539,1051.947998046875,155.6392822265625,1060.147216796875,131.39932250976562
396,1,0.0,unknown,,,1065.52392578125,108.2841796875,1054.9996337890625,124.0511245727539,1051.947998046875,155.6392822265625,1060.147216796875,131.39932250976562
397,1,0.0,unknown,,,1065.52392578125,108.2841796875,1054.9996337890625,124.0511245727539,1051.947998046875,155.6392822265625,1060.147216796875,131.39932250976562
398,1,0.0,unknown,,,1065.52392578125,108.2841796875,1054.9996337890625,124.0511245727539,1051.947998046875,155.6392822265625,1060.147216796875,131.39932250976562
399,1,0.0,unknown,,,1065.52392578125,108.2841796875,1054.9996337890625,124.0511245727539,1051.947998046875,155.6392822265625,1060.147216796875,131.39932250976562
400,1,0.0,unknown,,,1065.52392578125,108.2841796875,1054.9996337890625,124.0511245727539,1051.947998046875,155.6392822265625,1060.147216796875,131.39932250976562
401,1,0.0,unknown,,,1065.52392578125,108.2841796875,1054.9996337890625,124.0511245727539,1051.947998046875,155.6392822265625,1060.147216796875,131.39932250976562
402,1,0.6126229166984558,right_up,0,47.70692443847656,1059.123779296875,111.58363342285156,1052.8076171875,128.81683349609375,1051.9207763671875,158.74365234375,1057.9737548828125,135.77352905273438
403,1,0.6126229166984558,right_up,0,47.10334014892578,1054.6436767578125,113.89324951171875,1051.273193359375,132.15283203125,1051.9017333984375,160.91671752929688,1056.452392578125,138.83547973632812
404,1,0.0,unknown,,,1054.6436767578125,113.89324951171875,1051.273193359375,132.15283203125,1051.9017333984375,160.91671752929688,1056.452392578125,138.83547973632812
405,1,0.697867751121521,up,0,47.22652053833008,1051.9677734375,115.38182830810547,1051.16552734375,133.94387817382812,1052.031494140625,162.60830688476562,1055.18310546875,140.8431396484375
406,1,0.697867751121521,left_up,0,47.41196060180664,1050.0947265625,116.42383575439453,1051.090087890625,135.19760131835938,1052.122314453125,163.79241943359375,1054.2945556640625,142.24850463867188
407,1,0.697867751121521,left_up,0,47.589847564697266,1048.7835693359375,117.15323638916016,1051.037353515625,136.07521057128906,1052.1859130859375,164.62130737304688,1053.672607421875,143.2322540283203
408,1,0.697867751121521,left_up,0,47.73766326904297,1047.86572265625,117.663818359375,1051.0003662109375,136.68954467773438,1052.23046875,165.20152282714844,1053.2371826171875,143.92088317871094
409,1,0.697867751121521,left_up,0,47.85243225097656,1047.2232666015625,118.02122497558594,1050.9744873046875,137.11956787109375,1052.26171875,165.607666015625,1052.932373046875,144.40292358398438
410,1,0.7676915526390076,left_up,0,47.34150314331055,1047.0076904296875,118.39904022216797,1051.7010498046875,137.22669982910156,1052.452392578125,165.42640686035156,1053.1717529296875,145.0198516845703
411,1,0.7676915526390076,left_up,0,46.986602783203125,1046.8568115234375,118.66351318359375,1052.209716796875,137.30169677734375,1052.5859375,165.29953002929688,1053.33935546875,145.45169067382812
412,1,0.7676915526390076,left_up,0,46.739540100097656,1046.751220703125,118.84864807128906,1052.5657958984375,137.35418701171875,1052.6793212890625,165.21072387695312,1053.45654296875,145.75399780273438
413,1,0.0,unknown,,,1046.751220703125,118.84864807128906,1052.5657958984375,137.35418701171875,1052.6793212890625,165.21072387695312,1053.45654296875,145.75399780273438
414,1,0.0,unknown,,,1046.751220703125,118.84864807128906,1052.5657958984375,137.35418701171875,1052.6793212890625,165.21072387695312,1053.45654296875,145.75399780273438
415,1,0.0,unknown,,,1046.751220703125,118.84864807128906,1052.5657958984375,137.35418701171875,1052.6793212890625,165.21072387695312,1053.45654296875,145.75399780273438
416,1,0.0,unknown,,,1046.751220703125,118.84864807128906,1052.5657958984375,137.35418701171875,1052.6793212890625,165.21072387695312,1053.45654296875,145.75399780273438
417,1,0.0,unknown,,,1046.751220703125,118.84864807128906,1052.5657958984375,137.35418701171875,1052.6793212890625,165.21072387695312,1053.45654296875,145.75399780273438
418,1,0.0,unknown,,,1046.751220703125,118.84864807128906,1052.5657958984375,137.35418701171875,1052.6793212890625,165.21072387695312,1053.45654296875,145.75399780273438
419,1,0.7637712955474854,left_up,0,47.65811538696289,1047.6341552734375,117.45926666259766,1052.317626953125,131.66366577148438,1051.373291015625,164.97047424316406,1053.0416259765625,141.75880432128906
420,1,0.8053418397903442,left_up,0,47.98706817626953,1048.636474609375,116.5675277709961,1051.3828125,128.164794921875,1050.55712890625,164.51614379882812,1051.1005859375,139.8268585205078
421,1,0.8053418397903442,up,0,48.259159088134766,1049.338134765625,115.94330596923828,1050.728515625,125.71558380126953,1049.98583984375,164.1981201171875,1049.74169921875,138.4744873046875
422,1,0.8053418397903442,up,0,48.469749450683594,1049.8292236328125,115.50635528564453,1050.2705078125,124.00113677978516,1049.5859375,163.97549438476562,1048.79052734375,137.52783203125
423,1,0.8053418397903442,up,0,48.62691879272461,1050.1729736328125,115.20048522949219,1049.949951171875,122.801025390625,1049.305908203125,163.81967163085938,1048.124755859375,136.86517333984375
424,1,0.0,unknown,,,1050.1729736328125,115.20048522949219,1049.949951171875,122.801025390625,1049.305908203125,163.81967163085938,1048.124755859375,136.86517333984375
425,1,0.0,unknown,,,1050.1729736328125,115.20048522949219,1049.949951171875,122.801025390625,1049.305908203125,163.81967163085938,1048.124755859375,136.86517333984375
426,1,0.0,unknown,,,1050.1729736328125,115.20048522949219,1049.949951171875,122.801025390625,1049.305908203125,163.81967163085938,1048.124755859375,136.86517333984375
427,1,0.0,unknown,,,1050.1729736328125,115.20048522949219,1049.949951171875,122.801025390625,1049.305908203125,163.81967163085938,1048.124755859375,136.86517333984375
428,1,0.0,unknown,,,1050.1729736328125,115.20048522949219,1049.949951171875,122.801025390625,1049.305908203125,163.81967163085938,1048.124755859375,136.86517333984375
429,1,0.8297432661056519,right_up,0,45.80118942260742,1051.07177734375,115.67424011230469,1050.5318603515625,122.98033142089844,1049.063232421875,161.43136596679688,1049.073974609375,137.2019500732422
430,1,0.8193305730819702,right_up,0,44.67986297607422,1056.3563232421875,114.67716217041016,1051.794677734375,121.55426788330078,1047.00439453125,158.36734008789062,1052.049560546875,136.2362823486328
431,1,0.0,unknown,,,1056.3563232421875,114.67716217041016,1051.794677734375,121.55426788330078,1047.00439453125,158.36734008789062,1052.049560546875,136.2362823486328
432,1,0.8193305730819702,right_up,0,44.66007995605469,1060.055419921875,113.97920227050781,1052.6785888671875,120.5560302734375,1045.563232421875,156.2225341796875,1054.1324462890625,135.56031799316406
433,1,0.8193305730819702,right_up,0,45.02462387084961,1062.644775390625,113.49063110351562,1053.29736328125,119.85726165771484,1044.554443359375,154.72116088867188,1055.5904541015625,135.08714294433594
434,1,0.8193305730819702,right_up,0,45.46133804321289,1064.4573974609375,113.14863586425781,1053.73046875,119.36812591552734,1043.8482666015625,153.67019653320312,1056.611083984375,134.75592041015625
435,1,0.0,unknown,,,1064.4573974609375,113.14863586425781,1053.73046875,119.36812591552734,1043.8482666015625,153.67019653320312,1056.611083984375,134.75592041015625
436,1,0.0,unknown,,,1064.4573974609375,113.14863586425781,1053.73046875,119.36812591552734,1043.8482666015625,153.67019653320312,1056.611083984375,134.75592041015625
437,1,0.0,unknown,,,1064.4573974609375,113.14863586425781,1053.73046875,119.36812591552734,1043.8482666015625,153.67019653320312,1056.611083984375,134.75592041015625
438,1,0.0,unknown,,,1064.4573974609375,113.14863586425781,1053.73046875,119.36812591552734,1043.8482666015625,153.67019653320312,1056.611083984375,134.75592041015625
439,1,0.8175384998321533,right_up,0,52.9095458984375,1070.33447265625,109.25672912597656,1054.906494140625,114.70594787597656,1040.20458984375,152.74937438964844,1058.4647216796875,132.00897216796875
440,1,0.8187438249588013,right_up,0,56.67507553100586,1074.7794189453125,106.47144317626953,1055.8319091796875,111.84163665771484,1037.736572265625,149.3654022216797,1061.4527587890625,131.23733520507812
441,1,0.8187438249588013,right_up,0,59.65068435668945,1077.890869140625,104.52174377441406,1056.479736328125,109.83662414550781,1036.009033203125,146.9966278076172,1063.54443359375,130.6971893310547
442,1,0.8187438249588013,right_up,0,61.8755989074707,1080.0689697265625,103.1569595336914,1056.9332275390625,108.43311309814453,1034.7996826171875,145.33848571777344,1065.008544921875,130.319091796875
443,1,0.8187438249588013,right_up,0,63.49501419067383,1081.5936279296875,102.20160675048828,1057.2506103515625,107.45065307617188,1033.953125,144.1777801513672,1066.033447265625,130.05441284179688
444,1,0.8187438249588013,right_up,0,64.65656280517578,1082.660888671875,101.5328598022461,1057.4727783203125,106.76293182373047,1033.360595703125,143.36529541015625,1066.7508544921875,129.869140625
445,1,0.8008774518966675,right_up,0,65.40318298339844,1081.0887451171875,100.06517028808594,1055.7078857421875,105.98820495605469,1031.7874755859375,143.0414581298828,1065.700927734375,129.18170166015625
446,1,0.0,unknown,,,1081.0887451171875,100.06517028808594,1055.7078857421875,105.98820495605469,1031.7874755859375,143.0414581298828,1065.700927734375,129.18170166015625
447,1,0.8008774518966675,right_up,0,65.93263244628906,1079.98828125,99.03778839111328,1054.472412109375,105.44589233398438,1030.686279296875,142.8147735595703,1064.9659423828125,128.70050048828125
448,1,0.8008774518966675,right_up,0,66.3063735961914,1079.2178955078125,98.3186264038086,1053.607666015625,105.06627655029297,1029.91552734375,142.65609741210938,1064.451416015625,128.3636474609375
449,1,0.8008774518966675,right_up,0,66.56962585449219,1078.6787109375,97.8152084350586,1053.002197265625,104.80054473876953,1029.3759765625,142.54501342773438,1064.09130859375,128.1278533935547
450,1,0.8120123147964478,right_up,0,72.0687026977539,1079.6458740234375,94.90011596679688,1051.747802734375,103.87130737304688,1027.3741455078125,144.51426696777344,1064.3402099609375,128.18093872070312
451,1,0.8120123147964478,right_up,0,75.93716430664062,1080.3228759765625,92.85955047607422,1050.869873046875,103.22084045410156,1025.9727783203125,145.8927459716797,1064.514404296875,128.21810913085938
452,1,0.8120123147964478,right_up,0,78.6530532836914,1080.796875,91.43115997314453,1050.2552490234375,102.76551055908203,1024.9918212890625,146.85768127441406,1064.636474609375,128.24412536621094
453,1,0.8120123147964478,right_up,0,80.55762481689453,1081.128662109375,90.43128204345703,1049.824951171875,102.44678497314453,1024.30517578125,147.53314208984375,1064.721923828125,128.2623291015625
454,1,0.8120123147964478,right_up,0,81.89229583740234,1081.36083984375,89.73136901855469,1049.5238037109375,102.22367095947266,1023.8245849609375,148.00595092773438,1064.78173828125,128.27508544921875
455,1,0.8152422308921814,right_up,0,83.09727478027344,1081.6279296875,90.698486328125,1048.9031982421875,102.48506164550781,1022.3426513671875,148.9257354736328,1064.3961181640625,129.3359832763672
456,1,0.8152422308921814,right_up,0,83.95211791992188,1081.8148193359375,91.37547302246094,1048.4688720703125,102.66802978515625,1021.3052978515625,149.56959533691406,1064.126220703125,130.07861328125
457,1,0.8152422308921814,right_up,0,84.55589294433594,1081.9456787109375,91.84935760498047,1048.164794921875,102.79611206054688,1020.5792236328125,150.02029418945312,1063.937255859375,130.5984649658203
458,1,0.0,unknown,,,1081.9456787109375,91.84935760498047,1048.164794921875,102.79611206054688,1020.5792236328125,150.02029418945312,1063.937255859375,130.5984649658203
459,1,0.0,unknown,,,1081.9456787109375,91.84935760498047,1048.164794921875,102.79611206054688,1020.5792236328125,150.02029418945312,1063.937255859375,130.5984649658203
460,1,0.0,unknown,,,1081.9456787109375,91.84935760498047,1048.164794921875,102.79611206054688,1020.5792236328125,150.02029418945312,1063.937255859375,130.5984649658203
461,1,0.0,unknown,,,1081.9456787109375,91.84935760498047,1048.164794921875,102.79611206054688,1020.5792236328125,150.02029418945312,1063.937255859375,130.5984649658203
462,1,0.0,unknown,,,1081.9456787109375,91.84935760498047,1048.164794921875,102.79611206054688,1020.5792236328125,150.02029418945312,1063.937255859375,130.5984649658203
463,1,0.0,unknown,,,1081.9456787109375,91.84935760498047,1048.164794921875,102.79611206054688,1020.5792236328125,150.02029418945312,1063.937255859375,130.5984649658203
464,1,0.0,unknown,,,1081.9456787109375,91.84935760498047,1048.164794921875,102.79611206054688,1020.5792236328125,150.02029418945312,1063.937255859375,130.5984649658203
465,1,0.0,unknown,,,1081.9456787109375,91.84935760498047,1048.164794921875,102.79611206054688,1020.5792236328125,150.02029418945312,1063.937255859375,130.5984649658203
466,1,0.8237148523330688,right_up,0,82.86470031738281,1082.2208251953125,95.33429718017578,1050.39111328125,106.06057739257812,1021.6856689453125,151.92098999023438,1063.80859375,132.9381866455078
467,1,0.8237148523330688,right_up,0,81.683349609375,1082.4134521484375,97.77375793457031,1051.949462890625,108.345703125,1022.460205078125,153.25148010253906,1063.718505859375,134.57598876953125
468,1,0.0,unknown,,,1082.4134521484375,97.77375793457031,1051.949462890625,108.345703125,1022.460205078125,153.25148010253906,1063.718505859375,134.57598876953125
469,1,0.0,unknown,,,1082.4134521484375,97.77375793457031,1051.949462890625,108.345703125,1022.460205078125,153.25148010253906,1063.718505859375,134.57598876953125
470,1,0.0,unknown,,,1082.4134521484375,97.77375793457031,1051.949462890625,108.345703125,1022.460205078125,153.25148010253906,1063.718505859375,134.57598876953125
471,1,0.0,unknown,,,1082.4134521484375,97.77375793457031,1051.949462890625,108.345703125,1022.460205078125,153.25148010253906,1063.718505859375,134.57598876953125
472,1,0.0,unknown,,,1082.4134521484375,97.77375793457031,1051.949462890625,108.345703125,1022.460205078125,153.25148010253906,1063.718505859375,134.57598876953125
473,1,0.0,unknown,,,1082.4134521484375,97.77375793457031,1051.949462890625,108.345703125,1022.460205078125,153.25148010253906,1063.718505859375,134.57598876953125
474,1,0.0,unknown,,,1082.4134521484375,97.77375793457031,1051.949462890625,108.345703125,1022.460205078125,153.25148010253906,1063.718505859375,134.57598876953125
475,1,0.0,unknown,,,1082.4134521484375,97.77375793457031,1051.949462890625,108.345703125,1022.460205078125,153.25148010253906,1063.718505859375,134.57598876953125
476,1,0.0,unknown,,,1082.4134521484375,97.77375793457031,1051.949462890625,108.345703125,1022.460205078125,153.25148010253906,1063.718505859375,134.57598876953125
477,1,0.0,unknown,,,1082.4134521484375,97.77375793457031,1051.949462890625,108.345703125,1022.460205078125,153.25148010253906,1063.718505859375,134.57598876953125
478,1,0.0,unknown,,,1082.4134521484375,97.77375793457031,1051.949462890625,108.345703125,1022.460205078125,153.25148010253906,1063.718505859375,134.57598876953125
479,1,0.0,unknown,,,1082.4134521484375,97.77375793457031,1051.949462890625,108.345703125,1022.460205078125,153.25148010253906,1063.718505859375,134.57598876953125
480,1,0.0,unknown,,,1082.4134521484375,97.77375793457031,1051.949462890625,108.345703125,1022.460205078125,153.25148010253906,1063.718505859375,134.57598876953125
481,1,0.0,unknown,,,1082.4134521484375,97.77375793457031,1051.949462890625,108.345703125,1022.460205078125,153.25148010253906,1063.718505859375,134.57598876953125
482,1,0.0,unknown,,,1082.4134521484375,97.77375793457031,1051.949462890625,108.345703125,1022.460205078125,153.25148010253906,1063.718505859375,134.57598876953125
483,1,0.0,unknown,,,1082.4134521484375,97.77375793457031,1051.949462890625,108.345703125,1022.460205078125,153.25148010253906,1063.718505859375,134.57598876953125
484,1,0.0,unknown,,,1082.4134521484375,97.77375793457031,1051.949462890625,108.345703125,1022.460205078125,153.25148010253906,1063.718505859375,134.57598876953125
485,1,0.0,unknown,,,1082.4134521484375,97.77375793457031,1051.949462890625,108.345703125,1022.460205078125,153.25148010253906,1063.718505859375,134.57598876953125
486,1,0.0,unknown,,,1082.4134521484375,97.77375793457031,1051.949462890625,108.345703125,1022.460205078125,153.25148010253906,1063.718505859375,134.57598876953125
487,1,0.0,unknown,,,1082.4134521484375,97.77375793457031,1051.949462890625,108.345703125,1022.460205078125,153.25148010253906,1063.718505859375,134.57598876953125
488,1,0.0,unknown,,,1082.4134521484375,97.77375793457031,1051.949462890625,108.345703125,1022.460205078125,153.25148010253906,1063.718505859375,134.57598876953125
489,1,0.0,unknown,,,1082.4134521484375,97.77375793457031,1051.949462890625,108.345703125,1022.460205078125,153.25148010253906,1063.718505859375,134.57598876953125
490,1,0.0,unknown,,,1082.4134521484375,97.77375793457031,1051.949462890625,108.345703125,1022.460205078125,153.25148010253906,1063.718505859375,134.57598876953125
491,1,0.0,unknown,,,1082.4134521484375,97.77375793457031,1051.949462890625,108.345703125,1022.460205078125,153.25148010253906,1063.718505859375,134.57598876953125
492,1,0.0,unknown,,,1082.4134521484375,97.77375793457031,1051.949462890625,108.345703125,1022.460205078125,153.25148010253906,1063.718505859375,134.57598876953125
493,1,0.0,unknown,,,1082.4134521484375,97.77375793457031,1051.949462890625,108.345703125,1022.460205078125,153.25148010253906,1063.718505859375,134.57598876953125
494,1,0.0,unknown,,,1082.4134521484375,97.77375793457031,1051.949462890625,108.345703125,1022.460205078125,153.25148010253906,1063.718505859375,134.57598876953125
495,1,0.0,unknown,,,1082.4134521484375,97.77375793457031,1051.949462890625,108.345703125,1022.460205078125,153.25148010253906,1063.718505859375,134.57598876953125
496,1,0.0,unknown,,,1082.4134521484375,97.77375793457031,1051.949462890625,108.345703125,1022.460205078125,153.25148010253906,1063.718505859375,134.57598876953125
497,1,0.0,unknown,,,1082.4134521484375,97.77375793457031,1051.949462890625,108.345703125,1022.460205078125,153.25148010253906,1063.718505859375,134.57598876953125
498,1,0.0,unknown,,,1082.4134521484375,97.77375793457031,1051.949462890625,108.345703125,1022.460205078125,153.25148010253906,1063.718505859375,134.57598876953125
499,1,0.8399854302406311,right_up,0,78.37238311767578,1081.769287109375,100.54752349853516,1053.825439453125,111.66627502441406,1026.678955078125,156.29055786132812,1065.5672607421875,135.80563354492188
500,1,0.0,unknown,,,1081.769287109375,100.54752349853516,1053.825439453125,111.66627502441406,1026.678955078125,156.29055786132812,1065.5672607421875,135.80563354492188
501,1,0.8340498208999634,right_up,0,76.49794006347656,1081.1483154296875,101.91276550292969,1054.9051513671875,113.68203735351562,1029.726318359375,158.5494384765625,1066.8468017578125,136.49440002441406
502,1,0.8340498208999634,right_up,0,75.27075958251953,1080.713623046875,102.86843872070312,1055.660888671875,115.09307098388672,1031.8594970703125,160.1306610107422,1067.742431640625,136.97654724121094
503,1,0.8340498208999634,right_up,0,74.45555877685547,1080.409423828125,103.53740692138672,1056.18994140625,116.08079528808594,1033.352783203125,161.23751831054688,1068.369384765625,137.3140411376953
504,1,0.0,unknown,,,1080.409423828125,103.53740692138672,1056.18994140625,116.08079528808594,1033.352783203125,161.23751831054688,1068.369384765625,137.3140411376953
505,1,0.8345189690589905,right_up,0,73.94036865234375,1080.3382568359375,104.43315887451172,1056.6129150390625,117.0667724609375,1034.5035400390625,162.45347595214844,1068.824951171875,137.98329162597656
506,1,0.0,unknown,,,1080.3382568359375,104.43315887451172,1056.6129150390625,117.0667724609375,1034.5035400390625,162.45347595214844,1068.824951171875,137.98329162597656
507,1,0.0,unknown,,,1080.3382568359375,104.43315887451172,1056.6129150390625,117.0667724609375,1034.5035400390625,162.45347595214844,1068.824951171875,137.98329162597656
508,1,0.0,unknown,,,1080.3382568359375,104.43315887451172,1056.6129150390625,117.0667724609375,1034.5035400390625,162.45347595214844,1068.824951171875,137.98329162597656
509,1,0.0,unknown,,,1080.3382568359375,104.43315887451172,1056.6129150390625,117.0667724609375,1034.5035400390625,162.45347595214844,1068.824951171875,137.98329162597656
510,1,0.0,unknown,,,1080.3382568359375,104.43315887451172,1056.6129150390625,117.0667724609375,1034.5035400390625,162.45347595214844,1068.824951171875,137.98329162597656
511,1,0.0,unknown,,,1080.3382568359375,104.43315887451172,1056.6129150390625,117.0667724609375,1034.5035400390625,162.45347595214844,1068.824951171875,137.98329162597656
512,1,0.0,unknown,,,1080.3382568359375,104.43315887451172,1056.6129150390625,117.0667724609375,1034.5035400390625,162.45347595214844,1068.824951171875,137.98329162597656
513,1,0.0,unknown,,,1080.3382568359375,104.43315887451172,1056.6129150390625,117.0667724609375,1034.5035400390625,162.45347595214844,1068.824951171875,137.98329162597656
514,1,0.8415015935897827,right_up,0,72.97066497802734,1080.03564453125,105.19440460205078,1056.9974365234375,117.57182312011719,1035.3465576171875,162.87979125976562,1069.1463623046875,137.84185791015625
515,1,0.8365762233734131,right_up,0,72.26216125488281,1079.3695068359375,105.4549331665039,1057.0302734375,117.74883270263672,1036.04541015625,163.28955078125,1069.2525634765625,137.3348388671875
516,1,0.8365762233734131,right_up,0,71.77764129638672,1078.9031982421875,105.63729858398438,1057.05322265625,117.87273406982422,1036.53466796875,163.57638549804688,1069.326904296875,136.9799346923828
517,1,0.8365762233734131,right_up,0,71.44418334960938,1078.5767822265625,105.76495361328125,1057.0693359375,117.95946502685547,1036.877197265625,163.77716064453125,1069.37890625,136.73150634765625
518,1,0.8365762233734131,right_up,0,71.213623046875,1078.3482666015625,105.85431671142578,1057.08056640625,118.02017974853516,1037.116943359375,163.91770935058594,1069.4154052734375,136.55760192871094
519,1,0.8365762233734131,right_up,0,71.0537109375,1078.1883544921875,105.9168701171875,1057.08837890625,118.06268310546875,1037.28466796875,164.01608276367188,1069.44091796875,136.4358673095703
520,1,0.8364707231521606,right_up,0,71.009765625,1078.43701171875,106.08561706542969,1057.2711181640625,118.16582489013672,1037.49560546875,164.10447692871094,1069.6878662109375,136.44300842285156
521,1,0.8364707231521606,right_up,0,70.9790267944336,1078.611083984375,106.20374298095703,1057.3990478515625,118.23802947998047,1037.643310546875,164.16635131835938,1069.8607177734375,136.447998046875
522,1,0.8364707231521606,right_up,0,70.95758819580078,1078.73291015625,106.28643035888672,1057.488525390625,118.28856658935547,1037.74658203125,164.20965576171875,1069.981689453125,136.45150756835938
523,1,0.8364707231521606,right_up,0,70.94257354736328,1078.8182373046875,106.34430694580078,1057.55126953125,118.32394409179688,1037.8189697265625,164.23997497558594,1070.06640625,136.45394897460938
524,1,0.8364707231521606,right_up,0,70.93204498291016,1078.8779296875,106.38482666015625,1057.59521484375,118.34870910644531,1037.86962890625,164.26119995117188,1070.125732421875,136.45565795898438
525,1,0.8384872674942017,right_up,0,71.06067657470703,1078.98291015625,106.3441162109375,1057.6292724609375,118.340576171875,1038.0716552734375,164.44651794433594,1070.23681640625,136.81216430664062
526,1,0.8384872674942017,right_up,0,71.151123046875,1079.056396484375,106.31562805175781,1057.653076171875,118.33488464355469,1038.2130126953125,164.5762481689453,1070.3145751953125,137.0617218017578
527,1,0.8384872674942017,right_up,0,71.21454620361328,1079.1077880859375,106.29568481445312,1057.669677734375,118.33090209960938,1038.31201171875,164.66705322265625,1070.3690185546875,137.2364044189453
528,1,0.8384872674942017,right_up,0,71.25904083251953,1079.143798828125,106.28172302246094,1057.681396484375,118.32810974121094,1038.38134765625,164.73062133789062,1070.4071044921875,137.3586883544922
529,1,0.8384872674942017,right_up,0,71.29024505615234,1079.1689453125,106.27194213867188,1057.6895751953125,118.32615661621094,1038.4298095703125,164.77511596679688,1070.433837890625,137.44427490234375
530,1,0.8426626324653625,right_up,0,71.34130096435547,1079.51123046875,106.53865814208984,1057.80908203125,118.56314086914062,1038.2879638671875,164.7642822265625,1070.53515625,137.79058837890625
531,1,0.8426626324653625,right_up,0,71.37968444824219,1079.7508544921875,106.72535705566406,1057.892822265625,118.72901916503906,1038.1885986328125,164.7567138671875,1070.60595703125,138.0330047607422
532,1,0.8426626324653625,right_up,0,71.4078140258789,1079.9185791015625,106.85604858398438,1057.951416015625,118.84513854980469,1038.1190185546875,164.75140380859375,1070.655517578125,138.20269775390625
533,1,0.8426626324653625,right_up,0,71.4281234741211,1080.0360107421875,106.9475326538086,1057.992431640625,118.92642211914062,1038.0703125,164.7476806640625,1070.6903076171875,138.3214874267578
534,1,0.0,unknown,,,1080.0360107421875,106.9475326538086,1057.992431640625,118.92642211914062,1038.0703125,164.7476806640625,1070.6903076171875,138.3214874267578
535,1,0.0,unknown,,,1080.0360107421875,106.9475326538086,1057.992431640625,118.92642211914062,1038.0703125,164.7476806640625,1070.6903076171875,138.3214874267578
536,1,0.0,unknown,,,1080.0360107421875,106.9475326538086,1057.992431640625,118.92642211914062,1038.0703125,164.7476806640625,1070.6903076171875,138.3214874267578
537,1,0.0,unknown,,,1080.0360107421875,106.9475326538086,1057.992431640625,118.92642211914062,1038.0703125,164.7476806640625,1070.6903076171875,138.3214874267578
538,1,0.0,unknown,,,1080.0360107421875,106.9475326538086,1057.992431640625,118.92642211914062,1038.0703125,164.7476806640625,1070.6903076171875,138.3214874267578
539,1,0.0,unknown,,,1080.0360107421875,106.9475326538086,1057.992431640625,118.92642211914062,1038.0703125,164.7476806640625,1070.6903076171875,138.3214874267578
540,1,0.0,unknown,,,1080.0360107421875,106.9475326538086,1057.992431640625,118.92642211914062,1038.0703125,164.7476806640625,1070.6903076171875,138.3214874267578
541,1,0.0,unknown,,,1080.0360107421875,106.9475326538086,1057.992431640625,118.92642211914062,1038.0703125,164.7476806640625,1070.6903076171875,138.3214874267578
542,1,0.0,unknown,,,1080.0360107421875,106.9475326538086,1057.992431640625,118.92642211914062,1038.0703125,164.7476806640625,1070.6903076171875,138.3214874267578
543,1,0.0,unknown,,,1080.0360107421875,106.9475326538086,1057.992431640625,118.92642211914062,1038.0703125,164.7476806640625,1070.6903076171875,138.3214874267578
544,1,0.0,unknown,,,1080.0360107421875,106.9475326538086,1057.992431640625,118.92642211914062,1038.0703125,164.7476806640625,1070.6903076171875,138.3214874267578
545,1,0.0,unknown,,,1080.0360107421875,106.9475326538086,1057.992431640625,118.92642211914062,1038.0703125,164.7476806640625,1070.6903076171875,138.3214874267578
546,1,0.0,unknown,,,1080.0360107421875,106.9475326538086,1057.992431640625,118.92642211914062,1038.0703125,164.7476806640625,1070.6903076171875,138.3214874267578
547,1,0.0,unknown,,,1080.0360107421875,106.9475326538086,1057.992431640625,118.92642211914062,1038.0703125,164.7476806640625,1070.6903076171875,138.3214874267578
548,1,0.0,unknown,,,1080.0360107421875,106.9475326538086,1057.992431640625,118.92642211914062,1038.0703125,164.7476806640625,1070.6903076171875,138.3214874267578
549,1,0.0,unknown,,,1080.0360107421875,106.9475326538086,1057.992431640625,118.92642211914062,1038.0703125,164.7476806640625,1070.6903076171875,138.3214874267578
550,1,0.0,unknown,,,1080.0360107421875,106.9475326538086,1057.992431640625,118.92642211914062,1038.0703125,164.7476806640625,1070.6903076171875,138.3214874267578
551,1,0.0,unknown,,,1080.0360107421875,106.9475326538086,1057.992431640625,118.92642211914062,1038.0703125,164.7476806640625,1070.6903076171875,138.3214874267578
552,1,0.8347336053848267,right_up,0,72.16858673095703,1079.9822998046875,105.91551208496094,1057.8519287109375,118.25778198242188,1037.9036865234375,164.54737854003906,1070.88134765625,137.37313842773438
553,1,0.0,unknown,,,1079.9822998046875,105.91551208496094,1057.8519287109375,118.25778198242188,1037.9036865234375,164.54737854003906,1070.88134765625,137.37313842773438
554,1,0.0,unknown,,,1079.9822998046875,105.91551208496094,1057.8519287109375,118.25778198242188,1037.9036865234375,164.54737854003906,1070.88134765625,137.37313842773438
555,1,0.0,unknown,,,1079.9822998046875,105.91551208496094,1057.8519287109375,118.25778198242188,1037.9036865234375,164.54737854003906,1070.88134765625,137.37313842773438
556,1,0.0,unknown,,,1079.9822998046875,105.91551208496094,1057.8519287109375,118.25778198242188,1037.9036865234375,164.54737854003906,1070.88134765625,137.37313842773438
557,1,0.0,unknown,,,1079.9822998046875,105.91551208496094,1057.8519287109375,118.25778198242188,1037.9036865234375,164.54737854003906,1070.88134765625,137.37313842773438
558,1,0.8404268622398376,right_up,0,72.7694320678711,1080.499755859375,105.54336547851562,1058.0552978515625,118.01197814941406,1037.5567626953125,164.29104614257812,1071.072021484375,137.1520538330078
559,1,0.0,unknown,,,1080.499755859375,105.54336547851562,1058.0552978515625,118.01197814941406,1037.5567626953125,164.29104614257812,1071.072021484375,137.1520538330078
560,1,0.0,unknown,,,1080.499755859375,105.54336547851562,1058.0552978515625,118.01197814941406,1037.5567626953125,164.29104614257812,1071.072021484375,137.1520538330078
561,1,0.0,unknown,,,1080.499755859375,105.54336547851562,1058.0552978515625,118.01197814941406,1037.5567626953125,164.29104614257812,1071.072021484375,137.1520538330078
562,1,0.0,unknown,,,1080.499755859375,105.54336547851562,1058.0552978515625,118.01197814941406,1037.5567626953125,164.29104614257812,1071.072021484375,137.1520538330078
563,1,0.0,unknown,,,1080.499755859375,105.54336547851562,1058.0552978515625,118.01197814941406,1037.5567626953125,164.29104614257812,1071.072021484375,137.1520538330078
564,1,0.0,unknown,,,1080.499755859375,105.54336547851562,1058.0552978515625,118.01197814941406,1037.5567626953125,164.29104614257812,1071.072021484375,137.1520538330078
565,1,0.0,unknown,,,1080.499755859375,105.54336547851562,1058.0552978515625,118.01197814941406,1037.5567626953125,164.29104614257812,1071.072021484375,137.1520538330078
566,1,0.0,unknown,,,1080.499755859375,105.54336547851562,1058.0552978515625,118.01197814941406,1037.5567626953125,164.29104614257812,1071.072021484375,137.1520538330078
567,1,0.0,unknown,,,1080.499755859375,105.54336547851562,1058.0552978515625,118.01197814941406,1037.5567626953125,164.29104614257812,1071.072021484375,137.1520538330078
568,1,0.0,unknown,,,1080.499755859375,105.54336547851562,1058.0552978515625,118.01197814941406,1037.5567626953125,164.29104614257812,1071.072021484375,137.1520538330078
569,1,0.0,unknown,,,1080.499755859375,105.54336547851562,1058.0552978515625,118.01197814941406,1037.5567626953125,164.29104614257812,1071.072021484375,137.1520538330078
570,1,0.0,unknown,,,1080.499755859375,105.54336547851562,1058.0552978515625,118.01197814941406,1037.5567626953125,164.29104614257812,1071.072021484375,137.1520538330078
571,1,0.0,unknown,,,1080.499755859375,105.54336547851562,1058.0552978515625,118.01197814941406,1037.5567626953125,164.29104614257812,1071.072021484375,137.1520538330078
572,1,0.0,unknown,,,1080.499755859375,105.54336547851562,1058.0552978515625,118.01197814941406,1037.5567626953125,164.29104614257812,1071.072021484375,137.1520538330078
573,1,0.0,unknown,,,1080.499755859375,105.54336547851562,1058.0552978515625,118.01197814941406,1037.5567626953125,164.29104614257812,1071.072021484375,137.1520538330078
574,1,0.0,unknown,,,1080.499755859375,105.54336547851562,1058.0552978515625,118.01197814941406,1037.5567626953125,164.29104614257812,1071.072021484375,137.1520538330078
575,1,0.0,unknown,,,1080.499755859375,105.54336547851562,1058.0552978515625,118.01197814941406,1037.5567626953125,164.29104614257812,1071.072021484375,137.1520538330078
576,1,0.0,unknown,,,1080.499755859375,105.54336547851562,1058.0552978515625,118.01197814941406,1037.5567626953125,164.29104614257812,1071.072021484375,137.1520538330078
577,1,0.0,unknown,,,1080.499755859375,105.54336547851562,1058.0552978515625,118.01197814941406,1037.5567626953125,164.29104614257812,1071.072021484375,137.1520538330078
578,1,0.0,unknown,,,1080.499755859375,105.54336547851562,1058.0552978515625,118.01197814941406,1037.5567626953125,164.29104614257812,1071.072021484375,137.1520538330078
579,1,0.0,unknown,,,1080.499755859375,105.54336547851562,1058.0552978515625,118.01197814941406,1037.5567626953125,164.29104614257812,1071.072021484375,137.1520538330078
580,1,0.0,unknown,,,1080.499755859375,105.54336547851562,1058.0552978515625,118.01197814941406,1037.5567626953125,164.29104614257812,1071.072021484375,137.1520538330078
581,1,0.0,unknown,,,1080.499755859375,105.54336547851562,1058.0552978515625,118.01197814941406,1037.5567626953125,164.29104614257812,1071.072021484375,137.1520538330078
582,1,0.0,unknown,,,1080.499755859375,105.54336547851562,1058.0552978515625,118.01197814941406,1037.5567626953125,164.29104614257812,1071.072021484375,137.1520538330078
583,1,0.0,unknown,,,1080.499755859375,105.54336547851562,1058.0552978515625,118.01197814941406,1037.5567626953125,164.29104614257812,1071.072021484375,137.1520538330078
584,1,0.0,unknown,,,1080.499755859375,105.54336547851562,1058.0552978515625,118.01197814941406,1037.5567626953125,164.29104614257812,1071.072021484375,137.1520538330078
585,1,0.0,unknown,,,1080.499755859375,105.54336547851562,1058.0552978515625,118.01197814941406,1037.5567626953125,164.29104614257812,1071.072021484375,137.1520538330078
586,1,0.0,unknown,,,1080.499755859375,105.54336547851562,1058.0552978515625,118.01197814941406,1037.5567626953125,164.29104614257812,1071.072021484375,137.1520538330078
587,1,0.0,unknown,,,1080.499755859375,105.54336547851562,1058.0552978515625,118.01197814941406,1037.5567626953125,164.29104614257812,1071.072021484375,137.1520538330078
588,1,0.0,unknown,,,1080.499755859375,105.54336547851562,1058.0552978515625,118.01197814941406,1037.5567626953125,164.29104614257812,1071.072021484375,137.1520538330078
589,1,0.0,unknown,,,1080.499755859375,105.54336547851562,1058.0552978515625,118.01197814941406,1037.5567626953125,164.29104614257812,1071.072021484375,137.1520538330078
590,1,0.0,unknown,,,1080.499755859375,105.54336547851562,1058.0552978515625,118.01197814941406,1037.5567626953125,164.29104614257812,1071.072021484375,137.1520538330078
591,1,0.0,unknown,,,1080.499755859375,105.54336547851562,1058.0552978515625,118.01197814941406,1037.5567626953125,164.29104614257812,1071.072021484375,137.1520538330078
592,1,0.0,unknown,,,1080.499755859375,105.54336547851562,1058.0552978515625,118.01197814941406,1037.5567626953125,164.29104614257812,1071.072021484375,137.1520538330078
593,1,0.0,unknown,,,1080.499755859375,105.54336547851562,1058.0552978515625,118.01197814941406,1037.5567626953125,164.29104614257812,1071.072021484375,137.1520538330078
594,1,0.0,unknown,,,1080.499755859375,105.54336547851562,1058.0552978515625,118.01197814941406,1037.5567626953125,164.29104614257812,1071.072021484375,137.1520538330078
595,1,0.0,unknown,,,1080.499755859375,105.54336547851562,1058.0552978515625,118.01197814941406,1037.5567626953125,164.29104614257812,1071.072021484375,137.1520538330078
596,1,0.0,unknown,,,1080.499755859375,105.54336547851562,1058.0552978515625,118.01197814941406,1037.5567626953125,164.29104614257812,1071.072021484375,137.1520538330078
597,1,0.0,unknown,,,1080.499755859375,105.54336547851562,1058.0552978515625,118.01197814941406,1037.5567626953125,164.29104614257812,1071.072021484375,137.1520538330078
598,1,0.0,unknown,,,1080.499755859375,105.54336547851562,1058.0552978515625,118.01197814941406,1037.5567626953125,164.29104614257812,1071.072021484375,137.1520538330078
599,1,0.0,unknown,,,1080.499755859375,105.54336547851562,1058.0552978515625,118.01197814941406,1037.5567626953125,164.29104614257812,1071.072021484375,137.1520538330078
600,1,0.0,unknown,,,1080.499755859375,105.54336547851562,1058.0552978515625,118.01197814941406,1037.5567626953125,164.29104614257812,1071.072021484375,137.1520538330078
601,1,0.0,unknown,,,1080.499755859375,105.54336547851562,1058.0552978515625,118.01197814941406,1037.5567626953125,164.29104614257812,1071.072021484375,137.1520538330078
602,1,0.0,unknown,,,1080.499755859375,105.54336547851562,1058.0552978515625,118.01197814941406,1037.5567626953125,164.29104614257812,1071.072021484375,137.1520538330078
603,1,0.0,unknown,,,1080.499755859375,105.54336547851562,1058.0552978515625,118.01197814941406,1037.5567626953125,164.29104614257812,1071.072021484375,137.1520538330078
604,1,0.0,unknown,,,1080.499755859375,105.54336547851562,1058.0552978515625,118.01197814941406,1037.5567626953125,164.29104614257812,1071.072021484375,137.1520538330078
605,1,0.0,unknown,,,1080.499755859375,105.54336547851562,1058.0552978515625,118.01197814941406,1037.5567626953125,164.29104614257812,1071.072021484375,137.1520538330078
606,1,0.0,unknown,,,1080.499755859375,105.54336547851562,1058.0552978515625,118.01197814941406,1037.5567626953125,164.29104614257812,1071.072021484375,137.1520538330078
607,1,0.0,unknown,,,1080.499755859375,105.54336547851562,1058.0552978515625,118.01197814941406,1037.5567626953125,164.29104614257812,1071.072021484375,137.1520538330078
608,1,0.0,unknown,,,1080.499755859375,105.54336547851562,1058.0552978515625,118.01197814941406,1037.5567626953125,164.29104614257812,1071.072021484375,137.1520538330078
609,1,0.0,unknown,,,1080.499755859375,105.54336547851562,1058.0552978515625,118.01197814941406,1037.5567626953125,164.29104614257812,1071.072021484375,137.1520538330078
610,1,0.0,unknown,,,1080.499755859375,105.54336547851562,1058.0552978515625,118.01197814941406,1037.5567626953125,164.29104614257812,1071.072021484375,137.1520538330078
611,1,0.0,unknown,,,1080.499755859375,105.54336547851562,1058.0552978515625,118.01197814941406,1037.5567626953125,164.29104614257812,1071.072021484375,137.1520538330078
612,1,0.0,unknown,,,1080.499755859375,105.54336547851562,1058.0552978515625,118.01197814941406,1037.5567626953125,164.29104614257812,1071.072021484375,137.1520538330078
613,1,0.0,unknown,,,1080.499755859375,105.54336547851562,1058.0552978515625,118.01197814941406,1037.5567626953125,164.29104614257812,1071.072021484375,137.1520538330078
614,1,0.0,unknown,,,1080.499755859375,105.54336547851562,1058.0552978515625,118.01197814941406,1037.5567626953125,164.29104614257812,1071.072021484375,137.1520538330078
615,1,0.0,unknown,,,1080.499755859375,105.54336547851562,1058.0552978515625,118.01197814941406,1037.5567626953125,164.29104614257812,1071.072021484375,137.1520538330078
616,1,0.0,unknown,,,1080.499755859375,105.54336547851562,1058.0552978515625,118.01197814941406,1037.5567626953125,164.29104614257812,1071.072021484375,137.1520538330078
617,1,0.0,unknown,,,1080.499755859375,105.54336547851562,1058.0552978515625,118.01197814941406,1037.5567626953125,164.29104614257812,1071.072021484375,137.1520538330078
618,1,0.0,unknown,,,1080.499755859375,105.54336547851562,1058.0552978515625,118.01197814941406,1037.5567626953125,164.29104614257812,1071.072021484375,137.1520538330078
619,1,0.0,unknown,,,1080.499755859375,105.54336547851562,1058.0552978515625,118.01197814941406,1037.5567626953125,164.29104614257812,1071.072021484375,137.1520538330078
620,1,0.0,unknown,,,1080.499755859375,105.54336547851562,1058.0552978515625,118.01197814941406,1037.5567626953125,164.29104614257812,1071.072021484375,137.1520538330078
621,1,0.0,unknown,,,1080.499755859375,105.54336547851562,1058.0552978515625,118.01197814941406,1037.5567626953125,164.29104614257812,1071.072021484375,137.1520538330078
622,1,0.0,unknown,,,1080.499755859375,105.54336547851562,1058.0552978515625,118.01197814941406,1037.5567626953125,164.29104614257812,1071.072021484375,137.1520538330078
623,1,0.0,unknown,,,1080.499755859375,105.54336547851562,1058.0552978515625,118.01197814941406,1037.5567626953125,164.29104614257812,1071.072021484375,137.1520538330078
624,1,0.0,unknown,,,1080.499755859375,105.54336547851562,1058.0552978515625,118.01197814941406,1037.5567626953125,164.29104614257812,1071.072021484375,137.1520538330078
625,1,0.0,unknown,,,1080.499755859375,105.54336547851562,1058.0552978515625,118.01197814941406,1037.5567626953125,164.29104614257812,1071.072021484375,137.1520538330078
626,1,0.0,unknown,,,1080.499755859375,105.54336547851562,1058.0552978515625,118.01197814941406,1037.5567626953125,164.29104614257812,1071.072021484375,137.1520538330078
627,1,0.0,unknown,,,1080.499755859375,105.54336547851562,1058.0552978515625,118.01197814941406,1037.5567626953125,164.29104614257812,1071.072021484375,137.1520538330078
628,1,0.0,unknown,,,1080.499755859375,105.54336547851562,1058.0552978515625,118.01197814941406,1037.5567626953125,164.29104614257812,1071.072021484375,137.1520538330078
629,1,0.0,unknown,,,1080.499755859375,105.54336547851562,1058.0552978515625,118.01197814941406,1037.5567626953125,164.29104614257812,1071.072021484375,137.1520538330078
630,1,0.0,unknown,,,1080.499755859375,105.54336547851562,1058.0552978515625,118.01197814941406,1037.5567626953125,164.29104614257812,1071.072021484375,137.1520538330078
631,1,0.0,unknown,,,1080.499755859375,105.54336547851562,1058.0552978515625,118.01197814941406,1037.5567626953125,164.29104614257812,1071.072021484375,137.1520538330078
632,1,0.0,unknown,,,1080.499755859375,105.54336547851562,1058.0552978515625,118.01197814941406,1037.5567626953125,164.29104614257812,1071.072021484375,137.1520538330078
633,1,0.0,unknown,,,1080.499755859375,105.54336547851562,1058.0552978515625,118.01197814941406,1037.5567626953125,164.29104614257812,1071.072021484375,137.1520538330078
634,1,0.0,unknown,,,1080.499755859375,105.54336547851562,1058.0552978515625,118.01197814941406,1037.5567626953125,164.29104614257812,1071.072021484375,137.1520538330078
635,1,0.0,unknown,,,1080.499755859375,105.54336547851562,1058.0552978515625,118.01197814941406,1037.5567626953125,164.29104614257812,1071.072021484375,137.1520538330078
636,1,0.0,unknown,,,1080.499755859375,105.54336547851562,1058.0552978515625,118.01197814941406,1037.5567626953125,164.29104614257812,1071.072021484375,137.1520538330078
637,1,0.0,unknown,,,1080.499755859375,105.54336547851562,1058.0552978515625,118.01197814941406,1037.5567626953125,164.29104614257812,1071.072021484375,137.1520538330078
638,1,0.0,unknown,,,1080.499755859375,105.54336547851562,1058.0552978515625,118.01197814941406,1037.5567626953125,164.29104614257812,1071.072021484375,137.1520538330078
639,1,0.8259304165840149,right_up,0,72.66769409179688,1078.8695068359375,105.969970703125,1056.9287109375,119.09483337402344,1036.90576171875,165.2965087890625,1069.5955810546875,138.30584716796875
640,1,0.0,unknown,,,1078.8695068359375,105.969970703125,1056.9287109375,119.09483337402344,1036.90576171875,165.2965087890625,1069.5955810546875,138.30584716796875
641,1,0.8228619694709778,right_up,0,72.2562255859375,1077.4439697265625,106.71286010742188,1055.996826171875,120.11965942382812,1036.251953125,166.07766723632812,1068.21630859375,139.4168701171875
642,1,0.8228619694709778,right_up,0,71.97175598144531,1076.446044921875,107.23287963867188,1055.344482421875,120.83705139160156,1035.794189453125,166.6244659423828,1067.250732421875,140.194580078125
643,1,0.8228619694709778,right_up,0,71.77442169189453,1075.74755859375,107.59689331054688,1054.8878173828125,121.33921813964844,1035.4737548828125,167.00723266601562,1066.574951171875,140.73898315429688
644,1,0.8228619694709778,right_up,0,71.63706970214844,1075.258544921875,107.8517074584961,1054.568115234375,121.69073486328125,1035.24951171875,167.27516174316406,1066.101806640625,141.12005615234375
645,1,0.8230869174003601,right_up,0,71.50428771972656,1074.9100341796875,108.21443176269531,1054.2618408203125,122.11004638671875,1034.949462890625,167.51043701171875,1065.66064453125,141.644775390625
646,1,0.8230869174003601,right_up,0,71.41140747070312,1074.6661376953125,108.46833801269531,1054.04736328125,122.403564453125,1034.7393798828125,167.6751251220703,1065.351806640625,142.0120849609375
647,1,0.8230869174003601,right_up,0,71.34638977050781,1074.495361328125,108.64607238769531,1053.897216796875,122.60902404785156,1034.59228515625,167.7904052734375,1065.1356201171875,142.26919555664062
648,1,0.8230869174003601,right_up,0,71.30087280273438,1074.3758544921875,108.7704849243164,1053.7921142578125,122.75285339355469,1034.4893798828125,167.87110900878906,1064.9842529296875,142.4491729736328
649,1,0.8230869174003601,right_up,0,71.2690200805664,1074.292236328125,108.85757446289062,1053.7186279296875,122.85353088378906,1034.4173583984375,167.92759704589844,1064.8782958984375,142.57516479492188
650,1,0.8246772289276123,right_up,0,71.62136840820312,1074.4232177734375,108.50331115722656,1053.6904296875,122.62519073486328,1034.336669921875,167.85556030273438,1064.975830078125,142.53292846679688
651,1,0.8246772289276123,right_up,0,71.86797332763672,1074.514892578125,108.25532531738281,1053.670654296875,122.4653549194336,1034.2802734375,167.80514526367188,1065.044189453125,142.50335693359375
652,1,0.8246772289276123,right_up,0,72.0406494140625,1074.5791015625,108.08172607421875,1053.6568603515625,122.35346984863281,1034.24072265625,167.76983642578125,1065.092041015625,142.482666015625
653,1,0.8246772289276123,right_up,0,72.16145324707031,1074.6240234375,107.960205078125,1053.647216796875,122.27515411376953,1034.213134765625,167.7451171875,1065.12548828125,142.46817016601562
654,1,0.8246772289276123,right_up,0,72.24609375,1074.655517578125,107.87515258789062,1053.640380859375,122.22032928466797,1034.1937255859375,167.72781372070312,1065.14892578125,142.45802307128906
655,1,0.8236111998558044,right_up,0,72.40115356445312,1074.7235107421875,107.86029052734375,1053.647216796875,122.17391967773438,1034.008056640625,167.72830200195312,1065.0693359375,142.4572296142578
656,1,0.8236111998558044,right_up,0,72.51004791259766,1074.7711181640625,107.84989166259766,1053.6519775390625,122.14143371582031,1033.8780517578125,167.7286376953125,1065.0135498046875,142.45668029785156
657,1,0.8236111998558044,right_up,0,72.58647918701172,1074.804443359375,107.84261322021484,1053.6552734375,122.11869049072266,1033.7869873046875,167.7288818359375,1064.9744873046875,142.456298828125
658,1,0.8236111998558044,right_up,0,72.6400375366211,1074.8277587890625,107.83751678466797,1053.6575927734375,122.10277557373047,1033.7232666015625,167.7290496826172,1064.9471435546875,142.45602416992188
659,1,0.8236111998558044,right_up,0,72.67748260498047,1074.843994140625,107.83394622802734,1053.6591796875,122.09162902832031,1033.6787109375,167.72915649414062,1064.927978515625,142.45584106445312
660,1,0.8239278197288513,right_up,0,72.7582015991211,1075.15771484375,107.97916412353516,1053.7686767578125,122.0958251953125,1033.4814453125,167.6184539794922,1064.9176025390625,142.6644744873047
661,1,0.8239278197288513,right_up,0,72.81732177734375,1075.3773193359375,108.080810546875,1053.8453369140625,122.0987548828125,1033.3433837890625,167.5409698486328,1064.910400390625,142.81051635742188
662,1,0.8239278197288513,right_up,0,72.85997772216797,1075.531005859375,108.15196228027344,1053.89892578125,122.10079956054688,1033.2467041015625,167.48672485351562,1064.9052734375,142.91275024414062
663,1,0.8239278197288513,right_up,0,72.89041137695312,1075.6385498046875,108.20177459716797,1053.9365234375,122.10223388671875,1033.1790771484375,167.44876098632812,1064.901611328125,142.98431396484375
664,1,0.8239278197288513,right_up,0,72.91205596923828,1075.7138671875,108.23664093017578,1053.962890625,122.10324096679688,1033.1317138671875,167.42218017578125,1064.899169921875,143.03440856933594
665,1,0.8291751146316528,right_up,0,73.22909545898438,1076.90673828125,108.5528335571289,1054.5858154296875,122.32266998291016,1033.135986328125,167.26077270507812,1065.757080078125,143.25906372070312
666,1,0.8291751146316528,right_up,0,73.46350860595703,1077.7418212890625,108.774169921875,1055.0218505859375,122.47627258300781,1033.1390380859375,167.1477813720703,1066.357666015625,143.41632080078125
667,1,0.8291751146316528,right_up,0,73.63371276855469,1078.326416015625,108.9291000366211,1055.3270263671875,122.58379364013672,1033.14111328125,167.06869506835938,1066.778076171875,143.52639770507812
668,1,0.8291751146316528,right_up,0,73.75576782226562,1078.735595703125,109.03755187988281,1055.5406494140625,122.6590576171875,1033.142578125,167.01332092285156,1067.072265625,143.60345458984375
669,1,0.8291751146316528,right_up,0,73.84263610839844,1079.02197265625,109.11347198486328,1055.690185546875,122.71173858642578,1033.1435546875,166.9745635986328,1067.2781982421875,143.6573944091797
670,1,0.8254095315933228,right_up,0,74.45777130126953,1078.7457275390625,108.13526916503906,1055.4012451171875,121.96453857421875,1033.0216064453125,166.89974975585938,1067.0643310546875,143.0428924560547
671,1,0.8254095315933228,right_up,0,74.89201354980469,1078.5523681640625,107.45053100585938,1055.198974609375,121.44149780273438,1032.936279296875,166.84738159179688,1066.9146728515625,142.6127471923828
672,1,0.8254095315933228,right_up,0,75.19778442382812,1078.4169921875,106.97120666503906,1055.057373046875,121.07536315917969,1032.87646484375,166.8107147216797,1066.8099365234375,142.3116455078125
673,1,0.8254095315933228,right_up,0,75.4126968383789,1078.322265625,106.63568115234375,1054.958251953125,120.81907653808594,1032.8345947265625,166.78504943847656,1066.736572265625,142.1008758544922
674,1,0.0,unknown,,,1078.322265625,106.63568115234375,1054.958251953125,120.81907653808594,1032.8345947265625,166.78504943847656,1066.736572265625,142.1008758544922
675,1,0.826711118221283,right_up,0,75.12265014648438,1078.3995361328125,107.10890197753906,1055.096435546875,121.23533630371094,1032.5926513671875,166.64999389648438,1066.64990234375,142.44979858398438
676,1,0.0,unknown,,,1078.3995361328125,107.10890197753906,1055.096435546875,121.23533630371094,1032.5926513671875,166.64999389648438,1066.64990234375,142.44979858398438
677,1,0.0,unknown,,,1078.3995361328125,107.10890197753906,1055.096435546875,121.23533630371094,1032.5926513671875,166.64999389648438,1066.64990234375,142.44979858398438
678,1,0.0,unknown,,,1078.3995361328125,107.10890197753906,1055.096435546875,121.23533630371094,1032.5926513671875,166.64999389648438,1066.64990234375,142.44979858398438
679,1,0.826711118221283,right_up,0,74.92265319824219,1078.45361328125,107.44015502929688,1055.1932373046875,121.52671813964844,1032.42333984375,166.55545043945312,1066.589111328125,142.69406127929688
680,1,0.8283617496490479,right_up,0,75.57749938964844,1079.1832275390625,107.22234344482422,1055.4246826171875,121.32252502441406,1032.258056640625,166.4674835205078,1066.95947265625,142.522216796875
681,1,0.0,unknown,,,1079.1832275390625,107.22234344482422,1055.4246826171875,121.32252502441406,1032.258056640625,166.4674835205078,1066.95947265625,142.522216796875
682,1,0.0,unknown,,,1079.1832275390625,107.22234344482422,1055.4246826171875,121.32252502441406,1032.258056640625,166.4674835205078,1066.95947265625,142.522216796875
683,1,0.0,unknown,,,1079.1832275390625,107.22234344482422,1055.4246826171875,121.32252502441406,1032.258056640625,166.4674835205078,1066.95947265625,142.522216796875
684,1,0.0,unknown,,,1079.1832275390625,107.22234344482422,1055.4246826171875,121.32252502441406,1032.258056640625,166.4674835205078,1066.95947265625,142.522216796875
685,1,0.0,unknown,,,1079.1832275390625,107.22234344482422,1055.4246826171875,121.32252502441406,1032.258056640625,166.4674835205078,1066.95947265625,142.522216796875
686,1,0.0,unknown,,,1079.1832275390625,107.22234344482422,1055.4246826171875,121.32252502441406,1032.258056640625,166.4674835205078,1066.95947265625,142.522216796875
687,1,0.0,unknown,,,1079.1832275390625,107.22234344482422,1055.4246826171875,121.32252502441406,1032.258056640625,166.4674835205078,1066.95947265625,142.522216796875
688,1,0.8367531895637512,right_up,0,75.40617370605469,1079.7860107421875,107.59271240234375,1055.84765625,121.30598449707031,1032.212646484375,166.0979766845703,1067.02099609375,142.7071990966797
689,1,0.0,unknown,,,1079.7860107421875,107.59271240234375,1055.84765625,121.30598449707031,1032.212646484375,166.0979766845703,1067.02099609375,142.7071990966797
690,1,0.0,unknown,,,1079.7860107421875,107.59271240234375,1055.84765625,121.30598449707031,1032.212646484375,166.0979766845703,1067.02099609375,142.7071990966797
691,1,0.829723060131073,right_up,0,74.65974426269531,1079.0535888671875,107.95066833496094,1055.50927734375,121.49560546875,1032.39794921875,166.23727416992188,1066.6427001953125,143.02772521972656
692,1,0.0,unknown,,,1079.0535888671875,107.95066833496094,1055.50927734375,121.49560546875,1032.39794921875,166.23727416992188,1066.6427001953125,143.02772521972656
693,1,0.829723060131073,right_up,0,74.1398696899414,1078.5408935546875,108.20124816894531,1055.2724609375,121.62834167480469,1032.5277099609375,166.33477783203125,1066.3779296875,143.25209045410156
694,1,0.829723060131073,right_up,0,73.7772445678711,1078.1820068359375,108.37664794921875,1055.106689453125,121.72126007080078,1032.61865234375,166.40304565429688,1066.192626953125,143.40914916992188
695,1,0.8140512108802795,right_up,0,73.35517120361328,1077.580810546875,109.33495330810547,1054.825439453125,123.16998291015625,1032.931396484375,167.5364227294922,1066.202392578125,143.91485595703125
696,1,0.0,unknown,,,1077.580810546875,109.33495330810547,1054.825439453125,123.16998291015625,1032.931396484375,167.5364227294922,1066.202392578125,143.91485595703125
697,1,0.8140512108802795,right_up,0,73.06546020507812,1077.1600341796875,110.00576782226562,1054.6285400390625,124.18408203125,1033.150146484375,168.3297882080078,1066.209228515625,144.2688446044922
698,1,0.8140512108802795,right_up,0,72.86539459228516,1076.865478515625,110.47533416748047,1054.49072265625,124.89395141601562,1033.3033447265625,168.88514709472656,1066.214111328125,144.51663208007812
699,1,0.8140512108802795,right_up,0,72.72669219970703,1076.6593017578125,110.80403137207031,1054.394287109375,125.390869140625,1033.41064453125,169.27389526367188,1066.217529296875,144.69009399414062
700,1,0.7897154092788696,right_up,0,65.45378875732422,1066.6884765625,117.9013671875,1048.6337890625,130.3458251953125,1029.959228515625,172.0784912109375,1057.4588623046875,147.7518310546875
701,1,0.7897154092788696,right_up,0,60.44191360473633,1059.7088623046875,122.86949920654297,1044.6014404296875,133.8142852783203,1027.543212890625,174.04171752929688,1051.3277587890625,149.89505004882812
702,1,0.7897154092788696,right_up,0,56.9830436706543,1054.8231201171875,126.34719848632812,1041.77880859375,136.24221801757812,1025.85205078125,175.4159698486328,1047.0360107421875,151.39529418945312
703,1,0.7897154092788696,right_up,0,54.59090042114258,1051.403076171875,128.78158569335938,1039.802978515625,137.9417724609375,1024.668212890625,176.37794494628906,1044.03173828125,152.44546508789062
704,1,0.7897154092788696,right_up,0,52.932621002197266,1049.009033203125,130.48565673828125,1038.419921875,139.13145446777344,1023.839599609375,177.05133056640625,1041.9288330078125,153.1805877685547
705,1,0.848102331161499,right_up,0,54.09320068359375,1055.9141845703125,128.257568359375,1039.90625,135.2619171142578,1023.6397705078125,171.66766357421875,1045.966064453125,150.85623168945312
706,1,0.848102331161499,right_up,0,55.54221725463867,1060.7476806640625,126.69790649414062,1040.94677734375,132.55325317382812,1023.4998779296875,167.89910888671875,1048.7921142578125,149.2291717529297
707,1,0.848102331161499,right_up,0,56.845298767089844,1064.1312255859375,125.60614013671875,1041.675048828125,130.6571807861328,1023.4019775390625,165.2611083984375,1050.7703857421875,148.09024047851562
708,1,0.848102331161499,right_up,0,57.889312744140625,1066.4996337890625,124.84190368652344,1042.1849365234375,129.32992553710938,1023.3333740234375,163.41452026367188,1052.1551513671875,147.29298400878906
709,1,0.848102331161499,right_up,0,58.68122100830078,1068.1575927734375,124.30693054199219,1042.541748046875,128.40084838867188,1023.285400390625,162.1219024658203,1053.12451171875,146.73489379882812
710,1,0.8116901516914368,right_up,0,58.80512237548828,1070.6356201171875,126.09640502929688,1044.8818359375,127.94203186035156,1022.0897216796875,159.28282165527344,1054.3619384765625,146.61441040039062
711,1,0.8116901516914368,right_up,0,59.24345016479492,1072.3702392578125,127.34904479980469,1046.52001953125,127.620849609375,1021.2527465820312,157.29547119140625,1055.2281494140625,146.5300750732422
712,1,0.8116901516914368,right_up,0,59.719078063964844,1073.58447265625,128.22589111328125,1047.666748046875,127.39602661132812,1020.6668701171875,155.90432739257812,1055.83447265625,146.47103881835938
713,1,0.8116901516914368,right_up,0,60.13267135620117,1074.434326171875,128.83969116210938,1048.4693603515625,127.2386474609375,1020.2567749023438,154.93051147460938,1056.2589111328125,146.42971801757812
714,1,0.8116901516914368,right_up,0,60.46099090576172,1075.029296875,129.26934814453125,1049.03125,127.12849426269531,1019.9697265625,154.24884033203125,1056.5560302734375,146.40078735351562
715,1,0.8463945388793945,right_up,0,59.88130187988281,1076.9290771484375,123.75450134277344,1050.7730712890625,122.44070434570312,1023.3873291015625,150.56964111328125,1058.992919921875,141.1797332763672
716,1,0.8463945388793945,right_up,0,59.52898025512695,1078.2589111328125,119.89411163330078,1051.9923095703125,119.15924835205078,1025.779541015625,147.99420166015625,1060.69873046875,137.52499389648438
717,1,0.8463945388793945,right_up,0,59.30900192260742,1079.1898193359375,117.19184112548828,1052.8458251953125,116.86223602294922,1027.4541015625,146.19137573242188,1061.892822265625,134.9666748046875
718,1,0.8463945388793945,right_up,0,59.168174743652344,1079.8414306640625,115.30024719238281,1053.4432373046875,115.25432586669922,1028.6263427734375,144.92941284179688,1062.728759765625,133.17584228515625
719,1,0.8463945388793945,right_up,0,59.076053619384766,1080.297607421875,113.97613525390625,1053.8614501953125,114.1287841796875,1029.447021484375,144.0460205078125,1063.3138427734375,131.92227172851562
720,1,0.8047584891319275,right_up,0,63.768577575683594,1081.66357421875,110.39218139648438,1053.685546875,111.97850036621094,1026.833984375,142.95208740234375,1063.5546875,131.87655639648438
721,1,0.8047584891319275,right_up,0,67.05343627929688,1082.6197509765625,107.88341522216797,1053.5623779296875,110.47329711914062,1025.0048828125,142.18634033203125,1063.7232666015625,131.8445587158203
722,1,0.8047584891319275,right_up,0,69.3529052734375,1083.2890625,106.12727355957031,1053.47607421875,109.41966247558594,1023.7244873046875,141.6503143310547,1063.84130859375,131.82215881347656
723,1,0.8047584891319275,right_up,0,70.96255493164062,1083.757568359375,104.89797973632812,1053.415771484375,108.68211364746094,1022.8281860351562,141.2751007080078,1063.9239501953125,131.80648803710938
724,1,0.8047584891319275,right_up,0,72.08934783935547,1084.0855712890625,104.03746795654297,1053.37353515625,108.16583251953125,1022.2008056640625,141.012451171875,1063.9818115234375,131.79550170898438
725,1,0.8572933077812195,right_up,0,70.4330062866211,1078.55908203125,109.14393615722656,1048.0501708984375,112.25399017333984,1017.5836181640625,144.39732360839844,1059.2301025390625,134.26318359375
726,1,0.8572933077812195,right_up,0,69.2825927734375,1074.6905517578125,112.71846771240234,1044.3238525390625,115.1156997680664,1014.3515625,146.7667236328125,1055.9039306640625,135.99057006835938
727,1,0.8572933077812195,right_up,0,68.48202514648438,1071.982666015625,115.22063446044922,1041.71533203125,117.118896484375,1012.089111328125,148.42530822753906,1053.57568359375,137.19973754882812
728,1,0.8572933077812195,right_up,0,67.92402648925781,1070.087158203125,116.97215270996094,1039.889404296875,118.52113342285156,1010.50537109375,149.58631896972656,1051.9459228515625,138.04615783691406
729,1,0.8572933077812195,right_up,0,67.53446960449219,1068.76025390625,118.1982192993164,1038.611328125,119.50270080566406,1009.3968505859375,150.39901733398438,1050.8050537109375,138.63864135742188
730,1,0.8081620931625366,right_up,0,69.43108367919922,1064.32421875,117.96760559082031,1034.73291015625,121.41688537597656,1005.13134765625,154.25643920898438,1046.674072265625,140.8278350830078
731,1,0.8081620931625366,right_up,0,70.86914825439453,1061.218994140625,117.80616760253906,1032.01806640625,122.75682067871094,1002.1455078125,156.95663452148438,1043.7822265625,142.3602752685547
732,1,0.8081620931625366,right_up,0,71.92662048339844,1059.04541015625,117.69316101074219,1030.11767578125,123.69476318359375,1000.055419921875,158.84677124023438,1041.758056640625,143.4329833984375
733,1,0.8081620931625366,right_up,0,72.690673828125,1057.52392578125,117.61405944824219,1028.787353515625,124.35133361816406,998.59228515625,160.16986083984375,1040.341064453125,144.18386840820312
734,1,0.8081620931625366,right_up,0,73.23664093017578,1056.458740234375,117.55868530273438,1027.856201171875,124.81092834472656,997.568115234375,161.0960235595703,1039.34912109375,144.70948791503906
735,1,0.7947404384613037,right_up,0,58.264122009277344,1040.3192138671875,127.33987426757812,1019.4144287109375,133.20631408691406,996.0988159179688,165.2775115966797,1028.0224609375,150.720703125
736,1,0.7947404384613037,right_up,0,48.06138229370117,1029.021484375,134.18670654296875,1013.505126953125,139.0830841064453,995.0703125,168.20455932617188,1020.0938720703125,154.92855834960938
737,1,0.7947404384613037,right_up,0,41.16193771362305,1021.113037109375,138.9794921875,1009.36865234375,143.1968231201172,994.350341796875,170.2534942626953,1014.5438232421875,157.87405395507812
738,1,0.7947404384613037,right_up,0,36.521812438964844,1015.5771484375,142.33444213867188,1006.47314453125,146.07644653320312,993.8463745117188,171.687744140625,1010.6588134765625,159.93589782714844
739,1,0.7947404384613037,right_up,0,33.40719985961914,1011.7020263671875,144.6829071044922,1004.4462890625,148.09217834472656,993.4935913085938,172.6917266845703,1007.9393310546875,161.37918090820312
740,1,0.7906773090362549,right_up,0,28.221561431884766,1003.548828125,145.76434326171875,998.5972900390625,148.148681640625,989.255615234375,170.09869384765625,999.3404541015625,161.39285278320312
741,1,0.7906773090362549,right_up,0,24.63850212097168,997.8416137695312,146.52134704589844,994.5029907226562,148.188232421875,986.2890625,168.2835693359375,993.3212890625,161.4024200439453
742,1,0.7906773090362549,right_up,0,22.165023803710938,993.8465576171875,147.05123901367188,991.6370239257812,148.21591186523438,984.21240234375,167.0129852294922,989.1077880859375,161.40911865234375
743,1,0.7906773090362549,right_up,0,20.456939697265625,991.0499877929688,147.42218017578125,989.630859375,148.23529052734375,982.7587890625,166.1235809326172,986.1583251953125,161.41380310058594
744,1,0.7906773090362549,right_up,0,19.275964736938477,989.0924072265625,147.68182373046875,988.2265014648438,148.24887084960938,981.7412109375,165.50099182128906,984.09375,161.41708374023438
745,1,0.815618634223938,right_up,0,13.154024124145508,981.614990234375,151.43072509765625,982.0748901367188,150.77401733398438,976.679931640625,163.6239013671875,977.9969482421875,163.57550048828125
746,1,0.815618634223938,right_up,0,8.869400978088379,976.3807983398438,154.05496215820312,977.7687377929688,152.54161071777344,973.1370849609375,162.3099365234375,973.729248046875,165.0863800048828
747,1,0.815618634223938,right_up,0,5.871438503265381,972.7168579101562,155.8919219970703,974.7544555664062,153.7789306640625,970.656982421875,161.39016723632812,970.7418212890625,166.1439971923828
748,1,0.815618634223938,right_up,0,3.7749240398406982,970.152099609375,157.17779541015625,972.6444702148438,154.64505004882812,968.9210205078125,160.746337890625,968.650634765625,166.88433837890625
749,1,0.815618634223938,up,0,2.3112998008728027,968.3567504882812,158.07791137695312,971.16748046875,155.2513427734375,967.705810546875,160.295654296875,967.186767578125,167.40257263183594
750,1,0.8299526572227478,down,0,4.459060192108154,961.075927734375,165.7757568359375,964.3973388671875,158.46224975585938,960.079345703125,161.4294891357422,959.3763427734375,171.82791137695312
751,1,0.8299526572227478,right_down,0,9.026427268981934,955.979248046875,171.16424560546875,959.658203125,160.7098846435547,954.7408447265625,162.22317504882812,953.9090576171875,174.92562866210938
752,1,0.8299526572227478,right_down,0,12.238653182983398,952.41162109375,174.93618774414062,956.3408203125,162.28321838378906,951.00390625,162.7787628173828,950.0819091796875,177.0940399169922
753,1,0.8299526572227478,right_down,0,14.489497184753418,949.914306640625,177.57655334472656,954.0186767578125,163.38455200195312,948.3880615234375,163.16766357421875,947.4029541015625,178.6119384765625
754,1,0.8299526572227478,right_down,0,16.065696716308594,948.1661376953125,179.4248046875,952.3931884765625,164.15548706054688,946.5570068359375,163.4398956298828,945.5277099609375,179.67446899414062
755,1,0.8453672528266907,left_down,0,21.731576919555664,927.8568115234375,173.8543243408203,939.7254028320312,159.73243713378906,946.2418823242188,162.26766967773438,933.8087158203125,177.14376831054688
756,1,0.8453672528266907,left_down,0,33.480079650878906,913.6402587890625,169.95498657226562,930.8579711914062,156.6363067626953,946.0213012695312,161.44711303710938,925.6054077148438,175.3722686767578
757,1,0.8453672528266907,left_down,0,42.653953552246094,903.6886596679688,167.22544860839844,924.6507568359375,154.46900939941406,945.8668823242188,160.87271118164062,919.8630981445312,174.13223266601562
758,1,0.8453672528266907,left_down,0,49.274940490722656,896.7225341796875,165.3147735595703,920.3056640625,152.951904296875,945.7587890625,160.47064208984375,915.843505859375,173.2642059326172
759,1,0.8453672528266907,left_down,0,53.9699592590332,891.8462524414062,163.977294921875,917.2640991210938,151.88992309570312,945.68310546875,160.18917846679688,913.02978515625,172.65658569335938
760,1,0.8488150835037231,left_up,0,56.752647399902344,887.3422241210938,158.8889617919922,913.9521484375,150.03326416015625,943.9148559570312,163.40560913085938,908.271728515625,171.21214294433594
761,1,0.8488150835037231,left_up,0,59.3929557800293,884.1893920898438,155.32713317871094,911.6337890625,148.73361206054688,942.6771240234375,165.6571044921875,904.9410400390625,170.20101928710938
762,1,0.8488150835037231,left_up,0,61.53664779663086,881.982421875,152.83384704589844,910.0109252929688,147.8238525390625,941.8106689453125,167.233154296875,902.609619140625,169.4932403564453
763,1,0.8488150835037231,left_up,0,63.16698455810547,880.4375610351562,151.0885467529297,908.8749389648438,147.18701171875,941.2041625976562,168.33639526367188,900.9775390625,168.99778747558594
764,1,0.8488150835037231,left_up,0,64.36683654785156,879.3561401367188,149.86683654785156,908.0797729492188,146.74122619628906,940.7796020507812,169.10865783691406,899.8350830078125,168.65097045898438
765,1,0.8153178691864014,left_up,0,66.36536407470703,874.088134765625,149.96218872070312,903.8384399414062,147.2190399169922,936.8211669921875,171.61692810058594,894.2083129882812,169.55056762695312
766,1,0.8153178691864014,left_up,0,67.79536437988281,870.4005126953125,150.0289306640625,900.8695068359375,147.5535125732422,934.0501708984375,173.37271118164062,890.2695922851562,170.18028259277344
767,1,0.8153178691864014,left_up,0,68.81057739257812,867.8192138671875,150.07565307617188,898.791259765625,147.7876434326172,932.1104736328125,174.6017608642578,887.5125122070312,170.62107849121094
768,1,0.8153178691864014,left_up,0,69.52787780761719,866.0123291015625,150.1083526611328,897.3364868164062,147.9515380859375,930.752685546875,175.46209716796875,885.58251953125,170.9296417236328
769,1,0.8153178691864014,left_up,0,70.03323364257812,864.7474365234375,150.13124084472656,896.3181762695312,148.06626892089844,929.80224609375,176.0643310546875,884.2315673828125,171.1456298828125
770,1,0.8374127745628357,left_up,0,37.64048385620117,886.266357421875,152.8458251953125,900.35498046875,150.58328247070312,914.82763671875,177.36233520507812,893.9746704101562,172.1776123046875
771,1,0.8374127745628357,left_up,0,23.717430114746094,901.32958984375,154.74603271484375,903.1807861328125,152.34519958496094,904.345458984375,178.27093505859375,900.7948608398438,172.89999389648438
772,1,0.8374127745628357,right_up,0,27.244096755981445,911.8739013671875,156.07618713378906,905.1588134765625,153.57855224609375,897.0079345703125,178.90695190429688,905.5689697265625,173.40565490722656
773,1,0.8374127745628357,right_up,0,35.34314727783203,919.2548828125,157.00729370117188,906.54345703125,154.44189453125,891.87158203125,179.35215759277344,908.9108276367188,173.75962829589844
774,1,0.8374127745628357,right_up,0,42.316627502441406,924.421630859375,157.65907287597656,907.5126953125,155.04623413085938,888.2762451171875,179.66380310058594,911.2501220703125,174.0074005126953
775,1,0.8445468544960022,right_up,0,47.30144500732422,938.798828125,171.98155212402344,919.875244140625,161.69012451171875,891.6307983398438,175.5316925048828,917.951171875,182.48184204101562
776,1,0.8445468544960022,right_down,0,55.67756271362305,948.86279296875,182.0072784423828,928.529052734375,166.34083557128906,893.97900390625,172.63922119140625,922.6419067382812,188.41397094726562
777,1,0.8445468544960022,right_down,0,63.03349304199219,955.9075927734375,189.02528381347656,934.5867309570312,169.59634399414062,895.6227416992188,170.61447143554688,925.9254150390625,192.56643676757812
778,1,0.8445468544960022,right_down,0,68.67682647705078,960.8389892578125,193.93789672851562,938.8270874023438,171.87518310546875,896.7733764648438,169.19715881347656,928.223876953125,195.47317504882812
779,1,0.8445468544960022,right_down,0,72.81133270263672,964.2908935546875,197.37672424316406,941.7953491210938,173.4703826904297,897.5787963867188,168.20504760742188,929.8328247070312,197.50790405273438
780,1,0.833203911781311,right_down,0,69.25497436523438,970.2857055664062,219.21615600585938,950.8908081054688,191.22000122070312,912.130126953125,181.61056518554688,939.36279296875,213.787353515625
781,1,0.833203911781311,right_down,0,67.92908477783203,974.4821166992188,234.50375366210938,957.2576293945312,203.64474487304688,922.3160400390625,190.9944305419922,946.0337524414062,225.18295288085938
782,1,0.833203911781311,right_down,0,67.61064910888672,977.4195556640625,245.205078125,961.7144165039062,212.342041015625,929.4461669921875,197.56314086914062,950.7034301757812,233.15988159179688
783,1,0.833203911781311,right_down,0,67.69219207763672,979.4757690429688,252.69601440429688,964.8341674804688,218.43014526367188,934.437255859375,202.16122436523438,953.97216796875,238.74374389648438
784,1,0.833203911781311,right_down,0,67.89820861816406,980.9151611328125,257.9396667480469,967.0180053710938,222.69183349609375,937.9310302734375,205.3798828125,956.2603149414062,242.65243530273438
785,1,0.7513421773910522,right_down,0,48.02211380004883,959.7656860351562,277.11456298828125,957.795654296875,245.52891540527344,946.79345703125,230.8777313232422,951.6060791015625,266.01092529296875
786,1,0.7513421773910522,left_down,0,42.5760383605957,944.9610595703125,290.5369873046875,951.3399658203125,261.514892578125,952.9971923828125,248.72622680664062,948.34814453125,282.3618469238281
787,1,0.7513421773910522,left_down,0,44.898311614990234,934.5977783203125,299.93267822265625,946.821044921875,272.705078125,957.3397827148438,261.22015380859375,946.0675048828125,293.8074951171875
788,1,0.7513421773910522,left_down,0,49.2628059387207,927.343505859375,306.5096435546875,943.65771484375,280.5382080078125,960.3795776367188,269.9659423828125,944.4710693359375,301.8194580078125
789,1,0.7513421773910522,left_down,0,53.34983444213867,922.2655029296875,311.113525390625,941.443359375,286.0213623046875,962.5074462890625,276.08795166015625,943.3536376953125,307.4278259277344
790,1,0.7810928225517273,left_down,0,59.55193328857422,894.5193481445312,316.3899230957031,919.21044921875,292.7906494140625,946.342529296875,287.0506896972656,920.28662109375,315.5627746582031
791,1,0.7810928225517273,left_down,0,65.07441711425781,875.0970458984375,320.0834045410156,903.6474609375,297.5291748046875,935.027099609375,294.724609375,904.1397705078125,321.2572326660156
792,1,0.7810928225517273,left_down,0,69.37950134277344,861.50146484375,322.6688537597656,892.7533569335938,300.84613037109375,927.1063232421875,300.0963439941406,892.8369140625,325.24334716796875
793,1,0.7810928225517273,left_down,0,72.5689926147461,851.9845581054688,324.4786682128906,885.1275024414062,303.1679992675781,921.561767578125,303.8565673828125,884.9249267578125,328.03363037109375
794,1,0.7810928225517273,left_down,0,74.87645721435547,845.3226928710938,325.74554443359375,879.7893676757812,304.7933044433594,917.6805419921875,306.48870849609375,879.3865966796875,329.98681640625
795,1,0.8553547859191895,left_down,0,76.26380920410156,829.6727905273438,317.5064697265625,864.907958984375,299.03131103515625,904.8018798828125,304.399658203125,864.050537109375,324.6070251464844
796,1,0.8553547859191895,left_down,0,77.57001495361328,818.7178344726562,311.7391052246094,854.490966796875,294.9979248046875,895.786865234375,302.93731689453125,853.3153076171875,320.8411865234375
797,1,0.8553547859191895,left_down,0,78.64025115966797,811.0493774414062,307.70196533203125,847.1990966796875,292.174560546875,889.476318359375,301.9136962890625,845.8005981445312,318.205078125
798,1,0.8553547859191895,left_down,0,79.46270751953125,805.6814575195312,304.8759460449219,842.0947875976562,290.19818115234375,885.0589599609375,301.1971435546875,840.5403442382812,316.35980224609375
799,1,0.8553547859191895,left_down,0,80.07319641113281,801.9238891601562,302.8977355957031,838.5217895507812,288.8147277832031,881.966796875,300.695556640625,836.858154296875,315.068115234375
800,1,0.8227438926696777,left_down,0,82.1918716430664,792.7147827148438,297.50933837890625,830.67919921875,282.098876953125,874.8992309570312,296.404541015625,828.0240478515625,309.8503112792969
801,1,0.8227438926696777,left,0,83.68421173095703,786.2683715820312,293.7374267578125,825.1893310546875,277.3977966308594,869.951904296875,293.40081787109375,821.840087890625,306.1978454589844
802,1,0.8227438926696777,left,0,84.73308563232422,781.7559204101562,291.09710693359375,821.346435546875,274.1070251464844,866.48876953125,291.2982177734375,817.5113525390625,303.64111328125
803,1,0.8227438926696777,left,0,85.4693603515625,778.59716796875,289.2489013671875,818.6564331054688,271.8034973144531,864.0645751953125,289.826416015625,814.481201171875,301.8514099121094
804,1,0.8227438926696777,left,0,85.9857406616211,776.3860473632812,287.95513916015625,816.7734375,270.1910400390625,862.36767578125,288.796142578125,812.360107421875,300.5986022949219
805,1,0.795164167881012,left_up,0,85.0400619506836,773.1885986328125,282.5601501464844,814.2311401367188,267.63360595703125,858.1026611328125,287.1877136230469,808.0826416015625,296.9831237792969
806,1,0.795164167881012,left_up,0,84.48090362548828,770.9503784179688,278.7836608886719,812.4515380859375,265.8433837890625,855.1171875,286.0617980957031,805.0884399414062,294.4522705078125
807,1,0.795164167881012,left_up,0,84.140869140625,769.3836669921875,276.1401062011719,811.205810546875,264.5902404785156,853.02734375,285.2736511230469,802.9924926757812,292.6806945800781
808,1,0.795164167881012,left_up,0,83.92842102050781,768.2869262695312,274.28961181640625,810.3338012695312,263.7130432128906,851.564453125,284.7219543457031,801.5253295898438,291.4405822753906
809,1,0.795164167881012,left_up,0,83.79227447509766,767.5192260742188,272.9942932128906,809.723388671875,263.0989990234375,850.5404052734375,284.33575439453125,800.4983520507812,290.572509765625
810,1,0.8358334898948669,left_up,0,81.53720092773438,767.0648803710938,269.999755859375,807.332275390625,261.01544189453125,847.4016723632812,283.939453125,798.8077392578125,290.01885986328125
811,1,0.8358334898948669,left_up,0,80.02456665039062,766.7468872070312,267.903564453125,805.6585083007812,259.55694580078125,845.2045288085938,283.66204833984375,797.6243286132812,289.6313171386719
812,1,0.8358334898948669,left_up,0,79.00004577636719,766.5242919921875,266.43621826171875,804.4868774414062,258.5360107421875,843.6665649414062,283.4678649902344,796.7959594726562,289.3600158691406
813,1,0.8358334898948669,left_up,0,78.30034637451172,766.3684692382812,265.40911865234375,803.666748046875,257.82135009765625,842.5899658203125,283.3319396972656,796.216064453125,289.17010498046875
814,1,0.8358334898948669,left_up,0,77.81938171386719,766.2593994140625,264.69012451171875,803.0926513671875,257.3210754394531,841.8363647460938,283.2367858886719,795.8101806640625,289.03717041015625
815,1,0.8230813145637512,left_up,0,78.11563110351562,763.8128051757812,263.2366943359375,800.5862426757812,256.9273376464844,839.0115966796875,284.3836364746094,792.78466796875,288.34912109375
816,1,0.8230813145637512,left_up,0,78.3747787475586,762.1001586914062,262.21929931640625,798.8317260742188,256.6517333984375,837.0342407226562,285.1864318847656,790.6668090820312,287.86749267578125
817,1,0.8230813145637512,left_up,0,78.58128356933594,760.9013061523438,261.50714111328125,797.6035766601562,256.45880126953125,835.6500854492188,285.7483825683594,789.1842651367188,287.5303649902344
818,1,0.8230813145637512,left_up,0,78.7380599975586,760.0621337890625,261.00860595703125,796.743896484375,256.32373046875,834.6812133789062,286.1417541503906,788.146484375,287.29437255859375
819,1,0.8230813145637512,left_up,0,78.85377502441406,759.4746704101562,260.6596374511719,796.14208984375,256.22918701171875,834.0029907226562,286.4171142578125,787.4200439453125,287.1291809082031
820,1,0.8752740621566772,left_up,0,80.18071746826172,756.9324340820312,261.9799499511719,792.6950073242188,257.78350830078125,832.5220336914062,288.722412109375,783.4816284179688,287.322509765625
821,1,0.8752740621566772,left_up,0,81.11205291748047,755.1528930664062,262.9041748046875,790.2820434570312,258.8715515136719,831.4854125976562,290.33612060546875,780.7247314453125,287.4578552246094
822,1,0.8752740621566772,left_up,0,81.76519012451172,753.9071655273438,263.5511169433594,788.593017578125,259.6331787109375,830.759765625,291.4656982421875,778.794921875,287.5525817871094
823,1,0.8752740621566772,left_up,0,82.222900390625,753.03515625,264.00396728515625,787.41064453125,260.16632080078125,830.2517700195312,292.25640869140625,777.4440307617188,287.618896484375
824,1,0.8752740621566772,left_up,0,82.54358673095703,752.4247436523438,264.32098388671875,786.5830078125,260.5395202636719,829.8961791992188,292.8099365234375,776.4984130859375,287.6653137207031
825,1,0.8634529709815979,left_up,0,76.98592376708984,743.1771240234375,268.2555236816406,775.0228271484375,262.1369323730469,817.0509033203125,289.92340087890625,766.403564453125,288.057861328125
826,1,0.8634529709815979,left_up,0,73.32784271240234,736.7037963867188,271.00970458984375,766.9307250976562,263.255126953125,808.0592041015625,287.90283203125,759.337158203125,288.3326416015625
827,1,0.8634529709815979,left_up,0,70.89960479736328,732.1724243164062,272.9376220703125,761.2662353515625,264.037841796875,801.7650146484375,286.48846435546875,754.3906860351562,288.52496337890625
828,1,0.8634529709815979,left_up,0,69.27183532714844,729.00048828125,274.28717041015625,757.3010864257812,264.58575439453125,797.3590698242188,285.4983825683594,750.9281616210938,288.65960693359375
829,1,0.8634529709815979,left_up,0,68.17037963867188,726.7801513671875,275.23187255859375,754.5255126953125,264.96929931640625,794.2749633789062,284.8053283691406,748.50439453125,288.75384521484375
830,1,0.8352398872375488,left_down,0,58.99524688720703,714.8619384765625,286.274658203125,737.0894165039062,271.86602783203125,773.7138061523438,282.1640930175781,737.7962036132812,293.31170654296875
831,1,0.8352398872375488,left_down,0,54.54745864868164,706.5192260742188,294.0046081542969,724.8841552734375,276.6937255859375,759.3209838867188,280.3152160644531,730.3004760742188,296.502197265625
832,1,0.8352398872375488,left_down,0,52.675018310546875,700.6793212890625,299.4155578613281,716.3404541015625,280.0731201171875,749.2459716796875,279.02099609375,725.053466796875,298.73553466796875
833,1,0.8352398872375488,left_down,0,52.047752380371094,696.5913696289062,303.2032165527344,710.35986328125,282.4386901855469,742.1934814453125,278.11505126953125,721.3805541992188,300.29888916015625
834,1,0.8352398872375488,left_down,0,51.9582405090332,693.7297973632812,305.8545837402344,706.1734619140625,284.0946044921875,737.2567138671875,277.48089599609375,718.8095092773438,301.39324951171875
835,1,0.7994673848152161,left_down,0,61.072940826416016,673.420166015625,336.859130859375,686.698486328125,310.4261779785156,721.2622680664062,298.89813232421875,701.2565307617188,328.7503662109375
836,1,0.7994673848152161,left_down,0,67.69502258300781,659.2034301757812,358.56231689453125,673.0660400390625,328.8582763671875,710.066162109375,313.89019775390625,688.969482421875,347.900390625
837,1,0.7994673848152161,left_down,0,72.41524505615234,649.251708984375,373.7545471191406,663.5233154296875,341.7607421875,702.2288818359375,324.3846435546875,680.3685302734375,361.3053894042969
838,1,0.7994673848152161,left_down,0,75.75286865234375,642.2855224609375,384.38909912109375,656.8433837890625,350.79248046875,696.7427978515625,331.7307434082031,674.3478393554688,370.68890380859375
839,1,0.7994673848152161,left_down,0,78.10340881347656,637.4091796875,391.8332824707031,652.16748046875,357.11468505859375,692.9025268554688,336.8730163574219,670.1333618164062,377.2573547363281
840,1,0.861849844455719,left_down,0,79.20986938476562,611.6657104492188,422.14617919921875,629.24365234375,388.22930908203125,667.9345703125,366.3965759277344,645.041015625,408.5029602050781
841,1,0.861849844455719,left_down,0,79.98441314697266,593.645263671875,443.36517333984375,613.1968994140625,410.009521484375,650.45703125,387.06304931640625,627.4763793945312,430.3748779296875
842,1,0.861849844455719,left_down,0,80.52658081054688,581.0309448242188,458.218505859375,601.9642333984375,425.25567626953125,638.2227172851562,401.52960205078125,615.1810913085938,445.68524169921875
843,1,0.861849844455719,left_down,0,80.90609741210938,572.200927734375,468.6158447265625,594.101318359375,435.927978515625,629.65869140625,411.65618896484375,606.5744018554688,456.4024963378906
844,1,0.861849844455719,left_down,0,81.17176818847656,566.0198974609375,475.89398193359375,588.5972900390625,443.39862060546875,623.6638793945312,418.74481201171875,600.5497436523438,463.9045715332031
845,1,0.8117119073867798,left_down,0,82.17906951904297,546.956787109375,490.1627502441406,568.951904296875,454.756103515625,603.3798217773438,430.41461181640625,581.935302734375,477.2340087890625
846,1,0.8117119073867798,left_down,0,82.93607330322266,533.6126098632812,500.15087890625,555.2001342773438,462.70635986328125,589.1810302734375,438.58349609375,568.9051513671875,486.56463623046875
847,1,0.8117119073867798,left_down,0,83.49068450927734,524.2716674804688,507.142578125,545.5738525390625,468.27154541015625,579.2418212890625,444.30169677734375,559.7840576171875,493.0960693359375
848,1,0.8117119073867798,left_down,0,83.89076232910156,517.7330322265625,512.0367431640625,538.8355102539062,472.16717529296875,572.284423828125,448.304443359375,553.3992919921875,497.6680908203125
849,1,0.8117119073867798,left_down,0,84.17647552490234,513.156005859375,515.462646484375,534.11865234375,474.89410400390625,567.4141845703125,451.10638427734375,548.929931640625,500.86846923828125
850,1,0.8454576730728149,left_down,0,83.20587921142578,502.67352294921875,522.9798583984375,522.1519165039062,481.9318542480469,554.8133544921875,458.13653564453125,538.1839599609375,508.66436767578125
851,1,0.8454576730728149,left_down,0,82.55376434326172,495.33575439453125,528.2418823242188,513.7752075195312,486.8582763671875,545.9927978515625,463.0576171875,530.6617431640625,514.1215209960938
852,1,0.8454576730728149,left_down,0,82.11093139648438,490.1993408203125,531.92529296875,507.9114990234375,490.3067626953125,539.818359375,466.50238037109375,525.396240234375,517.9415283203125
853,1,0.8454576730728149,left_down,0,81.80774688720703,486.60382080078125,534.503662109375,503.80694580078125,492.720703125,535.4962768554688,468.91375732421875,521.7103881835938,520.615478515625
854,1,0.8454576730728149,left_down,0,81.59893798828125,484.08697509765625,536.3085327148438,500.9337158203125,494.41046142578125,532.4708251953125,470.6016845703125,519.1302490234375,522.4872436523438
855,1,0.8413631916046143,left_down,0,73.81314849853516,475.35443115234375,547.2760009765625,489.580322265625,505.67669677734375,514.780517578125,484.8743591308594,502.9727783203125,532.2489013671875
856,1,0.8413631916046143,left_down,0,68.62846374511719,469.2416687011719,554.9532470703125,481.6329345703125,513.5631103515625,502.3973083496094,494.865234375,491.66253662109375,539.08203125
857,1,0.8413631916046143,left_down,0,65.16177368164062,464.9627380371094,560.3272705078125,476.06976318359375,519.0835571289062,493.72906494140625,501.8588562011719,483.745361328125,543.865234375
858,1,0.8413631916046143,left_down,0,62.82868576049805,461.96746826171875,564.089111328125,472.1755676269531,522.9478759765625,487.66131591796875,506.75439453125,478.203369140625,547.2135009765625
859,1,0.8413631916046143,left_down,0,61.246883392333984,459.87078857421875,566.722412109375,469.4496154785156,525.6528930664062,483.41387939453125,510.1812438964844,474.323974609375,549.5572509765625
860,1,0.8277460932731628,left_down,0,63.035030364990234,431.799072265625,575.4890747070312,444.39971923828125,538.035400390625,461.9591979980469,520.1376342773438,449.94927978515625,561.5195922851562
861,1,0.8277460932731628,left_down,0,64.67430877685547,412.14886474609375,581.625732421875,426.86480712890625,546.703125,446.94091796875,527.1071166992188,432.8869934082031,569.8932495117188
862,1,0.8277460932731628,left_down,0,65.99751281738281,398.39373779296875,585.92138671875,414.5903625488281,552.7705078125,436.4281311035156,531.9857177734375,420.94342041015625,575.7547607421875
863,1,0.8277460932731628,left_down,0,67.0046157836914,388.76513671875,588.9283447265625,405.9982604980469,557.0177001953125,429.0691833496094,535.4007568359375,412.5829162597656,579.8578491210938
864,1,0.8277460932731628,left_down,0,67.74740600585938,382.0251159667969,591.033203125,399.9837951660156,559.99072265625,423.91790771484375,537.791259765625,406.7305603027344,582.72998046875
865,1,0.7975130081176758,left_down,0,45.51919937133789,387.3211975097656,583.6619873046875,394.8276672363281,555.207763671875,403.965087890625,541.2947998046875,399.5738830566406,578.398681640625
866,1,0.7975130081176758,right_down,0,34.7701530456543,391.0284729003906,578.5020751953125,391.2183837890625,551.8596801757812,389.99810791015625,543.7471923828125,394.564208984375,575.3668212890625
867,1,0.7975130081176758,right_down,0,32.33462905883789,393.6235656738281,574.89013671875,388.69189453125,549.5159912109375,380.2212219238281,545.4638671875,391.05743408203125,573.2445068359375
868,1,0.7975130081176758,right_down,0,33.86826705932617,395.44012451171875,572.36181640625,386.92333984375,547.8754272460938,373.3774108886719,546.6655883789062,388.6026916503906,571.7589111328125
869,1,0.7975130081176758,right_down,0,36.38597106933594,396.7117004394531,570.5919799804688,385.68536376953125,546.72705078125,368.5867614746094,547.5067749023438,386.8843688964844,570.718994140625
870,1,0.8098071217536926,right_down,0,33.7030143737793,377.58111572265625,580.3343505859375,371.5375671386719,553.501220703125,366.97918701171875,548.34228515625,377.87774658203125,574.98291015625
871,1,0.8098071217536926,left_down,0,38.26313781738281,364.189697265625,587.154052734375,361.6341247558594,558.2431640625,365.8538818359375,548.9271240234375,371.5730895996094,577.9676513671875
872,1,0.8098071217536926,left_down,0,43.807437896728516,354.8157043457031,591.9278564453125,354.70172119140625,561.5625,365.066162109375,549.3365478515625,367.15985107421875,580.0570068359375
873,1,0.8098071217536926,left_down,0,48.456172943115234,348.25390625,595.2694702148438,349.8490295410156,563.8860473632812,364.5147705078125,549.6231689453125,364.0705871582031,581.51953125
874,1,0.8098071217536926,left_down,0,51.98406219482422,343.66064453125,597.608642578125,346.4521484375,565.5125122070312,364.1287841796875,549.82373046875,361.9080810546875,582.5432739257812
875,1,0.744438111782074,down,0,50.5960807800293,366.91552734375,597.2284545898438,364.94085693359375,563.3953857421875,366.342529296875,546.6356201171875,369.8990478515625,583.5263671875
876,1,0.744438111782074,right_down,0,54.74051284790039,383.19390869140625,596.9622802734375,377.88299560546875,561.9133911132812,367.89215087890625,544.4039306640625,375.49273681640625,584.2145385742188
877,1,0.744438111782074,right_down,0,59.70655822753906,394.5887756347656,596.7760009765625,386.9424743652344,560.8759765625,368.9768981933594,542.8417358398438,379.4083251953125,584.6962890625
878,1,0.744438111782074,right_down,0,63.96457290649414,402.565185546875,596.6456298828125,393.28411865234375,560.1498413085938,369.7362060546875,541.7482299804688,382.14923095703125,585.033447265625
879,1,0.744438111782074,right_down,0,67.25445556640625,408.148681640625,596.5543212890625,397.7232666015625,559.6415405273438,370.2677307128906,540.9827880859375,384.06787109375,585.26953125
880,1,0.795766294002533,right_down,0,74.88860321044922,451.3774719238281,600.5738525390625,436.8931884765625,563.8482666015625,400.0024108886719,546.086181640625,419.9159240722656,590.3014526367188
881,1,0.795766294002533,right_down,0,81.15413665771484,481.63763427734375,603.3875732421875,464.3121337890625,566.79296875,420.8166809082031,549.6585693359375,445.0095520019531,593.8237915039062
882,1,0.795766294002533,right_down,0,85.89083862304688,502.8197326660156,605.357177734375,483.5054016113281,568.854248046875,435.3866882324219,552.1592407226562,462.5751037597656,596.2894287109375
883,1,0.795766294002533,right_down,0,89.3502197265625,517.647216796875,606.73583984375,496.940673828125,570.297119140625,445.585693359375,553.9097290039062,474.8710021972656,598.015380859375
884,1,0.795766294002533,right_down,0,91.83402252197266,528.0264892578125,607.700927734375,506.3453674316406,571.30712890625,452.7249755859375,555.1350708007812,483.4781188964844,599.2235107421875
885,1,0.8480612635612488,right_down,0,90.62696075439453,567.8097534179688,608.5284423828125,545.2605590820312,572.126708984375,492.176025390625,558.6006469726562,523.6846313476562,600.6682739257812
886,1,0.8480612635612488,right_down,0,89.81917572021484,595.6580200195312,609.107666015625,572.501220703125,572.700439453125,519.791748046875,561.0265502929688,551.8291625976562,601.6796264648438
887,1,0.8480612635612488,right_down,0,89.2724609375,615.1517944335938,609.51318359375,591.5697021484375,573.10205078125,539.122802734375,562.7246704101562,571.5303344726562,602.3875732421875
888,1,0.8480612635612488,right_down,0,88.8991470336914,628.7974853515625,609.7969970703125,604.9176025390625,573.3831787109375,552.654541015625,563.913330078125,585.3211669921875,602.8831176757812
889,1,0.8480612635612488,right_down,0,88.64247131347656,638.3494262695312,609.9956665039062,614.2611694335938,573.5799560546875,562.126708984375,564.7454223632812,594.9747924804688,603.2300415039062
890,1,0.8252262473106384,right_down,0,86.06243133544922,674.4717407226562,604.7332763671875,650.4760131835938,569.916748046875,599.4017333984375,562.647216796875,632.2445068359375,599.4823608398438
891,1,0.8252262473106384,right_down,0,84.2894515991211,699.75732421875,601.0496215820312,675.826416015625,567.3524780273438,625.4942626953125,561.178466796875,658.3333129882812,596.8590087890625
892,1,0.8252262473106384,right_down,0,83.0656967163086,717.457275390625,598.4710693359375,693.5717163085938,565.5574951171875,643.759033203125,560.1503295898438,676.595458984375,595.0226440429688
893,1,0.8252262473106384,right_down,0,82.21796417236328,729.8472290039062,596.6660766601562,705.993408203125,564.301025390625,656.5443115234375,559.4306640625,689.3790283203125,593.7371826171875
894,1,0.8252262473106384,right_down,0,81.62904357910156,738.5202026367188,595.402587890625,714.6885986328125,563.4215087890625,665.4940185546875,558.9268798828125,698.3275146484375,592.83740234375
895,1,0.7907478213310242,right_down,0,81.36808013916016,777.609130859375,592.2933349609375,754.7418823242188,559.585693359375,705.8297119140625,553.9725952148438,737.7481079101562,588.7348022460938
896,1,0.7907478213310242,right_down,0,81.22113800048828,804.9713134765625,590.1168212890625,782.7792358398438,556.900634765625,734.064697265625,550.504638671875,765.342529296875,585.8629760742188
897,1,0.7907478213310242,right_down,0,81.13601684570312,824.1248779296875,588.59326171875,802.4053344726562,555.0211181640625,753.8291625976562,548.0770263671875,784.6585693359375,583.8527221679688
898,1,0.7907478213310242,right_down,0,81.08512115478516,837.5323486328125,587.52685546875,816.1436157226562,553.7054443359375,767.664306640625,546.377685546875,798.1798095703125,582.445556640625
899,1,0.7907478213310242,right_down,0,81.05377960205078,846.9176025390625,586.7803344726562,825.7604370117188,552.7844848632812,777.348876953125,545.1881713867188,807.6446533203125,581.4605102539062
900,1,0.800385594367981,right_down,0,78.38555908203125,879.68994140625,592.17236328125,859.8910522460938,557.595703125,816.0535888671875,546.4043579101562,843.3360595703125,583.6773681640625
901,1,0.800385594367981,right_down,0,76.87094116210938,902.630615234375,595.94677734375,883.782470703125,560.9635620117188,843.1468505859375,547.2556762695312,868.3200073242188,585.229248046875
902,1,0.800385594367981,right_down,0,75.994873046875,918.6890869140625,598.5888671875,900.5064697265625,563.321044921875,862.1121215820312,547.8516235351562,885.8087768554688,586.3155517578125
903,1,0.800385594367981,right_down,0,75.47528076171875,929.9300537109375,600.4383544921875,912.2132568359375,564.9713134765625,875.3878173828125,548.268798828125,898.0509643554688,587.075927734375
904,1,0.800385594367981,right_down,0,75.15841674804688,937.7987060546875,601.7329711914062,920.4080200195312,566.12646484375,884.6808471679688,548.560791015625,906.6204833984375,587.6082153320312
905,1,0.7996149063110352,right_down,0,71.2232437133789,953.569091796875,607.8201904296875,939.6932373046875,573.15771484375,907.068359375,553.8717651367188,926.9307861328125,593.4086303710938
906,1,0.7996149063110352,right_down,0,68.71931457519531,964.6083374023438,612.0811767578125,953.19287109375,578.07958984375,922.739501953125,557.5894775390625,941.14794921875,597.4689331054688
907,1,0.7996149063110352,right_down,0,67.10401153564453,972.3358154296875,615.0639038085938,962.642578125,581.52490234375,933.7093505859375,560.1918334960938,951.0999755859375,600.3111572265625
908,1,0.7996149063110352,right_down,0,66.04583740234375,977.7450561523438,617.15185546875,969.2574462890625,583.9366455078125,941.3883056640625,562.0134887695312,958.06640625,602.3006591796875
909,1,0.7996149063110352,right_down,0,65.34248352050781,981.531494140625,618.6134033203125,973.8878173828125,585.6248779296875,946.7635498046875,563.2886352539062,962.94287109375,603.693359375
910,1,0.7283737659454346,right_down,0,60.00912857055664,988.4188232421875,619.0765380859375,981.8826904296875,587.5250854492188,960.6634521484375,565.8718872070312,974.8746337890625,603.9093017578125
911,1,0.7283737659454346,right_down,0,56.541900634765625,993.239990234375,619.4007568359375,987.4791259765625,588.855224609375,970.3933715820312,567.68017578125,983.2268676757812,604.0604248046875
912,1,0.7283737659454346,right_down,0,54.271568298339844,996.6148071289062,619.627685546875,991.3966064453125,589.7863159179688,977.2042846679688,568.9459838867188,989.0734252929688,604.1661987304688
913,1,0.7283737659454346,right_down,0,52.76962661743164,998.9771728515625,619.7865600585938,994.1388549804688,590.4380493164062,981.971923828125,569.83203125,993.166015625,604.240234375
914,1,0.7283737659454346,right_down,0,51.764915466308594,1000.6307983398438,619.8977661132812,996.0584716796875,590.894287109375,985.3092651367188,570.4522705078125,996.0308227539062,604.2921142578125
915,1,0.7572139501571655,right_down,0,52.81398391723633,1010.4310302734375,625.43212890625,1006.0570068359375,596.35693359375,992.6068115234375,575.716796875,1004.2002563476562,609.8460083007812
916,1,0.7572139501571655,right_down,0,53.60649871826172,1017.2911987304688,629.30615234375,1013.0560302734375,600.1807861328125,997.715087890625,579.4019165039062,1009.9188842773438,613.7337036132812
917,1,0.7572139501571655,right_down,0,54.18843078613281,1022.0933227539062,632.0179443359375,1017.955322265625,602.857421875,1001.2908935546875,581.9815063476562,1013.9219360351562,616.455078125
918,1,0.7572139501571655,right_down,0,54.60873031616211,1025.454833984375,633.916259765625,1021.3848876953125,604.7310791015625,1003.7939453125,583.7872314453125,1016.7240600585938,618.3600463867188
919,1,0.7572139501571655,right_down,0,54.90896224975586,1027.807861328125,635.2449951171875,1023.7855224609375,606.0426025390625,1005.546142578125,585.05126953125,1018.685546875,619.6935424804688
920,1,0.0,unknown,,,1027.807861328125,635.2449951171875,1023.7855224609375,606.0426025390625,1005.546142578125,585.05126953125,1018.685546875,619.6935424804688
921,1,0.0,unknown,,,1027.807861328125,635.2449951171875,1023.7855224609375,606.0426025390625,1005.546142578125,585.05126953125,1018.685546875,619.6935424804688
922,1,0.0,unknown,,,1027.807861328125,635.2449951171875,1023.7855224609375,606.0426025390625,1005.546142578125,585.05126953125,1018.685546875,619.6935424804688
923,1,0.0,unknown,,,1027.807861328125,635.2449951171875,1023.7855224609375,606.0426025390625,1005.546142578125,585.05126953125,1018.685546875,619.6935424804688
924,1,0.0,unknown,,,1027.807861328125,635.2449951171875,1023.7855224609375,606.0426025390625,1005.546142578125,585.05126953125,1018.685546875,619.6935424804688
925,1,0.7191007733345032,right_down,0,41.73009490966797,1042.03515625,625.04638671875,1034.0859375,602.1510009765625,1014.9917602539062,593.2650146484375,1032.07666015625,615.7753295898438
926,1,0.7191007733345032,right_down,0,35.78432083129883,1051.994140625,617.9074096679688,1041.296142578125,599.4268798828125,1021.6036987304688,599.0145874023438,1041.450439453125,613.0325927734375
927,1,0.7191007733345032,right_down,0,34.18931198120117,1058.9654541015625,612.91015625,1046.34326171875,597.52001953125,1026.2320556640625,603.039306640625,1048.0120849609375,611.1126708984375
928,1,0.7191007733345032,right_down,0,34.556922912597656,1063.845458984375,609.4120483398438,1049.876220703125,596.1851806640625,1029.471923828125,605.8566284179688,1052.605224609375,609.7687377929688
929,1,0.7191007733345032,right,0,35.53226852416992,1067.261474609375,606.96337890625,1052.349365234375,595.2507934570312,1031.73974609375,607.8287353515625,1055.8204345703125,608.8279418945312
930,1,0.0,unknown,,,1067.261474609375,606.96337890625,1052.349365234375,595.2507934570312,1031.73974609375,607.8287353515625,1055.8204345703125,608.8279418945312
931,1,0.0,unknown,,,1067.261474609375,606.96337890625,1052.349365234375,595.2507934570312,1031.73974609375,607.8287353515625,1055.8204345703125,608.8279418945312
932,1,0.0,unknown,,,1067.261474609375,606.96337890625,1052.349365234375,595.2507934570312,1031.73974609375,607.8287353515625,1055.8204345703125,608.8279418945312
933,1,0.0,unknown,,,1067.261474609375,606.96337890625,1052.349365234375,595.2507934570312,1031.73974609375,607.8287353515625,1055.8204345703125,608.8279418945312
934,1,0.0,unknown,,,1067.261474609375,606.96337890625,1052.349365234375,595.2507934570312,1031.73974609375,607.8287353515625,1055.8204345703125,608.8279418945312
935,1,0.6989943981170654,right_up,0,45.79282760620117,1076.619140625,598.220947265625,1056.1182861328125,590.1375122070312,1032.3204345703125,609.822998046875,1062.0352783203125,605.650634765625
936,1,0.6989943981170654,right_up,0,53.94389724731445,1083.1695556640625,592.101318359375,1058.756591796875,586.5582275390625,1032.7269287109375,611.218994140625,1066.3857421875,603.426513671875
937,1,0.6989943981170654,right_up,0,59.92628860473633,1087.7548828125,587.8175048828125,1060.603271484375,584.052734375,1033.011474609375,612.1961669921875,1069.4310302734375,601.86962890625
938,1,0.6989943981170654,right_up,0,64.21022033691406,1090.964599609375,584.81884765625,1061.89599609375,582.2988891601562,1033.210693359375,612.8801879882812,1071.562744140625,600.77978515625
939,1,0.6989943981170654,right_up,0,67.24683380126953,1093.21142578125,582.7198486328125,1062.801025390625,581.0712280273438,1033.35009765625,613.3590087890625,1073.054931640625,600.0169067382812
940,1,0.0,unknown,,,1093.21142578125,582.7198486328125,1062.801025390625,581.0712280273438,1033.35009765625,613.3590087890625,1073.054931640625,600.0169067382812
941,1,0.0,unknown,,,1093.21142578125,582.7198486328125,1062.801025390625,581.0712280273438,1033.35009765625,613.3590087890625,1073.054931640625,600.0169067382812
942,1,0.0,unknown,,,1093.21142578125,582.7198486328125,1062.801025390625,581.0712280273438,1033.35009765625,613.3590087890625,1073.054931640625,600.0169067382812
943,1,0.0,unknown,,,1093.21142578125,582.7198486328125,1062.801025390625,581.0712280273438,1033.35009765625,613.3590087890625,1073.054931640625,600.0169067382812
944,1,0.0,unknown,,,1093.21142578125,582.7198486328125,1062.801025390625,581.0712280273438,1033.35009765625,613.3590087890625,1073.054931640625,600.0169067382812
945,1,0.0,unknown,,,1093.21142578125,582.7198486328125,1062.801025390625,581.0712280273438,1033.35009765625,613.3590087890625,1073.054931640625,600.0169067382812
946,1,0.0,unknown,,,1093.21142578125,582.7198486328125,1062.801025390625,581.0712280273438,1033.35009765625,613.3590087890625,1073.054931640625,600.0169067382812
947,1,0.0,unknown,,,1093.21142578125,582.7198486328125,1062.801025390625,581.0712280273438,1033.35009765625,613.3590087890625,1073.054931640625,600.0169067382812
948,1,0.0,unknown,,,1093.21142578125,582.7198486328125,1062.801025390625,581.0712280273438,1033.35009765625,613.3590087890625,1073.054931640625,600.0169067382812
949,1,0.0,unknown,,,1093.21142578125,582.7198486328125,1062.801025390625,581.0712280273438,1033.35009765625,613.3590087890625,1073.054931640625,600.0169067382812
950,1,0.27712035179138184,right_up,0,65.37149810791016,1091.04638671875,580.226318359375,1063.5789794921875,582.0618896484375,1036.37255859375,616.0621337890625,1074.016845703125,598.078125
951,1,0.27712035179138184,right_up,0,64.52523040771484,1089.5308837890625,578.4808349609375,1064.12353515625,582.75537109375,1038.48828125,617.954345703125,1074.690185546875,596.720947265625
952,1,0.27712035179138184,right_up,0,64.17163848876953,1088.4700927734375,577.259033203125,1064.5047607421875,583.2407836914062,1039.96923828125,619.2788696289062,1075.16162109375,595.7708740234375
953,1,0.27712035179138184,right_up,0,64.0433120727539,1087.7275390625,576.4037475585938,1064.7716064453125,583.58056640625,1041.0059814453125,620.2060546875,1075.4915771484375,595.1058349609375
954,1,0.27712035179138184,right_up,0,64.01226043701172,1087.2076416015625,575.8050537109375,1064.9583740234375,583.8184204101562,1041.731689453125,620.8551025390625,1075.7225341796875,594.6403198242188
955,1,0.0,unknown,,,1087.2076416015625,575.8050537109375,1064.9583740234375,583.8184204101562,1041.731689453125,620.8551025390625,1075.7225341796875,594.6403198242188
956,1,0.0,unknown,,,1087.2076416015625,575.8050537109375,1064.9583740234375,583.8184204101562,1041.731689453125,620.8551025390625,1075.7225341796875,594.6403198242188
957,1,0.0,unknown,,,1087.2076416015625,575.8050537109375,1064.9583740234375,583.8184204101562,1041.731689453125,620.8551025390625,1075.7225341796875,594.6403198242188
958,1,0.0,unknown,,,1087.2076416015625,575.8050537109375,1064.9583740234375,583.8184204101562,1041.731689453125,620.8551025390625,1075.7225341796875,594.6403198242188
959,1,0.0,unknown,,,1087.2076416015625,575.8050537109375,1064.9583740234375,583.8184204101562,1041.731689453125,620.8551025390625,1075.7225341796875,594.6403198242188
960,1,0.5919755101203918,right_up,0,65.19172668457031,1087.35205078125,578.5237426757812,1061.2822265625,584.9976196289062,1038.31787109375,621.4843139648438,1072.29443359375,596.7620239257812
961,1,0.5919755101203918,right_up,0,66.15809631347656,1087.453125,580.4268188476562,1058.7088623046875,585.8230590820312,1035.92822265625,621.9247436523438,1069.894775390625,598.2471923828125
962,1,0.5919755101203918,right_up,0,66.9004898071289,1087.5238037109375,581.7589721679688,1056.907470703125,586.40087890625,1034.25537109375,622.2330322265625,1068.2149658203125,599.286865234375
963,1,0.5919755101203918,right_up,0,67.45128631591797,1087.5732421875,582.6914672851562,1055.646484375,586.8053588867188,1033.08447265625,622.4488525390625,1067.0390625,600.0145874023438
964,1,0.5919755101203918,right_up,0,67.85173034667969,1087.60791015625,583.34423828125,1054.763916015625,587.0885009765625,1032.264892578125,622.5999145507812,1066.2159423828125,600.5239868164062
965,1,0.6270815134048462,right_up,0,69.77047729492188,1085.876220703125,584.3779296875,1055.029296875,590.2395629882812,1028.907470703125,624.657958984375,1064.98583984375,603.73193359375
966,1,0.6270815134048462,right_up,0,71.11372375488281,1084.6640625,585.1015014648438,1055.215087890625,592.4453125,1026.5572509765625,626.0985717773438,1064.124755859375,605.9774169921875
967,1,0.6270815134048462,right_up,0,72.0541000366211,1083.815673828125,585.6080322265625,1055.34521484375,593.9893188476562,1024.912109375,627.1069946289062,1063.52197265625,607.54931640625
968,1,0.6270815134048462,right_up,0,72.71233367919922,1083.2216796875,585.9625854492188,1055.436279296875,595.0701293945312,1023.760498046875,627.8129272460938,1063.10009765625,608.649658203125
969,1,0.6270815134048462,right_up,0,73.17314147949219,1082.805908203125,586.2107543945312,1055.5,595.8267211914062,1022.954345703125,628.3070678710938,1062.8046875,609.4198608398438
970,1,0.7085833549499512,right_up,0,72.74573516845703,1084.403076171875,588.6185302734375,1056.1953125,596.0535888671875,1023.9862060546875,629.136962890625,1064.3065185546875,611.7152099609375
971,1,0.7085833549499512,right_up,0,72.46815490722656,1085.5211181640625,590.303955078125,1056.68212890625,596.21240234375,1024.70849609375,629.7178955078125,1065.3577880859375,613.3219604492188
972,1,0.7085833549499512,right_up,0,72.28448486328125,1086.3037109375,591.4837646484375,1057.0228271484375,596.3235473632812,1025.214111328125,630.12451171875,1066.09375,614.4467163085938
973,1,0.7085833549499512,right_up,0,72.16128540039062,1086.8515625,592.3096313476562,1057.26123046875,596.4013671875,1025.5679931640625,630.4091796875,1066.60888671875,615.2340087890625
974,1,0.7085833549499512,right_up,0,72.07762145996094,1087.235107421875,592.8876953125,1057.42822265625,596.455810546875,1025.8157958984375,630.6083984375,1066.969482421875,615.7850952148438
975,1,0.6686195731163025,right_up,0,66.62198638916016,1083.205810546875,600.9259643554688,1055.3690185546875,602.5347900390625,1024.800048828125,632.976806640625,1063.460205078125,620.8538208007812
976,1,0.6686195731163025,right_up,0,62.911659240722656,1080.3853759765625,606.552734375,1053.927490234375,606.7900390625,1024.0889892578125,634.6346435546875,1061.003662109375,624.4019165039062
977,1,0.6686195731163025,right_up,0,60.37795639038086,1078.4111328125,610.491455078125,1052.91845703125,609.7687377929688,1023.5912475585938,635.795166015625,1059.2841796875,626.8856201171875
978,1,0.6686195731163025,right_up,0,58.639591217041016,1077.029052734375,613.2485961914062,1052.212158203125,611.8538208007812,1023.2427978515625,636.6075439453125,1058.0804443359375,628.6241455078125
979,1,0.6686195731163025,right_up,0,57.441688537597656,1076.0616455078125,615.1785888671875,1051.7177734375,613.3133544921875,1022.9989013671875,637.1761474609375,1057.2379150390625,629.8411865234375
980,1,0.7405767440795898,right_up,0,51.4896354675293,1072.2083740234375,626.1101684570312,1051.127685546875,621.945556640625,1023.2451171875,642.0407104492188,1054.7918701171875,637.8886108398438
981,1,0.7405767440795898,right_up,0,47.5514030456543,1069.5111083984375,633.7622680664062,1050.714599609375,627.9881591796875,1023.4174194335938,645.4459228515625,1053.07958984375,643.5217895507812
982,1,0.7405767440795898,right_up,0,44.937313079833984,1067.623046875,639.1187744140625,1050.4254150390625,632.2179565429688,1023.5380859375,647.82958984375,1051.8809814453125,647.4650268554688
983,1,0.7405767440795898,right_up,0,43.19076919555664,1066.3013916015625,642.8683471679688,1050.2230224609375,635.1788330078125,1023.6224975585938,649.4981689453125,1051.0419921875,650.2252807617188
984,1,0.7405767440795898,right_up,0,42.0142707824707,1065.376220703125,645.4930419921875,1050.081298828125,637.25146484375,1023.681640625,650.6661376953125,1050.4547119140625,652.157470703125
985,1,0.4830766022205353,right_up,0,39.721527099609375,1062.878662109375,645.9765625,1049.3875732421875,639.58642578125,1023.716796875,652.6209716796875,1050.35009765625,653.8164672851562
986,1,0.4830766022205353,right_up,0,38.16851043701172,1061.13037109375,646.3150634765625,1048.9019775390625,641.2208862304688,1023.7413330078125,653.9893798828125,1050.27685546875,654.977783203125
987,1,0.4830766022205353,right_up,0,37.11003494262695,1059.906494140625,646.552001953125,1048.5621337890625,642.364990234375,1023.758544921875,654.947265625,1050.2255859375,655.7907104492188
988,1,0.4830766022205353,right_up,0,36.38446807861328,1059.0498046875,646.7178344726562,1048.32421875,643.1658935546875,1023.7706298828125,655.6177978515625,1050.189697265625,656.3597412109375
989,1,0.4830766022205353,right_up,0,35.884681701660156,1058.4501953125,646.8339233398438,1048.15771484375,643.7265014648438,1023.779052734375,656.087158203125,1050.16455078125,656.758056640625
990,1,0.4397461414337158,right_up,0,44.494956970214844,1064.421630859375,637.793212890625,1048.2001953125,635.0635986328125,1022.7872924804688,653.4898071289062,1052.161865234375,649.2327880859375
991,1,0.4397461414337158,right_up,0,50.708675384521484,1068.6016845703125,631.4647216796875,1048.2298583984375,628.9995727539062,1022.0930786132812,651.671630859375,1053.56005859375,643.965087890625
992,1,0.4397461414337158,right_up,0,55.11758804321289,1071.5277099609375,627.0347900390625,1048.2506103515625,624.7547607421875,1021.6071166992188,650.39892578125,1054.5386962890625,640.2777099609375
993,1,0.4397461414337158,right_up,0,58.22597885131836,1073.575927734375,623.933837890625,1048.26513671875,621.7833862304688,1021.2669677734375,649.5079956054688,1055.2237548828125,637.696533203125
994,1,0.4397461414337158,right_up,0,60.410987854003906,1075.0096435546875,621.76318359375,1048.275390625,619.703369140625,1021.02880859375,648.8843383789062,1055.703369140625,635.8897094726562
995,1,0.2789076864719391,right_up,0,61.10726547241211,1074.9793701171875,621.7492065429688,1048.592041015625,620.3389892578125,1019.7784423828125,647.9590454101562,1054.2303466796875,635.3350219726562
996,1,0.2789076864719391,right_up,0,61.61233901977539,1074.9581298828125,621.7393798828125,1048.8135986328125,620.7838745117188,1018.9031982421875,647.3113403320312,1053.19921875,634.9467163085938
997,1,0.2789076864719391,right_up,0,61.97443389892578,1074.943359375,621.7325439453125,1048.96875,621.0953369140625,1018.29052734375,646.8579711914062,1052.4774169921875,634.6749267578125
998,1,0.2789076864719391,right_up,0,62.23199462890625,1074.9329833984375,621.727783203125,1049.077392578125,621.3133544921875,1017.861572265625,646.5405883789062,1051.97216796875,634.484619140625
999,1,0.2789076864719391,right_up,0,62.41412353515625,1074.9256591796875,621.7244262695312,1049.1533203125,621.4659423828125,1017.5614013671875,646.3184204101562,1051.618408203125,634.3514404296875
1000,1,0.49744653701782227,right_up,0,57.06050109863281,1070.868408203125,629.0799560546875,1048.38525390625,629.3155517578125,1018.331787109375,651.3466186523438,1050.794189453125,642.1126098632812
1001,1,0.49744653701782227,right_up,0,53.31371307373047,1068.0283203125,634.2288208007812,1047.84765625,634.810302734375,1018.8709716796875,654.8663330078125,1050.21728515625,647.5454711914062
1002,1,0.49744653701782227,right_up,0,50.69139099121094,1066.040283203125,637.8330078125,1047.4713134765625,638.6566162109375,1019.2484130859375,657.3301391601562,1049.8134765625,651.3484497070312
1003,1,0.49744653701782227,right_up,0,48.855953216552734,1064.648681640625,640.35595703125,1047.2078857421875,641.3490600585938,1019.5126953125,659.0548095703125,1049.53076171875,654.0105590820312
1004,1,0.49744653701782227,right_up,0,47.57134246826172,1063.674560546875,642.1220092773438,1047.0234375,643.2337646484375,1019.6976318359375,660.2620849609375,1049.332763671875,655.8740234375
1005,1,0.0,unknown,,,1063.674560546875,642.1220092773438,1047.0234375,643.2337646484375,1019.6976318359375,660.2620849609375,1049.332763671875,655.8740234375
1006,1,0.0,unknown,,,1063.674560546875,642.1220092773438,1047.0234375,643.2337646484375,1019.6976318359375,660.2620849609375,1049.332763671875,655.8740234375
1007,1,0.0,unknown,,,1063.674560546875,642.1220092773438,1047.0234375,643.2337646484375,1019.6976318359375,660.2620849609375,1049.332763671875,655.8740234375
1008,1,0.0,unknown,,,1063.674560546875,642.1220092773438,1047.0234375,643.2337646484375,1019.6976318359375,660.2620849609375,1049.332763671875,655.8740234375
1009,1,0.0,unknown,,,1063.674560546875,642.1220092773438,1047.0234375,643.2337646484375,1019.6976318359375,660.2620849609375,1049.332763671875,655.8740234375
1010,1,0.0,unknown,,,1063.674560546875,642.1220092773438,1047.0234375,643.2337646484375,1019.6976318359375,660.2620849609375,1049.332763671875,655.8740234375
1011,1,0.0,unknown,,,1063.674560546875,642.1220092773438,1047.0234375,643.2337646484375,1019.6976318359375,660.2620849609375,1049.332763671875,655.8740234375
1012,1,0.0,unknown,,,1063.674560546875,642.1220092773438,1047.0234375,643.2337646484375,1019.6976318359375,660.2620849609375,1049.332763671875,655.8740234375
1013,1,0.0,unknown,,,1063.674560546875,642.1220092773438,1047.0234375,643.2337646484375,1019.6976318359375,660.2620849609375,1049.332763671875,655.8740234375
1014,1,0.0,unknown,,,1063.674560546875,642.1220092773438,1047.0234375,643.2337646484375,1019.6976318359375,660.2620849609375,1049.332763671875,655.8740234375
1015,1,0.6806854605674744,right_up,0,34.607818603515625,1052.8975830078125,639.9506225585938,1044.109130859375,642.1699829101562,1022.6298828125,656.7305908203125,1046.526123046875,654.06201171875
1016,1,0.6806854605674744,right_up,0,26.035167694091797,1045.353759765625,638.4306030273438,1042.0692138671875,641.42529296875,1024.682373046875,654.258544921875,1044.5615234375,652.7935791015625
1017,1,0.6806854605674744,right_up,0,20.60536766052246,1040.072998046875,637.3666381835938,1040.6412353515625,640.904052734375,1026.119140625,652.5281372070312,1043.186279296875,651.9056396484375
1018,1,0.6806854605674744,right_up,0,17.364765167236328,1036.37646484375,636.621826171875,1039.6416015625,640.5391845703125,1027.1248779296875,651.3168334960938,1042.2236328125,651.2841186523438
1019,1,0.6806854605674744,right_up,0,15.555468559265137,1033.788818359375,636.1004638671875,1038.94189453125,640.2837524414062,1027.8289794921875,650.4689331054688,1041.5498046875,650.8489990234375
1020,1,0.0,unknown,,,1033.788818359375,636.1004638671875,1038.94189453125,640.2837524414062,1027.8289794921875,650.4689331054688,1041.5498046875,650.8489990234375
1021,1,0.0,unknown,,,1033.788818359375,636.1004638671875,1038.94189453125,640.2837524414062,1027.8289794921875,650.4689331054688,1041.5498046875,650.8489990234375
1022,1,0.0,unknown,,,1033.788818359375,636.1004638671875,1038.94189453125,640.2837524414062,1027.8289794921875,650.4689331054688,1041.5498046875,650.8489990234375
1023,1,0.0,unknown,,,1033.788818359375,636.1004638671875,1038.94189453125,640.2837524414062,1027.8289794921875,650.4689331054688,1041.5498046875,650.8489990234375
1024,1,0.0,unknown,,,1033.788818359375,636.1004638671875,1038.94189453125,640.2837524414062,1027.8289794921875,650.4689331054688,1041.5498046875,650.8489990234375
1025,1,0.0,unknown,,,1033.788818359375,636.1004638671875,1038.94189453125,640.2837524414062,1027.8289794921875,650.4689331054688,1041.5498046875,650.8489990234375
1026,1,0.0,unknown,,,1033.788818359375,636.1004638671875,1038.94189453125,640.2837524414062,1027.8289794921875,650.4689331054688,1041.5498046875,650.8489990234375
1027,1,0.0,unknown,,,1033.788818359375,636.1004638671875,1038.94189453125,640.2837524414062,1027.8289794921875,650.4689331054688,1041.5498046875,650.8489990234375
1028,1,0.0,unknown,,,1033.788818359375,636.1004638671875,1038.94189453125,640.2837524414062,1027.8289794921875,650.4689331054688,1041.5498046875,650.8489990234375
1029,1,0.0,unknown,,,1033.788818359375,636.1004638671875,1038.94189453125,640.2837524414062,1027.8289794921875,650.4689331054688,1041.5498046875,650.8489990234375
1030,1,0.0,unknown,,,1033.788818359375,636.1004638671875,1038.94189453125,640.2837524414062,1027.8289794921875,650.4689331054688,1041.5498046875,650.8489990234375
1031,1,0.0,unknown,,,1033.788818359375,636.1004638671875,1038.94189453125,640.2837524414062,1027.8289794921875,650.4689331054688,1041.5498046875,650.8489990234375
1032,1,0.0,unknown,,,1033.788818359375,636.1004638671875,1038.94189453125,640.2837524414062,1027.8289794921875,650.4689331054688,1041.5498046875,650.8489990234375
1033,1,0.0,unknown,,,1033.788818359375,636.1004638671875,1038.94189453125,640.2837524414062,1027.8289794921875,650.4689331054688,1041.5498046875,650.8489990234375
1034,1,0.0,unknown,,,1033.788818359375,636.1004638671875,1038.94189453125,640.2837524414062,1027.8289794921875,650.4689331054688,1041.5498046875,650.8489990234375
1035,1,0.0,unknown,,,1033.788818359375,636.1004638671875,1038.94189453125,640.2837524414062,1027.8289794921875,650.4689331054688,1041.5498046875,650.8489990234375
1036,1,0.0,unknown,,,1033.788818359375,636.1004638671875,1038.94189453125,640.2837524414062,1027.8289794921875,650.4689331054688,1041.5498046875,650.8489990234375
1037,1,0.0,unknown,,,1033.788818359375,636.1004638671875,1038.94189453125,640.2837524414062,1027.8289794921875,650.4689331054688,1041.5498046875,650.8489990234375
1038,1,0.0,unknown,,,1033.788818359375,636.1004638671875,1038.94189453125,640.2837524414062,1027.8289794921875,650.4689331054688,1041.5498046875,650.8489990234375
1039,1,0.0,unknown,,,1033.788818359375,636.1004638671875,1038.94189453125,640.2837524414062,1027.8289794921875,650.4689331054688,1041.5498046875,650.8489990234375
1040,1,0.0,unknown,,,1033.788818359375,636.1004638671875,1038.94189453125,640.2837524414062,1027.8289794921875,650.4689331054688,1041.5498046875,650.8489990234375
1041,1,0.0,unknown,,,1033.788818359375,636.1004638671875,1038.94189453125,640.2837524414062,1027.8289794921875,650.4689331054688,1041.5498046875,650.8489990234375
1042,1,0.0,unknown,,,1033.788818359375,636.1004638671875,1038.94189453125,640.2837524414062,1027.8289794921875,650.4689331054688,1041.5498046875,650.8489990234375
1043,1,0.0,unknown,,,1033.788818359375,636.1004638671875,1038.94189453125,640.2837524414062,1027.8289794921875,650.4689331054688,1041.5498046875,650.8489990234375
1044,1,0.0,unknown,,,1033.788818359375,636.1004638671875,1038.94189453125,640.2837524414062,1027.8289794921875,650.4689331054688,1041.5498046875,650.8489990234375
1045,1,0.0,unknown,,,1033.788818359375,636.1004638671875,1038.94189453125,640.2837524414062,1027.8289794921875,650.4689331054688,1041.5498046875,650.8489990234375
1046,1,0.0,unknown,,,1033.788818359375,636.1004638671875,1038.94189453125,640.2837524414062,1027.8289794921875,650.4689331054688,1041.5498046875,650.8489990234375
1047,1,0.0,unknown,,,1033.788818359375,636.1004638671875,1038.94189453125,640.2837524414062,1027.8289794921875,650.4689331054688,1041.5498046875,650.8489990234375
1048,1,0.0,unknown,,,1033.788818359375,636.1004638671875,1038.94189453125,640.2837524414062,1027.8289794921875,650.4689331054688,1041.5498046875,650.8489990234375
1049,1,0.0,unknown,,,1033.788818359375,636.1004638671875,1038.94189453125,640.2837524414062,1027.8289794921875,650.4689331054688,1041.5498046875,650.8489990234375
1050,1,0.7802124619483948,left,0,6.955859661102295,1023.1890869140625,643.760498046875,1031.350341796875,639.8121337890625,1030.083251953125,642.8361206054688,1035.450439453125,652.194091796875
1051,1,0.7802124619483948,left_down,0,19.692440032958984,1015.769287109375,649.1224975585938,1026.036376953125,639.4819946289062,1031.6611328125,637.4931640625,1031.180908203125,653.1356811523438
1052,1,0.7802124619483948,left_down,0,29.29314422607422,1010.575439453125,652.8759155273438,1022.3165283203125,639.2509155273438,1032.765625,633.7530517578125,1028.1922607421875,653.7947998046875
1053,1,0.7802124619483948,left_down,0,36.07390594482422,1006.939697265625,655.5032958984375,1019.712646484375,639.0891723632812,1033.538818359375,631.135009765625,1026.1002197265625,654.2561645507812
1054,1,0.7802124619483948,left_down,0,40.83464431762695,1004.3947143554688,657.3424682617188,1017.889892578125,638.9759521484375,1034.080078125,629.3023681640625,1024.6357421875,654.5791015625
1055,1,0.7536280155181885,left_down,0,20.774728775024414,1026.9881591796875,650.1082763671875,1031.791015625,633.9773559570312,1034.2623291015625,630.648681640625,1036.02490234375,649.6464233398438
1056,1,0.7536280155181885,right_down,0,15.86751651763916,1042.8035888671875,645.0443725585938,1041.5218505859375,630.4783325195312,1034.3900146484375,631.5911254882812,1043.997314453125,646.193603515625
1057,1,0.7536280155181885,right_down,0,21.487388610839844,1053.8743896484375,641.4996337890625,1048.33349609375,628.029052734375,1034.4793701171875,632.2507934570312,1049.5780029296875,643.776611328125
1058,1,0.7536280155181885,right_down,0,27.806447982788086,1061.6239013671875,639.018310546875,1053.1015625,626.3145141601562,1034.5418701171875,632.7125854492188,1053.4844970703125,642.084716796875
1059,1,0.7536280155181885,right_down,0,32.73933410644531,1067.048583984375,637.2813720703125,1056.439208984375,625.1143798828125,1034.585693359375,633.0358276367188,1056.2191162109375,640.900390625
1060,1,0.8146730065345764,right_down,0,30.697147369384766,1064.1290283203125,645.4845581054688,1054.809326171875,630.3841552734375,1034.93701171875,635.9902954101562,1052.55224609375,645.9619140625
1061,1,0.8146730065345764,right_down,0,29.952425003051758,1062.0853271484375,651.226806640625,1053.66845703125,634.072998046875,1035.182861328125,638.0584716796875,1049.9854736328125,649.5050048828125
1062,1,0.8146730065345764,right_down,0,29.79652976989746,1060.65478515625,655.246337890625,1052.869873046875,636.6552734375,1035.35498046875,639.5061645507812,1048.188720703125,651.985107421875
1063,1,0.8146730065345764,right_down,0,29.8703670501709,1059.6533203125,658.06005859375,1052.310791015625,638.4628295898438,1035.4754638671875,640.51953125,1046.9310302734375,653.72119140625
1064,1,0.8146730065345764,right_down,0,30.011327743530273,1058.952392578125,660.0296630859375,1051.91943359375,639.7281494140625,1035.559814453125,641.2289428710938,1046.050537109375,654.9364624023438
1065,1,0.5847577452659607,right_down,0,23.142898559570312,1047.048583984375,659.040283203125,1044.6680908203125,640.4334106445312,1035.2415771484375,639.1358032226562,1041.17822265625,654.0390625
1066,1,0.5847577452659607,right_down,0,21.005054473876953,1038.7159423828125,658.3477172851562,1039.5921630859375,640.9271240234375,1035.018798828125,637.6705932617188,1037.767578125,653.410888671875
1067,1,0.5847577452659607,left_down,0,21.31012725830078,1032.883056640625,657.8629150390625,1036.0389404296875,641.272705078125,1034.8629150390625,636.6449584960938,1035.380126953125,652.97119140625
1068,1,0.5847577452659607,left_down,0,22.402193069458008,1028.800048828125,657.5235595703125,1033.5517578125,641.5146484375,1034.7537841796875,635.927001953125,1033.7088623046875,652.6633911132812
1069,1,0.5847577452659607,left_down,0,23.542234420776367,1025.94189453125,657.2860107421875,1031.8106689453125,641.6839599609375,1034.6773681640625,635.4244384765625,1032.5390625,652.4479370117188
1070,1,0.4700312316417694,left_down,0,23.333473205566406,1026.4237060546875,657.7945556640625,1031.94384765625,642.0413208007812,1033.0267333984375,635.4148559570312,1032.25244140625,652.8592529296875
1071,1,0.4700312316417694,left_down,0,23.309377670288086,1026.760986328125,658.1505126953125,1032.0369873046875,642.29150390625,1031.8712158203125,635.408203125,1032.0518798828125,653.147216796875
1072,1,0.4700312316417694,left_down,0,23.35272789001465,1026.9970703125,658.399658203125,1032.102294921875,642.4666137695312,1031.0623779296875,635.4035034179688,1031.911376953125,653.3487548828125
1073,1,0.4700312316417694,left_down,0,23.4124698638916,1027.162353515625,658.5740966796875,1032.14794921875,642.5891723632812,1030.4962158203125,635.4002075195312,1031.8131103515625,653.4898681640625
1074,1,0.4700312316417694,left_down,0,23.468475341796875,1027.278076171875,658.6961669921875,1032.179931640625,642.6749877929688,1030.099853515625,635.39794921875,1031.7442626953125,653.588623046875
1075,1,0.5851583480834961,right_down,0,26.188817977905273,1038.195556640625,661.42578125,1038.3863525390625,643.54833984375,1031.59033203125,636.0836181640625,1036.072265625,654.219482421875
1076,1,0.5851583480834961,right_down,0,29.851900100708008,1045.837646484375,663.3365478515625,1042.7308349609375,644.15966796875,1032.6336669921875,636.5635986328125,1039.101806640625,654.6611328125
1077,1,0.5851583480834961,right_down,0,33.001407623291016,1051.187255859375,664.674072265625,1045.77197265625,644.5875854492188,1033.364013671875,636.8995361328125,1041.2225341796875,654.9702758789062
1078,1,0.5851583480834961,right_down,0,35.41526794433594,1054.931884765625,665.6103515625,1047.9007568359375,644.8871459960938,1033.875244140625,637.134765625,1042.70703125,655.1866455078125
1079,1,0.5851583480834961,right_down,0,37.18711853027344,1057.55322265625,666.2657470703125,1049.390869140625,645.0968017578125,1034.2330322265625,637.2993774414062,1043.74609375,655.338134765625
1080,1,0.0,unknown,,,1057.55322265625,666.2657470703125,1049.390869140625,645.0968017578125,1034.2330322265625,637.2993774414062,1043.74609375,655.338134765625
1081,1,0.0,unknown,,,1057.55322265625,666.2657470703125,1049.390869140625,645.0968017578125,1034.2330322265625,637.2993774414062,1043.74609375,655.338134765625
1082,1,0.0,unknown,,,1057.55322265625,666.2657470703125,1049.390869140625,645.0968017578125,1034.2330322265625,637.2993774414062,1043.74609375,655.338134765625
1083,1,0.0,unknown,,,1057.55322265625,666.2657470703125,1049.390869140625,645.0968017578125,1034.2330322265625,637.2993774414062,1043.74609375,655.338134765625
1084,1,0.0,unknown,,,1057.55322265625,666.2657470703125,1049.390869140625,645.0968017578125,1034.2330322265625,637.2993774414062,1043.74609375,655.338134765625
1085,1,0.0,unknown,,,1057.55322265625,666.2657470703125,1049.390869140625,645.0968017578125,1034.2330322265625,637.2993774414062,1043.74609375,655.338134765625
1086,1,0.0,unknown,,,1057.55322265625,666.2657470703125,1049.390869140625,645.0968017578125,1034.2330322265625,637.2993774414062,1043.74609375,655.338134765625
1087,1,0.0,unknown,,,1057.55322265625,666.2657470703125,1049.390869140625,645.0968017578125,1034.2330322265625,637.2993774414062,1043.74609375,655.338134765625
1088,1,0.0,unknown,,,1057.55322265625,666.2657470703125,1049.390869140625,645.0968017578125,1034.2330322265625,637.2993774414062,1043.74609375,655.338134765625
1089,1,0.0,unknown,,,1057.55322265625,666.2657470703125,1049.390869140625,645.0968017578125,1034.2330322265625,637.2993774414062,1043.74609375,655.338134765625
1090,1,0.0,unknown,,,1057.55322265625,666.2657470703125,1049.390869140625,645.0968017578125,1034.2330322265625,637.2993774414062,1043.74609375,655.338134765625
1091,1,0.0,unknown,,,1057.55322265625,666.2657470703125,1049.390869140625,645.0968017578125,1034.2330322265625,637.2993774414062,1043.74609375,655.338134765625
1092,1,0.0,unknown,,,1057.55322265625,666.2657470703125,1049.390869140625,645.0968017578125,1034.2330322265625,637.2993774414062,1043.74609375,655.338134765625
1093,1,0.0,unknown,,,1057.55322265625,666.2657470703125,1049.390869140625,645.0968017578125,1034.2330322265625,637.2993774414062,1043.74609375,655.338134765625
1094,1,0.0,unknown,,,1057.55322265625,666.2657470703125,1049.390869140625,645.0968017578125,1034.2330322265625,637.2993774414062,1043.74609375,655.338134765625
1095,1,0.0,unknown,,,1057.55322265625,666.2657470703125,1049.390869140625,645.0968017578125,1034.2330322265625,637.2993774414062,1043.74609375,655.338134765625
1096,1,0.0,unknown,,,1057.55322265625,666.2657470703125,1049.390869140625,645.0968017578125,1034.2330322265625,637.2993774414062,1043.74609375,655.338134765625
1097,1,0.0,unknown,,,1057.55322265625,666.2657470703125,1049.390869140625,645.0968017578125,1034.2330322265625,637.2993774414062,1043.74609375,655.338134765625
1098,1,0.0,unknown,,,1057.55322265625,666.2657470703125,1049.390869140625,645.0968017578125,1034.2330322265625,637.2993774414062,1043.74609375,655.338134765625
1099,1,0.0,unknown,,,1057.55322265625,666.2657470703125,1049.390869140625,645.0968017578125,1034.2330322265625,637.2993774414062,1043.74609375,655.338134765625
1100,1,0.0,unknown,,,1057.55322265625,666.2657470703125,1049.390869140625,645.0968017578125,1034.2330322265625,637.2993774414062,1043.74609375,655.338134765625
1101,1,0.0,unknown,,,1057.55322265625,666.2657470703125,1049.390869140625,645.0968017578125,1034.2330322265625,637.2993774414062,1043.74609375,655.338134765625
1102,1,0.0,unknown,,,1057.55322265625,666.2657470703125,1049.390869140625,645.0968017578125,1034.2330322265625,637.2993774414062,1043.74609375,655.338134765625
1103,1,0.0,unknown,,,1057.55322265625,666.2657470703125,1049.390869140625,645.0968017578125,1034.2330322265625,637.2993774414062,1043.74609375,655.338134765625
1104,1,0.0,unknown,,,1057.55322265625,666.2657470703125,1049.390869140625,645.0968017578125,1034.2330322265625,637.2993774414062,1043.74609375,655.338134765625
1105,1,0.0,unknown,,,1057.55322265625,666.2657470703125,1049.390869140625,645.0968017578125,1034.2330322265625,637.2993774414062,1043.74609375,655.338134765625
1106,1,0.0,unknown,,,1057.55322265625,666.2657470703125,1049.390869140625,645.0968017578125,1034.2330322265625,637.2993774414062,1043.74609375,655.338134765625
1107,1,0.0,unknown,,,1057.55322265625,666.2657470703125,1049.390869140625,645.0968017578125,1034.2330322265625,637.2993774414062,1043.74609375,655.338134765625
1108,1,0.0,unknown,,,1057.55322265625,666.2657470703125,1049.390869140625,645.0968017578125,1034.2330322265625,637.2993774414062,1043.74609375,655.338134765625
1109,1,0.0,unknown,,,1057.55322265625,666.2657470703125,1049.390869140625,645.0968017578125,1034.2330322265625,637.2993774414062,1043.74609375,655.338134765625
1110,1,0.0,unknown,,,1057.55322265625,666.2657470703125,1049.390869140625,645.0968017578125,1034.2330322265625,637.2993774414062,1043.74609375,655.338134765625
1111,1,0.0,unknown,,,1057.55322265625,666.2657470703125,1049.390869140625,645.0968017578125,1034.2330322265625,637.2993774414062,1043.74609375,655.338134765625
1112,1,0.0,unknown,,,1057.55322265625,666.2657470703125,1049.390869140625,645.0968017578125,1034.2330322265625,637.2993774414062,1043.74609375,655.338134765625
1113,1,0.0,unknown,,,1057.55322265625,666.2657470703125,1049.390869140625,645.0968017578125,1034.2330322265625,637.2993774414062,1043.74609375,655.338134765625
1114,1,0.0,unknown,,,1057.55322265625,666.2657470703125,1049.390869140625,645.0968017578125,1034.2330322265625,637.2993774414062,1043.74609375,655.338134765625
1115,1,0.0,unknown,,,1057.55322265625,666.2657470703125,1049.390869140625,645.0968017578125,1034.2330322265625,637.2993774414062,1043.74609375,655.338134765625
1116,1,0.0,unknown,,,1057.55322265625,666.2657470703125,1049.390869140625,645.0968017578125,1034.2330322265625,637.2993774414062,1043.74609375,655.338134765625
1117,1,0.0,unknown,,,1057.55322265625,666.2657470703125,1049.390869140625,645.0968017578125,1034.2330322265625,637.2993774414062,1043.74609375,655.338134765625
1118,1,0.0,unknown,,,1057.55322265625,666.2657470703125,1049.390869140625,645.0968017578125,1034.2330322265625,637.2993774414062,1043.74609375,655.338134765625
1119,1,0.0,unknown,,,1057.55322265625,666.2657470703125,1049.390869140625,645.0968017578125,1034.2330322265625,637.2993774414062,1043.74609375,655.338134765625
1120,1,0.0,unknown,,,1057.55322265625,666.2657470703125,1049.390869140625,645.0968017578125,1034.2330322265625,637.2993774414062,1043.74609375,655.338134765625
1121,1,0.0,unknown,,,1057.55322265625,666.2657470703125,1049.390869140625,645.0968017578125,1034.2330322265625,637.2993774414062,1043.74609375,655.338134765625
1122,1,0.0,unknown,,,1057.55322265625,666.2657470703125,1049.390869140625,645.0968017578125,1034.2330322265625,637.2993774414062,1043.74609375,655.338134765625
1123,1,0.0,unknown,,,1057.55322265625,666.2657470703125,1049.390869140625,645.0968017578125,1034.2330322265625,637.2993774414062,1043.74609375,655.338134765625
1124,1,0.0,unknown,,,1057.55322265625,666.2657470703125,1049.390869140625,645.0968017578125,1034.2330322265625,637.2993774414062,1043.74609375,655.338134765625
1125,1,0.0,unknown,,,1057.55322265625,666.2657470703125,1049.390869140625,645.0968017578125,1034.2330322265625,637.2993774414062,1043.74609375,655.338134765625
1126,1,0.0,unknown,,,1057.55322265625,666.2657470703125,1049.390869140625,645.0968017578125,1034.2330322265625,637.2993774414062,1043.74609375,655.338134765625
1127,1,0.0,unknown,,,1057.55322265625,666.2657470703125,1049.390869140625,645.0968017578125,1034.2330322265625,637.2993774414062,1043.74609375,655.338134765625
1128,1,0.0,unknown,,,1057.55322265625,666.2657470703125,1049.390869140625,645.0968017578125,1034.2330322265625,637.2993774414062,1043.74609375,655.338134765625
1129,1,0.0,unknown,,,1057.55322265625,666.2657470703125,1049.390869140625,645.0968017578125,1034.2330322265625,637.2993774414062,1043.74609375,655.338134765625
1130,1,0.0,unknown,,,1057.55322265625,666.2657470703125,1049.390869140625,645.0968017578125,1034.2330322265625,637.2993774414062,1043.74609375,655.338134765625
1131,1,0.0,unknown,,,1057.55322265625,666.2657470703125,1049.390869140625,645.0968017578125,1034.2330322265625,637.2993774414062,1043.74609375,655.338134765625
1132,1,0.0,unknown,,,1057.55322265625,666.2657470703125,1049.390869140625,645.0968017578125,1034.2330322265625,637.2993774414062,1043.74609375,655.338134765625
1133,1,0.0,unknown,,,1057.55322265625,666.2657470703125,1049.390869140625,645.0968017578125,1034.2330322265625,637.2993774414062,1043.74609375,655.338134765625
1134,1,0.0,unknown,,,1057.55322265625,666.2657470703125,1049.390869140625,645.0968017578125,1034.2330322265625,637.2993774414062,1043.74609375,655.338134765625
1135,1,0.0,unknown,,,1057.55322265625,666.2657470703125,1049.390869140625,645.0968017578125,1034.2330322265625,637.2993774414062,1043.74609375,655.338134765625
1136,1,0.0,unknown,,,1057.55322265625,666.2657470703125,1049.390869140625,645.0968017578125,1034.2330322265625,637.2993774414062,1043.74609375,655.338134765625
1137,1,0.0,unknown,,,1057.55322265625,666.2657470703125,1049.390869140625,645.0968017578125,1034.2330322265625,637.2993774414062,1043.74609375,655.338134765625
1138,1,0.0,unknown,,,1057.55322265625,666.2657470703125,1049.390869140625,645.0968017578125,1034.2330322265625,637.2993774414062,1043.74609375,655.338134765625
1139,1,0.0,unknown,,,1057.55322265625,666.2657470703125,1049.390869140625,645.0968017578125,1034.2330322265625,637.2993774414062,1043.74609375,655.338134765625
1140,1,0.0,unknown,,,1057.55322265625,666.2657470703125,1049.390869140625,645.0968017578125,1034.2330322265625,637.2993774414062,1043.74609375,655.338134765625
1141,1,0.0,unknown,,,1057.55322265625,666.2657470703125,1049.390869140625,645.0968017578125,1034.2330322265625,637.2993774414062,1043.74609375,655.338134765625
1142,1,0.0,unknown,,,1057.55322265625,666.2657470703125,1049.390869140625,645.0968017578125,1034.2330322265625,637.2993774414062,1043.74609375,655.338134765625
1143,1,0.0,unknown,,,1057.55322265625,666.2657470703125,1049.390869140625,645.0968017578125,1034.2330322265625,637.2993774414062,1043.74609375,655.338134765625
1144,1,0.0,unknown,,,1057.55322265625,666.2657470703125,1049.390869140625,645.0968017578125,1034.2330322265625,637.2993774414062,1043.74609375,655.338134765625
1145,1,0.0,unknown,,,1057.55322265625,666.2657470703125,1049.390869140625,645.0968017578125,1034.2330322265625,637.2993774414062,1043.74609375,655.338134765625
1146,1,0.0,unknown,,,1057.55322265625,666.2657470703125,1049.390869140625,645.0968017578125,1034.2330322265625,637.2993774414062,1043.74609375,655.338134765625
1147,1,0.0,unknown,,,1057.55322265625,666.2657470703125,1049.390869140625,645.0968017578125,1034.2330322265625,637.2993774414062,1043.74609375,655.338134765625
1148,1,0.0,unknown,,,1057.55322265625,666.2657470703125,1049.390869140625,645.0968017578125,1034.2330322265625,637.2993774414062,1043.74609375,655.338134765625
1149,1,0.0,unknown,,,1057.55322265625,666.2657470703125,1049.390869140625,645.0968017578125,1034.2330322265625,637.2993774414062,1043.74609375,655.338134765625
1150,1,0.0,unknown,,,1057.55322265625,666.2657470703125,1049.390869140625,645.0968017578125,1034.2330322265625,637.2993774414062,1043.74609375,655.338134765625
1151,1,0.0,unknown,,,1057.55322265625,666.2657470703125,1049.390869140625,645.0968017578125,1034.2330322265625,637.2993774414062,1043.74609375,655.338134765625
1152,1,0.0,unknown,,,1057.55322265625,666.2657470703125,1049.390869140625,645.0968017578125,1034.2330322265625,637.2993774414062,1043.74609375,655.338134765625
1153,1,0.0,unknown,,,1057.55322265625,666.2657470703125,1049.390869140625,645.0968017578125,1034.2330322265625,637.2993774414062,1043.74609375,655.338134765625
1154,1,0.0,unknown,,,1057.55322265625,666.2657470703125,1049.390869140625,645.0968017578125,1034.2330322265625,637.2993774414062,1043.74609375,655.338134765625
1155,1,0.0,unknown,,,1057.55322265625,666.2657470703125,1049.390869140625,645.0968017578125,1034.2330322265625,637.2993774414062,1043.74609375,655.338134765625
1156,1,0.0,unknown,,,1057.55322265625,666.2657470703125,1049.390869140625,645.0968017578125,1034.2330322265625,637.2993774414062,1043.74609375,655.338134765625
1157,1,0.0,unknown,,,1057.55322265625,666.2657470703125,1049.390869140625,645.0968017578125,1034.2330322265625,637.2993774414062,1043.74609375,655.338134765625
1158,1,0.0,unknown,,,1057.55322265625,666.2657470703125,1049.390869140625,645.0968017578125,1034.2330322265625,637.2993774414062,1043.74609375,655.338134765625
1159,1,0.0,unknown,,,1057.55322265625,666.2657470703125,1049.390869140625,645.0968017578125,1034.2330322265625,637.2993774414062,1043.74609375,655.338134765625
1160,1,0.5195662975311279,right_down,0,28.772472381591797,1051.380126953125,659.8391723632812,1048.896728515625,639.724853515625,1041.55517578125,632.796142578125,1048.54541015625,651.2806396484375
1161,1,0.5195662975311279,down,0,25.699440002441406,1047.0589599609375,655.340576171875,1048.5509033203125,635.9644775390625,1046.6806640625,629.6439208984375,1051.9049072265625,648.4403686523438
1162,1,0.5195662975311279,left_down,0,25.52712059020996,1044.0341796875,652.1915283203125,1048.3087158203125,633.3322143554688,1050.2684326171875,627.4373779296875,1054.256591796875,646.4522094726562
1163,1,0.5195662975311279,left_down,0,26.430084228515625,1041.916748046875,649.9871826171875,1048.1392822265625,631.4896240234375,1052.7799072265625,625.8927612304688,1055.90283203125,645.0604858398438
1164,1,0.5195662975311279,left_down,0,27.52107810974121,1040.4345703125,648.4442138671875,1048.0206298828125,630.1998291015625,1054.5379638671875,624.8115234375,1057.05517578125,644.0862426757812
1165,1,0.5886206030845642,left_down,0,39.72637176513672,1031.32958984375,652.879150390625,1041.97802734375,631.0703125,1056.5064697265625,622.1495361328125,1053.381103515625,645.412109375
1166,1,0.5886206030845642,left_down,0,48.56525421142578,1024.9560546875,655.9835815429688,1037.7481689453125,631.6796875,1057.8843994140625,620.2861328125,1050.8092041015625,646.3402709960938
1167,1,0.5886206030845642,left_down,0,54.82460403442383,1020.4945678710938,658.1566772460938,1034.787353515625,632.1062622070312,1058.8489990234375,618.9817504882812,1049.0089111328125,646.9899291992188
1168,1,0.5886206030845642,left_down,0,59.22977066040039,1017.3715209960938,659.6778564453125,1032.7147216796875,632.4048461914062,1059.524169921875,618.0687255859375,1047.7486572265625,647.4447021484375
1169,1,0.5886206030845642,left_down,0,62.32249069213867,1015.1853637695312,660.74267578125,1031.263916015625,632.6138916015625,1059.996826171875,617.4295654296875,1046.8665771484375,647.7630615234375
1170,1,0.8141641020774841,left_down,0,28.188329696655273,1036.1923828125,645.8749389648438,1041.098876953125,625.4588623046875,1052.45654296875,622.8519287109375,1053.895751953125,641.4638671875
1171,1,0.8141641020774841,right_down,0,9.5719575881958,1050.897216796875,635.467529296875,1047.9833984375,620.4503173828125,1047.17822265625,626.6475830078125,1058.816162109375,637.054443359375
1172,1,0.8141641020774841,right_up,0,17.742795944213867,1061.190673828125,628.182373046875,1052.802490234375,616.9443359375,1043.4833984375,629.3045043945312,1062.260498046875,633.9678955078125
1173,1,0.8141641020774841,right_up,0,28.661853790283203,1068.39599609375,623.082763671875,1056.1759033203125,614.4901123046875,1040.8970947265625,631.1643676757812,1064.671630859375,631.8072509765625
1174,1,0.8141641020774841,right_up,0,36.71412658691406,1073.4398193359375,619.5130004882812,1058.537353515625,612.772216796875,1039.086669921875,632.46630859375,1066.359375,630.2947998046875
1175,1,0.3719690144062042,right,0,12.925755500793457,1053.68359375,636.17236328125,1047.612548828125,624.51123046875,1040.7703857421875,635.6029663085938,1055.3837890625,641.66650390625
1176,1,0.3719690144062042,left_down,0,10.251629829406738,1039.854248046875,647.833984375,1039.965087890625,632.7285766601562,1041.948974609375,637.7986450195312,1047.700927734375,649.6266479492188
1177,1,0.3719690144062042,left_down,0,20.889375686645508,1030.173828125,655.9970703125,1034.61181640625,638.480712890625,1042.77392578125,639.3356323242188,1042.322998046875,655.1987915039062
1178,1,0.3719690144062042,left_down,0,29.186304092407227,1023.3974609375,661.7112426757812,1030.8646240234375,642.5072021484375,1043.3514404296875,640.4114990234375,1038.558349609375,659.0993041992188
1179,1,0.3719690144062042,left_down,0,35.10881042480469,1018.654052734375,665.711181640625,1028.2415771484375,645.3257446289062,1043.7557373046875,641.1646118164062,1035.923095703125,661.8296508789062
1180,1,0.816375195980072,left_down,0,36.520782470703125,1010.1917724609375,660.1939086914062,1024.8316650390625,641.3107299804688,1041.918701171875,642.1060791015625,1028.318603515625,660.5094604492188
1181,1,0.816375195980072,left_down,0,38.81281280517578,1004.2681884765625,656.3318481445312,1022.4447021484375,638.500244140625,1040.6326904296875,642.7650756835938,1022.9954833984375,659.5853271484375
1182,1,0.816375195980072,left_down,0,40.95387268066406,1000.1217041015625,653.6283569335938,1020.7738037109375,636.5328979492188,1039.7325439453125,643.2263793945312,1019.269287109375,658.9384155273438
1183,1,0.816375195980072,left_down,0,42.67583465576172,997.2191772460938,651.7359619140625,1019.6041259765625,635.15576171875,1039.1024169921875,643.54931640625,1016.660888671875,658.485595703125
1184,1,0.816375195980072,left_down,0,43.97753143310547,995.1873779296875,650.4112548828125,1018.785400390625,634.1917724609375,1038.661376953125,643.775390625,1014.8350830078125,658.1685791015625
1185,1,0.662102997303009,left_down,0,23.537729263305664,1011.322021484375,649.0028076171875,1024.802001953125,634.666748046875,1034.422119140625,644.4850463867188,1022.8929443359375,655.413330078125
1186,1,0.662102997303009,left_down,0,9.344926834106445,1022.6162719726562,648.0169067382812,1029.013671875,634.999267578125,1031.45458984375,644.9818115234375,1028.533447265625,653.4846801757812
1187,1,0.662102997303009,right_down,0,2.3019652366638184,1030.522216796875,647.3267211914062,1031.9617919921875,635.2319946289062,1029.37744140625,645.32958984375,1032.4818115234375,652.1345825195312
1188,1,0.662102997303009,right_down,0,8.23171329498291,1036.056396484375,646.8436279296875,1034.025390625,635.3948974609375,1027.92333984375,645.572998046875,1035.2457275390625,651.1895141601562
1189,1,0.662102997303009,right,0,13.047052383422852,1039.9302978515625,646.5054321289062,1035.469970703125,635.5089721679688,1026.905517578125,645.743408203125,1037.180419921875,650.5279541015625
1190,1,0.7656521797180176,right_down,0,19.606321334838867,1044.3533935546875,654.496337890625,1037.3585205078125,638.8208618164062,1028.0919189453125,643.5431518554688,1039.7493896484375,654.8304443359375
1191,1,0.7656521797180176,right_down,0,25.892017364501953,1047.4495849609375,660.0899658203125,1038.680419921875,641.1392211914062,1028.92236328125,642.0029907226562,1041.547607421875,657.8421630859375
1192,1,0.7656521797180176,right_down,0,30.614612579345703,1049.616943359375,664.0054931640625,1039.6058349609375,642.7620849609375,1029.5037841796875,640.9248657226562,1042.806396484375,659.9503173828125
1193,1,0.7656521797180176,right_down,0,34.01063537597656,1051.134033203125,666.7463989257812,1040.2535400390625,643.8980712890625,1029.9107666015625,640.170166015625,1043.6875,661.426025390625
1194,1,0.7656521797180176,right_down,0,36.41927719116211,1052.196044921875,668.6650390625,1040.70703125,644.6932373046875,1030.195556640625,639.6419067382812,1044.3043212890625,662.4590454101562
1195,1,0.7961634397506714,left_down,0,28.888782501220703,1026.984375,667.7159423828125,1025.5645751953125,645.2410888671875,1029.5462646484375,638.9409790039062,1033.17431640625,662.3894653320312
1196,1,0.7961634397506714,left_down,0,34.76084518432617,1009.336181640625,667.0515747070312,1014.96484375,645.6245727539062,1029.091796875,638.4503173828125,1025.38330078125,662.3407592773438
1197,1,0.7961634397506714,left_down,0,42.68227005004883,996.982421875,666.5865478515625,1007.5450439453125,645.8930053710938,1028.773681640625,638.1068725585938,1019.9296875,662.3067016601562
1198,1,0.7961634397506714,left_down,0,49.229881286621094,988.3348388671875,666.260986328125,1002.35107421875,646.0809326171875,1028.5509033203125,637.866455078125,1016.1121215820312,662.2828369140625
1199,1,0.7961634397506714,left_down,0,54.123291015625,982.281494140625,666.0331420898438,998.71533203125,646.2124633789062,1028.39501953125,637.6981201171875,1013.4398803710938,662.2661743164062
1200,1,0.8322009444236755,left_down,0,26.268234252929688,1006.7506103515625,656.7655639648438,1013.6862182617188,641.361572265625,1026.67822265625,639.6509399414062,1024.592041015625,657.2290649414062
1201,1,0.8322009444236755,left_down,0,9.397163391113281,1023.87890625,650.2782592773438,1024.165771484375,637.9659423828125,1025.4764404296875,641.0178833007812,1032.3985595703125,653.7030639648438
1202,1,0.8322009444236755,right_down,0,11.846817970275879,1035.8687744140625,645.7371215820312,1031.50146484375,635.5889892578125,1024.63525390625,641.9747924804688,1037.863037109375,651.23486328125
1203,1,0.8322009444236755,right,0,20.21551513671875,1044.26171875,642.558349609375,1036.636474609375,633.9251708984375,1024.04638671875,642.6445922851562,1041.688232421875,649.5071411132812
1204,1,0.8322009444236755,right_up,0,26.647998809814453,1050.13671875,640.3331909179688,1040.23095703125,632.760498046875,1023.6341552734375,643.1134643554688,1044.3658447265625,648.2977294921875
1205,1,0.0,unknown,,,1050.13671875,640.3331909179688,1040.23095703125,632.760498046875,1023.6341552734375,643.1134643554688,1044.3658447265625,648.2977294921875
1206,1,0.0,unknown,,,1050.13671875,640.3331909179688,1040.23095703125,632.760498046875,1023.6341552734375,643.1134643554688,1044.3658447265625,648.2977294921875
1207,1,0.0,unknown,,,1050.13671875,640.3331909179688,1040.23095703125,632.760498046875,1023.6341552734375,643.1134643554688,1044.3658447265625,648.2977294921875
1208,1,0.0,unknown,,,1050.13671875,640.3331909179688,1040.23095703125,632.760498046875,1023.6341552734375,643.1134643554688,1044.3658447265625,648.2977294921875
1209,1,0.0,unknown,,,1050.13671875,640.3331909179688,1040.23095703125,632.760498046875,1023.6341552734375,643.1134643554688,1044.3658447265625,648.2977294921875
1210,1,0.7944399118423462,right_down,0,13.350223541259766,1039.1478271484375,646.4237670898438,1033.834228515625,634.8455810546875,1027.0264892578125,640.8289794921875,1038.3876953125,649.7001342773438
1211,1,0.7944399118423462,right_down,0,11.6400728225708,1031.45556640625,650.6871948242188,1029.3565673828125,636.3051147460938,1029.401123046875,639.2298583984375,1034.2030029296875,650.6818237304688
1212,1,0.7944399118423462,left_down,0,16.342302322387695,1026.071044921875,653.6715698242188,1026.22216796875,637.3267822265625,1031.0633544921875,638.1104736328125,1031.273681640625,651.3690185546875
1213,1,0.7944399118423462,left_down,0,20.93584632873535,1022.3018188476562,655.7606201171875,1024.028076171875,638.0419921875,1032.2269287109375,637.326904296875,1029.22314453125,651.8500366210938
1214,1,0.7944399118423462,left_down,0,24.432538986206055,1019.6633911132812,657.2229614257812,1022.4922485351562,638.5426025390625,1033.0413818359375,636.7784423828125,1027.787841796875,652.186767578125
1215,1,0.7339659333229065,left_down,0,32.215309143066406,1009.105224609375,656.7604370117188,1018.1439819335938,638.7152099609375,1034.4451904296875,636.867919921875,1023.2939453125,653.0947875976562
1216,1,0.7339659333229065,left_down,0,38.94968795776367,1001.7145385742188,656.4367065429688,1015.1002197265625,638.8359985351562,1035.4278564453125,636.9305419921875,1020.148193359375,653.7304077148438
1217,1,0.7339659333229065,left_down,0,44.00188064575195,996.5410766601562,656.2100830078125,1012.9695434570312,638.9205322265625,1036.11572265625,636.974365234375,1017.9461669921875,654.17529296875
1218,1,0.7339659333229065,left_down,0,47.64969253540039,992.9196166992188,656.0514526367188,1011.4780883789062,638.979736328125,1036.59716796875,637.0050659179688,1016.40478515625,654.4867553710938
1219,1,0.7339659333229065,left_down,0,50.245418548583984,990.3845825195312,655.9404296875,1010.43408203125,639.0211791992188,1036.9342041015625,637.0265502929688,1015.3258056640625,654.7047729492188
1220,1,0.8275094628334045,left_down,0,60.59257125854492,972.941162109375,654.03173828125,997.398681640625,636.7205200195312,1031.1390380859375,637.1655883789062,1001.1820068359375,655.1727905273438
1221,1,0.8275094628334045,left_down,0,68.12279510498047,960.730712890625,652.6956787109375,988.27392578125,635.1100463867188,1027.0823974609375,637.262939453125,991.2813720703125,655.5003662109375
1222,1,0.8275094628334045,left_down,0,73.48980712890625,952.1834716796875,651.7603759765625,981.8865966796875,633.9827270507812,1024.2427978515625,637.3310546875,984.3509521484375,655.7296752929688
1223,1,0.8275094628334045,left_down,0,77.28353118896484,946.200439453125,651.105712890625,977.41552734375,633.193603515625,1022.255126953125,637.3787841796875,979.4996337890625,655.8901977539062
1224,1,0.8275094628334045,left_down,0,79.95451354980469,942.01220703125,650.6474609375,974.2857666015625,632.6412353515625,1020.8636474609375,637.412109375,976.1036376953125,656.0025634765625
1225,1,0.8303223252296448,left_down,0,80.5379409790039,933.5794677734375,651.4134521484375,965.398681640625,633.3659057617188,1013.0730590820312,638.485595703125,968.0418701171875,657.279541015625
1226,1,0.8303223252296448,left_down,0,80.94758605957031,927.676513671875,651.9496459960938,959.177734375,633.8731689453125,1007.61962890625,639.237060546875,962.3985595703125,658.1734619140625
1227,1,0.8303223252296448,left_down,0,81.23495483398438,923.54443359375,652.324951171875,954.8231201171875,634.228271484375,1003.80224609375,639.7630615234375,958.4482421875,658.7991943359375
1228,1,0.8303223252296448,left_down,0,81.43639373779297,920.6519775390625,652.5877075195312,951.77490234375,634.476806640625,1001.1300659179688,640.1312255859375,955.68310546875,659.2371826171875
1229,1,0.8303223252296448,left_down,0,81.57745361328125,918.6273193359375,652.7716064453125,949.64111328125,634.6508178710938,999.259521484375,640.3889770507812,953.7474365234375,659.5438232421875
1230,1,0.8216233253479004,left_down,0,76.60305786132812,922.4493408203125,655.3536987304688,949.7972412109375,637.624755859375,997.8369140625,641.76171875,956.3619384765625,660.2442626953125
1231,1,0.8216233253479004,left_down,0,73.15530395507812,925.124755859375,657.1611328125,949.906494140625,639.70654296875,996.841064453125,642.72265625,958.192138671875,660.734619140625
1232,1,0.8216233253479004,left_down,0,70.7613525390625,926.99755859375,658.4263305664062,949.9830322265625,641.163818359375,996.14404296875,643.395263671875,959.4732666015625,661.077880859375
1233,1,0.8216233253479004,left_down,0,69.09619140625,928.3084716796875,659.31201171875,950.03662109375,642.1838989257812,995.6561279296875,643.8660888671875,960.3699951171875,661.318115234375
1234,1,0.8216233253479004,left_down,0,67.93602752685547,929.2261962890625,659.9319458007812,950.0740966796875,642.89794921875,995.3145751953125,644.1956787109375,960.9976806640625,661.486328125
1235,1,0.8114912509918213,left_down,0,70.10247039794922,916.2200927734375,665.9135131835938,938.5435791015625,648.6055908203125,984.4680786132812,649.895751953125,948.6417236328125,668.1890869140625
1236,1,0.8114912509918213,left_down,0,71.61932373046875,907.1158447265625,670.1005859375,930.47216796875,652.6009521484375,976.87548828125,653.8858032226562,939.9925537109375,672.8810424804688
1237,1,0.8114912509918213,left_down,0,72.68125915527344,900.742919921875,673.0315551757812,924.8222045898438,655.397705078125,971.5606689453125,656.6788330078125,933.9381103515625,676.1654052734375
1238,1,0.8114912509918213,left_down,0,73.42473602294922,896.2818603515625,675.0831909179688,920.8672485351562,657.3554077148438,967.84033203125,658.6339721679688,929.7000732421875,678.4644775390625
1239,1,0.8114912509918213,left_down,0,73.94525909423828,893.1590576171875,676.5193481445312,918.0987548828125,658.725830078125,965.236083984375,660.0025634765625,926.7333984375,680.0738525390625
1240,1,0.7724812030792236,left_down,0,78.37782287597656,868.4122314453125,679.8082275390625,898.2103271484375,660.8250732421875,944.9464111328125,662.908447265625,903.6583862304688,683.5364990234375
1241,1,0.7724812030792236,left_down,0,81.4832763671875,851.0894775390625,682.1104736328125,884.2884521484375,662.2945556640625,930.74365234375,664.9425659179688,887.505859375,685.9603881835938
1242,1,0.7724812030792236,left_down,0,83.65828704833984,838.9635620117188,683.7220458984375,874.5430908203125,663.3232421875,920.8017578125,666.3663940429688,876.1990966796875,687.6571044921875
1243,1,0.7724812030792236,left_down,0,85.18130493164062,830.4754028320312,684.8501586914062,867.721435546875,664.0433349609375,913.8424072265625,667.3630981445312,868.2843627929688,688.8447875976562
1244,1,0.7724812030792236,left_down,0,86.24774169921875,824.53369140625,685.6398315429688,862.9461669921875,664.54736328125,908.970947265625,668.060791015625,862.7440795898438,689.6761474609375
1245,1,0.802341878414154,left_down,0,86.0617904663086,815.9313354492188,688.6453857421875,854.1976928710938,667.419677734375,900.148681640625,670.92333984375,854.4493408203125,692.406982421875
1246,1,0.802341878414154,left_down,0,85.93181610107422,809.90966796875,690.749267578125,848.07373046875,669.4302978515625,893.9730224609375,672.9271240234375,848.6430053710938,694.3185424804688
1247,1,0.802341878414154,left_down,0,85.84101104736328,805.6945190429688,692.2219848632812,843.7869873046875,670.8377685546875,889.650146484375,674.3297729492188,844.57861328125,695.6566772460938
1248,1,0.802341878414154,left_down,0,85.77740478515625,802.743896484375,693.2528686523438,840.7862548828125,671.822998046875,886.6240234375,675.3116455078125,841.7335205078125,696.5933227539062
1249,1,0.802341878414154,left_down,0,85.73290252685547,800.678466796875,693.9744873046875,838.6857299804688,672.5126953125,884.5057373046875,675.9989624023438,839.741943359375,697.2490234375
1250,1,0.830271303653717,left_down,0,85.92020416259766,798.3610229492188,694.7347412109375,836.3369140625,673.8751220703125,882.6243896484375,677.94287109375,837.9819946289062,698.10205078125
1251,1,0.830271303653717,left_down,0,86.06197357177734,796.7388305664062,695.266845703125,834.6927490234375,674.8287963867188,881.307373046875,679.3035888671875,836.7500610351562,698.6991577148438
1252,1,0.830271303653717,left_down,0,86.16653442382812,795.603271484375,695.639404296875,833.5418701171875,675.496337890625,880.385498046875,680.256103515625,835.8876953125,699.1171264648438
1253,1,0.830271303653717,left_down,0,86.24230194091797,794.8084106445312,695.900146484375,832.7362060546875,675.963623046875,879.740234375,680.9228515625,835.2840576171875,699.4097290039062
1254,1,0.830271303653717,left_down,0,86.29659271240234,794.2520141601562,696.0826416015625,832.1722412109375,676.290771484375,879.28857421875,681.3895874023438,834.8615112304688,699.614501953125
1255,1,0.8567706346511841,left_down,0,86.86929321289062,793.258056640625,696.119140625,831.3988647460938,676.5897216796875,878.900390625,681.5704345703125,834.4400634765625,699.8782958984375
1256,1,0.8567706346511841,left_down,0,87.27056884765625,792.5623168945312,696.1447143554688,830.8574829101562,676.7990112304688,878.628662109375,681.697021484375,834.14501953125,700.06298828125
1257,1,0.8567706346511841,left_down,0,87.55165100097656,792.0753173828125,696.16259765625,830.478515625,676.9454956054688,878.4384765625,681.78564453125,833.9384765625,700.1922607421875
1258,1,0.8567706346511841,left_down,0,87.74851989746094,791.734375,696.1751708984375,830.2132568359375,677.0480346679688,878.3052978515625,681.84765625,833.7938232421875,700.28271484375
1259,1,0.8567706346511841,left_down,0,87.88642883300781,791.4957275390625,696.1839599609375,830.027587890625,677.1198120117188,878.212158203125,681.89111328125,833.692626953125,700.3460693359375
1260,1,0.8442898392677307,left_down,0,85.1478271484375,792.455322265625,695.263671875,828.6783447265625,675.650146484375,876.1598510742188,679.6526489257812,833.1038208007812,699.1334228515625
1261,1,0.8442898392677307,left_down,0,83.25450134277344,793.1270141601562,694.6194458007812,827.73388671875,674.621337890625,874.7232666015625,678.0857543945312,832.691650390625,698.2845458984375
1262,1,0.8442898392677307,left_down,0,81.94155883789062,793.5972290039062,694.1685180664062,827.07275390625,673.9011840820312,873.7176513671875,676.9889526367188,832.4031372070312,697.6903076171875
1263,1,0.8442898392677307,left_down,0,81.02890014648438,793.9263916015625,693.8528442382812,826.6099853515625,673.3970947265625,873.0137329101562,676.22119140625,832.201171875,697.2743530273438
1264,1,0.8442898392677307,left_down,0,80.393310546875,794.1567993164062,693.6318969726562,826.2860107421875,673.044189453125,872.52099609375,675.6837158203125,832.059814453125,696.983154296875
1265,1,0.8193591237068176,left_down,0,76.25428009033203,798.08056640625,694.2511596679688,828.353271484375,673.4100952148438,871.839599609375,674.90380859375,834.7398681640625,697.4310302734375
1266,1,0.8193591237068176,left_down,0,73.40593719482422,800.8272094726562,694.6846313476562,829.8003540039062,673.6661987304688,871.3626708984375,674.3577880859375,836.6159057617188,697.7445068359375
1267,1,0.8193591237068176,left_down,0,71.43903350830078,802.7498779296875,694.988037109375,830.8132934570312,673.8455200195312,871.02880859375,673.9755859375,837.9291381835938,697.9639282226562
1268,1,0.8193591237068176,left_down,0,70.07649993896484,804.0957641601562,695.200439453125,831.5223388671875,673.9710083007812,870.7950439453125,673.7080688476562,838.8484497070312,698.1175537109375
1269,1,0.8193591237068176,left_down,0,69.13030242919922,805.037841796875,695.34912109375,832.0186767578125,674.058837890625,870.6314697265625,673.5208129882812,839.491943359375,698.22509765625
1270,1,0.8257014155387878,left_down,0,60.82578659057617,811.1744995117188,689.425537109375,835.7628173828125,671.353271484375,869.5983276367188,672.501220703125,841.4263305664062,692.0020751953125
1271,1,0.8257014155387878,left_down,0,55.082786560058594,815.4701538085938,685.279052734375,838.3836669921875,669.4593505859375,868.8751220703125,671.7874755859375,842.7803955078125,687.6459350585938
1272,1,0.8257014155387878,left_down,0,51.10917282104492,818.4771118164062,682.37646484375,840.21826171875,668.1336059570312,868.368896484375,671.287841796875,843.728271484375,684.5966186523438
1273,1,0.8257014155387878,left_down,0,48.35628890991211,820.5819702148438,680.3446655273438,841.5025024414062,667.20556640625,868.0145263671875,670.9381103515625,844.3917846679688,682.4620971679688
1274,1,0.8257014155387878,left_down,0,46.44593811035156,822.0553588867188,678.9224243164062,842.4014892578125,666.555908203125,867.7664794921875,670.6932983398438,844.856201171875,680.9678955078125
1275,1,0.8187036514282227,left_down,0,51.61908721923828,823.7743530273438,682.0414428710938,844.7215576171875,667.5467529296875,873.7362670898438,669.0669555664062,848.834228515625,682.4857788085938
1276,1,0.8187036514282227,left_down,0,55.38899612426758,824.9776611328125,684.2247924804688,846.3455810546875,668.2403564453125,877.9151000976562,667.9285278320312,851.6188354492188,683.54833984375
1277,1,0.8187036514282227,left_down,0,58.086097717285156,825.8200073242188,685.7531127929688,847.482421875,668.7258911132812,880.84033203125,667.1316528320312,853.5680541992188,684.2921142578125
1278,1,0.8187036514282227,left_down,0,59.99856185913086,826.4096069335938,686.8229370117188,848.2781982421875,669.0657958984375,882.887939453125,666.5738525390625,854.9324951171875,684.812744140625
1279,1,0.8187036514282227,left_down,0,61.34817123413086,826.8223266601562,687.5718383789062,848.835205078125,669.3037109375,884.3212890625,666.183349609375,855.8876342773438,685.1771850585938
1280,1,0.8041085004806519,left_down,0,33.94740295410156,867.163818359375,691.78515625,877.4801025390625,671.9927978515625,890.9527587890625,667.567138671875,879.0433349609375,689.67236328125
1281,1,0.8041085004806519,down,0,26.199434280395508,895.40283203125,694.7344970703125,897.5315551757812,673.8751831054688,895.5948486328125,668.5357666015625,895.2523193359375,692.8190307617188
1282,1,0.8041085004806519,right_down,0,32.0543212890625,915.170166015625,696.7990112304688,911.5675659179688,675.19287109375,898.84423828125,669.2138061523438,906.5986328125,695.0216674804688
1283,1,0.8041085004806519,right_down,0,39.914791107177734,929.0072021484375,698.2442016601562,921.3927612304688,676.115234375,901.118896484375,669.6884155273438,914.541015625,696.5635375976562
1284,1,0.8041085004806519,right_down,0,46.36171340942383,938.6932373046875,699.2557983398438,928.2703857421875,676.7608642578125,902.7110595703125,670.0206909179688,920.1007080078125,697.642822265625
1285,1,0.7296664118766785,right_down,0,53.28520202636719,953.1044311523438,697.165283203125,937.9486083984375,674.4712524414062,907.2301025390625,670.0570068359375,930.325439453125,696.1215209960938
1286,1,0.7296664118766785,right_down,0,58.68624496459961,963.1922607421875,695.701904296875,944.723388671875,672.8685302734375,910.3934326171875,670.0823974609375,937.482666015625,695.056640625
1287,1,0.7296664118766785,right_down,0,62.666568756103516,970.2537231445312,694.6775512695312,949.4656982421875,671.7466430664062,912.6077880859375,670.1002197265625,942.4927978515625,694.3112182617188
1288,1,0.7296664118766785,right_down,0,65.53221893310547,975.19677734375,693.9605102539062,952.7853393554688,670.9613037109375,914.1578369140625,670.1126708984375,945.9998779296875,693.7894287109375
1289,1,0.7296664118766785,right_down,0,67.57193756103516,978.6569213867188,693.4585571289062,955.1090698242188,670.4115600585938,915.2428588867188,670.1213989257812,948.454833984375,693.4241333007812
1290,1,0.768653154373169,right_down,0,68.54557800292969,986.9765625,692.1925659179688,961.8584594726562,670.7368774414062,921.7064208984375,671.2568359375,956.11669921875,692.6807861328125
1291,1,0.768653154373169,right_down,0,69.29811096191406,992.80029296875,691.3063354492188,966.5830078125,670.964599609375,926.2308959960938,672.0516357421875,961.47998046875,692.160400390625
1292,1,0.768653154373169,right_down,0,69.85852813720703,996.876953125,690.6859741210938,969.8901977539062,671.1239624023438,929.3980712890625,672.6079711914062,965.2342529296875,691.796142578125
1293,1,0.768653154373169,right_down,0,70.26689910888672,999.7305908203125,690.251708984375,972.2052612304688,671.2355346679688,931.6150512695312,672.9974365234375,967.8622436523438,691.5411376953125
1294,1,0.768653154373169,right_down,0,70.5604476928711,1001.7281494140625,689.94775390625,973.8258056640625,671.3136596679688,933.1669921875,673.2700805664062,969.7018432617188,691.3626708984375
1295,1,0.709701418876648,right_down,0,62.30352020263672,1001.0611572265625,691.44482421875,975.8452758789062,672.178955078125,941.3563232421875,673.6386108398438,973.6317138671875,691.7066040039062
1296,1,0.709701418876648,right_down,0,56.6448860168457,1000.59423828125,692.4927978515625,977.2589111328125,672.78466796875,947.0888671875,673.8966064453125,976.3826904296875,691.9473876953125
1297,1,0.709701418876648,right_down,0,52.76322555541992,1000.2673950195312,693.226318359375,978.2484741210938,673.2086181640625,951.1016845703125,674.0771484375,978.308349609375,692.1159057617188
1298,1,0.709701418876648,right_down,0,50.094478607177734,1000.0386352539062,693.7398071289062,978.941162109375,673.5054321289062,953.91064453125,674.2035522460938,979.6563720703125,692.23388671875
1299,1,0.709701418876648,right_down,0,48.254188537597656,999.8784790039062,694.0992431640625,979.426025390625,673.7131958007812,955.8768920898438,674.2919921875,980.5999755859375,692.3164672851562
1300,1,0.7934107184410095,right_down,0,55.52446746826172,1012.5253295898438,691.6856079101562,990.7749633789062,669.5980224609375,961.9884643554688,668.685791015625,989.18408203125,689.326416015625
1301,1,0.7934107184410095,right_down,0,60.61414337158203,1021.3781127929688,689.99609375,998.71923828125,666.7174072265625,966.2665405273438,664.7614135742188,995.1929321289062,687.2333984375
1302,1,0.7934107184410095,right_down,0,64.17705535888672,1027.5750732421875,688.8134155273438,1004.2802124023438,664.700927734375,969.26123046875,662.0143432617188,999.399169921875,685.768310546875
1303,1,0.7934107184410095,right_down,0,66.67118835449219,1031.9129638671875,687.9855346679688,1008.1729125976562,663.2894287109375,971.3574829101562,660.0914306640625,1002.343505859375,684.7427368164062
1304,1,0.7934107184410095,right_down,0,68.41706848144531,1034.949462890625,687.406005859375,1010.8977661132812,662.3013916015625,972.8248901367188,658.745361328125,1004.404541015625,684.0248413085938
1305,1,0.8272175192832947,right_down,0,66.84947204589844,1040.08935546875,686.201171875,1017.555419921875,660.4783935546875,980.4769287109375,655.94873046875,1010.21337890625,682.16259765625
1306,1,0.8272175192832947,right_down,0,65.80999755859375,1043.6873779296875,685.3577880859375,1022.2156982421875,659.2022705078125,985.8333740234375,653.9910888671875,1014.279541015625,680.8590698242188
1307,1,0.8272175192832947,right_down,0,65.11214447021484,1046.2060546875,684.7674560546875,1025.4779052734375,658.3090209960938,989.5828857421875,652.6207885742188,1017.1258544921875,679.9465942382812
1308,1,0.8272175192832947,right_down,0,64.63864135742188,1047.968994140625,684.354248046875,1027.761474609375,657.6837158203125,992.20751953125,651.6615600585938,1019.1182861328125,679.307861328125
1309,1,0.8272175192832947,right_down,0,64.31473541259766,1049.203125,684.06494140625,1029.3599853515625,657.2460327148438,994.0447998046875,650.9901123046875,1020.512939453125,678.8607177734375
1310,1,0.7995887398719788,right_down,0,63.415069580078125,1056.156005859375,681.2125244140625,1034.48046875,654.4028930664062,1000.5165405273438,650.786865234375,1027.525390625,676.1575927734375
1311,1,0.7995887398719788,right_down,0,62.84621047973633,1061.02294921875,679.2158203125,1038.064697265625,652.4127197265625,1005.0467529296875,650.6446533203125,1032.43408203125,674.265380859375
1312,1,0.7995887398719788,right_down,0,62.47893142700195,1064.429931640625,677.8181762695312,1040.57373046875,651.0195922851562,1008.2178955078125,650.5450439453125,1035.8702392578125,672.9408569335938
1313,1,0.7995887398719788,right_down,0,62.237060546875,1066.814697265625,676.8397827148438,1042.330078125,650.04443359375,1010.4376831054688,650.475341796875,1038.2755126953125,672.013671875
1314,1,0.7995887398719788,right_down,0,62.0754280090332,1068.484130859375,676.1549072265625,1043.5594482421875,649.36181640625,1011.9915771484375,650.426513671875,1039.959228515625,671.3646850585938
1315,1,0.795470118522644,right_down,0,46.49992370605469,1053.0185546875,677.2877807617188,1035.337158203125,651.0609741210938,1014.6387329101562,651.0345458984375,1034.16162109375,670.5304565429688
1316,1,0.795470118522644,right_down,0,37.002628326416016,1042.192626953125,678.080810546875,1029.58154296875,652.2503662109375,1016.4917602539062,651.4601440429688,1030.103271484375,669.946533203125
1317,1,0.795470118522644,right_down,0,31.709957122802734,1034.614501953125,678.6359252929688,1025.5526123046875,653.0830078125,1017.7888793945312,651.758056640625,1027.262451171875,669.5377807617188
1318,1,0.795470118522644,right_down,0,29.064865112304688,1029.309814453125,679.0244750976562,1022.7323608398438,653.6658325195312,1018.6968383789062,651.966552734375,1025.2738037109375,669.2516479492188
1319,1,0.795470118522644,right_down,0,27.89634132385254,1025.596435546875,679.2965087890625,1020.7581787109375,654.0737915039062,1019.3323974609375,652.112548828125,1023.8817749023438,669.0513305664062
1320,1,0.8499836921691895,right_down,0,31.329002380371094,1042.182373046875,670.2930908203125,1031.3515625,646.4953002929688,1020.556640625,647.6251831054688,1033.587890625,663.1002197265625
1321,1,0.8499836921691895,right_down,0,37.80091857910156,1053.7926025390625,663.99072265625,1038.76708984375,641.1903686523438,1021.4136352539062,644.4840087890625,1040.38232421875,658.9344482421875
1322,1,0.8499836921691895,right_down,0,43.49226760864258,1061.919677734375,659.5790405273438,1043.9578857421875,637.4769287109375,1022.0135498046875,642.28515625,1045.138427734375,656.0184326171875
1323,1,0.8499836921691895,right_down,0,47.840328216552734,1067.608642578125,656.4908447265625,1047.5914306640625,634.8775024414062,1022.4334716796875,640.7459716796875,1048.467529296875,653.9771728515625
1324,1,0.8499836921691895,right_down,0,51.01555633544922,1071.591064453125,654.3291015625,1050.1348876953125,633.0579223632812,1022.7274169921875,639.6685791015625,1050.7979736328125,652.54833984375
1325,1,0.7893802523612976,right_down,0,52.617923736572266,1075.442626953125,653.2056274414062,1053.8525390625,632.787353515625,1024.6962890625,639.2968139648438,1052.81494140625,652.3915405273438
1326,1,0.7893802523612976,right_down,0,53.75652313232422,1078.138671875,652.419189453125,1056.454833984375,632.597900390625,1026.0745849609375,639.0365600585938,1054.226806640625,652.2817993164062
1327,1,0.7893802523612976,right_down,0,54.5615234375,1080.0260009765625,651.86865234375,1058.2764892578125,632.46533203125,1027.039306640625,638.8544311523438,1055.215087890625,652.2049560546875
1328,1,0.7893802523612976,right_down,0,55.12873077392578,1081.34716796875,651.4832763671875,1059.5516357421875,632.37255859375,1027.714599609375,638.7269287109375,1055.906982421875,652.1511840820312
1329,1,0.7893802523612976,right_down,0,55.52743148803711,1082.27197265625,651.2135620117188,1060.4443359375,632.3076171875,1028.1873779296875,638.6376953125,1056.391357421875,652.113525390625
1330,1,0.8318479657173157,right_down,0,55.13975524902344,1081.810791015625,649.108154296875,1060.50927734375,630.6064453125,1028.0118408203125,637.0223999023438,1057.63037109375,650.5611572265625
1331,1,0.8318479657173157,right_down,0,54.8702392578125,1081.4879150390625,647.6343994140625,1060.5546875,629.4156494140625,1027.888916015625,635.8917236328125,1058.497802734375,649.4744873046875
1332,1,0.8318479657173157,right_down,0,54.68258285522461,1081.261962890625,646.602783203125,1060.58642578125,628.5820922851562,1027.8028564453125,635.1002197265625,1059.10498046875,648.7138061523438
1333,1,0.8318479657173157,right_down,0,54.55158615112305,1081.103759765625,645.880615234375,1060.608642578125,627.9985961914062,1027.74267578125,634.546142578125,1059.530029296875,648.1813354492188
1334,1,0.8318479657173157,right_down,0,54.46012496948242,1080.9930419921875,645.3751220703125,1060.624267578125,627.5901489257812,1027.7005615234375,634.1583251953125,1059.8275146484375,647.80859375
1335,1,0.8287760615348816,right_down,0,54.55539321899414,1081.1773681640625,646.269775390625,1060.63427734375,628.0938720703125,1028.11181640625,633.6072998046875,1059.9566650390625,648.41796875
1336,1,0.8287760615348816,right_down,0,54.645355224609375,1081.306396484375,646.8960571289062,1060.6412353515625,628.4464111328125,1028.399658203125,633.2215576171875,1060.047119140625,648.8445434570312
1337,1,0.8287760615348816,right_down,0,54.7197380065918,1081.396728515625,647.33447265625,1060.6461181640625,628.6932373046875,1028.60107421875,632.9515380859375,1060.1103515625,649.1431274414062
1338,1,0.8287760615348816,right_down,0,54.777217864990234,1081.4599609375,647.641357421875,1060.6495361328125,628.865966796875,1028.7421875,632.7625122070312,1060.154541015625,649.3521118164062
1339,1,0.8287760615348816,right_down,0,54.820213317871094,1081.504150390625,647.8561401367188,1060.65185546875,628.9869384765625,1028.8408203125,632.6301879882812,1060.185546875,649.4984130859375
1340,1,0.7574869990348816,right_down,0,45.13706588745117,1074.574462890625,647.7678833007812,1058.660888671875,631.2267456054688,1030.6279296875,637.469482421875,1055.77685546875,650.0921630859375
1341,1,0.7574869990348816,right_down,0,38.45950698852539,1069.7236328125,647.7061157226562,1057.2672119140625,632.7945556640625,1031.87890625,640.8569946289062,1052.690673828125,650.5078125
1342,1,0.7574869990348816,right_down,0,33.8651008605957,1066.328125,647.6629028320312,1056.2916259765625,633.8920288085938,1032.754638671875,643.228271484375,1050.530517578125,650.7987060546875
1343,1,0.7574869990348816,right_down,0,30.70650863647461,1063.951171875,647.6326293945312,1055.6087646484375,634.6602783203125,1033.3675537109375,644.88818359375,1049.018310546875,651.0023193359375
1344,1,0.7574869990348816,right_down,0,28.533475875854492,1062.287353515625,647.6114501953125,1055.1307373046875,635.1980590820312,1033.796630859375,646.050048828125,1047.959716796875,651.1448974609375
1345,1,0.5214299559593201,right_down,0,32.53512191772461,1066.1107177734375,652.85693359375,1057.1549072265625,638.3641357421875,1034.459716796875,645.3237915039062,1050.885498046875,654.0147705078125
1346,1,0.5214299559593201,right_down,0,35.831878662109375,1068.787109375,656.5287475585938,1058.57177734375,640.5803833007812,1034.923828125,644.8154296875,1052.9334716796875,656.023681640625
1347,1,0.5214299559593201,right_down,0,38.318565368652344,1070.6605224609375,659.0989990234375,1059.5635986328125,642.1317749023438,1035.2486572265625,644.4595947265625,1054.3670654296875,657.429931640625
1348,1,0.5214299559593201,right_down,0,40.13013458251953,1071.971923828125,660.898193359375,1060.2579345703125,643.2177734375,1035.47607421875,644.21044921875,1055.37060546875,658.414306640625
1349,1,0.5214299559593201,right_down,0,41.42822265625,1072.889892578125,662.1575927734375,1060.743896484375,643.9779663085938,1035.63525390625,644.0360717773438,1056.0731201171875,659.1033325195312
1350,1,0.7747691869735718,right_down,0,41.32463836669922,1073.74072265625,661.552978515625,1061.187255859375,643.3200073242188,1036.096435546875,644.5050048828125,1056.423828125,657.801025390625
1351,1,0.7747691869735718,right_down,0,41.27061080932617,1074.3363037109375,661.1296997070312,1061.4976806640625,642.8594360351562,1036.41943359375,644.833251953125,1056.669189453125,656.889404296875
1352,1,0.7747691869735718,right_down,0,41.24193572998047,1074.753173828125,660.8333740234375,1061.7149658203125,642.5369873046875,1036.6455078125,645.0630493164062,1056.841064453125,656.2512817382812
1353,1,0.7747691869735718,right_down,0,41.226497650146484,1075.0450439453125,660.6259765625,1061.8670654296875,642.311279296875,1036.8037109375,645.223876953125,1056.96142578125,655.8045654296875
1354,1,0.7747691869735718,right_down,0,41.21784973144531,1075.249267578125,660.4808349609375,1061.9735107421875,642.1533203125,1036.9144287109375,645.3364868164062,1057.045654296875,655.4918823242188
1355,1,0.820996880531311,right_down,0,42.88343811035156,1074.3685302734375,662.2727661132812,1061.4588623046875,641.58056640625,1036.596435546875,641.9686279296875,1055.619873046875,655.7872314453125
1356,1,0.820996880531311,right_down,0,44.37461853027344,1073.751953125,663.5271606445312,1061.0986328125,641.1795654296875,1036.373779296875,639.611083984375,1054.621826171875,655.9939575195312
1357,1,0.820996880531311,right_down,0,45.56189727783203,1073.3203125,664.4052124023438,1060.846435546875,640.89892578125,1036.218017578125,637.9608154296875,1053.923095703125,656.138671875
1358,1,0.820996880531311,right_down,0,46.45799255371094,1073.018310546875,665.0198364257812,1060.669921875,640.7024536132812,1036.10888671875,636.8056640625,1053.43408203125,656.239990234375
1359,1,0.820996880531311,right_down,0,47.11518478393555,1072.806884765625,665.4500732421875,1060.54638671875,640.56494140625,1036.032470703125,635.9970092773438,1053.091796875,656.3109130859375
1360,1,0.8213783502578735,right_down,0,46.75575256347656,1070.9107666015625,665.419189453125,1059.119384765625,639.9150390625,1036.07421875,634.2340087890625,1051.8487548828125,656.13037109375
1361,1,0.8213783502578735,right_down,0,46.588802337646484,1069.58349609375,665.3975830078125,1058.120361328125,639.4600830078125,1036.103515625,632.9999389648438,1050.9786376953125,656.0040283203125
1362,1,0.8213783502578735,right_down,0,46.513973236083984,1068.6544189453125,665.3824462890625,1057.421142578125,639.1416015625,1036.1240234375,632.1360473632812,1050.3695068359375,655.9155883789062
1363,1,0.8213783502578735,right_down,0,46.482261657714844,1068.0040283203125,665.371826171875,1056.931640625,638.918701171875,1036.1383056640625,631.5313720703125,1049.943115234375,655.8536376953125
1364,1,0.8213783502578735,right_down,0,46.4702262878418,1067.5487060546875,665.3644409179688,1056.5889892578125,638.7626342773438,1036.1483154296875,631.1080932617188,1049.6446533203125,655.810302734375
1365,1,0.8210583925247192,right_down,0,44.7511100769043,1067.854736328125,660.3724365234375,1055.889404296875,635.6098022460938,1034.733154296875,630.2788696289062,1048.89404296875,653.0253295898438
1366,1,0.8210583925247192,right_down,0,43.78399658203125,1068.0689697265625,656.8780517578125,1055.399658203125,633.4027709960938,1033.7425537109375,629.6983642578125,1048.36865234375,651.0758666992188
1367,1,0.8210583925247192,right_down,0,43.2312126159668,1068.218994140625,654.4319458007812,1055.056884765625,631.8578491210938,1033.049072265625,629.2920532226562,1048.0009765625,649.7112426757812
1368,1,0.8210583925247192,right_down,0,42.90753173828125,1068.323974609375,652.7196655273438,1054.81689453125,630.7764282226562,1032.563720703125,629.0076293945312,1047.7435302734375,648.7559814453125
1369,1,0.8210583925247192,right_down,0,42.712738037109375,1068.3974609375,651.5210571289062,1054.64892578125,630.0194091796875,1032.2239990234375,628.8085327148438,1047.5633544921875,648.0873413085938
1370,1,0.5339352488517761,right_down,0,40.578224182128906,1067.6881103515625,647.8426513671875,1053.8486328125,629.16796875,1031.37060546875,629.7420654296875,1048.28662109375,645.982421875
1371,1,0.5339352488517761,right_down,0,39.33798599243164,1067.1915283203125,645.2677001953125,1053.28857421875,628.5719604492188,1030.773193359375,630.3955078125,1048.7928466796875,644.5089721679688
1372,1,0.5339352488517761,right_down,0,38.60725021362305,1066.843994140625,643.4652709960938,1052.896484375,628.1547241210938,1030.35498046875,630.8529052734375,1049.147216796875,643.4775390625
1373,1,0.5339352488517761,right_down,0,38.16702651977539,1066.6005859375,642.20361328125,1052.6220703125,627.8626708984375,1030.062255859375,631.173095703125,1049.395263671875,642.7555541992188
1374,1,0.5339352488517761,right_down,0,37.89519119262695,1066.4302978515625,641.3204345703125,1052.429931640625,627.6582641601562,1029.857421875,631.397216796875,1049.5689697265625,642.2501831054688
1375,1,0.37425944209098816,right_down,0,28.254169464111328,1059.437744140625,640.9080810546875,1049.3927001953125,627.967529296875,1033.095947265625,630.6900634765625,1048.1639404296875,641.8771362304688
1376,1,0.37425944209098816,right_down,0,21.829843521118164,1054.5428466796875,640.6194458007812,1047.2666015625,628.1840209960938,1035.36279296875,630.195068359375,1047.180419921875,641.615966796875
1377,1,0.37425944209098816,right_down,0,17.674728393554688,1051.116455078125,640.4173583984375,1045.7783203125,628.3355712890625,1036.94970703125,629.8485717773438,1046.491943359375,641.4331665039062
1378,1,0.37425944209098816,right_down,0,15.0807466506958,1048.718017578125,640.2759399414062,1044.736572265625,628.441650390625,1038.060546875,629.6060180664062,1046.010009765625,641.30517578125
1379,1,0.37425944209098816,right_down,0,13.513635635375977,1047.0390625,640.1769409179688,1044.00732421875,628.5159301757812,1038.838134765625,629.4362182617188,1045.672607421875,641.215576171875
1380,1,0.552853524684906,right_down,0,11.6453857421875,1040.2891845703125,641.6749267578125,1037.72119140625,631.242919921875,1033.301025390625,632.3593139648438,1040.3802490234375,643.76904296875
1381,1,0.552853524684906,right_down,0,10.33819580078125,1035.564208984375,642.7235107421875,1033.3209228515625,633.1517944335938,1029.425048828125,634.405517578125,1036.6756591796875,645.5565185546875
1382,1,0.552853524684906,right_down,0,9.423685073852539,1032.2568359375,643.45751953125,1030.24072265625,634.488037109375,1026.7119140625,635.8378295898438,1034.0823974609375,646.8077392578125
1383,1,0.552853524684906,right_down,0,8.783853530883789,1029.941650390625,643.9713134765625,1028.0845947265625,635.4234008789062,1024.8126220703125,636.8404541015625,1032.26708984375,647.68359375
1384,1,0.552853524684906,right_down,0,8.336111068725586,1028.321044921875,644.3309326171875,1026.5751953125,636.078125,1023.483154296875,637.5422973632812,1030.9964599609375,648.2966918945312
1385,1,0.780596137046814,right_down,0,21.37898063659668,1036.76611328125,646.4763793945312,1029.7666015625,635.7841796875,1016.9019775390625,638.5721435546875,1030.768798828125,650.747802734375
1386,1,0.780596137046814,right_down,0,31.599435806274414,1042.6776123046875,647.9781494140625,1032.00048828125,635.5784912109375,1012.295166015625,639.2930297851562,1030.6094970703125,652.463623046875
1387,1,0.780596137046814,right_down,0,38.85779571533203,1046.815673828125,649.0294189453125,1033.564208984375,635.4344482421875,1009.0704345703125,639.7976684570312,1030.498046875,653.6646728515625
1388,1,0.780596137046814,right_down,0,43.96333694458008,1049.7122802734375,649.7653198242188,1034.658935546875,635.3336181640625,1006.8131103515625,640.1509399414062,1030.419921875,654.5054321289062
1389,1,0.780596137046814,right_down,0,47.54536819458008,1051.739990234375,650.2804565429688,1035.4251708984375,635.2630615234375,1005.2329711914062,640.398193359375,1030.365234375,655.0939331054688
1390,1,0.7874146103858948,right_down,0,49.189414978027344,1059.3701171875,657.345458984375,1042.9290771484375,639.1109619140625,1012.5379638671875,642.3005981445312,1038.168701171875,659.7207641601562
1391,1,0.7874146103858948,right_down,0,50.623756408691406,1064.711181640625,662.2909545898438,1048.1817626953125,641.804443359375,1017.6514282226562,643.63232421875,1043.631103515625,662.9595947265625
1392,1,0.7874146103858948,right_down,0,51.755027770996094,1068.449951171875,665.7528076171875,1051.858642578125,643.6898803710938,1021.2308959960938,644.5645141601562,1047.454833984375,665.2267456054688
1393,1,0.7874146103858948,right_down,0,52.60519027709961,1071.067138671875,668.1760864257812,1054.4324951171875,645.0097045898438,1023.7365112304688,645.217041015625,1050.1314697265625,666.8137817382812
1394,1,0.7874146103858948,right_down,0,53.227378845214844,1072.899169921875,669.8723754882812,1056.234130859375,645.93359375,1025.490478515625,645.673828125,1052.005126953125,667.9246826171875
1395,1,0.6948317289352417,right_down,0,49.141258239746094,1070.25634765625,672.5771484375,1055.568115234375,648.7950439453125,1027.89208984375,647.6746826171875,1052.06103515625,669.400146484375
1396,1,0.6948317289352417,right_down,0,46.39962387084961,1068.4063720703125,674.470458984375,1055.1019287109375,650.7980346679688,1029.5732421875,649.0753173828125,1052.10009765625,670.4329833984375
1397,1,0.6948317289352417,right_down,0,44.55002975463867,1067.1114501953125,675.7957763671875,1054.775634765625,652.2001342773438,1030.75,650.0557250976562,1052.12744140625,671.1558837890625
1398,1,0.6948317289352417,right_down,0,43.29388427734375,1066.2049560546875,676.7235107421875,1054.5472412109375,653.181640625,1031.57373046875,650.7420043945312,1052.1466064453125,671.6619873046875
1399,1,0.6948317289352417,right_down,0,42.43523025512695,1065.5704345703125,677.3729248046875,1054.3873291015625,653.86865234375,1032.150390625,651.222412109375,1052.1600341796875,672.0162353515625
1400,1,0.7512391805648804,right_down,0,38.00117492675781,1059.8768310546875,678.2862548828125,1052.133544921875,654.3870849609375,1034.8612060546875,649.68017578125,1051.47998046875,671.8776245117188
1401,1,0.7512391805648804,right_down,0,35.85612106323242,1055.891357421875,678.9255981445312,1050.555908203125,654.75,1036.7587890625,648.6005859375,1051.00390625,671.7805786132812
1402,1,0.7512391805648804,right_down,0,34.920814514160156,1053.1015625,679.3731079101562,1049.4515380859375,655.0040283203125,1038.0870361328125,647.8449096679688,1050.670654296875,671.712646484375
1403,1,0.7512391805648804,right_down,0,34.56914520263672,1051.148681640625,679.6863403320312,1048.678466796875,655.1818237304688,1039.016845703125,647.31591796875,1050.4373779296875,671.6651000976562
1404,1,0.7512391805648804,right_down,0,34.47686004638672,1049.7816162109375,679.9056396484375,1048.1373291015625,655.3062744140625,1039.667724609375,646.9456176757812,1050.274169921875,671.6318359375
1405,1,0.7557039260864258,right_down,0,34.16397476196289,1044.393310546875,680.4724731445312,1045.2576904296875,656.05517578125,1041.01611328125,646.475830078125,1048.8936767578125,671.6652221679688
1406,1,0.7557039260864258,left_down,0,34.748077392578125,1040.6214599609375,680.8692626953125,1043.241943359375,656.579345703125,1041.9599609375,646.14697265625,1047.9273681640625,671.6885986328125
1407,1,0.7557039260864258,left_down,0,35.53440475463867,1037.981201171875,681.1470336914062,1041.8309326171875,656.9462890625,1042.6207275390625,645.9168090820312,1047.2508544921875,671.7049560546875
1408,1,0.7557039260864258,left_down,0,36.25811767578125,1036.133056640625,681.3414306640625,1040.8431396484375,657.203125,1043.083251953125,645.7556762695312,1046.77734375,671.7164306640625
1409,1,0.7557039260864258,left_down,0,36.84463119506836,1034.83935546875,681.4775390625,1040.1517333984375,657.3829345703125,1043.406982421875,645.6428833007812,1046.4459228515625,671.7244873046875
1410,1,0.6908365488052368,left_down,0,35.0108757019043,1036.05029296875,680.921630859375,1040.4503173828125,656.8571166992188,1042.1314697265625,646.4429321289062,1046.5379638671875,670.973388671875
1411,1,0.6908365488052368,left_down,0,33.809329986572266,1036.89794921875,680.532470703125,1040.6593017578125,656.489013671875,1041.238525390625,647.0029296875,1046.602294921875,670.4476318359375
1412,1,0.6908365488052368,left_down,0,33.013084411621094,1037.4913330078125,680.2600708007812,1040.8056640625,656.2313232421875,1040.613525390625,647.3949584960938,1046.6473388671875,670.07958984375
1413,1,0.6908365488052368,left_down,0,32.47939682006836,1037.90673828125,680.0693969726562,1040.9080810546875,656.0509643554688,1040.176025390625,647.6693725585938,1046.678955078125,669.8219604492188
1414,1,0.6908365488052368,left_down,0,32.11802673339844,1038.197509765625,679.9359130859375,1040.979736328125,655.9246826171875,1039.8697509765625,647.8614501953125,1046.7010498046875,669.6416015625
1415,1,0.7173522710800171,left_down,0,32.163936614990234,1037.9676513671875,679.8515014648438,1040.8482666015625,655.9825439453125,1039.154541015625,647.70947265625,1045.7601318359375,669.6443481445312
1416,1,0.7173522710800171,down,0,32.20047378540039,1037.8067626953125,679.7924194335938,1040.7562255859375,656.0230712890625,1038.65380859375,647.6030883789062,1045.1015625,669.646240234375
1417,1,0.7173522710800171,down,0,32.228233337402344,1037.694091796875,679.7510375976562,1040.69189453125,656.0514526367188,1038.3033447265625,647.528564453125,1044.6405029296875,669.6475830078125
1418,1,0.7173522710800171,down,0,32.2486457824707,1037.615234375,679.7220458984375,1040.6468505859375,656.0712890625,1038.0579833984375,647.4764404296875,1044.3177490234375,669.6485595703125
1419,1,0.7173522710800171,down,0,32.26348876953125,1037.56005859375,679.7017822265625,1040.615234375,656.085205078125,1037.88623046875,647.43994140625,1044.091796875,669.6492309570312
1420,1,0.7123013734817505,left_down,0,33.57957458496094,1033.74609375,680.0748901367188,1038.57861328125,656.7807006835938,1038.35498046875,646.8131103515625,1042.580078125,669.9027099609375
1421,1,0.7123013734817505,left_down,0,34.80331802368164,1031.0762939453125,680.3361206054688,1037.153076171875,657.267578125,1038.68310546875,646.374267578125,1041.52197265625,670.0802001953125
1422,1,0.7123013734817505,left_down,0,35.792808532714844,1029.2073974609375,680.5189819335938,1036.1551513671875,657.6083984375,1038.912841796875,646.067138671875,1040.78125,670.2044067382812
1423,1,0.7123013734817505,left_down,0,36.54518508911133,1027.899169921875,680.64697265625,1035.45654296875,657.846923828125,1039.0736083984375,645.8521118164062,1040.2626953125,670.2913818359375
1424,1,0.7123013734817505,left_down,0,37.099281311035156,1026.9833984375,680.736572265625,1034.967529296875,658.013916015625,1039.1861572265625,645.7015991210938,1039.8997802734375,670.3522338867188
1425,1,0.7450270056724548,left_down,0,38.30313491821289,1025.285888671875,681.5989990234375,1033.45068359375,657.6878051757812,1040.47216796875,646.4349975585938,1038.2169189453125,670.0827026367188
1426,1,0.7450270056724548,left_down,0,39.25916290283203,1024.09765625,682.2026977539062,1032.388916015625,657.4595336914062,1041.372314453125,646.9483642578125,1037.0389404296875,669.89404296875
1427,1,0.7450270056724548,left_down,0,39.97983932495117,1023.2658081054688,682.625244140625,1031.6456298828125,657.2997436523438,1042.00244140625,647.3077392578125,1036.21435546875,669.761962890625
1428,1,0.7450270056724548,left_down,0,40.508140563964844,1022.6835327148438,682.9210815429688,1031.125244140625,657.1878662109375,1042.4434814453125,647.559326171875,1035.63720703125,669.6695556640625
1429,1,0.7450270056724548,left_down,0,40.88917541503906,1022.2759399414062,683.128173828125,1030.760986328125,657.1095581054688,1042.752197265625,647.7354125976562,1035.233154296875,669.6048583984375
1430,1,0.7093772888183594,left_down,0,44.67402648925781,1019.8125,684.6897583007812,1029.814453125,658.95849609375,1043.7496337890625,646.969970703125,1036.021240234375,671.0805053710938
1431,1,0.7093772888183594,left_down,0,47.36196517944336,1018.088134765625,685.7828369140625,1029.1519775390625,660.2527465820312,1044.4478759765625,646.4341430664062,1036.5728759765625,672.1134643554688
1432,1,0.7093772888183594,left_down,0,49.25914764404297,1016.881103515625,686.5479736328125,1028.688232421875,661.15869140625,1044.9366455078125,646.05908203125,1036.958984375,672.8365478515625
1433,1,0.7093772888183594,left_down,0,50.593994140625,1016.0361328125,687.0836181640625,1028.363525390625,661.7928466796875,1045.2786865234375,645.7965087890625,1037.229248046875,673.3426513671875
1434,1,0.7093772888183594,left_down,0,51.53142547607422,1015.4447021484375,687.4585571289062,1028.13623046875,662.2367553710938,1045.5181884765625,645.6127319335938,1037.41845703125,673.6969604492188
1435,1,0.7171338200569153,left_down,0,52.092288970947266,1015.2239990234375,687.5665893554688,1027.8970947265625,662.5347290039062,1046.052490234375,645.5759887695312,1038.2080078125,674.1728515625
1436,1,0.7171338200569153,left_down,0,52.488006591796875,1015.0695190429688,687.6422119140625,1027.729736328125,662.7432861328125,1046.426513671875,645.55029296875,1038.7606201171875,674.5059814453125
1437,1,0.7171338200569153,left_down,0,52.76646041870117,1014.9613647460938,687.6951293945312,1027.612548828125,662.8892822265625,1046.688232421875,645.5322875976562,1039.1474609375,674.7391967773438
1438,1,0.7171338200569153,left_down,0,52.96208190917969,1014.8856811523438,687.732177734375,1027.530517578125,662.991455078125,1046.8714599609375,645.5197143554688,1039.418212890625,674.9024658203125
1439,1,0.7171338200569153,left_down,0,53.09938430786133,1014.8327026367188,687.7581176757812,1027.47314453125,663.06298828125,1046.999755859375,645.5109252929688,1039.607666015625,675.0167236328125
1440,1,0.5823002457618713,left_down,0,47.4020881652832,1015.0699462890625,682.140625,1027.57666015625,659.7639770507812,1045.791748046875,646.041748046875,1040.1082763671875,672.3327026367188
1441,1,0.5823002457618713,left_down,0,43.51563262939453,1015.2360229492188,678.2083740234375,1027.649169921875,657.4546508789062,1044.946044921875,646.413330078125,1040.458740234375,670.4539184570312
1442,1,0.5823002457618713,left_down,0,40.85992431640625,1015.352294921875,675.455810546875,1027.699951171875,655.838134765625,1044.3541259765625,646.6734008789062,1040.7041015625,669.1387939453125
1443,1,0.5823002457618713,left_down,0,39.03935623168945,1015.4336547851562,673.5289916992188,1027.7353515625,654.7066040039062,1043.939697265625,646.85546875,1040.875732421875,668.2182006835938
1444,1,0.5823002457618713,left_down,0,37.78670120239258,1015.4906005859375,672.18017578125,1027.76025390625,653.9144897460938,1043.649658203125,646.98291015625,1040.995849609375,667.5737915039062
1445,1,0.6151544451713562,left_down,0,20.645776748657227,1028.0177001953125,662.6806030273438,1033.9117431640625,646.8659057617188,1041.200439453125,646.79150390625,1045.599365234375,661.2077026367188
1446,1,0.6151544451713562,left_down,0,9.754382133483887,1036.78662109375,656.0308837890625,1038.2177734375,641.931884765625,1039.486083984375,646.657470703125,1048.82177734375,656.75146484375
1447,1,0.6151544451713562,right_down,0,6.684243679046631,1042.9249267578125,651.3760986328125,1041.2320556640625,638.4780883789062,1038.2860107421875,646.5636596679688,1051.0775146484375,653.632080078125
1448,1,0.6151544451713562,right_down,0,9.909036636352539,1047.2216796875,648.1177368164062,1043.342041015625,636.0604248046875,1037.4459228515625,646.4979858398438,1052.656494140625,651.448486328125
1449,1,0.6151544451713562,right,0,13.385722160339355,1050.2294921875,645.8369140625,1044.8189697265625,634.3680419921875,1036.85791015625,646.4520263671875,1053.7618408203125,649.9199829101562
1450,1,0.5862637758255005,right_up,0,21.628137588500977,1057.17724609375,641.6646118164062,1048.6070556640625,632.0435180664062,1036.241943359375,647.0950317382812,1056.4896240234375,647.8235473632812
1451,1,0.5862637758255005,right_up,0,27.667049407958984,1062.0406494140625,638.7440185546875,1051.2586669921875,630.4163818359375,1035.810791015625,647.545166015625,1058.3990478515625,646.3560791015625
1452,1,0.5862637758255005,right_up,0,31.94880485534668,1065.445068359375,636.6995849609375,1053.1148681640625,629.2774047851562,1035.509033203125,647.8602294921875,1059.735595703125,645.328857421875
1453,1,0.5862637758255005,right_up,0,34.962581634521484,1067.828125,635.2684936523438,1054.4141845703125,628.4801025390625,1035.2977294921875,648.080810546875,1060.671142578125,644.6098022460938
1454,1,0.5862637758255005,right_up,0,37.07834243774414,1069.496337890625,634.2667236328125,1055.32373046875,627.9219970703125,1035.1497802734375,648.2351684570312,1061.326171875,644.1064453125
1455,1,0.4243156313896179,right_up,0,43.122047424316406,1073.337158203125,631.8916625976562,1056.2698974609375,625.9681396484375,1033.45947265625,648.3014526367188,1061.97802734375,642.400390625
1456,1,0.4243156313896179,right_up,0,47.35289764404297,1076.025634765625,630.2291259765625,1056.93212890625,624.6004638671875,1032.2762451171875,648.3478393554688,1062.434326171875,641.2061767578125
1457,1,0.4243156313896179,right_up,0,50.31473159790039,1077.90771484375,629.0653686523438,1057.395751953125,623.64306640625,1031.447998046875,648.3803100585938,1062.7537841796875,640.3702392578125
1458,1,0.4243156313896179,right_up,0,52.38806915283203,1079.22509765625,628.250732421875,1057.72021484375,622.972900390625,1030.8681640625,648.403076171875,1062.977294921875,639.7850341796875
1459,1,0.4243156313896179,right_up,0,53.839271545410156,1080.147216796875,627.6804809570312,1057.9473876953125,622.5037841796875,1030.46240234375,648.4190063476562,1063.1337890625,639.3753662109375
1460,1,0.7363272309303284,right_up,0,56.517913818359375,1082.1844482421875,627.6859741210938,1057.7166748046875,622.3507080078125,1029.40234375,647.8930053710938,1063.27197265625,639.7466430664062
1461,1,0.7363272309303284,right_up,0,58.420684814453125,1083.610595703125,627.6898193359375,1057.55517578125,622.2435302734375,1028.66015625,647.5247802734375,1063.36865234375,640.0065307617188
1462,1,0.7363272309303284,right_up,0,59.7647590637207,1084.60888671875,627.6925048828125,1057.442138671875,622.16845703125,1028.140625,647.2670288085938,1063.436279296875,640.1884765625
1463,1,0.7363272309303284,right_up,0,60.710960388183594,1085.3076171875,627.6943359375,1057.363037109375,622.115966796875,1027.777099609375,647.0866088867188,1063.483642578125,640.3157958984375
1464,1,0.7363272309303284,right_up,0,61.37593460083008,1085.7967529296875,627.6956787109375,1057.3076171875,622.0792236328125,1027.5225830078125,646.9603271484375,1063.516845703125,640.4049072265625
1465,1,0.6743320226669312,right_up,0,60.59052276611328,1084.318115234375,629.1231079101562,1056.38330078125,622.4251708984375,1026.5533447265625,647.410888671875,1062.0728759765625,640.5114135742188
1466,1,0.6743320226669312,right_up,0,60.04655456542969,1083.282958984375,630.122314453125,1055.736328125,622.6672973632812,1025.8748779296875,647.726318359375,1061.06201171875,640.5859375
1467,1,0.6743320226669312,right_up,0,59.66880416870117,1082.558349609375,630.8217163085938,1055.283447265625,622.8367919921875,1025.39990234375,647.9470825195312,1060.3544921875,640.63818359375
1468,1,0.6743320226669312,right_up,0,59.406036376953125,1082.05126953125,631.3113403320312,1054.966552734375,622.9554443359375,1025.0673828125,648.1016235351562,1059.859130859375,640.6746826171875
1469,1,0.6743320226669312,right_up,0,59.22273635864258,1081.6962890625,631.654052734375,1054.74462890625,623.0385131835938,1024.834716796875,648.2098388671875,1059.512451171875,640.7002563476562
1470,1,0.6257879137992859,right_up,0,50.490509033203125,1075.2047119140625,637.9361572265625,1051.580078125,628.2349853515625,1025.980712890625,649.1740112304688,1056.1611328125,644.9686279296875
1471,1,0.6257879137992859,right_up,0,44.516761779785156,1070.66064453125,642.3336181640625,1049.3648681640625,631.8724975585938,1026.7828369140625,649.8489379882812,1053.815185546875,647.9564819335938
1472,1,0.6257879137992859,right_up,0,40.434661865234375,1067.4798583984375,645.411865234375,1047.814208984375,634.4187622070312,1027.3443603515625,650.3214111328125,1052.173095703125,650.0479736328125
1473,1,0.6257879137992859,right_up,0,37.64253616333008,1065.2532958984375,647.566650390625,1046.728759765625,636.201171875,1027.7374267578125,650.652099609375,1051.023681640625,651.5120239257812
1474,1,0.6257879137992859,right_up,0,35.72793960571289,1063.6947021484375,649.074951171875,1045.968994140625,637.4488525390625,1028.0125732421875,650.8836059570312,1050.218994140625,652.536865234375
1475,1,0.7314139008522034,right_down,0,32.596580505371094,1061.5638427734375,652.248779296875,1045.02783203125,639.2388305664062,1028.9837646484375,651.211669921875,1048.8846435546875,654.2189331054688
1476,1,0.7314139008522034,right_down,0,30.55907440185547,1060.0721435546875,654.470458984375,1044.368896484375,640.4917602539062,1029.66357421875,651.4412841796875,1047.95068359375,655.3963623046875
1477,1,0.7314139008522034,right_down,0,29.225269317626953,1059.0279541015625,656.025634765625,1043.90771484375,641.3688354492188,1030.139404296875,651.60205078125,1047.296875,656.2205810546875
1478,1,0.7314139008522034,right_down,0,28.34355354309082,1058.297119140625,657.1142578125,1043.5849609375,641.9827880859375,1030.47265625,651.714599609375,1046.839111328125,656.7975463867188
1479,1,0.7314139008522034,right_down,0,27.754514694213867,1057.7855224609375,657.8762817382812,1043.35888671875,642.4125366210938,1030.705810546875,651.7933349609375,1046.518798828125,657.201416015625
1480,1,0.8116610050201416,right_down,0,29.256855010986328,1059.4537353515625,658.446044921875,1044.254150390625,642.3438110351562,1031.0850830078125,651.2918090820312,1046.78857421875,657.21240234375
1481,1,0.8116610050201416,right_down,0,30.319286346435547,1060.6214599609375,658.8448486328125,1044.880859375,642.2957153320312,1031.3505859375,650.9407348632812,1046.9774169921875,657.2200927734375
1482,1,0.8116610050201416,right_down,0,31.067777633666992,1061.4388427734375,659.1240234375,1045.319580078125,642.2620239257812,1031.536376953125,650.6949462890625,1047.109619140625,657.2254638671875
1483,1,0.8116610050201416,right_down,0,31.59388542175293,1062.0111083984375,659.3194580078125,1045.626708984375,642.2384643554688,1031.66650390625,650.52294921875,1047.2021484375,657.229248046875
1484,1,0.8116610050201416,right_down,0,31.963130950927734,1062.41162109375,659.456298828125,1045.8416748046875,642.2219848632812,1031.757568359375,650.4025268554688,1047.266845703125,657.2318725585938
1485,1,0.8109363913536072,right_down,0,33.084747314453125,1063.526611328125,660.4234008789062,1046.8863525390625,642.6264038085938,1032.0860595703125,650.123291015625,1047.3665771484375,657.50634765625
1486,1,0.8109363913536072,right_down,0,33.88601303100586,1064.30712890625,661.100341796875,1047.61767578125,642.9094848632812,1032.31591796875,649.9278564453125,1047.4364013671875,657.698486328125
1487,1,0.8109363913536072,right_down,0,34.454132080078125,1064.853515625,661.57421875,1048.1295166015625,643.107666015625,1032.4769287109375,649.791015625,1047.4852294921875,657.8330078125
1488,1,0.8109363913536072,right_down,0,34.8552131652832,1065.2359619140625,661.9059448242188,1048.4879150390625,643.246337890625,1032.589599609375,649.6952514648438,1047.5194091796875,657.9271240234375
1489,1,0.8109363913536072,right_down,0,35.13755798339844,1065.503662109375,662.1381225585938,1048.73876953125,643.3434448242188,1032.66845703125,649.6282348632812,1047.5433349609375,657.9930419921875
1490,1,0.8178472518920898,right_down,0,36.2672119140625,1066.2811279296875,662.338623046875,1049.47509765625,643.6397705078125,1032.284912109375,649.7066040039062,1047.6240234375,658.3411865234375
1491,1,0.8178472518920898,right_down,0,37.05940246582031,1066.825439453125,662.47900390625,1049.990478515625,643.84716796875,1032.0164794921875,649.761474609375,1047.680419921875,658.5848999023438
1492,1,0.8178472518920898,right_down,0,37.614376068115234,1067.206298828125,662.5772705078125,1050.351318359375,643.992431640625,1031.82861328125,649.7999267578125,1047.719970703125,658.7554931640625
1493,1,0.8178472518920898,right_down,0,38.00323486328125,1067.472900390625,662.6460571289062,1050.603759765625,644.0941162109375,1031.697021484375,649.8268432617188,1047.7476806640625,658.8748779296875
1494,1,0.8178472518920898,right_down,0,38.27566146850586,1067.65966796875,662.6942138671875,1050.780517578125,644.165283203125,1031.60498046875,649.8456420898438,1047.76708984375,658.95849609375
1495,1,0.8225389122962952,right_down,0,38.71516799926758,1068.1719970703125,662.2762451171875,1051.126708984375,643.92822265625,1031.4488525390625,650.017578125,1047.983154296875,658.8160400390625
1496,1,0.8225389122962952,right_down,0,39.03207778930664,1068.5306396484375,661.983642578125,1051.369140625,643.7623291015625,1031.3394775390625,650.137939453125,1048.1343994140625,658.71630859375
1497,1,0.8225389122962952,right_down,0,39.258209228515625,1068.7816162109375,661.77880859375,1051.538818359375,643.6461791992188,1031.262939453125,650.22216796875,1048.240234375,658.646484375
1498,1,0.8225389122962952,right_down,0,39.418601989746094,1068.957275390625,661.6354370117188,1051.657470703125,643.5648193359375,1031.2093505859375,650.2811279296875,1048.3143310546875,658.59765625
1499,1,0.8225389122962952,right_down,0,39.531951904296875,1069.080322265625,661.5350952148438,1051.7406005859375,643.5079345703125,1031.171875,650.3223876953125,1048.3662109375,658.5634765625
1500,1,0.8224262595176697,right_down,0,39.93492126464844,1069.4022216796875,660.72705078125,1051.9454345703125,643.226318359375,1030.8006591796875,650.493896484375,1048.5645751953125,658.30810546875
1501,1,0.8224262595176697,right_down,0,40.235965728759766,1069.6275634765625,660.1614379882812,1052.0888671875,643.0292358398438,1030.540771484375,650.6138916015625,1048.7034912109375,658.12939453125
1502,1,0.8224262595176697,right_down,0,40.45568084716797,1069.7852783203125,659.7655029296875,1052.189208984375,642.8912353515625,1030.35888671875,650.6978759765625,1048.8006591796875,658.0042724609375
1503,1,0.8224262595176697,right_down,0,40.61389923095703,1069.895751953125,659.4883422851562,1052.259521484375,642.794677734375,1030.2315673828125,650.7567138671875,1048.8687744140625,657.9166870117188
1504,1,0.8224262595176697,right_down,0,40.7266960144043,1069.9730224609375,659.2943115234375,1052.3087158203125,642.72705078125,1030.1424560546875,650.7978515625,1048.9163818359375,657.8554077148438
1505,1,0.8238590955734253,right_down,0,41.614593505859375,1070.633544921875,658.1065673828125,1052.456787109375,642.0670166015625,1029.673095703125,650.7570190429688,1049.2078857421875,657.2849731445312
1506,1,0.8238590955734253,right_down,0,42.26162338256836,1071.095947265625,657.275146484375,1052.560302734375,641.60498046875,1029.344482421875,650.7283935546875,1049.4119873046875,656.8856811523438
1507,1,0.8238590955734253,right_down,0,42.72628402709961,1071.4195556640625,656.6931762695312,1052.6328125,641.2815551757812,1029.114501953125,650.7083740234375,1049.5548095703125,656.606201171875
1508,1,0.8238590955734253,right_down,0,43.05710220336914,1071.64599609375,656.2857666015625,1052.68359375,641.05517578125,1028.9534912109375,650.6943359375,1049.65478515625,656.4105224609375
1509,1,0.8238590955734253,right_down,0,43.29138946533203,1071.8045654296875,656.0006103515625,1052.7191162109375,640.896728515625,1028.8408203125,650.6845092773438,1049.724853515625,656.2735595703125
1510,1,0.8052963018417358,right_down,0,43.75508117675781,1072.0269775390625,655.4683837890625,1052.6182861328125,640.4803466796875,1028.5706787109375,650.36376953125,1049.68212890625,655.8826904296875
1511,1,0.8052963018417358,right_down,0,44.08058166503906,1072.1826171875,655.0958251953125,1052.5477294921875,640.1888427734375,1028.381591796875,650.1392211914062,1049.6522216796875,655.609130859375
1512,1,0.8052963018417358,right_down,0,44.308921813964844,1072.2916259765625,654.8350219726562,1052.498291015625,639.9847412109375,1028.249267578125,649.9820556640625,1049.63134765625,655.4176025390625
1513,1,0.8052963018417358,right_down,0,44.46900177001953,1072.367919921875,654.6524658203125,1052.4637451171875,639.8419189453125,1028.1566162109375,649.8720092773438,1049.61669921875,655.2835693359375
1514,1,0.8052963018417358,right_down,0,44.5811882019043,1072.42138671875,654.524658203125,1052.4395751953125,639.741943359375,1028.091796875,649.7949829101562,1049.6064453125,655.189697265625
1515,1,0.792016863822937,right_down,0,43.02106475830078,1070.04443359375,654.9769287109375,1052.3734130859375,639.784912109375,1027.341552734375,649.7542724609375,1049.852783203125,656.29541015625
1516,1,0.792016863822937,right_down,0,41.93535232543945,1068.3804931640625,655.2935180664062,1052.3271484375,639.81494140625,1026.81640625,649.7257080078125,1050.0252685546875,657.0693969726562
1517,1,0.792016863822937,right_down,0,41.17881393432617,1067.2158203125,655.51513671875,1052.294677734375,639.8359375,1026.4488525390625,649.7057495117188,1050.14599609375,657.6112060546875
1518,1,0.792016863822937,right_down,0,40.65101623535156,1066.4005126953125,655.6702880859375,1052.27197265625,639.8507080078125,1026.1915283203125,649.6917724609375,1050.23046875,657.990478515625
1519,1,0.792016863822937,right_down,0,40.28242111206055,1065.829833984375,655.7788696289062,1052.256103515625,639.8609619140625,1026.011474609375,649.6820068359375,1050.2896728515625,658.2559814453125
1520,1,0.8042011857032776,right_down,0,40.700809478759766,1066.1458740234375,656.1485595703125,1052.681396484375,639.8071899414062,1026.00341796875,649.4299926757812,1050.5595703125,658.5693359375
1521,1,0.8042011857032776,right_down,0,40.99834442138672,1066.3671875,656.4073486328125,1052.97900390625,639.76953125,1025.997802734375,649.2535400390625,1050.74853515625,658.7886962890625
1522,1,0.8042011857032776,right_down,0,41.208656311035156,1066.52197265625,656.5885009765625,1053.1873779296875,639.7431640625,1025.993896484375,649.1300659179688,1050.880859375,658.9422607421875
1523,1,0.8042011857032776,right_down,0,41.356937408447266,1066.63037109375,656.71533203125,1053.333251953125,639.7247314453125,1025.9912109375,649.0436401367188,1050.973388671875,659.0497436523438
1524,1,0.8042011857032776,right_down,0,41.46135711669922,1066.706298828125,656.8040771484375,1053.435302734375,639.7117919921875,1025.9892578125,648.983154296875,1051.0380859375,659.125
1525,1,0.786328911781311,right_down,0,42.4317626953125,1066.233154296875,656.6951904296875,1051.71728515625,639.6993408203125,1024.6329345703125,648.3359985351562,1049.382080078125,657.89453125
1526,1,0.786328911781311,right_down,0,43.11274719238281,1065.90185546875,656.6189575195312,1050.5146484375,639.6905517578125,1023.6834716796875,647.8829956054688,1048.222900390625,657.033203125
1527,1,0.786328911781311,right_down,0,43.59017562866211,1065.669921875,656.5656127929688,1049.6728515625,639.6844482421875,1023.0189208984375,647.5658569335938,1047.41162109375,656.4302978515625
1528,1,0.786328911781311,right_down,0,43.92478561401367,1065.507568359375,656.5282592773438,1049.08349609375,639.68017578125,1022.5537109375,647.3438720703125,1046.8436279296875,656.00830078125
1529,1,0.786328911781311,right_down,0,44.15934753417969,1065.39404296875,656.5020751953125,1048.6710205078125,639.6771850585938,1022.22802734375,647.1884765625,1046.446044921875,655.712890625
1530,1,0.6815289258956909,right_down,0,27.132064819335938,1045.87841796875,660.654296875,1037.4417724609375,643.8367309570312,1021.3270874023438,649.105224609375,1036.422607421875,658.1625366210938
1531,1,0.6815289258956909,right_down,0,17.455873489379883,1032.2174072265625,663.5608520507812,1029.581298828125,646.7484130859375,1020.6964111328125,650.4469604492188,1029.40625,659.8773193359375
1532,1,0.6815289258956909,right_down,0,14.410451889038086,1022.6547241210938,665.5953979492188,1024.0789794921875,648.78662109375,1020.2549438476562,651.3861694335938,1024.4947509765625,661.07763671875
1533,1,0.6815289258956909,left_down,0,15.497162818908691,1015.9608154296875,667.0195922851562,1020.227294921875,650.21337890625,1019.9459228515625,652.0435791015625,1021.0567626953125,661.9178466796875
1534,1,0.6815289258956909,left_down,0,17.667049407958984,1011.2750854492188,668.0165405273438,1017.5311279296875,651.2120361328125,1019.7296142578125,652.5037841796875,1018.650146484375,662.5059814453125
1535,1,0.7798337936401367,right_down,0,19.146404266357422,1031.527099609375,664.872314453125,1030.0552978515625,646.73095703125,1022.2078857421875,648.14697265625,1030.44384765625,660.6956176757812
1536,1,0.7798337936401367,right_down,0,27.971073150634766,1045.703369140625,662.67138671875,1038.822265625,643.5941772460938,1023.942626953125,645.0972290039062,1038.699462890625,659.4284057617188
1537,1,0.7798337936401367,right_down,0,35.475345611572266,1055.6268310546875,661.1307373046875,1044.9591064453125,641.3984375,1025.156982421875,642.96240234375,1044.478271484375,658.5413208007812
1538,1,0.7798337936401367,right_down,0,41.01788330078125,1062.5732421875,660.05224609375,1049.2548828125,639.8614501953125,1026.0069580078125,641.468017578125,1048.5234375,657.9203491210938
1539,1,0.7798337936401367,right_down,0,44.98539733886719,1067.435791015625,659.29736328125,1052.261962890625,638.7855224609375,1026.6019287109375,640.4219360351562,1051.3551025390625,657.4857177734375
1540,1,0.8365349173545837,right_down,0,46.69548416137695,1068.9949951171875,656.436767578125,1051.81201171875,636.3515014648438,1025.2020263671875,640.23046875,1050.954345703125,655.0068359375
1541,1,0.8365349173545837,right_down,0,48.05328369140625,1070.0865478515625,654.4343872070312,1051.4970703125,634.647705078125,1024.22216796875,640.096435546875,1050.673828125,653.2716064453125
1542,1,0.8365349173545837,right_down,0,49.075809478759766,1070.8505859375,653.03271484375,1051.276611328125,633.4550170898438,1023.5361938476562,640.0026245117188,1050.4774169921875,652.0570068359375
1543,1,0.8365349173545837,right_down,0,49.8245735168457,1071.3853759765625,652.051513671875,1051.122314453125,632.6201171875,1023.0560302734375,639.9369506835938,1050.3399658203125,651.206787109375
1544,1,0.8365349173545837,right_down,0,50.364219665527344,1071.759765625,651.36474609375,1051.0142822265625,632.0357055664062,1022.7199096679688,639.8909912109375,1050.2437744140625,650.611572265625
1545,1,0.8433626890182495,right_down,0,54.576744079589844,1076.082763671875,648.3790283203125,1053.31787109375,629.66552734375,1022.3112182617188,639.0386962890625,1052.78955078125,648.99462890625
1546,1,0.8433626890182495,right_down,0,57.620548248291016,1079.10888671875,646.2890014648438,1054.930419921875,628.00634765625,1022.025146484375,638.4420776367188,1054.5716552734375,647.86279296875
1547,1,0.8433626890182495,right_down,0,59.79039001464844,1081.2271728515625,644.825927734375,1056.0592041015625,626.844970703125,1021.8248901367188,638.0244750976562,1055.819091796875,647.0704345703125
1548,1,0.8433626890182495,right_down,0,61.326377868652344,1082.7099609375,643.8018188476562,1056.849365234375,626.031982421875,1021.6846923828125,637.7321166992188,1056.6922607421875,646.515869140625
1549,1,0.8433626890182495,right_down,0,62.4093132019043,1083.7479248046875,643.0849609375,1057.4024658203125,625.462890625,1021.5865478515625,637.5274658203125,1057.303466796875,646.1276245117188
1550,1,0.8303118944168091,right,0,61.87757110595703,1082.5111083984375,636.5166625976562,1056.19384765625,621.7525634765625,1020.6353759765625,636.9935302734375,1057.443603515625,641.9327392578125
1551,1,0.8303118944168091,right_up,0,61.85467529296875,1081.645263671875,631.9188232421875,1055.3477783203125,619.1552734375,1019.969482421875,636.6197509765625,1057.541748046875,638.996337890625
1552,1,0.8303118944168091,right_up,0,62.01041793823242,1081.0391845703125,628.7003784179688,1054.7554931640625,617.3372192382812,1019.50341796875,636.358154296875,1057.6104736328125,636.9408569335938
1553,1,0.8303118944168091,right_up,0,62.20319747924805,1080.614990234375,626.4474487304688,1054.3409423828125,616.0645751953125,1019.1771240234375,636.175048828125,1057.6585693359375,635.5020141601562
1554,1,0.8303118944168091,right_up,0,62.37867736816406,1080.3179931640625,624.8704223632812,1054.05078125,615.1737060546875,1018.94873046875,636.046875,1057.692138671875,634.494873046875
1555,1,0.0,unknown,,,1080.3179931640625,624.8704223632812,1054.05078125,615.1737060546875,1018.94873046875,636.046875,1057.692138671875,634.494873046875
1556,1,0.0,unknown,,,1080.3179931640625,624.8704223632812,1054.05078125,615.1737060546875,1018.94873046875,636.046875,1057.692138671875,634.494873046875
1557,1,0.0,unknown,,,1080.3179931640625,624.8704223632812,1054.05078125,615.1737060546875,1018.94873046875,636.046875,1057.692138671875,634.494873046875
1558,1,0.0,unknown,,,1080.3179931640625,624.8704223632812,1054.05078125,615.1737060546875,1018.94873046875,636.046875,1057.692138671875,634.494873046875
1559,1,0.0,unknown,,,1080.3179931640625,624.8704223632812,1054.05078125,615.1737060546875,1018.94873046875,636.046875,1057.692138671875,634.494873046875
1560,1,0.7996178269386292,right_up,0,31.189653396606445,1058.2623291015625,605.1673583984375,1045.642822265625,597.2745361328125,1028.7738037109375,615.3271484375,1048.8944091796875,615.1117553710938
1561,1,0.7996178269386292,right_up,0,11.861893653869629,1042.8233642578125,591.3751831054688,1039.75732421875,584.7451171875,1035.6513671875,600.8233032226562,1042.736083984375,601.5435791015625
1562,1,0.7996178269386292,left_up,0,12.308332443237305,1032.01611328125,581.7206420898438,1035.637451171875,575.9745483398438,1040.465576171875,590.6705932617188,1038.4251708984375,592.0458984375
1563,1,0.7996178269386292,left_up,0,21.20710563659668,1024.4510498046875,574.9624633789062,1032.7535400390625,569.835205078125,1043.8355712890625,583.563720703125,1035.4075927734375,585.3974609375
1564,1,0.7996178269386292,left_up,0,28.301118850708008,1019.155517578125,570.2317504882812,1030.73486328125,565.53759765625,1046.194580078125,578.5889282226562,1033.2952880859375,580.7435913085938
1565,1,0.6656614542007446,left_up,0,11.050939559936523,1032.029052734375,569.4214477539062,1036.8004150390625,562.91015625,1041.9749755859375,574.23828125,1038.801025390625,578.0772705078125
1566,1,0.6656614542007446,right_up,0,3.0897698402404785,1041.04052734375,568.854248046875,1041.0462646484375,561.0709838867188,1039.021240234375,571.19287109375,1042.655029296875,576.2108764648438
1567,1,0.6656614542007446,right,0,10.412298202514648,1047.348388671875,568.4572143554688,1044.018310546875,559.7835693359375,1036.95361328125,569.06103515625,1045.3529052734375,574.9044189453125
1568,1,0.6656614542007446,right,0,16.269147872924805,1051.763916015625,568.1792602539062,1046.0987548828125,558.88232421875,1035.5062255859375,567.5687866210938,1047.241455078125,573.9898681640625
1569,1,0.6656614542007446,right_down,0,20.414003372192383,1054.8548583984375,567.9846801757812,1047.5550537109375,558.25146484375,1034.4931640625,566.5242309570312,1048.5634765625,573.3497314453125
1570,1,0.7347809076309204,down,0,7.014628887176514,1033.910400390625,570.2256469726562,1033.775146484375,558.67138671875,1032.9254150390625,563.280517578125,1035.6295166015625,572.8316650390625
1571,1,0.7347809076309204,left_down,0,16.568937301635742,1019.249267578125,571.7943725585938,1024.129150390625,558.96533203125,1031.8280029296875,561.0098876953125,1026.57568359375,572.468994140625
1572,1,0.7347809076309204,left_down,0,25.859771728515625,1008.9864501953125,572.8924560546875,1017.376953125,559.1710815429688,1031.059814453125,559.4204711914062,1020.238037109375,572.215087890625
1573,1,0.7347809076309204,left_down,0,32.56591033935547,1001.802490234375,573.6611328125,1012.6504516601562,559.3150634765625,1030.5220947265625,558.307861328125,1015.8016967773438,572.037353515625
1574,1,0.7347809076309204,left_down,0,37.30387878417969,996.773681640625,574.1991577148438,1009.3418579101562,559.4158935546875,1030.1456298828125,557.529052734375,1012.6962280273438,571.9129638671875
1575,1,0.8062212467193604,left_down,0,38.35254669189453,989.7777099609375,578.668701171875,1003.2052001953125,562.0933837890625,1021.9312744140625,557.7625732421875,1006.1837768554688,574.1432495117188
1576,1,0.8062212467193604,left_down,0,39.364566802978516,984.8804931640625,581.79736328125,998.9095458984375,563.9675903320312,1016.18115234375,557.9260864257812,1001.6250610351562,575.7044067382812
1577,1,0.8062212467193604,left_down,0,40.19901657104492,981.452392578125,583.9874267578125,995.902587890625,565.279541015625,1012.1561279296875,558.04052734375,998.4339599609375,576.7972412109375
1578,1,0.8062212467193604,left_down,0,40.84103012084961,979.052734375,585.5205078125,993.7976684570312,566.1978759765625,1009.338623046875,558.12060546875,996.2001953125,577.5621948242188
1579,1,0.8062212467193604,left_down,0,41.317298889160156,977.373046875,586.5936279296875,992.3242797851562,566.8406982421875,1007.3663330078125,558.1766967773438,994.6365966796875,578.09765625
1580,1,0.8152894973754883,left_down,0,35.7574462890625,967.717041015625,578.2203369140625,983.4600219726562,562.7860717773438,999.0325927734375,560.9596557617188,983.8441162109375,574.8753662109375
1581,1,0.8152894973754883,left_down,0,33.597896575927734,960.9578247070312,572.3590087890625,977.2550048828125,559.9478759765625,993.198974609375,562.90771484375,976.2894287109375,572.6197509765625
1582,1,0.8152894973754883,left_down,0,33.129486083984375,956.2263793945312,568.256103515625,972.9114990234375,557.9611206054688,989.1153564453125,564.2713623046875,971.0010986328125,571.040771484375
1583,1,0.8152894973754883,left,0,33.34284210205078,952.9143676757812,565.384033203125,969.8710327148438,556.5703735351562,986.2568359375,565.2258911132812,967.29931640625,569.935546875
1584,1,0.8152894973754883,left_up,0,33.754146575927734,950.595947265625,563.3735961914062,967.7427368164062,555.5968627929688,984.255859375,565.89404296875,964.7080078125,569.161865234375
1585,1,0.6747289896011353,left_up,0,34.574371337890625,949.1594848632812,543.5783081054688,966.7203979492188,540.6290283203125,981.6046142578125,555.5240478515625,962.57177734375,553.7113037109375
1586,1,0.6747289896011353,left_up,0,36.634605407714844,948.1539306640625,529.7216186523438,966.0047607421875,530.1515502929688,979.748779296875,548.2650756835938,961.076416015625,542.8959350585938
1587,1,0.6747289896011353,left_up,0,38.69692611694336,947.4500732421875,520.0219116210938,965.5037841796875,522.8173217773438,978.44970703125,543.183837890625,960.0296630859375,535.3251953125
1588,1,0.6747289896011353,left_up,0,40.3980712890625,946.9573364257812,513.2321166992188,965.1531372070312,517.683349609375,977.540283203125,539.626953125,959.296875,530.025634765625
1589,1,0.6747289896011353,left_up,0,41.69926452636719,946.6124267578125,508.47930908203125,964.9076538085938,514.089599609375,976.9036865234375,537.1370849609375,958.783935546875,526.3159790039062
1590,1,0.0,unknown,,,946.6124267578125,508.47930908203125,964.9076538085938,514.089599609375,976.9036865234375,537.1370849609375,958.783935546875,526.3159790039062
1591,1,0.0,unknown,,,946.6124267578125,508.47930908203125,964.9076538085938,514.089599609375,976.9036865234375,537.1370849609375,958.783935546875,526.3159790039062
1592,1,0.0,unknown,,,946.6124267578125,508.47930908203125,964.9076538085938,514.089599609375,976.9036865234375,537.1370849609375,958.783935546875,526.3159790039062
1593,1,0.0,unknown,,,946.6124267578125,508.47930908203125,964.9076538085938,514.089599609375,976.9036865234375,537.1370849609375,958.783935546875,526.3159790039062
1594,1,0.0,unknown,,,946.6124267578125,508.47930908203125,964.9076538085938,514.089599609375,976.9036865234375,537.1370849609375,958.783935546875,526.3159790039062
1595,1,0.3514668941497803,left_up,0,35.062217712402344,946.8656005859375,485.411376953125,963.697509765625,487.1143493652344,975.5948486328125,505.5108642578125,957.98828125,498.9344787597656
1596,1,0.3514668941497803,left_up,0,31.028921127319336,947.0428466796875,469.2637939453125,962.850341796875,468.231689453125,974.6786499023438,483.3725280761719,957.431396484375,479.7674255371094
1597,1,0.3514668941497803,left_up,0,28.641414642333984,947.1668701171875,457.96051025390625,962.25732421875,455.0138244628906,974.0372924804688,467.8757019042969,957.04150390625,466.3504943847656
1598,1,0.3514668941497803,left_up,0,27.24396514892578,947.253662109375,450.0482177734375,961.84228515625,445.7613220214844,973.58837890625,457.0279235839844,956.7685546875,456.9586486816406
1599,1,0.3514668941497803,left_up,0,26.422685623168945,947.314453125,444.50958251953125,961.5517578125,439.2845764160156,973.2741088867188,449.4344787597656,956.5775146484375,450.3843688964844
1600,1,0.7617303729057312,left_up,0,24.34261703491211,953.39453125,436.4707946777344,966.3713989257812,429.89361572265625,977.6143798828125,438.9125061035156,963.27783203125,442.88787841796875
1601,1,0.7617303729057312,left,0,23.01276969909668,957.6505737304688,430.8436279296875,969.7451171875,423.3199462890625,980.652587890625,431.547119140625,967.9681396484375,437.6403503417969
1602,1,0.7617303729057312,left,0,22.15542221069336,960.6298217773438,426.9046325683594,972.1067504882812,418.7183532714844,982.779296875,426.391357421875,971.2513427734375,433.9670715332031
1603,1,0.7617303729057312,left_down,0,21.595855712890625,962.7152709960938,424.1473388671875,973.7598876953125,415.49725341796875,984.2679443359375,422.7823181152344,973.549560546875,431.3957824707031
1604,1,0.7617303729057312,left_down,0,21.22574806213379,964.1751098632812,422.21722412109375,974.9170532226562,413.24249267578125,985.31005859375,420.2560119628906,975.1583251953125,429.59588623046875
1605,1,0.7863723635673523,right,0,4.143037796020508,988.410888671875,409.9337158203125,987.92822265625,400.8922119140625,984.33837890625,409.1725158691406,987.373779296875,417.8947448730469
1606,1,0.7863723635673523,right,0,21.71791648864746,1005.3759765625,401.3352355957031,997.0360107421875,392.24700927734375,983.658203125,401.4140625,995.924560546875,409.7039489746094
1607,1,0.7863723635673523,right,0,34.076045989990234,1017.2515869140625,395.3163146972656,1003.4114990234375,386.19537353515625,983.1820678710938,395.983154296875,1001.9100341796875,403.97039794921875
1608,1,0.7863723635673523,right_up,0,42.72930908203125,1025.564453125,391.1030578613281,1007.8743896484375,381.959228515625,982.8487548828125,392.1815185546875,1006.0999755859375,399.9569091796875
1609,1,0.7863723635673523,right_up,0,48.78709030151367,1031.3834228515625,388.1537780761719,1010.9984130859375,378.9939270019531,982.615478515625,389.5203857421875,1009.0328369140625,397.1474609375
1610,1,0.7022569179534912,right_down,0,36.97588348388672,1030.6456298828125,394.3363037109375,1016.8172607421875,381.27880859375,995.6490478515625,382.4008483886719,1014.474365234375,398.26824951171875
1611,1,0.7022569179534912,right_down,0,33.08150100708008,1030.129150390625,398.6640625,1020.8905029296875,382.87823486328125,1004.7725830078125,377.41717529296875,1018.283447265625,399.0528564453125
1612,1,0.7022569179534912,right_down,0,33.424129486083984,1029.7677001953125,401.6935119628906,1023.74169921875,383.997802734375,1011.1590576171875,373.9285888671875,1020.9498291015625,399.60205078125
1613,1,0.7022569179534912,right_down,0,35.18333435058594,1029.5146484375,403.8141174316406,1025.737548828125,384.781494140625,1015.6295166015625,371.486572265625,1022.8162841796875,399.98651123046875
1614,1,0.7022569179534912,right_down,0,37.063140869140625,1029.3375244140625,405.2985534667969,1027.1346435546875,385.330078125,1018.7589111328125,369.77716064453125,1024.122802734375,400.255615234375
1615,1,0.8310125470161438,left_down,0,17.173023223876953,1011.28173828125,379.8875427246094,1016.0545043945312,367.58428955078125,1013.517333984375,362.86065673828125,1011.1529541015625,382.653564453125
1616,1,0.8310125470161438,left_down,0,11.92547607421875,998.6427001953125,362.0998229980469,1008.2984008789062,355.1622314453125,1009.8482666015625,358.01910400390625,1002.0740966796875,370.3321228027344
1617,1,0.8310125470161438,left_up,0,18.180316925048828,989.79541015625,349.6484375,1002.869140625,346.466796875,1007.2799072265625,354.6300354003906,995.7188720703125,361.7071228027344
1618,1,0.8310125470161438,left_up,0,24.63705825805664,983.602294921875,340.9324645996094,999.068603515625,340.3800048828125,1005.4820556640625,352.2576904296875,991.270263671875,355.66961669921875
1619,1,0.8310125470161438,left_up,0,29.519176483154297,979.26708984375,334.831298828125,996.4082641601562,336.1192626953125,1004.2235107421875,350.5970458984375,988.15625,351.4433898925781
1620,1,0.8177893161773682,left_up,0,35.19957733154297,974.864990234375,328.16162109375,992.597900390625,331.21563720703125,1002.197998046875,350.3408203125,983.851806640625,346.278564453125
1621,1,0.8177893161773682,left_up,0,39.395687103271484,971.7835083007812,323.4928283691406,989.9306640625,327.7831115722656,1000.7801513671875,350.16143798828125,980.8387451171875,342.66314697265625
1622,1,0.8177893161773682,left_up,0,42.407535552978516,969.6265258789062,320.22467041015625,988.0635986328125,325.38037109375,999.78759765625,350.035888671875,978.7296142578125,340.13238525390625
1623,1,0.8177893161773682,left_up,0,44.544761657714844,968.1166381835938,317.93695068359375,986.756591796875,323.69842529296875,999.0928955078125,349.947998046875,977.253173828125,338.36083984375
1624,1,0.8177893161773682,left_up,0,46.052886962890625,967.0596923828125,316.3355712890625,985.8416748046875,322.52105712890625,998.6065673828125,349.886474609375,976.2197265625,337.1207580566406
1625,1,0.7357835173606873,left_up,0,46.524017333984375,966.95556640625,310.62738037109375,984.45556640625,317.2257385253906,997.79345703125,345.46282958984375,975.1673583984375,332.255615234375
1626,1,0.7357835173606873,left_up,0,46.87827682495117,966.8826904296875,306.63165283203125,983.4853515625,313.5190124511719,997.2242431640625,342.36627197265625,974.4306640625,328.8500061035156
1627,1,0.7357835173606873,left_up,0,47.13798904418945,966.8316650390625,303.83465576171875,982.80615234375,310.92431640625,996.8258056640625,340.19866943359375,973.9149169921875,326.466064453125
1628,1,0.7357835173606873,left_up,0,47.325469970703125,966.7958984375,301.87677001953125,982.3306884765625,309.1080322265625,996.5469360351562,338.68133544921875,973.553955078125,324.79730224609375
1629,1,0.7357835173606873,left_up,0,47.45942687988281,966.7708740234375,300.5062255859375,981.9979248046875,307.83660888671875,996.3516845703125,337.61920166015625,973.30126953125,323.6291809082031
1630,1,0.6436101794242859,left_up,0,48.55144500732422,966.62548828125,298.5558776855469,981.3458251953125,306.6549377441406,997.0428466796875,336.39801025390625,973.835205078125,320.9206848144531
1631,1,0.6436101794242859,left_up,0,49.31641387939453,966.523681640625,297.19061279296875,980.8892822265625,305.8277587890625,997.5267333984375,335.5431823730469,974.208984375,319.02471923828125
1632,1,0.6436101794242859,left_up,0,49.85200119018555,966.4524536132812,296.2349548339844,980.5697021484375,305.24871826171875,997.8653564453125,334.9447937011719,974.4706420898438,317.69757080078125
1633,1,0.6436101794242859,left_up,0,50.2270622253418,966.402587890625,295.56597900390625,980.3460693359375,304.8434143066406,998.1024169921875,334.52593994140625,974.65380859375,316.7685546875
1634,1,0.6436101794242859,left_up,0,50.48967361450195,966.36767578125,295.09771728515625,980.189453125,304.5596923828125,998.2684326171875,334.23272705078125,974.781982421875,316.1182556152344
1635,1,0.497708797454834,left_up,0,41.31813049316406,973.4285278320312,304.2739562988281,982.6692504882812,312.12469482421875,995.37353515625,339.2825927734375,977.9603271484375,322.85498046875
1636,1,0.497708797454834,left_up,0,35.43990707397461,978.3711547851562,310.6972961425781,984.4050903320312,317.4201965332031,993.3471069335938,342.8175048828125,980.1851806640625,327.5706787109375
1637,1,0.497708797454834,left_up,0,31.746952056884766,981.8309936523438,315.1936340332031,985.6201782226562,321.1270446777344,991.9285888671875,345.29193115234375,981.7426147460938,330.87164306640625
1638,1,0.497708797454834,left_up,0,29.45115852355957,984.2528686523438,318.3410949707031,986.4707641601562,323.7218322753906,990.9356079101562,347.0240478515625,982.8328247070312,333.1823425292969
1639,1,0.497708797454834,left_up,0,28.02288818359375,985.9481811523438,320.5443115234375,987.066162109375,325.5381774902344,990.2405395507812,348.23651123046875,983.595947265625,334.7998046875
1640,1,0.5936231017112732,right_up,0,23.833297729492188,990.9095458984375,328.1671142578125,989.0685424804688,331.4678039550781,989.4869384765625,351.9579162597656,986.7958984375,340.213623046875
1641,1,0.5936231017112732,right_up,0,21.746885299682617,994.3825073242188,333.5030822753906,990.47021484375,335.6185302734375,988.9594116210938,354.56292724609375,989.035888671875,344.0032958984375
1642,1,0.5936231017112732,right_up,0,20.839319229125977,996.8135986328125,337.2382507324219,991.451416015625,338.5240478515625,988.5901489257812,356.38641357421875,990.6038818359375,346.65606689453125
1643,1,0.5936231017112732,right_up,0,20.515947341918945,998.515380859375,339.8528747558594,992.1382446289062,340.5578918457031,988.3316650390625,357.6628723144531,991.701416015625,348.51300048828125
1644,1,0.5936231017112732,right_up,0,20.451087951660156,999.7066040039062,341.68310546875,992.6190185546875,341.9815979003906,988.1506958007812,358.556396484375,992.4697265625,349.8128356933594
1645,1,0.0,unknown,,,999.7066040039062,341.68310546875,992.6190185546875,341.9815979003906,988.1506958007812,358.556396484375,992.4697265625,349.8128356933594
1646,1,0.0,unknown,,,999.7066040039062,341.68310546875,992.6190185546875,341.9815979003906,988.1506958007812,358.556396484375,992.4697265625,349.8128356933594
1647,1,0.0,unknown,,,999.7066040039062,341.68310546875,992.6190185546875,341.9815979003906,988.1506958007812,358.556396484375,992.4697265625,349.8128356933594
1648,1,0.0,unknown,,,999.7066040039062,341.68310546875,992.6190185546875,341.9815979003906,988.1506958007812,358.556396484375,992.4697265625,349.8128356933594
1649,1,0.0,unknown,,,999.7066040039062,341.68310546875,992.6190185546875,341.9815979003906,988.1506958007812,358.556396484375,992.4697265625,349.8128356933594
1650,1,0.7639535665512085,right_up,0,23.828813552856445,1004.356201171875,335.61529541015625,994.423095703125,335.54803466796875,986.148193359375,350.9867248535156,994.7593994140625,344.4087829589844
1651,1,0.7639535665512085,right_up,0,26.97867202758789,1007.6109008789062,331.3678283691406,995.6859130859375,331.0445556640625,984.7464599609375,345.6879577636719,996.3621215820312,340.6259460449219
1652,1,0.7639535665512085,right_up,0,29.444740295410156,1009.8892211914062,328.39459228515625,996.5698852539062,327.8921203613281,983.7652587890625,341.97882080078125,997.4840698242188,337.97796630859375
1653,1,0.7639535665512085,right_up,0,31.267898559570312,1011.4840087890625,326.3133239746094,997.188720703125,325.6853942871094,983.078369140625,339.3824157714844,998.2694091796875,336.1243896484375
1654,1,0.7639535665512085,right_up,0,32.58340072631836,1012.6004028320312,324.8564453125,997.6218872070312,324.14068603515625,982.5975341796875,337.56494140625,998.8191528320312,334.8268737792969
1655,1,0.8373395800590515,right_up,0,40.8524169921875,1026.13134765625,319.31561279296875,1007.6015625,318.069091796875,987.3148193359375,332.05126953125,1009.4513549804688,330.8037109375
1656,1,0.8373395800590515,right_up,0,46.75927734375,1035.60302734375,315.43701171875,1014.5872802734375,313.8189697265625,990.616943359375,328.19171142578125,1016.8939208984375,327.98748779296875
1657,1,0.8373395800590515,right_up,0,50.931190490722656,1042.233154296875,312.7220153808594,1019.477294921875,310.8439025878906,992.9283447265625,325.4900207519531,1022.1036987304688,326.0161437988281
1658,1,0.8373395800590515,right_up,0,53.865272521972656,1046.874267578125,310.8215026855469,1022.9002685546875,308.7613525390625,994.54638671875,323.5988464355469,1025.75048828125,324.6361999511719
1659,1,0.8373395800590515,right_up,0,55.92483139038086,1050.123046875,309.49114990234375,1025.29638671875,307.3035583496094,995.678955078125,322.2750244140625,1028.30322265625,323.67022705078125
1660,1,0.7962709665298462,right_up,0,58.57650375366211,1052.9427490234375,307.54547119140625,1027.451171875,306.27294921875,996.7105102539062,323.9510192871094,1031.957763671875,323.4134216308594
1661,1,0.7962709665298462,right_up,0,60.524009704589844,1054.91650390625,306.1834716796875,1028.95947265625,305.5515441894531,997.4325561523438,325.12420654296875,1034.5159912109375,323.233642578125
1662,1,0.7962709665298462,right_up,0,61.92759704589844,1056.298095703125,305.2301025390625,1030.0152587890625,305.04656982421875,997.93798828125,325.9454345703125,1036.3067626953125,323.1078186035156
1663,1,0.7962709665298462,right_up,0,62.92854309082031,1057.2652587890625,304.562744140625,1030.75439453125,304.69305419921875,998.2918090820312,326.5202941894531,1037.560302734375,323.0197448730469
1664,1,0.7962709665298462,right_up,0,63.63777542114258,1057.9422607421875,304.0955810546875,1031.271728515625,304.44561767578125,998.5394897460938,326.9226989746094,1038.437744140625,322.95806884765625
1665,1,0.8076101541519165,right_up,0,61.41023635864258,1054.020751953125,304.6595458984375,1027.88671875,305.4932861328125,997.2684326171875,328.1199645996094,1036.08203125,323.2714538574219
1666,1,0.8076101541519165,right_up,0,59.875526428222656,1051.2757568359375,305.0543212890625,1025.5172119140625,306.2266845703125,996.378662109375,328.9580383300781,1034.4329833984375,323.4908142089844
1667,1,0.8076101541519165,right_up,0,58.81428909301758,1049.354248046875,305.3306579589844,1023.858642578125,306.74005126953125,995.7557373046875,329.5447082519531,1033.2786865234375,323.6443786621094
1668,1,0.8076101541519165,right_up,0,58.07819747924805,1048.00927734375,305.52410888671875,1022.6976318359375,307.09942626953125,995.3197021484375,329.9553527832031,1032.4705810546875,323.7518615722656
1669,1,0.8076101541519165,right_up,0,57.5662841796875,1047.0677490234375,305.6595153808594,1021.8848876953125,307.3509521484375,995.0145263671875,330.2428283691406,1031.9049072265625,323.82708740234375
1670,1,0.814163088798523,right_up,0,60.63636016845703,1047.490966796875,305.75164794921875,1020.3369140625,307.5287170410156,992.96337890625,332.2754211425781,1030.884033203125,324.63555908203125
1671,1,0.814163088798523,right_up,0,62.78968048095703,1047.787109375,305.816162109375,1019.2532958984375,307.65313720703125,991.527587890625,333.6982421875,1030.16943359375,325.2015075683594
1672,1,0.814163088798523,right_up,0,64.29902648925781,1047.9945068359375,305.861328125,1018.4947509765625,307.740234375,990.5225219726562,334.6942138671875,1029.669189453125,325.59765625
1673,1,0.814163088798523,right_up,0,65.35635375976562,1048.1396484375,305.8929443359375,1017.9637451171875,307.80120849609375,989.8190307617188,335.3913879394531,1029.319091796875,325.8749694824219
1674,1,0.814163088798523,right_up,0,66.09690856933594,1048.2412109375,305.9150695800781,1017.592041015625,307.8439025878906,989.3265380859375,335.8794250488281,1029.073974609375,326.069091796875
1675,1,0.8499305248260498,right_up,0,68.79473876953125,1049.486083984375,304.07537841796875,1018.489013671875,307.0794372558594,988.6964111328125,336.28302001953125,1030.360107421875,325.504638671875
1676,1,0.8499305248260498,right_up,0,70.69380950927734,1050.357421875,302.78759765625,1019.116943359375,306.5443115234375,988.25537109375,336.5655517578125,1031.260498046875,325.1094970703125
1677,1,0.8499305248260498,right_up,0,72.0279769897461,1050.9674072265625,301.88616943359375,1019.556396484375,306.16973876953125,987.9466552734375,336.7633056640625,1031.890625,324.8328857421875
1678,1,0.8499305248260498,right_up,0,72.9642105102539,1051.3944091796875,301.2551574707031,1019.864013671875,305.90753173828125,987.73046875,336.9017333984375,1032.331787109375,324.6392822265625
1679,1,0.8499305248260498,right_up,0,73.62059783935547,1051.693359375,300.8134460449219,1020.079345703125,305.7239990234375,987.5792236328125,336.9986572265625,1032.640625,324.5037536621094
1680,1,0.8743003010749817,right_up,0,73.34912872314453,1051.9232177734375,301.6517333984375,1020.2981567382812,306.5843505859375,988.194091796875,337.9655456542969,1032.923828125,325.2117004394531
1681,1,0.8743003010749817,right_up,0,73.15982055664062,1052.0841064453125,302.238525390625,1020.4512939453125,307.18658447265625,988.62451171875,338.6423645019531,1033.1220703125,325.707275390625
1682,1,0.8743003010749817,right_up,0,73.0276870727539,1052.19677734375,302.6492919921875,1020.5585327148438,307.608154296875,988.9258422851562,339.11614990234375,1033.2607421875,326.0541687011719
1683,1,0.8743003010749817,right_up,0,72.93534851074219,1052.275634765625,302.93682861328125,1020.6336059570312,307.90325927734375,989.1367797851562,339.4477844238281,1033.35791015625,326.2969970703125
1684,1,0.8743003010749817,right_up,0,72.87079620361328,1052.330810546875,303.1380920410156,1020.6861572265625,308.1098327636719,989.284423828125,339.679931640625,1033.4259033203125,326.46697998046875
1685,1,0.8831785917282104,right_up,0,70.83049011230469,1051.5283203125,303.6758728027344,1021.103759765625,309.431640625,991.28125,340.9216613769531,1033.71923828125,327.39422607421875
1686,1,0.8831785917282104,right_up,0,69.43814849853516,1050.9666748046875,304.05230712890625,1021.3961181640625,310.3569030761719,992.678955078125,341.7908630371094,1033.924560546875,328.0433044433594
1687,1,0.8831785917282104,right_up,0,68.48210906982422,1050.573486328125,304.3158264160156,1021.6007080078125,311.00457763671875,993.6573486328125,342.3993225097656,1034.068359375,328.4976501464844
1688,1,0.8831785917282104,right_up,0,67.82231140136719,1050.2982177734375,304.50030517578125,1021.743896484375,311.45794677734375,994.34228515625,342.8252258300781,1034.1689453125,328.8157043457031
1689,1,0.8831785917282104,right_up,0,67.36531066894531,1050.1055908203125,304.6294250488281,1021.8441162109375,311.7752990722656,994.82177734375,343.1233825683594,1034.239501953125,329.038330078125
1690,1,0.8542945981025696,right_up,0,66.35260009765625,1050.691650390625,305.6388854980469,1023.2005615234375,312.9600830078125,996.947998046875,344.552734375,1035.5601806640625,330.0280456542969
1691,1,0.8542945981025696,right_up,0,65.65753936767578,1051.1019287109375,306.34552001953125,1024.1500244140625,313.7894287109375,998.4363403320312,345.55328369140625,1036.484619140625,330.7208251953125
1692,1,0.8542945981025696,right_up,0,65.1780014038086,1051.38916015625,306.84014892578125,1024.814697265625,314.3699645996094,999.4782104492188,346.253662109375,1037.1318359375,331.205810546875
1693,1,0.8542945981025696,right_up,0,64.84580993652344,1051.5902099609375,307.1864013671875,1025.280029296875,314.7763366699219,1000.20751953125,346.7439270019531,1037.584716796875,331.5452880859375
1694,1,0.8542945981025696,right_up,0,64.61505126953125,1051.73095703125,307.42877197265625,1025.605712890625,315.060791015625,1000.718017578125,347.0871276855469,1037.90185546875,331.78289794921875
1695,1,0.7778276801109314,right_up,0,66.1998291015625,1050.35693359375,309.4997863769531,1023.9542236328125,317.4756774902344,1000.58447265625,353.1474609375,1036.75927734375,336.0859375
1696,1,0.7778276801109314,right_up,0,67.44108581542969,1049.39501953125,310.9494934082031,1022.7981567382812,319.1661071777344,1000.490966796875,357.38970947265625,1035.95947265625,339.0980529785156
1697,1,0.7778276801109314,right_up,0,68.3709716796875,1048.7216796875,311.96429443359375,1021.9888916015625,320.3493957519531,1000.425537109375,360.3592529296875,1035.3995361328125,341.20654296875
1698,1,0.7778276801109314,right_up,0,69.05061340332031,1048.2503662109375,312.6746520996094,1021.4224243164062,321.1777038574219,1000.3796997070312,362.4379577636719,1035.007568359375,342.6824645996094
1699,1,0.7778276801109314,right_up,0,69.54002380371094,1047.9205322265625,313.1719055175781,1021.02587890625,321.75750732421875,1000.34765625,363.89306640625,1034.733154296875,343.7156066894531
1700,1,0.7777973413467407,right_up,0,71.98480224609375,1051.533447265625,317.9990234375,1021.656494140625,324.1845703125,998.2042236328125,366.3498840332031,1034.9295654296875,348.00640869140625
1701,1,0.7777973413467407,right_up,0,73.96028900146484,1054.0625,321.37799072265625,1022.0979614257812,325.88348388671875,996.703857421875,368.06964111328125,1035.067138671875,351.00994873046875
1702,1,0.7777973413467407,right_up,0,75.46215057373047,1055.832763671875,323.7432861328125,1022.406982421875,327.07275390625,995.653564453125,369.27349853515625,1035.1634521484375,353.1124267578125
1703,1,0.7777973413467407,right_up,0,76.56834411621094,1057.072021484375,325.39898681640625,1022.623291015625,327.90521240234375,994.9183349609375,370.1162109375,1035.2308349609375,354.58416748046875
1704,1,0.7777973413467407,right_up,0,77.36824798583984,1057.939453125,326.5579833984375,1022.7747192382812,328.4879455566406,994.4036865234375,370.7060546875,1035.2779541015625,355.6143798828125
1705,1,0.8282769322395325,right_up,0,58.47406005859375,1056.3564453125,348.9462585449219,1027.9530029296875,342.3855895996094,1001.60107421875,369.46612548828125,1034.836181640625,366.381591796875
1706,1,0.8282769322395325,right_up,0,48.77186584472656,1055.2484130859375,364.6180419921875,1031.5777587890625,352.11395263671875,1006.6392211914062,368.5981750488281,1034.52685546875,373.91864013671875
1707,1,0.8282769322395325,right_down,0,44.95352554321289,1054.4727783203125,375.5882873535156,1034.1151123046875,358.9237976074219,1010.1659545898438,367.9906005859375,1034.310302734375,379.194580078125
1708,1,0.8282769322395325,right_down,0,44.17973709106445,1053.9298095703125,383.2674865722656,1035.8912353515625,363.6907043457031,1012.6346435546875,367.5653076171875,1034.15869140625,382.8876953125
1709,1,0.8282769322395325,right_down,0,44.63766098022461,1053.5496826171875,388.6429138183594,1037.134521484375,367.02752685546875,1014.3627319335938,367.2676086425781,1034.0526123046875,385.472900390625
1710,1,0.0,unknown,,,1053.5496826171875,388.6429138183594,1037.134521484375,367.02752685546875,1014.3627319335938,367.2676086425781,1034.0526123046875,385.472900390625
1711,1,0.0,unknown,,,1053.5496826171875,388.6429138183594,1037.134521484375,367.02752685546875,1014.3627319335938,367.2676086425781,1034.0526123046875,385.472900390625
1712,1,0.0,unknown,,,1053.5496826171875,388.6429138183594,1037.134521484375,367.02752685546875,1014.3627319335938,367.2676086425781,1034.0526123046875,385.472900390625
1713,1,0.0,unknown,,,1053.5496826171875,388.6429138183594,1037.134521484375,367.02752685546875,1014.3627319335938,367.2676086425781,1034.0526123046875,385.472900390625
1714,1,0.0,unknown,,,1053.5496826171875,388.6429138183594,1037.134521484375,367.02752685546875,1014.3627319335938,367.2676086425781,1034.0526123046875,385.472900390625
1715,1,0.0,unknown,,,1053.5496826171875,388.6429138183594,1037.134521484375,367.02752685546875,1014.3627319335938,367.2676086425781,1034.0526123046875,385.472900390625
1716,1,0.0,unknown,,,1053.5496826171875,388.6429138183594,1037.134521484375,367.02752685546875,1014.3627319335938,367.2676086425781,1034.0526123046875,385.472900390625
1717,1,0.0,unknown,,,1053.5496826171875,388.6429138183594,1037.134521484375,367.02752685546875,1014.3627319335938,367.2676086425781,1034.0526123046875,385.472900390625
1718,1,0.0,unknown,,,1053.5496826171875,388.6429138183594,1037.134521484375,367.02752685546875,1014.3627319335938,367.2676086425781,1034.0526123046875,385.472900390625
1719,1,0.0,unknown,,,1053.5496826171875,388.6429138183594,1037.134521484375,367.02752685546875,1014.3627319335938,367.2676086425781,1034.0526123046875,385.472900390625
1720,1,0.0,unknown,,,1053.5496826171875,388.6429138183594,1037.134521484375,367.02752685546875,1014.3627319335938,367.2676086425781,1034.0526123046875,385.472900390625
1721,1,0.0,unknown,,,1053.5496826171875,388.6429138183594,1037.134521484375,367.02752685546875,1014.3627319335938,367.2676086425781,1034.0526123046875,385.472900390625
1722,1,0.0,unknown,,,1053.5496826171875,388.6429138183594,1037.134521484375,367.02752685546875,1014.3627319335938,367.2676086425781,1034.0526123046875,385.472900390625
1723,1,0.0,unknown,,,1053.5496826171875,388.6429138183594,1037.134521484375,367.02752685546875,1014.3627319335938,367.2676086425781,1034.0526123046875,385.472900390625
1724,1,0.0,unknown,,,1053.5496826171875,388.6429138183594,1037.134521484375,367.02752685546875,1014.3627319335938,367.2676086425781,1034.0526123046875,385.472900390625
1725,1,0.45811715722084045,right_down,0,33.03893280029297,1047.649658203125,455.17120361328125,1039.1815185546875,434.56732177734375,1023.6414794921875,432.4736633300781,1037.220703125,450.16705322265625
1726,1,0.45811715722084045,right_down,0,27.150583267211914,1043.51953125,501.74102783203125,1040.6143798828125,481.84521484375,1030.1365966796875,478.117919921875,1039.4384765625,495.4529724121094
1727,1,0.45811715722084045,right_down,0,24.988615036010742,1040.6285400390625,534.3399047851562,1041.617431640625,514.9397583007812,1034.68310546875,510.0688781738281,1040.990966796875,527.153076171875
1728,1,0.45811715722084045,down,0,24.7355899810791,1038.604736328125,557.1591186523438,1042.319580078125,538.1058959960938,1037.86572265625,532.4345703125,1042.07763671875,549.3431396484375
1729,1,0.45811715722084045,left_down,0,25.209959030151367,1037.188232421875,573.132568359375,1042.81103515625,554.3222045898438,1040.093505859375,548.090576171875,1042.83837890625,564.876220703125
1730,1,0.6808547377586365,right_down,0,24.984607696533203,1041.64892578125,585.689208984375,1043.739990234375,567.8168334960938,1038.626220703125,560.8881225585938,1044.174560546875,578.615478515625
1731,1,0.6808547377586365,right_down,0,25.655412673950195,1044.771484375,594.4788818359375,1044.39013671875,577.2630615234375,1037.59912109375,569.846435546875,1045.10986328125,588.2329711914062
1732,1,0.6808547377586365,right_down,0,26.504865646362305,1046.957275390625,600.6317138671875,1044.84521484375,583.8754272460938,1036.880126953125,576.1172485351562,1045.7645263671875,594.9652099609375
1733,1,0.6808547377586365,right_down,0,27.268564224243164,1048.4873046875,604.9386596679688,1045.163818359375,588.5040893554688,1036.376953125,580.5068359375,1046.2227783203125,599.6777954101562
1734,1,0.6808547377586365,right_down,0,27.87921905517578,1049.558349609375,607.9534912109375,1045.386962890625,591.744140625,1036.024658203125,583.5795288085938,1046.5435791015625,602.9765625
1735,1,0.0,unknown,,,1049.558349609375,607.9534912109375,1045.386962890625,591.744140625,1036.024658203125,583.5795288085938,1046.5435791015625,602.9765625
1736,1,0.0,unknown,,,1049.558349609375,607.9534912109375,1045.386962890625,591.744140625,1036.024658203125,583.5795288085938,1046.5435791015625,602.9765625
1737,1,0.0,unknown,,,1049.558349609375,607.9534912109375,1045.386962890625,591.744140625,1036.024658203125,583.5795288085938,1046.5435791015625,602.9765625
1738,1,0.0,unknown,,,1049.558349609375,607.9534912109375,1045.386962890625,591.744140625,1036.024658203125,583.5795288085938,1046.5435791015625,602.9765625
1739,1,0.0,unknown,,,1049.558349609375,607.9534912109375,1045.386962890625,591.744140625,1036.024658203125,583.5795288085938,1046.5435791015625,602.9765625
1740,1,0.7993789911270142,right_down,0,29.95155143737793,1058.53076171875,617.3040771484375,1052.514892578125,600.6500854492188,1036.888671875,596.5986328125,1052.1485595703125,613.7015380859375
1741,1,0.7993789911270142,right_down,0,32.7907829284668,1064.8115234375,623.8494873046875,1057.50439453125,606.88427734375,1037.49365234375,605.7119750976562,1056.072021484375,621.208984375
1742,1,0.7993789911270142,right_down,0,35.30045700073242,1069.2080078125,628.4312744140625,1060.9970703125,611.2481689453125,1037.9169921875,612.09130859375,1058.8184814453125,626.4642333984375
1743,1,0.7993789911270142,right_down,0,37.26094055175781,1072.28564453125,631.6385498046875,1063.44189453125,614.3029174804688,1038.21337890625,616.5568237304688,1060.740966796875,630.1428833007812
1744,1,0.7993789911270142,right_down,0,38.71738815307617,1074.43994140625,633.8836059570312,1065.1533203125,616.4412231445312,1038.4208984375,619.6827392578125,1062.0867919921875,632.7178955078125
1745,1,0.6738318800926208,right_down,0,40.82832717895508,1077.6002197265625,634.786865234375,1064.8988037109375,619.5478515625,1037.7132568359375,626.070068359375,1062.684814453125,635.779296875
1746,1,0.6738318800926208,right_down,0,42.87276077270508,1079.8123779296875,635.419189453125,1064.720703125,621.7225341796875,1037.218017578125,630.541259765625,1063.103515625,637.9222412109375
1747,1,0.6738318800926208,right_down,0,44.54341125488281,1081.36083984375,635.86181640625,1064.595947265625,623.2447509765625,1036.871337890625,633.6710205078125,1063.396484375,639.4223022460938
1748,1,0.6738318800926208,right,0,45.81720733642578,1082.44482421875,636.171630859375,1064.5086669921875,624.310302734375,1036.628662109375,635.8618774414062,1063.6015625,640.4723510742188
1749,1,0.6738318800926208,right_up,0,46.75571823120117,1083.20361328125,636.3884887695312,1064.447509765625,625.0562133789062,1036.458740234375,637.3955078125,1063.7451171875,641.2073974609375
1750,1,0.0,unknown,,,1083.20361328125,636.3884887695312,1064.447509765625,625.0562133789062,1036.458740234375,637.3955078125,1063.7451171875,641.2073974609375
1751,1,0.0,unknown,,,1083.20361328125,636.3884887695312,1064.447509765625,625.0562133789062,1036.458740234375,637.3955078125,1063.7451171875,641.2073974609375
1752,1,0.0,unknown,,,1083.20361328125,636.3884887695312,1064.447509765625,625.0562133789062,1036.458740234375,637.3955078125,1063.7451171875,641.2073974609375
1753,1,0.0,unknown,,,1083.20361328125,636.3884887695312,1064.447509765625,625.0562133789062,1036.458740234375,637.3955078125,1063.7451171875,641.2073974609375
1754,1,0.0,unknown,,,1083.20361328125,636.3884887695312,1064.447509765625,625.0562133789062,1036.458740234375,637.3955078125,1063.7451171875,641.2073974609375
1755,1,0.7391176223754883,right_down,0,45.07045364379883,1079.97509765625,642.5535888671875,1063.089111328125,629.23046875,1035.1519775390625,637.8383178710938,1060.724609375,644.9788208007812
1756,1,0.7391176223754883,right_down,0,44.34377670288086,1077.715087890625,646.869140625,1062.13818359375,632.1524658203125,1034.2373046875,638.1483154296875,1058.6103515625,647.6188354492188
1757,1,0.7391176223754883,right_down,0,44.06973648071289,1076.1331787109375,649.8900146484375,1061.47265625,634.1978759765625,1033.5970458984375,638.3652954101562,1057.13037109375,649.4668579101562
1758,1,0.7391176223754883,right_down,0,43.99545669555664,1075.02587890625,652.004638671875,1061.0067138671875,635.629638671875,1033.1488037109375,638.5172119140625,1056.0943603515625,650.7604370117188
1759,1,0.7391176223754883,right_down,0,44.00130844116211,1074.250732421875,653.48486328125,1060.6806640625,636.6318969726562,1032.8350830078125,638.62353515625,1055.369140625,651.6659545898438
1760,1,0.7086160182952881,right_down,0,41.56296157836914,1071.676025390625,656.9949951171875,1059.4134521484375,639.740478515625,1033.73291015625,640.0303344726562,1054.1640625,654.2236328125
1761,1,0.7086160182952881,right_down,0,40.01311111450195,1069.873779296875,659.4520874023438,1058.5264892578125,641.91650390625,1034.3614501953125,641.0150756835938,1053.320556640625,656.0139770507812
1762,1,0.7086160182952881,right_down,0,39.01475143432617,1068.612060546875,661.1720581054688,1057.905517578125,643.439697265625,1034.8013916015625,641.7044067382812,1052.7301025390625,657.2672119140625
1763,1,0.7086160182952881,right_down,0,38.36195373535156,1067.72900390625,662.3760375976562,1057.470947265625,644.5059814453125,1035.109375,642.1869506835938,1052.3167724609375,658.1444702148438
1764,1,0.7086160182952881,right_down,0,37.92872619628906,1067.11083984375,663.2188110351562,1057.166748046875,645.2523193359375,1035.324951171875,642.5247192382812,1052.0274658203125,658.758544921875
1765,1,0.4524214565753937,right_down,0,38.03843307495117,1068.529541015625,664.1202392578125,1057.81103515625,646.3355102539062,1035.358154296875,645.5035400390625,1051.26611328125,659.2684936523438
1766,1,0.4524214565753937,right_down,0,38.2121467590332,1069.5224609375,664.751220703125,1058.261962890625,647.09375,1035.38134765625,647.5886840820312,1050.733154296875,659.6254272460938
1767,1,0.4524214565753937,right_down,0,38.38081359863281,1070.217529296875,665.1929321289062,1058.57763671875,647.62451171875,1035.3974609375,649.0482788085938,1050.360107421875,659.8753051757812
1768,1,0.4524214565753937,right_down,0,38.52152633666992,1070.7041015625,665.5021362304688,1058.798583984375,647.99609375,1035.4088134765625,650.0700073242188,1050.0989990234375,660.0502319335938
1769,1,0.4524214565753937,right_down,0,38.63100051879883,1071.044677734375,665.7185668945312,1058.9532470703125,648.2561645507812,1035.416748046875,650.7852172851562,1049.9161376953125,660.1726684570312
1770,1,0.0,unknown,,,1071.044677734375,665.7185668945312,1058.9532470703125,648.2561645507812,1035.416748046875,650.7852172851562,1049.9161376953125,660.1726684570312
1771,1,0.0,unknown,,,1071.044677734375,665.7185668945312,1058.9532470703125,648.2561645507812,1035.416748046875,650.7852172851562,1049.9161376953125,660.1726684570312
1772,1,0.0,unknown,,,1071.044677734375,665.7185668945312,1058.9532470703125,648.2561645507812,1035.416748046875,650.7852172851562,1049.9161376953125,660.1726684570312
1773,1,0.0,unknown,,,1071.044677734375,665.7185668945312,1058.9532470703125,648.2561645507812,1035.416748046875,650.7852172851562,1049.9161376953125,660.1726684570312
1774,1,0.0,unknown,,,1071.044677734375,665.7185668945312,1058.9532470703125,648.2561645507812,1035.416748046875,650.7852172851562,1049.9161376953125,660.1726684570312
1775,1,0.0,unknown,,,1071.044677734375,665.7185668945312,1058.9532470703125,648.2561645507812,1035.416748046875,650.7852172851562,1049.9161376953125,660.1726684570312
1776,1,0.0,unknown,,,1071.044677734375,665.7185668945312,1058.9532470703125,648.2561645507812,1035.416748046875,650.7852172851562,1049.9161376953125,660.1726684570312
1777,1,0.0,unknown,,,1071.044677734375,665.7185668945312,1058.9532470703125,648.2561645507812,1035.416748046875,650.7852172851562,1049.9161376953125,660.1726684570312
1778,1,0.0,unknown,,,1071.044677734375,665.7185668945312,1058.9532470703125,648.2561645507812,1035.416748046875,650.7852172851562,1049.9161376953125,660.1726684570312
1779,1,0.0,unknown,,,1071.044677734375,665.7185668945312,1058.9532470703125,648.2561645507812,1035.416748046875,650.7852172851562,1049.9161376953125,660.1726684570312
1780,1,0.0,unknown,,,1071.044677734375,665.7185668945312,1058.9532470703125,648.2561645507812,1035.416748046875,650.7852172851562,1049.9161376953125,660.1726684570312
1781,1,0.0,unknown,,,1071.044677734375,665.7185668945312,1058.9532470703125,648.2561645507812,1035.416748046875,650.7852172851562,1049.9161376953125,660.1726684570312
1782,1,0.0,unknown,,,1071.044677734375,665.7185668945312,1058.9532470703125,648.2561645507812,1035.416748046875,650.7852172851562,1049.9161376953125,660.1726684570312
1783,1,0.0,unknown,,,1071.044677734375,665.7185668945312,1058.9532470703125,648.2561645507812,1035.416748046875,650.7852172851562,1049.9161376953125,660.1726684570312
1784,1,0.0,unknown,,,1071.044677734375,665.7185668945312,1058.9532470703125,648.2561645507812,1035.416748046875,650.7852172851562,1049.9161376953125,660.1726684570312
1785,1,0.0,unknown,,,1071.044677734375,665.7185668945312,1058.9532470703125,648.2561645507812,1035.416748046875,650.7852172851562,1049.9161376953125,660.1726684570312
1786,1,0.0,unknown,,,1071.044677734375,665.7185668945312,1058.9532470703125,648.2561645507812,1035.416748046875,650.7852172851562,1049.9161376953125,660.1726684570312
1787,1,0.0,unknown,,,1071.044677734375,665.7185668945312,1058.9532470703125,648.2561645507812,1035.416748046875,650.7852172851562,1049.9161376953125,660.1726684570312
1788,1,0.0,unknown,,,1071.044677734375,665.7185668945312,1058.9532470703125,648.2561645507812,1035.416748046875,650.7852172851562,1049.9161376953125,660.1726684570312
1789,1,0.0,unknown,,,1071.044677734375,665.7185668945312,1058.9532470703125,648.2561645507812,1035.416748046875,650.7852172851562,1049.9161376953125,660.1726684570312
1790,1,0.0,unknown,,,1071.044677734375,665.7185668945312,1058.9532470703125,648.2561645507812,1035.416748046875,650.7852172851562,1049.9161376953125,660.1726684570312
1791,1,0.0,unknown,,,1071.044677734375,665.7185668945312,1058.9532470703125,648.2561645507812,1035.416748046875,650.7852172851562,1049.9161376953125,660.1726684570312
1792,1,0.0,unknown,,,1071.044677734375,665.7185668945312,1058.9532470703125,648.2561645507812,1035.416748046875,650.7852172851562,1049.9161376953125,660.1726684570312
1793,1,0.0,unknown,,,1071.044677734375,665.7185668945312,1058.9532470703125,648.2561645507812,1035.416748046875,650.7852172851562,1049.9161376953125,660.1726684570312
1794,1,0.0,unknown,,,1071.044677734375,665.7185668945312,1058.9532470703125,648.2561645507812,1035.416748046875,650.7852172851562,1049.9161376953125,660.1726684570312
1795,1,0.0,unknown,,,1071.044677734375,665.7185668945312,1058.9532470703125,648.2561645507812,1035.416748046875,650.7852172851562,1049.9161376953125,660.1726684570312
1796,1,0.0,unknown,,,1071.044677734375,665.7185668945312,1058.9532470703125,648.2561645507812,1035.416748046875,650.7852172851562,1049.9161376953125,660.1726684570312
1797,1,0.0,unknown,,,1071.044677734375,665.7185668945312,1058.9532470703125,648.2561645507812,1035.416748046875,650.7852172851562,1049.9161376953125,660.1726684570312
1798,1,0.0,unknown,,,1071.044677734375,665.7185668945312,1058.9532470703125,648.2561645507812,1035.416748046875,650.7852172851562,1049.9161376953125,660.1726684570312
1799,1,0.0,unknown,,,1071.044677734375,665.7185668945312,1058.9532470703125,648.2561645507812,1035.416748046875,650.7852172851562,1049.9161376953125,660.1726684570312
1800,1,0.0,unknown,,,1071.044677734375,665.7185668945312,1058.9532470703125,648.2561645507812,1035.416748046875,650.7852172851562,1049.9161376953125,660.1726684570312
1801,1,0.0,unknown,,,1071.044677734375,665.7185668945312,1058.9532470703125,648.2561645507812,1035.416748046875,650.7852172851562,1049.9161376953125,660.1726684570312
1802,1,0.0,unknown,,,1071.044677734375,665.7185668945312,1058.9532470703125,648.2561645507812,1035.416748046875,650.7852172851562,1049.9161376953125,660.1726684570312
1803,1,0.0,unknown,,,1071.044677734375,665.7185668945312,1058.9532470703125,648.2561645507812,1035.416748046875,650.7852172851562,1049.9161376953125,660.1726684570312
1804,1,0.0,unknown,,,1071.044677734375,665.7185668945312,1058.9532470703125,648.2561645507812,1035.416748046875,650.7852172851562,1049.9161376953125,660.1726684570312
1805,1,0.0,unknown,,,1071.044677734375,665.7185668945312,1058.9532470703125,648.2561645507812,1035.416748046875,650.7852172851562,1049.9161376953125,660.1726684570312
1806,1,0.0,unknown,,,1071.044677734375,665.7185668945312,1058.9532470703125,648.2561645507812,1035.416748046875,650.7852172851562,1049.9161376953125,660.1726684570312
1807,1,0.0,unknown,,,1071.044677734375,665.7185668945312,1058.9532470703125,648.2561645507812,1035.416748046875,650.7852172851562,1049.9161376953125,660.1726684570312
1808,1,0.0,unknown,,,1071.044677734375,665.7185668945312,1058.9532470703125,648.2561645507812,1035.416748046875,650.7852172851562,1049.9161376953125,660.1726684570312
1809,1,0.0,unknown,,,1071.044677734375,665.7185668945312,1058.9532470703125,648.2561645507812,1035.416748046875,650.7852172851562,1049.9161376953125,660.1726684570312
1810,1,0.0,unknown,,,1071.044677734375,665.7185668945312,1058.9532470703125,648.2561645507812,1035.416748046875,650.7852172851562,1049.9161376953125,660.1726684570312
1811,1,0.0,unknown,,,1071.044677734375,665.7185668945312,1058.9532470703125,648.2561645507812,1035.416748046875,650.7852172851562,1049.9161376953125,660.1726684570312
1812,1,0.0,unknown,,,1071.044677734375,665.7185668945312,1058.9532470703125,648.2561645507812,1035.416748046875,650.7852172851562,1049.9161376953125,660.1726684570312
1813,1,0.0,unknown,,,1071.044677734375,665.7185668945312,1058.9532470703125,648.2561645507812,1035.416748046875,650.7852172851562,1049.9161376953125,660.1726684570312
1814,1,0.0,unknown,,,1071.044677734375,665.7185668945312,1058.9532470703125,648.2561645507812,1035.416748046875,650.7852172851562,1049.9161376953125,660.1726684570312
1815,1,0.0,unknown,,,1071.044677734375,665.7185668945312,1058.9532470703125,648.2561645507812,1035.416748046875,650.7852172851562,1049.9161376953125,660.1726684570312
1816,1,0.0,unknown,,,1071.044677734375,665.7185668945312,1058.9532470703125,648.2561645507812,1035.416748046875,650.7852172851562,1049.9161376953125,660.1726684570312
1817,1,0.0,unknown,,,1071.044677734375,665.7185668945312,1058.9532470703125,648.2561645507812,1035.416748046875,650.7852172851562,1049.9161376953125,660.1726684570312
1818,1,0.0,unknown,,,1071.044677734375,665.7185668945312,1058.9532470703125,648.2561645507812,1035.416748046875,650.7852172851562,1049.9161376953125,660.1726684570312
1819,1,0.0,unknown,,,1071.044677734375,665.7185668945312,1058.9532470703125,648.2561645507812,1035.416748046875,650.7852172851562,1049.9161376953125,660.1726684570312
1820,1,0.8450310230255127,right_down,0,7.817410469055176,1037.250244140625,650.3256225585938,1037.25634765625,635.931640625,1031.8975830078125,644.628173828125,1030.729736328125,651.05517578125
1821,1,0.8450310230255127,left,0,15.858680725097656,1013.5941162109375,639.550537109375,1022.0685424804688,627.304443359375,1029.4342041015625,640.3182373046875,1017.29931640625,644.6729125976562
1822,1,0.8450310230255127,left_up,0,31.128341674804688,997.0348510742188,632.0079956054688,1011.4371337890625,621.2654418945312,1027.7098388671875,637.30126953125,1007.89794921875,640.205322265625
1823,1,0.8450310230255127,left_up,0,41.92218780517578,985.443359375,626.7282104492188,1003.9951171875,617.0381469726562,1026.5028076171875,635.1893920898438,1001.3170166015625,637.0780029296875
1824,1,0.8450310230255127,left_up,0,49.49422073364258,977.329345703125,623.0323486328125,998.7857055664062,614.0790405273438,1025.6578369140625,633.7110595703125,996.7103271484375,634.888916015625
1825,1,0.87663334608078,left_up,0,59.38768005371094,954.9718627929688,604.9263916015625,980.4281005859375,597.5218505859375,1012.5543212890625,619.4576416015625,976.76904296875,620.550048828125
1826,1,0.87663334608078,left_up,0,66.33653259277344,939.3215942382812,592.252197265625,967.5778198242188,585.9318237304688,1003.3819580078125,609.480224609375,962.8101806640625,610.5128784179688
1827,1,0.87663334608078,left_up,0,71.20867156982422,928.3663940429688,583.3802490234375,958.5825805664062,577.81884765625,996.9613037109375,602.4960327148438,953.0389404296875,603.48681640625
1828,1,0.87663334608078,left_up,0,74.6222152709961,920.69775390625,577.169921875,952.2859497070312,572.1397094726562,992.466796875,597.6071166992188,946.1990966796875,598.568603515625
1829,1,0.87663334608078,left_up,0,77.01302337646484,915.3297119140625,572.8226928710938,947.8782958984375,568.1643676757812,989.3206787109375,594.1848754882812,941.4112548828125,595.1258544921875
1830,1,0.8585411310195923,left_up,0,81.0895004272461,899.72802734375,560.4946899414062,934.56005859375,554.9180297851562,977.969970703125,581.7950439453125,926.43896484375,583.1525268554688
1831,1,0.8585411310195923,left_up,0,83.95326232910156,888.806884765625,551.8651123046875,925.2373046875,545.6456298828125,970.0244140625,573.1221923828125,915.9583740234375,574.7711791992188
1832,1,0.8585411310195923,left_up,0,85.96245574951172,881.1620483398438,545.8244018554688,918.71142578125,539.1549072265625,964.4625244140625,567.0511474609375,908.6219482421875,568.9042358398438
1833,1,0.8585411310195923,left_up,0,87.37095642089844,875.8106689453125,541.5958862304688,914.143310546875,534.6113891601562,960.5692138671875,562.8013916015625,903.4864501953125,564.79736328125
1834,1,0.8585411310195923,left_up,0,88.35785675048828,872.064697265625,538.6359252929688,910.9456787109375,531.430908203125,957.8438720703125,559.8265991210938,899.8916015625,561.922607421875
1835,1,0.86346036195755,left_up,0,88.37901306152344,870.53857421875,531.53564453125,908.8829345703125,525.1167602539062,956.1058349609375,553.651123046875,897.6669921875,555.2410278320312
1836,1,0.86346036195755,left_up,0,88.39979553222656,869.4703369140625,526.5654296875,907.43896484375,520.6968994140625,954.88916015625,549.3283081054688,896.1097412109375,550.5639038085938
1837,1,0.86346036195755,left_up,0,88.41744995117188,868.7225341796875,523.0863037109375,906.42822265625,517.6029663085938,954.03759765625,546.3023681640625,895.0196533203125,547.2899169921875
1838,1,0.86346036195755,left_up,0,88.43115234375,868.1990966796875,520.65087890625,905.720703125,515.437255859375,953.44140625,544.1842041015625,894.256591796875,544.9981689453125
1839,1,0.86346036195755,left_up,0,88.44146728515625,867.832763671875,518.9461059570312,905.2254638671875,513.9212036132812,953.024169921875,542.7014770507812,893.722412109375,543.3939208984375
1840,1,0.8006613850593567,left_up,0,83.7110595703125,862.7864379882812,514.6215209960938,899.4692993164062,508.3096008300781,943.6771850585938,536.16748046875,888.3978271484375,536.1243896484375
1841,1,0.8006613850593567,left_up,0,80.40718841552734,859.2540283203125,511.59429931640625,895.43994140625,504.3814697265625,937.1343383789062,531.5936279296875,884.670654296875,531.0357055664062
1842,1,0.8006613850593567,left_up,0,78.09860229492188,856.7813110351562,509.4752502441406,892.619384765625,501.63177490234375,932.5543212890625,528.3919677734375,882.0616455078125,527.4736328125
1843,1,0.8006613850593567,left_up,0,76.48479461669922,855.0504150390625,507.9919128417969,890.64501953125,499.7070007324219,929.3483276367188,526.1507568359375,880.2352294921875,524.9801635742188
1844,1,0.8006613850593567,left_up,0,75.35625457763672,853.8388061523438,506.9535827636719,889.262939453125,498.3596496582031,927.1041259765625,524.5819091796875,878.956787109375,523.2347412109375
1845,1,0.7837847471237183,left_up,0,77.6976547241211,840.0952758789062,503.1163330078125,876.6875610351562,492.4746398925781,917.0701904296875,513.6893310546875,869.2435302734375,516.904296875
1846,1,0.7837847471237183,left_up,0,79.770751953125,830.474853515625,500.4302978515625,867.884765625,488.3551330566406,910.04638671875,506.06451416015625,862.4442749023438,512.4730224609375
1847,1,0.7837847471237183,left_up,0,81.4183349609375,823.7405395507812,498.550048828125,861.7228393554688,485.47149658203125,905.1297607421875,500.7271423339844,857.684814453125,509.37109375
1848,1,0.7837847471237183,left,0,82.66197967529297,819.0264892578125,497.23388671875,857.4094848632812,483.45294189453125,901.6881103515625,496.9909973144531,854.3531494140625,507.19976806640625
1849,1,0.7837847471237183,left_down,0,83.57469177246094,815.7266845703125,496.31256103515625,854.39013671875,482.0399475097656,899.2789306640625,494.3757019042969,852.02099609375,505.6798095703125
1850,1,0.8770378828048706,left_down,0,83.23184204101562,813.6046752929688,491.10235595703125,849.2740478515625,476.6717834472656,896.8076782226562,488.91162109375,848.2388916015625,500.57586669921875
1851,1,0.8770378828048706,left_down,0,82.99236297607422,812.1192626953125,487.4552001953125,845.6927490234375,472.9140930175781,895.0778198242188,485.08673095703125,845.5914306640625,497.00311279296875
1852,1,0.8770378828048706,left_down,0,82.82493591308594,811.0794677734375,484.90216064453125,843.1859130859375,470.28369140625,893.8668823242188,482.4093017578125,843.7381591796875,494.5021667480469
1853,1,0.8770378828048706,left_down,0,82.70784759521484,810.3516235351562,483.11505126953125,841.4310302734375,468.4424133300781,893.0192260742188,480.53509521484375,842.44091796875,492.75152587890625
1854,1,0.8770378828048706,left_down,0,82.6259536743164,809.8421630859375,481.86407470703125,840.20263671875,467.1535339355469,892.4259033203125,479.22320556640625,841.5328369140625,491.52606201171875
1855,1,0.8684097528457642,left_down,0,80.07769775390625,809.8255615234375,472.93408203125,839.59814453125,458.6258544921875,889.8466796875,469.92431640625,840.5508422851562,482.309326171875
1856,1,0.8684097528457642,left_down,0,78.29546356201172,809.8139038085938,466.68310546875,839.175048828125,452.65643310546875,888.0411376953125,463.41510009765625,839.8634033203125,475.85760498046875
1857,1,0.8684097528457642,left_down,0,77.04878234863281,809.8057861328125,462.307373046875,838.87890625,448.47784423828125,886.77734375,458.858642578125,839.3822021484375,471.3414001464844
1858,1,0.8684097528457642,left_down,0,76.17659759521484,809.800048828125,459.244384765625,838.6715087890625,445.5528564453125,885.8927001953125,455.66912841796875,839.0453491210938,468.1800537109375
1859,1,0.8684097528457642,left_down,0,75.56623077392578,809.7960815429688,457.10028076171875,838.5263671875,443.50537109375,885.2734375,453.43646240234375,838.8095703125,465.9671325683594
1860,1,0.827103853225708,left_up,0,59.994747161865234,819.1580810546875,438.8629150390625,843.0023803710938,430.1263427734375,878.7305908203125,445.96826171875,841.7178955078125,450.7998962402344
1861,1,0.827103853225708,left_up,0,50.60424041748047,825.71142578125,426.0967712402344,846.1356201171875,420.7610168457031,874.1505737304688,440.740478515625,843.7537841796875,440.1828308105469
1862,1,0.827103853225708,left_up,0,45.264854431152344,830.298828125,417.16046142578125,848.328857421875,414.2052917480469,870.944580078125,437.0810546875,845.1788330078125,432.7508850097656
1863,1,0.827103853225708,left_up,0,42.379268646240234,833.510009765625,410.9050598144531,849.8641357421875,409.61627197265625,868.7003784179688,434.51947021484375,846.1763916015625,427.54852294921875
1864,1,0.827103853225708,left_up,0,40.87328338623047,835.7578125,406.5262756347656,850.9388427734375,406.4039611816406,867.1294555664062,432.72637939453125,846.874755859375,423.9068603515625
1865,1,0.7705726623535156,right_up,0,11.480335235595703,872.2649536132812,398.8417053222656,873.929931640625,390.9325256347656,870.380126953125,410.166259765625,867.9190063476562,411.3194274902344
1866,1,0.7705726623535156,right,0,25.180936813354492,897.8199462890625,393.4624938964844,890.023681640625,380.1025390625,872.655517578125,394.3741455078125,882.6499633789062,402.5082092285156
1867,1,0.7705726623535156,right_down,0,41.94775390625,915.7084350585938,389.6970520019531,901.289306640625,372.52154541015625,874.248291015625,383.3197021484375,892.961669921875,396.3403625488281
1868,1,0.7705726623535156,right_down,0,54.099124908447266,928.2304077148438,387.0612487792969,909.17529296875,367.21484375,875.36328125,375.58160400390625,900.1798706054688,392.02288818359375
1869,1,0.7705726623535156,right_down,0,62.685768127441406,936.9957885742188,385.2161865234375,914.6954345703125,363.5001525878906,876.143798828125,370.1649169921875,905.2326049804688,389.0006408691406
1870,1,0.8343645930290222,right_down,0,66.39559173583984,955.2083740234375,388.78338623046875,933.056640625,364.83843994140625,892.4815673828125,367.0182189941406,921.9896240234375,390.4398193359375
1871,1,0.8343645930290222,right_down,0,69.29225158691406,967.9572143554688,391.2804260253906,945.909423828125,365.7752685546875,903.91796875,364.8155212402344,933.719482421875,391.44720458984375
1872,1,0.8343645930290222,right_down,0,71.44843292236328,976.8814086914062,393.0283508300781,954.9063720703125,366.4310302734375,911.9234619140625,363.27362060546875,941.930419921875,392.15240478515625
1873,1,0.8343645930290222,right_down,0,73.01488494873047,983.1282958984375,394.25189208984375,961.2042236328125,366.89007568359375,917.52734375,362.1943054199219,947.677978515625,392.64605712890625
1874,1,0.8343645930290222,right_down,0,74.13773345947266,987.5011596679688,395.1083679199219,965.61279296875,367.21142578125,921.449951171875,361.43878173828125,951.7012939453125,392.9915771484375
1875,1,0.78761887550354,right_down,0,69.31964111328125,1000.69189453125,414.6822509765625,983.9719848632812,385.55902099609375,943.9759521484375,374.8260803222656,969.3392333984375,408.808837890625
1876,1,0.78761887550354,right_down,0,66.86277770996094,1009.9254150390625,428.38397216796875,996.8234252929688,398.4023132324219,959.744140625,384.19720458984375,981.685791015625,419.88092041015625
1877,1,0.78761887550354,right_down,0,65.64718627929688,1016.3888549804688,437.97515869140625,1005.8193969726562,407.39263916015625,970.7818603515625,390.7569885253906,990.328369140625,427.63134765625
1878,1,0.78761887550354,right_down,0,65.05872344970703,1020.9132690429688,444.68902587890625,1012.1165771484375,413.68585205078125,978.50830078125,395.34881591796875,996.378173828125,433.05670166015625
1879,1,0.78761887550354,right_down,0,64.77925109863281,1024.080322265625,449.38873291015625,1016.5245971679688,418.0910949707031,983.9168090820312,398.5631103515625,1000.613037109375,436.85443115234375
1880,1,0.3791457712650299,right_down,0,49.39113235473633,1025.6051025390625,465.7847900390625,1021.2589111328125,438.27069091796875,999.6033935546875,423.7919921875,1009.2569580078125,454.8970947265625
1881,1,0.3791457712650299,right_down,0,39.25790023803711,1026.6724853515625,477.26202392578125,1024.572998046875,452.39642333984375,1010.583984375,441.45220947265625,1015.3076782226562,467.52691650390625
1882,1,0.3791457712650299,right_down,0,32.78424072265625,1027.419677734375,485.29608154296875,1026.892822265625,462.284423828125,1018.2703857421875,453.81439208984375,1019.543212890625,476.3677978515625
1883,1,0.3791457712650299,right_down,0,28.773893356323242,1027.942626953125,490.919921875,1028.5166015625,469.2060546875,1023.65087890625,462.4678955078125,1022.508056640625,482.55645751953125
1884,1,0.3791457712650299,down,0,26.346385955810547,1028.3087158203125,494.85662841796875,1029.6533203125,474.05120849609375,1027.417236328125,468.52532958984375,1024.58349609375,486.88848876953125
1885,1,0.0,unknown,,,1028.3087158203125,494.85662841796875,1029.6533203125,474.05120849609375,1027.417236328125,468.52532958984375,1024.58349609375,486.88848876953125
1886,1,0.0,unknown,,,1028.3087158203125,494.85662841796875,1029.6533203125,474.05120849609375,1027.417236328125,468.52532958984375,1024.58349609375,486.88848876953125
1887,1,0.0,unknown,,,1028.3087158203125,494.85662841796875,1029.6533203125,474.05120849609375,1027.417236328125,468.52532958984375,1024.58349609375,486.88848876953125
1888,1,0.0,unknown,,,1028.3087158203125,494.85662841796875,1029.6533203125,474.05120849609375,1027.417236328125,468.52532958984375,1024.58349609375,486.88848876953125
1889,1,0.0,unknown,,,1028.3087158203125,494.85662841796875,1029.6533203125,474.05120849609375,1027.417236328125,468.52532958984375,1024.58349609375,486.88848876953125
1890,1,0.6510869264602661,left_down,0,21.792036056518555,1026.26123046875,498.37274169921875,1034.303955078125,481.04437255859375,1038.44384765625,480.3040771484375,1028.3466796875,495.0043029785156
1891,1,0.6510869264602661,left_down,0,24.618501663208008,1024.828125,500.8340148925781,1037.559326171875,485.9395751953125,1046.1624755859375,488.5492248535156,1030.98095703125,500.6853942871094
1892,1,0.6510869264602661,left_down,0,28.93747329711914,1023.8248901367188,502.5569152832031,1039.838134765625,489.3662109375,1051.5655517578125,494.3208312988281,1032.824951171875,504.6621398925781
1893,1,0.6510869264602661,left_down,0,32.674678802490234,1023.1226196289062,503.762939453125,1041.4332275390625,491.76483154296875,1055.34765625,498.3609313964844,1034.11572265625,507.44586181640625
1894,1,0.0,unknown,,,1023.1226196289062,503.762939453125,1041.4332275390625,491.76483154296875,1055.34765625,498.3609313964844,1034.11572265625,507.44586181640625
1895,1,0.0,unknown,,,1023.1226196289062,503.762939453125,1041.4332275390625,491.76483154296875,1055.34765625,498.3609313964844,1034.11572265625,507.44586181640625
1896,1,0.0,unknown,,,1023.1226196289062,503.762939453125,1041.4332275390625,491.76483154296875,1055.34765625,498.3609313964844,1034.11572265625,507.44586181640625
1897,1,0.0,unknown,,,1023.1226196289062,503.762939453125,1041.4332275390625,491.76483154296875,1055.34765625,498.3609313964844,1034.11572265625,507.44586181640625
1898,1,0.0,unknown,,,1023.1226196289062,503.762939453125,1041.4332275390625,491.76483154296875,1055.34765625,498.3609313964844,1034.11572265625,507.44586181640625
1899,1,0.0,unknown,,,1023.1226196289062,503.762939453125,1041.4332275390625,491.76483154296875,1055.34765625,498.3609313964844,1034.11572265625,507.44586181640625
1900,1,0.0,unknown,,,1023.1226196289062,503.762939453125,1041.4332275390625,491.76483154296875,1055.34765625,498.3609313964844,1034.11572265625,507.44586181640625
1901,1,0.0,unknown,,,1023.1226196289062,503.762939453125,1041.4332275390625,491.76483154296875,1055.34765625,498.3609313964844,1034.11572265625,507.44586181640625
1902,1,0.0,unknown,,,1023.1226196289062,503.762939453125,1041.4332275390625,491.76483154296875,1055.34765625,498.3609313964844,1034.11572265625,507.44586181640625
1903,1,0.0,unknown,,,1023.1226196289062,503.762939453125,1041.4332275390625,491.76483154296875,1055.34765625,498.3609313964844,1034.11572265625,507.44586181640625
1904,1,0.39974936842918396,left_down,0,37.644927978515625,1025.604736328125,537.9835205078125,1043.0933837890625,523.4320068359375,1059.38134765625,521.36181640625,1041.1568603515625,537.2485961914062
1905,1,0.6226730942726135,left_down,0,43.397640228271484,1023.3074340820312,563.43359375,1039.179443359375,546.5306396484375,1060.0672607421875,540.366943359375,1043.40625,561.133544921875
1906,1,0.6226730942726135,left_down,0,47.641563415527344,1021.6993408203125,581.2485961914062,1036.439697265625,562.6996459960938,1060.54736328125,553.6705322265625,1044.980712890625,577.85302734375
1907,1,0.6226730942726135,left_down,0,50.69105529785156,1020.5736694335938,593.7191162109375,1034.5218505859375,574.0179443359375,1060.8834228515625,562.9830322265625,1046.0828857421875,589.556640625
1908,1,0.6226730942726135,left_down,0,52.85734176635742,1019.7857055664062,602.448486328125,1033.179443359375,581.9407958984375,1061.11865234375,569.5017700195312,1046.8543701171875,597.7491455078125
1909,1,0.6226730942726135,left_down,0,54.3873176574707,1019.234130859375,608.5590209960938,1032.23974609375,587.4867553710938,1061.2833251953125,574.0648803710938,1047.3944091796875,603.4839477539062
1910,1,0.4796144366264343,left_down,0,41.2484130859375,1024.730224609375,609.7989501953125,1034.866943359375,592.0757446289062,1056.020751953125,582.9226684570312,1050.5113525390625,607.708740234375
1911,1,0.4796144366264343,left_down,0,32.07246017456055,1028.5775146484375,610.6669311523438,1036.7060546875,595.2880249023438,1052.3369140625,589.1231689453125,1052.6932373046875,610.6661376953125
1912,1,0.4796144366264343,left_down,0,25.671432495117188,1031.2706298828125,611.2745361328125,1037.993408203125,597.53662109375,1049.7581787109375,593.4635009765625,1054.2205810546875,612.7362670898438
1913,1,0.4796144366264343,left_down,0,21.211902618408203,1033.15576171875,611.6998291015625,1038.89453125,599.1106567382812,1047.953125,596.501708984375,1055.2896728515625,614.1853637695312
1914,1,0.4796144366264343,left_down,0,18.10855484008789,1034.475341796875,611.99755859375,1039.5252685546875,600.2124633789062,1046.6895751953125,598.6284790039062,1056.0380859375,615.19970703125
1915,1,0.0,unknown,,,1034.475341796875,611.99755859375,1039.5252685546875,600.2124633789062,1046.6895751953125,598.6284790039062,1056.0380859375,615.19970703125
1916,1,0.0,unknown,,,1034.475341796875,611.99755859375,1039.5252685546875,600.2124633789062,1046.6895751953125,598.6284790039062,1056.0380859375,615.19970703125
1917,1,0.0,unknown,,,1034.475341796875,611.99755859375,1039.5252685546875,600.2124633789062,1046.6895751953125,598.6284790039062,1056.0380859375,615.19970703125
1918,1,0.0,unknown,,,1034.475341796875,611.99755859375,1039.5252685546875,600.2124633789062,1046.6895751953125,598.6284790039062,1056.0380859375,615.19970703125
1919,1,0.0,unknown,,,1034.475341796875,611.99755859375,1039.5252685546875,600.2124633789062,1046.6895751953125,598.6284790039062,1056.0380859375,615.19970703125
1920,1,0.0,unknown,,,1034.475341796875,611.99755859375,1039.5252685546875,600.2124633789062,1046.6895751953125,598.6284790039062,1056.0380859375,615.19970703125
1921,1,0.0,unknown,,,1034.475341796875,611.99755859375,1039.5252685546875,600.2124633789062,1046.6895751953125,598.6284790039062,1056.0380859375,615.19970703125
1922,1,0.0,unknown,,,1034.475341796875,611.99755859375,1039.5252685546875,600.2124633789062,1046.6895751953125,598.6284790039062,1056.0380859375,615.19970703125
1923,1,0.0,unknown,,,1034.475341796875,611.99755859375,1039.5252685546875,600.2124633789062,1046.6895751953125,598.6284790039062,1056.0380859375,615.19970703125
1924,1,0.0,unknown,,,1034.475341796875,611.99755859375,1039.5252685546875,600.2124633789062,1046.6895751953125,598.6284790039062,1056.0380859375,615.19970703125
1925,1,0.0,unknown,,,1034.475341796875,611.99755859375,1039.5252685546875,600.2124633789062,1046.6895751953125,598.6284790039062,1056.0380859375,615.19970703125
1926,1,0.0,unknown,,,1034.475341796875,611.99755859375,1039.5252685546875,600.2124633789062,1046.6895751953125,598.6284790039062,1056.0380859375,615.19970703125
1927,1,0.0,unknown,,,1034.475341796875,611.99755859375,1039.5252685546875,600.2124633789062,1046.6895751953125,598.6284790039062,1056.0380859375,615.19970703125
1928,1,0.0,unknown,,,1034.475341796875,611.99755859375,1039.5252685546875,600.2124633789062,1046.6895751953125,598.6284790039062,1056.0380859375,615.19970703125
1929,1,0.0,unknown,,,1034.475341796875,611.99755859375,1039.5252685546875,600.2124633789062,1046.6895751953125,598.6284790039062,1056.0380859375,615.19970703125
1930,1,0.8153086304664612,down,0,22.469026565551758,1041.4775390625,632.7396240234375,1042.58544921875,616.229736328125,1042.3355712890625,610.2869873046875,1052.1220703125,631.1088256835938
1931,1,0.8153086304664612,right_down,0,29.670902252197266,1046.379150390625,647.259033203125,1044.7276611328125,627.4418334960938,1039.287841796875,618.447998046875,1049.380859375,642.2451782226562
1932,1,0.8153086304664612,right_down,0,35.5883903503418,1049.810302734375,657.4226684570312,1046.2271728515625,635.290283203125,1037.1544189453125,624.16064453125,1047.4620361328125,650.0406494140625
1933,1,0.8153086304664612,right_down,0,39.96589279174805,1052.2120361328125,664.5372314453125,1047.27685546875,640.7841796875,1035.6610107421875,628.1595458984375,1046.118896484375,655.4974365234375
1934,1,0.8153086304664612,right_down,0,43.10916519165039,1053.893310546875,669.5173950195312,1048.01171875,644.6299438476562,1034.6156005859375,630.958740234375,1045.1787109375,659.3171997070312
1935,1,0.8159719705581665,right_down,0,44.9766960144043,1057.544189453125,669.3535766601562,1048.8243408203125,645.2923583984375,1032.115966796875,632.2549438476562,1045.1649169921875,660.176513671875
1936,1,0.8159719705581665,right_down,0,46.75051498413086,1060.099853515625,669.2388916015625,1049.39306640625,645.7559814453125,1030.3662109375,633.1622924804688,1045.1552734375,660.7780151367188
1937,1,0.8159719705581665,right_down,0,48.195533752441406,1061.888916015625,669.1586303710938,1049.791259765625,646.08056640625,1029.1414794921875,633.7974243164062,1045.1485595703125,661.1990966796875
1938,1,0.8159719705581665,right_down,0,49.29756546020508,1063.14111328125,669.1024169921875,1050.070068359375,646.3077392578125,1028.2841796875,634.2420654296875,1045.143798828125,661.4937744140625
1939,1,0.8159719705581665,right_down,0,50.11052322387695,1064.017822265625,669.0630493164062,1050.26513671875,646.466796875,1027.68408203125,634.5532836914062,1045.1405029296875,661.7000732421875
1940,1,0.8062046766281128,right_down,0,44.73838424682617,1062.3897705078125,663.8985595703125,1048.1923828125,642.833251953125,1026.945068359375,636.6002807617188,1044.79443359375,657.4241333007812
1941,1,0.8062046766281128,right_down,0,41.32402038574219,1061.2501220703125,660.283447265625,1046.741455078125,640.289794921875,1026.427734375,638.0331420898438,1044.5521240234375,654.4310302734375
1942,1,0.8062046766281128,right_down,0,39.15058898925781,1060.452392578125,657.7528686523438,1045.725830078125,638.5093383789062,1026.0655517578125,639.0361938476562,1044.382568359375,652.3358154296875
1943,1,0.8062046766281128,right_down,0,37.75469207763672,1059.8939208984375,655.9814453125,1045.014892578125,637.2630615234375,1025.81201171875,639.73828125,1044.263916015625,650.8692016601562
1944,1,0.8062046766281128,right_down,0,36.84651184082031,1059.5030517578125,654.741455078125,1044.5172119140625,636.390625,1025.634521484375,640.2297973632812,1044.1807861328125,649.842529296875
1945,1,0.8093433976173401,right_down,0,43.30319595336914,1063.336181640625,656.1099243164062,1046.87841796875,637.4892578125,1023.124267578125,640.0422973632812,1045.331787109375,652.0289306640625
1946,1,0.8093433976173401,right_down,0,47.835025787353516,1066.0194091796875,657.06787109375,1048.53125,638.25830078125,1021.3670654296875,639.9110107421875,1046.137451171875,653.5594482421875
1947,1,0.8093433976173401,right_down,0,51.011417388916016,1067.8975830078125,657.7384033203125,1049.688232421875,638.796630859375,1020.1370849609375,639.8191528320312,1046.701416015625,654.6307983398438
1948,1,0.8093433976173401,right_down,0,53.236671447753906,1069.21240234375,658.207763671875,1050.4981689453125,639.1734619140625,1019.276123046875,639.7548217773438,1047.09619140625,655.3807373046875
1949,1,0.8093433976173401,right_down,0,54.79500961303711,1070.1326904296875,658.536376953125,1051.065185546875,639.437255859375,1018.6734619140625,639.7097778320312,1047.37255859375,655.9057006835938
1950,1,0.6790091395378113,right_down,0,53.386234283447266,1072.164306640625,639.8554077148438,1049.806640625,627.661865234375,1018.86865234375,636.746826171875,1051.17041015625,643.67724609375
1951,1,0.6790091395378113,right_up,0,55.148956298828125,1073.58642578125,626.7786865234375,1048.9256591796875,619.4190673828125,1019.00537109375,634.6727294921875,1053.828857421875,635.1173095703125
1952,1,0.6790091395378113,right_up,0,57.631195068359375,1074.5819091796875,617.625,1048.3089599609375,613.649169921875,1019.10107421875,633.2208862304688,1055.6898193359375,629.1253662109375
1953,1,0.6790091395378113,right_up,0,59.9072151184082,1075.2786865234375,611.2174072265625,1047.8773193359375,609.6102294921875,1019.16796875,632.20458984375,1056.992431640625,624.9310302734375
1954,1,0.6790091395378113,right_up,0,61.734893798828125,1075.7664794921875,606.7321166992188,1047.5751953125,606.782958984375,1019.21484375,631.4931640625,1057.904296875,621.9949951171875
1955,1,0.0,unknown,,,1075.7664794921875,606.7321166992188,1047.5751953125,606.782958984375,1019.21484375,631.4931640625,1057.904296875,621.9949951171875
1956,1,0.0,unknown,,,1075.7664794921875,606.7321166992188,1047.5751953125,606.782958984375,1019.21484375,631.4931640625,1057.904296875,621.9949951171875
1957,1,0.0,unknown,,,1075.7664794921875,606.7321166992188,1047.5751953125,606.782958984375,1019.21484375,631.4931640625,1057.904296875,621.9949951171875
1958,1,0.0,unknown,,,1075.7664794921875,606.7321166992188,1047.5751953125,606.782958984375,1019.21484375,631.4931640625,1057.904296875,621.9949951171875
1959,1,0.0,unknown,,,1075.7664794921875,606.7321166992188,1047.5751953125,606.782958984375,1019.21484375,631.4931640625,1057.904296875,621.9949951171875
1960,1,0.6401051878929138,right_up,0,58.053565979003906,1077.9990234375,571.6727294921875,1051.0650634765625,571.7972412109375,1025.9766845703125,597.4388427734375,1061.16455078125,587.078125
1961,1,0.6401051878929138,right_up,0,55.56205749511719,1079.561767578125,547.1311645507812,1053.508056640625,547.3071899414062,1030.7099609375,573.600830078125,1063.44677734375,562.6362915039062
1962,1,0.6401051878929138,right_up,0,53.86604690551758,1080.65576171875,529.9520874023438,1055.2181396484375,530.1641845703125,1034.023193359375,556.9141845703125,1065.0443115234375,545.5270385742188
1963,1,0.6401051878929138,right_up,0,52.70465087890625,1081.4215087890625,517.9266967773438,1056.4151611328125,518.1640625,1036.342529296875,545.2335815429688,1066.16259765625,533.550537109375
1964,1,0.6401051878929138,right_up,0,51.90522384643555,1081.95751953125,509.5089111328125,1057.2530517578125,509.76397705078125,1037.966064453125,537.05712890625,1066.9453125,525.1669921875
1965,1,0.26509055495262146,right_up,0,44.22111511230469,1083.18701171875,510.87591552734375,1063.06689453125,508.5441589355469,1043.119384765625,529.586669921875,1070.3248291015625,523.4347534179688
1966,1,0.26509055495262146,right_up,0,39.36640548706055,1084.047607421875,511.83282470703125,1067.1365966796875,507.6902770996094,1046.7266845703125,524.3572998046875,1072.6904296875,522.22216796875
1967,1,0.26509055495262146,right_up,0,36.33433532714844,1084.650146484375,512.502685546875,1069.9853515625,507.0925598144531,1049.2518310546875,520.69677734375,1074.346435546875,521.3733520507812
1968,1,0.26509055495262146,right_up,0,34.441524505615234,1085.07177734375,512.9715576171875,1071.9794921875,506.6741638183594,1051.0194091796875,518.1343994140625,1075.505615234375,520.7791748046875
1969,1,0.26509055495262146,right_up,0,33.249576568603516,1085.366943359375,513.2998046875,1073.37548828125,506.38128662109375,1052.2567138671875,516.3406982421875,1076.317138671875,520.36328125
1970,1,0.6762654781341553,right_down,0,13.764910697937012,1072.349609375,522.7722778320312,1068.48828125,511.0960998535156,1061.603515625,514.1702880859375,1073.46337890625,524.9443969726562
1971,1,0.6762654781341553,left_down,0,17.45638084411621,1063.237548828125,529.4030151367188,1065.0672607421875,514.396484375,1068.146240234375,512.6510009765625,1071.4658203125,528.1511840820312
1972,1,0.6762654781341553,left_down,0,27.496875762939453,1056.859130859375,534.0445556640625,1062.672607421875,516.706787109375,1072.72607421875,511.5875244140625,1070.0675048828125,530.3959350585938
1973,1,0.6762654781341553,left_down,0,35.40702438354492,1052.3941650390625,537.2935791015625,1060.996337890625,518.323974609375,1075.9320068359375,510.8431091308594,1069.088623046875,531.96728515625
1974,1,0.6762654781341553,left_down,0,41.12134552001953,1049.2686767578125,539.5679321289062,1059.822998046875,519.4559936523438,1078.1761474609375,510.322021484375,1068.4034423828125,533.0671997070312
1975,1,0.0,unknown,,,1049.2686767578125,539.5679321289062,1059.822998046875,519.4559936523438,1078.1761474609375,510.322021484375,1068.4034423828125,533.0671997070312
1976,1,0.0,unknown,,,1049.2686767578125,539.5679321289062,1059.822998046875,519.4559936523438,1078.1761474609375,510.322021484375,1068.4034423828125,533.0671997070312
1977,1,0.0,unknown,,,1049.2686767578125,539.5679321289062,1059.822998046875,519.4559936523438,1078.1761474609375,510.322021484375,1068.4034423828125,533.0671997070312
1978,1,0.0,unknown,,,1049.2686767578125,539.5679321289062,1059.822998046875,519.4559936523438,1078.1761474609375,510.322021484375,1068.4034423828125,533.0671997070312
1979,1,0.0,unknown,,,1049.2686767578125,539.5679321289062,1059.822998046875,519.4559936523438,1078.1761474609375,510.322021484375,1068.4034423828125,533.0671997070312
1980,1,0.33093494176864624,left_down,0,35.221961975097656,1044.5941162109375,532.37158203125,1057.3685302734375,517.316162109375,1075.02294921875,514.632568359375,1063.13671875,531.0255126953125
1981,1,0.33093494176864624,left_down,0,32.949058532714844,1041.322021484375,527.3341064453125,1055.650390625,515.8182983398438,1072.8157958984375,517.6499633789062,1059.449951171875,529.5963134765625
1982,1,0.33093494176864624,left_down,0,32.492122650146484,1039.031494140625,523.8079223632812,1054.44775390625,514.769775390625,1071.270751953125,519.7621459960938,1056.869140625,528.5958251953125
1983,1,0.33093494176864624,left,0,32.76125717163086,1037.4281005859375,521.3395385742188,1053.6058349609375,514.0358276367188,1070.189208984375,521.2406616210938,1055.062744140625,527.8955078125
1984,1,0.33093494176864624,left_up,0,33.23340606689453,1036.3056640625,519.6116943359375,1053.0164794921875,513.5220947265625,1069.43212890625,522.275634765625,1053.798095703125,527.4052734375
1985,1,0.0,unknown,,,1036.3056640625,519.6116943359375,1053.0164794921875,513.5220947265625,1069.43212890625,522.275634765625,1053.798095703125,527.4052734375
1986,1,0.0,unknown,,,1036.3056640625,519.6116943359375,1053.0164794921875,513.5220947265625,1069.43212890625,522.275634765625,1053.798095703125,527.4052734375
1987,1,0.0,unknown,,,1036.3056640625,519.6116943359375,1053.0164794921875,513.5220947265625,1069.43212890625,522.275634765625,1053.798095703125,527.4052734375
1988,1,0.0,unknown,,,1036.3056640625,519.6116943359375,1053.0164794921875,513.5220947265625,1069.43212890625,522.275634765625,1053.798095703125,527.4052734375
1989,1,0.0,unknown,,,1036.3056640625,519.6116943359375,1053.0164794921875,513.5220947265625,1069.43212890625,522.275634765625,1053.798095703125,527.4052734375
1990,1,0.35302916169166565,left_up,0,16.080188751220703,1037.9912109375,477.06597900390625,1044.743408203125,472.3447265625,1052.1456298828125,484.6965026855469,1046.7359619140625,486.10546875
1991,1,0.35302916169166565,up,0,11.14148235321045,1039.171142578125,447.2839660644531,1038.9521484375,443.52056884765625,1040.045166015625,458.39111328125,1041.79248046875,457.19561767578125
1992,1,0.35302916169166565,right_up,0,15.946432113647461,1039.9970703125,426.43658447265625,1034.8983154296875,423.3436584472656,1031.57470703125,439.97735595703125,1038.33203125,436.9587097167969
1993,1,0.35302916169166565,right_up,0,21.337385177612305,1040.5751953125,411.8434143066406,1032.0606689453125,409.2198181152344,1025.6455078125,427.08770751953125,1035.9097900390625,422.7928771972656
1994,1,0.35302916169166565,right_up,0,25.4918212890625,1040.97998046875,401.628173828125,1030.07421875,399.3331298828125,1021.4949951171875,418.0649719238281,1034.2142333984375,412.8768005371094
1995,1,0.8012635707855225,right_up,0,30.746335983276367,1041.8841552734375,382.0379638671875,1030.4423828125,381.8108825683594,1019.6239624023438,403.2469482421875,1035.26171875,395.8433837890625
1996,1,0.8012635707855225,right_up,0,34.4740104675293,1042.51708984375,368.3248291015625,1030.699951171875,369.5453186035156,1018.314208984375,392.87432861328125,1035.9949951171875,383.91998291015625
1997,1,0.8012635707855225,right_up,0,37.10004425048828,1042.960205078125,358.7256164550781,1030.88037109375,360.9594421386719,1017.3973999023438,385.61346435546875,1036.50830078125,375.5736083984375
1998,1,0.8012635707855225,right_up,0,38.94471740722656,1043.2703857421875,352.0061950683594,1031.006591796875,354.9493103027344,1016.755615234375,380.5308837890625,1036.8675537109375,369.73114013671875
1999,1,0.8012635707855225,right_up,0,40.23862838745117,1043.4874267578125,347.3025817871094,1031.094970703125,350.7422180175781,1016.306396484375,376.97308349609375,1037.1190185546875,365.64141845703125
2000,1,0.6687695384025574,right_up,0,41.765689849853516,1050.224365234375,329.569091796875,1037.818115234375,333.7427978515625,1022.9810791015625,361.22625732421875,1043.84912109375,348.4476318359375
2001,1,0.6687695384025574,right_up,0,42.85712814331055,1054.940185546875,317.1556396484375,1042.5242919921875,321.84320068359375,1027.6533203125,350.2034912109375,1048.560302734375,336.4119873046875
2002,1,0.6687695384025574,right_up,0,43.631378173828125,1058.2413330078125,308.4662170410156,1045.818603515625,313.51348876953125,1030.923828125,342.487548828125,1051.8580322265625,327.9870300292969
2003,1,0.6687695384025574,right_up,0,44.178016662597656,1060.5521240234375,302.38360595703125,1048.1246337890625,307.6827087402344,1033.2132568359375,337.0863952636719,1054.16650390625,322.0895690917969
2004,1,0.6687695384025574,right_up,0,44.56291961669922,1062.169677734375,298.12579345703125,1049.7388916015625,303.6011657714844,1034.8157958984375,333.30560302734375,1055.782470703125,317.9613342285156
2005,1,0.0,unknown,,,1062.169677734375,298.12579345703125,1049.7388916015625,303.6011657714844,1034.8157958984375,333.30560302734375,1055.782470703125,317.9613342285156
2006,1,0.0,unknown,,,1062.169677734375,298.12579345703125,1049.7388916015625,303.6011657714844,1034.8157958984375,333.30560302734375,1055.782470703125,317.9613342285156
2007,1,0.0,unknown,,,1062.169677734375,298.12579345703125,1049.7388916015625,303.6011657714844,1034.8157958984375,333.30560302734375,1055.782470703125,317.9613342285156
2008,1,0.0,unknown,,,1062.169677734375,298.12579345703125,1049.7388916015625,303.6011657714844,1034.8157958984375,333.30560302734375,1055.782470703125,317.9613342285156
2009,1,0.0,unknown,,,1062.169677734375,298.12579345703125,1049.7388916015625,303.6011657714844,1034.8157958984375,333.30560302734375,1055.782470703125,317.9613342285156
2010,1,0.0,unknown,,,1062.169677734375,298.12579345703125,1049.7388916015625,303.6011657714844,1034.8157958984375,333.30560302734375,1055.782470703125,317.9613342285156
2011,1,0.0,unknown,,,1062.169677734375,298.12579345703125,1049.7388916015625,303.6011657714844,1034.8157958984375,333.30560302734375,1055.782470703125,317.9613342285156
2012,1,0.0,unknown,,,1062.169677734375,298.12579345703125,1049.7388916015625,303.6011657714844,1034.8157958984375,333.30560302734375,1055.782470703125,317.9613342285156
2013,1,0.0,unknown,,,1062.169677734375,298.12579345703125,1049.7388916015625,303.6011657714844,1034.8157958984375,333.30560302734375,1055.782470703125,317.9613342285156
2014,1,0.0,unknown,,,1062.169677734375,298.12579345703125,1049.7388916015625,303.6011657714844,1034.8157958984375,333.30560302734375,1055.782470703125,317.9613342285156
2015,1,0.0,unknown,,,1062.169677734375,298.12579345703125,1049.7388916015625,303.6011657714844,1034.8157958984375,333.30560302734375,1055.782470703125,317.9613342285156
2016,1,0.0,unknown,,,1062.169677734375,298.12579345703125,1049.7388916015625,303.6011657714844,1034.8157958984375,333.30560302734375,1055.782470703125,317.9613342285156
2017,1,0.0,unknown,,,1062.169677734375,298.12579345703125,1049.7388916015625,303.6011657714844,1034.8157958984375,333.30560302734375,1055.782470703125,317.9613342285156
2018,1,0.0,unknown,,,1062.169677734375,298.12579345703125,1049.7388916015625,303.6011657714844,1034.8157958984375,333.30560302734375,1055.782470703125,317.9613342285156
2019,1,0.0,unknown,,,1062.169677734375,298.12579345703125,1049.7388916015625,303.6011657714844,1034.8157958984375,333.30560302734375,1055.782470703125,317.9613342285156
2020,1,0.729313850402832,right_up,0,40.69957733154297,1065.8726806640625,263.5106506347656,1053.58154296875,266.1832580566406,1035.9283447265625,291.0749816894531,1059.28125,280.3329772949219
2021,1,0.729313850402832,right_up,0,38.766990661621094,1068.46484375,239.28004455566406,1056.2713623046875,239.99072265625,1036.7071533203125,261.5135498046875,1061.73046875,253.9931182861328
2022,1,0.729313850402832,right_up,0,37.856346130371094,1070.279296875,222.31861877441406,1058.154296875,221.65594482421875,1037.2523193359375,240.820556640625,1063.44482421875,235.5552215576172
2023,1,0.729313850402832,right_up,0,37.45330047607422,1071.5494384765625,210.44561767578125,1059.4722900390625,208.82159423828125,1037.6339111328125,226.33544921875,1064.64501953125,222.64869689941406
2024,1,0.729313850402832,right_up,0,37.29009246826172,1072.4384765625,202.134521484375,1060.3948974609375,199.83755493164062,1037.901123046875,216.19589233398438,1065.485107421875,213.61412048339844
2025,1,0.7004373669624329,right_up,0,35.266319274902344,1072.03955078125,191.16246032714844,1059.599853515625,184.20680236816406,1037.255859375,196.97694396972656,1061.368896484375,198.2737579345703
2026,1,0.7004373669624329,right,0,34.95608139038086,1071.76025390625,183.48202514648438,1059.0433349609375,173.26527404785156,1036.80419921875,183.523681640625,1058.487548828125,187.53550720214844
2027,1,0.7004373669624329,right_down,0,35.304039001464844,1071.5648193359375,178.105712890625,1058.6536865234375,165.606201171875,1036.488037109375,174.10638427734375,1056.4705810546875,180.01873779296875
2028,1,0.7004373669624329,right_down,0,35.81821060180664,1071.427978515625,174.34230041503906,1058.3809814453125,160.24485778808594,1036.2666015625,167.5142822265625,1055.0587158203125,174.7570037841797
2029,1,0.7004373669624329,right_down,0,36.305381774902344,1071.332275390625,171.70791625976562,1058.1900634765625,156.49191284179688,1036.111572265625,162.89981079101562,1054.0704345703125,171.07379150390625
2030,1,0.7869886755943298,right_down,0,36.37133026123047,1067.3924560546875,167.1761474609375,1054.3170166015625,154.02919006347656,1032.2711181640625,157.7228240966797,1050.06982421875,167.40113830566406
2031,1,0.7869886755943298,right_down,0,36.42436218261719,1064.6346435546875,164.00390625,1051.60595703125,152.30528259277344,1029.5828857421875,154.09893798828125,1047.269287109375,164.8302764892578
2032,1,0.7869886755943298,right_down,0,36.464969635009766,1062.7042236328125,161.78335571289062,1049.7081298828125,151.09854125976562,1027.7010498046875,151.5622100830078,1045.3089599609375,163.0306854248047
2033,1,0.7869886755943298,right_down,0,36.49498748779297,1061.3529052734375,160.2289581298828,1048.379638671875,150.2538299560547,1026.3837890625,149.7864990234375,1043.936767578125,161.77096557617188
2034,1,0.7869886755943298,right_down,0,36.51683807373047,1060.406982421875,159.14088439941406,1047.44970703125,149.66253662109375,1025.461669921875,148.5435028076172,1042.9761962890625,160.88916015625
2035,1,0.7028595805168152,right_down,0,18.798124313354492,1045.8287353515625,150.71881103515625,1040.4375,144.38531494140625,1027.1580810546875,148.5333709716797,1036.492919921875,155.55010986328125
2036,1,0.7028595805168152,right_up,0,8.166343688964844,1035.6240234375,144.82334899902344,1035.5289306640625,140.69126892089844,1028.345458984375,148.52627563476562,1031.9547119140625,151.81277465820312
2037,1,0.7028595805168152,up,0,7.85566520690918,1028.480712890625,140.696533203125,1032.093017578125,138.10543823242188,1029.1767578125,148.52130126953125,1028.7779541015625,149.19664001464844
2038,1,0.7028595805168152,left_up,0,12.41456127166748,1023.4803466796875,137.80775451660156,1029.687744140625,136.29534912109375,1029.758544921875,148.517822265625,1026.55419921875,147.36534118652344
2039,1,0.7028595805168152,left_up,0,16.30329132080078,1019.9801025390625,135.78561401367188,1028.004150390625,135.02828979492188,1030.1658935546875,148.515380859375,1024.99755859375,146.08343505859375
2040,1,0.6177265644073486,left_up,0,16.36432456970215,1024.78857421875,146.55050659179688,1033.418212890625,143.03005981445312,1040.59814453125,150.7752685546875,1033.9122314453125,152.75221252441406
2041,1,0.6177265644073486,left_down,0,19.821744918823242,1028.154541015625,154.08592224121094,1037.2081298828125,148.6313018798828,1047.9007568359375,152.35719299316406,1040.1524658203125,157.4203643798828
2042,1,0.6177265644073486,left_down,0,23.261499404907227,1030.5107421875,159.3607177734375,1039.861083984375,152.5521697998047,1053.0125732421875,153.46453857421875,1044.5206298828125,160.6880645751953
2043,1,0.6177265644073486,left_down,0,25.972003936767578,1032.159912109375,163.05307006835938,1041.7181396484375,155.29676818847656,1056.5908203125,154.23968505859375,1047.578369140625,162.9754638671875
2044,1,0.0,unknown,,,1032.159912109375,163.05307006835938,1041.7181396484375,155.29676818847656,1056.5908203125,154.23968505859375,1047.578369140625,162.9754638671875
2045,1,0.7231663465499878,left_down,0,25.369970321655273,1025.022705078125,178.7135009765625,1032.35498046875,166.01641845703125,1043.164794921875,160.97935485839844,1036.56884765625,175.2794189453125
2046,1,0.7231663465499878,left_down,0,27.63623046875,1020.0267333984375,189.67581176757812,1025.80078125,173.5201873779297,1033.7666015625,165.69712829589844,1028.8621826171875,183.89218139648438
2047,1,0.7231663465499878,left_down,0,30.287193298339844,1016.529541015625,197.34942626953125,1021.212890625,178.77281188964844,1027.1878662109375,168.99957275390625,1023.4674072265625,189.92111206054688
2048,1,0.7231663465499878,left_down,0,32.539791107177734,1014.08154296875,202.720947265625,1018.0013427734375,182.4496612548828,1022.582763671875,171.311279296875,1019.691162109375,194.141357421875
2049,1,0.7231663465499878,left_down,0,34.272193908691406,1012.367919921875,206.48101806640625,1015.7532958984375,185.02345275878906,1019.359130859375,172.92947387695312,1017.0477294921875,197.09552001953125
2050,1,0.6667650938034058,down,0,32.14208984375,1017.8119506835938,207.86526489257812,1018.3795166015625,187.45651245117188,1017.6617431640625,175.72352600097656,1018.5708618164062,199.25299072265625
2051,1,0.6667650938034058,right_down,0,31.577533721923828,1021.622802734375,208.834228515625,1020.2178955078125,189.15965270996094,1016.4735107421875,177.6793670654297,1019.6370239257812,200.76321411132812
2052,1,0.6667650938034058,right_down,0,31.66790008544922,1024.290283203125,209.51251220703125,1021.5047607421875,190.3518524169922,1015.6417236328125,179.0484619140625,1020.3833618164062,201.82037353515625
2053,1,0.6667650938034058,right_down,0,31.968664169311523,1026.1575927734375,209.9873046875,1022.405517578125,191.18638610839844,1015.0595703125,180.00682067871094,1020.9058227539062,202.56039428710938
2054,1,0.0,unknown,,,1026.1575927734375,209.9873046875,1022.405517578125,191.18638610839844,1015.0595703125,180.00682067871094,1020.9058227539062,202.56039428710938
2055,1,0.7256059050559998,right_down,0,32.99662399291992,1025.90869140625,217.00840759277344,1023.6402587890625,197.1588134765625,1014.8382568359375,185.92428588867188,1020.5625610351562,208.27859497070312
2056,1,0.7256059050559998,right_down,0,33.71902847290039,1025.734375,221.92318725585938,1024.504638671875,201.33950805664062,1014.683349609375,190.06651306152344,1020.322265625,212.28134155273438
2057,1,0.7256059050559998,right_down,0,34.22603225708008,1025.6124267578125,225.363525390625,1025.1097412109375,204.2659912109375,1014.574951171875,192.966064453125,1020.154052734375,215.08326721191406
2058,1,0.7256059050559998,right_down,0,34.581581115722656,1025.527099609375,227.7717742919922,1025.533203125,206.31454467773438,1014.4990234375,194.99575805664062,1020.0363159179688,217.04461669921875
2059,1,0.7256059050559998,right_down,0,34.83072280883789,1025.46728515625,229.45755004882812,1025.8297119140625,207.74853515625,1014.4459228515625,196.41653442382812,1019.953857421875,218.4175567626953
2060,1,0.7858285903930664,right_down,0,27.32834815979004,1025.3914794921875,234.67303466796875,1023.65234375,217.2267608642578,1011.687255859375,211.02915954589844,1019.1365966796875,227.61358642578125
2061,1,0.7858285903930664,right_down,0,23.10945701599121,1025.33837890625,238.3238525390625,1022.128173828125,223.8615264892578,1009.7562255859375,221.25799560546875,1018.5645141601562,234.05081176757812
2062,1,0.7858285903930664,right_down,0,20.99490737915039,1025.30126953125,240.87942504882812,1021.0612182617188,228.505859375,1008.4044189453125,228.41818237304688,1018.1640625,238.55685424804688
2063,1,0.7858285903930664,right_down,0,20.069665908813477,1025.2752685546875,242.6683349609375,1020.3143920898438,231.75689697265625,1007.4581298828125,233.43031311035156,1017.8837280273438,241.71109008789062
2064,1,0.7858285903930664,right_down,0,19.737396240234375,1025.257080078125,243.92056274414062,1019.7916259765625,234.03262329101562,1006.7957763671875,236.9387969970703,1017.6875,243.91903686523438
2065,1,0.5290126204490662,right_down,0,11.859935760498047,1012.6422119140625,255.38711547851562,1011.6098022460938,244.91912841796875,1005.6671142578125,245.79513549804688,1011.162841796875,253.76370239257812
2066,1,0.5290126204490662,left_down,0,11.468743324279785,1003.811767578125,263.4137268066406,1005.8825073242188,252.53968811035156,1004.8770751953125,251.99456787109375,1006.5955810546875,260.65496826171875
2067,1,0.5290126204490662,left_down,0,14.35431957244873,997.6304931640625,269.0323486328125,1001.8734130859375,257.87408447265625,1004.323974609375,256.33416748046875,1003.3984375,265.4788818359375
2068,1,0.5290126204490662,left_down,0,17.258344650268555,993.3035888671875,272.96539306640625,999.0670776367188,261.608154296875,1003.9368896484375,259.37188720703125,1001.1605224609375,268.8555908203125
2069,1,0.5290126204490662,left_down,0,19.532957077026367,990.2747802734375,275.718505859375,997.1026000976562,264.22198486328125,1003.6658935546875,261.498291015625,999.593994140625,271.21929931640625
2070,1,0.34442126750946045,left_down,0,20.4576473236084,980.8291015625,283.23602294921875,989.2825927734375,271.93524169921875,997.0671997070312,270.7925720214844,990.3370971679688,280.260986328125
2071,1,0.34442126750946045,left_down,0,21.396289825439453,974.2171630859375,288.498291015625,983.80859375,277.33453369140625,992.4481201171875,277.298583984375,983.8572998046875,286.59014892578125
2072,1,0.34442126750946045,left_down,0,22.17812728881836,969.5888061523438,292.181884765625,979.976806640625,281.1140441894531,989.2147827148438,281.852783203125,979.3214111328125,291.02056884765625
2073,1,0.34442126750946045,left_down,0,22.780122756958008,966.3489379882812,294.7603759765625,977.2945556640625,283.75970458984375,986.951416015625,285.04071044921875,976.1463012695312,294.12188720703125
2074,1,0.34442126750946045,left_down,0,23.22617530822754,964.0810546875,296.5653381347656,975.4169921875,285.6116638183594,985.3670654296875,287.27227783203125,973.9237670898438,296.29278564453125
2075,1,0.0,unknown,,,964.0810546875,296.5653381347656,975.4169921875,285.6116638183594,985.3670654296875,287.27227783203125,973.9237670898438,296.29278564453125
2076,1,0.0,unknown,,,964.0810546875,296.5653381347656,975.4169921875,285.6116638183594,985.3670654296875,287.27227783203125,973.9237670898438,296.29278564453125
2077,1,0.0,unknown,,,964.0810546875,296.5653381347656,975.4169921875,285.6116638183594,985.3670654296875,287.27227783203125,973.9237670898438,296.29278564453125
2078,1,0.0,unknown,,,964.0810546875,296.5653381347656,975.4169921875,285.6116638183594,985.3670654296875,287.27227783203125,973.9237670898438,296.29278564453125
2079,1,0.0,unknown,,,964.0810546875,296.5653381347656,975.4169921875,285.6116638183594,985.3670654296875,287.27227783203125,973.9237670898438,296.29278564453125
2080,1,0.28640463948249817,left_down,0,17.04590606689453,960.2996826171875,314.11383056640625,969.4873046875,304.50811767578125,976.723388671875,309.5504150390625,967.1895751953125,315.36163330078125
2081,1,0.28640463948249817,left_down,0,13.08020305633545,957.6527099609375,326.3977966308594,965.3365478515625,317.7356262207031,970.6727905273438,325.1451110839844,962.4756469726562,328.7098388671875
2082,1,0.0,unknown,,,957.6527099609375,326.3977966308594,965.3365478515625,317.7356262207031,970.6727905273438,325.1451110839844,962.4756469726562,328.7098388671875
2083,1,0.0,unknown,,,957.6527099609375,326.3977966308594,965.3365478515625,317.7356262207031,970.6727905273438,325.1451110839844,962.4756469726562,328.7098388671875
2084,1,0.0,unknown,,,957.6527099609375,326.3977966308594,965.3365478515625,317.7356262207031,970.6727905273438,325.1451110839844,962.4756469726562,328.7098388671875
2085,1,0.0,unknown,,,957.6527099609375,326.3977966308594,965.3365478515625,317.7356262207031,970.6727905273438,325.1451110839844,962.4756469726562,328.7098388671875
2086,1,0.0,unknown,,,957.6527099609375,326.3977966308594,965.3365478515625,317.7356262207031,970.6727905273438,325.1451110839844,962.4756469726562,328.7098388671875
2087,1,0.0,unknown,,,957.6527099609375,326.3977966308594,965.3365478515625,317.7356262207031,970.6727905273438,325.1451110839844,962.4756469726562,328.7098388671875
2088,1,0.0,unknown,,,957.6527099609375,326.3977966308594,965.3365478515625,317.7356262207031,970.6727905273438,325.1451110839844,962.4756469726562,328.7098388671875
2089,1,0.0,unknown,,,957.6527099609375,326.3977966308594,965.3365478515625,317.7356262207031,970.6727905273438,325.1451110839844,962.4756469726562,328.7098388671875
2090,1,0.0,unknown,,,957.6527099609375,326.3977966308594,965.3365478515625,317.7356262207031,970.6727905273438,325.1451110839844,962.4756469726562,328.7098388671875
2091,1,0.0,unknown,,,957.6527099609375,326.3977966308594,965.3365478515625,317.7356262207031,970.6727905273438,325.1451110839844,962.4756469726562,328.7098388671875
2092,1,0.0,unknown,,,957.6527099609375,326.3977966308594,965.3365478515625,317.7356262207031,970.6727905273438,325.1451110839844,962.4756469726562,328.7098388671875
2093,1,0.0,unknown,,,957.6527099609375,326.3977966308594,965.3365478515625,317.7356262207031,970.6727905273438,325.1451110839844,962.4756469726562,328.7098388671875
2094,1,0.0,unknown,,,957.6527099609375,326.3977966308594,965.3365478515625,317.7356262207031,970.6727905273438,325.1451110839844,962.4756469726562,328.7098388671875
2095,1,0.0,unknown,,,957.6527099609375,326.3977966308594,965.3365478515625,317.7356262207031,970.6727905273438,325.1451110839844,962.4756469726562,328.7098388671875
2096,1,0.0,unknown,,,957.6527099609375,326.3977966308594,965.3365478515625,317.7356262207031,970.6727905273438,325.1451110839844,962.4756469726562,328.7098388671875
2097,1,0.0,unknown,,,957.6527099609375,326.3977966308594,965.3365478515625,317.7356262207031,970.6727905273438,325.1451110839844,962.4756469726562,328.7098388671875
2098,1,0.0,unknown,,,957.6527099609375,326.3977966308594,965.3365478515625,317.7356262207031,970.6727905273438,325.1451110839844,962.4756469726562,328.7098388671875
2099,1,0.0,unknown,,,957.6527099609375,326.3977966308594,965.3365478515625,317.7356262207031,970.6727905273438,325.1451110839844,962.4756469726562,328.7098388671875
2100,1,0.0,unknown,,,957.6527099609375,326.3977966308594,965.3365478515625,317.7356262207031,970.6727905273438,325.1451110839844,962.4756469726562,328.7098388671875
2101,1,0.0,unknown,,,957.6527099609375,326.3977966308594,965.3365478515625,317.7356262207031,970.6727905273438,325.1451110839844,962.4756469726562,328.7098388671875
2102,1,0.0,unknown,,,957.6527099609375,326.3977966308594,965.3365478515625,317.7356262207031,970.6727905273438,325.1451110839844,962.4756469726562,328.7098388671875
2103,1,0.0,unknown,,,957.6527099609375,326.3977966308594,965.3365478515625,317.7356262207031,970.6727905273438,325.1451110839844,962.4756469726562,328.7098388671875
2104,1,0.0,unknown,,,957.6527099609375,326.3977966308594,965.3365478515625,317.7356262207031,970.6727905273438,325.1451110839844,962.4756469726562,328.7098388671875
2105,1,0.0,unknown,,,957.6527099609375,326.3977966308594,965.3365478515625,317.7356262207031,970.6727905273438,325.1451110839844,962.4756469726562,328.7098388671875
2106,1,0.0,unknown,,,957.6527099609375,326.3977966308594,965.3365478515625,317.7356262207031,970.6727905273438,325.1451110839844,962.4756469726562,328.7098388671875
2107,1,0.0,unknown,,,957.6527099609375,326.3977966308594,965.3365478515625,317.7356262207031,970.6727905273438,325.1451110839844,962.4756469726562,328.7098388671875
2108,1,0.0,unknown,,,957.6527099609375,326.3977966308594,965.3365478515625,317.7356262207031,970.6727905273438,325.1451110839844,962.4756469726562,328.7098388671875
2109,1,0.0,unknown,,,957.6527099609375,326.3977966308594,965.3365478515625,317.7356262207031,970.6727905273438,325.1451110839844,962.4756469726562,328.7098388671875
2110,1,0.0,unknown,,,957.6527099609375,326.3977966308594,965.3365478515625,317.7356262207031,970.6727905273438,325.1451110839844,962.4756469726562,328.7098388671875
2111,1,0.0,unknown,,,957.6527099609375,326.3977966308594,965.3365478515625,317.7356262207031,970.6727905273438,325.1451110839844,962.4756469726562,328.7098388671875
2112,1,0.0,unknown,,,957.6527099609375,326.3977966308594,965.3365478515625,317.7356262207031,970.6727905273438,325.1451110839844,962.4756469726562,328.7098388671875
2113,1,0.0,unknown,,,957.6527099609375,326.3977966308594,965.3365478515625,317.7356262207031,970.6727905273438,325.1451110839844,962.4756469726562,328.7098388671875
2114,1,0.0,unknown,,,957.6527099609375,326.3977966308594,965.3365478515625,317.7356262207031,970.6727905273438,325.1451110839844,962.4756469726562,328.7098388671875
2115,1,0.0,unknown,,,957.6527099609375,326.3977966308594,965.3365478515625,317.7356262207031,970.6727905273438,325.1451110839844,962.4756469726562,328.7098388671875
2116,1,0.0,unknown,,,957.6527099609375,326.3977966308594,965.3365478515625,317.7356262207031,970.6727905273438,325.1451110839844,962.4756469726562,328.7098388671875
2117,1,0.0,unknown,,,957.6527099609375,326.3977966308594,965.3365478515625,317.7356262207031,970.6727905273438,325.1451110839844,962.4756469726562,328.7098388671875
2118,1,0.0,unknown,,,957.6527099609375,326.3977966308594,965.3365478515625,317.7356262207031,970.6727905273438,325.1451110839844,962.4756469726562,328.7098388671875
2119,1,0.0,unknown,,,957.6527099609375,326.3977966308594,965.3365478515625,317.7356262207031,970.6727905273438,325.1451110839844,962.4756469726562,328.7098388671875
2120,1,0.42526209354400635,down,0,2.2287845611572266,1039.944580078125,394.0216064453125,1041.9296875,384.5728454589844,1040.265869140625,391.81610107421875,1039.832763671875,396.96728515625
2121,1,0.42526209354400635,right_down,0,9.036458015441895,1097.548828125,441.3582763671875,1095.5447998046875,431.35888671875,1088.9810791015625,438.48577880859375,1093.982666015625,444.74749755859375
2122,1,0.42526209354400635,right_down,0,15.162466049194336,1137.871826171875,474.4939270019531,1133.075439453125,464.109130859375,1123.0816650390625,471.154541015625,1131.8876953125,478.1936340332031
2123,1,0.42526209354400635,right_down,0,19.493616104125977,1166.097900390625,497.68890380859375,1159.3468017578125,487.0343017578125,1146.9521484375,494.0226745605469,1158.421142578125,501.6059265136719
2124,1,0.42526209354400635,right_down,0,22.533889770507812,1185.856201171875,513.9254150390625,1177.73681640625,503.0819091796875,1163.6614990234375,510.0303649902344,1176.99462890625,517.9945068359375
2125,1,0.0,unknown,,,1185.856201171875,513.9254150390625,1177.73681640625,503.0819091796875,1163.6614990234375,510.0303649902344,1176.99462890625,517.9945068359375
2126,1,0.0,unknown,,,1185.856201171875,513.9254150390625,1177.73681640625,503.0819091796875,1163.6614990234375,510.0303649902344,1176.99462890625,517.9945068359375
2127,1,0.0,unknown,,,1185.856201171875,513.9254150390625,1177.73681640625,503.0819091796875,1163.6614990234375,510.0303649902344,1176.99462890625,517.9945068359375
2128,1,0.0,unknown,,,1185.856201171875,513.9254150390625,1177.73681640625,503.0819091796875,1163.6614990234375,510.0303649902344,1176.99462890625,517.9945068359375
2129,1,0.0,unknown,,,1185.856201171875,513.9254150390625,1177.73681640625,503.0819091796875,1163.6614990234375,510.0303649902344,1176.99462890625,517.9945068359375
2130,1,0.0,unknown,,,1185.856201171875,513.9254150390625,1177.73681640625,503.0819091796875,1163.6614990234375,510.0303649902344,1176.99462890625,517.9945068359375
2131,1,0.0,unknown,,,1185.856201171875,513.9254150390625,1177.73681640625,503.0819091796875,1163.6614990234375,510.0303649902344,1176.99462890625,517.9945068359375
2132,1,0.0,unknown,,,1185.856201171875,513.9254150390625,1177.73681640625,503.0819091796875,1163.6614990234375,510.0303649902344,1176.99462890625,517.9945068359375
2133,1,0.0,unknown,,,1185.856201171875,513.9254150390625,1177.73681640625,503.0819091796875,1163.6614990234375,510.0303649902344,1176.99462890625,517.9945068359375
2134,1,0.0,unknown,,,1185.856201171875,513.9254150390625,1177.73681640625,503.0819091796875,1163.6614990234375,510.0303649902344,1176.99462890625,517.9945068359375
2135,1,0.0,unknown,,,1185.856201171875,513.9254150390625,1177.73681640625,503.0819091796875,1163.6614990234375,510.0303649902344,1176.99462890625,517.9945068359375
2136,1,0.0,unknown,,,1185.856201171875,513.9254150390625,1177.73681640625,503.0819091796875,1163.6614990234375,510.0303649902344,1176.99462890625,517.9945068359375
2137,1,0.0,unknown,,,1185.856201171875,513.9254150390625,1177.73681640625,503.0819091796875,1163.6614990234375,510.0303649902344,1176.99462890625,517.9945068359375
2138,1,0.0,unknown,,,1185.856201171875,513.9254150390625,1177.73681640625,503.0819091796875,1163.6614990234375,510.0303649902344,1176.99462890625,517.9945068359375
2139,1,0.0,unknown,,,1185.856201171875,513.9254150390625,1177.73681640625,503.0819091796875,1163.6614990234375,510.0303649902344,1176.99462890625,517.9945068359375
2140,1,0.0,unknown,,,1185.856201171875,513.9254150390625,1177.73681640625,503.0819091796875,1163.6614990234375,510.0303649902344,1176.99462890625,517.9945068359375
2141,1,0.0,unknown,,,1185.856201171875,513.9254150390625,1177.73681640625,503.0819091796875,1163.6614990234375,510.0303649902344,1176.99462890625,517.9945068359375
2142,1,0.0,unknown,,,1185.856201171875,513.9254150390625,1177.73681640625,503.0819091796875,1163.6614990234375,510.0303649902344,1176.99462890625,517.9945068359375
2143,1,0.0,unknown,,,1185.856201171875,513.9254150390625,1177.73681640625,503.0819091796875,1163.6614990234375,510.0303649902344,1176.99462890625,517.9945068359375
2144,1,0.0,unknown,,,1185.856201171875,513.9254150390625,1177.73681640625,503.0819091796875,1163.6614990234375,510.0303649902344,1176.99462890625,517.9945068359375
2145,1,0.0,unknown,,,1185.856201171875,513.9254150390625,1177.73681640625,503.0819091796875,1163.6614990234375,510.0303649902344,1176.99462890625,517.9945068359375
2146,1,0.0,unknown,,,1185.856201171875,513.9254150390625,1177.73681640625,503.0819091796875,1163.6614990234375,510.0303649902344,1176.99462890625,517.9945068359375
2147,1,0.0,unknown,,,1185.856201171875,513.9254150390625,1177.73681640625,503.0819091796875,1163.6614990234375,510.0303649902344,1176.99462890625,517.9945068359375
2148,1,0.0,unknown,,,1185.856201171875,513.9254150390625,1177.73681640625,503.0819091796875,1163.6614990234375,510.0303649902344,1176.99462890625,517.9945068359375
2149,1,0.0,unknown,,,1185.856201171875,513.9254150390625,1177.73681640625,503.0819091796875,1163.6614990234375,510.0303649902344,1176.99462890625,517.9945068359375
2150,1,0.2984202802181244,right_down,0,20.231510162353516,1211.568115234375,531.2825927734375,1206.107421875,517.9912109375,1194.433837890625,520.5247802734375,1204.3099365234375,532.7947387695312
2151,1,0.2984202802181244,right_down,0,20.661853790283203,1229.5665283203125,543.4326171875,1225.966796875,528.427734375,1215.9744873046875,527.870849609375,1223.4306640625,543.1549072265625
2152,1,0.2984202802181244,right_down,0,21.945903778076172,1242.1654052734375,551.9376220703125,1239.868408203125,535.7333374023438,1231.052978515625,533.0131225585938,1236.8150634765625,550.4070434570312
2153,1,0.2984202802181244,right_down,0,23.252788543701172,1250.984619140625,557.89111328125,1249.5994873046875,540.8472900390625,1241.60791015625,536.6127319335938,1246.1842041015625,555.4835205078125
2154,1,0.2984202802181244,right_down,0,24.335617065429688,1257.1580810546875,562.05859375,1256.4111328125,544.427001953125,1248.996337890625,539.1324462890625,1252.7425537109375,559.0370483398438
2155,1,0.397868275642395,right_down,0,25.99907112121582,1253.0906982421875,570.0628051757812,1257.7366943359375,551.4556274414062,1251.788330078125,544.0963745117188,1252.962890625,565.7136840820312
2156,1,0.397868275642395,left_down,0,28.31167221069336,1250.2435302734375,575.665771484375,1258.66455078125,556.3756713867188,1253.74267578125,547.5711669921875,1253.1170654296875,570.3873291015625
2157,1,0.397868275642395,left_down,0,30.369335174560547,1248.25048828125,579.5878295898438,1259.3140869140625,559.8197021484375,1255.1107177734375,550.0034790039062,1253.2249755859375,573.6588745117188
2158,1,0.397868275642395,left_down,0,31.982824325561523,1246.8553466796875,582.333251953125,1259.768798828125,562.2305297851562,1256.068359375,551.7061157226562,1253.300537109375,575.948974609375
2159,1,0.397868275642395,left_down,0,33.18445587158203,1245.8787841796875,584.2550659179688,1260.0870361328125,563.9180908203125,1256.73876953125,552.89794921875,1253.3533935546875,577.552001953125
2160,1,0.5417923927307129,left_down,0,33.23114776611328,1236.63623046875,593.4408569335938,1250.39453125,574.261962890625,1251.637939453125,563.78857421875,1246.3583984375,587.1488037109375
2161,1,0.5417923927307129,left_down,0,33.620704650878906,1230.16650390625,599.8709106445312,1243.60986328125,581.502685546875,1248.0673828125,571.4119873046875,1241.4619140625,593.8665161132812
2162,1,0.5417923927307129,left_down,0,34.06295394897461,1225.6376953125,604.3719482421875,1238.860595703125,586.5711669921875,1245.568115234375,576.7483520507812,1238.034423828125,598.5689086914062
2163,1,0.5417923927307129,left_down,0,34.452423095703125,1222.467529296875,607.522705078125,1235.5360107421875,590.119140625,1243.818603515625,580.4838256835938,1235.6351318359375,601.860595703125
2164,1,0.5417923927307129,left_down,0,34.762901306152344,1220.2484130859375,609.7282104492188,1233.2088623046875,592.6027221679688,1242.593994140625,583.0986328125,1233.95556640625,604.164794921875
2165,1,0.6254412531852722,left_down,0,11.39881706237793,1229.8505859375,592.4307861328125,1236.240966796875,582.9913330078125,1237.1038818359375,583.637451171875,1237.496826171875,592.9678955078125
2166,1,0.6254412531852722,right_up,0,4.959400177001953,1236.572021484375,580.322509765625,1238.363525390625,576.2633666992188,1233.2608642578125,584.0146484375,1239.9755859375,585.1300659179688
2167,1,0.6254412531852722,right_up,0,16.406728744506836,1241.277099609375,571.8467407226562,1239.8492431640625,571.5537719726562,1230.5706787109375,584.2786865234375,1241.7108154296875,579.6436157226562
2168,1,0.6254412531852722,right_up,0,24.420621871948242,1244.5706787109375,565.9136962890625,1240.8892822265625,568.257080078125,1228.6876220703125,584.4635009765625,1242.925537109375,575.8031005859375
2169,1,0.6254412531852722,right_up,0,30.0303955078125,1246.8760986328125,561.7606201171875,1241.6173095703125,565.9493408203125,1227.369384765625,584.5928955078125,1243.7757568359375,573.11474609375
2170,1,0.0,unknown,,,1246.8760986328125,561.7606201171875,1241.6173095703125,565.9493408203125,1227.369384765625,584.5928955078125,1243.7757568359375,573.11474609375
2171,1,0.0,unknown,,,1246.8760986328125,561.7606201171875,1241.6173095703125,565.9493408203125,1227.369384765625,584.5928955078125,1243.7757568359375,573.11474609375
2172,1,0.0,unknown,,,1246.8760986328125,561.7606201171875,1241.6173095703125,565.9493408203125,1227.369384765625,584.5928955078125,1243.7757568359375,573.11474609375
2173,1,0.0,unknown,,,1246.8760986328125,561.7606201171875,1241.6173095703125,565.9493408203125,1227.369384765625,584.5928955078125,1243.7757568359375,573.11474609375
2174,1,0.0,unknown,,,1246.8760986328125,561.7606201171875,1241.6173095703125,565.9493408203125,1227.369384765625,584.5928955078125,1243.7757568359375,573.11474609375
2175,1,0.0,unknown,,,1246.8760986328125,561.7606201171875,1241.6173095703125,565.9493408203125,1227.369384765625,584.5928955078125,1243.7757568359375,573.11474609375
2176,1,0.0,unknown,,,1246.8760986328125,561.7606201171875,1241.6173095703125,565.9493408203125,1227.369384765625,584.5928955078125,1243.7757568359375,573.11474609375
2177,1,0.0,unknown,,,1246.8760986328125,561.7606201171875,1241.6173095703125,565.9493408203125,1227.369384765625,584.5928955078125,1243.7757568359375,573.11474609375
2178,1,0.0,unknown,,,1246.8760986328125,561.7606201171875,1241.6173095703125,565.9493408203125,1227.369384765625,584.5928955078125,1243.7757568359375,573.11474609375
2179,1,0.0,unknown,,,1246.8760986328125,561.7606201171875,1241.6173095703125,565.9493408203125,1227.369384765625,584.5928955078125,1243.7757568359375,573.11474609375
2180,1,0.7351728677749634,up,0,12.464082717895508,1232.175048828125,582.9310913085938,1235.0721435546875,582.8711547851562,1232.351806640625,595.3939208984375,1238.219970703125,591.6591796875
2181,1,0.7351728677749634,left_up,0,14.893781661987305,1221.8843994140625,597.7504272460938,1230.490478515625,594.7164306640625,1235.83935546875,602.9546508789062,1234.3309326171875,604.6402587890625
2182,1,0.7351728677749634,left,0,23.600175857543945,1214.680908203125,608.1239624023438,1227.283447265625,603.0081176757812,1238.28076171875,608.2471923828125,1231.608642578125,613.72705078125
2183,1,0.7351728677749634,left_down,0,30.544904708862305,1209.638427734375,615.3854370117188,1225.0384521484375,608.8123168945312,1239.98974609375,611.9519653320312,1229.7030029296875,620.0877685546875
2184,1,0.7351728677749634,left_down,0,35.57386016845703,1206.1087646484375,620.468505859375,1223.467041015625,612.875244140625,1241.18603515625,614.5452880859375,1228.369140625,624.540283203125
2185,1,0.38626009225845337,left_up,0,20.564056396484375,1220.03125,612.0777587890625,1231.5245361328125,608.7544555664062,1240.0517578125,616.7745361328125,1234.883056640625,616.190185546875
2186,1,0.38626009225845337,left_up,0,15.396109580993652,1229.7769775390625,606.2042236328125,1237.164794921875,605.869873046875,1239.2576904296875,618.3350219726562,1239.44287109375,610.3451538085938
2187,1,0.38626009225845337,left_up,0,17.46168327331543,1236.5989990234375,602.0927734375,1241.1129150390625,603.8507080078125,1238.701904296875,619.4273681640625,1242.6346435546875,606.2536010742188
2188,1,0.38626009225845337,right_up,0,21.199541091918945,1241.3743896484375,599.2147216796875,1243.876708984375,602.437255859375,1238.312744140625,620.1920166015625,1244.868896484375,603.3895263671875
2189,1,0.38626009225845337,right_up,1,24.45627212524414,1244.7171630859375,597.2000732421875,1245.811279296875,601.4478759765625,1238.0404052734375,620.727294921875,1246.432861328125,601.3846435546875
2190,1,0.0,unknown,,,1244.7171630859375,597.2000732421875,1245.811279296875,601.4478759765625,1238.0404052734375,620.727294921875,1246.432861328125,601.3846435546875
2191,1,0.0,unknown,,,1244.7171630859375,597.2000732421875,1245.811279296875,601.4478759765625,1238.0404052734375,620.727294921875,1246.432861328125,601.3846435546875
2192,1,0.0,unknown,,,1244.7171630859375,597.2000732421875,1245.811279296875,601.4478759765625,1238.0404052734375,620.727294921875,1246.432861328125,601.3846435546875
2193,1,0.0,unknown,,,1244.7171630859375,597.2000732421875,1245.811279296875,601.4478759765625,1238.0404052734375,620.727294921875,1246.432861328125,601.3846435546875
2194,1,0.0,unknown,,,1244.7171630859375,597.2000732421875,1245.811279296875,601.4478759765625,1238.0404052734375,620.727294921875,1246.432861328125,601.3846435546875
2195,1,0.0,unknown,,,1244.7171630859375,597.2000732421875,1245.811279296875,601.4478759765625,1238.0404052734375,620.727294921875,1246.432861328125,601.3846435546875
2196,1,0.0,unknown,,,1244.7171630859375,597.2000732421875,1245.811279296875,601.4478759765625,1238.0404052734375,620.727294921875,1246.432861328125,601.3846435546875
2197,1,0.0,unknown,,,1244.7171630859375,597.2000732421875,1245.811279296875,601.4478759765625,1238.0404052734375,620.727294921875,1246.432861328125,601.3846435546875
2198,1,0.0,unknown,,,1244.7171630859375,597.2000732421875,1245.811279296875,601.4478759765625,1238.0404052734375,620.727294921875,1246.432861328125,601.3846435546875
2199,1,0.0,unknown,,,1244.7171630859375,597.2000732421875,1245.811279296875,601.4478759765625,1238.0404052734375,620.727294921875,1246.432861328125,601.3846435546875
2200,1,0.0,unknown,,,1244.7171630859375,597.2000732421875,1245.811279296875,601.4478759765625,1238.0404052734375,620.727294921875,1246.432861328125,601.3846435546875
2201,1,0.0,unknown,,,1244.7171630859375,597.2000732421875,1245.811279296875,601.4478759765625,1238.0404052734375,620.727294921875,1246.432861328125,601.3846435546875
2202,1,0.0,unknown,,,1244.7171630859375,597.2000732421875,1245.811279296875,601.4478759765625,1238.0404052734375,620.727294921875,1246.432861328125,601.3846435546875
2203,1,0.0,unknown,,,1244.7171630859375,597.2000732421875,1245.811279296875,601.4478759765625,1238.0404052734375,620.727294921875,1246.432861328125,601.3846435546875
2204,1,0.0,unknown,,,1244.7171630859375,597.2000732421875,1245.811279296875,601.4478759765625,1238.0404052734375,620.727294921875,1246.432861328125,601.3846435546875
2205,1,0.0,unknown,,,1244.7171630859375,597.2000732421875,1245.811279296875,601.4478759765625,1238.0404052734375,620.727294921875,1246.432861328125,601.3846435546875
2206,1,0.0,unknown,,,1244.7171630859375,597.2000732421875,1245.811279296875,601.4478759765625,1238.0404052734375,620.727294921875,1246.432861328125,601.3846435546875
2207,1,0.0,unknown,,,1244.7171630859375,597.2000732421875,1245.811279296875,601.4478759765625,1238.0404052734375,620.727294921875,1246.432861328125,601.3846435546875
2208,1,0.0,unknown,,,1244.7171630859375,597.2000732421875,1245.811279296875,601.4478759765625,1238.0404052734375,620.727294921875,1246.432861328125,601.3846435546875
2209,1,0.0,unknown,,,1244.7171630859375,597.2000732421875,1245.811279296875,601.4478759765625,1238.0404052734375,620.727294921875,1246.432861328125,601.3846435546875
2210,1,0.0,unknown,,,1244.7171630859375,597.2000732421875,1245.811279296875,601.4478759765625,1238.0404052734375,620.727294921875,1246.432861328125,601.3846435546875
2211,1,0.0,unknown,,,1244.7171630859375,597.2000732421875,1245.811279296875,601.4478759765625,1238.0404052734375,620.727294921875,1246.432861328125,601.3846435546875
2212,1,0.0,unknown,,,1244.7171630859375,597.2000732421875,1245.811279296875,601.4478759765625,1238.0404052734375,620.727294921875,1246.432861328125,601.3846435546875
2213,1,0.0,unknown,,,1244.7171630859375,597.2000732421875,1245.811279296875,601.4478759765625,1238.0404052734375,620.727294921875,1246.432861328125,601.3846435546875
2214,1,0.0,unknown,,,1244.7171630859375,597.2000732421875,1245.811279296875,601.4478759765625,1238.0404052734375,620.727294921875,1246.432861328125,601.3846435546875
2215,1,0.0,unknown,,,1244.7171630859375,597.2000732421875,1245.811279296875,601.4478759765625,1238.0404052734375,620.727294921875,1246.432861328125,601.3846435546875
2216,1,0.0,unknown,,,1244.7171630859375,597.2000732421875,1245.811279296875,601.4478759765625,1238.0404052734375,620.727294921875,1246.432861328125,601.3846435546875
2217,1,0.0,unknown,,,1244.7171630859375,597.2000732421875,1245.811279296875,601.4478759765625,1238.0404052734375,620.727294921875,1246.432861328125,601.3846435546875
2218,1,0.0,unknown,,,1244.7171630859375,597.2000732421875,1245.811279296875,601.4478759765625,1238.0404052734375,620.727294921875,1246.432861328125,601.3846435546875
2219,1,0.0,unknown,,,1244.7171630859375,597.2000732421875,1245.811279296875,601.4478759765625,1238.0404052734375,620.727294921875,1246.432861328125,601.3846435546875
2220,1,0.0,unknown,,,1244.7171630859375,597.2000732421875,1245.811279296875,601.4478759765625,1238.0404052734375,620.727294921875,1246.432861328125,601.3846435546875
2221,1,0.0,unknown,,,1244.7171630859375,597.2000732421875,1245.811279296875,601.4478759765625,1238.0404052734375,620.727294921875,1246.432861328125,601.3846435546875
2222,1,0.0,unknown,,,1244.7171630859375,597.2000732421875,1245.811279296875,601.4478759765625,1238.0404052734375,620.727294921875,1246.432861328125,601.3846435546875
2223,1,0.0,unknown,,,1244.7171630859375,597.2000732421875,1245.811279296875,601.4478759765625,1238.0404052734375,620.727294921875,1246.432861328125,601.3846435546875
2224,1,0.0,unknown,,,1244.7171630859375,597.2000732421875,1245.811279296875,601.4478759765625,1238.0404052734375,620.727294921875,1246.432861328125,601.3846435546875
2225,1,0.0,unknown,,,1244.7171630859375,597.2000732421875,1245.811279296875,601.4478759765625,1238.0404052734375,620.727294921875,1246.432861328125,601.3846435546875
2226,1,0.0,unknown,,,1244.7171630859375,597.2000732421875,1245.811279296875,601.4478759765625,1238.0404052734375,620.727294921875,1246.432861328125,601.3846435546875
2227,1,0.0,unknown,,,1244.7171630859375,597.2000732421875,1245.811279296875,601.4478759765625,1238.0404052734375,620.727294921875,1246.432861328125,601.3846435546875
2228,1,0.0,unknown,,,1244.7171630859375,597.2000732421875,1245.811279296875,601.4478759765625,1238.0404052734375,620.727294921875,1246.432861328125,601.3846435546875
2229,1,0.0,unknown,,,1244.7171630859375,597.2000732421875,1245.811279296875,601.4478759765625,1238.0404052734375,620.727294921875,1246.432861328125,601.3846435546875
2230,1,0.7521669268608093,right_up,0,32.307037353515625,1230.591064453125,537.4376220703125,1223.0897216796875,542.0154418945312,1213.76806640625,565.0189819335938,1226.9078369140625,545.280517578125
2231,1,0.7521669268608093,right_up,0,38.70088577270508,1220.702880859375,495.60394287109375,1207.1845703125,500.4127197265625,1196.77734375,526.0231323242188,1213.240234375,506.0076599121094
2232,1,0.7521669268608093,right_up,0,43.418643951416016,1213.7811279296875,466.32037353515625,1196.051025390625,471.29083251953125,1184.8839111328125,498.72607421875,1203.6729736328125,478.51666259765625
2233,1,0.7521669268608093,right_up,0,46.802608489990234,1208.9359130859375,445.8218688964844,1188.257568359375,450.9054870605469,1176.5584716796875,479.61810302734375,1196.975830078125,459.2729797363281
2234,1,0.7521669268608093,right_up,0,49.20269012451172,1205.544189453125,431.4729309082031,1182.8021240234375,436.6357727050781,1170.730712890625,466.2425537109375,1192.287841796875,445.8023986816406
2235,1,0.8042243123054504,right_up,0,47.78917694091797,1202.9378662109375,413.85467529296875,1181.52734375,417.570556640625,1165.7703857421875,443.8943786621094,1188.956298828125,428.33392333984375
2236,1,0.8042243123054504,right_up,0,47.12816619873047,1201.113525390625,401.52191162109375,1180.635009765625,404.2248840332031,1162.298095703125,428.25067138671875,1186.624267578125,416.1059875488281
2237,1,0.8042243123054504,right_up,0,46.833866119384766,1199.83642578125,392.88897705078125,1180.0103759765625,394.8829345703125,1159.8675537109375,417.300048828125,1184.99169921875,407.54644775390625
2238,1,0.8042243123054504,right_up,0,46.7121696472168,1198.9425048828125,386.8459167480469,1179.5731201171875,388.34356689453125,1158.166259765625,409.6346130371094,1183.8489990234375,401.55474853515625
2239,1,0.8042243123054504,right_up,0,46.66870880126953,1198.3167724609375,382.61578369140625,1179.2669677734375,383.7659912109375,1156.975341796875,404.2688293457031,1183.049072265625,397.3605651855469
2240,1,0.0,unknown,,,1198.3167724609375,382.61578369140625,1179.2669677734375,383.7659912109375,1156.975341796875,404.2688293457031,1183.049072265625,397.3605651855469
2241,1,0.0,unknown,,,1198.3167724609375,382.61578369140625,1179.2669677734375,383.7659912109375,1156.975341796875,404.2688293457031,1183.049072265625,397.3605651855469
2242,1,0.0,unknown,,,1198.3167724609375,382.61578369140625,1179.2669677734375,383.7659912109375,1156.975341796875,404.2688293457031,1183.049072265625,397.3605651855469
2243,1,0.0,unknown,,,1198.3167724609375,382.61578369140625,1179.2669677734375,383.7659912109375,1156.975341796875,404.2688293457031,1183.049072265625,397.3605651855469
2244,1,0.0,unknown,,,1198.3167724609375,382.61578369140625,1179.2669677734375,383.7659912109375,1156.975341796875,404.2688293457031,1183.049072265625,397.3605651855469
2245,1,0.528915286064148,right_up,0,28.776872634887695,1191.8544921875,381.4989318847656,1181.9774169921875,380.7761535644531,1167.5906982421875,396.9707336425781,1183.825927734375,393.59967041015625
2246,1,0.528915286064148,right_up,0,16.605178833007812,1187.3309326171875,380.7171325683594,1183.874755859375,378.6832580566406,1175.021484375,391.862060546875,1184.369873046875,390.967041015625
2247,1,0.528915286064148,right_up,0,9.022584915161133,1184.1644287109375,380.16986083984375,1185.202880859375,377.2182312011719,1180.222900390625,388.2859802246094,1184.75048828125,389.1241760253906
2248,1,0.528915286064148,left_up,0,6.294672012329102,1181.9478759765625,379.7867736816406,1186.132568359375,376.1927185058594,1183.864013671875,385.78271484375,1185.0169677734375,387.8341979980469
2249,1,0.528915286064148,left_up,0,7.520172119140625,1180.3963623046875,379.51861572265625,1186.7833251953125,375.474853515625,1186.4127197265625,384.0304260253906,1185.2034912109375,386.93121337890625
2250,1,0.0,unknown,,,1180.3963623046875,379.51861572265625,1186.7833251953125,375.474853515625,1186.4127197265625,384.0304260253906,1185.2034912109375,386.93121337890625
2251,1,0.0,unknown,,,1180.3963623046875,379.51861572265625,1186.7833251953125,375.474853515625,1186.4127197265625,384.0304260253906,1185.2034912109375,386.93121337890625
2252,1,0.0,unknown,,,1180.3963623046875,379.51861572265625,1186.7833251953125,375.474853515625,1186.4127197265625,384.0304260253906,1185.2034912109375,386.93121337890625
2253,1,0.0,unknown,,,1180.3963623046875,379.51861572265625,1186.7833251953125,375.474853515625,1186.4127197265625,384.0304260253906,1185.2034912109375,386.93121337890625
2254,1,0.0,unknown,,,1180.3963623046875,379.51861572265625,1186.7833251953125,375.474853515625,1186.4127197265625,384.0304260253906,1185.2034912109375,386.93121337890625
2255,1,0.0,unknown,,,1180.3963623046875,379.51861572265625,1186.7833251953125,375.474853515625,1186.4127197265625,384.0304260253906,1185.2034912109375,386.93121337890625
2256,1,0.0,unknown,,,1180.3963623046875,379.51861572265625,1186.7833251953125,375.474853515625,1186.4127197265625,384.0304260253906,1185.2034912109375,386.93121337890625
2257,1,0.0,unknown,,,1180.3963623046875,379.51861572265625,1186.7833251953125,375.474853515625,1186.4127197265625,384.0304260253906,1185.2034912109375,386.93121337890625
2258,1,0.0,unknown,,,1180.3963623046875,379.51861572265625,1186.7833251953125,375.474853515625,1186.4127197265625,384.0304260253906,1185.2034912109375,386.93121337890625
2259,1,0.0,unknown,,,1180.3963623046875,379.51861572265625,1186.7833251953125,375.474853515625,1186.4127197265625,384.0304260253906,1185.2034912109375,386.93121337890625
2260,1,0.0,unknown,,,1180.3963623046875,379.51861572265625,1186.7833251953125,375.474853515625,1186.4127197265625,384.0304260253906,1185.2034912109375,386.93121337890625
2261,1,0.0,unknown,,,1180.3963623046875,379.51861572265625,1186.7833251953125,375.474853515625,1186.4127197265625,384.0304260253906,1185.2034912109375,386.93121337890625
2262,1,0.0,unknown,,,1180.3963623046875,379.51861572265625,1186.7833251953125,375.474853515625,1186.4127197265625,384.0304260253906,1185.2034912109375,386.93121337890625
2263,1,0.0,unknown,,,1180.3963623046875,379.51861572265625,1186.7833251953125,375.474853515625,1186.4127197265625,384.0304260253906,1185.2034912109375,386.93121337890625
2264,1,0.0,unknown,,,1180.3963623046875,379.51861572265625,1186.7833251953125,375.474853515625,1186.4127197265625,384.0304260253906,1185.2034912109375,386.93121337890625
2265,1,0.0,unknown,,,1180.3963623046875,379.51861572265625,1186.7833251953125,375.474853515625,1186.4127197265625,384.0304260253906,1185.2034912109375,386.93121337890625
2266,1,0.0,unknown,,,1180.3963623046875,379.51861572265625,1186.7833251953125,375.474853515625,1186.4127197265625,384.0304260253906,1185.2034912109375,386.93121337890625
2267,1,0.0,unknown,,,1180.3963623046875,379.51861572265625,1186.7833251953125,375.474853515625,1186.4127197265625,384.0304260253906,1185.2034912109375,386.93121337890625
2268,1,0.0,unknown,,,1180.3963623046875,379.51861572265625,1186.7833251953125,375.474853515625,1186.4127197265625,384.0304260253906,1185.2034912109375,386.93121337890625
2269,1,0.0,unknown,,,1180.3963623046875,379.51861572265625,1186.7833251953125,375.474853515625,1186.4127197265625,384.0304260253906,1185.2034912109375,386.93121337890625
2270,1,0.0,unknown,,,1180.3963623046875,379.51861572265625,1186.7833251953125,375.474853515625,1186.4127197265625,384.0304260253906,1185.2034912109375,386.93121337890625
2271,1,0.0,unknown,,,1180.3963623046875,379.51861572265625,1186.7833251953125,375.474853515625,1186.4127197265625,384.0304260253906,1185.2034912109375,386.93121337890625
2272,1,0.0,unknown,,,1180.3963623046875,379.51861572265625,1186.7833251953125,375.474853515625,1186.4127197265625,384.0304260253906,1185.2034912109375,386.93121337890625
2273,1,0.0,unknown,,,1180.3963623046875,379.51861572265625,1186.7833251953125,375.474853515625,1186.4127197265625,384.0304260253906,1185.2034912109375,386.93121337890625
2274,1,0.0,unknown,,,1180.3963623046875,379.51861572265625,1186.7833251953125,375.474853515625,1186.4127197265625,384.0304260253906,1185.2034912109375,386.93121337890625
2275,1,0.0,unknown,,,1180.3963623046875,379.51861572265625,1186.7833251953125,375.474853515625,1186.4127197265625,384.0304260253906,1185.2034912109375,386.93121337890625
2276,1,0.0,unknown,,,1180.3963623046875,379.51861572265625,1186.7833251953125,375.474853515625,1186.4127197265625,384.0304260253906,1185.2034912109375,386.93121337890625
2277,1,0.0,unknown,,,1180.3963623046875,379.51861572265625,1186.7833251953125,375.474853515625,1186.4127197265625,384.0304260253906,1185.2034912109375,386.93121337890625
2278,1,0.0,unknown,,,1180.3963623046875,379.51861572265625,1186.7833251953125,375.474853515625,1186.4127197265625,384.0304260253906,1185.2034912109375,386.93121337890625
2279,1,0.0,unknown,,,1180.3963623046875,379.51861572265625,1186.7833251953125,375.474853515625,1186.4127197265625,384.0304260253906,1185.2034912109375,386.93121337890625
2280,1,0.0,unknown,,,1180.3963623046875,379.51861572265625,1186.7833251953125,375.474853515625,1186.4127197265625,384.0304260253906,1185.2034912109375,386.93121337890625
2281,1,0.0,unknown,,,1180.3963623046875,379.51861572265625,1186.7833251953125,375.474853515625,1186.4127197265625,384.0304260253906,1185.2034912109375,386.93121337890625
2282,1,0.0,unknown,,,1180.3963623046875,379.51861572265625,1186.7833251953125,375.474853515625,1186.4127197265625,384.0304260253906,1185.2034912109375,386.93121337890625
2283,1,0.0,unknown,,,1180.3963623046875,379.51861572265625,1186.7833251953125,375.474853515625,1186.4127197265625,384.0304260253906,1185.2034912109375,386.93121337890625
2284,1,0.0,unknown,,,1180.3963623046875,379.51861572265625,1186.7833251953125,375.474853515625,1186.4127197265625,384.0304260253906,1185.2034912109375,386.93121337890625
2285,1,0.3005847632884979,right_up,0,8.686497688293457,1205.562744140625,353.1746826171875,1207.3055419921875,349.7562561035156,1203.701171875,361.65936279296875,1206.588134765625,361.7558288574219
2286,1,0.3005847632884979,right_up,0,13.465604782104492,1223.17919921875,334.73394775390625,1221.671142578125,331.75323486328125,1215.8031005859375,345.9996337890625,1221.557373046875,344.133056640625
2287,1,0.3005847632884979,right_up,0,17.344240188598633,1235.5107421875,321.825439453125,1231.72705078125,319.151123046875,1224.2744140625,335.037841796875,1232.0357666015625,331.797119140625
2288,1,0.3005847632884979,right_up,0,20.167171478271484,1244.142822265625,312.7894592285156,1238.7662353515625,310.32965087890625,1230.204345703125,327.36456298828125,1239.37060546875,323.1619873046875
2289,1,0.3005847632884979,right_up,0,22.175233840942383,1250.185302734375,306.46429443359375,1243.693603515625,304.1546325683594,1234.355224609375,321.9932861328125,1244.5050048828125,317.11737060546875
2290,1,0.35634690523147583,right_up,0,23.025001525878906,1254.3609619140625,293.29156494140625,1251.3140869140625,295.1382751464844,1239.9967041015625,311.2865295410156,1249.681640625,302.8153991699219
2291,1,0.35634690523147583,right_up,0,23.80819320678711,1257.283935546875,284.0706481933594,1256.6484375,288.82684326171875,1243.94580078125,303.79180908203125,1253.3052978515625,292.80401611328125
2292,1,0.35634690523147583,right_up,0,24.439868927001953,1259.330078125,277.61602783203125,1260.3824462890625,284.4088439941406,1246.7100830078125,298.5455017089844,1255.8419189453125,285.7960510253906
2293,1,0.35634690523147583,right_up,1,24.919727325439453,1260.7623291015625,273.0977783203125,1262.996337890625,281.31622314453125,1248.64501953125,294.8730773925781,1257.6175537109375,280.8904724121094
2294,1,0.35634690523147583,right_up,1,25.272977828979492,1261.764892578125,269.93499755859375,1264.825927734375,279.1513977050781,1249.99951171875,292.3023681640625,1258.8604736328125,277.45654296875
2295,1,0.0,unknown,,,1261.764892578125,269.93499755859375,1264.825927734375,279.1513977050781,1249.99951171875,292.3023681640625,1258.8604736328125,277.45654296875
2296,1,0.0,unknown,,,1261.764892578125,269.93499755859375,1264.825927734375,279.1513977050781,1249.99951171875,292.3023681640625,1258.8604736328125,277.45654296875
2297,1,0.0,unknown,,,1261.764892578125,269.93499755859375,1264.825927734375,279.1513977050781,1249.99951171875,292.3023681640625,1258.8604736328125,277.45654296875
2298,1,0.0,unknown,,,1261.764892578125,269.93499755859375,1264.825927734375,279.1513977050781,1249.99951171875,292.3023681640625,1258.8604736328125,277.45654296875
2299,1,0.0,unknown,,,1261.764892578125,269.93499755859375,1264.825927734375,279.1513977050781,1249.99951171875,292.3023681640625,1258.8604736328125,277.45654296875
2300,1,0.6283240914344788,up,0,18.286094665527344,1247.35400390625,228.8271942138672,1253.70849609375,234.62876892089844,1246.4781494140625,247.09230041503906,1247.9193115234375,236.48263549804688
2301,1,0.6283240914344788,left_up,0,16.80716323852539,1237.266357421875,200.05172729492188,1245.92626953125,203.4629364013672,1244.01318359375,215.4452667236328,1240.260498046875,207.8009033203125
2302,1,0.6283240914344788,left_up,0,18.03079605102539,1230.2049560546875,179.90890502929688,1240.478759765625,181.6468505859375,1242.2877197265625,193.29234313964844,1234.8992919921875,187.72369384765625
2303,1,0.6283240914344788,left_up,0,19.840320587158203,1225.261962890625,165.80892944335938,1236.66552734375,166.37557983398438,1241.079833984375,177.78529357910156,1231.146484375,173.66964721679688
2304,1,0.6283240914344788,left_up,0,21.46085548400879,1221.8018798828125,155.93893432617188,1233.9962158203125,155.68569946289062,1240.234375,166.93035888671875,1228.51953125,163.83181762695312
2305,1,0.6584479808807373,left_up,0,37.25902557373047,1215.6690673828125,143.80279541015625,1235.20458984375,145.44192504882812,1247.5565185546875,163.0751953125,1224.4339599609375,157.93637084960938
2306,1,0.6584479808807373,left_up,0,48.318084716796875,1211.3760986328125,135.3074951171875,1236.0504150390625,138.2712860107422,1252.6820068359375,160.3765869140625,1221.573974609375,153.80955505371094
2307,1,0.6584479808807373,left_up,0,56.059574127197266,1208.3709716796875,129.36077880859375,1236.6424560546875,133.2518310546875,1256.2698974609375,158.487548828125,1219.572021484375,150.9207763671875
2308,1,0.6584479808807373,left_up,0,61.4785270690918,1206.2674560546875,125.19808197021484,1237.056884765625,129.73822021484375,1258.7813720703125,157.16522216796875,1218.170654296875,148.8986358642578
2309,1,0.6584479808807373,left_up,0,65.27188873291016,1204.794921875,122.28419494628906,1237.3470458984375,127.2786865234375,1260.5394287109375,156.23959350585938,1217.189697265625,147.48313903808594
2310,1,0.5027415752410889,left_up,0,65.8512191772461,1205.9766845703125,119.43363952636719,1238.804443359375,124.88236236572266,1261.239013671875,155.24505615234375,1217.142333984375,145.69032287597656
2311,1,0.5027415752410889,left_up,0,66.28685760498047,1206.8038330078125,117.43824768066406,1239.8245849609375,123.20494079589844,1261.728759765625,154.54888916015625,1217.109130859375,144.4353485107422
2312,1,0.5027415752410889,left_up,0,66.60608673095703,1207.3829345703125,116.04147338867188,1240.5386962890625,122.0307388305664,1262.071533203125,154.0615692138672,1217.0859375,143.55686950683594
2313,1,0.5027415752410889,left_up,0,66.83662414550781,1207.7882080078125,115.063720703125,1241.03857421875,121.20880126953125,1262.3115234375,153.72044372558594,1217.0697021484375,142.9419403076172
2314,1,0.5027415752410889,left_up,0,67.0013427734375,1208.0718994140625,114.37930297851562,1241.388427734375,120.6334457397461,1262.4794921875,153.48165893554688,1217.058349609375,142.51148986816406
2315,1,0.5335468649864197,left_up,0,65.11542510986328,1211.33544921875,114.68556213378906,1243.315185546875,120.30337524414062,1263.318359375,153.90029907226562,1219.478759765625,143.008056640625
2316,1,0.5335468649864197,left_up,0,63.81698226928711,1213.6199951171875,114.89993286132812,1244.663818359375,120.07232666015625,1263.905517578125,154.193359375,1221.173095703125,143.35565185546875
2317,1,0.5335468649864197,left_up,0,62.919376373291016,1215.21923828125,115.05000305175781,1245.60791015625,119.91059112548828,1264.3165283203125,154.39849853515625,1222.359130859375,143.59896850585938
2318,1,0.5335468649864197,left_up,0,62.29694366455078,1216.338623046875,115.15504455566406,1246.268798828125,119.79737854003906,1264.604248046875,154.54208374023438,1223.189208984375,143.769287109375
2319,1,0.5335468649864197,left_up,0,61.864200592041016,1217.1221923828125,115.22857666015625,1246.7314453125,119.71812438964844,1264.8056640625,154.64260864257812,1223.770263671875,143.88851928710938
2320,1,0.0,unknown,,,1217.1221923828125,115.22857666015625,1246.7314453125,119.71812438964844,1264.8056640625,154.64260864257812,1223.770263671875,143.88851928710938
2321,1,0.0,unknown,,,1217.1221923828125,115.22857666015625,1246.7314453125,119.71812438964844,1264.8056640625,154.64260864257812,1223.770263671875,143.88851928710938
2322,1,0.0,unknown,,,1217.1221923828125,115.22857666015625,1246.7314453125,119.71812438964844,1264.8056640625,154.64260864257812,1223.770263671875,143.88851928710938
2323,1,0.0,unknown,,,1217.1221923828125,115.22857666015625,1246.7314453125,119.71812438964844,1264.8056640625,154.64260864257812,1223.770263671875,143.88851928710938
2324,1,0.0,unknown,,,1217.1221923828125,115.22857666015625,1246.7314453125,119.71812438964844,1264.8056640625,154.64260864257812,1223.770263671875,143.88851928710938
2325,1,0.33818405866622925,left_up,0,62.16183090209961,1209.668701171875,110.44813537597656,1238.571044921875,116.72354125976562,1255.732421875,152.18812561035156,1216.62646484375,137.9081573486328
2326,1,0.33818405866622925,left_up,0,62.44594955444336,1204.451171875,107.10182189941406,1232.85888671875,114.62732696533203,1249.381103515625,150.46998596191406,1211.625732421875,133.72189331054688
2327,1,0.33818405866622925,left_up,0,62.681488037109375,1200.798828125,104.75940704345703,1228.8603515625,113.15998077392578,1244.9351806640625,149.2672882080078,1208.125244140625,130.79151916503906
2328,1,0.33818405866622925,left_up,0,62.864078521728516,1198.2421875,103.11971282958984,1226.061279296875,112.1328353881836,1241.822998046875,148.42539978027344,1205.6749267578125,128.74024963378906
2329,1,0.33818405866622925,left_up,0,63.00047302246094,1196.45263671875,101.97193145751953,1224.10205078125,111.41383361816406,1239.64453125,147.83607482910156,1203.959716796875,127.30436706542969
2330,1,0.5799008011817932,left_up,0,65.30006408691406,1198.3095703125,94.1550521850586,1226.87939453125,103.58815002441406,1244.547119140625,140.26565551757812,1206.681884765625,120.73043060302734
2331,1,0.5799008011817932,left_up,0,66.94586181640625,1199.609375,88.68324279785156,1228.823486328125,98.11016845703125,1247.97900390625,134.96636962890625,1208.58740234375,116.12867736816406
2332,1,0.5799008011817932,left_up,0,68.11412811279297,1200.519287109375,84.85297393798828,1230.184326171875,94.27557373046875,1250.3812255859375,131.25686645507812,1209.921142578125,112.9074478149414
2333,1,0.5799008011817932,left_up,0,68.93961334228516,1201.1561279296875,82.17178344726562,1231.136962890625,91.59135437011719,1252.0628662109375,128.66021728515625,1210.854736328125,110.652587890625
2334,1,0.5799008011817932,left_up,0,69.52099609375,1201.6019287109375,80.29495239257812,1231.8037109375,89.71240234375,1253.239990234375,126.84255981445312,1211.50830078125,109.07418823242188
2335,1,0.0,unknown,,,1201.6019287109375,80.29495239257812,1231.8037109375,89.71240234375,1253.239990234375,126.84255981445312,1211.50830078125,109.07418823242188
2336,1,0.0,unknown,,,1201.6019287109375,80.29495239257812,1231.8037109375,89.71240234375,1253.239990234375,126.84255981445312,1211.50830078125,109.07418823242188
2337,1,0.0,unknown,,,1201.6019287109375,80.29495239257812,1231.8037109375,89.71240234375,1253.239990234375,126.84255981445312,1211.50830078125,109.07418823242188
2338,1,0.0,unknown,,,1201.6019287109375,80.29495239257812,1231.8037109375,89.71240234375,1253.239990234375,126.84255981445312,1211.50830078125,109.07418823242188
2339,1,0.0,unknown,,,1201.6019287109375,80.29495239257812,1231.8037109375,89.71240234375,1253.239990234375,126.84255981445312,1211.50830078125,109.07418823242188
2340,1,0.0,unknown,,,1201.6019287109375,80.29495239257812,1231.8037109375,89.71240234375,1253.239990234375,126.84255981445312,1211.50830078125,109.07418823242188
2341,1,0.0,unknown,,,1201.6019287109375,80.29495239257812,1231.8037109375,89.71240234375,1253.239990234375,126.84255981445312,1211.50830078125,109.07418823242188
2342,1,0.0,unknown,,,1201.6019287109375,80.29495239257812,1231.8037109375,89.71240234375,1253.239990234375,126.84255981445312,1211.50830078125,109.07418823242188
2343,1,0.0,unknown,,,1201.6019287109375,80.29495239257812,1231.8037109375,89.71240234375,1253.239990234375,126.84255981445312,1211.50830078125,109.07418823242188
2344,1,0.0,unknown,,,1201.6019287109375,80.29495239257812,1231.8037109375,89.71240234375,1253.239990234375,126.84255981445312,1211.50830078125,109.07418823242188
2345,1,0.5277479290962219,left_up,0,68.11904907226562,1177.47509765625,80.09803009033203,1205.0914306640625,88.75364685058594,1225.16748046875,128.7358856201172,1187.9637451171875,109.13958740234375
2346,1,0.5277479290962219,left_up,0,67.2967758178711,1160.58642578125,79.9601821899414,1186.392822265625,88.08251953125,1205.516845703125,130.06121826171875,1171.4825439453125,109.18537902832031
2347,1,0.5277479290962219,left_up,0,66.80217742919922,1148.7642822265625,79.86368560791016,1173.3038330078125,87.61273193359375,1191.76123046875,130.98895263671875,1159.94580078125,109.21742248535156
2348,1,0.5277479290962219,left_up,0,66.49662780761719,1140.48876953125,79.796142578125,1164.1416015625,87.28387451171875,1182.13232421875,131.63836669921875,1151.8699951171875,109.23985290527344
2349,1,0.5277479290962219,left_up,0,66.3029556274414,1134.6959228515625,79.74886322021484,1157.72802734375,87.05368041992188,1175.39208984375,132.09295654296875,1146.2169189453125,109.25555419921875
2350,1,0.0,unknown,,,1134.6959228515625,79.74886322021484,1157.72802734375,87.05368041992188,1175.39208984375,132.09295654296875,1146.2169189453125,109.25555419921875
2351,1,0.0,unknown,,,1134.6959228515625,79.74886322021484,1157.72802734375,87.05368041992188,1175.39208984375,132.09295654296875,1146.2169189453125,109.25555419921875
2352,1,0.0,unknown,,,1134.6959228515625,79.74886322021484,1157.72802734375,87.05368041992188,1175.39208984375,132.09295654296875,1146.2169189453125,109.25555419921875
2353,1,0.0,unknown,,,1134.6959228515625,79.74886322021484,1157.72802734375,87.05368041992188,1175.39208984375,132.09295654296875,1146.2169189453125,109.25555419921875
2354,1,0.0,unknown,,,1134.6959228515625,79.74886322021484,1157.72802734375,87.05368041992188,1175.39208984375,132.09295654296875,1146.2169189453125,109.25555419921875
2355,1,0.0,unknown,,,1134.6959228515625,79.74886322021484,1157.72802734375,87.05368041992188,1175.39208984375,132.09295654296875,1146.2169189453125,109.25555419921875
2356,1,0.0,unknown,,,1134.6959228515625,79.74886322021484,1157.72802734375,87.05368041992188,1175.39208984375,132.09295654296875,1146.2169189453125,109.25555419921875
2357,1,0.0,unknown,,,1134.6959228515625,79.74886322021484,1157.72802734375,87.05368041992188,1175.39208984375,132.09295654296875,1146.2169189453125,109.25555419921875
2358,1,0.0,unknown,,,1134.6959228515625,79.74886322021484,1157.72802734375,87.05368041992188,1175.39208984375,132.09295654296875,1146.2169189453125,109.25555419921875
2359,1,0.0,unknown,,,1134.6959228515625,79.74886322021484,1157.72802734375,87.05368041992188,1175.39208984375,132.09295654296875,1146.2169189453125,109.25555419921875
2360,1,0.0,unknown,,,1134.6959228515625,79.74886322021484,1157.72802734375,87.05368041992188,1175.39208984375,132.09295654296875,1146.2169189453125,109.25555419921875
2361,1,0.0,unknown,,,1134.6959228515625,79.74886322021484,1157.72802734375,87.05368041992188,1175.39208984375,132.09295654296875,1146.2169189453125,109.25555419921875
2362,1,0.0,unknown,,,1134.6959228515625,79.74886322021484,1157.72802734375,87.05368041992188,1175.39208984375,132.09295654296875,1146.2169189453125,109.25555419921875
2363,1,0.0,unknown,,,1134.6959228515625,79.74886322021484,1157.72802734375,87.05368041992188,1175.39208984375,132.09295654296875,1146.2169189453125,109.25555419921875
2364,1,0.0,unknown,,,1134.6959228515625,79.74886322021484,1157.72802734375,87.05368041992188,1175.39208984375,132.09295654296875,1146.2169189453125,109.25555419921875
2365,1,0.0,unknown,,,1134.6959228515625,79.74886322021484,1157.72802734375,87.05368041992188,1175.39208984375,132.09295654296875,1146.2169189453125,109.25555419921875
2366,1,0.0,unknown,,,1134.6959228515625,79.74886322021484,1157.72802734375,87.05368041992188,1175.39208984375,132.09295654296875,1146.2169189453125,109.25555419921875
2367,1,0.0,unknown,,,1134.6959228515625,79.74886322021484,1157.72802734375,87.05368041992188,1175.39208984375,132.09295654296875,1146.2169189453125,109.25555419921875
2368,1,0.0,unknown,,,1134.6959228515625,79.74886322021484,1157.72802734375,87.05368041992188,1175.39208984375,132.09295654296875,1146.2169189453125,109.25555419921875
2369,1,0.0,unknown,,,1134.6959228515625,79.74886322021484,1157.72802734375,87.05368041992188,1175.39208984375,132.09295654296875,1146.2169189453125,109.25555419921875
2370,1,0.0,unknown,,,1134.6959228515625,79.74886322021484,1157.72802734375,87.05368041992188,1175.39208984375,132.09295654296875,1146.2169189453125,109.25555419921875
2371,1,0.0,unknown,,,1134.6959228515625,79.74886322021484,1157.72802734375,87.05368041992188,1175.39208984375,132.09295654296875,1146.2169189453125,109.25555419921875
2372,1,0.0,unknown,,,1134.6959228515625,79.74886322021484,1157.72802734375,87.05368041992188,1175.39208984375,132.09295654296875,1146.2169189453125,109.25555419921875
2373,1,0.0,unknown,,,1134.6959228515625,79.74886322021484,1157.72802734375,87.05368041992188,1175.39208984375,132.09295654296875,1146.2169189453125,109.25555419921875
2374,1,0.0,unknown,,,1134.6959228515625,79.74886322021484,1157.72802734375,87.05368041992188,1175.39208984375,132.09295654296875,1146.2169189453125,109.25555419921875
2375,1,0.0,unknown,,,1134.6959228515625,79.74886322021484,1157.72802734375,87.05368041992188,1175.39208984375,132.09295654296875,1146.2169189453125,109.25555419921875
2376,1,0.3766327500343323,left_up,0,65.40906524658203,1140.74365234375,78.76400756835938,1162.580078125,87.73846435546875,1179.0850830078125,131.75721740722656,1149.7220458984375,108.74969482421875
2377,1,0.3766327500343323,left_up,0,64.8307113647461,1144.9771728515625,78.0746078491211,1165.9765625,88.21781921386719,1181.670166015625,131.52220153808594,1152.1756591796875,108.39559173583984
2378,1,0.3766327500343323,left_up,0,64.4498291015625,1147.9405517578125,77.59203338623047,1168.3541259765625,88.55335998535156,1183.479736328125,131.35769653320312,1153.8931884765625,108.14772033691406
2379,1,0.3766327500343323,left_up,0,64.19509887695312,1150.014892578125,77.25422668457031,1170.0184326171875,88.78823852539062,1184.746337890625,131.24253845214844,1155.095458984375,107.97420501708984
2380,1,0.0,unknown,,,1150.014892578125,77.25422668457031,1170.0184326171875,88.78823852539062,1184.746337890625,131.24253845214844,1155.095458984375,107.97420501708984
2381,1,0.0,unknown,,,1150.014892578125,77.25422668457031,1170.0184326171875,88.78823852539062,1184.746337890625,131.24253845214844,1155.095458984375,107.97420501708984
2382,1,0.0,unknown,,,1150.014892578125,77.25422668457031,1170.0184326171875,88.78823852539062,1184.746337890625,131.24253845214844,1155.095458984375,107.97420501708984
2383,1,0.0,unknown,,,1150.014892578125,77.25422668457031,1170.0184326171875,88.78823852539062,1184.746337890625,131.24253845214844,1155.095458984375,107.97420501708984
2384,1,0.0,unknown,,,1150.014892578125,77.25422668457031,1170.0184326171875,88.78823852539062,1184.746337890625,131.24253845214844,1155.095458984375,107.97420501708984
2385,1,0.0,unknown,,,1150.014892578125,77.25422668457031,1170.0184326171875,88.78823852539062,1184.746337890625,131.24253845214844,1155.095458984375,107.97420501708984
2386,1,0.0,unknown,,,1150.014892578125,77.25422668457031,1170.0184326171875,88.78823852539062,1184.746337890625,131.24253845214844,1155.095458984375,107.97420501708984
2387,1,0.0,unknown,,,1150.014892578125,77.25422668457031,1170.0184326171875,88.78823852539062,1184.746337890625,131.24253845214844,1155.095458984375,107.97420501708984
2388,1,0.0,unknown,,,1150.014892578125,77.25422668457031,1170.0184326171875,88.78823852539062,1184.746337890625,131.24253845214844,1155.095458984375,107.97420501708984
2389,1,0.0,unknown,,,1150.014892578125,77.25422668457031,1170.0184326171875,88.78823852539062,1184.746337890625,131.24253845214844,1155.095458984375,107.97420501708984
2390,1,0.0,unknown,,,1150.014892578125,77.25422668457031,1170.0184326171875,88.78823852539062,1184.746337890625,131.24253845214844,1155.095458984375,107.97420501708984
2391,1,0.0,unknown,,,1150.014892578125,77.25422668457031,1170.0184326171875,88.78823852539062,1184.746337890625,131.24253845214844,1155.095458984375,107.97420501708984
2392,1,0.0,unknown,,,1150.014892578125,77.25422668457031,1170.0184326171875,88.78823852539062,1184.746337890625,131.24253845214844,1155.095458984375,107.97420501708984
2393,1,0.0,unknown,,,1150.014892578125,77.25422668457031,1170.0184326171875,88.78823852539062,1184.746337890625,131.24253845214844,1155.095458984375,107.97420501708984
2394,1,0.0,unknown,,,1150.014892578125,77.25422668457031,1170.0184326171875,88.78823852539062,1184.746337890625,131.24253845214844,1155.095458984375,107.97420501708984
2395,1,0.0,unknown,,,1150.014892578125,77.25422668457031,1170.0184326171875,88.78823852539062,1184.746337890625,131.24253845214844,1155.095458984375,107.97420501708984
2396,1,0.0,unknown,,,1150.014892578125,77.25422668457031,1170.0184326171875,88.78823852539062,1184.746337890625,131.24253845214844,1155.095458984375,107.97420501708984
2397,1,0.0,unknown,,,1150.014892578125,77.25422668457031,1170.0184326171875,88.78823852539062,1184.746337890625,131.24253845214844,1155.095458984375,107.97420501708984
2398,1,0.0,unknown,,,1150.014892578125,77.25422668457031,1170.0184326171875,88.78823852539062,1184.746337890625,131.24253845214844,1155.095458984375,107.97420501708984
2399,1,0.0,unknown,,,1150.014892578125,77.25422668457031,1170.0184326171875,88.78823852539062,1184.746337890625,131.24253845214844,1155.095458984375,107.97420501708984
2400,1,0.0,unknown,,,1150.014892578125,77.25422668457031,1170.0184326171875,88.78823852539062,1184.746337890625,131.24253845214844,1155.095458984375,107.97420501708984
2401,1,0.0,unknown,,,1150.014892578125,77.25422668457031,1170.0184326171875,88.78823852539062,1184.746337890625,131.24253845214844,1155.095458984375,107.97420501708984
2402,1,0.0,unknown,,,1150.014892578125,77.25422668457031,1170.0184326171875,88.78823852539062,1184.746337890625,131.24253845214844,1155.095458984375,107.97420501708984
2403,1,0.0,unknown,,,1150.014892578125,77.25422668457031,1170.0184326171875,88.78823852539062,1184.746337890625,131.24253845214844,1155.095458984375,107.97420501708984
2404,1,0.0,unknown,,,1150.014892578125,77.25422668457031,1170.0184326171875,88.78823852539062,1184.746337890625,131.24253845214844,1155.095458984375,107.97420501708984
2405,1,0.0,unknown,,,1150.014892578125,77.25422668457031,1170.0184326171875,88.78823852539062,1184.746337890625,131.24253845214844,1155.095458984375,107.97420501708984
2406,1,0.0,unknown,,,1150.014892578125,77.25422668457031,1170.0184326171875,88.78823852539062,1184.746337890625,131.24253845214844,1155.095458984375,107.97420501708984
2407,1,0.0,unknown,,,1150.014892578125,77.25422668457031,1170.0184326171875,88.78823852539062,1184.746337890625,131.24253845214844,1155.095458984375,107.97420501708984
2408,1,0.0,unknown,,,1150.014892578125,77.25422668457031,1170.0184326171875,88.78823852539062,1184.746337890625,131.24253845214844,1155.095458984375,107.97420501708984
2409,1,0.0,unknown,,,1150.014892578125,77.25422668457031,1170.0184326171875,88.78823852539062,1184.746337890625,131.24253845214844,1155.095458984375,107.97420501708984
2410,1,0.0,unknown,,,1150.014892578125,77.25422668457031,1170.0184326171875,88.78823852539062,1184.746337890625,131.24253845214844,1155.095458984375,107.97420501708984
2411,1,0.0,unknown,,,1150.014892578125,77.25422668457031,1170.0184326171875,88.78823852539062,1184.746337890625,131.24253845214844,1155.095458984375,107.97420501708984
2412,1,0.0,unknown,,,1150.014892578125,77.25422668457031,1170.0184326171875,88.78823852539062,1184.746337890625,131.24253845214844,1155.095458984375,107.97420501708984
2413,1,0.0,unknown,,,1150.014892578125,77.25422668457031,1170.0184326171875,88.78823852539062,1184.746337890625,131.24253845214844,1155.095458984375,107.97420501708984
2414,1,0.0,unknown,,,1150.014892578125,77.25422668457031,1170.0184326171875,88.78823852539062,1184.746337890625,131.24253845214844,1155.095458984375,107.97420501708984
2415,1,0.0,unknown,,,1150.014892578125,77.25422668457031,1170.0184326171875,88.78823852539062,1184.746337890625,131.24253845214844,1155.095458984375,107.97420501708984
2416,1,0.0,unknown,,,1150.014892578125,77.25422668457031,1170.0184326171875,88.78823852539062,1184.746337890625,131.24253845214844,1155.095458984375,107.97420501708984
2417,1,0.0,unknown,,,1150.014892578125,77.25422668457031,1170.0184326171875,88.78823852539062,1184.746337890625,131.24253845214844,1155.095458984375,107.97420501708984
2418,1,0.0,unknown,,,1150.014892578125,77.25422668457031,1170.0184326171875,88.78823852539062,1184.746337890625,131.24253845214844,1155.095458984375,107.97420501708984
2419,1,0.0,unknown,,,1150.014892578125,77.25422668457031,1170.0184326171875,88.78823852539062,1184.746337890625,131.24253845214844,1155.095458984375,107.97420501708984
2420,1,0.0,unknown,,,1150.014892578125,77.25422668457031,1170.0184326171875,88.78823852539062,1184.746337890625,131.24253845214844,1155.095458984375,107.97420501708984
2421,1,0.0,unknown,,,1150.014892578125,77.25422668457031,1170.0184326171875,88.78823852539062,1184.746337890625,131.24253845214844,1155.095458984375,107.97420501708984
2422,1,0.0,unknown,,,1150.014892578125,77.25422668457031,1170.0184326171875,88.78823852539062,1184.746337890625,131.24253845214844,1155.095458984375,107.97420501708984
2423,1,0.0,unknown,,,1150.014892578125,77.25422668457031,1170.0184326171875,88.78823852539062,1184.746337890625,131.24253845214844,1155.095458984375,107.97420501708984
2424,1,0.0,unknown,,,1150.014892578125,77.25422668457031,1170.0184326171875,88.78823852539062,1184.746337890625,131.24253845214844,1155.095458984375,107.97420501708984
2425,1,0.0,unknown,,,1150.014892578125,77.25422668457031,1170.0184326171875,88.78823852539062,1184.746337890625,131.24253845214844,1155.095458984375,107.97420501708984
2426,1,0.0,unknown,,,1150.014892578125,77.25422668457031,1170.0184326171875,88.78823852539062,1184.746337890625,131.24253845214844,1155.095458984375,107.97420501708984
2427,15,0.0,unknown,,,,,,,,,,
2428,15,0.0,unknown,,,,,,,,,,
2429,15,0.0,unknown,,,,,,,,,,
2430,15,0.0,unknown,,,,,,,,,,
2431,15,0.0,unknown,,,,,,,,,,
2432,15,0.0,unknown,,,,,,,,,,
2433,15,0.0,unknown,,,,,,,,,,
2434,15,0.0,unknown,,,,,,,,,,
2435,15,0.0,unknown,,,,,,,,,,
2436,15,0.0,unknown,,,,,,,,,,
2437,15,0.0,unknown,,,,,,,,,,
2438,15,0.0,unknown,,,,,,,,,,
2439,15,0.0,unknown,,,,,,,,,,
2440,15,0.0,unknown,,,,,,,,,,
2441,15,0.0,unknown,,,,,,,,,,
2442,15,0.0,unknown,,,,,,,,,,
2443,15,0.0,unknown,,,,,,,,,,
2444,15,0.0,unknown,,,,,,,,,,
2445,15,0.0,unknown,,,,,,,,,,
2446,15,0.0,unknown,,,,,,,,,,
2447,15,0.0,unknown,,,,,,,,,,
2448,15,0.0,unknown,,,,,,,,,,
2449,15,0.0,unknown,,,,,,,,,,
2450,15,0.0,unknown,,,,,,,,,,
2451,15,0.0,unknown,,,,,,,,,,
2452,15,0.0,unknown,,,,,,,,,,
2453,15,0.0,unknown,,,,,,,,,,
2454,15,0.0,unknown,,,,,,,,,,
2455,15,0.0,unknown,,,,,,,,,,
2456,15,0.0,unknown,,,,,,,,,,
2457,15,0.0,unknown,,,,,,,,,,
2458,15,0.0,unknown,,,,,,,,,,
2459,15,0.0,unknown,,,,,,,,,,
2460,15,0.0,unknown,,,,,,,,,,
2461,15,0.0,unknown,,,,,,,,,,
2462,15,0.0,unknown,,,,,,,,,,
2463,15,0.0,unknown,,,,,,,,,,
2464,15,0.0,unknown,,,,,,,,,,
2465,15,0.0,unknown,,,,,,,,,,
2466,15,0.0,unknown,,,,,,,,,,
2467,15,0.0,unknown,,,,,,,,,,
2468,15,0.0,unknown,,,,,,,,,,
