frame_id,track_id,x1,y1,x2,y2,conf,state,selected
0,1,969.6142578125,496.306640625,1032.9263916015625,596.6221923828125,0.5377908945083618,tracked,1
1,1,977.6111450195312,503.7838439941406,1032.1624755859375,602.6453857421875,0.4524317681789398,tracked,1
3,1,967.0386352539062,538.2147827148438,1023.3538208007812,633.6102905273438,0.1776089370250702,tracked,1
4,1,965.6065063476562,544.373779296875,1022.7644653320312,638.044189453125,0.4986722767353058,tracked,1
5,1,966.6243896484375,545.85546875,1023.3236083984375,642.4415283203125,0.5840052366256714,tracked,1
6,1,968.2457885742188,548.40234375,1024.2774658203125,647.8856201171875,0.6642143130302429,tracked,1
7,1,970.0123291015625,549.0709838867188,1025.1383056640625,650.4541625976562,0.6870635151863098,tracked,1
8,1,971.137939453125,551.122802734375,1026.1925048828125,652.964111328125,0.5834664702415466,tracked,1
9,1,974.5550537109375,555.607177734375,1027.704833984375,654.5927734375,0.40696480870246887,tracked,1
10,1,974.1168823242188,546.7844848632812,1027.1068115234375,639.2360229492188,0.4000347852706909,tracked,1
11,1,974.7337036132812,551.3975830078125,1028.3492431640625,644.5089111328125,0.2925196886062622,tracked,1
12,1,974.0107421875,544.904052734375,1027.5,632.294677734375,0.5187966227531433,tracked,1
13,1,972.0377807617188,548.734375,1027.7091064453125,641.15625,0.45581313967704773,tracked,1
14,2,1262.82275390625,15.520164489746094,1279.0,57.387664794921875,0.331241637468338,tracked,0
15,1,969.4031982421875,552.4890747070312,1027.679931640625,650.0447387695312,0.5739646553993225,tracked,1
16,1,970.0474853515625,553.2987670898438,1027.9112548828125,653.9042358398438,0.5244457721710205,tracked,1
17,1,970.3079223632812,556.4857788085938,1029.1026611328125,658.0314331054688,0.6087907552719116,tracked,1
18,1,969.4974975585938,557.6298217773438,1029.312744140625,659.6682739257812,0.5957726836204529,tracked,1
19,1,969.850341796875,558.41748046875,1029.6317138671875,660.0804443359375,0.6052823066711426,tracked,1
20,1,969.8216552734375,557.7547607421875,1030.1343994140625,659.3004150390625,0.5661926865577698,tracked,1
21,1,964.996826171875,557.8037719726562,1027.7735595703125,658.7803344726562,0.6908328533172607,tracked,1
22,1,956.0802001953125,558.7279052734375,1023.5986328125,659.093017578125,0.784946858882904,tracked,1
23,1,946.9962768554688,564.2357177734375,1015.9099731445312,657.917236328125,0.7478746175765991,tracked,1
24,1,937.138671875,568.7437133789062,1010.993896484375,657.2561645507812,0.7943207621574402,tracked,1
25,1,930.7037963867188,572.7396850585938,1009.1698608398438,656.8414916992188,0.8023289442062378,tracked,1
26,1,924.6061401367188,575.1206665039062,1007.1397094726562,655.9268188476562,0.8015539646148682,tracked,1
27,1,921.385498046875,576.3214111328125,1006.9393310546875,655.4573974609375,0.7911354899406433,tracked,1
28,1,918.3638916015625,575.4060668945312,1007.41357421875,654.3396606445312,0.7883008122444153,tracked,1
29,1,917.3185424804688,573.8350219726562,1008.5750122070312,653.4331665039062,0.788672685623169,tracked,1
30,1,917.7973022460938,572.61865234375,1010.3630981445312,654.4356689453125,0.7743038535118103,tracked,1
31,1,917.86767578125,570.3873291015625,1011.3912353515625,653.77685546875,0.7763304710388184,tracked,1
32,1,917.276611328125,567.6892700195312,1011.3333740234375,652.3952026367188,0.7680701017379761,tracked,1
33,1,914.6965942382812,564.8654174804688,1009.3953247070312,651.4609985351562,0.7525607943534851,tracked,1
34,1,912.1572265625,566.5917358398438,1007.966064453125,653.2317504882812,0.7757239937782288,tracked,1
35,1,910.2025756835938,569.47265625,1006.4584350585938,654.56787109375,0.7757201194763184,tracked,1
36,1,907.6713256835938,570.8101196289062,1002.7135620117188,653.9912719726562,0.7879061698913574,tracked,1
37,1,906.357177734375,569.78076171875,1000.6502685546875,653.0400390625,0.7724804282188416,tracked,1
38,1,905.9575805664062,567.7308959960938,999.4912719726562,651.6991577148438,0.7611733675003052,tracked,1
39,1,905.9859008789062,565.0292358398438,999.4436645507812,650.3565063476562,0.7450137734413147,tracked,1
40,1,906.1907348632812,563.576416015625,999.3319702148438,649.8143310546875,0.7473488450050354,tracked,1
41,1,904.6788330078125,560.489501953125,996.9912109375,648.2733154296875,0.6992610096931458,tracked,1
42,1,903.2219848632812,558.9042358398438,993.4838256835938,648.9954223632812,0.7029109597206116,tracked,1
43,1,901.5264892578125,557.9522705078125,990.6180419921875,649.024169921875,0.7216352224349976,tracked,1
44,1,900.3447265625,557.6826782226562,989.5601806640625,649.1730346679688,0.7499141097068787,tracked,1
45,1,900.2627563476562,557.1431274414062,989.4934692382812,648.8683471679688,0.7648459672927856,tracked,1
46,1,900.4766845703125,555.98193359375,989.455810546875,649.8397216796875,0.7666369080543518,tracked,1
47,1,900.2124633789062,554.6174926757812,989.1552124023438,650.9175415039062,0.7653878927230835,tracked,1
48,1,899.2669677734375,553.3477783203125,988.0941162109375,650.979736328125,0.7662914395332336,tracked,1
49,1,898.576904296875,552.4607543945312,986.982421875,651.0942993164062,0.7618101239204407,tracked,1
50,1,897.2994995117188,551.6998291015625,985.7219848632812,650.8558349609375,0.7792906761169434,tracked,1
51,1,897.8325805664062,551.0339965820312,985.4979858398438,650.5883178710938,0.7500113844871521,tracked,1
52,1,898.9718627929688,550.6832275390625,985.4323120117188,650.6141357421875,0.7340331673622131,tracked,1
53,1,899.4589233398438,550.6876220703125,984.9658813476562,651.3507080078125,0.744951069355011,tracked,1
54,1,899.5611572265625,550.7685546875,984.512451171875,652.1190185546875,0.7629377841949463,tracked,1
55,1,899.5106811523438,550.1017456054688,984.3167114257812,652.1547241210938,0.7697054743766785,tracked,1
56,1,899.7193603515625,549.385498046875,984.5211181640625,651.9434814453125,0.7745164632797241,tracked,1
57,1,900.1160888671875,548.7025146484375,984.757080078125,651.4871826171875,0.7758039236068726,tracked,1
58,1,901.1275634765625,548.435546875,985.2215576171875,651.6690673828125,0.7688556909561157,tracked,1
59,1,904.08349609375,547.8847045898438,985.500732421875,650.2765502929688,0.756184995174408,tracked,1
60,1,905.3104248046875,547.9523315429688,985.8929443359375,650.6249389648438,0.7443762421607971,tracked,1
61,1,906.8062744140625,548.6185913085938,985.1416015625,651.2473754882812,0.7350339889526367,tracked,1
62,1,906.8546142578125,547.7322387695312,985.2965087890625,650.6349487304688,0.7390396595001221,tracked,1
63,1,907.7567138671875,547.5968017578125,984.906005859375,650.694580078125,0.7288365364074707,tracked,1
64,1,908.3465576171875,546.9987182617188,984.6124267578125,650.3508911132812,0.7309730648994446,tracked,1
65,1,908.6276245117188,546.526123046875,984.3233032226562,649.9703369140625,0.7364909052848816,tracked,1
66,1,908.813232421875,545.6287231445312,984.068603515625,649.4039916992188,0.7465060353279114,tracked,1
67,1,908.9369506835938,545.2815551757812,983.9398803710938,649.5097045898438,0.7608389854431152,tracked,1
68,1,909.0740356445312,545.5459594726562,983.9589233398438,649.7098999023438,0.763116717338562,tracked,1
69,1,909.4071655273438,546.32958984375,984.2090454101562,650.2000732421875,0.7608959078788757,tracked,1
70,1,910.8405151367188,546.9796752929688,984.0252075195312,650.1039428710938,0.7497178316116333,tracked,1
71,1,911.2101440429688,549.2387084960938,984.2963256835938,648.2318725585938,0.7532851696014404,tracked,1
72,1,908.9816284179688,551.64208984375,978.5818481445312,644.651123046875,0.6761881113052368,tracked,1
73,3,1263.03564453125,17.542356491088867,1279.0,57.15815734863281,0.31479886174201965,tracked,0
74,1,903.0033569335938,556.8666381835938,968.2881469726562,642.9567260742188,0.688716471195221,tracked,1
75,1,902.1448974609375,558.2781982421875,963.403076171875,639.1260986328125,0.7823905348777771,tracked,1
76,1,902.3370971679688,558.23681640625,961.0593872070312,636.806640625,0.795325756072998,tracked,1
77,1,903.1630859375,556.18017578125,960.583740234375,635.3509521484375,0.7680665850639343,tracked,1
78,1,904.678466796875,554.142822265625,961.947021484375,633.3245849609375,0.7782481908798218,tracked,1
79,1,906.7691650390625,553.1979370117188,963.5599365234375,631.7134399414062,0.7631069421768188,tracked,1
80,1,908.7587280273438,553.0846557617188,966.6553344726562,632.0054321289062,0.7639589309692383,tracked,1
81,1,911.9141235351562,551.8043823242188,970.0816040039062,631.3643188476562,0.733314037322998,tracked,1
82,1,913.54248046875,547.4967651367188,971.2620849609375,629.6190795898438,0.7656288146972656,tracked,1
83,1,915.0553588867188,544.6298217773438,973.7332153320312,629.4580688476562,0.7275471091270447,tracked,1
84,1,915.7088012695312,542.9380493164062,974.8295288085938,630.3981323242188,0.5359099507331848,tracked,1
85,1,917.8272705078125,545.978759765625,976.496826171875,632.9686279296875,0.5683700442314148,tracked,1
86,1,919.8275756835938,547.8983154296875,978.0985717773438,634.8143310546875,0.3611452281475067,tracked,1
87,3,1262.982177734375,15.386817932128906,1278.99609375,57.7293701171875,0.2193809449672699,tracked,0
88,1,927.8057861328125,547.2132568359375,986.7569580078125,637.4923095703125,0.2603975534439087,tracked,1
89,3,1263.0147705078125,15.620433807373047,1279.0,57.60734939575195,0.2705637812614441,tracked,0
90,1,933.518310546875,545.18701171875,992.5126953125,638.5113525390625,0.5369924306869507,tracked,1
91,1,936.7509765625,542.7455444335938,994.5816650390625,636.4797973632812,0.2081558257341385,tracked,1
92,1,937.597412109375,543.209716796875,995.311279296875,638.946044921875,0.4874812066555023,tracked,1
93,1,941.0266723632812,545.6724243164062,998.3087768554688,640.3422241210938,0.7550734281539917,tracked,1
94,1,942.1091918945312,548.1653442382812,997.0430297851562,636.5494995117188,0.31947487592697144,tracked,1
95,3,1263.0289306640625,16.79790496826172,1279.0,57.944908142089844,0.29977738857269287,tracked,0
96,3,1262.961181640625,15.928945541381836,1278.987548828125,57.505165100097656,0.34948796033859253,tracked,0
97,1,938.853759765625,539.797607421875,994.6658935546875,619.4300537109375,0.6868027448654175,tracked,1
98,1,936.891845703125,536.8854370117188,993.23779296875,612.3875122070312,0.7392533421516418,tracked,1
99,1,934.485107421875,535.2742309570312,990.6854248046875,607.2134399414062,0.6941986083984375,tracked,1
100,3,1262.958251953125,16.201871871948242,1278.990966796875,57.595436096191406,0.22492700815200806,tracked,0
101,3,1262.9044189453125,14.969535827636719,1278.9793701171875,57.34728240966797,0.23360492289066315,tracked,0
102,1,966.0833129882812,529.0570068359375,1020.3948364257812,598.3385009765625,0.4746197462081909,tracked,1
103,1,970.7046508789062,528.2196044921875,1023.6679077148438,595.8240966796875,0.7326493263244629,tracked,1
104,1,971.1162109375,527.935302734375,1023.687255859375,594.5484619140625,0.7221019864082336,tracked,1
105,1,945.9564208984375,531.3547973632812,996.0595703125,597.7859497070312,0.5939858555793762,tracked,1
106,1,931.3419799804688,532.95166015625,978.7561645507812,597.6632080078125,0.4660203754901886,tracked,1
107,1,943.1873168945312,531.8582763671875,991.3862915039062,596.995361328125,0.4015522599220276,tracked,1
108,1,931.8114624023438,532.9385986328125,978.8466186523438,597.227294921875,0.6500123143196106,tracked,1
109,3,1262.84423828125,14.537017822265625,1278.974609375,57.22942352294922,0.26722007989883423,tracked,0
110,1,928.4590454101562,531.01025390625,982.4198608398438,596.0614013671875,0.6141752600669861,tracked,1
111,1,928.5751342773438,529.178955078125,987.2481079101562,596.4151611328125,0.45727184414863586,tracked,1
112,1,928.6908569335938,529.1054077148438,990.1583862304688,597.9508666992188,0.6777416467666626,tracked,1
113,1,928.1016845703125,528.2119750976562,989.62451171875,598.4063110351562,0.5384984612464905,tracked,1
114,3,1262.9066162109375,16.647104263305664,1279.0,57.600189208984375,0.3825179934501648,tracked,0
115,1,925.1981201171875,519.072265625,985.95849609375,589.6993408203125,0.2397141307592392,tracked,1
116,1,926.8475952148438,511.4412536621094,987.0073852539062,585.6690063476562,0.4758855700492859,tracked,1
117,1,925.858642578125,505.12908935546875,986.2440185546875,581.4352416992188,0.5778660178184509,tracked,1
118,1,927.6714477539062,499.846435546875,987.5164184570312,579.7413330078125,0.5958104729652405,tracked,1
119,1,925.050537109375,495.4751281738281,986.611572265625,578.2509765625,0.6454002261161804,tracked,1
120,1,923.9061279296875,490.22637939453125,985.634521484375,574.9302368164062,0.6360772252082825,tracked,1
121,1,923.5300903320312,485.25823974609375,985.4705200195312,571.7633666992188,0.6510578989982605,tracked,1
122,1,924.530029296875,480.0328674316406,985.8475341796875,569.1005859375,0.6335851550102234,tracked,1
123,1,926.9158935546875,473.5910949707031,986.815185546875,563.089599609375,0.6274332404136658,tracked,1
124,1,938.1116333007812,465.43585205078125,991.4905395507812,554.3671875,0.672476053237915,tracked,1
125,1,935.3680419921875,456.97967529296875,990.5364990234375,547.5188598632812,0.2647228538990021,tracked,1
126,1,933.5706787109375,449.7365417480469,989.250732421875,540.949951171875,0.6392951011657715,tracked,1
127,1,932.106201171875,442.21453857421875,987.513671875,533.6681518554688,0.6349006295204163,tracked,1
128,1,930.6161499023438,437.8328857421875,986.1054077148438,528.8141479492188,0.4813336133956909,tracked,1
129,3,1262.85986328125,15.081624984741211,1278.9931640625,57.46723937988281,0.29234665632247925,tracked,0
130,1,926.93408203125,429.30242919921875,982.30517578125,519.4334106445312,0.30044981837272644,tracked,1
131,1,921.5816650390625,427.1385498046875,974.93505859375,513.687744140625,0.4517988860607147,tracked,1
132,3,1262.8065185546875,16.085269927978516,1278.9810791015625,57.387699127197266,0.3082355856895447,tracked,0
133,1,914.363037109375,419.1309814453125,967.1650390625,501.5911865234375,0.6435897350311279,tracked,1
134,1,915.5015258789062,416.3614501953125,975.1061401367188,496.6318359375,0.6233139634132385,tracked,1
135,1,910.5537109375,413.2252502441406,968.704833984375,492.4901428222656,0.6504752039909363,tracked,1
136,1,907.223876953125,407.5833740234375,969.9066162109375,487.880859375,0.6118232607841492,tracked,1
137,3,1262.8494873046875,15.644390106201172,1279.0,57.2157096862793,0.2323075234889984,tracked,0
138,3,1262.8292236328125,15.855436325073242,1278.9989013671875,57.18671417236328,0.28910544514656067,tracked,0
139,3,1262.84619140625,14.991189956665039,1279.0,57.028297424316406,0.32745739817619324,tracked,0
140,3,1262.8663330078125,14.700254440307617,1279.0,57.04917907714844,0.275863915681839,tracked,0
141,3,1262.942626953125,14.044424057006836,1279.0,56.999900817871094,0.20074544847011566,tracked,0
142,3,1262.862548828125,15.13255500793457,1278.99951171875,57.40760803222656,0.2165393978357315,tracked,0
143,3,1262.8775634765625,15.638860702514648,1279.0,57.62164306640625,0.2434537559747696,tracked,0
144,3,1262.840576171875,14.179557800292969,1278.98876953125,56.939491271972656,0.33705487847328186,tracked,0
145,1,908.6347045898438,422.29071044921875,982.4334106445312,508.611328125,0.7296755909919739,tracked,1
146,1,904.68603515625,422.69207763671875,988.38671875,512.1463012695312,0.6382624506950378,tracked,1
147,1,899.137939453125,422.56488037109375,993.5301513671875,515.4467163085938,0.7318281531333923,tracked,1
148,1,894.8117065429688,422.95556640625,996.0425415039062,517.8341674804688,0.6367363333702087,tracked,1
149,1,885.2255249023438,430.64971923828125,975.9237670898438,523.0423583984375,0.6240098476409912,tracked,1
150,1,878.369384765625,435.3414001464844,961.9989013671875,528.23974609375,0.6016641855239868,tracked,1
151,1,875.2033081054688,442.10308837890625,953.1548461914062,534.4967041015625,0.3853762447834015,tracked,1
152,1,874.4325561523438,454.6437683105469,947.7196655273438,543.6724853515625,0.4219546616077423,tracked,1
153,1,872.9749755859375,459.44580078125,942.0416259765625,550.0747680664062,0.3009696304798126,tracked,1
154,1,871.4965209960938,459.9498291015625,938.2428588867188,542.2647705078125,0.2515754997730255,tracked,1
155,1,865.8051147460938,471.14898681640625,932.3126831054688,559.9620971679688,0.2658243477344513,tracked,1
156,1,862.1016235351562,480.2017822265625,929.1083374023438,571.302734375,0.4357171952724457,tracked,1
157,1,861.4483642578125,491.66656494140625,928.965087890625,579.8451538085938,0.43799275159835815,tracked,1
158,1,860.5220336914062,480.6363525390625,930.8855590820312,562.1229248046875,0.5529006719589233,tracked,1
159,1,860.0883178710938,491.0556335449219,932.3405151367188,572.9219360351562,0.511232852935791,tracked,1
160,1,858.683837890625,497.8651123046875,933.57470703125,579.632568359375,0.5590991973876953,tracked,1
161,1,858.320068359375,500.30999755859375,935.6676025390625,582.4671020507812,0.595126748085022,tracked,1
162,1,857.9122314453125,502.0857238769531,937.4697265625,584.1275634765625,0.6812686920166016,tracked,1
163,1,857.7371826171875,502.1328430175781,939.190673828125,583.9970703125,0.6910852193832397,tracked,1
164,1,857.7482299804688,497.46966552734375,940.3782348632812,581.8193969726562,0.6535547971725464,tracked,1
165,1,857.3080444335938,484.29913330078125,941.2619018554688,569.9537963867188,0.6446148753166199,tracked,1
166,1,857.5092163085938,484.16473388671875,941.1876831054688,571.2996215820312,0.6082205176353455,tracked,1
167,1,858.5162353515625,479.27825927734375,941.857421875,568.6188354492188,0.6557239890098572,tracked,1
168,1,859.5770874023438,477.3050231933594,942.1996459960938,567.595458984375,0.7705214023590088,tracked,1
169,1,860.6907958984375,477.075927734375,943.0113525390625,567.0181884765625,0.7716281414031982,tracked,1
170,1,861.8458251953125,477.8190612792969,944.2010498046875,567.3602905273438,0.7588528394699097,tracked,1
171,1,907.1783447265625,481.08160400390625,986.960205078125,569.0353393554688,0.6287627220153809,tracked,1
172,1,931.9207153320312,484.7658386230469,1009.7710571289062,572.050537109375,0.43042880296707153,tracked,1
173,1,907.0932006835938,484.8267517089844,984.1209106445312,574.1304931640625,0.48040086030960083,tracked,1
174,1,891.9979248046875,485.1673583984375,968.23193359375,575.976806640625,0.6510030627250671,tracked,1
175,1,919.171875,483.3884582519531,990.2210693359375,571.7742309570312,0.5826975107192993,tracked,1
176,1,936.0437622070312,482.9711608886719,1002.0294799804688,569.4373779296875,0.6535424590110779,tracked,1
177,1,915.3831176757812,482.98345947265625,989.1557006835938,574.0838012695312,0.6544968485832214,tracked,1
178,1,901.6326904296875,484.3363037109375,974.59521484375,577.4459228515625,0.5179972648620605,tracked,1
179,1,910.3501586914062,485.31829833984375,983.3709106445312,579.5390014648438,0.7020465135574341,tracked,1
180,1,916.175537109375,486.7880859375,988.2476806640625,580.1177978515625,0.684262752532959,tracked,1
181,1,920.3111572265625,487.8028869628906,991.7020263671875,580.769287109375,0.7244592905044556,tracked,1
182,1,922.77490234375,488.0276794433594,993.7274169921875,581.92578125,0.7377434968948364,tracked,1
183,1,923.791259765625,487.612548828125,995.2762451171875,582.6751708984375,0.7114700675010681,tracked,1
184,1,922.2481079101562,487.93939208984375,996.4819946289062,584.1179809570312,0.7293890118598938,tracked,1
185,1,922.159912109375,489.462158203125,998.7115478515625,585.5869140625,0.7455735206604004,tracked,1
186,1,923.5811157226562,491.1036376953125,1002.2404174804688,587.4251708984375,0.7329272627830505,tracked,1
187,1,925.4624633789062,492.1245422363281,1004.3721313476562,588.0039672851562,0.7236036658287048,tracked,1
188,1,925.5441284179688,492.6606140136719,1005.5868530273438,588.0669555664062,0.7304219007492065,tracked,1
189,1,924.9224853515625,493.17724609375,1006.651611328125,588.81103515625,0.7477895021438599,tracked,1
190,1,924.019775390625,493.92669677734375,1007.3748779296875,589.8085327148438,0.762004554271698,tracked,1
191,1,923.984130859375,494.4228210449219,1009.7379150390625,590.6668701171875,0.7285827398300171,tracked,1
192,1,923.9192504882812,494.9090270996094,1011.6841430664062,591.3038330078125,0.7172759175300598,tracked,1
193,1,922.6721801757812,495.46173095703125,1012.9795532226562,592.8334350585938,0.7129148244857788,tracked,1
194,1,925.6538696289062,495.6158447265625,1015.2549438476562,591.87158203125,0.7176374793052673,tracked,1
195,1,923.39453125,495.55023193359375,1013.943115234375,591.1943969726562,0.7227143049240112,tracked,1
196,1,926.3866577148438,496.0675354003906,1014.9320678710938,590.9270629882812,0.7200857400894165,tracked,1
197,1,932.8553466796875,497.8949279785156,1017.1512451171875,592.2698974609375,0.7075231671333313,tracked,1
198,1,940.6438598632812,497.8622741699219,1019.1483764648438,591.6527099609375,0.7186205983161926,tracked,1
199,1,935.887451171875,499.52001953125,1015.8341064453125,591.0198974609375,0.6898207068443298,tracked,1
200,1,926.81005859375,500.3709411621094,1011.5654296875,592.5997314453125,0.7429877519607544,tracked,1
201,1,920.5894775390625,501.8506774902344,1006.184814453125,592.87158203125,0.7414696216583252,tracked,1
202,1,917.9505615234375,503.45135498046875,1001.8626708984375,593.9785766601562,0.6612906455993652,tracked,1
203,1,918.7944946289062,503.16021728515625,1001.1880493164062,594.5928344726562,0.6951342821121216,tracked,1
204,1,919.0462646484375,499.6749572753906,1000.2459716796875,593.2926025390625,0.7023506760597229,tracked,1
205,1,917.8477783203125,498.3824462890625,995.1666259765625,591.3297119140625,0.707050621509552,tracked,1
206,1,921.4083862304688,496.1207580566406,994.9649047851562,588.744873046875,0.5315220355987549,tracked,1
207,1,922.6700439453125,494.5624084472656,994.142333984375,585.6258544921875,0.6268046498298645,tracked,1
208,1,921.8796997070312,490.43548583984375,992.9839477539062,578.7116088867188,0.6029389500617981,tracked,1
209,1,921.3848266601562,484.7998046875,993.0935668945312,572.2353515625,0.7021069526672363,tracked,1
210,1,926.3661499023438,477.7581787109375,995.9857788085938,562.4532470703125,0.7317847609519958,tracked,1
211,1,936.3251953125,467.7096862792969,999.59228515625,553.9692993164062,0.6969671845436096,tracked,1
212,4,1262.9136962890625,17.57082176208496,1279.0,57.52918243408203,0.24489203095436096,tracked,0
213,1,946.623046875,451.058837890625,1005.1651611328125,538.2860107421875,0.7099805474281311,tracked,1
214,1,951.295654296875,444.47747802734375,1006.0712890625,534.4577026367188,0.6569823622703552,tracked,1
215,1,946.724609375,439.4385986328125,1003.4530029296875,530.3087768554688,0.673710823059082,tracked,1
216,1,936.7322387695312,431.93414306640625,997.0350952148438,524.3621826171875,0.4582400321960449,tracked,1
217,1,931.645263671875,425.5882873535156,996.2669677734375,520.196044921875,0.3501843512058258,tracked,1
218,1,927.1231689453125,418.8075256347656,996.223388671875,516.190673828125,0.6982438564300537,tracked,1
219,4,1262.895751953125,16.454830169677734,1278.99853515625,57.44754409790039,0.27230319380760193,tracked,0
220,4,1262.9676513671875,16.495622634887695,1279.0,57.472190856933594,0.2684515416622162,tracked,0
221,4,1262.97900390625,15.119705200195312,1279.0,57.17039489746094,0.23616845905780792,tracked,0
222,4,1262.991943359375,15.385665893554688,1279.0,57.198402404785156,0.22682663798332214,tracked,0
223,4,1262.9749755859375,16.068023681640625,1279.0,57.357460021972656,0.28061482310295105,tracked,0
224,4,1262.9700927734375,16.134212493896484,1279.0,57.26359939575195,0.2688617408275604,tracked,0
225,4,1263.0140380859375,15.935163497924805,1279.0,57.352821350097656,0.21074172854423523,tracked,0
226,1,933.6149291992188,309.1393737792969,985.4296264648438,409.2157287597656,0.3762708008289337,tracked,1
227,4,1262.953369140625,15.947471618652344,1278.98828125,57.227516174316406,0.20803920924663544,tracked,0
228,4,1262.8758544921875,16.703866958618164,1278.9637451171875,57.419700622558594,0.32477012276649475,tracked,0
229,1,965.01123046875,264.7510070800781,1019.602294921875,361.4493103027344,0.7113189101219177,tracked,1
230,1,970.5803833007812,252.14764404296875,1022.2039184570312,346.584716796875,0.44350501894950867,tracked,1
231,1,973.3758544921875,242.8102569580078,1023.41015625,335.6296691894531,0.45020708441734314,tracked,1
232,1,974.0762329101562,234.2937774658203,1025.5303955078125,326.68414306640625,0.7023195624351501,tracked,1
233,1,974.628173828125,225.48489379882812,1027.40234375,317.5990905761719,0.7210094332695007,tracked,1
234,1,973.2442016601562,218.11004638671875,1025.47705078125,310.048583984375,0.7236736416816711,tracked,1
235,1,973.3362426757812,211.4287109375,1024.66162109375,302.53448486328125,0.7082460522651672,tracked,1
236,1,972.7395629882812,205.1571044921875,1024.3133544921875,295.5359191894531,0.7154808640480042,tracked,1
237,1,972.795654296875,198.89865112304688,1023.5875244140625,289.51031494140625,0.4722941517829895,tracked,1
238,1,973.7841186523438,193.79586791992188,1024.3392333984375,284.6097412109375,0.7112632989883423,tracked,1
239,1,974.3216552734375,188.6466064453125,1024.001220703125,279.3773193359375,0.6900101900100708,tracked,1
240,1,975.4804077148438,184.24452209472656,1024.337646484375,275.236572265625,0.73311448097229,tracked,1
241,1,974.9047241210938,179.10952758789062,1023.2017211914062,268.5643310546875,0.6196661591529846,tracked,1
242,1,949.8975219726562,114.23995971679688,997.5989379882812,194.24697875976562,0.5984776616096497,tracked,1
243,1,940.0158081054688,136.74998474121094,988.0092163085938,221.8908233642578,0.6512071490287781,tracked,1
244,1,936.62841796875,152.56988525390625,984.29736328125,240.67987060546875,0.4557361304759979,tracked,1
245,1,957.3972778320312,158.7868194580078,1008.4011840820312,248.00730895996094,0.5097730755805969,tracked,1
246,1,971.734375,160.59805297851562,1025.7978515625,249.34246826171875,0.749965250492096,tracked,1
247,1,979.3668212890625,160.6343994140625,1036.761474609375,249.42303466796875,0.7607502937316895,tracked,1
248,1,981.4434814453125,159.26661682128906,1042.7960205078125,248.6678009033203,0.756650984287262,tracked,1
249,1,983.4357299804688,157.4462127685547,1047.8531494140625,245.93235778808594,0.7689553499221802,tracked,1
250,1,983.0755615234375,155.2129364013672,1051.16650390625,241.89271545410156,0.7496894001960754,tracked,1
251,1,982.3927001953125,151.1536407470703,1053.862548828125,235.7942657470703,0.7687743902206421,tracked,1
252,1,982.4717407226562,148.6268310546875,1056.159423828125,231.64068603515625,0.7532113194465637,tracked,1
253,1,982.9002075195312,146.91722106933594,1057.767333984375,228.47886657714844,0.7398133873939514,tracked,1
254,1,984.2581787109375,145.74913024902344,1059.20166015625,227.06861877441406,0.7137251496315002,tracked,1
255,1,945.4071044921875,152.91311645507812,1016.680419921875,230.53561401367188,0.7538800239562988,tracked,1
256,1,922.0641479492188,154.81295776367188,990.2456665039062,231.25082397460938,0.7278095483779907,tracked,1
257,1,910.2698974609375,149.78282165527344,976.48388671875,229.4137725830078,0.7562039494514465,tracked,1
258,1,905.4404907226562,149.6468505859375,970.5841674804688,230.02871704101562,0.7690287828445435,tracked,1
259,1,904.848388671875,148.13064575195312,969.3203125,228.80130004882812,0.7725769281387329,tracked,1
260,1,906.122314453125,144.87179565429688,971.2733154296875,226.28097534179688,0.7811059951782227,tracked,1
261,1,907.5867919921875,141.09829711914062,972.833251953125,223.53628540039062,0.774770200252533,tracked,1
262,1,908.9352416992188,140.8252716064453,974.9097290039062,222.8380584716797,0.7723506093025208,tracked,1
263,1,909.5496215820312,140.560546875,976.2162475585938,221.90426635742188,0.777809739112854,tracked,1
264,1,909.36376953125,140.28863525390625,976.6781005859375,221.13604736328125,0.7807287573814392,tracked,1
265,1,908.5414428710938,138.8778076171875,976.8053588867188,219.32376098632812,0.7173283100128174,tracked,1
266,1,906.431396484375,138.3268280029297,975.0618896484375,217.8586883544922,0.71344393491745,tracked,1
267,1,904.9064331054688,139.04705810546875,975.5139770507812,216.7694091796875,0.7507433891296387,tracked,1
268,1,903.107666015625,141.66836547851562,976.1041259765625,216.62548828125,0.7862688302993774,tracked,1
269,1,900.673828125,143.0093994140625,975.86279296875,216.58212280273438,0.7750296592712402,tracked,1
270,1,898.5144653320312,140.29087829589844,976.8348999023438,215.24815368652344,0.7129700779914856,tracked,1
271,1,896.9871215820312,135.72988891601562,980.3650512695312,214.35174560546875,0.7105317711830139,tracked,1
272,1,896.161865234375,132.06979370117188,981.8203125,213.95263671875,0.7014372944831848,tracked,1
273,1,892.5845336914062,128.6094970703125,980.9335327148438,213.71499633789062,0.7489452362060547,tracked,1
274,1,888.8361206054688,130.56365966796875,978.3319702148438,215.7520751953125,0.7528182864189148,tracked,1
275,1,886.9218139648438,132.19163513183594,975.8512573242188,216.0903778076172,0.7489619255065918,tracked,1
276,1,885.7674560546875,133.77488708496094,972.5164794921875,215.53330993652344,0.7274264693260193,tracked,1
277,1,885.9347534179688,134.0026397705078,971.0621948242188,213.4059295654297,0.7308811545372009,tracked,1
278,1,888.2675170898438,133.8977508544922,971.3488159179688,209.4124298095703,0.7409951686859131,tracked,1
279,1,895.426025390625,133.65304565429688,975.66015625,206.34149169921875,0.717181384563446,tracked,1
280,1,904.7184448242188,134.2942352294922,981.5149536132812,204.5928497314453,0.7835465669631958,tracked,1
281,1,914.9974365234375,134.58914184570312,987.6317138671875,204.306640625,0.6938209533691406,tracked,1
282,1,921.8901977539062,134.60565185546875,990.9876098632812,202.768798828125,0.7799761891365051,tracked,1
283,1,928.9906005859375,135.424560546875,994.4442138671875,203.09100341796875,0.691181480884552,tracked,1
284,1,933.87255859375,135.409912109375,997.6116943359375,202.75778198242188,0.7058864235877991,tracked,1
285,1,937.1114501953125,134.18719482421875,1001.83349609375,201.43521118164062,0.7451170086860657,tracked,1
286,1,939.7882690429688,133.39752197265625,1005.0065307617188,201.51339721679688,0.7919785380363464,tracked,1
287,1,942.5421752929688,133.22625732421875,1008.3738403320312,202.34014892578125,0.7977840304374695,tracked,1
288,1,943.1027221679688,133.43524169921875,1008.9749145507812,202.96649169921875,0.7710897326469421,tracked,1
289,1,945.5521240234375,130.96392822265625,1014.6180419921875,200.60675048828125,0.8031414151191711,tracked,1
290,1,951.2160034179688,127.49309539794922,1021.4188842773438,197.21209716796875,0.8130732178688049,tracked,1
291,1,954.211669921875,124.62075805664062,1026.5355224609375,194.58026123046875,0.8008761405944824,tracked,1
292,1,955.864013671875,122.64990234375,1031.1185302734375,193.86416625976562,0.6811771392822266,tracked,1
293,1,959.5980224609375,119.64079284667969,1036.2916259765625,191.1723175048828,0.7482150793075562,tracked,1
294,1,966.8553466796875,114.30726623535156,1044.0623779296875,185.7766571044922,0.8004373908042908,tracked,1
295,1,965.4910888671875,97.77186584472656,1049.276123046875,176.55369567871094,0.7170830965042114,tracked,1
296,1,968.6827392578125,93.04702758789062,1053.8426513671875,175.05136108398438,0.6565614938735962,tracked,1
297,1,973.8902587890625,97.20726013183594,1059.87548828125,177.1705780029297,0.6546710729598999,tracked,1
298,1,978.1228637695312,97.67668151855469,1061.943359375,176.82286071777344,0.5572707653045654,tracked,1
299,1,976.4510498046875,103.06908416748047,1053.4034423828125,177.7955322265625,0.31824177503585815,tracked,1
300,1,1133.056640625,47.63614273071289,1193.550537109375,113.375,0.3138321042060852,tracked,1
301,1,1069.946044921875,76.29423522949219,1130.516357421875,141.9818878173828,0.3444037139415741,tracked,1
302,1,1025.9583740234375,96.30320739746094,1086.5399169921875,162.05699157714844,0.3209220767021179,tracked,1
303,1,998.7921142578125,108.35403442382812,1059.0975341796875,174.7274169921875,0.5570679903030396,tracked,1
304,1,984.8970336914062,114.45808410644531,1046.230712890625,181.18971252441406,0.6625149250030518,tracked,1
305,1,980.6034545898438,115.58010864257812,1044.3333740234375,184.71554565429688,0.6080019474029541,tracked,1
306,1,980.8018798828125,111.70079803466797,1047.407470703125,184.78042602539062,0.3721529543399811,tracked,1
307,1,983.1199340820312,108.7134017944336,1052.8045654296875,184.66537475585938,0.6304866075515747,tracked,1
308,1,984.4961547851562,105.49903869628906,1055.515869140625,183.7095184326172,0.6279435157775879,tracked,1
309,1,984.6707763671875,104.21417236328125,1054.2205810546875,183.16244506835938,0.6634776592254639,tracked,1
310,1,985.6607055664062,100.75894165039062,1054.752197265625,182.85086059570312,0.6300926208496094,tracked,1
311,1,987.19775390625,102.96815490722656,1053.918701171875,189.42384338378906,0.6033204197883606,tracked,1
312,1,989.014404296875,101.94496154785156,1053.8515625,193.7709197998047,0.5140703916549683,tracked,1
313,1,991.60546875,100.60066223144531,1055.8092041015625,197.2584686279297,0.5103973746299744,tracked,1
314,1,993.97998046875,99.77388763427734,1058.775634765625,199.83349609375,0.6408306956291199,tracked,1
315,1,995.4061889648438,99.08219909667969,1061.1463623046875,201.92259216308594,0.6215967535972595,tracked,1
316,1,996.9157104492188,98.88990020751953,1062.552490234375,203.58392333984375,0.6266687512397766,tracked,1
317,1,997.6160888671875,102.47860717773438,1061.9913330078125,205.82504272460938,0.6821052432060242,tracked,1
318,1,998.5626220703125,106.14347839355469,1061.5052490234375,208.33778381347656,0.7190647125244141,tracked,1
319,1,1000.3220825195312,105.98768615722656,1063.5367431640625,208.52122497558594,0.6598455905914307,tracked,1
320,1,1001.2403564453125,106.56893920898438,1064.7703857421875,208.76345825195312,0.7171651124954224,tracked,1
321,1,1002.9625244140625,107.759521484375,1066.0858154296875,208.71804809570312,0.7175986170768738,tracked,1
322,1,1003.8942260742188,107.68185424804688,1065.80810546875,208.0277099609375,0.6911641955375671,tracked,1
323,1,1004.4886474609375,105.34649658203125,1065.5784912109375,206.43038940429688,0.6127924919128418,tracked,1
324,1,1005.7974853515625,111.15234375,1065.6217041015625,208.78988647460938,0.6320047378540039,tracked,1
325,1,1006.0586547851562,114.45922088623047,1065.19140625,210.665283203125,0.6549991369247437,tracked,1
326,1,1004.98486328125,111.41165924072266,1064.659912109375,208.72772216796875,0.7086087465286255,tracked,1
327,1,1004.4463500976562,108.22511291503906,1064.9986572265625,207.25636291503906,0.6828567385673523,tracked,1
328,1,1003.8501586914062,107.55459594726562,1065.3885498046875,207.46051025390625,0.7359484434127808,tracked,1
329,1,1003.8256225585938,111.02595520019531,1066.0203857421875,209.75791931152344,0.7408897876739502,tracked,1
330,1,1004.396240234375,112.99244689941406,1066.89990234375,210.7490997314453,0.7477710843086243,tracked,1
331,1,1004.55810546875,113.65213012695312,1067.499267578125,211.35159301757812,0.7594557404518127,tracked,1
332,1,1004.6976318359375,115.01242065429688,1068.7093505859375,212.302734375,0.7672986388206482,tracked,1
333,1,1004.7828369140625,116.43099975585938,1070.2025146484375,213.40521240234375,0.775689423084259,tracked,1
334,1,1005.2713623046875,117.32913208007812,1071.5704345703125,214.01904296875,0.7668946385383606,tracked,1
335,1,1005.7647094726562,117.35453796386719,1072.66650390625,213.8386688232422,0.7569993734359741,tracked,1
336,1,1005.9337768554688,117.00614166259766,1073.003662109375,213.72018432617188,0.7584574818611145,tracked,1
337,1,1005.8916625976562,116.25691986083984,1073.289794921875,213.71209716796875,0.7387807965278625,tracked,1
338,1,1005.68212890625,115.36735534667969,1073.46142578125,214.00462341308594,0.7256053686141968,tracked,1
339,1,1006.434814453125,113.68827819824219,1074.23193359375,212.55296325683594,0.6975473165512085,tracked,1
340,1,1007.8602294921875,110.80201721191406,1075.0855712890625,210.0367889404297,0.6306131482124329,tracked,1
341,1,1008.2487182617188,111.76053619384766,1075.7860107421875,210.9876708984375,0.6865485906600952,tracked,1
342,1,1010.043701171875,111.63961791992188,1077.795654296875,210.31893920898438,0.7389434576034546,tracked,1
343,1,1011.1212768554688,111.40338897705078,1080.3885498046875,210.05960083007812,0.7063065767288208,tracked,1
344,1,1012.7022094726562,110.03085327148438,1083.3328857421875,210.00079345703125,0.711441695690155,tracked,1
345,1,1012.5606079101562,112.66254425048828,1084.4365234375,211.98391723632812,0.6987841725349426,tracked,1
346,1,1011.7463989257812,115.23049926757812,1084.8861083984375,213.7479248046875,0.7107924222946167,tracked,1
347,1,1011.3848266601562,116.76077270507812,1085.364501953125,215.5970458984375,0.5791133642196655,tracked,1
348,1,1010.811767578125,117.01126861572266,1085.404052734375,216.63168334960938,0.6721709370613098,tracked,1
349,1,1010.9055786132812,117.76324462890625,1085.8719482421875,217.05245971679688,0.6902468204498291,tracked,1
350,1,1011.3201904296875,117.5858154296875,1086.4346923828125,216.76486206054688,0.702452540397644,tracked,1
351,1,1011.5304565429688,117.0232162475586,1086.427490234375,216.35650634765625,0.7166500091552734,tracked,1
352,1,1011.544921875,116.58377075195312,1086.7802734375,216.13265991210938,0.6598539352416992,tracked,1
353,1,1011.0525512695312,116.85598754882812,1087.0152587890625,217.08285522460938,0.6572282910346985,tracked,1
354,1,1010.7786865234375,117.31442260742188,1088.1510009765625,218.15966796875,0.6023935079574585,tracked,1
355,1,1010.3744506835938,117.21617126464844,1089.3544921875,218.93272399902344,0.501237154006958,tracked,1
356,1,1010.3165283203125,117.21634674072266,1090.5233154296875,219.65432739257812,0.4391922056674957,tracked,1
357,1,1009.8941650390625,117.19578552246094,1091.0838623046875,220.07594299316406,0.34076130390167236,tracked,1
358,1,1009.6309204101562,117.07209014892578,1091.60595703125,220.03421020507812,0.4779413044452667,tracked,1
359,1,1009.5958251953125,116.82738494873047,1091.5303955078125,219.83282470703125,0.4296762943267822,tracked,1
360,1,1009.9934692382812,116.48554229736328,1091.3848876953125,219.24911499023438,0.4302593469619751,tracked,1
361,1,1010.4133911132812,115.36465454101562,1091.9022216796875,218.34759521484375,0.39488154649734497,tracked,1
362,1,1011.3733520507812,114.41079711914062,1091.0960693359375,218.36236572265625,0.5337544083595276,tracked,1
363,1,1011.9652099609375,114.6309814453125,1090.4573974609375,218.81533813476562,0.6322524547576904,tracked,1
364,1,1012.4324340820312,114.36857604980469,1090.232666015625,218.89845275878906,0.6237587928771973,tracked,1
365,1,1012.6619873046875,113.78889465332031,1089.7799072265625,218.88233947753906,0.6591320037841797,tracked,1
366,1,1012.71337890625,113.2459487915039,1089.361083984375,218.92825317382812,0.6504292488098145,tracked,1
367,1,1012.77001953125,113.6968994140625,1089.403076171875,219.54791259765625,0.6117061376571655,tracked,1
368,1,1012.8558959960938,113.54199981689453,1089.4415283203125,219.82955932617188,0.620194673538208,tracked,1
369,1,1012.8353881835938,113.13184356689453,1089.459716796875,220.12399291992188,0.4888385236263275,tracked,1
370,1,1012.7792358398438,112.80587768554688,1089.203857421875,220.31002807617188,0.46306318044662476,tracked,1
371,1,1012.78076171875,112.641357421875,1088.890380859375,220.47006225585938,0.4029839336872101,tracked,1
372,1,1012.6470336914062,112.17742919921875,1088.8402099609375,220.314697265625,0.44382449984550476,tracked,1
373,1,1012.5133666992188,111.62565612792969,1088.6226806640625,220.0312957763672,0.29634055495262146,tracked,1
374,1,1012.3284912109375,111.37657165527344,1088.2847900390625,219.9998016357422,0.24108390510082245,tracked,1
375,1,1012.2420043945312,111.25279235839844,1088.006591796875,220.0160675048828,0.29395976662635803,tracked,1
376,1,1147.914306640625,45.623844146728516,1207.546875,136.30764770507812,0.21814873814582825,tracked,1
377,1,1226.7216796875,7.803825378417969,1274.62158203125,86.35137176513672,0.17898237705230713,tracked,1
378,1,1266.076904296875,0.0,1279.0,61.179447174072266,0.2275407463312149,tracked,1
379,1,1279.0,0.0,1279.0,51.14259338378906,0.2835257649421692,tracked,1
380,1,1279.0,0.0,1279.0,49.08018112182617,0.19482114911079407,tracked,1
381,1,1278.704345703125,0.0,1279.0,50.443180084228516,0.2480386644601822,tracked,1
382,1,1273.349365234375,2.5974063873291016,1279.0,52.56507110595703,0.2373168021440506,tracked,1
383,1,1268.6201171875,6.5829620361328125,1279.0,54.72970199584961,0.2031046450138092,tracked,1
384,1,1265.1929931640625,10.532222747802734,1279.0,56.61545181274414,0.3193483352661133,tracked,1
385,1,1263.1331787109375,11.158601760864258,1279.0,57.23876953125,0.2523292601108551,tracked,1
386,1,1262.05810546875,13.112787246704102,1279.0,58.012718200683594,0.24032798409461975,tracked,1
387,1,1261.6549072265625,14.340349197387695,1279.0,58.27557373046875,0.23959466814994812,tracked,1
388,1,1261.552490234375,15.638662338256836,1278.840087890625,58.46568298339844,0.21626505255699158,tracked,1
389,1,1261.7530517578125,14.889461517333984,1278.7698974609375,57.82272720336914,0.2633570432662964,tracked,1
390,1,1262.0123291015625,14.910223007202148,1278.8248291015625,57.54741668701172,0.31202995777130127,tracked,1
391,1,1262.245361328125,14.67839241027832,1278.908935546875,57.320960998535156,0.2858130633831024,tracked,1
392,1,1262.4844970703125,15.47296142578125,1279.0,57.470733642578125,0.2006826400756836,tracked,1
393,1,1262.5986328125,15.049150466918945,1279.0,57.23381042480469,0.2653934061527252,tracked,1
394,1,1262.581787109375,15.373189926147461,1279.0,57.21455383300781,0.2620639204978943,tracked,1
395,1,1262.71240234375,15.262022018432617,1279.0,57.145713806152344,0.2731996774673462,tracked,1
396,1,1262.761962890625,15.33650016784668,1279.0,57.18745422363281,0.2097977101802826,tracked,1
397,1,1262.792236328125,15.801900863647461,1279.0,57.34058380126953,0.25171399116516113,tracked,1
398,1,1262.7857666015625,16.07354736328125,1279.0,57.39479064941406,0.27934932708740234,tracked,1
399,1,1262.816162109375,15.807767868041992,1279.0,57.21235656738281,0.2434781789779663,tracked,1
400,1,1124.2210693359375,86.48988342285156,1148.1539306640625,142.3930206298828,0.2596608102321625,tracked,1
401,1,1182.9444580078125,53.672630310058594,1204.7950439453125,106.4841079711914,0.2725338041782379,tracked,1
402,1,1083.9945068359375,103.15377044677734,1112.7518310546875,167.59817504882812,0.3179275393486023,tracked,1
403,1,1027.96142578125,129.7492218017578,1062.158447265625,202.4344024658203,0.4043627083301544,tracked,1
404,1,1141.908935546875,70.3682861328125,1171.25146484375,134.2684783935547,0.2819432020187378,tracked,1
405,1,1071.673095703125,102.3544921875,1106.425048828125,176.09625244140625,0.3476560413837433,tracked,1
406,1,1028.9503173828125,120.72608184814453,1068.3070068359375,202.08651733398438,0.25505226850509644,tracked,1
407,1,1006.111328125,129.46083068847656,1049.16455078125,216.40736389160156,0.3711731433868408,tracked,1
408,1,996.0149536132812,131.86192321777344,1042.1807861328125,223.0119171142578,0.3593638241291046,tracked,1
409,1,992.9539184570312,130.501708984375,1041.690185546875,224.73678588867188,0.4030839800834656,tracked,1
410,1,993.4608154296875,127.44309997558594,1044.391845703125,224.1940460205078,0.4028324782848358,tracked,1
411,1,995.3814697265625,124.17869567871094,1048.377197265625,222.86839294433594,0.36893486976623535,tracked,1
412,1,998.90185546875,112.23213195800781,1062.334716796875,210.3069305419922,0.21392466127872467,tracked,1
413,1,1144.4222412109375,44.7480354309082,1195.1295166015625,128.4168701171875,0.32374757528305054,tracked,1
414,1,1228.6104736328125,8.44106674194336,1269.9786376953125,81.29023742675781,0.2602348327636719,tracked,1
415,1,1269.9871826171875,0.0,1279.0,58.071529388427734,0.19181892275810242,tracked,1
416,1,1279.0,0.0,1279.0,48.77829360961914,0.2676193416118622,tracked,1
417,1,1279.0,0.0,1279.0,47.60647964477539,0.22398334741592407,tracked,1
418,1,1135.06689453125,55.93680953979492,1177.00341796875,119.12001037597656,0.43166258931159973,tracked,1
419,1,1052.8388671875,115.8016586303711,1095.88818359375,182.60543823242188,0.44091856479644775,tracked,1
420,1,1010.4044189453125,146.04702758789062,1054.5191650390625,216.58935546875,0.4273892343044281,tracked,1
421,1,993.6106567382812,157.67529296875,1038.130615234375,229.93133544921875,0.38899853825569153,tracked,1
422,1,979.3304443359375,138.14378356933594,1026.88671875,210.72023010253906,0.5575121641159058,tracked,1
423,1,976.70068359375,122.91038513183594,1026.736572265625,195.3696746826172,0.5099915862083435,tracked,1
424,1,1129.003662109375,56.23005294799805,1169.87646484375,120.47627258300781,0.2812056541442871,tracked,1
425,1,1219.593994140625,18.832778930664062,1253.79736328125,76.85633087158203,0.3009869158267975,tracked,1
426,1,1265.8721923828125,1.7697982788085938,1279.0,55.362518310546875,0.15988624095916748,tracked,1
427,1,1138.588134765625,61.50450134277344,1182.9619140625,127.6282958984375,0.29872146248817444,tracked,1
428,1,1202.340576171875,34.462501525878906,1239.107177734375,93.49691009521484,0.3015337586402893,tracked,1
429,1,1097.060546875,77.57882690429688,1153.603515625,149.01998901367188,0.415603369474411,tracked,1
430,1,1032.416015625,101.28608703613281,1103.2119140625,182.74107360839844,0.34024837613105774,tracked,1
431,1,1142.102783203125,52.740684509277344,1198.1484375,123.85210418701172,0.3041623532772064,tracked,1
432,1,1066.8267822265625,81.05327606201172,1139.8035888671875,162.90640258789062,0.35385262966156006,tracked,1
433,1,1019.4844970703125,103.98052215576172,1101.1392822265625,192.207763671875,0.26772353053092957,tracked,1
434,1,994.8394165039062,114.7398452758789,1084.2509765625,207.84423828125,0.27656570076942444,tracked,1
435,1,1128.6087646484375,54.91727066040039,1198.2054443359375,134.38714599609375,0.25359293818473816,tracked,1
436,1,1210.224609375,20.421043395996094,1265.3349609375,89.36280059814453,0.2765319347381592,tracked,1
437,1,1253.5902099609375,2.6656951904296875,1279.0,64.79344177246094,0.22300025820732117,tracked,1
438,1,1124.914306640625,59.39674377441406,1187.64208984375,133.3362274169922,0.3276557922363281,tracked,1
439,1,1043.541748046875,93.71708679199219,1119.607421875,176.7040252685547,0.35872548818588257,tracked,1
440,1,996.793212890625,106.14410400390625,1084.413818359375,196.98593139648438,0.5467315316200256,tracked,1
441,1,973.5859375,114.68855285644531,1068.9010009765625,210.7906036376953,0.3380914330482483,tracked,1
442,1,965.4609985351562,119.34544372558594,1065.713623046875,217.95787048339844,0.3886268734931946,tracked,1
443,1,963.2014770507812,119.66688537597656,1066.0657958984375,220.2801055908203,0.3846486806869507,tracked,1
444,1,964.7015991210938,117.64674377441406,1069.309326171875,219.82456970214844,0.3797774910926819,tracked,1
445,1,967.4820556640625,114.37288665771484,1073.70068359375,218.14437866210938,0.40550801157951355,tracked,1
446,1,1122.5712890625,48.53266906738281,1204.456298828125,135.44943237304688,0.34237635135650635,tracked,1
447,1,1062.17431640625,77.01625061035156,1150.957763671875,168.7050018310547,0.34851908683776855,tracked,1
448,1,1019.1102905273438,96.31550598144531,1113.555908203125,192.0413055419922,0.4762727916240692,tracked,1
449,1,992.1981201171875,109.19549560546875,1091.1282958984375,207.21337890625,0.48301029205322266,tracked,1
450,1,977.1008911132812,115.24362182617188,1079.373046875,215.5078125,0.451643705368042,tracked,1
451,1,970.3477783203125,118.17739868164062,1075.1243896484375,219.95025634765625,0.36470019817352295,tracked,1
452,1,967.6465454101562,118.3248062133789,1074.62255859375,221.26779174804688,0.46165362000465393,tracked,1
453,1,967.5171508789062,117.9300537109375,1075.9654541015625,221.5560302734375,0.4252280294895172,tracked,1
454,1,967.6502685546875,116.69328308105469,1077.3675537109375,221.12623596191406,0.49011263251304626,tracked,1
455,1,968.8250732421875,115.91254425048828,1079.3331298828125,220.77310180664062,0.4083274006843567,tracked,1
456,1,969.6846923828125,114.95426177978516,1080.9559326171875,220.47512817382812,0.34097588062286377,tracked,1
457,1,970.1441040039062,115.38358306884766,1082.1871337890625,220.92501831054688,0.2736215889453888,tracked,1
458,1,1124.6346435546875,47.599952697753906,1210.7757568359375,136.119384765625,0.29160642623901367,tracked,1
459,1,1214.98046875,10.244857788085938,1279.0,86.22189331054688,0.25135481357574463,tracked,1
460,1,1260.5576171875,0.0,1279.0,60.62293243408203,0.2687629461288452,tracked,1
461,1,1278.460205078125,0.0,1279.0,50.34111785888672,0.2071765810251236,tracked,1
462,1,1279.0,0.0,1279.0,47.77311706542969,0.2454751878976822,tracked,1
463,1,1278.1107177734375,0.0,1279.0,49.58154296875,0.318677693605423,tracked,1
464,1,1118.6719970703125,76.07417297363281,1171.3614501953125,140.2149658203125,0.24318911135196686,tracked,1
465,1,1177.8770751953125,47.194976806640625,1220.7171630859375,105.92549133300781,0.32062268257141113,tracked,1
466,1,1064.9954833984375,100.14259338378906,1126.6873779296875,170.37095642089844,0.24193471670150757,tracked,1
467,1,1000.8126831054688,129.22711181640625,1076.2410888671875,207.62600708007812,0.22680352628231049,tracked,1
468,1,1122.990478515625,69.31472778320312,1182.42041015625,137.82379150390625,0.27826377749443054,tracked,1
469,1,1201.31640625,32.19350814819336,1249.04248046875,93.17878723144531,0.2012123167514801,tracked,1
470,1,1245.577880859375,11.040735244750977,1279.0,67.35486602783203,0.17430785298347473,tracked,1
471,1,1266.7677001953125,3.103534698486328,1279.0,55.3199577331543,0.17736099660396576,tracked,1
472,1,1274.10205078125,2.061807632446289,1279.0,51.158843994140625,0.23475638031959534,tracked,1
473,1,1274.361572265625,3.655681610107422,1279.0,50.8270263671875,0.27339181303977966,tracked,1
475,1,1270.563720703125,7.265048980712891,1279.0,52.6912841796875,0.2347509115934372,tracked,1
476,1,1266.2127685546875,11.522804260253906,1279.0,55.490257263183594,0.19324354827404022,tracked,1
477,1,1263.8563232421875,12.415515899658203,1279.0,56.54861068725586,0.20348098874092102,tracked,1
478,1,1262.526123046875,13.324758529663086,1279.0,57.20835876464844,0.266279935836792,tracked,1
479,1,1261.908203125,14.71835708618164,1279.0,57.70779037475586,0.3097763657569885,tracked,1
480,1,1261.7781982421875,14.089004516601562,1279.0,57.44776153564453,0.27868908643722534,tracked,1
481,1,1261.87109375,14.33038330078125,1278.887451171875,57.4093017578125,0.27290037274360657,tracked,1
482,1,1262.0914306640625,12.92608642578125,1278.8690185546875,56.91618347167969,0.18625688552856445,tracked,1
483,1,1262.287841796875,12.466035842895508,1278.907958984375,56.847312927246094,0.22812576591968536,tracked,1
484,1,1262.4913330078125,13.45136833190918,1278.9749755859375,57.2298583984375,0.22154207527637482,tracked,1
485,1,1262.6112060546875,12.769746780395508,1279.0,57.10132598876953,0.2132970094680786,tracked,1
486,1,1262.6575927734375,13.118127822875977,1279.0,57.21051025390625,0.2004573941230774,tracked,1
487,1,1262.7022705078125,13.859823226928711,1279.0,57.463584899902344,0.19932900369167328,tracked,1
488,1,1262.7799072265625,14.153871536254883,1279.0,57.508460998535156,0.3022995591163635,tracked,1
489,1,1262.8267822265625,14.249818801879883,1279.0,57.56596374511719,0.2664605379104614,tracked,1
490,1,1262.8270263671875,14.997913360595703,1279.0,57.82468032836914,0.23477695882320404,tracked,1
491,1,1262.7984619140625,15.373476028442383,1279.0,57.76332092285156,0.3081131875514984,tracked,1
492,1,1262.8431396484375,15.323799133300781,1279.0,57.682525634765625,0.22643131017684937,tracked,1
493,1,1262.857421875,15.25062370300293,1279.0,57.552528381347656,0.2567080557346344,tracked,1
494,1,1115.254150390625,90.34329223632812,1157.690185546875,150.540283203125,0.1520841270685196,tracked,1
495,1,1176.386962890625,56.79413604736328,1211.719482421875,112.10773468017578,0.2005324512720108,tracked,1
496,1,1219.0899658203125,32.248600006103516,1249.2196044921875,84.75791931152344,0.21210896968841553,tracked,1
497,1,1245.4412841796875,17.802936553955078,1271.7896728515625,67.962646484375,0.3048660457134247,tracked,1
498,1,1112.1124267578125,86.14544677734375,1162.4290771484375,152.0653839111328,0.24991348385810852,tracked,1
499,1,1032.1470947265625,125.16868591308594,1099.8323974609375,202.5879364013672,0.22150425612926483,tracked,1
500,1,1137.51953125,68.41182708740234,1191.307373046875,136.37557983398438,0.2794502377510071,tracked,1
501,1,1058.3785400390625,106.79158020019531,1128.4766845703125,186.0564422607422,0.29083311557769775,tracked,1
502,1,1011.2902221679688,128.40591430664062,1093.313720703125,215.86019897460938,0.3173303008079529,tracked,1
503,1,986.5809326171875,137.9353485107422,1077.2974853515625,231.5984344482422,0.2644592523574829,tracked,1
504,1,1123.9124755859375,65.44889068603516,1194.4522705078125,145.36138916015625,0.27859964966773987,tracked,1
505,1,1060.401611328125,97.89515686035156,1142.62548828125,186.01893615722656,0.2921021580696106,tracked,1
506,1,1166.374267578125,44.10884475708008,1230.742919921875,119.37681579589844,0.25219208002090454,tracked,1
507,1,1228.72705078125,13.66733169555664,1279.0,80.02040100097656,0.2442850023508072,tracked,1
508,1,1260.422119140625,0.41785621643066406,1279.0,59.93006134033203,0.24020709097385406,tracked,1
509,1,1273.1517333984375,0.0,1279.0,51.13945388793945,0.2530815303325653,tracked,1
510,1,1275.60205078125,0.0,1279.0,49.37449645996094,0.29665425419807434,tracked,1
511,1,1273.27099609375,1.8191051483154297,1279.0,50.90696716308594,0.35010603070259094,tracked,1
512,1,1269.7236328125,6.069089889526367,1279.0,53.12232971191406,0.2689110338687897,tracked,1
513,1,1117.095703125,84.68930053710938,1165.38134765625,148.74391174316406,0.2211323082447052,tracked,1
514,1,1027.8087158203125,128.6234130859375,1094.1248779296875,205.01373291015625,0.2714862823486328,tracked,1
515,1,982.5641479492188,148.26625061035156,1062.0601806640625,233.7090301513672,0.2667771577835083,tracked,1
516,1,964.48681640625,153.07098388671875,1053.568603515625,245.23648071289062,0.2505156099796295,tracked,1
517,1,961.1593627929688,150.23304748535156,1057.401611328125,247.36195373535156,0.28477942943573,tracked,1
518,1,964.5408935546875,144.5161895751953,1066.0784912109375,245.1670379638672,0.3059471547603607,tracked,1
519,1,969.4488525390625,138.8017578125,1074.9547119140625,242.1181640625,0.2910672426223755,tracked,1
520,1,973.8819580078125,134.19183349609375,1082.2864990234375,239.51333618164062,0.2943783700466156,tracked,1
521,1,977.2564086914062,130.62310791015625,1087.7838134765625,237.455810546875,0.3195805251598358,tracked,1
522,1,979.054443359375,128.38999938964844,1091.06982421875,236.4346160888672,0.2997589707374573,tracked,1
523,1,980.0560913085938,127.15097045898438,1093.377197265625,236.01971435546875,0.2928444445133209,tracked,1
524,1,980.4920043945312,126.38280487060547,1095.006103515625,235.86810302734375,0.3105987012386322,tracked,1
525,1,980.401611328125,126.01083374023438,1095.7177734375,235.93414306640625,0.3276449739933014,tracked,1
526,1,980.1699829101562,125.97457885742188,1095.9716796875,236.16085815429688,0.3164030909538269,tracked,1
527,1,979.8726196289062,125.80931091308594,1095.9920654296875,236.27784729003906,0.3405667841434479,tracked,1
528,1,979.4977416992188,125.91828918457031,1095.71484375,236.5359344482422,0.32222744822502136,tracked,1
529,1,979.411376953125,126.05735778808594,1095.6806640625,236.74147033691406,0.2948169708251953,tracked,1
530,1,979.274658203125,126.03118896484375,1095.587890625,236.83200073242188,0.2788911759853363,tracked,1
531,1,979.2655029296875,126.21672058105469,1096.6256103515625,237.0415802001953,0.25638347864151,tracked,1
532,1,979.1043090820312,126.10162353515625,1096.213134765625,237.09930419921875,0.2664758265018463,tracked,1
533,1,978.8719482421875,126.14552307128906,1095.7347412109375,237.1993865966797,0.27561309933662415,tracked,1
534,1,1127.508544921875,50.801658630371094,1217.150390625,143.48529052734375,0.27838608622550964,tracked,1
535,1,1214.6741943359375,8.637638092041016,1279.0,88.28793334960938,0.2403285950422287,tracked,1
536,1,1110.0555419921875,65.76024627685547,1192.3658447265625,153.97512817382812,0.21293427050113678,tracked,1
537,1,1189.344482421875,29.279903411865234,1253.767822265625,104.56674194335938,0.24846206605434418,tracked,1
538,1,1235.78271484375,8.98501205444336,1279.0,75.37255859375,0.2727987766265869,tracked,1
539,1,1259.189697265625,0.5808982849121094,1279.0,60.30376052856445,0.26753559708595276,tracked,1
540,1,1268.6522216796875,0.0,1279.0,54.228729248046875,0.22946658730506897,tracked,1
541,1,1270.6484375,1.911478042602539,1279.0,52.907562255859375,0.25581052899360657,tracked,1
542,1,1120.3468017578125,80.06300354003906,1174.7371826171875,147.2015838623047,0.21440303325653076,tracked,1
543,1,1179.5885009765625,48.06221008300781,1223.6011962890625,109.38442993164062,0.23461130261421204,tracked,1
544,1,1220.3868408203125,28.007102966308594,1256.8572998046875,83.90826416015625,0.31615716218948364,tracked,1
545,1,1096.466796875,91.13085174560547,1154.75830078125,161.88211059570312,0.22708596289157867,tracked,1
546,1,1171.56005859375,51.302162170410156,1218.448974609375,114.7496566772461,0.27266958355903625,tracked,1
547,1,1220.520751953125,26.961206436157227,1259.135498046875,84.34993743896484,0.23845785856246948,tracked,1
548,1,1248.814697265625,11.811552047729492,1279.0,66.11560821533203,0.2557462453842163,tracked,1
549,1,1262.96630859375,4.342266082763672,1279.0,56.84749221801758,0.22644375264644623,tracked,1
550,1,1268.2506103515625,4.168279647827148,1279.0,53.846275329589844,0.3121512830257416,tracked,1
551,1,1119.7275390625,80.96192932128906,1169.49169921875,147.26185607910156,0.25223904848098755,tracked,1
552,1,1030.8504638671875,124.90853118896484,1098.6719970703125,203.30264282226562,0.23733815550804138,tracked,1
553,1,1133.9891357421875,70.32421875,1187.9093017578125,138.6822509765625,0.26879873871803284,tracked,1
554,1,1202.28515625,33.94226837158203,1246.010009765625,95.6779556274414,0.2916494905948639,tracked,1
555,1,1242.2559814453125,15.353096008300781,1278.5499267578125,71.0102310180664,0.29954591393470764,tracked,1
556,1,1112.478759765625,81.35765075683594,1170.36328125,151.9017791748047,0.29876983165740967,tracked,1
557,1,1182.5062255859375,45.9339599609375,1229.1080322265625,108.22004699707031,0.28958648443222046,tracked,1
558,1,1076.7894287109375,98.40489196777344,1142.1260986328125,173.8546600341797,0.2256658971309662,tracked,1
559,1,1164.185546875,51.792572021484375,1216.244384765625,118.80393981933594,0.29047682881355286,tracked,1
560,1,1219.654052734375,23.513736724853516,1262.03466796875,84.09292602539062,0.22838011384010315,tracked,1
561,1,1250.7862548828125,8.42015266418457,1279.0,64.67021942138672,0.23349857330322266,tracked,1
562,1,1265.511474609375,3.2817325592041016,1279.0,55.78083038330078,0.25651559233665466,tracked,1
563,1,1270.563232421875,2.338499069213867,1279.0,52.533416748046875,0.2509092092514038,tracked,1
564,1,1270.5911865234375,5.192008972167969,1279.0,52.87089538574219,0.3032701313495636,tracked,1
565,1,1268.716796875,7.588596343994141,1279.0,53.97053909301758,0.26229405403137207,tracked,1
566,1,1266.495361328125,8.474075317382812,1279.0,54.7568359375,0.23890948295593262,tracked,1
567,1,1264.6021728515625,11.264444351196289,1279.0,56.189781188964844,0.3413558304309845,tracked,1
568,1,1263.2867431640625,12.860946655273438,1279.0,56.99470520019531,0.2599855959415436,tracked,1
569,1,1262.6229248046875,13.753551483154297,1279.0,57.45145797729492,0.22546467185020447,tracked,1
570,1,1262.3406982421875,14.48867416381836,1279.0,57.77468490600586,0.18900424242019653,tracked,1
571,1,1262.1776123046875,15.088598251342773,1279.0,57.808998107910156,0.2814399302005768,tracked,1
572,1,1262.3514404296875,15.495052337646484,1279.0,57.82167434692383,0.2430334836244583,tracked,1
573,1,1262.375732421875,14.50889778137207,1278.9541015625,57.38744354248047,0.24743206799030304,tracked,1
574,1,1262.50439453125,13.718362808227539,1278.966552734375,57.034088134765625,0.25321394205093384,tracked,1
575,1,1262.6600341796875,13.07180404663086,1279.0,56.867801666259766,0.27479907870292664,tracked,1
576,1,1262.7177734375,13.30642318725586,1279.0,56.9525260925293,0.28156551718711853,tracked,1
577,1,1262.7496337890625,13.961023330688477,1279.0,57.15142822265625,0.26450175046920776,tracked,1
578,1,1262.7227783203125,14.442989349365234,1279.0,57.272403717041016,0.2203362137079239,tracked,1
579,1,1262.8746337890625,14.921789169311523,1279.0,57.501625061035156,0.1555318683385849,tracked,1
580,1,1262.99169921875,13.947490692138672,1279.0,57.13814163208008,0.2328338772058487,tracked,1
581,1,1263.0113525390625,13.101533889770508,1279.0,56.93267822265625,0.22624829411506653,tracked,1
582,1,1262.9010009765625,13.467458724975586,1279.0,57.03700256347656,0.2022632509469986,tracked,1
583,1,1262.8372802734375,13.312017440795898,1278.9840087890625,57.01185607910156,0.23715366423130035,tracked,1
584,1,1262.885009765625,14.502788543701172,1279.0,57.40846633911133,0.3039112091064453,tracked,1
585,1,1262.86181640625,14.458454132080078,1278.9912109375,57.410640716552734,0.20463745296001434,tracked,1
586,1,1262.8951416015625,14.745046615600586,1279.0,57.51634216308594,0.22845803201198578,tracked,1
587,1,1262.936767578125,15.134435653686523,1279.0,57.5478515625,0.22326159477233887,tracked,1
588,1,1262.8741455078125,15.159584045410156,1278.9923095703125,57.380714416503906,0.31969740986824036,tracked,1
589,1,1262.8863525390625,14.801919937133789,1278.9974365234375,57.175079345703125,0.26082664728164673,tracked,1
590,1,1262.8612060546875,15.627548217773438,1278.9886474609375,57.34794616699219,0.2535807490348816,tracked,1
591,1,1262.914306640625,15.13104248046875,1279.0,57.186073303222656,0.19232268631458282,tracked,1
592,1,1262.842529296875,14.986915588378906,1278.982666015625,57.06359100341797,0.24133612215518951,tracked,1
593,1,1262.8468017578125,15.22203254699707,1278.9871826171875,57.136566162109375,0.24821263551712036,tracked,1
594,1,1262.8052978515625,13.250850677490234,1278.9752197265625,56.41202926635742,0.24191676080226898,tracked,1
595,1,1262.8251953125,14.272327423095703,1278.988037109375,56.913150787353516,0.2718164920806885,tracked,1
596,1,1262.78173828125,14.694095611572266,1278.975830078125,56.9731330871582,0.32131296396255493,tracked,1
597,1,1262.8319091796875,13.985099792480469,1278.9998779296875,56.81359100341797,0.18913613259792328,tracked,1
598,1,1262.910400390625,13.909381866455078,1279.0,56.9969367980957,0.2530718743801117,tracked,1
599,1,1262.8741455078125,13.359428405761719,1279.0,56.775856018066406,0.289466917514801,tracked,1
600,1,1262.8206787109375,13.2186279296875,1278.9893798828125,56.77967071533203,0.27677565813064575,tracked,1
601,1,1262.7728271484375,14.783748626708984,1278.9732666015625,57.48593521118164,0.280657559633255,tracked,1
602,1,1262.8397216796875,14.730390548706055,1279.0,57.48120880126953,0.2316088080406189,tracked,1
603,1,1262.82177734375,14.054962158203125,1278.99658203125,57.15638732910156,0.2702183723449707,tracked,1
604,1,1262.8858642578125,14.319135665893555,1279.0,57.17344665527344,0.25186237692832947,tracked,1
605,1,1262.8642578125,14.62289047241211,1279.0,57.23881912231445,0.2814704179763794,tracked,1
606,1,1262.934814453125,13.781375885009766,1279.0,57.001346588134766,0.1953359842300415,tracked,1
607,1,1262.9501953125,13.82609748840332,1279.0,57.087989807128906,0.25782510638237,tracked,1
608,1,1262.8443603515625,14.524234771728516,1278.9854736328125,57.314937591552734,0.2214277982711792,tracked,1
609,1,1262.861572265625,14.448780059814453,1278.992431640625,57.18965530395508,0.28347113728523254,tracked,1
610,1,1262.900634765625,12.485401153564453,1279.0,56.530147552490234,0.2398916482925415,tracked,1
611,1,1262.8948974609375,12.690176010131836,1279.0,56.791290283203125,0.19035276770591736,tracked,1
612,1,1262.9014892578125,12.143758773803711,1279.0,56.668701171875,0.2062901258468628,tracked,1
613,1,1262.9093017578125,13.894403457641602,1279.0,57.33087158203125,0.24663683772087097,tracked,1
614,1,1262.9815673828125,13.970745086669922,1279.0,57.376338958740234,0.21078264713287354,tracked,1
615,1,1262.9974365234375,12.981094360351562,1279.0,56.93413543701172,0.21235068142414093,tracked,1
616,1,1262.9376220703125,12.3060302734375,1279.0,56.68878173828125,0.2588121294975281,tracked,1
617,1,1262.8753662109375,13.063383102416992,1278.9769287109375,57.01219177246094,0.21225421130657196,tracked,1
618,1,1262.881591796875,13.853897094726562,1278.982421875,57.32405090332031,0.21260888874530792,tracked,1
619,1,1262.8101806640625,13.83132553100586,1278.9603271484375,57.24445724487305,0.17336896061897278,tracked,1
620,1,1262.91015625,14.294195175170898,1279.0,57.45997619628906,0.19737562537193298,tracked,1
621,1,1262.807861328125,14.90164566040039,1278.96875,57.486995697021484,0.2778187096118927,tracked,1
622,1,1262.7838134765625,14.231088638305664,1278.9669189453125,57.123199462890625,0.22763864696025848,tracked,1
623,1,1262.90283203125,15.169692993164062,1279.0,57.49439239501953,0.20990633964538574,tracked,1
624,1,1262.9251708984375,15.300849914550781,1279.0,57.60296630859375,0.2610854208469391,tracked,1
625,1,1262.910400390625,13.616022109985352,1279.0,56.939231872558594,0.2510235905647278,tracked,1
626,1,1263.007568359375,13.645000457763672,1279.0,57.025691986083984,0.2485770434141159,tracked,1
627,1,1262.9774169921875,13.026382446289062,1279.0,56.774314880371094,0.28429144620895386,tracked,1
628,1,1262.9395751953125,13.133405685424805,1279.0,56.80669403076172,0.29439014196395874,tracked,1
629,1,1113.834716796875,88.24555969238281,1157.330322265625,150.66712951660156,0.1663418561220169,tracked,1
630,1,1175.463623046875,56.45755386352539,1211.582275390625,112.6890869140625,0.21485306322574615,tracked,1
631,1,1218.5355224609375,32.717384338378906,1249.2430419921875,85.41250610351562,0.22016285359859467,tracked,1
632,1,1245.0867919921875,19.24254035949707,1271.8870849609375,68.89009094238281,0.25076332688331604,tracked,1
633,1,1259.468994140625,12.502254486083984,1279.0,59.7810173034668,0.33170464634895325,tracked,1
634,1,1265.876953125,9.249153137207031,1279.0,55.45610809326172,0.27476146817207336,tracked,1
635,1,1267.7178955078125,8.909976959228516,1279.0,54.189544677734375,0.2144101858139038,tracked,1
636,1,1267.34228515625,10.146743774414062,1279.0,54.39360046386719,0.27794891595840454,tracked,1
637,1,1266.16943359375,11.822608947753906,1279.0,55.25004577636719,0.26700666546821594,tracked,1
638,1,1116.7103271484375,87.18741607666016,1161.6947021484375,149.2674560546875,0.23667344450950623,tracked,1
639,1,1028.8511962890625,128.90518188476562,1092.9769287109375,204.6478271484375,0.2546274960041046,tracked,1
640,1,1132.1837158203125,72.77816772460938,1183.3868408203125,139.54403686523438,0.28733572363853455,tracked,1
641,1,1053.1121826171875,110.46195983886719,1121.7064208984375,189.60572814941406,0.29736441373825073,tracked,1
642,1,1006.7657470703125,130.8360137939453,1088.1087646484375,219.0198516845703,0.30891111493110657,tracked,1
643,1,983.2357177734375,139.3136749267578,1073.9417724609375,234.1105499267578,0.3358008861541748,tracked,1
644,1,973.8070678710938,140.76498413085938,1071.3841552734375,240.36727905273438,0.3659692406654358,tracked,1
645,1,972.1805419921875,138.6104736328125,1074.7760009765625,241.759033203125,0.3814046382904053,tracked,1
646,1,973.6076049804688,135.25262451171875,1079.8670654296875,240.99484252929688,0.40598106384277344,tracked,1
647,1,975.9255981445312,131.9220733642578,1084.7418212890625,239.55882263183594,0.4042503833770752,tracked,1
648,1,977.7007446289062,129.2997589111328,1088.6553955078125,238.32041931152344,0.3797104060649872,tracked,1
649,1,978.9816284179688,127.44319152832031,1091.434326171875,237.4297332763672,0.4036751985549927,tracked,1
650,1,979.5191650390625,126.189697265625,1093.2086181640625,236.91131591796875,0.3854605257511139,tracked,1
651,1,979.6516723632812,125.373291015625,1094.2265625,236.70526123046875,0.38545867800712585,tracked,1
652,1,979.2742919921875,124.9376220703125,1094.7818603515625,236.680419921875,0.40661436319351196,tracked,1
653,1,978.2205810546875,124.66893005371094,1094.8009033203125,236.7724151611328,0.4329775869846344,tracked,1
654,1,977.6908569335938,124.50994873046875,1094.8367919921875,236.87008666992188,0.43377062678337097,tracked,1
655,1,977.389892578125,124.33309936523438,1095.1240234375,236.89990234375,0.43508049845695496,tracked,1
656,1,976.8990478515625,124.34772491455078,1095.1866455078125,237.07467651367188,0.4613804519176483,tracked,1
657,1,976.3624877929688,124.38993835449219,1095.1971435546875,237.2245635986328,0.4240032732486725,tracked,1
658,1,976.2243041992188,124.25540161132812,1095.2939453125,237.20968627929688,0.4569716155529022,tracked,1
659,1,976.1394653320312,124.0993423461914,1095.496826171875,237.18972778320312,0.4203384220600128,tracked,1
660,1,975.7896118164062,123.9853515625,1095.4036865234375,237.18594360351562,0.41238826513290405,tracked,1
661,1,975.8333129882812,124.08592987060547,1095.5513916015625,237.30215454101562,0.3992767035961151,tracked,1
662,1,975.7764892578125,124.04399108886719,1095.5980224609375,237.3428192138672,0.39732256531715393,tracked,1
663,1,975.4124145507812,124.065673828125,1095.3504638671875,237.44509887695312,0.4087655544281006,tracked,1
664,1,975.3773803710938,124.09027862548828,1095.2392578125,237.462158203125,0.3416464030742645,tracked,1
665,1,974.9146728515625,124.25335693359375,1095.2413330078125,237.57571411132812,0.34824663400650024,tracked,1
666,1,974.5497436523438,124.17892456054688,1095.236083984375,237.55288696289062,0.3672352433204651,tracked,1
667,1,974.2014770507812,124.23690795898438,1095.3770751953125,237.63137817382812,0.3548488914966583,tracked,1
668,1,973.802734375,124.30497741699219,1095.15576171875,237.7187042236328,0.34974396228790283,tracked,1
669,1,973.317138671875,124.25786590576172,1094.870361328125,237.72573852539062,0.38867104053497314,tracked,1
670,1,972.9239501953125,124.43049621582031,1094.9976806640625,237.83042907714844,0.32886821031570435,tracked,1
671,1,972.92578125,124.33971405029297,1095.128662109375,237.66757202148438,0.34447142481803894,tracked,1
672,1,972.474365234375,124.30906677246094,1095.029296875,237.63160705566406,0.30199649930000305,tracked,1
673,1,971.6082763671875,124.34363555908203,1094.7379150390625,237.6329345703125,0.3106629252433777,tracked,1
674,1,1123.3740234375,50.792144775390625,1217.603759765625,144.4700469970703,0.3148360848426819,tracked,1
675,1,1059.48046875,83.80553436279297,1162.070556640625,182.78668212890625,0.2904186546802521,tracked,1
676,1,1168.0164794921875,32.936912536621094,1247.2481689453125,116.17853546142578,0.27998608350753784,tracked,1
677,1,1230.3306884765625,5.962913513183594,1279.0,77.74104309082031,0.27719739079475403,tracked,1
678,1,1108.613037109375,69.22431945800781,1187.85888671875,152.13412475585938,0.23489373922348022,tracked,1
679,1,1031.4852294921875,108.57070922851562,1122.8089599609375,199.62075805664062,0.25182822346687317,tracked,1
680,1,988.1351928710938,129.52427673339844,1088.171630859375,226.5175018310547,0.2641950845718384,tracked,1
681,1,1119.385498046875,64.84956359863281,1196.779052734375,146.26870727539062,0.32276296615600586,tracked,1
682,1,1201.5076904296875,24.497634887695312,1262.3150634765625,95.68392944335938,0.21249355375766754,tracked,1
683,1,1246.6705322265625,3.9721145629882812,1279.0,67.62384796142578,0.2670678198337555,tracked,1
684,1,1267.549072265625,0.0,1279.0,54.78404998779297,0.22222580015659332,tracked,1
685,1,1274.3428955078125,0.0,1279.0,50.02184295654297,0.24220414459705353,tracked,1
686,1,1122.389404296875,73.79286193847656,1180.37744140625,143.90150451660156,0.285722941160202,tracked,1
687,1,1181.9915771484375,44.04755401611328,1228.6944580078125,106.99498748779297,0.27594220638275146,tracked,1
688,1,1070.48095703125,99.00210571289062,1138.4228515625,175.43838500976562,0.20670397579669952,tracked,1
689,1,1157.5443115234375,54.779808044433594,1211.4803466796875,122.1091079711914,0.23813942074775696,tracked,1
690,1,1214.12158203125,27.373397827148438,1257.875732421875,87.42542266845703,0.33112332224845886,tracked,1
691,1,1095.435302734375,87.00984191894531,1160.84716796875,160.9505157470703,0.29542508721351624,tracked,1
692,1,1174.0306396484375,47.243812561035156,1226.1741943359375,112.29955291748047,0.2927146553993225,tracked,1
693,1,1071.936279296875,97.69755554199219,1143.57568359375,175.2317352294922,0.2714865505695343,tracked,1
694,1,1010.3153686523438,126.00846862792969,1096.4771728515625,212.8939971923828,0.2842484712600708,tracked,1
695,1,977.6898803710938,138.55416870117188,1074.216796875,232.55267333984375,0.3340255320072174,tracked,1
696,1,1116.136962890625,67.14474487304688,1190.939697265625,147.4915771484375,0.260996550321579,tracked,1
697,1,1048.2413330078125,98.22893524169922,1136.0057373046875,187.34799194335938,0.3936823904514313,tracked,1
698,1,1003.8955688476562,117.78180694580078,1101.43701171875,213.54925537109375,0.48067426681518555,tracked,1
699,1,978.397705078125,127.39285278320312,1081.873046875,227.5718994140625,0.6809788942337036,tracked,1
700,1,966.4712524414062,127.69915771484375,1074.202392578125,231.01809692382812,0.8044572472572327,tracked,1
701,1,962.2244873046875,124.82070922851562,1072.847900390625,229.58383178710938,0.7587114572525024,tracked,1
702,1,961.8568725585938,123.47651672363281,1072.9710693359375,227.4787139892578,0.7565938830375671,tracked,1
703,1,962.7042236328125,120.6399917602539,1073.672119140625,226.21502685546875,0.7663954496383667,tracked,1
704,1,964.6576538085938,117.2287826538086,1076.23974609375,223.0850830078125,0.8130201697349548,tracked,1
705,1,967.4754028320312,113.66886901855469,1081.26611328125,220.79884338378906,0.7521734833717346,tracked,1
706,1,969.2245483398438,107.11552429199219,1086.2396240234375,215.0744171142578,0.47072306275367737,tracked,1
707,1,968.6448974609375,108.2840576171875,1084.2884521484375,216.47927856445312,0.4590322971343994,tracked,1
708,1,969.4470825195312,104.73615264892578,1085.8897705078125,213.55776977539062,0.6953018307685852,tracked,1
709,1,967.9852294921875,102.52871704101562,1083.7454833984375,211.49398803710938,0.6326630115509033,tracked,1
710,1,969.1487426757812,97.08021545410156,1086.8814697265625,207.0243682861328,0.6150741577148438,tracked,1
711,1,973.2787475585938,92.89454650878906,1090.4034423828125,203.12791442871094,0.6185293793678284,tracked,1
712,1,977.64501953125,91.41705322265625,1093.99267578125,201.72528076171875,0.552154541015625,tracked,1
713,1,977.4514770507812,91.97442626953125,1092.2091064453125,201.9661865234375,0.6419318914413452,tracked,1
714,1,977.17919921875,92.92871856689453,1092.986083984375,202.73440551757812,0.5252841114997864,tracked,1
715,1,976.5321044921875,93.90363311767578,1093.0523681640625,203.65304565429688,0.5696260929107666,tracked,1
716,1,975.8159790039062,95.58815002441406,1093.6405029296875,204.84632873535156,0.6048024892807007,tracked,1
717,1,974.2574462890625,96.34503936767578,1093.0528564453125,205.50738525390625,0.5253590941429138,tracked,1
718,1,973.4692993164062,94.88784790039062,1093.5400390625,205.038818359375,0.5470763444900513,tracked,1
719,1,972.526123046875,93.52558135986328,1093.424072265625,204.6590576171875,0.6376867890357971,tracked,1
720,1,971.8244018554688,92.65046691894531,1094.0579833984375,204.54042053222656,0.5152921676635742,tracked,1
721,1,971.0473022460938,94.43341064453125,1094.1510009765625,205.5550537109375,0.5029873847961426,tracked,1
722,1,968.8150634765625,96.30543518066406,1092.2901611328125,206.72926330566406,0.5000200271606445,tracked,1
723,1,965.2849731445312,95.60395050048828,1089.9119873046875,206.35748291015625,0.5245501399040222,tracked,1
724,1,960.4987182617188,98.89459228515625,1086.4337158203125,209.79904174804688,0.5463862419128418,tracked,1
725,1,956.669189453125,105.20342254638672,1081.4833984375,215.16748046875,0.3474106192588806,tracked,1
726,1,952.90185546875,104.80188751220703,1079.1378173828125,215.12356567382812,0.23968695104122162,tracked,1
727,1,948.1421508789062,108.5317153930664,1073.9234619140625,218.23583984375,0.36420100927352905,tracked,1
728,1,944.8524169921875,111.29011535644531,1070.4912109375,220.8038787841797,0.6311135292053223,tracked,1
729,1,941.6670532226562,115.58229064941406,1065.896240234375,224.7309112548828,0.6521937847137451,tracked,1
730,1,938.75537109375,119.177734375,1062.4227294921875,227.47146606445312,0.5091562867164612,tracked,1
731,1,937.0592651367188,113.85166931152344,1058.48828125,223.4882354736328,0.609009325504303,tracked,1
732,1,934.746826171875,116.87777709960938,1053.7740478515625,226.12203979492188,0.6945950984954834,tracked,1
733,1,933.6060791015625,112.08245086669922,1050.5504150390625,222.46902465820312,0.6681604385375977,tracked,1
734,1,930.559814453125,111.00860595703125,1046.4554443359375,221.00390625,0.7935951352119446,tracked,1
735,1,932.8927612304688,111.82917022705078,1044.953857421875,219.97586059570312,0.7952077388763428,tracked,1
736,1,937.7484130859375,111.5289306640625,1047.987548828125,217.82675170898438,0.7624807357788086,tracked,1
737,1,941.708251953125,111.135986328125,1048.79052734375,215.74435424804688,0.7520947456359863,tracked,1
738,1,942.3975830078125,112.23814392089844,1046.8673095703125,214.8567352294922,0.7699455618858337,tracked,1
739,1,940.4830322265625,115.10441589355469,1041.3553466796875,216.4668426513672,0.7076320052146912,tracked,1
740,1,938.5154418945312,115.55982208251953,1035.3548583984375,217.00894165039062,0.7323758602142334,tracked,1
741,1,937.296875,115.43043518066406,1030.154052734375,216.81248474121094,0.741485595703125,tracked,1
742,1,934.4614868164062,115.88688659667969,1024.5098876953125,216.5104522705078,0.7467637062072754,tracked,1
743,1,931.2027587890625,117.88875579833984,1019.35791015625,216.92312622070312,0.7394939064979553,tracked,1
744,1,927.5693359375,116.04444885253906,1014.2215576171875,215.4490509033203,0.7451624274253845,tracked,1
745,1,923.7987060546875,110.11861419677734,1009.28369140625,212.03598022460938,0.7736996412277222,tracked,1
746,1,919.3389282226562,105.86078643798828,1003.7744750976562,209.74871826171875,0.7664415240287781,tracked,1
747,1,912.4237670898438,105.99934387207031,998.1039428710938,210.77931213378906,0.7667012810707092,tracked,1
748,1,905.5704345703125,106.9091796875,993.330078125,212.5062255859375,0.7633697390556335,tracked,1
749,1,898.28564453125,107.93557739257812,987.035400390625,213.89895629882812,0.7562226057052612,tracked,1
750,1,892.7088012695312,109.90040588378906,982.3463745117188,215.81529235839844,0.7415544390678406,tracked,1
751,1,890.765869140625,110.37767028808594,981.2359619140625,216.5428924560547,0.7733895778656006,tracked,1
752,1,889.3374633789062,110.43965148925781,980.4439086914062,217.3745574951172,0.7774044871330261,tracked,1
753,1,886.1729736328125,110.15156555175781,978.06640625,217.5387725830078,0.7834422588348389,tracked,1
754,1,883.12060546875,110.48112487792969,976.54248046875,218.35594177246094,0.7932822704315186,tracked,1
755,1,879.949462890625,110.87730407714844,974.408203125,219.10154724121094,0.7951067686080933,tracked,1
756,1,877.0054931640625,110.59370422363281,972.5389404296875,219.36387634277344,0.7922136783599854,tracked,1
757,1,875.6149291992188,110.65884399414062,971.5051879882812,219.93035888671875,0.7855634689331055,tracked,1
758,1,876.0499877929688,110.75669860839844,971.7310180664062,220.59959411621094,0.7776883840560913,tracked,1
759,1,875.6224365234375,114.62736511230469,974.6080322265625,225.02891540527344,0.7791513800621033,tracked,1
760,1,872.3966064453125,116.1162109375,973.080322265625,226.81826782226562,0.7889685034751892,tracked,1
761,1,870.0853271484375,117.67442321777344,973.5052490234375,228.50526428222656,0.8029387593269348,tracked,1
762,1,866.1207275390625,119.20420837402344,969.991455078125,230.1004180908203,0.7874858975410461,tracked,1
763,1,862.4697875976562,120.03265380859375,966.2534790039062,230.9439697265625,0.7995905876159668,tracked,1
764,1,860.9349365234375,120.42411041259766,968.59912109375,231.37420654296875,0.7780392169952393,tracked,1
765,1,858.8341064453125,123.31632232666016,966.9033203125,233.89974975585938,0.7216749787330627,tracked,1
766,1,856.46923828125,124.49156188964844,963.366455078125,234.0309295654297,0.6992056369781494,tracked,1
767,1,856.6615600585938,123.85197448730469,955.3698120117188,233.46604919433594,0.4999880790710449,tracked,1
768,1,854.4802856445312,125.61595153808594,948.6596069335938,233.35826110839844,0.7196156978607178,tracked,1
769,1,850.0313110351562,126.84371948242188,941.3253784179688,232.07913208007812,0.7613691091537476,tracked,1
770,1,844.3082885742188,124.65119171142578,937.9393920898438,229.65716552734375,0.7650737166404724,tracked,1
771,1,840.2550659179688,120.0517349243164,943.8424682617188,224.43658447265625,0.777384877204895,tracked,1
772,1,840.4746704101562,114.1220703125,952.9191284179688,218.89126586914062,0.7730353474617004,tracked,1
773,1,842.3829345703125,111.10505676269531,960.7490234375,215.39219665527344,0.7666152715682983,tracked,1
774,1,846.4815673828125,110.19338989257812,970.93994140625,214.82086181640625,0.7466706037521362,tracked,1
775,1,852.177001953125,112.38035583496094,981.6705322265625,217.0522003173828,0.7406540513038635,tracked,1
776,1,857.3173828125,115.94834899902344,990.298583984375,220.88282775878906,0.7215386033058167,tracked,1
777,1,864.802734375,125.21300506591797,1000.7100830078125,230.13946533203125,0.4714192748069763,tracked,1
778,1,872.9863891601562,131.17974853515625,1007.3952026367188,237.73623657226562,0.6761111617088318,tracked,1
779,5,1262.8828125,16.049819946289062,1279.0,57.09626007080078,0.2857726812362671,tracked,0
780,5,1262.917724609375,14.912345886230469,1279.0,57.16468048095703,0.29853132367134094,tracked,0
781,1,891.2855834960938,168.80560302734375,1014.3803100585938,276.1084899902344,0.5110766887664795,tracked,1
782,1,902.6597900390625,178.82369995117188,1018.116943359375,280.0473327636719,0.6376966834068298,tracked,1
783,1,914.4298095703125,190.6282958984375,1023.7178955078125,293.2048645019531,0.6286879777908325,tracked,1
784,1,919.300537109375,225.26658630371094,1025.0994873046875,326.22576904296875,0.4321591258049011,tracked,1
785,1,909.6397094726562,250.95521545410156,1017.9745483398438,348.4642333984375,0.6928747892379761,tracked,1
786,1,891.5552978515625,269.50823974609375,998.569091796875,363.6317138671875,0.7376811504364014,tracked,1
787,1,894.785888671875,271.72479248046875,996.80908203125,366.08892822265625,0.4938974976539612,tracked,1
788,1,866.0537109375,285.1617431640625,972.0283203125,374.00616455078125,0.6795929074287415,tracked,1
789,1,843.0363159179688,285.5557861328125,955.8630981445312,374.15496826171875,0.5052047371864319,tracked,1
790,1,824.1001586914062,288.29949951171875,940.4624633789062,373.0858154296875,0.5339488983154297,tracked,1
791,1,811.0236206054688,280.825439453125,932.3598022460938,367.7249755859375,0.6039643287658691,tracked,1
792,1,811.1439819335938,266.3743896484375,935.6840209960938,357.8031005859375,0.5481435060501099,tracked,1
793,1,797.0897827148438,262.5453186035156,925.8128051757812,355.7496032714844,0.42492368817329407,tracked,1
794,1,786.197265625,259.86669921875,917.06494140625,353.388427734375,0.39943960309028625,tracked,1
795,1,777.0079956054688,260.0739440917969,908.5942993164062,353.4479064941406,0.40925100445747375,tracked,1
796,1,790.9129638671875,248.9468994140625,922.3333740234375,345.89019775390625,0.6136940121650696,tracked,1
797,1,794.6834106445312,242.7335968017578,929.9024047851562,342.11260986328125,0.5455502271652222,tracked,1
798,1,797.4827880859375,238.171630859375,934.584716796875,340.37994384765625,0.5691089034080505,tracked,1
799,1,798.665283203125,235.9700927734375,936.396240234375,340.25396728515625,0.5785262584686279,tracked,1
800,1,794.07275390625,234.61619567871094,933.2554931640625,340.976806640625,0.6256071925163269,tracked,1
801,1,791.4913330078125,234.04168701171875,930.6949462890625,341.8212890625,0.6647728681564331,tracked,1
802,1,790.6353759765625,234.03646850585938,928.2857666015625,342.9521789550781,0.654035747051239,tracked,1
803,1,791.11181640625,234.3265380859375,925.644775390625,344.12872314453125,0.6120777130126953,tracked,1
804,1,792.0260009765625,234.3719482421875,922.9874267578125,344.77655029296875,0.5644952058792114,tracked,1
805,1,787.5242309570312,234.4825439453125,920.7172241210938,345.35321044921875,0.5531461834907532,tracked,1
806,1,785.3990478515625,234.80250549316406,918.6943359375,346.0674133300781,0.4833221137523651,tracked,1
807,1,778.4296875,234.7383270263672,914.5238037109375,346.3601989746094,0.41359278559684753,tracked,1
808,1,774.82373046875,234.50868225097656,911.7564697265625,346.4989013671875,0.5454195141792297,tracked,1
809,1,767.28857421875,234.14976501464844,907.306396484375,346.0613708496094,0.48837897181510925,tracked,1
810,1,763.4546508789062,234.11717224121094,905.0768432617188,346.1319885253906,0.5197622179985046,tracked,1
811,1,761.8875122070312,234.0181427001953,904.3213500976562,346.17132568359375,0.5275444388389587,tracked,1
812,1,761.5025634765625,233.9441375732422,904.2386474609375,346.26873779296875,0.5321911573410034,tracked,1
813,1,761.9549560546875,234.32357788085938,904.440185546875,346.6219787597656,0.4782978594303131,tracked,1
814,1,757.1434936523438,234.31004333496094,901.0354614257812,346.44146728515625,0.45706215500831604,tracked,1
815,1,749.70556640625,234.20248413085938,895.721435546875,345.7278137207031,0.560957670211792,tracked,1
816,1,750.7547607421875,235.21356201171875,895.4644775390625,346.7607421875,0.5782243609428406,tracked,1
817,1,746.993896484375,240.02847290039062,892.00830078125,351.0405578613281,0.6361563205718994,tracked,1
818,1,745.77734375,243.01492309570312,890.1611328125,353.9269104003906,0.675754964351654,tracked,1
819,1,745.510498046875,244.43344116210938,888.7845458984375,355.4104919433594,0.7093798518180847,tracked,1
820,1,741.3696899414062,244.22572326660156,882.2117309570312,355.0135498046875,0.7785197496414185,tracked,1
821,1,736.3214111328125,242.710693359375,875.86572265625,353.0592041015625,0.7694373726844788,tracked,1
822,1,725.8590087890625,241.933837890625,864.010009765625,350.7716064453125,0.7742895483970642,tracked,1
823,1,718.1181030273438,239.93592834472656,856.2350463867188,347.78997802734375,0.7466779947280884,tracked,1
824,1,709.7220458984375,237.33509826660156,845.8115234375,345.30133056640625,0.8294206857681274,tracked,1
825,1,702.64013671875,231.24148559570312,837.739501953125,340.2242736816406,0.8282925486564636,tracked,1
826,1,695.8319091796875,227.123046875,828.6328125,336.8160400390625,0.8327348828315735,tracked,1
827,1,686.229248046875,222.00888061523438,818.533203125,331.6383361816406,0.8287636637687683,tracked,1
828,1,678.1906127929688,220.66127014160156,808.0894165039062,329.2421875,0.8343746066093445,tracked,1
829,1,669.7369995117188,223.39979553222656,794.9558715820312,329.1357421875,0.7971063852310181,tracked,1
830,1,664.4058227539062,225.25277709960938,782.7814331054688,329.9975280761719,0.7677061557769775,tracked,1
831,1,654.3333740234375,237.5822296142578,768.9788818359375,343.7843017578125,0.6345698833465576,tracked,1
832,1,639.7169799804688,257.8247985839844,742.8836059570312,362.6144714355469,0.5890530347824097,tracked,1
833,1,624.9038696289062,276.2969970703125,724.5143432617188,380.652587890625,0.6644312739372253,tracked,1
834,1,616.8348999023438,295.1488342285156,719.9130249023438,399.3684387207031,0.7681874632835388,tracked,1
835,1,608.175537109375,310.437744140625,717.227783203125,415.732177734375,0.7351895570755005,tracked,1
836,1,602.1026000976562,325.65753173828125,714.1184692382812,432.335205078125,0.7725594639778137,tracked,1
837,1,594.4755859375,336.8529968261719,710.025390625,444.5873107910156,0.7653416395187378,tracked,1
838,1,577.912841796875,358.4709167480469,694.2393798828125,466.5686950683594,0.7427422404289246,tracked,1
839,1,555.2015380859375,381.3877258300781,673.4547119140625,489.3401184082031,0.7244738936424255,tracked,1
840,1,540.482666015625,399.41650390625,658.92578125,507.89544677734375,0.6536141633987427,tracked,1
841,1,528.5242919921875,406.0369873046875,649.5048828125,514.5039672851562,0.70947265625,tracked,1
842,1,526.8724975585938,393.78594970703125,641.5134887695312,501.31829833984375,0.5003215074539185,tracked,1
843,1,506.55853271484375,411.4709777832031,622.7611694335938,519.3577880859375,0.7473425269126892,tracked,1
844,1,492.2213134765625,423.8436584472656,611.8192138671875,531.2021484375,0.698634922504425,tracked,1
845,1,483.34100341796875,432.3541259765625,603.9091186523438,540.2251586914062,0.6877549290657043,tracked,1
846,1,479.4173889160156,436.30841064453125,599.1209716796875,544.510498046875,0.6815343499183655,tracked,1
847,1,477.9554443359375,438.2812805175781,595.6162109375,545.1873168945312,0.5248356461524963,tracked,1
848,1,476.4300231933594,436.10150146484375,592.8829956054688,543.3255615234375,0.7061476707458496,tracked,1
849,1,470.4901428222656,443.6962890625,585.1854248046875,551.1068725585938,0.7639578580856323,tracked,1
850,1,464.857421875,450.23834228515625,579.410888671875,557.0447387695312,0.6313880085945129,tracked,1
851,1,462.31683349609375,453.24530029296875,577.4705200195312,560.0018310546875,0.7292737364768982,tracked,1
852,1,456.1024169921875,457.787109375,570.3804931640625,563.5750732421875,0.7518343329429626,tracked,1
853,1,436.9693603515625,472.1298828125,541.76513671875,577.9068603515625,0.5851914286613464,tracked,1
854,1,426.6763610839844,480.7462158203125,531.6010131835938,586.6416015625,0.6201835870742798,tracked,1
855,1,417.64599609375,486.2166442871094,519.1561889648438,590.8436889648438,0.6755259037017822,tracked,1
856,1,421.267333984375,469.2843322753906,516.019775390625,567.7786865234375,0.4441685974597931,tracked,1
857,1,388.965087890625,486.83282470703125,493.20831298828125,588.1732788085938,0.7061368227005005,tracked,1
858,1,368.40966796875,492.91485595703125,479.640625,596.8378295898438,0.6237313747406006,tracked,1
859,1,368.3277893066406,479.9932861328125,475.1849060058594,583.7882080078125,0.37458962202072144,tracked,1
860,1,358.3724670410156,474.9700622558594,463.2948303222656,579.0009155273438,0.5692798495292664,tracked,1
861,1,347.8980712890625,479.4962158203125,450.05291748046875,583.4842529296875,0.6117362976074219,tracked,1
862,1,338.0460205078125,482.3511047363281,441.7105712890625,585.9046020507812,0.6662393808364868,tracked,1
863,1,328.0595397949219,482.199951171875,433.8959655761719,585.724365234375,0.6339761018753052,tracked,1
864,1,321.64642333984375,478.95245361328125,430.63031005859375,583.7605590820312,0.7108882665634155,tracked,1
865,1,318.90240478515625,475.9058532714844,428.6246337890625,579.6637573242188,0.5576754808425903,tracked,1
866,1,315.708740234375,477.5674133300781,422.4334716796875,581.5294189453125,0.6953065395355225,tracked,1
867,1,313.051513671875,477.82855224609375,418.0230712890625,580.2460327148438,0.682813823223114,tracked,1
868,1,312.7922058105469,473.5843200683594,414.8406066894531,577.0130004882812,0.7061789631843567,tracked,1
869,1,314.3196716308594,470.02850341796875,414.5791931152344,573.3206176757812,0.6832181811332703,tracked,1
870,1,316.76275634765625,464.7497253417969,416.6094970703125,566.8790893554688,0.6773627400398254,tracked,1
871,1,314.6834411621094,490.9756774902344,415.4864807128906,593.847900390625,0.6832481622695923,tracked,1
872,1,317.8929138183594,477.4985656738281,419.6249694824219,581.5125122070312,0.7495524287223816,tracked,1
873,1,316.2793884277344,469.4314880371094,414.8960876464844,570.548583984375,0.6716238856315613,tracked,1
874,1,320.6272277832031,494.2572326660156,418.5053405761719,594.9390869140625,0.6065605878829956,tracked,1
875,1,335.7488098144531,512.9124755859375,432.5124206542969,611.2711181640625,0.5899181365966797,tracked,1
876,1,353.2959899902344,522.5787353515625,453.0613708496094,620.676513671875,0.5013761520385742,tracked,1
877,1,365.6403503417969,527.2064208984375,472.8210144042969,626.6016845703125,0.6702885031700134,tracked,1
878,1,375.5592041015625,516.0081787109375,488.1551513671875,618.076416015625,0.5708262324333191,tracked,1
879,1,398.1501159667969,517.801513671875,519.478759765625,620.79736328125,0.5073136687278748,tracked,1
880,1,417.0550842285156,508.56622314453125,541.8612670898438,613.5051879882812,0.723291277885437,tracked,1
881,1,433.8506774902344,502.2067565917969,561.1406860351562,608.4578857421875,0.7021859288215637,tracked,1
882,1,447.7920227050781,496.04400634765625,574.4194946289062,603.6954956054688,0.6437919735908508,tracked,1
883,1,481.8288879394531,509.2273864746094,614.23193359375,615.6661376953125,0.6851572394371033,tracked,1
884,1,506.3450012207031,509.1503601074219,641.237548828125,616.6889038085938,0.6757133603096008,tracked,1
885,1,525.9349975585938,509.4548034667969,662.9212036132812,618.1004638671875,0.6072316765785217,tracked,1
886,1,546.9450073242188,508.2292785644531,685.5027465820312,617.466064453125,0.7038942575454712,tracked,1
887,1,570.3347778320312,507.10394287109375,709.3706665039062,615.9772338867188,0.7366670966148376,tracked,1
888,1,589.9146728515625,503.7076416015625,729.3587646484375,612.9229736328125,0.7382058501243591,tracked,1
889,1,615.5758666992188,502.8870849609375,756.7909545898438,610.6453857421875,0.6497564315795898,tracked,1
890,1,629.6253051757812,496.5623474121094,768.1926879882812,604.0444946289062,0.6824660301208496,tracked,1
891,1,650.3518676757812,495.802001953125,792.4938354492188,601.9381103515625,0.648684561252594,tracked,1
892,1,672.4718627929688,496.09539794921875,816.5294799804688,601.1959838867188,0.5933374166488647,tracked,1
893,1,699.0606689453125,497.92144775390625,842.91357421875,601.7355346679688,0.7229936718940735,tracked,1
894,1,726.5489501953125,500.1240539550781,870.24072265625,603.1559448242188,0.628483772277832,tracked,1
895,1,748.1583862304688,495.3382568359375,890.5842895507812,599.354248046875,0.7181267142295837,tracked,1
896,1,765.6339721679688,488.93231201171875,907.3667602539062,595.0499877929688,0.7160929441452026,tracked,1
897,1,789.3336181640625,490.1409912109375,927.1861572265625,596.871826171875,0.7735591530799866,tracked,1
898,1,811.6987915039062,489.1403503417969,946.9568481445312,596.4796142578125,0.6565877199172974,tracked,1
899,1,824.7944946289062,484.28253173828125,950.3235473632812,588.5723266601562,0.6110251545906067,tracked,1
900,1,843.8692016601562,501.18402099609375,968.7318725585938,605.6459350585938,0.6395145058631897,tracked,1
901,1,859.1687622070312,511.8111267089844,982.2074584960938,616.5440673828125,0.7211745977401733,tracked,1
902,1,870.363525390625,516.51025390625,993.457763671875,621.4124755859375,0.6158790588378906,tracked,1
903,1,881.2744750976562,504.89837646484375,997.9572143554688,607.7056274414062,0.4901760220527649,tracked,1
904,1,890.273193359375,499.5720520019531,1001.3782958984375,600.1666259765625,0.44650906324386597,tracked,1
905,6,1262.768310546875,14.401893615722656,1279.0,57.200958251953125,0.2769435942173004,tracked,0
906,6,1262.96923828125,14.24563980102539,1279.0,57.345706939697266,0.18679822981357574,tracked,0
907,6,1262.9609375,14.605192184448242,1279.0,57.494606018066406,0.20377036929130554,tracked,0
908,6,1262.9669189453125,13.570926666259766,1279.0,57.21382522583008,0.16818246245384216,tracked,0
909,6,1262.9267578125,14.044599533081055,1278.991455078125,57.44281768798828,0.23631928861141205,tracked,0
910,1,927.45458984375,497.0,1045.886474609375,600.65771484375,0.2523980736732483,tracked,1
911,6,1262.933837890625,14.58411979675293,1278.996337890625,57.435882568359375,0.27977755665779114,tracked,0
912,6,1262.9659423828125,14.444110870361328,1279.0,57.37836837768555,0.2261509746313095,tracked,0
913,6,1262.870361328125,15.091024398803711,1278.974609375,57.45958709716797,0.2825829088687897,tracked,0
914,6,1262.915771484375,13.177209854125977,1278.9951171875,56.806785583496094,0.25096774101257324,tracked,0
915,6,1263.01171875,13.064996719360352,1279.0,56.83484649658203,0.1960354596376419,tracked,0
916,6,1262.925537109375,13.684822082519531,1278.994873046875,57.17253112792969,0.22748559713363647,tracked,0
917,1,956.8258056640625,521.7924194335938,1072.8626708984375,624.5252075195312,0.3468261957168579,tracked,1
918,1,961.0404052734375,525.2137451171875,1076.1920166015625,626.950439453125,0.24089202284812927,tracked,1
919,6,1262.979736328125,13.934091567993164,1279.0,57.37525177001953,0.18735212087631226,tracked,0
920,6,1262.8988037109375,13.357147216796875,1278.9854736328125,57.22162628173828,0.20480212569236755,tracked,0
921,6,1262.93505859375,11.327203750610352,1279.0,56.60859680175781,0.20860764384269714,tracked,0
922,6,1262.9139404296875,13.126930236816406,1278.9930419921875,57.316375732421875,0.2504957318305969,tracked,0
923,6,1262.9351806640625,13.968849182128906,1279.0,57.63750457763672,0.18718969821929932,tracked,0
924,1,980.0957641601562,558.3985595703125,1101.887451171875,665.074462890625,0.2820949852466583,tracked,1
925,1,983.1043090820312,559.3203735351562,1104.492919921875,667.3413696289062,0.4778827130794525,tracked,1
926,1,985.1840209960938,564.61083984375,1103.4542236328125,672.1748046875,0.6241931915283203,tracked,1
927,1,986.0541381835938,567.0787353515625,1102.968017578125,674.3525390625,0.5693321228027344,tracked,1
928,1,986.9549560546875,564.0284423828125,1101.6651611328125,671.7623291015625,0.5828769207000732,tracked,1
929,1,989.4995727539062,564.1747436523438,1103.43701171875,671.9674682617188,0.6198590993881226,tracked,1
930,1,989.12109375,564.8042602539062,1101.153564453125,672.9846801757812,0.6859311461448669,tracked,1
931,1,988.7105102539062,565.5471801757812,1099.0963134765625,674.3068237304688,0.7606164813041687,tracked,1
932,1,988.7108154296875,564.8353271484375,1098.4068603515625,673.46728515625,0.7358904480934143,tracked,1
933,1,988.606201171875,564.1602172851562,1097.564697265625,672.6015014648438,0.757291316986084,tracked,1
934,1,987.6688232421875,563.551513671875,1096.4603271484375,671.81396484375,0.769977867603302,tracked,1
935,1,988.0968627929688,563.899169921875,1096.598388671875,672.63525390625,0.7375731468200684,tracked,1
936,1,989.662841796875,564.3526611328125,1098.089111328125,673.232666015625,0.7552679181098938,tracked,1
937,1,992.5307006835938,564.4945068359375,1100.4638671875,673.246337890625,0.7531886100769043,tracked,1
938,1,996.288330078125,564.34423828125,1102.72998046875,673.0517578125,0.6858412027359009,tracked,1
939,1,998.8798217773438,564.0576782226562,1104.280517578125,672.7000122070312,0.6138248443603516,tracked,1
940,1,999.9653930664062,563.938720703125,1104.98193359375,672.5125732421875,0.6119942665100098,tracked,1
941,1,999.7289428710938,564.2713623046875,1103.3681640625,673.06982421875,0.49278882145881653,tracked,1
942,1,999.5731201171875,564.3651733398438,1101.9803466796875,673.4895629882812,0.4461025595664978,tracked,1
943,1,993.1911010742188,564.0843505859375,1087.3701171875,673.1064453125,0.46175169944763184,tracked,1
944,1,989.7440795898438,564.0005493164062,1075.708740234375,672.6311645507812,0.4888128936290741,tracked,1
945,1,988.7457885742188,564.4694213867188,1067.1939697265625,672.8158569335938,0.48078039288520813,tracked,1
946,1,995.150390625,565.8699951171875,1076.208251953125,674.0535888671875,0.33286693692207336,tracked,1
947,1,1000.27001953125,570.2515258789062,1085.5810546875,679.5997924804688,0.263021856546402,tracked,1
948,6,1262.89306640625,13.789312362670898,1278.993896484375,57.120582580566406,0.2026328146457672,tracked,0
949,1,1002.6712036132812,573.35546875,1092.53125,683.9644775390625,0.3347315192222595,tracked,1
950,1,1001.6771240234375,573.6581420898438,1094.1400146484375,685.0054321289062,0.2696053385734558,tracked,1
951,1,1001.0348510742188,573.7373046875,1095.3526611328125,685.5621337890625,0.38059771060943604,tracked,1
952,1,999.98974609375,573.5814819335938,1095.92822265625,685.4618530273438,0.39473646879196167,tracked,1
953,1,996.9659423828125,573.407470703125,1090.0460205078125,685.0150146484375,0.36267000436782837,tracked,1
954,1,994.8201904296875,573.4866943359375,1085.4327392578125,684.983154296875,0.3679705262184143,tracked,1
955,1,992.9660034179688,573.8724365234375,1080.7451171875,685.213134765625,0.36448702216148376,tracked,1
956,1,990.6845092773438,574.1238403320312,1073.4638671875,685.4161987304688,0.24092701077461243,tracked,1
957,1,990.61181640625,574.1677856445312,1071.0830078125,685.3102416992188,0.25805795192718506,tracked,1
958,1,992.2595825195312,574.1699829101562,1073.6754150390625,685.1145629882812,0.31477537751197815,tracked,1
959,1,994.549072265625,574.1451416015625,1079.3251953125,684.879150390625,0.3407938480377197,tracked,1
960,1,994.9337768554688,574.666015625,1082.07568359375,684.982666015625,0.3202033042907715,tracked,1
961,6,1262.7733154296875,11.916646957397461,1278.9754638671875,56.655296325683594,0.27422210574150085,tracked,0
962,1,996.447265625,579.611083984375,1088.765625,689.5435791015625,0.2737455666065216,tracked,1
963,6,1262.8642578125,14.454734802246094,1279.0,57.416534423828125,0.3149028420448303,tracked,0
964,1,994.41259765625,581.6683959960938,1090.273681640625,691.2173461914062,0.28210705518722534,tracked,1
965,1,992.3941040039062,582.0057983398438,1091.1396484375,691.4276733398438,0.25735875964164734,tracked,1
966,6,1262.880859375,14.238822937011719,1279.0,57.169036865234375,0.28795960545539856,tracked,0
967,6,1262.8680419921875,14.997798919677734,1279.0,57.41402816772461,0.23932796716690063,tracked,0
968,6,1262.7569580078125,13.339126586914062,1278.9696044921875,56.96746826171875,0.22846809029579163,tracked,0
969,1,985.6323852539062,588.0473022460938,1090.4554443359375,697.7118530273438,0.2668474316596985,tracked,1
970,1,982.7346801757812,588.9568481445312,1090.41943359375,698.7565307617188,0.28701841831207275,tracked,1
971,6,1262.8450927734375,12.718656539916992,1279.0,56.52227783203125,0.27416276931762695,tracked,0
972,6,1262.8565673828125,12.893362045288086,1279.0,56.72947692871094,0.24278993904590607,tracked,0
973,1,979.4483032226562,590.2045288085938,1088.7869873046875,699.9691772460938,0.2808341681957245,tracked,1
974,1,977.5166015625,590.5342407226562,1087.9443359375,700.2140502929688,0.4331853687763214,tracked,1
975,1,976.8701171875,590.7823486328125,1087.42431640625,700.3173828125,0.5440865755081177,tracked,1
976,1,976.8870849609375,590.5995483398438,1088.4027099609375,700.3363647460938,0.35576310753822327,tracked,1
977,1,978.5680541992188,590.85693359375,1089.7216796875,700.0787353515625,0.6883328557014465,tracked,1
978,1,979.1358032226562,591.4949951171875,1088.1898193359375,699.751953125,0.7391913533210754,tracked,1
979,1,979.5408935546875,591.9971313476562,1089.5362548828125,699.2324829101562,0.7331264019012451,tracked,1
980,1,978.9426879882812,592.3589477539062,1090.23388671875,699.1458129882812,0.6863513588905334,tracked,1
981,1,978.2451782226562,593.6962280273438,1083.800537109375,697.3341674804688,0.5801675915718079,tracked,1
982,1,976.9027709960938,595.3495483398438,1075.837158203125,696.2371215820312,0.4404347240924835,tracked,1
983,1,976.2731323242188,598.116455078125,1069.6422119140625,699.869384765625,0.2590639293193817,tracked,1
984,6,1262.92626953125,14.178094863891602,1279.0,57.36127471923828,0.2529103755950928,tracked,0
985,6,1262.8526611328125,14.798646926879883,1278.9954833984375,57.25983428955078,0.24631267786026,tracked,0
986,1,978.5162963867188,601.9092407226562,1066.9051513671875,701.7019653320312,0.36768147349357605,tracked,1
987,1,979.5457763671875,602.1118774414062,1065.5177001953125,702.2831420898438,0.46685701608657837,tracked,1
988,1,982.62060546875,602.0735473632812,1072.668701171875,702.6659545898438,0.5505707859992981,tracked,1
989,1,983.5138549804688,602.158447265625,1074.5360107421875,702.7537841796875,0.5464370250701904,tracked,1
990,1,984.0091552734375,602.27001953125,1077.6612548828125,703.0372314453125,0.6776782274246216,tracked,1
991,1,983.6791381835938,601.7198486328125,1079.279541015625,702.817626953125,0.6714307069778442,tracked,1
992,1,982.922119140625,601.1015625,1079.54248046875,702.4117431640625,0.6355080008506775,tracked,1
993,1,984.8720092773438,601.757080078125,1081.77880859375,701.4493408203125,0.5731810331344604,tracked,1
994,1,984.9954223632812,602.126220703125,1081.53271484375,700.820556640625,0.3881533741950989,tracked,1
995,1,983.13037109375,601.7848510742188,1077.7265625,701.0966186523438,0.32504773139953613,tracked,1
996,1,981.4148559570312,601.2005004882812,1075.1357421875,701.1218872070312,0.35092833638191223,tracked,1
997,1,981.18408203125,601.102294921875,1074.07470703125,701.3746337890625,0.3315732777118683,tracked,1
998,1,981.5914306640625,600.90625,1073.6234130859375,701.707275390625,0.3827250003814697,tracked,1
999,1,983.368408203125,601.2144775390625,1074.732666015625,702.3546142578125,0.38803574442863464,tracked,1
1000,1,985.0620727539062,601.4866333007812,1075.6302490234375,703.1135864257812,0.5533409118652344,tracked,1
1001,1,986.47900390625,606.611572265625,1075.543701171875,705.8114013671875,0.5601920485496521,tracked,1
1002,1,988.20068359375,609.2649536132812,1076.03369140625,706.9426879882812,0.6027570962905884,tracked,1
1003,1,988.0338745117188,606.157470703125,1074.520263671875,705.8194580078125,0.643352746963501,tracked,1
1004,1,989.6728515625,608.68408203125,1076.244873046875,706.5953369140625,0.5623164176940918,tracked,1
1005,1,987.9737548828125,605.5360107421875,1071.8826904296875,704.8857421875,0.6249755620956421,tracked,1
1006,1,986.3907470703125,603.9375,1069.0577392578125,703.5816650390625,0.709501326084137,tracked,1
1007,1,984.9664306640625,603.0780639648438,1067.1483154296875,703.1161499023438,0.7162767648696899,tracked,1
1008,1,983.6563110351562,602.3881225585938,1065.6715087890625,702.3565063476562,0.6809384822845459,tracked,1
1009,1,982.0068359375,601.6483764648438,1064.1552734375,701.6886596679688,0.7162500023841858,tracked,1
1010,1,981.43017578125,600.1575927734375,1063.9842529296875,700.716064453125,0.7047039866447449,tracked,1
1011,1,981.6066284179688,599.281005859375,1063.7276611328125,700.3719482421875,0.6045411229133606,tracked,1
1012,1,982.0026245117188,598.7494506835938,1063.831298828125,700.5546264648438,0.5446367859840393,tracked,1
1013,1,982.8482666015625,596.342529296875,1063.4547119140625,698.49951171875,0.3801828920841217,tracked,1
1014,6,1262.856201171875,14.3885498046875,1278.99951171875,56.79718017578125,0.3018531799316406,tracked,0
1015,6,1262.8829345703125,13.571781158447266,1279.0,56.78299331665039,0.20447272062301636,tracked,0
1016,6,1262.811279296875,13.948373794555664,1278.98388671875,57.034156799316406,0.257508784532547,tracked,0
1017,6,1262.814453125,15.115137100219727,1278.988037109375,57.45459747314453,0.24048899114131927,tracked,0
1018,6,1262.79248046875,14.737895965576172,1278.98291015625,57.28201675415039,0.23460601270198822,tracked,0
1019,6,1262.779052734375,14.727071762084961,1278.98193359375,57.31761932373047,0.2530057430267334,tracked,0
1020,1,991.0465087890625,598.8408203125,1061.4927978515625,704.5753173828125,0.3052898049354553,tracked,1
1021,1,995.209716796875,600.2548217773438,1060.961181640625,707.3209838867188,0.5494961142539978,tracked,1
1022,1,994.5560913085938,602.3471069335938,1059.3175048828125,705.8883666992188,0.5300630927085876,tracked,1
1023,6,1262.7091064453125,15.985273361206055,1278.9632568359375,57.70916748046875,0.2636830806732178,tracked,0
1024,6,1262.87158203125,14.765771865844727,1279.0,57.185157775878906,0.22214478254318237,tracked,0
1025,6,1262.874755859375,14.53176498413086,1279.0,57.07474899291992,0.18796592950820923,tracked,0
1026,6,1262.8826904296875,14.921703338623047,1279.0,57.09748458862305,0.26886528730392456,tracked,0
1027,6,1262.888916015625,14.4229736328125,1279.0,56.87451171875,0.23786316812038422,tracked,0
1028,6,1262.865478515625,12.958425521850586,1279.0,56.424163818359375,0.15584515035152435,tracked,0
1029,6,1262.819091796875,13.276927947998047,1278.986328125,56.607059478759766,0.2705889940261841,tracked,0
1030,1,1006.447021484375,604.8927001953125,1062.177490234375,707.904052734375,0.339704692363739,tracked,1
1031,6,1262.9202880859375,14.436338424682617,1279.0,57.210418701171875,0.23415054380893707,tracked,0
1032,6,1262.9080810546875,13.677867889404297,1279.0,57.03733444213867,0.2797420024871826,tracked,0
1033,6,1262.853759765625,13.134443283081055,1278.994140625,56.782859802246094,0.3092098832130432,tracked,0
1034,6,1262.9149169921875,13.422292709350586,1279.0,56.98204803466797,0.16491100192070007,tracked,0
1035,1,993.3822021484375,604.6429443359375,1058.8707275390625,705.8922119140625,0.4436074495315552,tracked,1
1036,6,1262.8560791015625,14.625524520874023,1278.9884033203125,57.32579040527344,0.3211037814617157,tracked,0
1037,6,1262.9403076171875,13.710685729980469,1279.0,57.172203063964844,0.16701291501522064,tracked,0
1038,1,993.139404296875,574.9227905273438,1048.6348876953125,657.6459350585938,0.37684616446495056,tracked,1
1039,1,995.6928100585938,580.4027709960938,1053.5673828125,670.5441284179688,0.4349882900714874,tracked,1
1040,6,1262.821533203125,12.063425064086914,1278.9677734375,56.55156707763672,0.2534793019294739,tracked,0
1041,1,995.203857421875,585.5821533203125,1052.6810302734375,681.708251953125,0.39392930269241333,tracked,1
1042,1,995.7929077148438,588.036865234375,1051.3887939453125,684.92041015625,0.6999903321266174,tracked,1
1043,1,986.7174682617188,591.5115966796875,1048.110595703125,686.7747802734375,0.723649263381958,tracked,1
1044,1,980.0369262695312,591.8187255859375,1048.39453125,689.1004638671875,0.724575400352478,tracked,1
1045,1,976.2637329101562,592.24560546875,1049.6982421875,690.7796630859375,0.76063472032547,tracked,1
1046,1,975.2076416015625,590.8115234375,1051.5916748046875,690.0400390625,0.7713888883590698,tracked,1
1047,1,974.3255004882812,588.1461791992188,1053.68017578125,689.9949340820312,0.754392147064209,tracked,1
1048,1,975.0353393554688,583.9197998046875,1056.5181884765625,685.666015625,0.7472556829452515,tracked,1
1049,1,986.1617431640625,582.1036376953125,1060.17578125,679.576171875,0.6946814656257629,tracked,1
1050,1,985.4016723632812,579.0946655273438,1060.8116455078125,675.3352661132812,0.750497043132782,tracked,1
1051,1,984.6856079101562,577.39892578125,1060.357421875,672.15576171875,0.7575875520706177,tracked,1
1052,1,985.6107177734375,576.6885986328125,1061.35888671875,669.8922119140625,0.7342488169670105,tracked,1
1053,1,986.8558959960938,577.4871215820312,1062.0130615234375,669.5590209960938,0.7179015874862671,tracked,1
1054,1,988.5023803710938,579.7107543945312,1062.61474609375,670.3762817382812,0.7127401232719421,tracked,1
1055,1,990.8207397460938,582.584228515625,1063.096923828125,670.3916015625,0.6741697192192078,tracked,1
1056,1,992.8313598632812,585.6307983398438,1063.5421142578125,671.4873657226562,0.6661468744277954,tracked,1
1057,1,993.9152221679688,589.61376953125,1063.4888916015625,674.18212890625,0.6860055327415466,tracked,1
1058,1,995.2536010742188,591.0787353515625,1063.644775390625,671.420654296875,0.6913765072822571,tracked,1
1059,1,996.166015625,591.5775756835938,1064.04296875,669.0121459960938,0.7230032086372375,tracked,1
1060,1,996.6773681640625,592.2814331054688,1063.9344482421875,668.9675903320312,0.7101556658744812,tracked,1
1061,1,996.8357543945312,592.57568359375,1063.413818359375,669.6876220703125,0.701140284538269,tracked,1
1062,1,996.54736328125,592.187744140625,1062.29248046875,670.340087890625,0.6901063323020935,tracked,1
1063,1,996.6724853515625,591.1304321289062,1062.3153076171875,670.0335083007812,0.7040019631385803,tracked,1
1064,1,997.94580078125,588.2425537109375,1064.71240234375,667.3843994140625,0.7056188583374023,tracked,1
1065,1,998.6104125976562,586.5180053710938,1066.382080078125,665.7398071289062,0.7167312502861023,tracked,1
1066,1,998.2974243164062,587.0733032226562,1066.684814453125,667.0794067382812,0.7012531757354736,tracked,1
1067,1,997.97509765625,587.849365234375,1067.144287109375,668.327392578125,0.6890113353729248,tracked,1
1068,1,997.4467163085938,587.8411865234375,1066.8681640625,668.5926513671875,0.6228975653648376,tracked,1
1069,1,996.8013305664062,587.1222534179688,1065.8829345703125,668.4938354492188,0.6755377054214478,tracked,1
1070,1,996.5670776367188,587.0201416015625,1065.2672119140625,668.5015869140625,0.646406352519989,tracked,1
1071,1,996.4798583984375,586.7095336914062,1064.0106201171875,668.2769165039062,0.6510608196258545,tracked,1
1072,1,996.7300415039062,586.9774169921875,1063.275634765625,668.149658203125,0.6629047393798828,tracked,1
1073,1,996.5234985351562,588.1146850585938,1061.095947265625,668.7055053710938,0.6364299058914185,tracked,1
1074,1,997.113525390625,588.8319091796875,1061.11669921875,668.99951171875,0.6622337698936462,tracked,1
1075,1,997.9044189453125,589.3405151367188,1061.4954833984375,669.0874633789062,0.679405152797699,tracked,1
1076,1,997.6109619140625,590.2181396484375,1060.6043701171875,669.844482421875,0.6166258454322815,tracked,1
1077,1,1000.439453125,590.7008666992188,1059.90234375,667.0039672851562,0.6040960550308228,tracked,1
1078,1,1003.7471313476562,595.9537963867188,1062.011962890625,671.1676635742188,0.6772487759590149,tracked,1
1079,1,1009.7074584960938,599.6563720703125,1063.4849853515625,668.297607421875,0.7468816041946411,tracked,1
1080,1,1012.4611206054688,603.2001953125,1064.075439453125,666.1104736328125,0.7152536511421204,tracked,1
1081,1,1016.1304931640625,606.6074829101562,1064.9532470703125,666.6012573242188,0.6831027865409851,tracked,1
1082,1,1018.3264770507812,615.4390869140625,1065.1964111328125,684.3956298828125,0.6491706371307373,tracked,1
1083,1,1023.5640258789062,619.6270751953125,1074.32861328125,694.6256103515625,0.653907299041748,tracked,1
1084,1,1026.3570556640625,620.0057983398438,1079.4459228515625,700.2922973632812,0.6734314560890198,tracked,1
1085,1,1027.5081787109375,617.3084716796875,1081.6544189453125,703.07958984375,0.5511237382888794,tracked,1
1086,1,1025.052490234375,606.3345947265625,1074.64990234375,684.7093505859375,0.4688551425933838,tracked,1
1087,1,1026.86572265625,606.3775634765625,1078.20361328125,692.59619140625,0.2711140215396881,tracked,1
1088,7,1262.790771484375,15.021528244018555,1279.0,57.09815979003906,0.2829340398311615,tracked,0
1089,7,1262.861328125,14.38885498046875,1279.0,57.35279083251953,0.2449817955493927,tracked,0
1090,7,1262.84912109375,15.04045295715332,1279.0,57.409576416015625,0.2606169283390045,tracked,0
1091,7,1262.7838134765625,15.916919708251953,1278.9776611328125,57.74990463256836,0.22946465015411377,tracked,0
1092,7,1262.777099609375,15.967748641967773,1278.98046875,57.59684753417969,0.2724737823009491,tracked,0
1093,7,1262.8428955078125,15.313013076782227,1279.0,57.337257385253906,0.2793194651603699,tracked,0
1094,7,1262.8558349609375,15.453075408935547,1279.0,57.4608268737793,0.21199966967105865,tracked,0
1095,7,1262.9556884765625,13.442319869995117,1279.0,56.82810974121094,0.2542005777359009,tracked,0
1096,7,1262.9141845703125,14.404409408569336,1279.0,57.13706970214844,0.27724647521972656,tracked,0
1097,7,1262.86962890625,14.553007125854492,1278.99951171875,57.180870056152344,0.29214850068092346,tracked,0
1098,7,1262.8037109375,15.407634735107422,1278.973876953125,57.57137680053711,0.2171628475189209,tracked,0
1099,7,1262.7784423828125,15.862037658691406,1278.9688720703125,57.52545928955078,0.2776079773902893,tracked,0
1100,7,1262.7933349609375,15.32469367980957,1278.9805908203125,57.242919921875,0.22918005287647247,tracked,0
1101,7,1262.74365234375,14.162630081176758,1278.9677734375,56.77411651611328,0.18180064857006073,tracked,0
1102,7,1262.7984619140625,15.080493927001953,1278.9952392578125,57.16946029663086,0.2793721556663513,tracked,0
1103,1,1005.5889892578125,616.3815307617188,1074.9844970703125,704.1129760742188,0.22208958864212036,tracked,1
1104,7,1262.833740234375,15.424251556396484,1279.0,57.32490921020508,0.2334861159324646,tracked,0
1105,7,1262.7926025390625,15.02431869506836,1278.9957275390625,57.12404251098633,0.2818383574485779,tracked,0
1106,7,1262.791748046875,14.412443161010742,1278.996337890625,56.888023376464844,0.36502882838249207,tracked,0
1107,7,1262.8773193359375,12.999752044677734,1279.0,56.508365631103516,0.30120304226875305,tracked,0
1108,1,1017.5964965820312,595.3219604492188,1070.7734375,668.4846801757812,0.44565218687057495,tracked,1
1109,1,1021.0602416992188,594.372802734375,1068.91748046875,662.6767578125,0.5957995057106018,tracked,1
1110,1,1022.56640625,594.5816040039062,1067.681640625,660.0183715820312,0.6006022691726685,tracked,1
1111,1,1023.4708251953125,595.427001953125,1066.9664306640625,659.1907958984375,0.6188861131668091,tracked,1
1112,1,1023.7952270507812,596.5015258789062,1066.462890625,659.1050415039062,0.6207007765769958,tracked,1
1113,1,1024.1162109375,597.2406616210938,1066.204345703125,659.0303344726562,0.6505032777786255,tracked,1
1114,1,1024.171630859375,597.5492553710938,1065.919189453125,659.0297241210938,0.6500850319862366,tracked,1
1115,1,1024.24609375,597.8101196289062,1065.74609375,659.1395874023438,0.6491656303405762,tracked,1
1116,1,1024.1737060546875,597.79296875,1065.5252685546875,659.1497802734375,0.6485585570335388,tracked,1
1117,1,1024.094970703125,597.658203125,1065.322509765625,659.06201171875,0.6424158215522766,tracked,1
1118,1,1023.9682006835938,599.6436157226562,1064.92431640625,660.5420532226562,0.6532679200172424,tracked,1
1119,7,1262.9071044921875,15.141563415527344,1279.0,57.471458435058594,0.23530499637126923,tracked,0
1120,7,1262.88720703125,15.350448608398438,1279.0,57.47431182861328,0.2539055347442627,tracked,0
1121,1,1020.8593139648438,616.6448974609375,1063.6298828125,684.2392578125,0.7050351500511169,tracked,1
1122,1,1019.433349609375,617.0278930664062,1064.51806640625,689.2715454101562,0.7436089515686035,tracked,1
1123,1,1017.7609252929688,613.8167724609375,1064.9964599609375,689.792724609375,0.7306049466133118,tracked,1
1124,1,1017.1268920898438,610.3665771484375,1065.2564697265625,689.3043212890625,0.70341956615448,tracked,1
1125,1,1016.5431518554688,606.0909423828125,1066.205322265625,689.7763671875,0.42198094725608826,tracked,1
1126,1,1016.7100830078125,602.1224975585938,1067.1925048828125,690.7741088867188,0.2971953749656677,tracked,1
1127,7,1263.010009765625,13.996946334838867,1279.0,56.933616638183594,0.22675786912441254,tracked,0
1128,7,1262.9376220703125,14.925533294677734,1279.0,57.18210983276367,0.20505310595035553,tracked,0
1129,7,1262.97705078125,14.949995040893555,1279.0,57.26158142089844,0.23074164986610413,tracked,0
1130,7,1262.9842529296875,15.867353439331055,1279.0,57.52763366699219,0.21191149950027466,tracked,0
1131,7,1262.9117431640625,16.454517364501953,1278.9827880859375,57.5655403137207,0.3060806393623352,tracked,0
1132,7,1262.94775390625,16.441511154174805,1278.997802734375,57.471435546875,0.27381280064582825,tracked,0
1133,7,1263.0169677734375,14.84920883178711,1279.0,56.8764533996582,0.2652112543582916,tracked,0
1134,7,1262.9920654296875,14.24537467956543,1279.0,56.82227325439453,0.2143104374408722,tracked,0
1135,7,1262.9161376953125,15.044229507446289,1278.9798583984375,57.14990234375,0.2096167355775833,tracked,0
1136,7,1262.8748779296875,14.826080322265625,1278.9678955078125,57.272926330566406,0.21102333068847656,tracked,0
1137,7,1262.9193115234375,14.59123420715332,1278.9903564453125,57.09446716308594,0.29240739345550537,tracked,0
1138,7,1262.94482421875,14.904813766479492,1279.0,57.10188293457031,0.28824302554130554,tracked,0
1139,7,1262.9383544921875,15.271421432495117,1279.0,57.250457763671875,0.2967013120651245,tracked,0
1140,7,1262.9117431640625,14.916521072387695,1278.9915771484375,57.17816162109375,0.22503934800624847,tracked,0
1141,7,1262.931884765625,14.02749252319336,1279.0,56.86305618286133,0.23144540190696716,tracked,0
1142,1,1022.0241088867188,589.6207275390625,1067.80517578125,678.2275390625,0.48743465542793274,tracked,1
1143,1,1023.9899291992188,591.4112548828125,1068.7740478515625,678.70947265625,0.6304235458374023,tracked,1
1144,1,1024.2078857421875,590.3724975585938,1068.1588134765625,669.2182006835938,0.7219634056091309,tracked,1
1145,1,1020.0027465820312,591.337158203125,1066.603759765625,671.266357421875,0.7203052639961243,tracked,1
1146,1,1016.2125854492188,591.1251220703125,1064.7066650390625,671.408203125,0.7210374474525452,tracked,1
1147,1,1014.3206176757812,587.412841796875,1064.6898193359375,670.3360595703125,0.691706120967865,tracked,1
1148,1,1014.0097045898438,583.9428100585938,1065.542236328125,670.8761596679688,0.6415839791297913,tracked,1
1149,1,1015.3053588867188,580.9298706054688,1066.190185546875,672.0863647460938,0.5236827731132507,tracked,1
1150,1,1016.1110229492188,574.3956909179688,1067.6527099609375,664.0839233398438,0.614664614200592,tracked,1
1151,7,1262.93994140625,13.907144546508789,1279.0,57.516380310058594,0.2135545313358307,tracked,0
1152,7,1262.9769287109375,13.934087753295898,1279.0,57.53008270263672,0.20575761795043945,tracked,0
1153,7,1262.963623046875,13.970678329467773,1279.0,57.40178680419922,0.2394455522298813,tracked,0
1154,1,1013.8352661132812,573.3519287109375,1065.6807861328125,664.384033203125,0.6552616953849792,tracked,1
1155,1,1012.82275390625,575.01513671875,1066.128173828125,665.2498779296875,0.7200413942337036,tracked,1
1156,1,1012.3529663085938,575.17236328125,1067.230712890625,666.83740234375,0.6521602869033813,tracked,1
1157,7,1262.889404296875,14.96744155883789,1278.974609375,57.50559616088867,0.3204781115055084,tracked,0
1158,1,1009.8539428710938,577.0655517578125,1068.832763671875,669.2745361328125,0.6577742695808411,tracked,1
1159,1,1005.1845703125,577.8667602539062,1068.79296875,671.6046752929688,0.6977247595787048,tracked,1
1160,1,1003.1571655273438,576.089111328125,1076.064208984375,672.342041015625,0.47814929485321045,tracked,1
1161,1,1002.1233520507812,575.7998046875,1084.0299072265625,673.92138671875,0.3088608384132385,tracked,1
1162,1,999.4960327148438,577.77587890625,1085.9852294921875,674.8201904296875,0.6884264945983887,tracked,1
1163,1,997.3331298828125,579.8289184570312,1085.3316650390625,675.6514282226562,0.6110407114028931,tracked,1
1164,1,996.742431640625,581.2338256835938,1084.6962890625,676.0249633789062,0.698474645614624,tracked,1
1165,1,994.6163940429688,584.0108642578125,1081.943115234375,677.432373046875,0.7047781944274902,tracked,1
1166,1,993.5855712890625,587.0343627929688,1077.7803955078125,679.9495239257812,0.7331644296646118,tracked,1
1167,1,993.3880004882812,592.916015625,1074.1282958984375,683.9713134765625,0.6892626285552979,tracked,1
1168,1,992.87890625,593.8468017578125,1069.48291015625,685.6949462890625,0.6834762096405029,tracked,1
1169,1,993.7867431640625,593.1907348632812,1069.1517333984375,687.5966186523438,0.5574596524238586,tracked,1
1170,1,995.7906494140625,594.012451171875,1076.2000732421875,689.47998046875,0.6308079957962036,tracked,1
1171,1,999.0499877929688,596.13134765625,1077.671875,690.8162841796875,0.5198301672935486,tracked,1
1172,1,1000.0953979492188,598.6031494140625,1077.982177734375,692.1485595703125,0.6395378112792969,tracked,1
1173,1,998.608154296875,601.1959228515625,1074.97119140625,692.7481689453125,0.7552334666252136,tracked,1
1174,1,995.1716918945312,602.8468627929688,1070.708740234375,692.4247436523438,0.7763205766677856,tracked,1
1175,1,990.5655517578125,604.2926635742188,1068.7508544921875,694.3914184570312,0.7713863849639893,tracked,1
1176,1,987.807861328125,604.4802856445312,1068.7841796875,695.7510375976562,0.7740011811256409,tracked,1
1177,1,987.0487670898438,603.1951904296875,1069.300048828125,695.427001953125,0.7903570532798767,tracked,1
1178,1,988.073974609375,602.8473510742188,1070.450927734375,697.2378540039062,0.7650356292724609,tracked,1
1179,1,988.7509765625,602.1064453125,1071.733642578125,695.947265625,0.7595725059509277,tracked,1
1180,1,989.820556640625,602.7050170898438,1072.468505859375,695.4821166992188,0.7436406016349792,tracked,1
1181,1,988.6527709960938,602.8627319335938,1072.244873046875,695.4109497070312,0.7447659969329834,tracked,1
1182,1,988.0336303710938,601.163818359375,1071.253173828125,692.591064453125,0.6940191984176636,tracked,1
1183,1,986.9522705078125,599.562255859375,1068.0753173828125,689.9888916015625,0.7246471643447876,tracked,1
1184,1,984.31640625,597.69873046875,1064.419921875,686.9100341796875,0.7343588471412659,tracked,1
1185,1,980.3969116210938,596.7556762695312,1060.466796875,686.1539916992188,0.7254457473754883,tracked,1
1186,1,979.9052734375,594.948974609375,1062.9476318359375,685.7772216796875,0.7472906708717346,tracked,1
1187,1,978.3804321289062,594.5955200195312,1065.13671875,686.6196899414062,0.7776529788970947,tracked,1
1188,1,977.056884765625,594.2607421875,1067.563232421875,687.894287109375,0.7587487697601318,tracked,1
1189,1,975.7076416015625,594.1318969726562,1070.00830078125,689.0215454101562,0.7516956925392151,tracked,1
1190,1,973.379150390625,594.0442504882812,1072.1890869140625,689.6555786132812,0.7499374747276306,tracked,1
1191,1,969.165283203125,591.2196655273438,1074.80224609375,689.3858032226562,0.7757096290588379,tracked,1
1192,1,966.3360595703125,590.390625,1077.3944091796875,690.7442626953125,0.7800413370132446,tracked,1
1193,1,963.823486328125,591.13134765625,1078.8260498046875,693.42138671875,0.772803544998169,tracked,1
1194,1,960.8382568359375,591.580810546875,1075.6767578125,695.982666015625,0.805804431438446,tracked,1
1195,1,959.7345581054688,592.3897705078125,1073.791015625,698.0528564453125,0.8022115230560303,tracked,1
1196,1,959.4937133789062,593.37060546875,1069.3013916015625,699.646484375,0.7514144778251648,tracked,1
1197,1,961.21630859375,592.6233520507812,1065.2623291015625,698.2722778320312,0.7274412512779236,tracked,1
1198,1,965.3854370117188,594.4627075195312,1064.0826416015625,697.8117065429688,0.7214307188987732,tracked,1
1199,1,971.189453125,597.2313232421875,1066.246337890625,698.2506103515625,0.7136468291282654,tracked,1
1200,1,977.7510375976562,598.65185546875,1069.255126953125,698.1534423828125,0.724705159664154,tracked,1
1201,1,982.580322265625,599.2685546875,1071.0908203125,697.053466796875,0.7515740990638733,tracked,1
1202,1,986.1887817382812,598.103271484375,1072.859619140625,694.4527587890625,0.7543303370475769,tracked,1
1203,1,991.790283203125,596.6953125,1073.205322265625,686.9525146484375,0.6271784901618958,tracked,1
1204,1,993.7366333007812,598.1961059570312,1071.5264892578125,687.9598999023438,0.7034933567047119,tracked,1
1205,1,994.1708984375,596.74072265625,1068.313232421875,687.9188232421875,0.7229210138320923,tracked,1
1206,1,996.3618774414062,594.9437866210938,1064.3646240234375,688.0912475585938,0.6457011103630066,tracked,1
1207,1,995.0916137695312,595.6036987304688,1058.933837890625,687.8711547851562,0.700823187828064,tracked,1
1208,1,999.7767333984375,595.54833984375,1057.8885498046875,686.3636474609375,0.4234767556190491,tracked,1
1209,8,1263.066162109375,12.726921081542969,1279.0,57.601844787597656,0.22087456285953522,tracked,0
1210,1,999.035400390625,595.490966796875,1061.894287109375,686.425048828125,0.7464257478713989,tracked,1
1211,1,994.9109497070312,595.3421020507812,1062.175537109375,685.7805786132812,0.6815944910049438,tracked,1
1212,1,989.4424438476562,595.154541015625,1062.066650390625,686.2318115234375,0.7754219770431519,tracked,1
1213,1,983.126220703125,593.929443359375,1061.232666015625,684.1942138671875,0.787112832069397,tracked,1
1214,1,977.5921020507812,592.488037109375,1060.8734130859375,682.676513671875,0.7923575639724731,tracked,1
1215,1,972.0194702148438,590.8485717773438,1063.2606201171875,681.9661254882812,0.8032032251358032,tracked,1
1216,1,964.18896484375,589.596435546875,1062.0576171875,682.160400390625,0.7892513275146484,tracked,1
1217,1,956.1070556640625,591.0440673828125,1060.66162109375,683.9056396484375,0.7891029715538025,tracked,1
1218,1,949.748291015625,592.0164184570312,1059.6591796875,684.9623413085938,0.7879263758659363,tracked,1
1219,1,940.4428100585938,590.8648071289062,1054.72314453125,684.9237670898438,0.7839260697364807,tracked,1
1220,1,930.6170654296875,591.0465698242188,1050.955810546875,685.8427124023438,0.7314905524253845,tracked,1
1221,1,921.0535278320312,590.503662109375,1046.41064453125,687.4974365234375,0.7623981237411499,tracked,1
1222,1,914.9677124023438,589.9363403320312,1044.53955078125,689.0971069335938,0.7492197751998901,tracked,1
1223,1,909.479736328125,590.210205078125,1043.7666015625,690.63037109375,0.7041925191879272,tracked,1
1224,1,904.336181640625,592.5772705078125,1040.53857421875,692.1602783203125,0.7315336465835571,tracked,1
1225,1,898.8717041015625,595.2528076171875,1036.970947265625,694.89453125,0.7102410197257996,tracked,1
1226,1,896.60546875,597.6219482421875,1034.5084228515625,697.2261962890625,0.79949951171875,tracked,1
1227,1,896.9402465820312,599.355712890625,1033.692626953125,698.303955078125,0.8039190173149109,tracked,1
1228,1,898.2532958984375,601.3668823242188,1033.4599609375,699.3141479492188,0.809623658657074,tracked,1
1229,1,900.8748779296875,602.2337036132812,1034.3875732421875,699.6773071289062,0.7942559719085693,tracked,1
1230,1,903.2105712890625,602.0699462890625,1035.559326171875,699.423583984375,0.7915363907814026,tracked,1
1231,1,904.554931640625,601.1656494140625,1036.6221923828125,699.135986328125,0.7873058319091797,tracked,1
1232,1,903.0512084960938,602.6766967773438,1034.6884765625,699.9038696289062,0.7808107137680054,tracked,1
1233,1,896.9152221679688,607.788330078125,1030.773193359375,703.6007080078125,0.7065407633781433,tracked,1
1234,1,885.5377197265625,611.5281982421875,1021.3677978515625,706.534423828125,0.4700935184955597,tracked,1
1235,1,872.4337158203125,616.7488403320312,1007.602783203125,711.7654418945312,0.7390825152397156,tracked,1
1236,1,857.409912109375,622.4384765625,995.294189453125,717.416015625,0.5051687359809875,tracked,1
1237,1,849.884765625,624.65185546875,986.7330322265625,719.0,0.46153804659843445,tracked,1
1238,1,838.1036376953125,626.2019653320312,974.921142578125,719.0,0.48734503984451294,tracked,1
1239,1,831.7752075195312,625.9656982421875,965.2387084960938,719.0,0.5794470906257629,tracked,1
1240,1,824.6343994140625,624.851806640625,955.879638671875,719.0,0.7077176570892334,tracked,1
1241,1,817.0479125976562,624.6589965820312,946.7305297851562,719.0,0.6873839497566223,tracked,1
1242,1,806.8240356445312,624.23681640625,938.5752563476562,719.0,0.6606996655464172,tracked,1
1243,1,797.180908203125,625.0770874023438,932.4906005859375,719.0,0.6371139287948608,tracked,1
1244,1,793.5078735351562,626.3793334960938,930.6254272460938,719.0,0.6587910652160645,tracked,1
1245,1,798.0146484375,627.1946411132812,931.88232421875,719.0,0.6615915894508362,tracked,1
1246,1,796.1558837890625,627.525146484375,932.3402099609375,719.0,0.6461777091026306,tracked,1
1247,1,795.5108032226562,627.4778442382812,933.5228881835938,719.0,0.6909522414207458,tracked,1
1248,1,795.3770141601562,626.9690551757812,934.6433715820312,719.0,0.7057042121887207,tracked,1
1249,1,795.5009155273438,626.3826293945312,935.5656127929688,718.9328002929688,0.7193368077278137,tracked,1
1250,1,795.5868530273438,625.9224243164062,936.2265014648438,718.7366333007812,0.7282539010047913,tracked,1
1251,1,795.8231811523438,625.1644287109375,936.8727416992188,718.492431640625,0.7356169819831848,tracked,1
1252,1,795.7300415039062,624.7932739257812,937.1257934570312,718.4541625976562,0.7360059022903442,tracked,1
1253,1,795.541259765625,623.9873657226562,937.341552734375,718.2847290039062,0.7388498187065125,tracked,1
1254,1,795.7015991210938,623.1312255859375,937.4962768554688,718.140625,0.7351628541946411,tracked,1
1255,1,795.6060791015625,622.3055419921875,937.526611328125,718.047119140625,0.733797013759613,tracked,1
1256,1,795.357666015625,621.6941528320312,937.52294921875,718.0612182617188,0.7279019951820374,tracked,1
1257,1,794.9691772460938,620.9573974609375,937.5792846679688,718.036865234375,0.7159854173660278,tracked,1
1258,1,794.6874389648438,620.4304809570312,937.7506713867188,718.0977172851562,0.7184448838233948,tracked,1
1259,1,794.3397216796875,620.1925659179688,937.5963134765625,718.2553100585938,0.7027328610420227,tracked,1
1260,1,793.7666625976562,622.8912963867188,936.7810668945312,719.0,0.6766166687011719,tracked,1
1261,1,794.0285034179688,625.5863037109375,934.6928100585938,719.0,0.6544557809829712,tracked,1
1262,1,788.9630126953125,627.3145751953125,931.4737548828125,719.0,0.6910856366157532,tracked,1
1263,1,786.5926513671875,626.94775390625,930.028076171875,719.0,0.7358251810073853,tracked,1
1264,1,785.4536743164062,626.06640625,929.5908813476562,719.0,0.7526150345802307,tracked,1
1265,1,785.1354370117188,625.27490234375,927.6163940429688,719.0,0.7974933981895447,tracked,1
1266,1,786.991943359375,625.61669921875,927.091552734375,719.0,0.8038215637207031,tracked,1
1267,1,791.0830688476562,626.5816650390625,927.3016967773438,719.0,0.8080325722694397,tracked,1
1268,1,793.6826782226562,627.2902221679688,925.5537719726562,719.0,0.8252249360084534,tracked,1
1269,1,798.0919799804688,627.0811767578125,924.7365112304688,718.8419189453125,0.8208919167518616,tracked,1
1270,1,805.4498291015625,624.047119140625,925.029541015625,716.13525390625,0.7897394895553589,tracked,1
1271,1,810.8363037109375,621.6985473632812,924.30029296875,714.2473754882812,0.7762033939361572,tracked,1
1272,1,812.4603881835938,618.1434936523438,921.8330688476562,712.7244262695312,0.7701852321624756,tracked,1
1273,1,817.626220703125,616.6141967773438,924.6378173828125,712.0979614257812,0.7715644240379333,tracked,1
1274,1,820.904296875,614.542724609375,926.4373779296875,712.1416015625,0.7608145475387573,tracked,1
1275,1,821.26171875,614.119384765625,930.412109375,714.148193359375,0.8096213340759277,tracked,1
1276,1,824.99267578125,615.349853515625,936.0623779296875,716.2216796875,0.8227308392524719,tracked,1
1277,1,828.2230834960938,617.3619995117188,943.5214233398438,718.0298461914062,0.7982466220855713,tracked,1
1278,1,837.9263916015625,623.2478637695312,957.3173828125,719.0,0.7876979112625122,tracked,1
1279,1,844.3972778320312,626.3272094726562,969.1046752929688,719.0,0.7686048150062561,tracked,1
1280,1,849.4920654296875,627.9611206054688,979.4796142578125,719.0,0.7394777536392212,tracked,1
1281,1,851.9592895507812,627.7816772460938,986.7068481445312,719.0,0.6592562794685364,tracked,1
1282,1,876.1675415039062,611.62939453125,989.7310180664062,695.7269287109375,0.653727650642395,tracked,1
1283,1,891.5619506835938,601.9581909179688,990.9885864257812,679.4540405273438,0.6507100462913513,tracked,1
1284,1,903.1442260742188,596.5750122070312,992.6795043945312,669.4042358398438,0.6162229180335999,tracked,1
1285,1,889.9932250976562,612.1398315429688,994.8453979492188,691.0217895507812,0.6428882479667664,tracked,1
1286,1,881.4313354492188,621.2144165039062,997.3495483398438,704.9133911132812,0.6645493507385254,tracked,1
1287,1,877.4666137695312,625.293212890625,1001.9335327148438,712.867431640625,0.6405956745147705,tracked,1
1288,1,876.208251953125,626.828125,1006.2503662109375,717.08642578125,0.6419563293457031,tracked,1
1289,1,877.7520141601562,625.8718872070312,1012.1963500976562,718.6234741210938,0.697838306427002,tracked,1
1290,1,879.9820556640625,624.9822998046875,1016.31884765625,719.0,0.7383744120597839,tracked,1
1291,1,881.880859375,624.048095703125,1019.6737060546875,719.0,0.6925402879714966,tracked,1
1292,1,883.0643920898438,623.274169921875,1022.1651000976562,719.0,0.6459843516349792,tracked,1
1293,1,885.3667602539062,622.5418701171875,1025.510986328125,718.988037109375,0.5743537545204163,tracked,1
1294,1,888.3284912109375,628.0419311523438,1025.5970458984375,719.0,0.6296428442001343,tracked,1
1295,1,893.0565185546875,626.6456909179688,1032.397705078125,719.0,0.5767282247543335,tracked,1
1296,1,896.8618774414062,626.235107421875,1037.0067138671875,719.0,0.6166340112686157,tracked,1
1297,1,902.3798217773438,625.6895141601562,1042.2176513671875,719.0,0.5790930986404419,tracked,1
1298,1,907.9569091796875,618.0892944335938,1048.0762939453125,714.7286987304688,0.6879076957702637,tracked,1
1299,1,914.3294677734375,612.543701171875,1055.3345947265625,711.021728515625,0.5488279461860657,tracked,1
1300,1,921.3663940429688,609.8482666015625,1059.42919921875,709.7109375,0.5938593149185181,tracked,1
1301,1,923.9461669921875,605.6415405273438,1062.8177490234375,707.2102661132812,0.6787462830543518,tracked,1
1302,1,926.3255004882812,603.4933471679688,1060.8411865234375,706.4959106445312,0.582887589931488,tracked,1
1303,1,930.9005737304688,602.0734252929688,1067.342041015625,705.8749389648438,0.7528678178787231,tracked,1
1304,1,936.0775756835938,600.8792724609375,1071.442626953125,704.693603515625,0.7677488327026367,tracked,1
1305,1,939.189697265625,598.0550537109375,1075.1082763671875,701.883056640625,0.7441090941429138,tracked,1
1306,1,941.6860961914062,596.0364990234375,1074.0576171875,699.673095703125,0.62563157081604,tracked,1
1307,1,944.4175415039062,594.3585815429688,1077.322509765625,698.1207885742188,0.7191768288612366,tracked,1
1308,1,945.6856079101562,593.535888671875,1080.72705078125,697.3555908203125,0.7538219690322876,tracked,1
1309,1,948.09814453125,593.7760009765625,1084.032470703125,697.6834716796875,0.7782828211784363,tracked,1
1310,1,951.9994506835938,594.751953125,1087.7049560546875,698.1895751953125,0.8068593144416809,tracked,1
1311,1,952.9573974609375,593.9658813476562,1088.9229736328125,697.5664672851562,0.7633653879165649,tracked,1
1312,1,954.3600463867188,595.4942626953125,1087.8824462890625,698.8310546875,0.7651877999305725,tracked,1
1313,1,954.7037353515625,595.1942749023438,1085.6971435546875,698.8838500976562,0.7661264538764954,tracked,1
1314,1,959.1637573242188,595.1610717773438,1085.2022705078125,699.4381713867188,0.771291971206665,tracked,1
1315,1,961.9429931640625,593.6868896484375,1085.6669921875,698.2684326171875,0.7708093523979187,tracked,1
1316,1,964.1161499023438,591.8287963867188,1086.0767822265625,696.3842163085938,0.7934885025024414,tracked,1
1317,1,966.7500610351562,590.1174926757812,1087.3074951171875,694.1209106445312,0.775689423084259,tracked,1
1318,1,968.99560546875,588.698486328125,1089.3310546875,691.33984375,0.743196964263916,tracked,1
1319,1,971.053466796875,587.5408935546875,1090.947509765625,689.4228515625,0.7531738877296448,tracked,1
1320,1,971.189697265625,586.4945068359375,1089.805908203125,687.9324951171875,0.780942440032959,tracked,1
1321,1,971.0028686523438,586.7763061523438,1083.0595703125,686.7335815429688,0.7690683603286743,tracked,1
1322,1,971.1316528320312,587.0499877929688,1079.09521484375,686.4657592773438,0.7423097491264343,tracked,1
1323,1,975.1986694335938,588.0523071289062,1081.950927734375,686.4191284179688,0.7031577229499817,tracked,1
1324,1,980.3867797851562,588.3016967773438,1084.3348388671875,684.7334594726562,0.6439181566238403,tracked,1
1325,1,980.7291259765625,588.4544067382812,1081.8739013671875,683.8788452148438,0.7002724409103394,tracked,1
1326,1,979.7068481445312,587.408935546875,1078.46337890625,682.726806640625,0.7334842681884766,tracked,1
1327,1,980.6377563476562,586.5445556640625,1078.1156005859375,681.9921875,0.7161424160003662,tracked,1
1328,1,982.2352294921875,585.949462890625,1079.9840087890625,681.6180419921875,0.7329255938529968,tracked,1
1329,1,982.61279296875,585.7308349609375,1079.0634765625,681.3350830078125,0.7271171808242798,tracked,1
1330,1,982.2426147460938,586.32177734375,1074.669189453125,681.6805419921875,0.6824409365653992,tracked,1
1331,1,981.4905395507812,586.3217163085938,1074.7958984375,682.6508178710938,0.6737086772918701,tracked,1
1332,1,982.802734375,585.46728515625,1077.84912109375,682.581298828125,0.6854296326637268,tracked,1
1333,1,982.7536010742188,586.156494140625,1079.4254150390625,683.9249267578125,0.6716180443763733,tracked,1
1334,1,982.8048095703125,586.4462890625,1080.0548095703125,684.0716552734375,0.6912517547607422,tracked,1
1335,1,983.8096923828125,586.1348266601562,1082.1346435546875,684.1445922851562,0.6750982999801636,tracked,1
1336,1,986.248291015625,586.9361572265625,1083.203125,683.5389404296875,0.6432413458824158,tracked,1
1337,1,986.9758911132812,587.3442993164062,1083.8985595703125,683.4551391601562,0.5341699719429016,tracked,1
1338,1,989.0379638671875,587.6383056640625,1084.4859619140625,682.7750244140625,0.576521098613739,tracked,1
1339,1,989.0783081054688,587.5432739257812,1081.1600341796875,683.4081420898438,0.6461343169212341,tracked,1
1340,1,992.7606201171875,588.0340576171875,1080.2987060546875,683.8154296875,0.7302079796791077,tracked,1
1341,1,995.4774780273438,588.0413818359375,1078.60009765625,683.8773193359375,0.7211676836013794,tracked,1
1342,1,997.830078125,588.22900390625,1078.025634765625,684.1160888671875,0.730168879032135,tracked,1
1343,1,999.1336059570312,587.9133911132812,1077.2052001953125,683.8233032226562,0.7287247180938721,tracked,1
1344,1,999.2237548828125,587.7886352539062,1076.1087646484375,684.0504760742188,0.7127869725227356,tracked,1
1345,1,999.2132568359375,587.5046997070312,1075.5296630859375,684.3280639648438,0.7178501486778259,tracked,1
1346,1,998.7171630859375,587.411865234375,1075.1707763671875,684.7042236328125,0.7298545837402344,tracked,1
1347,1,998.478271484375,586.8327026367188,1075.62451171875,687.0778198242188,0.7100117206573486,tracked,1
1348,1,997.0719604492188,586.3226928710938,1074.6375732421875,686.4629516601562,0.7079460620880127,tracked,1
1349,1,996.2848510742188,584.9713134765625,1074.448974609375,686.78076171875,0.7223178148269653,tracked,1
1350,1,994.9564208984375,583.9236450195312,1074.0782470703125,687.1121215820312,0.7279501557350159,tracked,1
1351,1,993.6355590820312,582.6806640625,1073.771484375,686.589111328125,0.7030681371688843,tracked,1
1352,1,992.531005859375,581.5966796875,1073.71240234375,686.070556640625,0.6782199740409851,tracked,1
1353,1,994.9375,581.888671875,1077.811767578125,685.0765380859375,0.6720103621482849,tracked,1
1354,1,996.0303955078125,581.931640625,1079.3482666015625,683.3463134765625,0.7051132321357727,tracked,1
1355,1,996.2903442382812,582.0703125,1080.8382568359375,681.949951171875,0.6956045031547546,tracked,1
1356,1,994.24658203125,582.1570434570312,1078.600830078125,682.8329467773438,0.6931788921356201,tracked,1
1357,1,992.5826416015625,581.9493408203125,1077.0482177734375,683.46533203125,0.7060807943344116,tracked,1
1358,1,991.8896484375,581.5830688476562,1076.58154296875,683.7109985351562,0.7191978096961975,tracked,1
1359,1,992.81298828125,582.2202758789062,1077.222900390625,682.3825073242188,0.7335885167121887,tracked,1
1360,1,992.65087890625,582.3727416992188,1077.034912109375,681.2611694335938,0.7445156574249268,tracked,1
1361,1,991.9092407226562,582.8155517578125,1076.41162109375,681.0484619140625,0.7406877279281616,tracked,1
1362,1,990.3247680664062,584.363037109375,1074.4725341796875,681.77490234375,0.7690844535827637,tracked,1
1363,1,990.2199096679688,585.8519897460938,1073.5975341796875,681.4790649414062,0.7666271924972534,tracked,1
1364,1,990.4046020507812,586.8302612304688,1073.3809814453125,680.2869262695312,0.7666805982589722,tracked,1
1365,1,991.3595581054688,587.537841796875,1073.3619384765625,679.6943359375,0.7687129974365234,tracked,1
1366,1,993.083251953125,588.9910888671875,1073.384765625,680.472900390625,0.75475013256073,tracked,1
1367,1,992.86474609375,589.1602172851562,1073.0224609375,681.7251586914062,0.7847900390625,tracked,1
1368,1,992.7598876953125,588.6295166015625,1072.8758544921875,682.2816162109375,0.7729246020317078,tracked,1
1369,1,993.9700927734375,587.8648681640625,1072.1473388671875,681.8671875,0.7660995721817017,tracked,1
1370,1,993.9892578125,587.9326171875,1071.21875,682.1376953125,0.7776668071746826,tracked,1
1371,1,992.4102783203125,587.4255981445312,1070.5360107421875,682.5932006835938,0.761517345905304,tracked,1
1372,1,990.4168090820312,587.5023193359375,1068.743408203125,682.9600830078125,0.7749046087265015,tracked,1
1373,1,989.957275390625,588.3609008789062,1067.501708984375,683.4098510742188,0.7357645630836487,tracked,1
1374,1,991.259765625,590.23974609375,1065.97998046875,682.9288330078125,0.736801028251648,tracked,1
1375,1,991.8685302734375,590.9542236328125,1064.3631591796875,683.4302978515625,0.7196122407913208,tracked,1
1376,1,988.7274169921875,591.3594360351562,1061.9366455078125,683.3286743164062,0.7509285807609558,tracked,1
1377,1,989.59130859375,592.9286499023438,1061.55078125,684.7167358398438,0.7167211174964905,tracked,1
1378,1,983.856201171875,592.1718139648438,1059.5498046875,683.8417358398438,0.7240791320800781,tracked,1
1379,1,980.0953979492188,592.1087036132812,1057.3193359375,682.8272094726562,0.7080072164535522,tracked,1
1380,1,975.5841064453125,592.2765502929688,1055.738525390625,682.7713012695312,0.7350096702575684,tracked,1
1381,1,973.2705078125,592.4534912109375,1054.8203125,682.5611572265625,0.7534558176994324,tracked,1
1382,1,968.317626953125,594.1788330078125,1051.8935546875,682.590576171875,0.7540194392204285,tracked,1
1383,1,966.357666015625,595.4288940429688,1052.177978515625,682.1102905273438,0.7453951239585876,tracked,1
1384,1,964.3363647460938,597.3073120117188,1057.6424560546875,682.7560424804688,0.7617848515510559,tracked,1
1385,1,962.9227905273438,601.4981689453125,1062.271728515625,685.1650390625,0.8166815042495728,tracked,1
1386,1,962.4130859375,604.248779296875,1066.515380859375,687.5538330078125,0.7983413338661194,tracked,1
1387,1,964.28466796875,607.44775390625,1070.4522705078125,690.902099609375,0.788332462310791,tracked,1
1388,1,968.6881103515625,607.5687866210938,1075.6661376953125,692.7924194335938,0.79451984167099,tracked,1
1389,1,974.1190795898438,612.6906127929688,1079.42529296875,697.1762084960938,0.7141394019126892,tracked,1
1390,1,978.4320068359375,610.7257080078125,1082.7669677734375,695.90625,0.7186267971992493,tracked,1
1391,1,978.7322998046875,608.1023559570312,1083.2879638671875,694.6631469726562,0.7139593362808228,tracked,1
1392,1,977.9273681640625,606.3275756835938,1082.3721923828125,693.3339233398438,0.7154719233512878,tracked,1
1393,1,982.7775268554688,609.0558471679688,1083.24267578125,694.6271362304688,0.7047236561775208,tracked,1
1394,1,984.3085327148438,609.6151733398438,1083.482177734375,695.7942504882812,0.7168659567832947,tracked,1
1395,1,984.4647827148438,608.4714965820312,1083.571044921875,696.0756225585938,0.7367647886276245,tracked,1
1396,1,984.1990966796875,606.9063720703125,1084.0028076171875,695.6390380859375,0.7374688386917114,tracked,1
1397,1,984.0533447265625,605.515625,1084.1439208984375,695.284423828125,0.7467696070671082,tracked,1
1398,1,983.5820922851562,604.3070678710938,1083.540771484375,694.7894897460938,0.7473875284194946,tracked,1
1399,1,983.5301513671875,603.3134155273438,1083.0223388671875,694.3186645507812,0.7522204518318176,tracked,1
1400,1,983.6844482421875,602.1920776367188,1082.7525634765625,693.5330200195312,0.7579728364944458,tracked,1
1401,1,983.9017944335938,601.4630126953125,1082.463134765625,693.3609619140625,0.7656497955322266,tracked,1
1402,1,984.4962158203125,600.7648315429688,1082.2664794921875,693.2752075195312,0.7626727223396301,tracked,1
1403,1,985.8792724609375,599.9536743164062,1082.8363037109375,693.4841918945312,0.7690558433532715,tracked,1
1404,1,987.0065307617188,598.9185791015625,1083.218505859375,693.4349365234375,0.7727353572845459,tracked,1
1405,1,988.1449584960938,598.3692016601562,1083.7528076171875,694.0252075195312,0.7757604718208313,tracked,1
1406,1,989.0073852539062,597.6602172851562,1084.2467041015625,694.3599243164062,0.7809863090515137,tracked,1
1407,1,989.4905395507812,596.8546142578125,1084.1610107421875,694.582275390625,0.7715992331504822,tracked,1
1408,1,989.2252197265625,596.02587890625,1083.7237548828125,694.733642578125,0.7571218013763428,tracked,1
1409,1,988.0216064453125,595.5116577148438,1082.9896240234375,695.1793823242188,0.7598552107810974,tracked,1
1410,1,987.04833984375,595.3189697265625,1082.242919921875,695.786376953125,0.7618610262870789,tracked,1
1411,1,986.3262939453125,595.3482666015625,1081.8465576171875,696.5697021484375,0.7589500546455383,tracked,1
1412,1,985.3424682617188,595.4939575195312,1081.486328125,697.2239379882812,0.762363612651825,tracked,1
1413,1,985.5986938476562,595.8641967773438,1081.5714111328125,697.7478637695312,0.7680111527442932,tracked,1
1414,1,986.4773559570312,596.360107421875,1081.7308349609375,698.044677734375,0.7701166272163391,tracked,1
1415,1,987.5455322265625,596.7460327148438,1081.9444580078125,698.1699829101562,0.773417592048645,tracked,1
1416,1,988.7175903320312,596.9303588867188,1082.04052734375,698.3136596679688,0.773359477519989,tracked,1
1417,1,990.120849609375,597.41064453125,1082.437255859375,698.366943359375,0.7688503861427307,tracked,1
1418,1,991.629638671875,598.0602416992188,1082.93310546875,698.5513305664062,0.7693955898284912,tracked,1
1419,1,993.0128173828125,598.8673095703125,1083.0447998046875,698.8492431640625,0.7676764130592346,tracked,1
1420,1,994.180908203125,599.4857177734375,1082.478271484375,699.031982421875,0.7649700045585632,tracked,1
1421,1,994.889404296875,600.0203247070312,1081.753662109375,699.0617065429688,0.7660971879959106,tracked,1
1422,1,995.6797485351562,600.2050170898438,1081.2381591796875,698.9152221679688,0.7701090574264526,tracked,1
1423,1,995.3408203125,600.4141845703125,1080.33251953125,698.737060546875,0.7669762372970581,tracked,1
1424,1,995.068115234375,600.3809814453125,1079.789794921875,698.1878662109375,0.7640247344970703,tracked,1
1425,1,995.449951171875,600.2525024414062,1079.85498046875,697.4981079101562,0.765383780002594,tracked,1
1426,1,995.986572265625,600.2595825195312,1080.086181640625,697.3528442382812,0.7666739225387573,tracked,1
1427,1,995.9243774414062,599.5902099609375,1079.8756103515625,696.765625,0.7631688117980957,tracked,1
1428,1,995.3208618164062,599.41943359375,1079.8037109375,696.624267578125,0.7635967135429382,tracked,1
1429,1,994.6503295898438,599.4176635742188,1079.8287353515625,696.6851196289062,0.7631365656852722,tracked,1
1430,1,993.9701538085938,599.0972900390625,1079.71435546875,696.6168212890625,0.7624126672744751,tracked,1
1431,1,993.652587890625,598.8140258789062,1080.262939453125,696.9418334960938,0.7642722725868225,tracked,1
1432,1,993.4303588867188,599.35595703125,1080.3768310546875,697.378173828125,0.7538206577301025,tracked,1
1433,1,993.2320556640625,599.5762939453125,1080.4227294921875,697.8394775390625,0.7513915300369263,tracked,1
1434,1,992.5481567382812,599.0905151367188,1080.2655029296875,697.8347778320312,0.754791259765625,tracked,1
1435,1,992.2327880859375,598.8152465820312,1080.3287353515625,697.8710327148438,0.7562522888183594,tracked,1
1436,1,990.8089599609375,598.570068359375,1079.3568115234375,697.947998046875,0.7512801885604858,tracked,1
1437,1,989.07421875,597.6309204101562,1076.473388671875,697.0060424804688,0.7474507093429565,tracked,1
1438,1,989.6124877929688,598.5155029296875,1075.2843017578125,698.0628662109375,0.7407218217849731,tracked,1
1439,1,989.80322265625,598.6846923828125,1074.75,698.6741943359375,0.7598331570625305,tracked,1
1440,1,990.7020263671875,599.6907958984375,1074.7640380859375,699.912841796875,0.7616266012191772,tracked,1
1441,1,991.0302124023438,600.5291748046875,1074.7640380859375,700.5926513671875,0.7491496205329895,tracked,1
1442,1,991.9496459960938,601.2557373046875,1075.153564453125,700.74951171875,0.7373403310775757,tracked,1
1443,1,992.5457153320312,602.005859375,1075.7703857421875,701.069580078125,0.733185887336731,tracked,1
1444,1,993.0446166992188,601.5437622070312,1076.029052734375,700.5452270507812,0.72960364818573,tracked,1
1445,1,993.1581420898438,600.737548828125,1075.84765625,699.69921875,0.7213935256004333,tracked,1
1446,1,993.1812744140625,600.005859375,1075.7137451171875,699.083740234375,0.7469221353530884,tracked,1
1447,1,992.939697265625,599.1923828125,1075.46337890625,698.890380859375,0.7587947249412537,tracked,1
1448,1,992.4713134765625,598.7847290039062,1075.4779052734375,698.9730834960938,0.7684803009033203,tracked,1
1449,1,991.8230590820312,598.99951171875,1075.7567138671875,699.497802734375,0.7638751268386841,tracked,1
1450,1,991.0021362304688,599.0888671875,1076.130126953125,699.8291015625,0.7616230249404907,tracked,1
1451,1,990.148193359375,599.13671875,1076.334716796875,700.040771484375,0.7659707069396973,tracked,1
1452,1,989.0638427734375,599.1804809570312,1076.4781494140625,700.1000366210938,0.7606636881828308,tracked,1
1453,1,987.3931884765625,598.9938354492188,1076.1822509765625,699.8014526367188,0.7444201707839966,tracked,1
1454,1,986.4085083007812,598.3200073242188,1076.1591796875,699.1403198242188,0.7405853271484375,tracked,1
1455,1,987.8450927734375,599.2675170898438,1077.3873291015625,699.2609252929688,0.7504504323005676,tracked,1
1456,1,987.8901977539062,599.81005859375,1077.869873046875,699.2752685546875,0.7503604292869568,tracked,1
1457,1,987.0568237304688,600.0056762695312,1077.77490234375,699.2306518554688,0.7586461305618286,tracked,1
1458,1,985.0738525390625,599.69775390625,1077.2479248046875,698.938232421875,0.7649476528167725,tracked,1
1459,1,983.9893798828125,599.4671020507812,1077.0499267578125,698.8351440429688,0.7657641172409058,tracked,1
1460,1,983.5743408203125,598.9266357421875,1077.0794677734375,698.5965576171875,0.762106716632843,tracked,1
1461,1,982.6304931640625,598.3746337890625,1077.0057373046875,698.470458984375,0.7674041986465454,tracked,1
1462,1,981.9646606445312,597.989990234375,1076.999755859375,698.30712890625,0.7644140124320984,tracked,1
1463,1,981.5054321289062,597.7263793945312,1077.1390380859375,698.2949829101562,0.7652620077133179,tracked,1
1464,1,981.3438720703125,597.632080078125,1077.4036865234375,698.2694091796875,0.7602460384368896,tracked,1
1465,1,981.0750122070312,597.6034545898438,1077.629638671875,698.4495239257812,0.7506926655769348,tracked,1
1466,1,980.7196044921875,597.9178466796875,1077.8326416015625,698.70556640625,0.7420695424079895,tracked,1
1467,1,980.4337768554688,598.036376953125,1078.03857421875,698.9117431640625,0.7536115050315857,tracked,1
1468,1,980.3948364257812,597.9418334960938,1078.4862060546875,699.0510864257812,0.74624103307724,tracked,1
1469,1,980.400146484375,598.1575927734375,1078.8603515625,699.403076171875,0.7284759879112244,tracked,1
1470,1,980.2149047851562,598.4593505859375,1079.004150390625,699.7177734375,0.7253090143203735,tracked,1
1471,1,980.2412719726562,598.1536254882812,1079.2052001953125,699.6730346679688,0.7197983264923096,tracked,1
1472,1,979.8377685546875,597.3524169921875,1079.1226806640625,699.4298095703125,0.7169853448867798,tracked,1
1473,1,979.3948364257812,596.631591796875,1079.214599609375,699.29052734375,0.7197158336639404,tracked,1
1474,1,981.5570068359375,596.80126953125,1083.0955810546875,698.934326171875,0.712314248085022,tracked,1
1475,1,982.2859497070312,596.6981811523438,1085.5472412109375,698.5756225585938,0.7024573087692261,tracked,1
1476,1,980.0322875976562,595.896240234375,1082.8782958984375,698.8876953125,0.695294201374054,tracked,1
1477,1,981.4205322265625,595.1438598632812,1085.8853759765625,698.5266723632812,0.7021532654762268,tracked,1
1478,1,978.4470825195312,594.4827880859375,1082.53564453125,698.8079833984375,0.7251209020614624,tracked,1
1479,1,979.5101318359375,594.1117553710938,1085.1873779296875,698.5414428710938,0.7120601534843445,tracked,1
1480,1,979.6834716796875,593.7827758789062,1086.4378662109375,698.4741821289062,0.720557451248169,tracked,1
1481,1,979.4796142578125,593.1184692382812,1087.2325439453125,698.0772094726562,0.6933152079582214,tracked,1
1482,1,979.2742309570312,592.495849609375,1087.8636474609375,697.730224609375,0.7050341367721558,tracked,1
1483,1,978.4578857421875,592.06103515625,1087.8314208984375,697.3385009765625,0.7387839555740356,tracked,1
1484,1,977.7652587890625,591.9246215820312,1087.6658935546875,697.2346801757812,0.7287637591362,tracked,1
1485,1,977.343994140625,591.6471557617188,1088.064208984375,697.2709350585938,0.7113083004951477,tracked,1
1486,1,976.8776245117188,591.1534423828125,1087.7154541015625,697.1873779296875,0.7216913104057312,tracked,1
1487,1,976.321044921875,590.9111328125,1087.70068359375,697.3443603515625,0.7184497117996216,tracked,1
1488,1,975.9656372070312,590.4918212890625,1087.754150390625,697.2750244140625,0.7217769026756287,tracked,1
1489,1,975.90869140625,589.859375,1087.734619140625,696.94921875,0.7309085130691528,tracked,1
1490,1,975.6948852539062,589.529541015625,1087.973876953125,696.94384765625,0.7311676740646362,tracked,1
1491,1,975.4927978515625,589.2044677734375,1088.0594482421875,696.8341064453125,0.7322251200675964,tracked,1
1492,1,975.353515625,589.3895263671875,1088.1650390625,697.000244140625,0.7265868782997131,tracked,1
1493,1,974.89794921875,589.5858154296875,1087.82080078125,697.19140625,0.7198140621185303,tracked,1
1494,1,974.4932250976562,589.3659057617188,1087.48046875,697.0354614257812,0.7158449292182922,tracked,1
1495,1,974.3432006835938,589.1829223632812,1087.3189697265625,696.7793579101562,0.7207261919975281,tracked,1
1496,1,974.2879638671875,589.0908203125,1087.1805419921875,696.7122802734375,0.7138708829879761,tracked,1
1497,1,974.195556640625,588.9525756835938,1086.893798828125,696.5086059570312,0.7162402868270874,tracked,1
1498,1,974.05126953125,589.0606689453125,1086.68115234375,696.484619140625,0.7153090238571167,tracked,1
1499,1,974.347412109375,589.0159301757812,1086.864013671875,696.4212036132812,0.6987048983573914,tracked,1
1500,1,974.344970703125,589.1788330078125,1086.631103515625,696.536376953125,0.7028080224990845,tracked,1
1501,1,974.3831787109375,589.2286376953125,1086.1866455078125,696.5538330078125,0.7011708617210388,tracked,1
1502,1,974.2299194335938,589.0777587890625,1085.435302734375,696.4730224609375,0.721996545791626,tracked,1
1503,1,974.0150756835938,589.2318725585938,1084.740234375,696.5486450195312,0.7359143495559692,tracked,1
1504,1,974.1320190429688,589.2604370117188,1084.61572265625,696.5822143554688,0.7280751466751099,tracked,1
1505,1,974.2080078125,589.3140258789062,1084.31640625,696.7129516601562,0.7282021641731262,tracked,1
1506,1,974.366455078125,589.3865356445312,1084.40283203125,696.7457885742188,0.7218023538589478,tracked,1
1507,1,974.195556640625,589.3961181640625,1084.41943359375,696.6282958984375,0.7267395853996277,tracked,1
1508,1,974.0283813476562,589.422119140625,1084.1439208984375,696.4639892578125,0.7266138195991516,tracked,1
1509,1,973.9470825195312,589.422119140625,1083.859375,696.321533203125,0.7330373525619507,tracked,1
1510,1,973.6867065429688,589.3114624023438,1083.1976318359375,696.0947875976562,0.7313001751899719,tracked,1
1511,1,973.4761352539062,589.5447998046875,1082.4830322265625,696.2451171875,0.7407815456390381,tracked,1
1512,1,973.6771850585938,589.79296875,1082.08740234375,696.3314208984375,0.739332377910614,tracked,1
1513,1,973.7653198242188,590.0355224609375,1081.5047607421875,696.1239013671875,0.7452561259269714,tracked,1
1514,1,973.9197387695312,590.2686767578125,1081.043212890625,696.0792236328125,0.7437835335731506,tracked,1
1515,1,974.1990356445312,590.577392578125,1080.5755615234375,695.9437255859375,0.7442334294319153,tracked,1
1516,1,974.423095703125,590.782470703125,1080.497802734375,695.7799072265625,0.742276132106781,tracked,1
1517,1,974.8529663085938,590.751708984375,1080.8863525390625,695.52392578125,0.74946528673172,tracked,1
1518,1,974.8692016601562,590.8365478515625,1080.97265625,695.411865234375,0.7435888051986694,tracked,1
1519,1,974.7770385742188,590.8509521484375,1080.5906982421875,695.2691650390625,0.7466098666191101,tracked,1
1520,1,974.232666015625,591.00634765625,1079.779052734375,695.243896484375,0.7542985081672668,tracked,1
1521,1,974.2783813476562,591.2531127929688,1079.491455078125,695.3776245117188,0.7511522173881531,tracked,1
1522,1,974.8287963867188,591.3243408203125,1079.68603515625,695.468994140625,0.7570623159408569,tracked,1
1523,1,974.791015625,591.5516357421875,1079.434814453125,695.6036376953125,0.7594143748283386,tracked,1
1524,1,974.6395263671875,591.7243041992188,1079.4044189453125,695.5717163085938,0.7583967447280884,tracked,1
1525,1,974.666259765625,591.8899536132812,1079.353515625,695.5297241210938,0.7559810876846313,tracked,1
1526,1,974.5155029296875,592.0567626953125,1077.9678955078125,694.8153076171875,0.7538604140281677,tracked,1
1527,1,974.1522827148438,592.7274780273438,1075.8671875,694.4699096679688,0.7035638093948364,tracked,1
1528,1,972.6141357421875,593.2686767578125,1073.7066650390625,694.87548828125,0.7352551221847534,tracked,1
1529,1,971.83251953125,592.8008422851562,1072.59375,694.5025024414062,0.7448782324790955,tracked,1
1530,1,973.5701904296875,591.78759765625,1075.5723876953125,693.404541015625,0.7646619081497192,tracked,1
1531,1,972.1145629882812,590.7783813476562,1072.995849609375,692.7942504882812,0.7418785691261292,tracked,1
1532,1,970.7145385742188,589.5665893554688,1068.780029296875,690.7102661132812,0.6346614360809326,tracked,1
1533,1,971.8141479492188,589.9763793945312,1068.0374755859375,690.4889526367188,0.6853323578834534,tracked,1
1534,1,974.835693359375,591.1578369140625,1070.956298828125,691.4267578125,0.751510500907898,tracked,1
1535,1,977.9200439453125,590.8338012695312,1078.0535888671875,691.6410522460938,0.7439466714859009,tracked,1
1536,1,980.1793823242188,591.5101318359375,1084.696533203125,691.864013671875,0.7516264319419861,tracked,1
1537,1,976.0381469726562,590.2001342773438,1082.3797607421875,691.9795532226562,0.7705681324005127,tracked,1
1538,1,972.9664916992188,590.6422729492188,1077.3336181640625,693.2487182617188,0.7380544543266296,tracked,1
1539,1,970.0171508789062,589.671142578125,1073.7386474609375,693.369873046875,0.7396029829978943,tracked,1
1540,1,967.9694213867188,588.1416625976562,1072.9739990234375,692.7738647460938,0.7346628904342651,tracked,1
1541,1,969.1259765625,587.62646484375,1078.757080078125,692.708251953125,0.7473409175872803,tracked,1
1542,1,972.6710815429688,587.4952392578125,1086.8692626953125,692.596923828125,0.7156076431274414,tracked,1
1543,1,973.6473999023438,586.9708862304688,1091.95751953125,692.1332397460938,0.697421669960022,tracked,1
1544,1,972.5137329101562,586.7201538085938,1092.9105224609375,692.5335083007812,0.750939130783081,tracked,1
1545,1,970.1332397460938,586.9183349609375,1092.5224609375,692.9793701171875,0.7274420261383057,tracked,1
1546,1,966.4389038085938,585.7597045898438,1090.83154296875,692.0248413085938,0.7278910279273987,tracked,1
1547,1,963.3629760742188,584.66552734375,1089.036376953125,691.390380859375,0.767712414264679,tracked,1
1548,1,960.1834106445312,585.1389770507812,1086.504150390625,692.1045532226562,0.7771040201187134,tracked,1
1549,1,959.9322509765625,586.23291015625,1089.0543212890625,693.5003662109375,0.7483193874359131,tracked,1
1550,1,960.2017211914062,587.0084228515625,1088.2470703125,693.26123046875,0.7780796885490417,tracked,1
1551,1,963.2289428710938,586.9962768554688,1087.6676025390625,692.0468139648438,0.7776417136192322,tracked,1
1552,1,968.031982421875,586.2177124023438,1084.693115234375,689.1494750976562,0.7545149326324463,tracked,1
1553,1,971.4822998046875,580.9580688476562,1081.5081787109375,681.9799194335938,0.6770843863487244,tracked,1
1554,1,976.3429565429688,573.5243530273438,1081.51904296875,673.3219604492188,0.6383578181266785,tracked,1
1555,1,985.4052734375,562.23876953125,1080.371337890625,658.758544921875,0.31936514377593994,tracked,1
1556,9,1262.63623046875,16.377046585083008,1279.0,56.74372863769531,0.24026614427566528,tracked,0
1557,1,997.5921020507812,542.0260620117188,1078.7286376953125,634.4520874023438,0.7275491952896118,tracked,1
1558,1,1002.8217163085938,534.9276123046875,1074.4822998046875,623.886962890625,0.3703826367855072,tracked,1
1559,1,1007.7353515625,528.2251586914062,1083.524658203125,617.0940551757812,0.5119222402572632,tracked,1
1560,1,1003.252685546875,524.6831665039062,1076.679931640625,612.4310913085938,0.5538485646247864,tracked,1
1561,1,998.3262939453125,523.202392578125,1067.9666748046875,608.5638427734375,0.6882402896881104,tracked,1
1562,1,994.4141235351562,522.7333374023438,1062.49853515625,607.3176879882812,0.7393976449966431,tracked,1
1563,1,992.0206298828125,521.8423461914062,1059.2445068359375,605.7169799804688,0.7284303307533264,tracked,1
1564,1,986.2510375976562,521.70458984375,1051.194091796875,601.6109619140625,0.7065067291259766,tracked,1
1565,1,980.6478881835938,523.39892578125,1041.3043212890625,599.606689453125,0.6782885789871216,tracked,1
1566,1,978.8404541015625,522.5298461914062,1040.0875244140625,600.2097778320312,0.6053776741027832,tracked,1
1567,1,973.8821411132812,523.617919921875,1031.562255859375,601.1806640625,0.6997200846672058,tracked,1
1568,1,970.4912109375,524.6854858398438,1025.3076171875,600.3903198242188,0.6009729504585266,tracked,1
1569,1,969.15234375,525.5159912109375,1023.012451171875,600.0394287109375,0.6930460333824158,tracked,1
1570,1,968.3477172851562,526.34033203125,1021.7415161132812,600.6812744140625,0.6938480734825134,tracked,1
1571,1,968.539306640625,525.7811889648438,1021.7999267578125,600.8779907226562,0.7176523208618164,tracked,1
1572,1,967.7935180664062,525.2001953125,1022.0891723632812,600.7086181640625,0.7156039476394653,tracked,1
1573,1,972.1716918945312,525.2167358398438,1032.1417236328125,600.7625122070312,0.4832914173603058,tracked,1
1574,1,970.5350341796875,524.9056396484375,1034.55029296875,601.4471435546875,0.6895633339881897,tracked,1
1575,1,966.6276245117188,524.6232299804688,1034.025390625,601.4556274414062,0.7296906113624573,tracked,1
1576,1,962.9483032226562,525.3450317382812,1032.125,602.0602416992188,0.6682260036468506,tracked,1
1577,1,956.986083984375,526.276123046875,1027.2288818359375,603.241943359375,0.6890208125114441,tracked,1
1578,1,951.5797729492188,526.3065795898438,1020.5531616210938,602.3794555664062,0.7234495282173157,tracked,1
1579,1,949.0205078125,526.7262573242188,1017.852783203125,603.7033081054688,0.7235651612281799,tracked,1
1580,1,945.9811401367188,527.656005859375,1015.9883422851562,605.305908203125,0.7662731409072876,tracked,1
1581,1,944.7532348632812,524.45166015625,1013.3529663085938,600.63330078125,0.725238561630249,tracked,1
1582,1,942.46728515625,520.37451171875,1009.9393310546875,597.349609375,0.6249013543128967,tracked,1
1583,1,942.6834106445312,513.6900024414062,1006.4285278320312,590.3248901367188,0.5022986531257629,tracked,1
1584,1,938.2770385742188,502.7823486328125,1002.7586059570312,580.82421875,0.7179355621337891,tracked,1
1585,1,937.1251220703125,491.55096435546875,1002.2393798828125,571.2621459960938,0.6799612045288086,tracked,1
1586,1,937.2001953125,479.687255859375,1002.3017578125,561.28759765625,0.703894853591919,tracked,1
1587,1,936.5355224609375,465.0190734863281,1002.279052734375,548.6998291015625,0.6658783555030823,tracked,1
1588,1,942.458251953125,451.9649963378906,1004.9267578125,536.3914184570312,0.6855517625808716,tracked,1
1589,1,939.9254150390625,438.5113525390625,1004.764404296875,525.81005859375,0.5988171696662903,tracked,1
1590,1,946.9949340820312,439.0030212402344,1008.7266235351562,522.2747802734375,0.5806315541267395,tracked,1
1591,1,950.7453002929688,438.7735595703125,1009.9133911132812,519.3899536132812,0.6172361969947815,tracked,1
1592,1,953.6944580078125,435.2836608886719,1010.1373291015625,516.635986328125,0.3774254620075226,tracked,1
1593,10,1262.84521484375,14.156829833984375,1279.0,57.07213592529297,0.2860184907913208,tracked,0
1594,10,1262.8406982421875,15.932706832885742,1278.9998779296875,57.03681945800781,0.2950100004673004,tracked,0
1595,10,1262.897705078125,12.203384399414062,1279.0,56.31542205810547,0.2480333149433136,tracked,0
1596,10,1262.913818359375,12.122817993164062,1279.0,56.6427001953125,0.2090131938457489,tracked,0
1597,10,1262.935546875,12.083744049072266,1279.0,56.9045295715332,0.185917466878891,tracked,0
1598,10,1262.969970703125,13.841999053955078,1279.0,57.57596206665039,0.26500529050827026,tracked,0
1599,10,1262.9334716796875,13.471334457397461,1279.0,57.49077606201172,0.17676055431365967,tracked,0
1600,10,1263.0113525390625,14.199047088623047,1279.0,57.73794174194336,0.22663985192775726,tracked,0
1601,1,984.8909912109375,370.7457275390625,1043.9512939453125,443.82623291015625,0.7284086346626282,tracked,1
1602,1,983.2232055664062,363.4775085449219,1046.0992431640625,432.8913269042969,0.6098363995552063,tracked,1
1603,1,963.2416381835938,356.98980712890625,1041.0181884765625,424.94989013671875,0.7114893794059753,tracked,1
1604,1,952.5637817382812,352.10137939453125,1038.8140869140625,418.01959228515625,0.6941831111907959,tracked,1
1605,1,943.5039672851562,348.6749572753906,1026.5926513671875,413.5346984863281,0.703532338142395,tracked,1
1606,1,939.8665161132812,345.3745422363281,1021.8215942382812,409.5708312988281,0.6100537776947021,tracked,1
1607,1,951.0159301757812,336.7226867675781,1024.7021484375,401.9176940917969,0.7232361435890198,tracked,1
1608,1,985.4293823242188,330.1973876953125,1056.870849609375,400.1903076171875,0.6251065731048584,tracked,1
1609,1,983.24072265625,325.2544860839844,1047.2059326171875,397.3797302246094,0.38381427526474,tracked,1
1610,10,1262.763427734375,15.002359390258789,1278.94384765625,57.50761413574219,0.2381514608860016,tracked,0
1611,1,978.0874633789062,319.5312805175781,1039.8046875,396.2312316894531,0.388112872838974,tracked,1
1612,1,972.7120361328125,315.8899841308594,1032.673828125,391.5236511230469,0.3399197459220886,tracked,1
1613,10,1262.86181640625,15.124298095703125,1278.999755859375,57.186279296875,0.25841715931892395,tracked,0
1614,1,966.89306640625,308.9346618652344,1031.520263671875,388.0287780761719,0.5384620428085327,tracked,1
1615,1,963.2156372070312,308.5622253417969,1028.198486328125,390.0831604003906,0.43713024258613586,tracked,1
1616,1,961.206787109375,309.2287292480469,1029.898681640625,397.7750549316406,0.2804802656173706,tracked,1
1617,1,960.0691528320312,306.2311706542969,1031.074462890625,396.7774353027344,0.4158395528793335,tracked,1
1618,10,1263.032470703125,16.450170516967773,1279.0,57.920005798339844,0.22409914433956146,tracked,0
1619,10,1262.9696044921875,16.276195526123047,1279.0,57.787967681884766,0.1990950107574463,tracked,0
1620,1,968.07470703125,325.1097106933594,1032.3897705078125,409.2790832519531,0.2974942624568939,tracked,1
1621,1,957.8622436523438,303.2879943847656,1024.66943359375,386.7388610839844,0.5236234068870544,tracked,1
1622,1,952.6302490234375,292.5627136230469,1021.0960693359375,375.8514709472656,0.521619439125061,tracked,1
1623,1,949.726318359375,286.4831848144531,1018.6884765625,368.5140075683594,0.6085320115089417,tracked,1
1624,1,948.5515747070312,282.7049865722656,1018.1317749023438,362.4887390136719,0.6731308102607727,tracked,1
1625,1,948.1197509765625,280.04107666015625,1017.957763671875,358.42169189453125,0.6878616213798523,tracked,1
1626,1,947.9082641601562,278.7693176269531,1017.6715698242188,357.2246398925781,0.69135981798172,tracked,1
1627,1,948.1244506835938,277.5103454589844,1017.4735717773438,355.9346008300781,0.7014776468276978,tracked,1
1628,1,947.4391479492188,276.67681884765625,1016.8170776367188,355.6759033203125,0.6985375285148621,tracked,1
1629,1,946.8324584960938,276.5255126953125,1015.9166870117188,355.86248779296875,0.6697857975959778,tracked,1
1630,1,947.6468505859375,275.04534912109375,1016.3128662109375,353.813720703125,0.5723360180854797,tracked,1
1631,1,955.5789184570312,298.0556335449219,1020.0574340820312,376.9761047363281,0.5802477598190308,tracked,1
1632,1,961.091796875,310.6676940917969,1022.5260009765625,390.1346740722656,0.6143673062324524,tracked,1
1633,1,965.1577758789062,317.6614685058594,1023.5296020507812,396.5614929199219,0.5993360280990601,tracked,1
1634,1,964.6229248046875,319.5499572753906,1023.120361328125,398.9252014160156,0.6244704723358154,tracked,1
1635,1,962.7988891601562,318.509033203125,1021.6732788085938,398.49920654296875,0.6719984412193298,tracked,1
1636,1,960.8548583984375,315.0003356933594,1020.364013671875,396.7557067871094,0.6659823060035706,tracked,1
1637,1,958.2860717773438,311.3917236328125,1019.1757202148438,394.5791015625,0.6529484987258911,tracked,1
1638,1,956.3378295898438,304.3448181152344,1018.2877807617188,392.0312805175781,0.6517420411109924,tracked,1
1639,1,955.6926879882812,300.52001953125,1018.3427124023438,391.27093505859375,0.6036370992660522,tracked,1
1640,1,958.0288696289062,298.0515441894531,1019.0568237304688,390.9888610839844,0.6818122267723083,tracked,1
1641,1,956.63818359375,294.87066650390625,1017.237548828125,391.810302734375,0.627460241317749,tracked,1
1642,1,956.7833862304688,295.125244140625,1017.6802368164062,392.96343994140625,0.5002241134643555,tracked,1
1643,1,956.777587890625,294.9692077636719,1018.171630859375,394.1083068847656,0.4603133201599121,tracked,1
1644,10,1263.0198974609375,16.60677719116211,1279.0,57.534671783447266,0.2938968241214752,tracked,0
1645,10,1262.9617919921875,16.370969772338867,1278.9942626953125,57.41160583496094,0.2755017876625061,tracked,0
1646,1,961.0482177734375,288.7671203613281,1017.1080322265625,389.6617126464844,0.427964448928833,tracked,1
1647,1,961.071044921875,288.4980773925781,1017.764892578125,386.4169616699219,0.7502201795578003,tracked,1
1648,1,967.704833984375,288.8943786621094,1020.55322265625,383.9973449707031,0.6855337023735046,tracked,1
1649,1,971.5570068359375,288.01763916015625,1023.1068115234375,383.15362548828125,0.7297191619873047,tracked,1
1650,1,969.9891967773438,287.4134521484375,1023.7715454101562,383.57012939453125,0.7196792364120483,tracked,1
1651,1,971.9153442382812,285.4797668457031,1026.4432373046875,382.2298889160156,0.7471375465393066,tracked,1
1652,1,970.4560546875,284.6151428222656,1029.4132080078125,379.9020690917969,0.6990579962730408,tracked,1
1653,1,972.283935546875,284.08038330078125,1035.105712890625,376.68682861328125,0.748894453048706,tracked,1
1654,1,977.6870727539062,283.9595642089844,1043.0277099609375,374.4443664550781,0.7766585350036621,tracked,1
1655,1,979.0499267578125,280.036865234375,1049.514404296875,372.99169921875,0.7638868093490601,tracked,1
1656,1,982.2986450195312,274.0984191894531,1058.0545654296875,370.1841735839844,0.75093674659729,tracked,1
1657,1,986.8369750976562,272.42926025390625,1064.212890625,370.53546142578125,0.5713107585906982,tracked,1
1658,1,986.9442138671875,277.1595153808594,1067.3372802734375,375.1916809082031,0.6179965734481812,tracked,1
1659,1,985.1873168945312,275.5832214355469,1069.087158203125,375.0570983886719,0.5414755940437317,tracked,1
1660,1,983.775634765625,273.939208984375,1069.293212890625,374.14501953125,0.6271389722824097,tracked,1
1661,1,978.3150634765625,273.1402282714844,1067.446533203125,374.8580627441406,0.4955371916294098,tracked,1
1662,1,972.2431030273438,272.6258850097656,1064.7066650390625,375.6921081542969,0.5385521650314331,tracked,1
1663,1,967.8511962890625,272.2340393066406,1062.6697998046875,376.2404479980469,0.4637583792209625,tracked,1
1664,1,966.897216796875,277.82733154296875,1062.5745849609375,380.56396484375,0.4610287547111511,tracked,1
1665,1,966.4737548828125,276.9148254394531,1061.972900390625,379.8572692871094,0.5163695812225342,tracked,1
1666,1,972.6611938476562,280.8338623046875,1063.787841796875,383.11248779296875,0.35685616731643677,tracked,1
1667,1,977.1198120117188,282.8691711425781,1064.6002197265625,384.5455627441406,0.27063435316085815,tracked,1
1668,10,1262.8939208984375,17.492321014404297,1278.9884033203125,57.373165130615234,0.3149482011795044,tracked,0
1669,1,961.6249389648438,282.89447021484375,1059.8221435546875,386.70135498046875,0.33670613169670105,tracked,1
1670,1,954.3320922851562,281.87774658203125,1059.2982177734375,387.10540771484375,0.5537492036819458,tracked,1
1671,1,949.6084594726562,281.46942138671875,1059.0118408203125,387.54193115234375,0.5780409574508667,tracked,1
1672,1,946.4279174804688,282.11016845703125,1059.5501708984375,388.30902099609375,0.5844260454177856,tracked,1
1673,1,944.1301879882812,282.63018798828125,1060.9075927734375,388.49249267578125,0.6086297035217285,tracked,1
1674,1,942.46484375,282.6934814453125,1062.177490234375,388.4412841796875,0.5726182460784912,tracked,1
1675,1,941.2528686523438,283.08428955078125,1063.270751953125,388.2864990234375,0.6636021733283997,tracked,1
1676,1,941.1893920898438,284.63189697265625,1066.293701171875,391.72015380859375,0.6839641332626343,tracked,1
1677,1,941.4451904296875,285.4612121582031,1068.909912109375,393.7964172363281,0.6683830618858337,tracked,1
1678,1,941.2197265625,285.9539489746094,1070.264892578125,395.0547790527344,0.6097647547721863,tracked,1
1679,1,941.3255615234375,286.2874755859375,1071.4967041015625,395.932861328125,0.5347630977630615,tracked,1
1680,1,940.9352416992188,290.67254638671875,1069.0150146484375,400.5548095703125,0.4245981276035309,tracked,1
1681,1,940.3599243164062,293.03411865234375,1066.317626953125,403.26043701171875,0.42638829350471497,tracked,1
1682,1,940.2696533203125,293.8624572753906,1064.3685302734375,404.5004577636719,0.4194008409976959,tracked,1
1683,10,1262.9652099609375,16.619497299194336,1279.0,56.996070861816406,0.30142590403556824,tracked,0
1684,1,940.0859985351562,301.12579345703125,1057.170654296875,411.342041015625,0.38730892539024353,tracked,1
1685,1,942.773193359375,302.62969970703125,1056.3046875,412.561767578125,0.49296072125434875,tracked,1
1686,1,946.522216796875,298.2841491699219,1061.5762939453125,408.8984680175781,0.32580727338790894,tracked,1
1687,1,948.002197265625,301.0215148925781,1062.7274169921875,411.0485534667969,0.3430922329425812,tracked,1
1688,10,1262.9317626953125,17.179582595825195,1278.9949951171875,57.66046142578125,0.2605153024196625,tracked,0
1689,10,1262.8240966796875,16.1007022857666,1278.9703369140625,57.05455780029297,0.3003978133201599,tracked,0
1690,10,1262.893310546875,15.678590774536133,1278.99560546875,57.012916564941406,0.3162999451160431,tracked,0
1691,10,1262.986328125,15.957403182983398,1279.0,57.37078857421875,0.2445412427186966,tracked,0
1692,10,1262.9166259765625,15.907093048095703,1278.9998779296875,57.35963821411133,0.2536338269710541,tracked,0
1693,10,1262.9044189453125,16.65442657470703,1278.9949951171875,57.64482116699219,0.25219812989234924,tracked,0
1694,10,1262.939208984375,16.543373107910156,1279.0,57.59278869628906,0.26234471797943115,tracked,0
1695,10,1262.943359375,15.084861755371094,1279.0,57.024391174316406,0.2372276782989502,tracked,0
1696,10,1262.92236328125,14.95753288269043,1278.998779296875,57.07976531982422,0.24741144478321075,tracked,0
1697,10,1262.9283447265625,14.099252700805664,1279.0,56.87592315673828,0.22010277211666107,tracked,0
1698,10,1262.93896484375,14.965169906616211,1279.0,57.26403045654297,0.2506785988807678,tracked,0
1699,10,1262.9498291015625,14.74519157409668,1279.0,57.171058654785156,0.29817473888397217,tracked,0
1700,10,1262.8848876953125,15.136754989624023,1278.9820556640625,57.51056671142578,0.24567648768424988,tracked,0
1701,10,1262.8787841796875,13.648632049560547,1278.9827880859375,56.99562454223633,0.2388746291399002,tracked,0
1702,1,965.7833862304688,317.1358337402344,1072.837646484375,423.1423034667969,0.6547338366508484,tracked,1
1703,1,968.463134765625,319.68414306640625,1079.902099609375,425.88128662109375,0.5159607529640198,tracked,1
1704,1,964.0930786132812,318.71624755859375,1079.46923828125,424.64715576171875,0.7078407406806946,tracked,1
1705,1,967.5834350585938,317.8336181640625,1077.7193603515625,422.91229248046875,0.5987712144851685,tracked,1
1706,10,1262.962646484375,12.283699035644531,1279.0,56.773780822753906,0.23196592926979065,tracked,0
1707,10,1262.821533203125,14.500125885009766,1278.974365234375,57.66592788696289,0.24684420228004456,tracked,0
1708,10,1262.85400390625,15.140474319458008,1278.989501953125,57.860328674316406,0.2502122223377228,tracked,0
1709,10,1262.9254150390625,14.928749084472656,1279.0,57.78612518310547,0.25136834383010864,tracked,0
1710,10,1262.9119873046875,14.677019119262695,1279.0,57.698875427246094,0.16770169138908386,tracked,0
1711,10,1262.7822265625,14.935476303100586,1278.96142578125,57.588417053222656,0.26031821966171265,tracked,0
1712,10,1262.8670654296875,14.97435188293457,1278.9989013671875,57.55888366699219,0.22178024053573608,tracked,0
1713,10,1262.8280029296875,15.671440124511719,1278.9862060546875,57.66338348388672,0.2746998965740204,tracked,0
1714,10,1262.9014892578125,15.576168060302734,1279.0,57.74039840698242,0.2083733230829239,tracked,0
1715,10,1262.87255859375,15.88734245300293,1279.0,57.79802703857422,0.2681892514228821,tracked,0
1716,10,1262.9420166015625,15.422332763671875,1279.0,57.652503967285156,0.17568615078926086,tracked,0
1717,1,1018.55615234375,436.19464111328125,1089.110595703125,511.5472412109375,0.4305436313152313,tracked,1
1718,1,1029.0589599609375,447.53692626953125,1085.7296142578125,510.6026611328125,0.4469354748725891,tracked,1
1719,1,1024.7545166015625,463.5191650390625,1078.2152099609375,526.7540893554688,0.46937939524650574,tracked,1
1720,10,1262.9658203125,15.867116928100586,1279.0,57.50379180908203,0.26636919379234314,tracked,0
1721,10,1262.9447021484375,16.313751220703125,1279.0,57.6385498046875,0.2184232771396637,tracked,0
1722,10,1262.98193359375,15.50636100769043,1279.0,57.424720764160156,0.2721269130706787,tracked,0
1723,10,1262.9962158203125,14.741189956665039,1279.0,57.13807678222656,0.2472562938928604,tracked,0
1724,10,1262.8785400390625,15.72537612915039,1278.9705810546875,57.27279281616211,0.3167307376861572,tracked,0
1725,1,998.6163330078125,538.4893798828125,1053.3865966796875,619.18212890625,0.4503428339958191,tracked,1
1726,1,993.560302734375,543.3284912109375,1048.38232421875,629.0731201171875,0.5227949023246765,tracked,1
1727,10,1262.857421875,16.44361686706543,1278.969970703125,57.818992614746094,0.2531152367591858,tracked,0
1728,1,998.75830078125,537.8327026367188,1047.708984375,608.5691528320312,0.3167317807674408,tracked,1
1729,10,1262.8316650390625,16.939769744873047,1278.9730224609375,57.809749603271484,0.26362013816833496,tracked,0
1730,10,1262.8455810546875,15.038736343383789,1278.9869384765625,57.10968780517578,0.28138843178749084,tracked,0
1731,10,1262.867431640625,15.212543487548828,1278.999267578125,57.06174087524414,0.28598812222480774,tracked,0
1732,10,1262.95947265625,15.194244384765625,1279.0,57.07948303222656,0.2895331382751465,tracked,0
1733,10,1262.9512939453125,15.817192077636719,1279.0,57.336997985839844,0.259360134601593,tracked,0
1734,1,993.0304565429688,563.7783203125,1056.483154296875,647.7674560546875,0.6830070614814758,tracked,1
1735,1,989.8607177734375,570.1036987304688,1057.802490234375,657.6954956054688,0.46210893988609314,tracked,1
1736,1,988.3588256835938,570.3697509765625,1061.7257080078125,662.7852783203125,0.6585817933082581,tracked,1
1737,1,988.809326171875,569.92236328125,1063.9404296875,665.8656005859375,0.6960656642913818,tracked,1
1738,1,990.0506591796875,569.0850219726562,1068.0137939453125,667.0615844726562,0.533528745174408,tracked,1
1739,1,991.07421875,569.0210571289062,1072.248779296875,668.1445922851562,0.6784496903419495,tracked,1
1740,1,990.3632202148438,567.95849609375,1073.0445556640625,669.5037841796875,0.6548330783843994,tracked,1
1741,1,988.7103271484375,568.6309204101562,1065.4442138671875,672.3583374023438,0.36955103278160095,tracked,1
1742,1,988.146728515625,572.0918579101562,1060.8291015625,674.9088745117188,0.5855018496513367,tracked,1
1743,1,988.41650390625,573.937744140625,1057.9564208984375,675.9835205078125,0.5632222890853882,tracked,1
1744,1,988.9114990234375,575.658447265625,1056.6246337890625,677.7705078125,0.6093654632568359,tracked,1
1745,10,1262.77099609375,16.56080436706543,1278.962890625,57.30528259277344,0.3510304391384125,tracked,0
1746,10,1262.7950439453125,15.944107055664062,1278.9818115234375,57.155548095703125,0.284207820892334,tracked,0
1747,10,1262.8775634765625,15.202489852905273,1279.0,57.01551055908203,0.22509141266345978,tracked,0
1748,1,982.5794677734375,583.9576416015625,1050.112548828125,678.5372314453125,0.2966010272502899,tracked,1
1749,1,982.4902954101562,586.3247680664062,1049.3255615234375,676.2865600585938,0.22512169182300568,tracked,1
1750,10,1262.9267578125,16.11431121826172,1279.0,57.52863311767578,0.2877410352230072,tracked,0
1751,10,1262.8592529296875,16.511831283569336,1278.9986572265625,57.726287841796875,0.27945905923843384,tracked,0
1752,10,1262.90673828125,15.464570999145508,1279.0,57.318626403808594,0.29119813442230225,tracked,0
1753,10,1262.9686279296875,14.981819152832031,1279.0,57.23035430908203,0.2550811767578125,tracked,0
1754,10,1262.9849853515625,14.995037078857422,1279.0,57.09518814086914,0.2997075319290161,tracked,0
1755,10,1262.9073486328125,13.814252853393555,1278.9949951171875,56.691001892089844,0.2844597101211548,tracked,0
1756,1,996.814697265625,597.6001586914062,1081.814697265625,693.3272094726562,0.29206183552742004,tracked,1
1757,1,996.509033203125,598.5114135742188,1087.50830078125,695.9663696289062,0.28937169909477234,tracked,1
1758,1,996.2389526367188,600.921630859375,1089.4371337890625,701.414306640625,0.3466620147228241,tracked,1
1759,1,994.9196166992188,601.9610595703125,1088.555908203125,704.1324462890625,0.5736212730407715,tracked,1
1760,1,993.3309936523438,603.0675659179688,1086.470458984375,706.4804077148438,0.5914928317070007,tracked,1
1761,1,992.708984375,603.8595581054688,1085.792236328125,708.6646118164062,0.5991782546043396,tracked,1
1762,1,991.9268188476562,604.96533203125,1082.998779296875,709.4124755859375,0.6629577875137329,tracked,1
1763,1,991.816650390625,605.3159790039062,1080.408447265625,709.3598022460938,0.6273264288902283,tracked,1
1764,1,993.1163940429688,606.0447998046875,1079.39892578125,710.115966796875,0.632850706577301,tracked,1
1765,1,994.4185791015625,606.14111328125,1078.1177978515625,710.1297607421875,0.6606356501579285,tracked,1
1766,1,996.4180297851562,606.3195190429688,1076.652587890625,710.2041625976562,0.6686028838157654,tracked,1
1767,1,1000.2180786132812,606.4464111328125,1078.7919921875,709.9844970703125,0.6369090676307678,tracked,1
1768,1,1002.4041748046875,607.4215698242188,1076.6339111328125,708.4197387695312,0.6700196862220764,tracked,1
1769,1,1003.9835815429688,607.1832885742188,1074.334228515625,708.2119750976562,0.609869122505188,tracked,1
1770,1,1005.54931640625,606.6068115234375,1072.37158203125,707.8497314453125,0.6385002732276917,tracked,1
1771,1,1006.9113159179688,605.9964599609375,1069.9573974609375,707.1651611328125,0.6335185766220093,tracked,1
1772,1,1008.6137084960938,605.7095336914062,1068.45703125,706.7525024414062,0.6437487006187439,tracked,1
1773,1,1009.7152709960938,605.1882934570312,1066.9835205078125,706.1293334960938,0.6925764083862305,tracked,1
1774,1,1010.72119140625,605.2064208984375,1066.133544921875,706.0137939453125,0.6724871397018433,tracked,1
1775,1,1011.7955322265625,605.3865966796875,1065.5848388671875,706.0078125,0.6863860487937927,tracked,1
1776,1,1012.7429809570312,605.7720336914062,1065.2418212890625,706.1099243164062,0.6662698984146118,tracked,1
1777,1,1013.5013427734375,606.0147094726562,1065.0589599609375,706.0927124023438,0.7156736254692078,tracked,1
1778,1,1013.9751586914062,606.2322998046875,1064.718994140625,706.1456298828125,0.7374967336654663,tracked,1
1779,1,1014.31005859375,606.37646484375,1064.386474609375,706.096435546875,0.7313942909240723,tracked,1
1780,1,1014.4013671875,606.0223388671875,1063.993408203125,705.8375244140625,0.7394152283668518,tracked,1
1781,1,1014.3840942382812,605.9415893554688,1063.715576171875,705.7838745117188,0.7130177021026611,tracked,1
1782,1,1014.0361938476562,605.8369750976562,1063.1337890625,705.8485717773438,0.7070522308349609,tracked,1
1783,1,1013.9923706054688,605.7123413085938,1062.833251953125,705.8461303710938,0.7021053433418274,tracked,1
1784,1,1014.461181640625,605.3152465820312,1062.929931640625,705.6764526367188,0.7183462977409363,tracked,1
1785,1,1014.891845703125,605.1448974609375,1062.580078125,705.281494140625,0.7323784232139587,tracked,1
1786,1,1015.30224609375,605.205810546875,1062.418701171875,705.043212890625,0.7397155165672302,tracked,1
1787,1,1015.8084716796875,605.0010986328125,1062.3946533203125,704.6705322265625,0.7419444918632507,tracked,1
1788,1,1016.0542602539062,605.11279296875,1062.1629638671875,704.429931640625,0.7369956970214844,tracked,1
1789,1,1015.3895263671875,604.935791015625,1061.6346435546875,704.35791015625,0.7306944727897644,tracked,1
1790,1,1012.0623168945312,605.1273803710938,1060.343505859375,704.8045043945312,0.7316761016845703,tracked,1
1791,1,1010.0850830078125,605.1931762695312,1059.8992919921875,704.8317260742188,0.7264923453330994,tracked,1
1792,1,1010.7459716796875,605.3997192382812,1060.4439697265625,705.0143432617188,0.7270717620849609,tracked,1
1793,1,1010.6656494140625,605.6552734375,1060.6146240234375,705.074462890625,0.7199187278747559,tracked,1
1794,1,1011.4566040039062,605.8649291992188,1060.991455078125,704.9082641601562,0.6989994645118713,tracked,1
1795,1,1012.0030517578125,605.8665771484375,1061.3594970703125,704.8544921875,0.6916220784187317,tracked,1
1796,1,1012.5588989257812,605.9614868164062,1061.628173828125,704.7412719726562,0.6856386661529541,tracked,1
1797,1,1012.7717895507812,606.0017700195312,1061.6302490234375,704.6395874023438,0.6775010824203491,tracked,1
1798,1,1013.401611328125,606.0543212890625,1061.80029296875,704.54541015625,0.6720185279846191,tracked,1
1799,1,1013.8090209960938,606.3809814453125,1061.845458984375,704.7081298828125,0.6896864175796509,tracked,1
1800,1,1016.12939453125,609.9904174804688,1062.4423828125,707.7681274414062,0.5994290709495544,tracked,1
1801,1,1016.01220703125,610.2568359375,1061.651123046875,706.736572265625,0.6407566070556641,tracked,1
1802,1,1017.4391479492188,609.9522094726562,1061.6346435546875,705.8345336914062,0.6571137309074402,tracked,1
1803,1,1017.768310546875,610.3951416015625,1061.326416015625,705.3905029296875,0.6951208114624023,tracked,1
1804,1,1017.724853515625,610.3643188476562,1060.837158203125,704.9202270507812,0.6816833019256592,tracked,1
1805,1,1017.5714111328125,610.4976806640625,1060.2947998046875,704.5103759765625,0.6673926711082458,tracked,1
1806,1,1017.7017211914062,611.028564453125,1060.0147705078125,704.607421875,0.6077836751937866,tracked,1
1807,1,1017.6124267578125,611.670166015625,1059.7703857421875,704.678955078125,0.568776547908783,tracked,1
1808,1,1019.2706298828125,624.9334106445312,1059.8602294921875,708.6776733398438,0.41291457414627075,tracked,1
1809,1,1019.12158203125,619.752197265625,1059.9404296875,706.321044921875,0.42755192518234253,tracked,1
1810,11,1262.8536376953125,14.951812744140625,1279.0,57.84125518798828,0.2925575077533722,tracked,0
1811,1,1020.6320190429688,631.4774780273438,1059.968994140625,709.4651489257812,0.2913965880870819,tracked,1
1812,1,1021.2678833007812,636.6856079101562,1059.6251220703125,709.2274780273438,0.3119393587112427,tracked,1
1813,1,1021.8306884765625,640.7059326171875,1059.3790283203125,708.715576171875,0.3135680556297302,tracked,1
1814,11,1262.83740234375,13.109186172485352,1278.998779296875,57.27519226074219,0.2192792147397995,tracked,0
1815,11,1262.902587890625,14.165987014770508,1279.0,57.388641357421875,0.33835369348526,tracked,0
1816,1,1012.928955078125,609.0140991210938,1058.92529296875,685.2210083007812,0.394285649061203,tracked,1
1817,1,1001.6881713867188,604.7145385742188,1057.7696533203125,681.0541381835938,0.7246648073196411,tracked,1
1818,1,988.5062866210938,599.8756103515625,1057.02001953125,679.8258056640625,0.7722689509391785,tracked,1
1819,1,977.4751586914062,598.0889282226562,1058.149658203125,681.7022094726562,0.8020076155662537,tracked,1
1820,1,961.8900146484375,594.125244140625,1052.8955078125,678.106201171875,0.7997258305549622,tracked,1
1821,1,947.0818481445312,584.6292724609375,1047.5269775390625,673.378173828125,0.7612689137458801,tracked,1
1822,1,934.552734375,579.0005493164062,1043.1448974609375,669.0150756835938,0.6571371555328369,tracked,1
1823,1,919.1403198242188,567.4912719726562,1031.039794921875,658.4699096679688,0.7581993937492371,tracked,1
1824,1,907.3533935546875,554.7927856445312,1024.9844970703125,649.3775024414062,0.7770107984542847,tracked,1
1825,1,896.8211059570312,543.2962646484375,1019.0320434570312,640.426025390625,0.792873203754425,tracked,1
1826,1,885.1724853515625,536.5687255859375,1009.1431884765625,634.1055908203125,0.6581963300704956,tracked,1
1827,1,878.7449340820312,529.7400512695312,1006.7644653320312,628.6705932617188,0.675386905670166,tracked,1
1828,1,869.9302978515625,520.161376953125,1000.0572509765625,620.984619140625,0.7735610604286194,tracked,1
1829,1,861.6112060546875,511.6891784667969,994.5526123046875,614.4688110351562,0.6818103790283203,tracked,1
1830,1,859.0414428710938,503.68072509765625,994.8120727539062,607.5515747070312,0.5288525819778442,tracked,1
1831,1,874.3854370117188,497.4671936035156,1002.1868286132812,601.7488403320312,0.3678381145000458,tracked,1
1832,1,888.141845703125,492.9171142578125,1006.7674560546875,598.7733154296875,0.4874727725982666,tracked,1
1833,1,898.1423950195312,491.1199035644531,1009.3685913085938,598.1834106445312,0.3408174216747284,tracked,1
1834,11,1262.89404296875,15.966564178466797,1279.0,57.58720779418945,0.198358952999115,tracked,0
1835,11,1262.8504638671875,15.651687622070312,1278.9910888671875,57.36626434326172,0.2602780759334564,tracked,0
1836,11,1262.8267822265625,15.757589340209961,1278.9849853515625,57.28587341308594,0.25695815682411194,tracked,0
1837,11,1262.88330078125,13.97494125366211,1279.0,56.69588851928711,0.2773761451244354,tracked,0
1838,1,908.7696533203125,486.31378173828125,1009.341064453125,593.8672485351562,0.36563050746917725,tracked,1
1839,1,878.6583862304688,483.07806396484375,992.3064575195312,588.6395874023438,0.685995876789093,tracked,1
1840,1,859.2940673828125,479.5992736816406,981.695556640625,583.1595458984375,0.4724959433078766,tracked,1
1841,1,845.5907592773438,474.9798278808594,968.2223510742188,577.7796630859375,0.685935914516449,tracked,1
1842,1,844.6643676757812,472.083251953125,960.2566528320312,573.4822998046875,0.6473472714424133,tracked,1
1843,1,829.369873046875,460.5206298828125,950.5478515625,564.2120361328125,0.7141546010971069,tracked,1
1844,1,835.4593505859375,454.1127014160156,949.700439453125,558.26318359375,0.7036091089248657,tracked,1
1845,1,838.114990234375,445.73846435546875,950.580810546875,551.54833984375,0.6310731768608093,tracked,1
1846,1,831.0433349609375,436.2939453125,948.8719482421875,544.01611328125,0.6601166725158691,tracked,1
1847,1,813.032958984375,426.1508483886719,936.9114990234375,531.8438110351562,0.6536648869514465,tracked,1
1848,1,803.9505004882812,419.7402038574219,933.6539916992188,525.6206665039062,0.713585615158081,tracked,1
1849,1,799.38037109375,417.66162109375,933.3392333984375,523.5845336914062,0.7038262486457825,tracked,1
1850,1,796.457275390625,415.06182861328125,933.7264404296875,522.2916870117188,0.7716076374053955,tracked,1
1851,1,794.8233642578125,411.6366271972656,935.072021484375,519.7767333984375,0.7102102041244507,tracked,1
1852,1,795.2346801757812,409.4871520996094,936.5932006835938,518.6339111328125,0.7149319052696228,tracked,1
1853,1,795.9560546875,404.13079833984375,938.4093017578125,514.548583984375,0.6695472002029419,tracked,1
1854,1,798.8341674804688,401.61785888671875,939.2123413085938,512.8861083984375,0.7234159111976624,tracked,1
1855,1,801.8921508789062,395.2880554199219,940.3125610351562,506.7628479003906,0.6878697872161865,tracked,1
1856,1,802.8836059570312,400.8790588378906,936.9249877929688,510.9903259277344,0.6466212868690491,tracked,1
1857,1,803.390625,396.9591979980469,935.5985107421875,507.6366271972656,0.7408351898193359,tracked,1
1858,1,800.52294921875,391.0613708496094,930.4443359375,502.3251037597656,0.7679924368858337,tracked,1
1859,1,804.6677856445312,383.5135192871094,928.2485961914062,494.5397033691406,0.757367730140686,tracked,1
1860,1,804.23046875,372.934326171875,919.722412109375,482.488525390625,0.7237920761108398,tracked,1
1861,1,803.6928100585938,360.9975891113281,913.9470825195312,468.8327331542969,0.7525615692138672,tracked,1
1862,1,805.306396484375,344.11273193359375,915.186767578125,451.16729736328125,0.7233518362045288,tracked,1
1863,1,810.9432983398438,325.83099365234375,925.5956420898438,432.90997314453125,0.7709386944770813,tracked,1
1864,1,818.8145141601562,311.6513977050781,940.2369995117188,416.0625305175781,0.7006765007972717,tracked,1
1865,1,828.2886352539062,300.6727600097656,954.8229370117188,405.0030822753906,0.7376726269721985,tracked,1
1866,1,834.5726928710938,297.1293029785156,965.0237426757812,399.8191833496094,0.7315515875816345,tracked,1
1867,1,839.591796875,293.9190368652344,974.11181640625,397.2510070800781,0.7554587721824646,tracked,1
1868,1,847.0808715820312,293.6815185546875,984.3047485351562,397.314697265625,0.7156421542167664,tracked,1
1869,1,861.8394775390625,294.906005859375,999.023681640625,399.3377685546875,0.5949668884277344,tracked,1
1870,1,872.4557495117188,294.59539794921875,1002.1265258789062,395.70343017578125,0.44566643238067627,tracked,1
1871,1,889.2532348632812,309.97381591796875,1017.8944702148438,411.69573974609375,0.561832845211029,tracked,1
1872,1,907.4542236328125,325.7561950683594,1029.7379150390625,427.9627990722656,0.5612500309944153,tracked,1
1873,1,927.6785278320312,341.8856506347656,1041.1114501953125,444.5702819824219,0.4109221398830414,tracked,1
1874,12,1263.1292724609375,12.45135498046875,1279.0,57.63581848144531,0.22500476241111755,tracked,0
1875,1,937.7957763671875,340.19781494140625,1044.612060546875,440.88861083984375,0.21848514676094055,tracked,1
1876,12,1262.9139404296875,14.106462478637695,1278.9852294921875,57.654075622558594,0.22288723289966583,tracked,0
1877,1,954.637939453125,354.32440185546875,1058.0201416015625,454.99237060546875,0.3978266716003418,tracked,1
1878,12,1262.922119140625,14.564420700073242,1278.98974609375,57.6697998046875,0.2700386047363281,tracked,0
1879,1,970.4140625,379.67657470703125,1063.966064453125,478.042724609375,0.5181768536567688,tracked,1
1880,1,980.1432495117188,398.1271057128906,1069.021484375,493.7203063964844,0.41279828548431396,tracked,1
1881,1,990.7915649414062,413.0547180175781,1083.41455078125,509.3025817871094,0.4633682668209076,tracked,1
1882,12,1262.9324951171875,13.578916549682617,1278.9979248046875,57.195159912109375,0.32736194133758545,tracked,0
1883,12,1263.0478515625,12.924236297607422,1279.0,57.19955062866211,0.21546387672424316,tracked,0
1884,12,1263.03515625,14.122962951660156,1279.0,57.62281036376953,0.2845163941383362,tracked,0
1885,12,1262.9835205078125,14.22592544555664,1278.9984130859375,57.5537223815918,0.23120950162410736,tracked,0
1886,12,1262.9969482421875,12.57388687133789,1279.0,56.9782829284668,0.307590514421463,tracked,0
1887,12,1262.94580078125,13.67874526977539,1278.982666015625,57.32925796508789,0.3075253367424011,tracked,0
1888,12,1262.9736328125,13.92971420288086,1278.995361328125,57.455684661865234,0.2761309742927551,tracked,0
1889,12,1262.9722900390625,14.402376174926758,1278.9962158203125,57.64967346191406,0.20782700181007385,tracked,0
1890,12,1262.9840087890625,14.18292236328125,1279.0,57.57704162597656,0.21045269072055817,tracked,0
1891,12,1262.956298828125,14.232074737548828,1278.99169921875,57.573665618896484,0.25454407930374146,tracked,0
1892,12,1262.9228515625,15.16917610168457,1278.981201171875,57.79389953613281,0.28661051392555237,tracked,0
1893,12,1262.8592529296875,15.281625747680664,1278.9620361328125,57.74695587158203,0.22474035620689392,tracked,0
1894,12,1262.8895263671875,15.90768814086914,1278.9810791015625,57.8107795715332,0.30347511172294617,tracked,0
1895,12,1262.8963623046875,15.89752197265625,1278.9891357421875,57.65033721923828,0.2866469919681549,tracked,0
1896,12,1262.9735107421875,14.086332321166992,1279.0,57.060455322265625,0.2694650888442993,tracked,0
1897,12,1263.0020751953125,14.067911148071289,1279.0,57.027122497558594,0.2338433712720871,tracked,0
1898,12,1262.9798583984375,14.839784622192383,1279.0,57.323631286621094,0.3059806823730469,tracked,0
1899,12,1262.902587890625,15.229745864868164,1278.98291015625,57.36210632324219,0.3101990818977356,tracked,0
1900,12,1262.8994140625,16.412044525146484,1278.98388671875,57.83189010620117,0.3507040739059448,tracked,0
1901,12,1262.900634765625,15.928043365478516,1278.9873046875,57.632991790771484,0.28220757842063904,tracked,0
1902,12,1262.9334716796875,16.078922271728516,1279.0,57.56966781616211,0.2883135676383972,tracked,0
1903,12,1262.9122314453125,15.933765411376953,1278.9949951171875,57.37991714477539,0.26161739230155945,tracked,0
1904,1,1001.9911499023438,543.6581420898438,1085.2037353515625,642.2349243164062,0.4766446352005005,tracked,1
1905,1,1004.2029418945312,546.8896484375,1082.0919189453125,641.9093017578125,0.5156468152999878,tracked,1
1906,1,1004.7220458984375,554.1615600585938,1079.6387939453125,646.2683715820312,0.5968320369720459,tracked,1
1907,1,1001.672607421875,559.95458984375,1077.3994140625,651.2406005859375,0.6383045315742493,tracked,1
1908,1,1001.2647094726562,563.2628173828125,1075.3856201171875,652.585205078125,0.44832155108451843,tracked,1
1909,12,1262.8494873046875,14.154205322265625,1278.9761962890625,56.870887756347656,0.2594545781612396,tracked,0
1910,12,1262.8260498046875,15.565868377685547,1278.9788818359375,57.30427169799805,0.29390889406204224,tracked,0
1911,12,1262.8328857421875,16.725933074951172,1278.9871826171875,57.59060287475586,0.3224290907382965,tracked,0
1912,12,1262.8765869140625,16.0738468170166,1279.0,57.32665252685547,0.3160698413848877,tracked,0
1913,12,1262.868896484375,15.918670654296875,1279.0,57.32460021972656,0.3604394793510437,tracked,0
1914,12,1262.9029541015625,15.792844772338867,1279.0,57.29680633544922,0.26990872621536255,tracked,0
1915,12,1262.97607421875,14.670001983642578,1279.0,56.95078659057617,0.27150455117225647,tracked,0
1916,12,1262.9852294921875,14.841562271118164,1279.0,57.123291015625,0.24875010550022125,tracked,0
1917,12,1263.0367431640625,13.394258499145508,1279.0,56.88197326660156,0.22862185537815094,tracked,0
1918,12,1263.0693359375,14.984392166137695,1279.0,57.514549255371094,0.25102028250694275,tracked,0
1919,12,1263.088134765625,14.61646842956543,1279.0,57.39099884033203,0.27039703726768494,tracked,0
1920,12,1263.0374755859375,13.521076202392578,1279.0,56.92549514770508,0.2958994507789612,tracked,0
1921,1,993.0432739257812,605.0691528320312,1053.98828125,686.7041625976562,0.2334461659193039,tracked,1
1922,12,1262.94775390625,14.10658073425293,1278.9697265625,57.22613525390625,0.26176783442497253,tracked,0
1923,12,1262.8887939453125,15.149477005004883,1278.9556884765625,57.583404541015625,0.24867510795593262,tracked,0
1924,12,1262.8719482421875,16.396190643310547,1278.9593505859375,57.898921966552734,0.300165593624115,tracked,0
1925,12,1263.0107421875,16.53731346130371,1279.0,57.87767028808594,0.2515844702720642,tracked,0
1926,12,1263.0135498046875,16.698673248291016,1279.0,57.88960647583008,0.20061779022216797,tracked,0
1927,12,1263.09033203125,16.31821060180664,1279.0,57.62253952026367,0.22150853276252747,tracked,0
1928,1,1000.010009765625,613.0394897460938,1065.435546875,689.6231079101562,0.4045972526073456,tracked,1
1929,1,997.5459594726562,606.8524780273438,1067.548095703125,687.2369995117188,0.7029348611831665,tracked,1
1930,1,995.0335693359375,602.8900146484375,1068.5467529296875,686.1444091796875,0.75330650806427,tracked,1
1931,1,991.5648193359375,600.065673828125,1068.9144287109375,684.82958984375,0.7693260312080383,tracked,1
1932,1,988.4833984375,596.5654296875,1070.202880859375,683.9671630859375,0.7672149538993835,tracked,1
1933,1,985.7158203125,593.1122436523438,1071.348876953125,682.6954956054688,0.7976766228675842,tracked,1
1934,1,983.9305419921875,590.8423461914062,1073.0340576171875,682.4636840820312,0.7843180894851685,tracked,1
1935,1,982.1726684570312,590.447021484375,1074.4442138671875,683.6688232421875,0.7595881819725037,tracked,1
1936,1,980.981689453125,590.7061157226562,1075.641845703125,685.1884155273438,0.7580863833427429,tracked,1
1937,1,979.78759765625,591.1009521484375,1074.97119140625,686.8232421875,0.7569535970687866,tracked,1
1938,1,978.8740844726562,591.036865234375,1074.654541015625,688.5400390625,0.7524441480636597,tracked,1
1939,1,978.243408203125,590.1181030273438,1076.513427734375,689.8381958007812,0.7404033541679382,tracked,1
1940,1,977.2215576171875,589.45703125,1075.7042236328125,690.462890625,0.6692702770233154,tracked,1
1941,1,977.3568115234375,589.05712890625,1075.6951904296875,690.9317626953125,0.7107579112052917,tracked,1
1942,1,976.345458984375,588.43408203125,1074.256591796875,690.5888671875,0.6888324022293091,tracked,1
1943,1,975.4835815429688,588.7442016601562,1073.00341796875,690.5316772460938,0.7257545590400696,tracked,1
1944,1,975.6378173828125,588.6707153320312,1072.7086181640625,689.8549194335938,0.7714865803718567,tracked,1
1945,1,975.3021240234375,589.1577758789062,1072.287841796875,689.0584106445312,0.7702924013137817,tracked,1
1946,1,974.0706176757812,589.705322265625,1072.29638671875,688.6988525390625,0.767687976360321,tracked,1
1947,1,973.3302612304688,590.6423950195312,1073.732177734375,689.0480346679688,0.7404451370239258,tracked,1
1948,1,991.3604125976562,590.1192626953125,1083.5946044921875,687.8106689453125,0.7273533344268799,tracked,1
1949,1,997.6968994140625,591.5844116210938,1089.7540283203125,687.4329223632812,0.6477307677268982,tracked,1
1950,1,1000.8324584960938,588.9110107421875,1090.1759033203125,684.248291015625,0.6940603256225586,tracked,1
1951,1,993.0062866210938,578.995361328125,1082.163818359375,676.29150390625,0.6642177104949951,tracked,1
1952,12,1262.8282470703125,15.111536026000977,1278.9676513671875,57.12214660644531,0.22241944074630737,tracked,0
1953,12,1262.9349365234375,15.382850646972656,1278.9993896484375,57.4068603515625,0.2805387079715729,tracked,0
1954,12,1262.8609619140625,16.050474166870117,1278.9818115234375,57.52568054199219,0.22346095740795135,tracked,0
1955,1,989.7362060546875,522.3402709960938,1081.1434326171875,623.8648071289062,0.24342651665210724,tracked,1
1956,12,1262.993408203125,15.081249237060547,1279.0,57.165164947509766,0.21939007937908173,tracked,0
1957,1,992.4536743164062,496.4151306152344,1088.2294921875,598.5484619140625,0.5072694420814514,tracked,1
1958,12,1262.9306640625,15.314615249633789,1279.0,57.21595001220703,0.25992515683174133,tracked,0
1959,12,1262.956787109375,15.818248748779297,1279.0,57.438297271728516,0.27046477794647217,tracked,0
1960,1,994.9773559570312,471.0684509277344,1089.628173828125,572.6166381835938,0.648435115814209,tracked,1
1961,1,1001.0086669921875,466.1329650878906,1090.5802001953125,566.0643920898438,0.25058284401893616,tracked,1
1962,1,1003.9549560546875,463.6961975097656,1091.3944091796875,560.7445068359375,0.5398819446563721,tracked,1
1963,12,1262.90966796875,15.67867660522461,1278.988037109375,57.175228118896484,0.31721410155296326,tracked,0
1964,1,1012.9132080078125,452.3135681152344,1092.6195068359375,539.9330444335938,0.4104539453983307,tracked,1
1965,12,1262.968505859375,15.624429702758789,1279.0,57.284568786621094,0.24269767105579376,tracked,0
1966,12,1262.9552001953125,16.19746971130371,1279.0,57.411338806152344,0.3124343156814575,tracked,0
1967,12,1262.9925537109375,15.61161994934082,1279.0,57.309486389160156,0.2851128578186035,tracked,0
1968,12,1262.975830078125,15.887052536010742,1279.0,57.40838623046875,0.2597214877605438,tracked,0
1969,12,1263.001220703125,15.4727783203125,1279.0,57.263763427734375,0.2981082797050476,tracked,0
1970,12,1262.976318359375,16.029895782470703,1279.0,57.43143844604492,0.32785069942474365,tracked,0
1971,12,1262.9219970703125,16.73802947998047,1278.9808349609375,57.64418029785156,0.2898859679698944,tracked,0
1972,1,1018.109130859375,469.7224426269531,1103.001220703125,562.0227661132812,0.2816801071166992,tracked,1
1973,12,1262.9285888671875,15.392160415649414,1278.9874267578125,57.04963684082031,0.20868685841560364,tracked,0
1974,12,1262.9410400390625,15.249601364135742,1278.9957275390625,57.09532928466797,0.28023630380630493,tracked,0
1975,12,1262.97998046875,14.618824005126953,1279.0,57.005855560302734,0.22378116846084595,tracked,0
1976,12,1262.845458984375,13.872076034545898,1278.96240234375,56.89057159423828,0.26628732681274414,tracked,0
1977,12,1262.871337890625,13.969364166259766,1278.978515625,57.05495071411133,0.2541130781173706,tracked,0
1978,1,1021.5538940429688,477.9326477050781,1088.2198486328125,564.2468872070312,0.5409598350524902,tracked,1
1979,12,1262.7763671875,15.67848014831543,1278.94775390625,57.83256530761719,0.28695693612098694,tracked,0
1980,1,1022.6368408203125,474.6604309082031,1082.6685791015625,558.7392578125,0.500810980796814,tracked,1
1981,1,1017.6293334960938,472.18798828125,1079.293701171875,557.9361572265625,0.4020770490169525,tracked,1
1982,12,1262.9488525390625,14.403640747070312,1279.0,57.21807861328125,0.278049111366272,tracked,0
1983,1,999.9833984375,446.4003601074219,1056.461181640625,527.5770263671875,0.5976442098617554,tracked,1
1984,12,1262.9351806640625,14.998212814331055,1279.0,57.50694274902344,0.26965978741645813,tracked,0
1985,12,1262.90625,16.49056053161621,1279.0,57.98517608642578,0.25439298152923584,tracked,0
1986,1,988.4822387695312,407.123291015625,1041.220703125,483.343505859375,0.3867141604423523,tracked,1
1987,12,1262.897705078125,15.606809616088867,1278.9990234375,57.43565368652344,0.27572333812713623,tracked,0
1988,12,1263.0206298828125,15.870706558227539,1279.0,57.751861572265625,0.1853010505437851,tracked,0
1989,12,1263.0321044921875,16.104339599609375,1279.0,57.67292022705078,0.2276468575000763,tracked,0
1990,12,1263.0341796875,15.419342041015625,1279.0,57.42497253417969,0.2571335434913635,tracked,0
1991,12,1262.9576416015625,15.374853134155273,1278.9925537109375,57.39562225341797,0.23018434643745422,tracked,0
1992,12,1262.9666748046875,15.216161727905273,1278.9949951171875,57.24272155761719,0.26348593831062317,tracked,0
1993,12,1262.86865234375,16.333139419555664,1278.959716796875,57.65257263183594,0.2650040090084076,tracked,0
1994,1,980.0768432617188,335.1673889160156,1054.81884765625,422.2695617675781,0.6229071021080017,tracked,1
1995,1,983.9661254882812,325.6077880859375,1061.0482177734375,413.626220703125,0.626859724521637,tracked,1
1996,1,987.8565063476562,315.6029052734375,1068.1104736328125,407.54376220703125,0.748079240322113,tracked,1
1997,1,998.0823974609375,306.6435546875,1074.6683349609375,400.4415283203125,0.6291377544403076,tracked,1
1998,1,1001.4111328125,297.91815185546875,1077.580078125,394.05645751953125,0.7225334644317627,tracked,1
1999,1,1006.580322265625,287.22454833984375,1079.5,381.710693359375,0.5113285779953003,tracked,1
2000,1,1015.1663208007812,276.51739501953125,1083.5015869140625,370.67120361328125,0.6434891223907471,tracked,1
2001,1,1019.1317749023438,266.4031066894531,1085.3021240234375,359.6328430175781,0.6483187675476074,tracked,1
2002,1,1023.4534912109375,257.9078674316406,1086.7921142578125,350.7570495605469,0.6457951664924622,tracked,1
2003,1,1025.62158203125,250.48858642578125,1087.271240234375,342.50634765625,0.651005208492279,tracked,1
2004,1,1024.479736328125,245.19607543945312,1084.975830078125,340.1683654785156,0.5533111095428467,tracked,1
2005,1,1022.9357299804688,241.22161865234375,1082.2376708984375,338.69451904296875,0.6717844009399414,tracked,1
2006,1,1022.3231811523438,231.778564453125,1081.664306640625,328.99609375,0.760643720626831,tracked,1
2007,1,1024.74267578125,218.40838623046875,1082.761474609375,315.8157958984375,0.5590774416923523,tracked,1
2008,1,1027.3974609375,207.5857391357422,1084.79638671875,306.13330078125,0.715492308139801,tracked,1
2009,1,1029.1927490234375,197.1061553955078,1085.4859619140625,296.586669921875,0.4383031129837036,tracked,1
2010,12,1262.978271484375,15.462417602539062,1279.0,57.156166076660156,0.26712766289711,tracked,0
2011,12,1263.0162353515625,15.327505111694336,1279.0,57.368995666503906,0.2580105662345886,tracked,0
2012,12,1262.989501953125,13.625600814819336,1279.0,56.885101318359375,0.32762646675109863,tracked,0
2013,12,1263.0260009765625,14.540590286254883,1279.0,57.51409912109375,0.23212292790412903,tracked,0
2014,1,1027.74560546875,166.6548614501953,1080.0546875,266.24658203125,0.27672144770622253,tracked,1
2015,1,1029.7955322265625,157.19773864746094,1079.4620361328125,255.24705505371094,0.2473897933959961,tracked,1
2016,12,1262.9598388671875,14.439908981323242,1278.9849853515625,57.415733337402344,0.27219444513320923,tracked,0
2017,12,1262.9290771484375,13.594551086425781,1278.9788818359375,57.11390686035156,0.2412264198064804,tracked,0
2018,1,1021.9879150390625,146.9525146484375,1081.1729736328125,247.93206787109375,0.39765968918800354,tracked,1
2019,1,1018.3777465820312,142.69467163085938,1082.0849609375,244.33120727539062,0.64359450340271,tracked,1
2020,1,1010.5167846679688,135.73684692382812,1079.897216796875,235.40142822265625,0.6883241534233093,tracked,1
2021,12,1262.9517822265625,12.506689071655273,1278.9957275390625,56.906890869140625,0.24194000661373138,tracked,0
2022,12,1262.9586181640625,13.612287521362305,1279.0,57.355865478515625,0.20305195450782776,tracked,0
2023,1,1007.8116455078125,111.61012268066406,1074.7677001953125,199.25892639160156,0.7355470657348633,tracked,1
2024,1,1007.1441650390625,108.80857849121094,1073.4735107421875,190.12269592285156,0.6120345592498779,tracked,1
2025,1,1007.6246948242188,104.47218322753906,1074.1788330078125,181.8838348388672,0.6975945830345154,tracked,1
2026,1,1003.6484985351562,102.4124984741211,1070.0556640625,177.60931396484375,0.6967653036117554,tracked,1
2027,1,1000.6575317382812,102.45115661621094,1067.045166015625,180.3225860595703,0.61083984375,tracked,1
2028,1,998.1985473632812,95.09455871582031,1060.655517578125,174.43540954589844,0.2928731143474579,tracked,1
2029,1,996.57373046875,98.85298919677734,1056.531005859375,175.900634765625,0.2600259780883789,tracked,1
2030,12,1262.7890625,15.766653060913086,1278.951171875,57.77649688720703,0.28803402185440063,tracked,0
2031,1,996.2161865234375,91.05122375488281,1055.9930419921875,175.3654022216797,0.4800887405872345,tracked,1
2032,1,997.6453857421875,96.81200408935547,1056.5394287109375,182.149658203125,0.5236306190490723,tracked,1
2033,1,998.031005859375,98.82749938964844,1056.71826171875,185.8036346435547,0.6206235289573669,tracked,1
2034,1,998.0076904296875,100.68852996826172,1055.6856689453125,188.38778686523438,0.5588092803955078,tracked,1
2035,1,998.7677001953125,98.84120178222656,1056.0426025390625,188.7704620361328,0.5888341069221497,tracked,1
2036,1,996.4063720703125,103.73697662353516,1051.9100341796875,189.71148681640625,0.6364138126373291,tracked,1
2037,12,1262.7637939453125,15.999250411987305,1278.9759521484375,57.73780059814453,0.19685673713684082,tracked,0
2038,12,1262.8861083984375,15.221345901489258,1279.0,57.44520568847656,0.26485496759414673,tracked,0
2039,1,988.8162841796875,112.29898071289062,1040.7015380859375,192.79193115234375,0.6240620017051697,tracked,1
2040,1,983.2228393554688,116.23756408691406,1034.993896484375,194.9062957763672,0.5515289306640625,tracked,1
2041,1,980.35302734375,122.16056823730469,1032.0792236328125,199.0990753173828,0.4904327988624573,tracked,1
2042,1,978.1489868164062,127.3212890625,1030.4166259765625,204.34423828125,0.7791892886161804,tracked,1
2043,1,975.1410522460938,131.29641723632812,1027.8187255859375,208.48617553710938,0.7530242204666138,tracked,1
2044,1,971.2749633789062,136.25613403320312,1023.9249877929688,212.43099975585938,0.7599248290061951,tracked,1
2045,1,968.486328125,138.505859375,1022.439208984375,215.99774169921875,0.7590412497520447,tracked,1
2046,1,966.4495239257812,140.84329223632812,1018.9142456054688,217.85549926757812,0.7521603107452393,tracked,1
2047,1,964.6490478515625,142.76788330078125,1016.7432861328125,219.64697265625,0.7137991786003113,tracked,1
2048,1,962.4373779296875,144.10162353515625,1013.3426513671875,220.85903930664062,0.7312818169593811,tracked,1
2049,1,985.8194580078125,147.5797119140625,1035.9306640625,222.83319091796875,0.7606317400932312,tracked,1
2050,1,997.5388793945312,148.99485778808594,1048.3546142578125,222.9214630126953,0.7799555659294128,tracked,1
2051,1,974.091064453125,150.3843994140625,1025.7491455078125,223.41250610351562,0.7667280435562134,tracked,1
2052,1,985.8773193359375,151.88194274902344,1038.0137939453125,224.73536682128906,0.7628578543663025,tracked,1
2053,1,962.4426879882812,154.3048553466797,1014.0564575195312,226.75148010253906,0.7524837851524353,tracked,1
2054,1,948.7921142578125,158.1732177734375,998.91796875,230.78359985351562,0.7701701521873474,tracked,1
2055,1,968.08544921875,159.09979248046875,1020.3575439453125,233.28854370117188,0.7671093940734863,tracked,1
2056,1,981.1964721679688,163.40786743164062,1035.4376220703125,241.306640625,0.7383760809898376,tracked,1
2057,1,984.7154541015625,168.7034149169922,1041.0728759765625,250.30702209472656,0.7674176096916199,tracked,1
2058,1,986.67333984375,175.2803497314453,1045.250244140625,259.0008239746094,0.7456682920455933,tracked,1
2059,1,986.8688354492188,182.22239685058594,1046.8734130859375,268.0613098144531,0.7174153923988342,tracked,1
2060,1,985.1043090820312,190.37503051757812,1047.195556640625,279.316162109375,0.7558847069740295,tracked,1
2061,1,986.1064453125,196.75738525390625,1045.75048828125,288.35455322265625,0.5724127292633057,tracked,1
2062,1,982.7030639648438,201.7062530517578,1043.945068359375,294.6915283203125,0.7281265258789062,tracked,1
2063,1,981.4332275390625,210.1304931640625,1041.4251708984375,301.6879577636719,0.6510775685310364,tracked,1
2064,12,1263.01220703125,15.038534164428711,1279.0,57.66752624511719,0.3205197751522064,tracked,0
2065,12,1263.074462890625,15.121212005615234,1279.0,57.75992965698242,0.2410125583410263,tracked,0
2066,1,975.703369140625,226.57211303710938,1032.295166015625,318.3468933105469,0.3948306441307068,tracked,1
2067,1,974.1559448242188,231.68243408203125,1026.701904296875,323.34503173828125,0.366313636302948,tracked,1
2068,1,961.2471313476562,235.79913330078125,1018.9151000976562,329.772705078125,0.3503163456916809,tracked,1
2069,12,1262.953125,15.433700561523438,1278.9677734375,57.937278747558594,0.1854022890329361,tracked,0
2070,1,959.1844482421875,245.5436553955078,1013.347900390625,337.7505798339844,0.5163537263870239,tracked,1
2071,12,1262.9327392578125,16.140687942504883,1278.9720458984375,57.727134704589844,0.3013172447681427,tracked,0
2072,12,1263.0338134765625,16.601598739624023,1279.0,57.92118835449219,0.18468061089515686,tracked,0
2073,1,934.387939453125,265.32464599609375,984.5782470703125,356.8319091796875,0.25510174036026,tracked,1
2074,12,1263.053955078125,17.03154754638672,1279.0,57.855003356933594,0.24223975837230682,tracked,0
2075,12,1263.05419921875,16.341590881347656,1279.0,57.50984191894531,0.2413252294063568,tracked,0
2076,12,1263.0382080078125,15.781658172607422,1279.0,57.25092697143555,0.22249896824359894,tracked,0
2077,12,1263.015869140625,15.792600631713867,1278.994873046875,57.19702911376953,0.2789401710033417,tracked,0
2078,12,1263.0101318359375,14.239299774169922,1278.9932861328125,56.77350997924805,0.2632087767124176,tracked,0
2079,12,1263.0048828125,13.316970825195312,1278.992431640625,56.54853820800781,0.2977851331233978,tracked,0
2080,12,1263.0006103515625,12.406517028808594,1278.9925537109375,56.331939697265625,0.2612685263156891,tracked,0
2081,12,1263.037109375,13.971517562866211,1279.0,57.21312713623047,0.25473466515541077,tracked,0
2082,12,1263.0123291015625,14.056818008422852,1278.9976806640625,57.47924041748047,0.21518030762672424,tracked,0
2083,12,1262.9166259765625,15.453813552856445,1278.9632568359375,57.92625427246094,0.3108394145965576,tracked,0
2084,12,1262.9376220703125,15.826406478881836,1278.9779052734375,57.88591003417969,0.3054738938808441,tracked,0
2085,12,1262.9139404296875,15.512243270874023,1278.9749755859375,57.73040008544922,0.253092885017395,tracked,0
2086,12,1263.019287109375,15.606756210327148,1279.0,57.769622802734375,0.2826091945171356,tracked,0
2087,12,1262.951171875,16.064634323120117,1278.992919921875,57.936767578125,0.22403009235858917,tracked,0
2088,12,1262.9525146484375,15.23646354675293,1278.9949951171875,57.51805114746094,0.31080785393714905,tracked,0
2089,12,1262.972412109375,14.929901123046875,1279.0,57.308006286621094,0.2819373905658722,tracked,0
2090,12,1262.97509765625,15.277599334716797,1279.0,57.45694351196289,0.2573121190071106,tracked,0
2091,12,1263.0184326171875,15.524410247802734,1279.0,57.54862594604492,0.2248763144016266,tracked,0
2092,12,1263.0225830078125,15.387962341308594,1279.0,57.40411376953125,0.2608804404735565,tracked,0
2093,1,913.561767578125,483.0835266113281,953.789794921875,548.3701782226562,0.30561596155166626,tracked,1
2094,1,914.662841796875,489.7308654785156,953.2254638671875,550.181640625,0.32822930812835693,tracked,1
2095,1,914.9511108398438,491.19622802734375,952.9457397460938,549.7514038085938,0.3928305506706238,tracked,1
2096,1,915.5379638671875,490.9173583984375,953.159423828125,548.0042724609375,0.42941510677337646,tracked,1
2097,1,915.8836669921875,490.5061340332031,953.2803955078125,546.464599609375,0.5850099325180054,tracked,1
2098,1,916.1207885742188,490.3400573730469,953.5485229492188,545.2545166015625,0.5933146476745605,tracked,1
2099,1,916.8909301757812,489.7085876464844,953.6483764648438,543.7752075195312,0.559898316860199,tracked,1
2100,1,917.9744262695312,488.9584655761719,954.0099487304688,542.5271606445312,0.45783427357673645,tracked,1
2101,12,1262.953369140625,14.898702621459961,1278.986083984375,57.058494567871094,0.29993125796318054,tracked,0
2102,12,1262.97802734375,15.209070205688477,1278.996337890625,57.100685119628906,0.26786330342292786,tracked,0
2103,12,1262.9906005859375,14.431062698364258,1279.0,57.032745361328125,0.21980096399784088,tracked,0
2104,12,1263.010498046875,13.930063247680664,1279.0,57.04534912109375,0.262411504983902,tracked,0
2110,1,1061.282958984375,452.1063537597656,1116.602294921875,532.9178466796875,0.24609321355819702,tracked,1
2111,1,1076.819580078125,447.46197509765625,1142.341064453125,538.2488403320312,0.2494354546070099,tracked,1
2112,1,1088.800537109375,447.2521667480469,1160.18310546875,541.0795288085938,0.23515915870666504,tracked,1
2113,1,1095.441650390625,447.84722900390625,1172.272216796875,544.5719604492188,0.17958295345306396,tracked,1
2117,1,1141.8419189453125,472.4683532714844,1232.3856201171875,568.4960327148438,0.23808495700359344,tracked,1
2119,1,1157.3115234375,489.8790588378906,1254.98388671875,580.5328369140625,0.6169659495353699,tracked,1
2120,1,1161.6595458984375,497.2532653808594,1263.3270263671875,584.9798583984375,0.4101950228214264,tracked,1
2121,1,1168.4888916015625,505.2927551269531,1268.7879638671875,587.7513427734375,0.1692948043346405,tracked,1
2122,1,1171.7581787109375,510.0119323730469,1259.3519287109375,588.2457275390625,0.32421815395355225,tracked,1
2123,1,1177.675048828125,513.2338256835938,1256.679443359375,589.1941528320312,0.5862221717834473,tracked,1
2124,1,1186.6893310546875,514.9869384765625,1257.2850341796875,590.4571533203125,0.4417092502117157,tracked,1
2126,1,1206.1641845703125,515.9212646484375,1267.7442626953125,593.178955078125,0.5334418416023254,tracked,1
2127,1,1215.5909423828125,515.7540283203125,1271.6368408203125,593.9541015625,0.5755161046981812,tracked,1
2128,1,1222.849365234375,514.2579956054688,1278.6640625,594.3536987304688,0.7225680947303772,tracked,1
2129,1,1226.56201171875,512.3052978515625,1279.0,592.5032958984375,0.6881610751152039,tracked,1
2130,1,1233.94091796875,510.76202392578125,1279.0,589.9985961914062,0.7326586842536926,tracked,1
2131,1,1235.837158203125,509.80596923828125,1279.0,587.7223510742188,0.7235060334205627,tracked,1
2132,1,1237.2515869140625,507.6400146484375,1279.0,586.8770751953125,0.7037928700447083,tracked,1
2133,1,1238.0914306640625,506.4495849609375,1279.0,586.8013916015625,0.7489574551582336,tracked,1
2134,1,1237.8770751953125,504.01947021484375,1279.0,584.9058227539062,0.7198758125305176,tracked,1
2135,1,1233.1959228515625,501.5661315917969,1279.0,581.30029296875,0.6792798638343811,tracked,1
2136,1,1227.654541015625,500.3597412109375,1277.071533203125,580.134521484375,0.7127955555915833,tracked,1
2137,1,1216.2398681640625,501.3231201171875,1264.1519775390625,580.155029296875,0.6425313353538513,tracked,1
2138,1,1204.751953125,503.14825439453125,1253.907958984375,581.3811645507812,0.5836356282234192,tracked,1
2139,1,1191.984130859375,503.15008544921875,1239.95703125,581.7788696289062,0.5044833421707153,tracked,1
2140,1,1185.0772705078125,502.60552978515625,1232.0496826171875,580.9537963867188,0.6335936784744263,tracked,1
2141,1,1180.1932373046875,500.9460144042969,1226.2874755859375,578.10107421875,0.6091986298561096,tracked,1
2142,1,1180.1280517578125,500.95574951171875,1227.5216064453125,577.9879760742188,0.7517896294593811,tracked,1
2143,1,1181.332763671875,500.39642333984375,1231.00439453125,578.1483764648438,0.761783242225647,tracked,1
2144,1,1184.096923828125,500.6933288574219,1234.7958984375,579.439453125,0.744584858417511,tracked,1
2145,1,1186.2855224609375,499.10418701171875,1238.2095947265625,579.8961791992188,0.7593360543251038,tracked,1
2146,1,1194.697265625,501.3179931640625,1248.4189453125,582.771240234375,0.5488036274909973,tracked,1
2147,1,1212.870361328125,505.41900634765625,1265.705078125,587.5092163085938,0.6871751546859741,tracked,1
2148,1,1226.89453125,509.55517578125,1278.052001953125,592.4058837890625,0.6894997358322144,tracked,1
2149,1,1238.194580078125,512.5950317382812,1279.0,597.3336791992188,0.605726420879364,tracked,1
2150,1,1245.069580078125,515.550048828125,1279.0,598.6494140625,0.48103100061416626,tracked,1
2151,1,1245.1656494140625,516.8117065429688,1279.0,599.6808471679688,0.7008073925971985,tracked,1
2152,1,1241.0074462890625,518.62451171875,1279.0,601.63134765625,0.35911324620246887,tracked,1
2154,1,1237.8955078125,523.7262573242188,1279.0,605.7316284179688,0.45645779371261597,tracked,1
2155,1,1229.8546142578125,526.2352905273438,1276.0655517578125,608.1702270507812,0.6246406435966492,tracked,1
2156,1,1218.1168212890625,527.4705200195312,1265.3834228515625,609.0293579101562,0.6899596452713013,tracked,1
2160,1,1205.199951171875,536.47216796875,1257.226318359375,620.2239990234375,0.3604763150215149,tracked,1
2162,1,1198.4678955078125,540.46826171875,1252.4420166015625,627.02880859375,0.6209651231765747,tracked,1
2163,1,1194.79150390625,540.1432495117188,1250.827880859375,631.3587036132812,0.6121432781219482,tracked,1
2164,1,1190.39697265625,539.82666015625,1249.725830078125,633.4068603515625,0.7157287001609802,tracked,1
2165,1,1185.9808349609375,539.3021240234375,1249.2095947265625,635.474609375,0.558018147945404,tracked,1
2166,1,1183.622314453125,538.3375854492188,1249.172607421875,636.5643920898438,0.5321594476699829,tracked,1
2167,1,1182.665771484375,536.6985473632812,1249.034423828125,636.6973266601562,0.3298195004463196,tracked,1
2168,1,1183.44580078125,533.9775390625,1250.501953125,635.4996337890625,0.21566838026046753,tracked,1
2171,1,1191.2705078125,529.34423828125,1255.997802734375,630.87158203125,0.186524897813797,tracked,1
2177,1,1206.11474609375,560.6097412109375,1271.962890625,659.914794921875,0.55257648229599,tracked,1
2178,1,1201.5965576171875,564.4159545898438,1271.9600830078125,663.3917846679688,0.7169530391693115,tracked,1
2179,1,1197.19287109375,568.7694091796875,1270.34765625,668.737548828125,0.7435128092765808,tracked,1
2180,1,1191.987060546875,572.8753051757812,1268.32177734375,672.9192504882812,0.738016664981842,tracked,1
2181,1,1188.742919921875,574.4857177734375,1267.618408203125,674.0716552734375,0.698441743850708,tracked,1
2182,1,1185.6787109375,576.4669189453125,1264.81591796875,678.41162109375,0.35899898409843445,tracked,1
2183,1,1187.974853515625,575.7012939453125,1266.55859375,678.5238037109375,0.5720551609992981,tracked,1
2184,1,1192.7806396484375,576.991455078125,1269.4112548828125,679.653564453125,0.4957629144191742,tracked,1
2185,1,1196.9425048828125,578.0350341796875,1271.6778564453125,678.9659423828125,0.7122528553009033,tracked,1
2186,1,1200.575439453125,579.4032592773438,1272.152587890625,678.1171264648438,0.5008976459503174,tracked,1
2199,1,1215.5313720703125,586.6173706054688,1279.0,690.2211303710938,0.1863573044538498,tracked,1
2204,1,1162.480712890625,590.677978515625,1231.745361328125,693.953125,0.15750350058078766,tracked,1
2205,1,1147.2744140625,593.5256958007812,1211.904296875,691.4481811523438,0.5705758929252625,tracked,1
2206,1,1139.4674072265625,600.0677490234375,1198.8333740234375,697.0643310546875,0.22341510653495789,tracked,1
2207,1,1126.7598876953125,605.8345336914062,1187.2369384765625,699.9291381835938,0.6771636605262756,tracked,1
2208,1,1131.960205078125,607.2124633789062,1192.057373046875,702.0299682617188,0.16064681112766266,tracked,1
2209,13,1128.396728515625,23.834932327270508,1179.370849609375,71.14364624023438,0.39489737153053284,tracked,0
2210,1,1133.077880859375,596.0653076171875,1190.163330078125,693.459716796875,0.24534906446933746,tracked,1
2213,1,1122.4638671875,559.3416748046875,1179.434326171875,657.8421630859375,0.2750096321105957,tracked,1
2218,1,1117.118408203125,492.77557373046875,1168.283447265625,590.8523559570312,0.30803146958351135,tracked,1
2219,1,1115.0010986328125,479.0011291503906,1165.3653564453125,569.63037109375,0.6246521472930908,tracked,1
2220,1,1113.17919921875,470.2242126464844,1163.22265625,562.3594360351562,0.6269358992576599,tracked,1
2221,1,1112.6011962890625,462.2800598144531,1163.3885498046875,556.9088134765625,0.3407285213470459,tracked,1
2222,1,1111.9271240234375,452.461669921875,1165.6370849609375,549.6626586914062,0.7670236825942993,tracked,1
2223,1,1121.094970703125,438.3406982421875,1176.0068359375,537.0314331054688,0.6576468348503113,tracked,1
2224,1,1131.8907470703125,426.0387878417969,1186.7969970703125,523.8369750976562,0.28704777359962463,tracked,1
2229,1,1142.388671875,386.1085205078125,1204.02783203125,483.1351318359375,0.36339932680130005,tracked,1
2231,1,1133.098876953125,375.9352111816406,1197.27880859375,477.8086242675781,0.3312830328941345,tracked,1
2232,1,1129.921630859375,368.2851867675781,1197.570068359375,470.6406555175781,0.394621342420578,tracked,1
2233,1,1130.5196533203125,362.7901611328125,1202.6976318359375,462.9105224609375,0.5486642718315125,tracked,1
2234,1,1126.4256591796875,356.91455078125,1201.1197509765625,457.65411376953125,0.7191113829612732,tracked,1
2235,1,1126.5672607421875,351.8543395996094,1201.7745361328125,448.2075500488281,0.7653958201408386,tracked,1
2236,1,1127.083251953125,343.0925598144531,1201.625244140625,434.1441955566406,0.7365890145301819,tracked,1
2237,1,1132.4893798828125,335.23199462890625,1203.0531005859375,420.81768798828125,0.6911453604698181,tracked,1
2238,1,1137.195068359375,330.77569580078125,1202.532470703125,413.236572265625,0.5153736472129822,tracked,1
2239,1,1142.093017578125,329.4158630371094,1203.307861328125,410.3078918457031,0.21377643942832947,tracked,1
2240,1,1147.64794921875,329.6170654296875,1205.48486328125,410.4993896484375,0.4265809655189514,tracked,1
2241,1,1155.2979736328125,330.9139099121094,1207.5618896484375,411.5511779785156,0.4358952045440674,tracked,1
2242,1,1166.2261962890625,329.6621398925781,1211.3841552734375,407.5597839355469,0.17178629338741302,tracked,1
2246,1,1164.6634521484375,338.9595642089844,1209.0523681640625,419.8124084472656,0.20352379977703094,tracked,1
2269,1,1236.30810546875,401.9567565917969,1279.0,472.4762878417969,0.1851106435060501,tracked,1
2275,1,1229.0296630859375,376.4159851074219,1277.7047119140625,469.6242980957031,0.3331722021102905,tracked,1
2285,1,1225.8177490234375,278.1541748046875,1277.8197021484375,369.779296875,0.25408026576042175,tracked,1
2286,1,1223.33349609375,264.2523498535156,1277.899169921875,351.3936462402344,0.38486674427986145,tracked,1
2292,1,1221.635009765625,223.2768096923828,1278.037109375,321.3068542480469,0.5669740438461304,tracked,1
2293,1,1223.95068359375,216.469970703125,1279.0,316.21417236328125,0.6213903427124023,tracked,1
2299,1,1205.410400390625,117.02820587158203,1270.739013671875,210.78887939453125,0.18513841927051544,tracked,1
2300,1,1198.770263671875,106.17462158203125,1269.3525390625,192.52706909179688,0.46938467025756836,tracked,1
2301,1,1195.3089599609375,101.97374725341797,1269.7791748046875,185.83123779296875,0.21348509192466736,tracked,1
2303,1,1190.33056640625,99.19654083251953,1268.206298828125,182.4940185546875,0.19620265066623688,tracked,1
2308,1,1190.93994140625,101.78719329833984,1268.65625,179.87213134765625,0.15914107859134674,tracked,1
2327,1,1225.3907470703125,144.55429077148438,1279.0,224.03598022460938,0.15544545650482178,tracked,1
2328,1,1231.296142578125,132.45138549804688,1279.0,220.24395751953125,0.47819849848747253,tracked,1
2329,1,1226.5113525390625,134.53883361816406,1279.0,218.9360809326172,0.15948665142059326,tracked,1
2330,1,1214.34765625,123.96151733398438,1274.02294921875,212.24032592773438,0.3147299289703369,tracked,1
2331,1,1190.50439453125,86.62950134277344,1253.725341796875,177.89857482910156,0.3211931884288788,tracked,1
2335,1,1171.6025390625,112.2557144165039,1242.063720703125,205.48019409179688,0.30772703886032104,tracked,1
2336,1,1170.51123046875,120.24713134765625,1245.444580078125,214.33279418945312,0.2703392803668976,tracked,1
2338,1,1169.6307373046875,124.66722106933594,1247.4073486328125,219.94859313964844,0.3724225163459778,tracked,1
2339,1,1168.80859375,122.09011840820312,1248.632080078125,218.48016357421875,0.2328350991010666,tracked,1
2343,1,1138.3621826171875,117.31947326660156,1218.7857666015625,214.26393127441406,0.23724684119224548,tracked,1
2344,1,1128.5416259765625,115.17256164550781,1209.6246337890625,212.28489685058594,0.17108404636383057,tracked,1
2345,1,1120.6688232421875,113.87954711914062,1202.1148681640625,210.91583251953125,0.162105992436409,tracked,1
2376,1,1119.2513427734375,20.428997039794922,1195.9134521484375,110.01118469238281,0.18134433031082153,tracked,1
2377,1,1115.8035888671875,9.536018371582031,1192.7618408203125,90.08710479736328,0.1584618091583252,tracked,1
2378,14,1.2787322998046875,424.0638732910156,103.22795104980469,496.8115539550781,0.22238300740718842,tracked,0
2380,1,1135.144775390625,67.57015991210938,1212.944580078125,157.31903076171875,0.26522722840309143,tracked,1
2381,1,1138.2642822265625,77.15950012207031,1216.7818603515625,170.81680297851562,0.16246852278709412,tracked,1
2386,1,1112.3271484375,36.67364501953125,1189.932861328125,136.1703643798828,0.3738657832145691,tracked,1
2392,1,1102.251708984375,20.365379333496094,1178.68896484375,112.46686553955078,0.2816829979419708,tracked,1
2394,14,1.0636749267578125,484.3928527832031,108.3460693359375,561.2023315429688,0.15092548727989197,tracked,0
2395,1,1012.7604370117188,26.401905059814453,1090.8465576171875,115.89512634277344,0.3727504312992096,tracked,1
2396,1,967.6314697265625,27.480419158935547,1046.885986328125,114.02436828613281,0.18657062947750092,tracked,1
2416,15,1019.08984375,14.959217071533203,1107.653076171875,103.52049255371094,0.22544726729393005,tracked,0
2418,15,1065.274658203125,21.77545166015625,1148.2607421875,114.65208435058594,0.2827928960323334,tracked,0
2421,15,1086.3443603515625,20.979007720947266,1168.5968017578125,120.17459106445312,0.2451346069574356,tracked,0
2422,15,1089.659423828125,19.173377990722656,1172.61669921875,119.98896026611328,0.25236406922340393,tracked,0
2423,15,1091.4989013671875,19.343250274658203,1172.9700927734375,122.06629943847656,0.38701704144477844,tracked,0
2428,15,1119.4622802734375,16.904987335205078,1202.2362060546875,119.80258178710938,0.5368275046348572,tracked,1
2429,15,1123.0751953125,18.782970428466797,1204.72705078125,122.56361389160156,0.4180183410644531,tracked,1
2430,15,1124.282958984375,19.824588775634766,1205.64599609375,124.16575622558594,0.44870230555534363,tracked,1
2431,15,1125.421630859375,20.321678161621094,1206.853759765625,124.72925567626953,0.2720736563205719,tracked,1
2432,15,1125.08935546875,20.225910186767578,1205.709228515625,124.52896118164062,0.40237870812416077,tracked,1
2433,15,1123.6912841796875,19.67498779296875,1204.0294189453125,124.30250549316406,0.47097185254096985,tracked,1
2434,15,1121.3525390625,18.519210815429688,1202.504150390625,120.30984497070312,0.38896825909614563,tracked,1
2435,15,1120.432373046875,19.69208526611328,1202.82958984375,122.39928436279297,0.45253828167915344,tracked,1
2436,15,1119.21826171875,20.507457733154297,1201.91748046875,123.67361450195312,0.2876558303833008,tracked,1
2437,15,1118.60400390625,21.589580535888672,1201.798095703125,124.83412170410156,0.33002105355262756,tracked,1
2438,15,1118.287353515625,22.02246856689453,1201.93408203125,125.48041534423828,0.28344056010246277,tracked,1
2439,15,1118.321533203125,21.912921905517578,1202.70654296875,125.8621826171875,0.2477658987045288,tracked,1
2440,15,1118.34375,21.54913330078125,1203.156005859375,125.7813720703125,0.1832880675792694,tracked,1
2441,15,1117.396484375,21.704574584960938,1201.415771484375,125.64219665527344,0.24337619543075562,tracked,1
2442,15,1116.3310546875,22.514698028564453,1198.564208984375,126.77371215820312,0.23611752688884735,tracked,1
2443,15,1116.6396484375,26.383960723876953,1198.0947265625,130.72689819335938,0.18847797811031342,tracked,1
2444,15,1117.031005859375,28.68899917602539,1197.81005859375,132.9365234375,0.34443050622940063,tracked,1
2445,15,1117.5623779296875,29.96277618408203,1197.9798583984375,134.31158447265625,0.15766605734825134,tracked,1
2446,15,1117.7266845703125,26.782470703125,1198.9512939453125,131.85791015625,0.23476263880729675,tracked,1
2447,15,1117.5855712890625,28.247333526611328,1198.0201416015625,133.18894958496094,0.23051676154136658,tracked,1
2448,15,1117.9443359375,29.032485961914062,1198.731201171875,134.2206268310547,0.3000684380531311,tracked,1
2449,15,1117.1722412109375,30.196090698242188,1198.0858154296875,135.8485870361328,0.2293984591960907,tracked,1
2450,15,1116.5673828125,31.00164031982422,1197.619873046875,136.88803100585938,0.23960605263710022,tracked,1
2453,15,1118.0458984375,30.362770080566406,1200.36083984375,135.69183349609375,0.35319721698760986,tracked,1
2460,15,1117.1915283203125,29.23534393310547,1199.8035888671875,135.083251953125,0.19506345689296722,tracked,1
2461,15,1128.3369140625,65.33375549316406,1198.38623046875,162.82565307617188,0.20046105980873108,tracked,1
2462,15,1133.5311279296875,82.16997528076172,1196.8861083984375,174.89981079101562,0.17287926375865936,tracked,1
2463,15,1136.6961669921875,90.77006530761719,1196.0321044921875,180.45506286621094,0.2268584817647934,tracked,1
2464,15,1139.3028564453125,94.09921264648438,1195.4478759765625,181.87017822265625,0.2637004852294922,tracked,1
2465,15,1139.787841796875,94.7440185546875,1194.3330078125,181.59451293945312,0.276964396238327,tracked,1
2466,15,1140.666259765625,94.44931030273438,1193.642333984375,180.11578369140625,0.31247058510780334,tracked,1
2467,15,1141.303955078125,93.55903625488281,1192.997802734375,178.05274963378906,0.2863932251930237,tracked,1
