datetime,date,frame_id,track_id,event_id,body_length_px,body_length_cm,body_height_px,pose_conf,bbox_x1,bbox_y1,bbox_x2,bbox_y2,bbox_w,bbox_h,bbox_area,center_x,center_y,frame_w,frame_h,head_x,head_y,tail_x,tail_y,head_tail_dx,head_tail_dy,side_tilt_deg,facing,flipped,growth_roi,save_reason
2026-09-28 07:23:04,2026-09-28,9646479,10497,1,108.65248107910156,,31.463699340820312,0.7825396060943604,797.0549926757812,186.37979125976562,985.4950561523438,297.99176025390625,188.4400634765625,111.61196899414062,21032.166521999985,891.2750244140625,242.18577575683594,1920,1080,802.580078125,259.084228515625,908.673583984375,235.64219665527344,106.093505859375,23.442031860351562,12.459672204434302,left,False,"{'safe_roi': (450, 80, 1500, 420), 'cylinder_roi': (800, 190, 1000, 300)}",ok_cylinder_inside_confirmed
2026-09-28 07:23:09,2026-09-28,9646575,10497,1,102.27754211425781,,37.967498779296875,0.7690671682357788,800.3855590820312,184.3790283203125,988.6989135742188,296.71807861328125,188.3133544921875,112.33905029296875,21154.943401135504,894.542236328125,240.54855346679688,1920,1080,811.4512939453125,249.89385986328125,912.77734375,235.97525024414062,101.3260498046875,13.918609619140625,7.8214609842998915,left,False,"{'safe_roi': (450, 80, 1500, 420), 'cylinder_roi': (800, 190, 1000, 300)}",ok_cylinder_inside_confirmed
2026-09-28 07:23:15,2026-09-28,9646679,10497,1,103.50521087646484,,28.000762939453125,0.7536513805389404,799.0824584960938,187.12570190429688,980.4736938476562,296.63092041015625,181.3912353515625,109.50521850585938,19863.286862220615,889.778076171875,241.87831115722656,1920,1080,808.0067138671875,246.11874389648438,911.2269287109375,238.44302368164062,103.22021484375,7.67572021484375,4.252833714963265,left,False,"{'safe_roi': (450, 80, 1500, 420), 'cylinder_roi': (800, 190, 1000, 300)}",ok_cylinder_inside_confirmed
2026-09-28 08:02:16,2026-09-28,9692933,10497,2,100.2233657836914,,29.302047729492188,0.7741124629974365,801.9970092773438,190.8551788330078,982.5855102539062,297.33758544921875,180.5885009765625,106.48240661621094,19229.498191198334,892.291259765625,244.09637451171875,1920,1080,806.7476806640625,215.43280029296875,906.546875,224.6438446044922,99.7991943359375,9.211044311523438,5.273219099592032,left,False,"{'safe_roi': (450, 80, 1500, 420), 'cylinder_roi': (800, 190, 1000, 300)}",ok_cylinder_inside_confirmed
2026-09-28 08:02:21,2026-09-28,9693029,10497,2,99.50203704833984,,27.6575927734375,0.7773167490959167,800.7324829101562,190.2415008544922,983.9746704101562,296.9229736328125,183.2421875,106.68147277832031,19548.546437621117,892.3535766601562,243.58224487304688,1920,1080,805.91650390625,215.97535705566406,904.9071044921875,226.0509033203125,98.9906005859375,10.075546264648438,5.811714045467479,left,False,"{'safe_roi': (450, 80, 1500, 420), 'cylinder_roi': (800, 190, 1000, 300)}",ok_cylinder_inside_confirmed
2026-09-28 08:02:26,2026-09-28,9693129,10497,2,100.48389434814453,,26.985397338867188,0.7771174311637878,797.5396118164062,188.09400939941406,986.3958129882812,295.74615478515625,188.856201171875,107.65214538574219,20330.77522555366,891.9677124023438,241.92007446289062,1920,1080,804.1817626953125,215.61376953125,904.4002075195312,222.91281127929688,100.21844482421875,7.299041748046875,4.16557242284894,left,False,"{'safe_roi': (450, 80, 1500, 420), 'cylinder_roi': (800, 190, 1000, 300)}",ok_cylinder_inside_confirmed
2026-09-28 08:02:31,2026-09-28,9693229,10497,2,100.6120834350586,,26.874786376953125,0.7818279266357422,799.8677978515625,188.82237243652344,984.5374755859375,295.5333557128906,184.669677734375,106.71098327636719,19706.28289236501,892.20263671875,242.1778564453125,1920,1080,806.0790405273438,216.83184814453125,906.1456298828125,227.29458618164062,100.06658935546875,10.462738037109375,5.969029399819365,left,False,"{'safe_roi': (450, 80, 1500, 420), 'cylinder_roi': (800, 190, 1000, 300)}",ok_cylinder_inside_confirmed
2026-09-28 08:02:36,2026-09-28,9693330,10497,2,98.07703399658203,,26.151077270507812,0.7763317823410034,801.9295654296875,189.4506072998047,983.9383544921875,295.5332946777344,182.0087890625,106.08268737792969,19307.981470152736,892.9339599609375,242.491943359375,1920,1080,807.3611450195312,216.51458740234375,904.9779052734375,226.00523376464844,97.61676025390625,9.490646362304688,5.553045461141049,left,False,"{'safe_roi': (450, 80, 1500, 420), 'cylinder_roi': (800, 190, 1000, 300)}",ok_cylinder_inside_confirmed
2026-09-28 08:02:41,2026-09-28,9693429,10497,2,98.30271911621094,,25.688369750976562,0.7736243009567261,802.113037109375,189.06405639648438,983.66015625,295.3491516113281,181.547119140625,106.28509521484375,19295.75284384191,892.8865966796875,242.20660400390625,1920,1080,806.33984375,217.603515625,904.288818359375,225.93551635742188,97.948974609375,8.332000732421875,4.8621436884352125,left,False,"{'safe_roi': (450, 80, 1500, 420), 'cylinder_roi': (800, 190, 1000, 300)}",ok_cylinder_inside_confirmed
2026-09-28 08:02:46,2026-09-28,9693528,10497,2,95.60559844970703,,25.093475341796875,0.7710898518562317,802.737548828125,190.4084930419922,980.58544921875,295.6618957519531,177.847900390625,105.25340270996094,18719.096680935472,891.6614990234375,243.03518676757812,1920,1080,809.1021118164062,216.3388214111328,904.1998291015625,226.1802978515625,95.09771728515625,9.841476440429688,5.908395340310923,left,False,"{'safe_roi': (450, 80, 1500, 420), 'cylinder_roi': (800, 190, 1000, 300)}",ok_cylinder_inside_confirmed
2026-09-28 08:02:51,2026-09-28,9693625,10497,2,94.74803161621094,,25.647705078125,0.7641716003417969,804.9146118164062,188.21839904785156,979.7868041992188,294.6488342285156,174.8721923828125,106.43043518066406,18611.72353629954,892.3507080078125,241.43362426757812,1920,1080,809.6181030273438,222.22047424316406,904.1107177734375,229.1728515625,94.49261474609375,6.9523773193359375,4.208005130877598,left,False,"{'safe_roi': (450, 80, 1500, 420), 'cylinder_roi': (800, 190, 1000, 300)}",ok_cylinder_inside_confirmed
2026-09-28 08:02:56,2026-09-28,9693727,10497,2,92.734619140625,,26.825286865234375,0.7647083401679993,806.3466796875,189.12948608398438,976.8172607421875,293.9081115722656,170.4705810546875,104.77862548828125,17861.673169098794,891.5819702148438,241.518798828125,1920,1080,811.0750732421875,223.44085693359375,903.6605224609375,228.6986541748047,92.58544921875,5.2577972412109375,3.2502556446297888,left,False,"{'safe_roi': (450, 80, 1500, 420), 'cylinder_roi': (800, 190, 1000, 300)}",ok_cylinder_inside_confirmed
2026-09-28 08:03:01,2026-09-28,9693825,10497,2,94.01112365722656,,25.084442138671875,0.7601768970489502,807.9554443359375,188.10153198242188,976.5540771484375,292.5007629394531,168.5986328125,104.39923095703125,17601.567606031895,892.2547607421875,240.3011474609375,1920,1080,812.6527099609375,222.40333557128906,906.3596801757812,229.95945739746094,93.70697021484375,7.556121826171875,4.610107502087029,left,False,"{'safe_roi': (450, 80, 1500, 420), 'cylinder_roi': (800, 190, 1000, 300)}",ok_cylinder_inside_confirmed
2026-09-28 08:03:06,2026-09-28,9693925,10497,2,90.98590850830078,,21.921279907226562,0.7438475489616394,809.2901000976562,190.41424560546875,973.1561889648438,294.332275390625,163.8660888671875,103.91802978515625,17028.64110367745,891.22314453125,242.37326049804688,1920,1080,811.7157592773438,223.3765869140625,902.2907104492188,232.01449584960938,90.574951171875,8.637908935546875,5.447681071187103,left,False,"{'safe_roi': (450, 80, 1500, 420), 'cylinder_roi': (800, 190, 1000, 300)}",ok_cylinder_inside_confirmed
2026-09-28 08:03:11,2026-09-28,9694024,10497,2,91.9983139038086,,21.935867309570312,0.7582876682281494,796.1197509765625,188.05459594726562,973.822265625,292.3624572753906,177.7025146484375,104.307861328125,18535.76925560832,884.9710083007812,240.20852661132812,1920,1080,807.433349609375,221.26840209960938,898.6775512695312,233.02362060546875,91.24420166015625,11.755218505859375,7.341121151751435,left,False,"{'safe_roi': (450, 80, 1500, 420), 'cylinder_roi': (800, 190, 1000, 300)}",ok_cylinder_inside_confirmed
2026-09-28 08:03:16,2026-09-28,9694126,10497,2,93.36638641357422,,22.1737060546875,0.7584289312362671,794.1898193359375,189.700927734375,973.8541259765625,292.4740905761719,179.664306640625,102.77316284179688,18464.66904323548,884.02197265625,241.08750915527344,1920,1080,807.446533203125,222.13674926757812,900.1343383789062,233.37295532226562,92.68780517578125,11.2362060546875,6.912031624916966,left,False,"{'safe_roi': (450, 80, 1500, 420), 'cylinder_roi': (800, 190, 1000, 300)}",ok_cylinder_inside_confirmed
2026-09-28 08:03:21,2026-09-28,9694230,10497,2,92.4508285522461,,26.78009033203125,0.7608874440193176,801.82568359375,188.73170471191406,976.101806640625,292.4698181152344,174.276123046875,103.73811340332031,18079.076216127723,888.9637451171875,240.60076904296875,1920,1080,809.598876953125,221.67572021484375,901.43603515625,232.31019592285156,91.837158203125,10.634475708007812,6.605266126925586,left,False,"{'safe_roi': (450, 80, 1500, 420), 'cylinder_roi': (800, 190, 1000, 300)}",ok_cylinder_inside_confirmed
2026-09-28 08:03:26,2026-09-28,9694329,10497,2,95.48681640625,,28.868255615234375,0.7716068625450134,803.3078002929688,188.74343872070312,975.7885131835938,292.4201965332031,172.480712890625,103.6767578125,17882.241097688675,889.5481567382812,240.58181762695312,1920,1080,808.8703002929688,223.0562286376953,903.8359985351562,233.01858520507812,94.9656982421875,9.962356567382812,5.988697213437834,left,False,"{'safe_roi': (450, 80, 1500, 420), 'cylinder_roi': (800, 190, 1000, 300)}",ok_cylinder_inside_confirmed
2026-09-28 08:03:31,2026-09-28,9694432,10497,2,94.32928466796875,,27.22613525390625,0.7563531994819641,801.6533203125,189.11439514160156,975.0267333984375,291.7550048828125,173.3734130859375,102.64060974121094,17795.152832055464,888.3400268554688,240.4346923828125,1920,1080,812.108642578125,223.01947021484375,905.8509521484375,233.5262908935547,93.7423095703125,10.506820678710938,6.395132386552159,left,False,"{'safe_roi': (450, 80, 1500, 420), 'cylinder_roi': (800, 190, 1000, 300)}",ok_cylinder_inside_confirmed
2026-09-28 08:03:36,2026-09-28,9694531,10497,2,91.49504089355469,,25.84832763671875,0.7343844771385193,801.6482543945312,188.35842895507812,973.8904418945312,292.5226745605469,172.2421875,104.16424560546875,17941.4775223732,887.7693481445312,240.4405517578125,1920,1080,811.8280029296875,224.35403442382812,902.904052734375,233.10020446777344,91.0760498046875,8.746170043945312,5.485379003705851,left,False,"{'safe_roi': (450, 80, 1500, 420), 'cylinder_roi': (800, 190, 1000, 300)}",ok_cylinder_inside_confirmed
2026-09-28 08:03:41,2026-09-28,9694630,10497,2,92.95929718017578,,27.912979125976562,0.743668258190155,802.3760986328125,187.61888122558594,976.822021484375,292.66180419921875,174.4459228515625,105.04292297363281,18324.30963716097,889.5990600585938,240.14035034179688,1920,1080,812.1497802734375,223.9295196533203,904.5113525390625,234.4542694091797,92.361572265625,10.524749755859375,6.500905014131183,left,False,"{'safe_roi': (450, 80, 1500, 420), 'cylinder_roi': (800, 190, 1000, 300)}",ok_cylinder_inside_confirmed
2026-09-28 08:03:47,2026-09-28,9694731,10497,2,92.41462707519531,,28.509994506835938,0.7490890622138977,803.2169799804688,188.76226806640625,975.1463012695312,292.2032775878906,171.9293212890625,103.44100952148438,17784.54256048426,889.181640625,240.48277282714844,1920,1080,814.314697265625,223.01461791992188,906.3211669921875,231.6906280517578,92.0064697265625,8.676010131835938,5.386938141128545,left,False,"{'safe_roi': (450, 80, 1500, 420), 'cylinder_roi': (800, 190, 1000, 300)}",ok_cylinder_inside_confirmed
2026-09-28 08:03:53,2026-09-28,9694850,10497,2,87.58446502685547,,30.023651123046875,0.7458925247192383,804.4808959960938,187.57546997070312,973.4060668945312,291.06024169921875,168.9251708984375,103.48477172851562,17481.182749625295,888.9434814453125,239.31785583496094,1920,1080,816.35546875,222.75030517578125,903.7195434570312,228.95968627929688,87.36407470703125,6.209381103515625,4.065447575996494,left,False,"{'safe_roi': (450, 80, 1500, 420), 'cylinder_roi': (800, 190, 1000, 300)}",ok_cylinder_inside_confirmed
2026-09-28 08:03:58,2026-09-28,9694948,10497,2,90.62431335449219,,25.908584594726562,0.7501292824745178,802.3028564453125,190.37521362304688,974.651123046875,293.92523193359375,172.3482666015625,103.55001831054688,17846.66616238281,888.4769897460938,242.1502227783203,1920,1080,812.9239501953125,221.9178924560547,903.0526123046875,231.3831329345703,90.128662109375,9.465240478515625,5.99518133582904,left,False,"{'safe_roi': (450, 80, 1500, 420), 'cylinder_roi': (800, 190, 1000, 300)}",ok_cylinder_inside_confirmed
2026-09-28 10:33:35,2026-09-28,9869316,10500,3,92.52273559570312,,37.76812744140625,0.77685546875,848.8377685546875,188.6535186767578,1031.59228515625,300.9226989746094,182.7545166015625,112.26918029785156,20517.699774587527,940.2150268554688,244.78811645507812,1920,1080,863.379638671875,218.43116760253906,955.76123046875,223.5397491455078,92.381591796875,5.10858154296875,3.1651582149727764,left,False,"{'safe_roi': (450, 80, 1500, 420), 'cylinder_roi': (800, 190, 1000, 300)}",ok_cylinder_inside_confirmed
2026-09-28 10:33:40,2026-09-28,9869418,10500,3,96.47030639648438,,33.05418395996094,0.7891272306442261,854.0382080078125,188.82388305664062,1024.3798828125,303.0888366699219,170.3416748046875,114.26495361328125,19464.083569966257,939.2090454101562,245.95635986328125,1920,1080,861.1299438476562,214.85256958007812,956.9445190429688,226.08140563964844,95.8145751953125,11.228836059570312,6.684197704923121,left,False,"{'safe_roi': (450, 80, 1500, 420), 'cylinder_roi': (800, 190, 1000, 300)}",ok_cylinder_inside_confirmed
2026-09-28 10:33:47,2026-09-28,9869561,10500,3,114.19270324707031,,38.23240661621094,0.7843422889709473,854.3662109375,188.50521850585938,1039.9814453125,300.7108154296875,185.615234375,112.20559692382812,20827.068171203136,947.173828125,244.60801696777344,1920,1080,849.7633666992188,218.7283935546875,963.7615356445312,225.39105224609375,113.9981689453125,6.66265869140625,3.344864719355491,left,False,"{'safe_roi': (450, 80, 1500, 420), 'cylinder_roi': (800, 190, 1000, 300)}",ok_cylinder_inside_confirmed
2026-09-28 10:33:52,2026-09-28,9869661,10500,3,95.6300277709961,,39.07142639160156,0.7834639549255371,853.8784790039062,188.47804260253906,1040.6927490234375,301.1712646484375,186.81427001953125,112.69322204589844,21052.702012653463,947.28564453125,244.82464599609375,1920,1080,864.314697265625,217.98159790039062,959.7459716796875,224.14395141601562,95.4312744140625,6.162353515625,3.6946726871433233,left,False,"{'safe_roi': (450, 80, 1500, 420), 'cylinder_roi': (800, 190, 1000, 300)}",ok_cylinder_inside_confirmed
2026-09-28 10:33:57,2026-09-28,9869757,10500,3,113.9718246459961,,37.69071960449219,0.7795887589454651,854.43310546875,187.76953125,1041.54248046875,299.93310546875,187.109375,112.16357421875,20986.856269836426,947.98779296875,243.851318359375,1920,1080,850.5465698242188,216.66738891601562,964.2767333984375,224.08541870117188,113.73016357421875,7.41802978515625,3.7318209984699777,left,False,"{'safe_roi': (450, 80, 1500, 420), 'cylinder_roi': (800, 190, 1000, 300)}",ok_cylinder_inside_confirmed
2026-09-28 10:34:02,2026-09-28,9869857,10500,3,114.20162963867188,,35.19279479980469,0.7892181873321533,855.3174438476562,188.21267700195312,1040.85986328125,299.9474792480469,185.54241943359375,111.73480224609375,20731.54554367438,948.088623046875,244.080078125,1920,1080,850.794189453125,216.74212646484375,964.74560546875,224.29766845703125,113.951416015625,7.5555419921875,3.7934407291046357,left,False,"{'safe_roi': (450, 80, 1500, 420), 'cylinder_roi': (800, 190, 1000, 300)}",ok_cylinder_inside_confirmed
2026-09-28 10:34:09,2026-09-28,9869991,10500,3,101.9577407836914,,36.6866455078125,0.7841489911079407,858.0877075195312,188.3946990966797,1039.103271484375,301.7121276855469,181.01556396484375,113.31742858886719,20512.218243059702,948.595458984375,245.05340576171875,1920,1080,860.6453857421875,215.69732666015625,962.0965576171875,225.84823608398438,101.451171875,10.150909423828125,5.713831966418209,left,False,"{'safe_roi': (450, 80, 1500, 420), 'cylinder_roi': (800, 190, 1000, 300)}",ok_cylinder_inside_confirmed
2026-09-28 10:34:14,2026-09-28,9870089,10500,3,114.138916015625,,37.99174499511719,0.794304609298706,859.1893920898438,187.15252685546875,1040.6767578125,303.56280517578125,181.48736572265625,116.4102783203125,21126.994755394757,949.93310546875,245.357666015625,1920,1080,851.0330810546875,216.58665466308594,964.8653564453125,224.94757080078125,113.832275390625,8.360916137695312,4.200799198105157,left,False,"{'safe_roi': (450, 80, 1500, 420), 'cylinder_roi': (800, 190, 1000, 300)}",ok_cylinder_inside_confirmed
2026-09-28 10:34:19,2026-09-28,9870185,10500,3,114.01152038574219,,37.869964599609375,0.7823039293289185,860.248779296875,188.36605834960938,1041.7503662109375,303.5243835449219,181.5015869140625,115.1583251953125,20901.418769314885,950.9995727539062,245.94522094726562,1920,1080,851.6396484375,215.95840454101562,965.4378662109375,222.92916870117188,113.7982177734375,6.97076416015625,3.5053004716198335,left,False,"{'safe_roi': (450, 80, 1500, 420), 'cylinder_roi': (800, 190, 1000, 300)}",ok_cylinder_inside_confirmed
2026-09-28 10:34:24,2026-09-28,9870285,10500,3,93.51824188232422,,37.84040832519531,0.7835744023323059,860.08203125,189.19276428222656,1039.1170654296875,302.34552001953125,179.0350341796875,113.15275573730469,20258.307490954176,949.5995483398438,245.76913452148438,1920,1080,870.1524658203125,215.8743133544922,963.1958618164062,225.28643798828125,93.04339599609375,9.412124633789062,5.776302033317055,left,False,"{'safe_roi': (450, 80, 1500, 420), 'cylinder_roi': (800, 190, 1000, 300)}",ok_cylinder_inside_confirmed
2026-09-28 10:34:29,2026-09-28,9870384,10500,3,94.2335433959961,,38.0289306640625,0.7948158979415894,862.6121215820312,190.9982452392578,1035.803466796875,302.64642333984375,173.19134521484375,111.64817810058594,19336.498156026937,949.207763671875,246.82232666015625,1920,1080,871.5191650390625,214.82730102539062,964.8076171875,228.13992309570312,93.2884521484375,13.3126220703125,8.121495270852908,left,False,"{'safe_roi': (450, 80, 1500, 420), 'cylinder_roi': (800, 190, 1000, 300)}",ok_cylinder_inside_confirmed
2026-09-28 10:34:34,2026-09-28,9870483,10500,3,91.09163665771484,,38.86016845703125,0.7994551658630371,864.5302734375,189.62710571289062,1045.1158447265625,303.4513854980469,180.5855712890625,113.82427978515625,20555.02259156853,954.8230590820312,246.53924560546875,1920,1080,878.17431640625,215.97015380859375,968.7947998046875,225.22296142578125,90.6204833984375,9.2528076171875,5.8299835404961025,left,False,"{'safe_roi': (450, 80, 1500, 420), 'cylinder_roi': (800, 190, 1000, 300)}",ok_cylinder_inside_confirmed
2026-09-28 10:34:39,2026-09-28,9870582,10500,3,107.09591674804688,,38.491668701171875,0.7915264964103699,866.5940551757812,188.68936157226562,1044.967041015625,307.1549377441406,178.37298583984375,118.465576171875,21131.05854101479,955.780517578125,247.92214965820312,1920,1080,862.86376953125,212.85797119140625,969.3601684570312,224.1739959716797,106.49639892578125,11.316024780273438,6.065338679687599,left,False,"{'safe_roi': (450, 80, 1500, 420), 'cylinder_roi': (800, 190, 1000, 300)}",ok_cylinder_inside_confirmed
2026-09-28 10:34:44,2026-09-28,9870682,10500,3,103.9410171508789,,34.76495361328125,0.8005481362342834,869.0403442382812,191.53530883789062,1050.0184326171875,306.4239196777344,180.97808837890625,114.88861083984375,20792.32116630301,959.5294189453125,248.9796142578125,1920,1080,868.5021362304688,211.99462890625,971.86083984375,222.9815673828125,103.35870361328125,10.9869384765625,6.067704965241319,left,False,"{'safe_roi': (450, 80, 1500, 420), 'cylinder_roi': (800, 190, 1000, 300)}",ok_cylinder_inside_confirmed
2026-09-28 10:34:49,2026-09-28,9870780,10500,3,105.9932861328125,,36.79673767089844,0.7999592423439026,871.8291625976562,191.17608642578125,1053.60546875,310.2361145019531,181.77630615234375,119.06002807617188,21642.29211408086,962.71728515625,250.7061004638672,1920,1080,869.0121459960938,211.49838256835938,974.3411865234375,223.34616088867188,105.32904052734375,11.8477783203125,6.4178527285700575,left,False,"{'safe_roi': (450, 80, 1500, 420), 'cylinder_roi': (800, 190, 1000, 300)}",ok_cylinder_inside_confirmed
2026-09-28 10:35:25,2026-09-28,9871477,10500,4,89.43152618408203,,38.43035888671875,0.8123515248298645,841.6417236328125,189.86602783203125,1017.665771484375,296.7208557128906,176.0240478515625,106.85482788085938,18809.019336070865,929.6537475585938,243.29344177246094,1920,1080,857.164794921875,214.8691864013672,945.8134765625,226.6763458251953,88.648681640625,11.807159423828125,7.586600635170408,left,False,"{'safe_roi': (450, 80, 1500, 420), 'cylinder_roi': (800, 190, 1000, 300)}",ok_cylinder_inside_confirmed
2026-09-28 10:35:34,2026-09-28,9871663,10500,4,110.4879379272461,,30.5386962890625,0.793747067451477,841.0525512695312,188.82827758789062,1017.9691772460938,298.6286315917969,176.9166259765625,109.80035400390625,19425.50816140324,929.5108642578125,243.72845458984375,1920,1080,841.908935546875,211.6802520751953,951.6392822265625,224.59674072265625,109.7303466796875,12.916488647460938,6.713460528182189,left,False,"{'safe_roi': (450, 80, 1500, 420), 'cylinder_roi': (800, 190, 1000, 300)}",ok_cylinder_inside_confirmed
2026-09-28 10:35:41,2026-09-28,9871800,10500,4,91.58599853515625,,36.17826843261719,0.7906249165534973,841.59033203125,188.08795166015625,1015.928955078125,296.3822937011719,174.338623046875,108.29434204101562,18879.88647519797,928.7596435546875,242.23512268066406,1920,1080,859.81005859375,215.76942443847656,950.678955078125,227.2079315185547,90.868896484375,11.438507080078125,7.174612343108117,left,False,"{'safe_roi': (450, 80, 1500, 420), 'cylinder_roi': (800, 190, 1000, 300)}",ok_cylinder_inside_confirmed
2026-09-28 10:35:46,2026-09-28,9871899,10500,4,97.91735076904297,,34.01179504394531,0.799180805683136,842.8423461914062,187.59243774414062,1021.0060424804688,297.13446044921875,178.1636962890625,109.54202270507812,19516.411664117128,931.9241943359375,242.3634490966797,1920,1080,854.362060546875,213.07687377929688,951.048583984375,228.55345153808594,96.6865234375,15.476577758789062,9.094167799015318,left,False,"{'safe_roi': (450, 80, 1500, 420), 'cylinder_roi': (800, 190, 1000, 300)}",ok_cylinder_inside_confirmed
2026-09-28 10:35:51,2026-09-28,9871992,10500,4,102.25678253173828,,32.839752197265625,0.7893953323364258,843.1716918945312,187.61244201660156,1026.81787109375,297.97833251953125,183.64617919921875,110.36589050292969,20268.27410478238,934.9947509765625,242.79537963867188,1920,1080,853.3450927734375,214.4361572265625,954.9378662109375,226.0704803466797,101.5927734375,11.634323120117188,6.533006661645677,left,False,"{'safe_roi': (450, 80, 1500, 420), 'cylinder_roi': (800, 190, 1000, 300)}",ok_cylinder_inside_confirmed
2026-09-28 10:35:56,2026-09-28,9872087,10500,4,107.42191314697266,,29.199462890625,0.7889867424964905,846.94970703125,188.00164794921875,1027.702880859375,296.7355041503906,180.753173828125,108.73385620117188,19653.989610932767,937.3262939453125,242.3685760498047,1920,1080,853.0097045898438,213.04689025878906,959.2355346679688,229.03253173828125,106.225830078125,15.985641479492188,8.558071153712515,left,False,"{'safe_roi': (450, 80, 1500, 420), 'cylinder_roi': (800, 190, 1000, 300)}",ok_cylinder_inside_confirmed
2026-09-28 10:36:02,2026-09-28,9872187,10500,4,92.67008209228516,,38.7503662109375,0.7777290940284729,848.0547485351562,187.87864685058594,1030.2008056640625,297.8614196777344,182.14605712890625,109.98277282714844,20032.928422569297,939.1278076171875,242.87002563476562,1920,1080,864.0809936523438,217.20501708984375,956.4142456054688,225.0989990234375,92.333251953125,7.89398193359375,4.886589252272919,left,False,"{'safe_roi': (450, 80, 1500, 420), 'cylinder_roi': (800, 190, 1000, 300)}",ok_cylinder_inside_confirmed
2026-09-28 10:36:10,2026-09-28,9872365,10500,4,87.6606674194336,,36.641082763671875,0.78188556432724,854.765869140625,189.19692993164062,1028.839599609375,300.2725524902344,174.07373046875,111.07562255859375,19335.347982913256,941.802734375,244.7347412109375,1920,1080,870.0784912109375,216.6314239501953,957.2334594726562,226.03378295898438,87.15496826171875,9.402359008789062,6.157308791549561,left,False,"{'safe_roi': (450, 80, 1500, 420), 'cylinder_roi': (800, 190, 1000, 300)}",ok_cylinder_inside_confirmed
2026-09-28 10:36:16,2026-09-28,9872464,10500,4,104.93861389160156,,39.64788818359375,0.7775111198425293,854.0808715820312,190.23001098632812,1035.59423828125,302.5858154296875,181.51336669921875,112.35580444335938,20394.0803327132,944.8375244140625,246.4079132080078,1920,1080,858.2742919921875,216.9027099609375,962.57666015625,228.44082641601562,104.3023681640625,11.538116455078125,6.312497099075441,left,False,"{'safe_roi': (450, 80, 1500, 420), 'cylinder_roi': (800, 190, 1000, 300)}",ok_cylinder_inside_confirmed
2026-09-28 10:36:23,2026-09-28,9872619,10500,4,111.76815795898438,,36.41546630859375,0.7835115194320679,859.9651489257812,190.1682891845703,1041.4134521484375,302.84600830078125,181.44830322265625,112.67771911621094,20445.180944635533,950.6893310546875,246.50714111328125,1920,1080,856.1203002929688,218.24945068359375,967.5245361328125,227.261474609375,111.40423583984375,9.01202392578125,4.624860136687956,left,False,"{'safe_roi': (450, 80, 1500, 420), 'cylinder_roi': (800, 190, 1000, 300)}",ok_cylinder_inside_confirmed
2026-09-28 10:36:32,2026-09-28,9872790,10500,4,89.72064971923828,,36.85150146484375,0.8129876852035522,867.2310791015625,191.43325805664062,1035.5020751953125,304.8146667480469,168.27099609375,113.38140869140625,19078.802579015493,951.3665771484375,248.12396240234375,1920,1080,881.7142333984375,216.362060546875,970.4705810546875,229.48095703125,88.75634765625,13.118896484375,8.407896479780327,left,False,"{'safe_roi': (450, 80, 1500, 420), 'cylinder_roi': (800, 190, 1000, 300)}",ok_cylinder_inside_confirmed
2026-09-28 10:36:37,2026-09-28,9872883,10500,4,87.26969146728516,,35.61186218261719,0.8039053082466125,868.1912231445312,192.27780151367188,1034.9794921875,308.8833923339844,166.78826904296875,116.6055908203125,19448.44465365261,951.5853271484375,250.58059692382812,1920,1080,881.7070922851562,216.4939727783203,968.3328247070312,227.07611083984375,86.625732421875,10.582138061523438,6.964704095323247,left,False,"{'safe_roi': (450, 80, 1500, 420), 'cylinder_roi': (800, 190, 1000, 300)}",ok_cylinder_inside_confirmed
2026-09-28 10:36:53,2026-09-28,9873196,10500,4,91.60392761230469,,30.883636474609375,0.7990607023239136,882.7857666015625,194.92294311523438,1031.2960205078125,314.18597412109375,148.51025390625,119.26303100585938,17711.783016309142,957.0408935546875,254.55445861816406,1920,1080,888.422607421875,208.05728149414062,976.6862182617188,232.56878662109375,88.26361083984375,24.511505126953125,15.520395902972494,left,False,"{'safe_roi': (450, 80, 1500, 420), 'cylinder_roi': (800, 190, 1000, 300)}",ok_cylinder_inside_confirmed
2026-09-28 10:37:47,2026-09-28,9874247,10500,5,102.44452667236328,,38.118927001953125,0.7729098796844482,800.4005126953125,189.4078369140625,988.747802734375,296.62054443359375,188.3472900390625,107.21270751953125,20193.22291905433,894.5741577148438,243.01419067382812,1920,1080,805.8456420898438,221.40431213378906,908.1590576171875,226.58560180664062,102.31341552734375,5.1812896728515625,2.8990591640058625,left,False,"{'safe_roi': (450, 80, 1500, 420), 'cylinder_roi': (800, 190, 1000, 300)}",ok_cylinder_inside_confirmed
2026-09-28 10:47:37,2026-09-28,9885718,10500,6,108.17449188232422,,33.698028564453125,0.772246778011322,798.7479248046875,189.4805908203125,981.373291015625,298.4161376953125,182.6253662109375,108.935546875,19894.394141435623,890.0606079101562,243.9483642578125,1920,1080,806.7118530273438,214.24826049804688,914.6571655273438,221.2860107421875,107.9453125,7.037750244140625,3.730254595853888,left,False,"{'safe_roi': (450, 80, 1500, 420), 'cylinder_roi': (800, 190, 1000, 300)}",ok_cylinder_inside_confirmed
2026-09-28 10:47:42,2026-09-28,9885813,10500,6,106.7325439453125,,35.00035095214844,0.7683250904083252,801.3331298828125,189.54197692871094,986.060302734375,297.61676025390625,184.7271728515625,108.07478332519531,19964.34918020852,893.6967163085938,243.57937622070312,1920,1080,807.2842407226562,215.59803771972656,913.7991333007812,222.41078186035156,106.514892578125,6.812744140625,3.659680736877933,left,False,"{'safe_roi': (450, 80, 1500, 420), 'cylinder_roi': (800, 190, 1000, 300)}",ok_cylinder_inside_confirmed
2026-09-28 10:47:47,2026-09-28,9885912,10500,6,92.48764038085938,,38.18904113769531,0.7711503505706787,802.0030517578125,188.57400512695312,986.1070556640625,297.7145080566406,184.10400390625,109.1405029296875,20093.203577697277,894.0550537109375,243.14425659179688,1920,1080,816.1304931640625,220.69052124023438,908.611328125,221.81216430664062,92.4808349609375,1.12164306640625,0.6948711377047174,left,False,"{'safe_roi': (450, 80, 1500, 420), 'cylinder_roi': (800, 190, 1000, 300)}",ok_cylinder_inside_confirmed
2026-09-28 10:47:52,2026-09-28,9886009,10500,6,91.56111145019531,,38.79026794433594,0.7738274931907654,803.560302734375,188.494140625,984.6497802734375,297.9926452636719,181.0894775390625,109.49850463867188,19829.0269963257,894.1050415039062,243.24339294433594,1920,1080,815.1266479492188,221.0236358642578,906.6783447265625,222.336669921875,91.55169677734375,1.3130340576171875,0.8216794987112506,left,False,"{'safe_roi': (450, 80, 1500, 420), 'cylinder_roi': (800, 190, 1000, 300)}",ok_cylinder_inside_confirmed
2026-09-28 10:48:02,2026-09-28,9886205,10500,6,92.6562271118164,,32.62162780761719,0.7534420490264893,805.2962646484375,190.61715698242188,975.387939453125,295.5399169921875,170.0916748046875,104.92276000976562,17846.487975191325,890.3421020507812,243.0785369873047,1920,1080,813.9065551757812,218.04750061035156,906.1927490234375,226.32003784179688,92.28619384765625,8.272537231445312,5.122304886292072,left,False,"{'safe_roi': (450, 80, 1500, 420), 'cylinder_roi': (800, 190, 1000, 300)}",ok_cylinder_inside_confirmed
2026-09-28 11:25:50,2026-09-28,9930348,10503,7,90.25543212890625,,31.43487548828125,0.8050534725189209,763.575927734375,189.70062255859375,939.053955078125,303.1644592285156,175.47802734375,113.46383666992188,19910.410233691335,851.31494140625,246.4325408935547,1920,1080,927.8877563476562,214.64071655273438,839.1268310546875,230.99742126464844,88.76092529296875,16.356704711914062,10.441226195811781,right,False,"{'safe_roi': (450, 80, 1500, 420), 'cylinder_roi': (800, 190, 1000, 300)}",ok_cylinder_inside_confirmed
2026-09-28 11:25:57,2026-09-28,9930488,10503,7,91.54103088378906,,32.85490417480469,0.7969051599502563,762.3607177734375,191.12643432617188,940.3353271484375,305.0874938964844,177.974609375,113.9610595703125,20282.175060987473,851.3480224609375,248.10696411132812,1920,1080,924.5971069335938,206.281005859375,836.77978515625,232.12435913085938,87.81732177734375,25.843353271484375,16.398384780278924,right,False,"{'safe_roi': (450, 80, 1500, 420), 'cylinder_roi': (800, 190, 1000, 300)}",ok_cylinder_inside_confirmed
2026-09-28 11:26:02,2026-09-28,9930587,10503,7,93.13959503173828,,35.386322021484375,0.7984841465950012,767.6528930664062,190.55001831054688,941.4808959960938,305.1181335449219,173.8280029296875,114.568115234375,19915.146670609713,854.56689453125,247.83407592773438,1920,1080,931.2313232421875,218.11061096191406,838.894775390625,230.3149871826172,92.3365478515625,12.204376220703125,7.5292989133309565,right,False,"{'safe_roi': (450, 80, 1500, 420), 'cylinder_roi': (800, 190, 1000, 300)}",ok_cylinder_inside_confirmed
2026-09-28 11:26:15,2026-09-28,9930823,10503,7,98.37566375732422,,32.20623779296875,0.7729179263114929,767.086181640625,190.35809326171875,941.302490234375,306.55841064453125,174.21630859375,116.2003173828125,20243.990351855755,854.1943359375,248.458251953125,1920,1080,935.6744384765625,211.65753173828125,838.521728515625,227.12112426757812,97.1527099609375,15.463592529296875,9.043784944295911,right,False,"{'safe_roi': (450, 80, 1500, 420), 'cylinder_roi': (800, 190, 1000, 300)}",ok_cylinder_inside_confirmed
2026-09-28 11:26:21,2026-09-28,9930955,10503,7,93.21671295166016,,36.5921630859375,0.8106492161750793,762.5858764648438,190.8180694580078,939.6265258789062,309.83978271484375,177.0406494140625,119.02171325683594,21071.681409364566,851.106201171875,250.32891845703125,1920,1080,931.7787475585938,222.47503662109375,838.98828125,231.3792266845703,92.79046630859375,8.904190063476562,5.481329883489808,right,False,"{'safe_roi': (450, 80, 1500, 420), 'cylinder_roi': (800, 190, 1000, 300)}",ok_cylinder_inside_confirmed
2026-09-28 11:26:26,2026-09-28,9931054,10503,7,94.41472625732422,,38.05329895019531,0.8059183359146118,763.3141479492188,193.10621643066406,939.3334350585938,311.05206298828125,176.019287109375,117.94584655761719,20760.74382858351,851.3237915039062,252.07913208007812,1920,1080,930.6195068359375,222.2356719970703,836.507568359375,229.79104614257812,94.1119384765625,7.5553741455078125,4.589902668878953,right,False,"{'safe_roi': (450, 80, 1500, 420), 'cylinder_roi': (800, 190, 1000, 300)}",ok_cylinder_inside_confirmed
2026-09-28 11:26:31,2026-09-28,9931151,10503,7,90.15725708007812,,36.308929443359375,0.8149215579032898,766.5462036132812,194.2972412109375,937.0123901367188,310.1465759277344,170.4661865234375,115.84933471679688,19748.39430044964,851.779296875,252.22190856933594,1920,1080,922.9638061523438,216.0177459716797,833.9495849609375,230.32855224609375,89.01422119140625,14.310806274414062,9.133281956876653,right,False,"{'safe_roi': (450, 80, 1500, 420), 'cylinder_roi': (800, 190, 1000, 300)}",ok_cylinder_inside_confirmed
2026-09-28 11:28:17,2026-09-28,9933186,10503,8,99.7629165649414,,36.20550537109375,0.762073278427124,798.8550415039062,188.12167358398438,997.1744995117188,296.4491882324219,198.3194580078125,108.3275146484375,21483.453992411494,898.0147705078125,242.28543090820312,1920,1080,985.804931640625,205.84893798828125,887.364990234375,222.04205322265625,98.43994140625,16.193115234375,9.341349655435923,right,False,"{'safe_roi': (450, 80, 1500, 420), 'cylinder_roi': (800, 190, 1000, 300)}",ok_cylinder_inside_confirmed
2026-09-28 11:28:24,2026-09-28,9933328,10503,8,100.44390106201172,,38.649444580078125,0.7630332708358765,800.39794921875,187.47488403320312,995.904296875,298.82366943359375,195.50634765625,111.34878540039062,21769.394349589944,898.151123046875,243.14927673339844,1920,1080,986.7982177734375,209.10943603515625,887.180419921875,221.96524047851562,99.6177978515625,12.855804443359375,7.353451453177259,right,False,"{'safe_roi': (450, 80, 1500, 420), 'cylinder_roi': (800, 190, 1000, 300)}",ok_cylinder_inside_confirmed
2026-09-28 11:28:35,2026-09-28,9933531,10503,8,100.93095397949219,,32.734649658203125,0.7710384130477905,801.52734375,188.69973754882812,994.28125,296.2156677246094,192.75390625,107.51593017578125,20724.115525484085,897.904296875,242.45770263671875,1920,1080,985.48681640625,209.6962890625,885.4498291015625,223.09996032714844,100.0369873046875,13.403671264648438,7.631447055486339,right,False,"{'safe_roi': (450, 80, 1500, 420), 'cylinder_roi': (800, 190, 1000, 300)}",ok_cylinder_inside_confirmed
2026-09-28 11:28:40,2026-09-28,9933627,10503,8,98.20759582519531,,41.021575927734375,0.7886127829551697,803.072265625,188.85752868652344,993.5810546875,298.5565490722656,190.5087890625,109.69902038574219,20898.627535030246,898.32666015625,243.70703125,1920,1080,981.189208984375,213.48126220703125,883.3475341796875,221.95108032226562,97.8416748046875,8.469818115234375,4.947565024278224,right,False,"{'safe_roi': (450, 80, 1500, 420), 'cylinder_roi': (800, 190, 1000, 300)}",ok_cylinder_inside_confirmed
2026-09-28 11:28:46,2026-09-28,9933741,10503,8,98.329345703125,,36.58586120605469,0.7765432000160217,803.0142822265625,188.7252197265625,991.864013671875,298.0116882324219,188.8497314453125,109.28646850585938,20638.720227938145,897.4391479492188,243.3684539794922,1920,1080,980.2671508789062,212.91375732421875,882.357421875,221.98817443847656,97.90972900390625,9.074417114257812,5.295129888914457,right,False,"{'safe_roi': (450, 80, 1500, 420), 'cylinder_roi': (800, 190, 1000, 300)}",ok_cylinder_inside_confirmed
2026-09-28 11:28:51,2026-09-28,9933842,10503,8,98.35448455810547,,33.144439697265625,0.7609632015228271,802.4332885742188,188.941162109375,985.9204711914062,300.8299560546875,183.4871826171875,111.8887939453125,20530.159567460418,894.1768798828125,244.88555908203125,1920,1080,980.2997436523438,213.056884765625,882.43505859375,222.86036682128906,97.86468505859375,9.803482055664062,5.720455085606963,right,False,"{'safe_roi': (450, 80, 1500, 420), 'cylinder_roi': (800, 190, 1000, 300)}",ok_cylinder_inside_confirmed
2026-09-28 11:28:56,2026-09-28,9933942,10503,8,92.98150634765625,,32.24505615234375,0.7765127420425415,805.2551879882812,189.65774536132812,987.7265014648438,298.1801452636719,182.4713134765625,108.52239990234375,19802.224851809442,896.4908447265625,243.9189453125,1920,1080,977.9773559570312,213.26199340820312,885.4952392578125,222.8858184814453,92.48211669921875,9.623825073242188,5.940900400245624,right,False,"{'safe_roi': (450, 80, 1500, 420), 'cylinder_roi': (800, 190, 1000, 300)}",ok_cylinder_inside_confirmed
2026-09-28 11:29:01,2026-09-28,9934042,10503,8,91.69263458251953,,35.74125671386719,0.7636979818344116,810.734130859375,189.25152587890625,993.1590576171875,295.8153076171875,182.4249267578125,106.56378173828125,19439.890078641474,901.9465942382812,242.53341674804688,1920,1080,978.5936279296875,217.38211059570312,886.97265625,221.00650024414062,91.6209716796875,3.6243896484375,2.265354820653274,right,False,"{'safe_roi': (450, 80, 1500, 420), 'cylinder_roi': (800, 190, 1000, 300)}",ok_cylinder_inside_confirmed
2026-09-28 12:14:01,2026-09-28,9986912,10508,9,91.01322174072266,,37.89540100097656,0.7848599553108215,856.903076171875,196.15701293945312,1037.9080810546875,305.96356201171875,181.0050048828125,109.80654907226562,19875.53495099023,947.4055786132812,251.06028747558594,1920,1080,867.9981689453125,224.36837768554688,959.0028686523438,225.614013671875,91.00469970703125,1.245635986328125,0.7841927780686859,left,False,"{'safe_roi': (450, 80, 1500, 420), 'cylinder_roi': (800, 190, 1000, 300)}",ok_cylinder_inside_confirmed
2026-09-28 12:14:07,2026-09-28,9987009,10508,9,111.90348815917969,,36.7584228515625,0.8010505437850952,861.0801391601562,191.36239624023438,1042.6978759765625,307.211181640625,181.61773681640625,115.84878540039062,21040.19421734847,951.8890380859375,249.2867889404297,1920,1080,857.7796020507812,220.70037841796875,969.6077880859375,224.80490112304688,111.82818603515625,4.104522705078125,2.102030945551729,left,False,"{'safe_roi': (450, 80, 1500, 420), 'cylinder_roi': (800, 190, 1000, 300)}",ok_cylinder_inside_confirmed
2026-09-28 12:25:49,2026-09-28,10000650,10513,10,99.2835464477539,,22.27789306640625,0.7343564629554749,822.8999633789062,191.98097229003906,1012.6572875976562,295.59844970703125,189.75732421875,103.61747741699219,19662.175256945193,917.7786254882812,243.78970336914062,1920,1080,834.9794921875,214.14874267578125,933.8883056640625,222.7667236328125,98.9088134765625,8.61798095703125,4.979637776605412,left,False,"{'safe_roi': (450, 80, 1500, 420), 'cylinder_roi': (800, 190, 1000, 300)}",ok_cylinder_inside_confirmed
2026-09-28 12:26:00,2026-09-28,10000854,10513,10,103.06757354736328,,24.6588134765625,0.7777857780456543,818.7249145507812,191.84730529785156,1015.1713256835938,298.5741882324219,196.4464111328125,106.72688293457031,20966.11312388815,916.9481201171875,245.21075439453125,1920,1080,836.3649291992188,212.57717895507812,938.7413940429688,224.4928741455078,102.37646484375,11.915695190429688,6.6388399401405715,left,False,"{'safe_roi': (450, 80, 1500, 420), 'cylinder_roi': (800, 190, 1000, 300)}",ok_cylinder_inside_confirmed
2026-09-28 12:26:05,2026-09-28,10000951,10513,10,107.33182525634766,,25.359100341796875,0.7732922434806824,822.74755859375,192.14654541015625,1011.1927490234375,295.0957946777344,188.4451904296875,102.94924926757812,19400.290882822126,916.9701538085938,243.6211700439453,1920,1080,832.43603515625,213.43368530273438,939.2923583984375,223.52557373046875,106.8563232421875,10.091888427734375,5.3952126683919355,left,False,"{'safe_roi': (450, 80, 1500, 420), 'cylinder_roi': (800, 190, 1000, 300)}",ok_cylinder_inside_confirmed
2026-09-28 12:26:30,2026-09-28,10001438,10513,11,107.27574920654297,,34.75254821777344,0.7894894480705261,839.5633544921875,189.91757202148438,1032.682861328125,294.27337646484375,193.1195068359375,104.35580444335938,20153.141489569098,936.1231079101562,242.09547424316406,1920,1080,848.9021606445312,214.2602081298828,955.693359375,224.44479370117188,106.79119873046875,10.184585571289062,5.447773179667292,left,False,"{'safe_roi': (450, 80, 1500, 420), 'cylinder_roi': (800, 190, 1000, 300)}",ok_cylinder_inside_confirmed
2026-09-28 12:26:41,2026-09-28,10001649,10513,11,107.94686889648438,,32.832275390625,0.7906903624534607,843.1077880859375,190.4754180908203,1036.7789306640625,296.21112060546875,193.671142578125,105.73570251464844,20477.954317312688,939.943359375,243.34326171875,1920,1080,852.2860107421875,211.75930786132812,959.55029296875,223.87957763671875,107.2642822265625,12.120269775390625,6.4467616536682675,left,False,"{'safe_roi': (450, 80, 1500, 420), 'cylinder_roi': (800, 190, 1000, 300)}",ok_cylinder_inside_confirmed
2026-09-28 12:30:44,2026-09-28,10006367,10515,12,99.23210144042969,,35.42137145996094,0.7999202013015747,790.097900390625,189.0541534423828,985.4310302734375,300.2281494140625,195.3331298828125,111.17399597167969,21715.964594727382,887.7644653320312,244.64114379882812,1920,1080,975.2274169921875,207.61264038085938,876.88037109375,220.83642578125,98.3470458984375,13.223785400390625,7.658083470224262,right,False,"{'safe_roi': (450, 80, 1500, 420), 'cylinder_roi': (800, 190, 1000, 300)}",ok_cylinder_inside_confirmed
2026-09-28 12:53:14,2026-09-28,10032507,10515,13,109.5446548461914,,25.5772705078125,0.7707262635231018,831.6602172851562,192.9363250732422,1009.1812133789062,295.07763671875,177.52099609375,102.14131164550781,18132.227385632694,920.4207153320312,244.00698852539062,1920,1080,831.6517944335938,215.11578369140625,941.0208740234375,221.31539916992188,109.36907958984375,6.199615478515625,3.2443545912838583,left,False,"{'safe_roi': (450, 80, 1500, 420), 'cylinder_roi': (800, 190, 1000, 300)}",ok_cylinder_inside_confirmed
2026-09-28 12:53:19,2026-09-28,10032607,10515,13,107.23930358886719,,19.412979125976562,0.7824638485908508,830.1549682617188,190.9525146484375,1011.0702514648438,296.848388671875,180.915283203125,105.8958740234375,19158.182038992643,920.6126098632812,243.90045166015625,1920,1080,835.3753662109375,205.32537841796875,941.6232299804688,219.87391662597656,106.24786376953125,14.548538208007812,7.7970310935102045,left,False,"{'safe_roi': (450, 80, 1500, 420), 'cylinder_roi': (800, 190, 1000, 300)}",ok_cylinder_inside_confirmed
2026-09-28 12:53:24,2026-09-28,10032707,10515,13,107.98079681396484,,25.433731079101562,0.7948316335678101,831.9049682617188,191.88523864746094,1017.2081909179688,298.400390625,185.30322265625,106.51515197753906,19737.60092315823,924.5565795898438,245.142822265625,1920,1080,833.1195678710938,207.07164001464844,939.6900634765625,224.46652221679688,106.57049560546875,17.394882202148438,9.270306821005914,left,False,"{'safe_roi': (450, 80, 1500, 420), 'cylinder_roi': (800, 190, 1000, 300)}",ok_cylinder_inside_confirmed
2026-09-28 12:57:24,2026-09-28,10037355,10515,14,90.60845947265625,,37.75474548339844,0.7818560004234314,876.0587768554688,199.79714965820312,1044.218017578125,318.8685607910156,168.15924072265625,119.0714111328125,20022.95808786899,960.138427734375,259.3328552246094,1920,1080,883.2786254882812,219.6643829345703,973.24267578125,230.45150756835938,89.96405029296875,10.787124633789062,6.837398218699375,left,False,"{'safe_roi': (450, 80, 1500, 420), 'cylinder_roi': (800, 190, 1000, 300)}",ok_cylinder_inside_confirmed
2026-09-28 13:24:44,2026-09-28,10069191,10515,15,107.73118591308594,,37.12117004394531,0.7869786024093628,847.0795288085938,189.37400817871094,1033.2901611328125,299.18585205078125,186.21063232421875,109.81184387207031,20448.1328841066,940.184814453125,244.27993774414062,1920,1080,852.3087158203125,218.66256713867188,959.76708984375,226.32455444335938,107.4583740234375,7.6619873046875,4.078396383534649,left,False,"{'safe_roi': (450, 80, 1500, 420), 'cylinder_roi': (800, 190, 1000, 300)}",ok_cylinder_inside_confirmed
2026-09-28 13:24:49,2026-09-28,10069290,10515,15,104.60248565673828,,38.28480529785156,0.7835387587547302,852.4459228515625,190.306396484375,1034.1944580078125,300.0467529296875,181.74853515625,109.7403564453125,19945.149031460285,943.3201904296875,245.17657470703125,1920,1080,857.5520629882812,216.38861083984375,961.8655395507812,224.15896606445312,104.3134765625,7.770355224609375,4.260119054845135,left,False,"{'safe_roi': (450, 80, 1500, 420), 'cylinder_roi': (800, 190, 1000, 300)}",ok_cylinder_inside_confirmed
2026-09-28 13:24:54,2026-09-28,10069390,10515,15,106.33187103271484,,39.94645690917969,0.7800431847572327,855.694091796875,190.468017578125,1037.2962646484375,303.1152648925781,181.6021728515625,112.64724731445312,20456.984878052026,946.4951782226562,246.79164123535156,1920,1080,856.3800048828125,216.89730834960938,962.465576171875,224.13043212890625,106.0855712890625,7.233123779296875,3.900502691097077,left,False,"{'safe_roi': (450, 80, 1500, 420), 'cylinder_roi': (800, 190, 1000, 300)}",ok_cylinder_inside_confirmed
2026-09-28 13:25:29,2026-09-28,10070082,10515,16,99.12271881103516,,34.350311279296875,0.7645790576934814,802.2637939453125,189.61817932128906,979.7801513671875,297.0826110839844,177.516357421875,107.46443176269531,19076.694478925318,891.02197265625,243.35040283203125,1920,1080,803.8884887695312,220.83514404296875,902.6995849609375,228.68881225585938,98.81109619140625,7.853668212890625,4.544409213191184,left,False,"{'safe_roi': (450, 80, 1500, 420), 'cylinder_roi': (800, 190, 1000, 300)}",ok_cylinder_inside_confirmed
2026-09-28 13:25:34,2026-09-28,10070181,10515,16,89.03145599365234,,37.616180419921875,0.761160135269165,802.860107421875,189.38986206054688,973.6380615234375,296.2170715332031,170.7779541015625,106.82720947265625,18243.73227611929,888.2490844726562,242.803466796875,1920,1080,809.6802978515625,217.70559692382812,898.2072143554688,227.17054748535156,88.52691650390625,9.464950561523438,6.102657142183259,left,False,"{'safe_roi': (450, 80, 1500, 420), 'cylinder_roi': (800, 190, 1000, 300)}",ok_cylinder_inside_confirmed
2026-09-28 13:25:39,2026-09-28,10070279,10515,16,94.49475860595703,,34.37385559082031,0.7679341435432434,801.9223022460938,188.94544982910156,965.6784057617188,297.3160095214844,163.756103515625,108.37055969238281,17746.340591032058,883.8003540039062,243.1307373046875,1920,1080,807.7905883789062,222.5780029296875,902.10595703125,228.39788818359375,94.31536865234375,5.81988525390625,3.5310532968521926,left,False,"{'safe_roi': (450, 80, 1500, 420), 'cylinder_roi': (800, 190, 1000, 300)}",ok_cylinder_inside_confirmed
2026-09-28 13:38:58,2026-09-28,10085786,10515,17,106.56355285644531,,37.83250427246094,0.7813656330108643,842.9842529296875,189.33193969726562,1029.008056640625,298.29510498046875,186.0238037109375,108.96316528320312,20269.742470365018,935.9961547851562,243.8135223388672,1920,1080,850.823974609375,217.84210205078125,957.1624145507812,224.76507568359375,106.33843994140625,6.9229736328125,3.7248824692916678,left,False,"{'safe_roi': (450, 80, 1500, 420), 'cylinder_roi': (800, 190, 1000, 300)}",ok_cylinder_inside_confirmed
2026-09-28 13:39:03,2026-09-28,10085883,10515,17,104.38347625732422,,36.27207946777344,0.77457195520401,846.4705810546875,189.50405883789062,1035.3216552734375,300.36883544921875,188.85107421875,110.86477661132812,20936.932156071067,940.8961181640625,244.9364471435547,1920,1080,852.0377197265625,215.9014892578125,956.0008544921875,225.25973510742188,103.963134765625,9.358245849609375,5.143619424297364,left,False,"{'safe_roi': (450, 80, 1500, 420), 'cylinder_roi': (800, 190, 1000, 300)}",ok_cylinder_inside_confirmed
2026-09-28 13:39:08,2026-09-28,10085981,10515,17,104.20472717285156,,33.96589660644531,0.7785708904266357,847.5615844726562,189.61431884765625,1034.04833984375,299.19696044921875,186.48675537109375,109.5826416015625,20435.711277268827,940.804931640625,244.4056396484375,1920,1080,852.80908203125,216.22808837890625,956.6619873046875,224.78375244140625,103.8529052734375,8.5556640625,4.709535574905767,left,False,"{'safe_roi': (450, 80, 1500, 420), 'cylinder_roi': (800, 190, 1000, 300)}",ok_cylinder_inside_confirmed
2026-09-28 13:39:14,2026-09-28,10086078,10515,17,103.05868530273438,,35.59956359863281,0.7798168063163757,848.602294921875,188.7827911376953,1033.5408935546875,298.04168701171875,184.9385986328125,109.25889587402344,20206.187091110274,941.0715942382812,243.4122314453125,1920,1080,854.99169921875,216.55245971679688,957.6917724609375,225.14239501953125,102.7000732421875,8.589935302734375,4.781146829570796,left,False,"{'safe_roi': (450, 80, 1500, 420), 'cylinder_roi': (800, 190, 1000, 300)}",ok_cylinder_inside_confirmed
2026-09-28 13:39:19,2026-09-28,10086180,10515,17,104.54450225830078,,36.50584411621094,0.7828972935676575,849.6911010742188,188.34490966796875,1033.1806640625,299.25335693359375,183.48956298828125,110.908447265625,20350.542520478368,941.4359130859375,243.79913330078125,1920,1080,854.62939453125,218.1350860595703,958.8133544921875,226.81011962890625,104.1839599609375,8.675033569335938,4.759838738007724,left,False,"{'safe_roi': (450, 80, 1500, 420), 'cylinder_roi': (800, 190, 1000, 300)}",ok_cylinder_inside_confirmed
2026-09-28 13:39:24,2026-09-28,10086279,10515,17,96.63896942138672,,33.575103759765625,0.7849969863891602,856.4677734375,189.97982788085938,1023.1239013671875,304.2174377441406,166.6561279296875,114.23760986328125,19038.39772375673,939.7958374023438,247.0986328125,1920,1080,859.0707397460938,219.1373291015625,955.317626953125,227.83370971679688,96.24688720703125,8.696380615234375,5.162936427578733,left,False,"{'safe_roi': (450, 80, 1500, 420), 'cylinder_roi': (800, 190, 1000, 300)}",ok_cylinder_inside_confirmed
2026-09-28 13:39:32,2026-09-28,10086448,10515,17,81.05301666259766,,35.15130615234375,0.7867642641067505,860.8939208984375,191.15533447265625,1016.0653076171875,304.4766845703125,155.17138671875,113.32135009765625,17584.231039494276,938.4796142578125,247.81600952148438,1920,1080,876.1630859375,214.70758056640625,956.0953369140625,228.13987731933594,79.9322509765625,13.432296752929688,9.539200188399805,left,False,"{'safe_roi': (450, 80, 1500, 420), 'cylinder_roi': (800, 190, 1000, 300)}",ok_cylinder_inside_confirmed
2026-09-28 13:39:37,2026-09-28,10086547,10515,17,83.72216033935547,,33.438873291015625,0.7747237682342529,866.0137329101562,194.24252319335938,1025.52392578125,309.90692138671875,159.51019287109375,115.66439819335938,18449.65046414174,945.768798828125,252.07472229003906,1920,1080,877.2919921875,219.12388610839844,959.5770874023438,234.56936645507812,82.28509521484375,15.445480346679688,10.63110687777392,left,False,"{'safe_roi': (450, 80, 1500, 420), 'cylinder_roi': (800, 190, 1000, 300)}",ok_cylinder_inside_confirmed
2026-09-28 13:55:57,2026-09-28,10105585,10515,18,90.74435424804688,,37.184600830078125,0.8024693727493286,838.316650390625,189.97508239746094,1011.0782470703125,299.62091064453125,172.7615966796875,109.64582824707031,18942.58835723065,924.6974487304688,244.79800415039062,1920,1080,852.8760375976562,222.58135986328125,943.57275390625,225.52133178710938,90.69671630859375,2.939971923828125,1.8566165095793379,left,False,"{'safe_roi': (450, 80, 1500, 420), 'cylinder_roi': (800, 190, 1000, 300)}",ok_cylinder_inside_confirmed
2026-09-28 13:56:25,2026-09-28,10106118,10515,19,89.73934173583984,,36.63948059082031,0.7958044409751892,846.6317138671875,189.25558471679688,1013.724853515625,296.6350402832031,167.0931396484375,107.37945556640625,17942.37036433071,930.1782836914062,242.9453125,1920,1080,858.454833984375,217.563232421875,947.610595703125,227.78086853027344,89.15576171875,10.217636108398438,6.5378209309153705,left,False,"{'safe_roi': (450, 80, 1500, 420), 'cylinder_roi': (800, 190, 1000, 300)}",ok_cylinder_inside_confirmed
2026-09-28 13:56:30,2026-09-28,10106214,10515,19,95.78768920898438,,38.46253967285156,0.7705124020576477,849.3550415039062,188.5774383544922,1031.7308349609375,299.7773132324219,182.37579345703125,111.19987487792969,20280.165413185023,940.54296875,244.1773681640625,1920,1080,858.8375244140625,215.34463500976562,954.3031005859375,223.19357299804688,95.465576171875,7.84893798828125,4.700142425765012,left,False,"{'safe_roi': (450, 80, 1500, 420), 'cylinder_roi': (800, 190, 1000, 300)}",ok_cylinder_inside_confirmed
2026-09-28 13:56:35,2026-09-28,10106311,10515,19,107.52799224853516,,35.245025634765625,0.784224808216095,849.9083251953125,188.45289611816406,1026.3104248046875,302.2371520996094,176.402099609375,113.78425598144531,20071.78165761754,938.109375,245.34503173828125,1920,1080,851.6322631835938,214.3195343017578,958.5704345703125,225.5666046142578,106.93817138671875,11.2470703125,6.0039297149541335,left,False,"{'safe_roi': (450, 80, 1500, 420), 'cylinder_roi': (800, 190, 1000, 300)}",ok_cylinder_inside_confirmed
2026-09-28 14:10:57,2026-09-28,10123143,10515,20,89.3403091430664,,36.46318054199219,0.7666652202606201,780.7817993164062,194.2518310546875,956.5724487304688,298.3814697265625,175.7906494140625,104.129638671875,18305.016805380583,868.6771240234375,246.316650390625,1920,1080,940.8005981445312,230.5293731689453,851.4859619140625,232.67111206054688,89.31463623046875,2.1417388916015625,1.3736727999265854,right,False,"{'safe_roi': (450, 80, 1500, 420), 'cylinder_roi': (800, 190, 1000, 300)}",ok_cylinder_inside_confirmed
2026-09-28 14:12:12,2026-09-28,10124621,10515,21,92.84449005126953,,35.53953552246094,0.7563779354095459,808.924072265625,191.14202880859375,994.3702392578125,296.9837341308594,185.4461669921875,105.84170532226562,19627.93855993077,901.6471557617188,244.06288146972656,1920,1080,987.3403930664062,230.79644775390625,894.5709838867188,227.06338500976562,92.7694091796875,3.733062744140625,2.3043523235796166,right,False,"{'safe_roi': (450, 80, 1500, 420), 'cylinder_roi': (800, 190, 1000, 300)}",ok_cylinder_inside_confirmed
2026-09-28 14:12:17,2026-09-28,10124728,10515,21,105.7554931640625,,32.490447998046875,0.7558367848396301,806.49658203125,191.1075439453125,998.5311279296875,297.3271484375,192.0345458984375,106.2196044921875,20397.83351416886,902.5138549804688,244.21734619140625,1920,1080,992.1513061523438,230.22897338867188,886.417724609375,228.07620239257812,105.73358154296875,2.15277099609375,1.1664000298871289,right,False,"{'safe_roi': (450, 80, 1500, 420), 'cylinder_roi': (800, 190, 1000, 300)}",ok_cylinder_inside_confirmed
2026-09-28 14:12:24,2026-09-28,10124851,10515,21,88.03980255126953,,34.930328369140625,0.798711359500885,818.20166015625,191.99473571777344,982.7296142578125,294.3138122558594,164.5279541015625,102.31907653808594,16834.348328372464,900.4656372070312,243.15426635742188,1920,1080,978.466064453125,232.03018188476562,890.4305419921875,231.16195678710938,88.0355224609375,0.86822509765625,0.565044878013598,right,False,"{'safe_roi': (450, 80, 1500, 420), 'cylinder_roi': (800, 190, 1000, 300)}",ok_cylinder_inside_confirmed
2026-09-28 14:20:05,2026-09-28,10133826,10515,22,88.42964172363281,,36.473602294921875,0.7969784736633301,767.3721923828125,194.13760375976562,942.199462890625,306.6298828125,174.8272705078125,112.49227905273438,19666.718099992722,854.7858276367188,250.3837432861328,1920,1080,928.501708984375,227.1941680908203,840.07275390625,227.5422821044922,88.428955078125,0.348114013671875,0.22555237391373,right,False,"{'safe_roi': (450, 80, 1500, 420), 'cylinder_roi': (800, 190, 1000, 300)}",ok_cylinder_inside_confirmed
2026-09-28 14:23:57,2026-09-28,10138332,10515,23,93.6270751953125,,39.98332214355469,0.7814850211143494,777.44384765625,189.85610961914062,962.035888671875,299.10247802734375,184.592041015625,109.24636840820312,20166.01011801511,869.7398681640625,244.4792938232422,1920,1080,946.6827392578125,218.634033203125,853.1909790039062,223.66590881347656,93.49176025390625,5.0318756103515625,3.080777744428797,right,False,"{'safe_roi': (450, 80, 1500, 420), 'cylinder_roi': (800, 190, 1000, 300)}",ok_cylinder_inside_confirmed
2026-09-28 14:25:30,2026-09-28,10140134,10515,24,99.52293395996094,,41.85206604003906,0.7665531635284424,771.9608764648438,193.73703002929688,955.5877075195312,301.8970947265625,183.6268310546875,108.16006469726562,19861.089927028865,863.7742919921875,247.8170623779297,1920,1080,954.99560546875,221.65185546875,855.5877075195312,226.43565368652344,99.40789794921875,4.7837982177734375,2.755114687567227,right,False,"{'safe_roi': (450, 80, 1500, 420), 'cylinder_roi': (800, 190, 1000, 300)}",ok_cylinder_inside_confirmed
2026-09-28 14:26:56,2026-09-28,10141801,10515,25,101.14574432373047,,40.34898376464844,0.7679944634437561,765.0045166015625,192.56832885742188,949.1136474609375,308.2152404785156,184.109130859375,115.64691162109375,21291.652385130525,857.05908203125,250.39178466796875,1920,1080,947.2329711914062,221.94696044921875,846.4237670898438,230.1911163330078,100.8092041015625,8.244155883789062,4.675232983443376,right,False,"{'safe_roi': (450, 80, 1500, 420), 'cylinder_roi': (800, 190, 1000, 300)}",ok_cylinder_inside_confirmed
2026-09-28 14:27:01,2026-09-28,10141900,10515,25,102.8965072631836,,39.21771240234375,0.7691318988800049,764.9710693359375,194.29359436035156,950.89697265625,309.0648193359375,185.9259033203125,114.77122497558594,21338.943678764626,857.9340209960938,251.67919921875,1920,1080,946.85693359375,221.96121215820312,844.3521728515625,230.9314422607422,102.5047607421875,8.970230102539062,5.001234552236664,right,False,"{'safe_roi': (450, 80, 1500, 420), 'cylinder_roi': (800, 190, 1000, 300)}",ok_cylinder_inside_confirmed
2026-09-28 14:27:06,2026-09-28,10141995,10515,25,101.19800567626953,,41.089569091796875,0.7688881158828735,765.4053344726562,193.78591918945312,951.8458862304688,309.2510986328125,186.4405517578125,115.46517944335938,21527.39176423475,858.6256103515625,251.5185089111328,1920,1080,946.7191162109375,222.766845703125,845.9146728515625,231.68316650390625,100.804443359375,8.91632080078125,5.054752172116834,right,False,"{'safe_roi': (450, 80, 1500, 420), 'cylinder_roi': (800, 190, 1000, 300)}",ok_cylinder_inside_confirmed
2026-09-28 14:27:11,2026-09-28,10142095,10515,25,102.53912353515625,,38.4656982421875,0.7906831502914429,754.4937744140625,194.71414184570312,947.031982421875,308.9181213378906,192.5382080078125,114.2039794921875,21988.62955878675,850.7628784179688,251.81613159179688,1920,1080,943.048095703125,218.87655639648438,840.7630615234375,226.09063720703125,102.2850341796875,7.214080810546875,4.034344445876905,right,False,"{'safe_roi': (450, 80, 1500, 420), 'cylinder_roi': (800, 190, 1000, 300)}",ok_cylinder_inside_confirmed
2026-09-28 14:27:16,2026-09-28,10142193,10515,25,101.7988510131836,,37.46018981933594,0.7899973392486572,752.570068359375,194.20419311523438,949.5762939453125,308.93035888671875,197.0062255859375,114.72616577148438,22601.768894586712,851.0731811523438,251.56727600097656,1920,1080,941.2137451171875,217.91781616210938,839.9169921875,228.0160369873047,101.2967529296875,10.098220825195312,5.692977376310812,right,False,"{'safe_roi': (450, 80, 1500, 420), 'cylinder_roi': (800, 190, 1000, 300)}",ok_cylinder_inside_confirmed
2026-09-28 14:27:21,2026-09-28,10142287,10515,25,102.26026916503906,,35.71995544433594,0.7814541459083557,752.4996337890625,195.11293029785156,947.8424072265625,311.12542724609375,195.3427734375,116.01249694824219,22662.202907279134,850.1710205078125,253.11917114257812,1920,1080,941.0592651367188,220.75888061523438,839.11181640625,228.75135803222656,101.94744873046875,7.9924774169921875,4.482706332466167,right,False,"{'safe_roi': (450, 80, 1500, 420), 'cylinder_roi': (800, 190, 1000, 300)}",ok_cylinder_inside_confirmed
2026-09-28 14:27:26,2026-09-28,10142382,10515,25,94.8145751953125,,36.75382995605469,0.7749364972114563,758.6754150390625,201.0328826904297,942.577880859375,316.5893859863281,183.9024658203125,115.55650329589844,21251.12589768879,850.6266479492188,258.8111267089844,1920,1080,931.8045654296875,228.358642578125,837.2413330078125,235.25778198242188,94.563232421875,6.899139404296875,4.1727892612001565,right,False,"{'safe_roi': (450, 80, 1500, 420), 'cylinder_roi': (800, 190, 1000, 300)}",ok_cylinder_inside_confirmed
2026-09-28 14:41:21,2026-09-28,10158660,10515,26,96.10470581054688,,39.211669921875,0.7789797186851501,804.1876220703125,189.27621459960938,991.46923828125,294.1708984375,187.2816162109375,104.89468383789062,19644.84592109546,897.8284301757812,241.7235565185547,1920,1080,818.4474487304688,224.41009521484375,914.463623046875,220.28599548339844,96.01617431640625,4.1240997314453125,2.459464352728344,left,False,"{'safe_roi': (450, 80, 1500, 420), 'cylinder_roi': (800, 190, 1000, 300)}",ok_cylinder_inside_confirmed
2026-09-28 14:41:55,2026-09-28,10159316,10515,27,102.29674530029297,,39.788177490234375,0.7600206732749939,803.9426879882812,192.5618896484375,982.0664672851562,292.8622131347656,178.123779296875,100.30032348632812,17865.87268408388,893.0045776367188,242.71205139160156,1920,1080,811.1255493164062,215.84988403320312,912.6104125976562,228.7124786376953,101.48486328125,12.862594604492188,7.223380072734794,left,False,"{'safe_roi': (450, 80, 1500, 420), 'cylinder_roi': (800, 190, 1000, 300)}",ok_cylinder_inside_confirmed
2026-09-28 14:42:00,2026-09-28,10159416,10515,27,100.49933624267578,,38.593017578125,0.7578800916671753,804.0787353515625,193.62356567382812,984.2921142578125,292.30328369140625,180.21337890625,98.67971801757812,17783.40541346371,894.1854248046875,242.9634246826172,1920,1080,809.9598388671875,214.81236267089844,909.5879516601562,228.01675415039062,99.62811279296875,13.204391479492188,7.549797994448732,left,False,"{'safe_roi': (450, 80, 1500, 420), 'cylinder_roi': (800, 190, 1000, 300)}",ok_cylinder_inside_confirmed
2026-09-28 14:42:05,2026-09-28,10159514,10515,27,100.72738647460938,,30.278900146484375,0.7506833076477051,804.3407592773438,189.59109497070312,987.8424682617188,291.89276123046875,183.501708984375,102.30166625976562,18772.530590616167,896.0916137695312,240.74192810058594,1920,1080,811.2090454101562,213.53477478027344,911.2923583984375,224.9073944091797,100.08331298828125,11.37261962890625,6.482800076723445,left,False,"{'safe_roi': (450, 80, 1500, 420), 'cylinder_roi': (800, 190, 1000, 300)}",ok_cylinder_inside_confirmed
2026-09-28 14:42:16,2026-09-28,10159743,10515,27,103.13243865966797,,37.5081787109375,0.7471775412559509,804.409423828125,191.49932861328125,983.5028076171875,292.3124694824219,179.0933837890625,100.81314086914062,18054.966528657824,893.9561157226562,241.90589904785156,1920,1080,814.2926025390625,217.4078826904297,916.8201904296875,228.56106567382812,102.527587890625,11.153182983398438,6.208352319440612,left,False,"{'safe_roi': (450, 80, 1500, 420), 'cylinder_roi': (800, 190, 1000, 300)}",ok_cylinder_inside_confirmed
2026-09-28 14:49:12,2026-09-28,10167836,10518,28,95.29331970214844,,39.62117004394531,0.7831199169158936,805.236328125,189.62905883789062,994.373291015625,297.6711730957031,189.136962890625,108.0421142578125,20434.75735500455,899.8048095703125,243.65011596679688,1920,1080,821.0217895507812,222.8662109375,916.306640625,221.59552001953125,95.28485107421875,1.27069091796875,0.7640344754118182,left,False,"{'safe_roi': (450, 80, 1500, 420), 'cylinder_roi': (800, 190, 1000, 300)}",ok_cylinder_inside_confirmed
2026-09-28 14:51:38,2026-09-28,10170682,10518,29,93.81253051757812,,37.26554870605469,0.803916335105896,757.6048583984375,194.61801147460938,927.878173828125,313.64544677734375,170.2733154296875,119.02743530273438,20267.19603608921,842.7415161132812,254.13172912597656,1920,1080,923.7979736328125,220.0983123779297,830.5983276367188,230.80422973632812,93.19964599609375,10.705917358398438,6.55288997475566,right,False,"{'safe_roi': (450, 80, 1500, 420), 'cylinder_roi': (800, 190, 1000, 300)}",ok_cylinder_inside_confirmed
2026-09-28 14:57:27,2026-09-28,10177457,10518,30,99.85380554199219,,37.62837219238281,0.7701139450073242,804.30712890625,188.9013671875,994.1715087890625,298.48614501953125,189.8643798828125,109.58477783203125,20806.24588767439,899.2393188476562,243.69375610351562,1920,1080,816.8287353515625,233.29042053222656,916.461181640625,226.64523315429688,99.6324462890625,6.6451873779296875,3.8158063194039435,left,False,"{'safe_roi': (450, 80, 1500, 420), 'cylinder_roi': (800, 190, 1000, 300)}",ok_cylinder_inside_confirmed
2026-09-28 14:57:45,2026-09-28,10177812,10518,30,94.77066040039062,,37.58906555175781,0.7680332064628601,807.69677734375,188.77236938476562,996.2005615234375,296.7370300292969,188.5037841796875,107.96466064453125,20351.74708916992,901.9486694335938,242.75469970703125,1920,1080,818.7301025390625,229.5722198486328,913.3851928710938,224.89334106445312,94.65509033203125,4.6788787841796875,2.8298740513774443,left,False,"{'safe_roi': (450, 80, 1500, 420), 'cylinder_roi': (800, 190, 1000, 300)}",ok_cylinder_inside_confirmed
2026-09-28 14:57:50,2026-09-28,10177912,10518,30,97.32819366455078,,39.382904052734375,0.7560326457023621,808.4710693359375,189.48019409179688,992.814453125,291.74700927734375,184.3433837890625,102.26681518554688,18852.210760634392,900.6427612304688,240.6136016845703,1920,1080,817.4152221679688,230.1724395751953,914.5177001953125,223.5477752685547,97.10247802734375,6.624664306640625,3.9028669990439657,left,False,"{'safe_roi': (450, 80, 1500, 420), 'cylinder_roi': (800, 190, 1000, 300)}",ok_cylinder_inside_confirmed
2026-09-28 14:57:55,2026-09-28,10178008,10518,30,83.98909759521484,,40.10829162597656,0.7157149910926819,802.84765625,196.83023071289062,952.747802734375,299.9835510253906,149.900146484375,103.1533203125,15462.697825193405,877.7977294921875,248.40689086914062,1920,1080,813.8851928710938,249.9266357421875,895.4227905273438,229.78244018554688,81.53759765625,20.144195556640625,13.877273244463481,left,False,"{'safe_roi': (450, 80, 1500, 420), 'cylinder_roi': (800, 190, 1000, 300)}",ok_cylinder_inside_confirmed
2026-09-28 14:58:56,2026-09-28,10179181,10518,31,104.74991607666016,,34.44706726074219,0.7789015173912048,768.7488403320312,194.73907470703125,940.3240356445312,309.0439758300781,171.5751953125,114.30490112304688,19611.885735362768,854.5364379882812,251.8915252685547,1920,1080,937.8864135742188,212.47776794433594,833.6177978515625,222.50772094726562,104.26861572265625,10.029953002929688,5.494570243033804,right,False,"{'safe_roi': (450, 80, 1500, 420), 'cylinder_roi': (800, 190, 1000, 300)}",ok_cylinder_inside_confirmed
2026-09-28 15:15:12,2026-09-28,10198263,10519,32,97.00784301757812,,35.68544006347656,0.7941775321960449,821.8442993164062,188.73883056640625,1009.1461791992188,298.25872802734375,187.3018798828125,109.5198974609375,20513.282679006457,915.4952392578125,243.498779296875,1920,1080,835.082763671875,216.55831909179688,932.0548095703125,219.19338989257812,96.9720458984375,2.63507080078125,1.5565443613502836,left,False,"{'safe_roi': (450, 80, 1500, 420), 'cylinder_roi': (800, 190, 1000, 300)}",ok_cylinder_inside_confirmed
2026-09-28 15:15:20,2026-09-28,10198422,10519,32,95.21047973632812,,39.268798828125,0.7937449812889099,821.9856567382812,189.04547119140625,1009.6489868164062,296.1899108886719,187.663330078125,107.14443969726562,20107.08235294372,915.8173217773438,242.61769104003906,1920,1080,839.2423095703125,219.21145629882812,934.4527587890625,219.13330078125,95.21044921875,0.078155517578125,0.047032445848463715,left,False,"{'safe_roi': (450, 80, 1500, 420), 'cylinder_roi': (800, 190, 1000, 300)}",ok_cylinder_inside_confirmed
2026-09-28 15:15:54,2026-09-28,10199081,10519,33,89.89204406738281,,38.140838623046875,0.7734684348106384,821.1484375,197.83151245117188,999.1099853515625,295.21575927734375,177.9615478515625,97.38424682617188,17330.65130154416,910.1292114257812,246.5236358642578,1920,1080,841.224853515625,226.4742889404297,931.113525390625,225.69552612304688,89.888671875,0.7787628173828125,0.49637741252712314,left,False,"{'safe_roi': (450, 80, 1500, 420), 'cylinder_roi': (800, 190, 1000, 300)}",ok_cylinder_inside_confirmed
2026-09-28 15:16:02,2026-09-28,10199243,10519,33,108.50682067871094,,38.51008605957031,0.7851876616477966,825.9998779296875,194.7867431640625,1002.8409423828125,296.5616455078125,176.841064453125,101.77490234375,17997.982065081596,914.42041015625,245.6741943359375,1920,1080,825.9581298828125,218.91445922851562,934.2708740234375,225.4013671875,108.312744140625,6.486907958984375,3.4273808130348256,left,False,"{'safe_roi': (450, 80, 1500, 420), 'cylinder_roi': (800, 190, 1000, 300)}",ok_cylinder_inside_confirmed
2026-09-28 15:16:07,2026-09-28,10199339,10519,33,108.8829574584961,,37.924774169921875,0.7864770889282227,818.2938842773438,190.50347900390625,1002.6262817382812,297.66656494140625,184.3323974609375,107.1630859375,19753.628550171852,910.4600830078125,244.08502197265625,1920,1080,822.51220703125,217.20913696289062,931.1971435546875,223.77288818359375,108.6849365234375,6.563751220703125,3.4560357601041845,left,False,"{'safe_roi': (450, 80, 1500, 420), 'cylinder_roi': (800, 190, 1000, 300)}",ok_cylinder_inside_confirmed
2026-09-28 15:16:12,2026-09-28,10199436,10519,33,100.6720199584961,,39.298065185546875,0.7663871049880981,818.8242797851562,194.7777557373047,993.6694946289062,297.8816833496094,174.84521484375,103.10392761230469,18027.22837460786,906.2468872070312,246.3297119140625,1920,1080,824.5425415039062,219.08676147460938,924.9991455078125,225.66900634765625,100.45660400390625,6.582244873046875,3.7488478058385732,left,False,"{'safe_roi': (450, 80, 1500, 420), 'cylinder_roi': (800, 190, 1000, 300)}",ok_cylinder_inside_confirmed
2026-09-28 15:16:17,2026-09-28,10199539,10519,33,107.10653686523438,,43.075927734375,0.7828496098518372,821.4649047851562,194.33413696289062,999.5278930664062,297.7401428222656,178.06298828125,103.406005859375,18412.78240954876,910.4963989257812,246.03713989257812,1920,1080,822.521484375,219.05133056640625,929.3189697265625,227.18199157714844,106.7974853515625,8.130661010742188,4.353619809428297,left,False,"{'safe_roi': (450, 80, 1500, 420), 'cylinder_roi': (800, 190, 1000, 300)}",ok_cylinder_inside_confirmed
2026-09-28 15:16:22,2026-09-28,10199636,10519,33,115.80458068847656,,37.37675476074219,0.7826926708221436,816.6168823242188,190.14413452148438,1004.0845336914062,298.58349609375,187.4676513671875,108.43936157226562,20328.87242970988,910.3507080078125,244.3638153076172,1920,1080,817.6270141601562,221.646728515625,933.3681030273438,225.48098754882812,115.7410888671875,3.834259033203125,1.8973948622209895,left,False,"{'safe_roi': (450, 80, 1500, 420), 'cylinder_roi': (800, 190, 1000, 300)}",ok_cylinder_inside_confirmed
2026-09-28 15:16:27,2026-09-28,10199735,10519,33,115.7483139038086,,35.413665771484375,0.7663410902023315,821.4893188476562,189.64720153808594,999.1333618164062,294.37939453125,177.64404296875,104.73219299316406,18605.050192289054,910.3113403320312,242.0133056640625,1920,1080,816.0835571289062,221.5572967529297,931.8033447265625,224.1270294189453,115.71978759765625,2.569732666015625,1.2721302426003123,left,False,"{'safe_roi': (450, 80, 1500, 420), 'cylinder_roi': (800, 190, 1000, 300)}",ok_cylinder_inside_confirmed
2026-09-28 15:16:32,2026-09-28,10199835,10519,33,104.1634750366211,,42.281829833984375,0.7793882489204407,820.33154296875,190.87338256835938,1004.9539794921875,296.4516296386719,184.6224365234375,105.5782470703125,19492.11321799457,912.6427612304688,243.66250610351562,1920,1080,822.4716796875,217.34494018554688,926.3751220703125,224.70053100585938,103.9034423828125,7.3555908203125,4.049359431459992,left,False,"{'safe_roi': (450, 80, 1500, 420), 'cylinder_roi': (800, 190, 1000, 300)}",ok_cylinder_inside_confirmed
2026-09-28 15:17:34,2026-09-28,10201047,10519,34,87.9354019165039,,34.87263488769531,0.8042043447494507,839.178466796875,190.8966522216797,1011.702392578125,294.4937744140625,172.52392578125,103.59712219238281,17872.98222026974,925.4404296875,242.69522094726562,1920,1080,856.9315795898438,217.32460021972656,944.2735595703125,227.5233154296875,87.34197998046875,10.198715209960938,6.660131560204008,left,False,"{'safe_roi': (450, 80, 1500, 420), 'cylinder_roi': (800, 190, 1000, 300)}",ok_cylinder_inside_confirmed
2026-09-28 15:17:40,2026-09-28,10201146,10519,34,97.1930160522461,,34.603424072265625,0.7736772298812866,851.7528076171875,190.98301696777344,1028.776611328125,297.4205322265625,177.0238037109375,106.43751525878906,18841.97380865179,940.2647094726562,244.2017822265625,1920,1080,861.0161743164062,220.34950256347656,957.9157104492188,227.89682006835938,96.8995361328125,7.5473175048828125,4.45366587271928,left,False,"{'safe_roi': (450, 80, 1500, 420), 'cylinder_roi': (800, 190, 1000, 300)}",ok_cylinder_inside_confirmed
2026-09-28 15:17:45,2026-09-28,10201251,10519,34,97.17737579345703,,37.396148681640625,0.7725878953933716,860.9036865234375,198.65713500976562,1033.353515625,309.11212158203125,172.4498291015625,110.45498657226562,19047.943557802588,947.1286010742188,253.88462829589844,1920,1080,866.2157592773438,225.00741577148438,962.667724609375,236.85903930664062,96.45196533203125,11.85162353515625,7.00515643234141,left,False,"{'safe_roi': (450, 80, 1500, 420), 'cylinder_roi': (800, 190, 1000, 300)}",ok_cylinder_inside_confirmed
2026-09-28 15:21:10,2026-09-28,10205264,10519,35,97.7597885131836,,40.658905029296875,0.812229335308075,872.5123291015625,192.38729858398438,1043.971923828125,307.9683532714844,171.4595947265625,115.5810546875,19817.480794787407,958.2421264648438,250.17782592773438,1920,1080,880.8626708984375,216.59100341796875,978.094970703125,226.7327880859375,97.2322998046875,10.14178466796875,5.954686080342591,left,False,"{'safe_roi': (450, 80, 1500, 420), 'cylinder_roi': (800, 190, 1000, 300)}",ok_cylinder_inside_confirmed
2026-09-28 15:22:41,2026-09-28,10207032,10519,36,94.51331329345703,,37.660400390625,0.7742722034454346,793.2426147460938,194.20181274414062,974.4041137695312,294.61114501953125,181.1614990234375,100.40933227539062,18190.30515095219,883.8233642578125,244.40647888183594,1920,1080,806.2034912109375,215.32803344726562,899.8685302734375,227.96240234375,93.6650390625,12.634368896484375,7.6821929338980075,left,False,"{'safe_roi': (450, 80, 1500, 420), 'cylinder_roi': (800, 190, 1000, 300)}",ok_cylinder_inside_confirmed
2026-09-28 15:22:46,2026-09-28,10207131,10519,36,100.95964050292969,,38.67189025878906,0.7646304965019226,793.166015625,193.74908447265625,974.560791015625,294.5582275390625,181.394775390625,100.80914306640625,18286.251863852143,883.8634033203125,244.15365600585938,1920,1080,803.8428955078125,214.0343780517578,903.6676025390625,229.12994384765625,99.82470703125,15.095565795898438,8.599157333661932,left,False,"{'safe_roi': (450, 80, 1500, 420), 'cylinder_roi': (800, 190, 1000, 300)}",ok_cylinder_inside_confirmed
2026-09-28 15:22:52,2026-09-28,10207242,10519,36,100.34822845458984,,36.72602844238281,0.7624921202659607,796.4835205078125,193.72544860839844,974.99658203125,296.8721923828125,178.5130615234375,103.14674377441406,18413.04101734422,885.7400512695312,245.298828125,1920,1080,805.9507446289062,215.45455932617188,905.5450439453125,227.7322998046875,99.59429931640625,12.277740478515625,7.027824600190201,left,False,"{'safe_roi': (450, 80, 1500, 420), 'cylinder_roi': (800, 190, 1000, 300)}",ok_cylinder_inside_confirmed
2026-09-28 15:58:31,2026-09-28,10248994,10520,37,99.62477111816406,,40.53916931152344,0.7852004170417786,866.93896484375,191.13194274902344,1043.4581298828125,303.0542297363281,176.5191650390625,111.92228698730469,19756.428648261353,955.1985473632812,247.09307861328125,1920,1080,868.6760864257812,221.6451416015625,968.2992553710938,221.07962036132812,99.6231689453125,0.565521240234375,0.3252419352001377,left,False,"{'safe_roi': (450, 80, 1500, 420), 'cylinder_roi': (800, 190, 1000, 300)}",ok_cylinder_inside_confirmed
2026-09-28 15:58:36,2026-09-28,10249093,10520,37,111.23466491699219,,39.39190673828125,0.7908982634544373,868.7486572265625,190.5255126953125,1046.744873046875,303.5884094238281,177.9962158203125,113.06289672851562,20124.76776735857,957.7467651367188,247.0569610595703,1920,1080,859.0165405273438,221.2071533203125,970.2474365234375,220.29183959960938,111.23089599609375,0.915313720703125,0.47147358612899976,left,False,"{'safe_roi': (450, 80, 1500, 420), 'cylinder_roi': (800, 190, 1000, 300)}",ok_cylinder_inside_confirmed
2026-09-28 15:58:41,2026-09-28,10249192,10520,37,109.58890533447266,,40.06278991699219,0.7840158939361572,868.3267822265625,189.87168884277344,1048.31494140625,302.7154541015625,179.9881591796875,112.84376525878906,20310.541583834216,958.3208618164062,246.2935791015625,1920,1080,860.9681396484375,221.046875,970.5474853515625,219.59963989257812,109.579345703125,1.447235107421875,0.7566721841903443,left,False,"{'safe_roi': (450, 80, 1500, 420), 'cylinder_roi': (800, 190, 1000, 300)}",ok_cylinder_inside_confirmed
2026-09-28 15:58:46,2026-09-28,10249291,10520,37,105.97494506835938,,37.871826171875,0.7787947058677673,873.0112915039062,191.119873046875,1055.6385498046875,303.167724609375,182.62725830078125,112.0478515625,20462.991929352283,964.324951171875,247.143798828125,1920,1080,867.9075927734375,218.97357177734375,973.8814697265625,218.49801635742188,105.973876953125,0.475555419921875,0.2571118125943655,left,False,"{'safe_roi': (450, 80, 1500, 420), 'cylinder_roi': (800, 190, 1000, 300)}",ok_cylinder_inside_confirmed
2026-09-28 15:59:57,2026-09-28,10250688,10520,38,95.6987075805664,,41.16358947753906,0.7932751178741455,857.8922119140625,189.46884155273438,1041.8388671875,303.5138244628906,183.9466552734375,114.04498291015625,20978.193157039583,949.8655395507812,246.4913330078125,1920,1080,869.1959838867188,218.78555297851562,964.6571044921875,225.5247802734375,95.46112060546875,6.739227294921875,4.038185564680845,left,False,"{'safe_roi': (450, 80, 1500, 420), 'cylinder_roi': (800, 190, 1000, 300)}",ok_cylinder_inside_confirmed
2026-09-28 16:00:07,2026-09-28,10250886,10520,38,107.64285278320312,,37.50274658203125,0.7555968165397644,802.6046752929688,188.94622802734375,991.5513305664062,294.9261779785156,188.9466552734375,105.97994995117188,20024.55706932023,897.0780029296875,241.9362030029297,1920,1080,807.2000732421875,246.7896270751953,913.5184326171875,229.9554443359375,106.318359375,16.834182739257812,8.997376058106495,left,False,"{'safe_roi': (450, 80, 1500, 420), 'cylinder_roi': (800, 190, 1000, 300)}",ok_cylinder_inside_confirmed
2026-09-28 16:00:12,2026-09-28,10250986,10520,38,97.39016723632812,,35.846343994140625,0.7408943176269531,828.4849243164062,189.00057983398438,998.5133666992188,296.2443542480469,170.0284423828125,107.2437744140625,18234.491918876767,913.4991455078125,242.62246704101562,1920,1080,830.6767578125,231.412109375,927.8233642578125,224.5286865234375,97.1466064453125,6.8834228515625,4.052977761493096,left,False,"{'safe_roi': (450, 80, 1500, 420), 'cylinder_roi': (800, 190, 1000, 300)}",ok_cylinder_inside_confirmed
2026-09-28 16:00:17,2026-09-28,10251085,10520,38,86.61930847167969,,34.7464599609375,0.7614445686340332,822.9821166992188,188.34161376953125,993.9767456054688,297.0245056152344,170.99462890625,108.68289184570312,18584.19075961411,908.4794311523438,242.6830596923828,1920,1080,837.2520751953125,228.135009765625,923.6663208007812,222.17825317382812,86.41424560546875,5.956756591796875,3.9433077909100915,left,False,"{'safe_roi': (450, 80, 1500, 420), 'cylinder_roi': (800, 190, 1000, 300)}",ok_cylinder_inside_confirmed
2026-09-28 16:00:25,2026-09-28,10251224,10520,38,84.80746459960938,,34.27667236328125,0.7603259682655334,819.9466552734375,190.51394653320312,988.46484375,296.08514404296875,168.5181884765625,105.57119750976562,17790.66695964709,904.2057495117188,243.29954528808594,1920,1080,844.1278686523438,225.79388427734375,928.8914794921875,223.06695556640625,84.76361083984375,2.7269287109375,1.8426260537930883,left,False,"{'safe_roi': (450, 80, 1500, 420), 'cylinder_roi': (800, 190, 1000, 300)}",ok_cylinder_inside_confirmed
2026-09-28 16:00:30,2026-09-28,10251319,10520,38,87.86758422851562,,36.876373291015625,0.7949486374855042,819.4388427734375,188.944580078125,986.24853515625,298.2935791015625,166.8096923828125,109.3489990234375,18240.472889468074,902.8436889648438,243.61907958984375,1920,1080,827.205810546875,229.72930908203125,915.0572509765625,228.0450897216797,87.8514404296875,1.6842193603515625,1.098295497743626,left,False,"{'safe_roi': (450, 80, 1500, 420), 'cylinder_roi': (800, 190, 1000, 300)}",ok_cylinder_inside_confirmed
2026-09-28 16:06:24,2026-09-28,10258134,10520,39,96.44044494628906,,37.20207214355469,0.787410318851471,865.43212890625,194.0621337890625,1046.271484375,306.984375,180.83935546875,112.9222412109375,20420.785318672657,955.851806640625,250.52325439453125,1920,1080,870.2071533203125,229.32980346679688,966.61962890625,231.65234375,96.4124755859375,2.322540283203125,1.3799668888372922,left,False,"{'safe_roi': (450, 80, 1500, 420), 'cylinder_roi': (800, 190, 1000, 300)}",ok_cylinder_inside_confirmed
2026-09-28 16:08:34,2026-09-28,10260642,10520,40,101.43379211425781,,40.54936218261719,0.7832936644554138,809.228515625,188.3043670654297,994.3013916015625,295.27813720703125,185.0728759765625,106.97377014160156,19797.94329416193,901.7649536132812,241.791259765625,1920,1080,817.2268676757812,232.38694763183594,918.48193359375,226.3682098388672,101.25506591796875,6.01873779296875,3.4017358187618365,left,False,"{'safe_roi': (450, 80, 1500, 420), 'cylinder_roi': (800, 190, 1000, 300)}",ok_cylinder_inside_confirmed
2026-09-28 16:08:39,2026-09-28,10260742,10520,40,99.01093292236328,,40.967315673828125,0.7873430252075195,802.5284423828125,188.4121856689453,992.4945068359375,295.61578369140625,189.966064453125,107.20359802246094,20365.04561154172,897.511474609375,242.01397705078125,1920,1080,814.4616088867188,231.24893188476562,913.3226318359375,225.80252075195312,98.86102294921875,5.4464111328125,3.15332807674069,left,False,"{'safe_roi': (450, 80, 1500, 420), 'cylinder_roi': (800, 190, 1000, 300)}",ok_cylinder_inside_confirmed
2026-09-28 16:08:44,2026-09-28,10260840,10520,40,95.59471130371094,,40.46699523925781,0.7793788909912109,802.1163330078125,189.27157592773438,992.9501953125,294.1285400390625,190.8338623046875,104.85696411132812,20010.25945090875,897.5332641601562,241.70005798339844,1920,1080,817.580078125,228.0873565673828,913.1423950195312,225.59902954101562,95.56231689453125,2.4883270263671875,1.4915756811673524,left,False,"{'safe_roi': (450, 80, 1500, 420), 'cylinder_roi': (800, 190, 1000, 300)}",ok_cylinder_inside_confirmed
2026-09-28 16:19:23,2026-09-28,10273272,10520,41,89.14421081542969,,37.732574462890625,0.800299346446991,866.9641723632812,195.43861389160156,1042.2618408203125,314.489990234375,175.29766845703125,119.05137634277344,20869.42869948875,954.613037109375,254.96429443359375,1920,1080,882.14208984375,221.16079711914062,970.39697265625,233.7213134765625,88.2548828125,12.560516357421875,8.099991409378484,left,False,"{'safe_roi': (450, 80, 1500, 420), 'cylinder_roi': (800, 190, 1000, 300)}",ok_cylinder_inside_confirmed
2026-09-28 16:19:34,2026-09-28,10273494,10520,41,97.8438491821289,,40.50433349609375,0.7743158340454102,812.036376953125,189.55343627929688,999.205810546875,296.5760803222656,187.16943359375,107.02264404296875,20031.367667227983,905.62109375,243.06475830078125,1920,1080,823.9969482421875,229.58517456054688,921.782958984375,226.22149658203125,97.7860107421875,3.363677978515625,1.9701038082390503,left,False,"{'safe_roi': (450, 80, 1500, 420), 'cylinder_roi': (800, 190, 1000, 300)}",ok_cylinder_inside_confirmed
2026-09-28 16:39:27,2026-09-28,10296812,10520,42,95.02588653564453,,37.349822998046875,0.7830123901367188,803.6005249023438,190.8621368408203,989.3737182617188,300.1259460449219,185.773193359375,109.26380920410156,20298.286754455417,896.4871215820312,245.49404907226562,1920,1080,818.0037841796875,228.99179077148438,912.9210205078125,224.448974609375,94.917236328125,4.542816162109375,2.7401316695563627,left,False,"{'safe_roi': (450, 80, 1500, 420), 'cylinder_roi': (800, 190, 1000, 300)}",ok_cylinder_inside_confirmed
2026-09-28 16:39:32,2026-09-28,10296912,10520,42,96.76871490478516,,38.19209289550781,0.7824907898902893,807.8854370117188,190.68344116210938,990.8037719726562,299.2666931152344,182.9183349609375,108.583251953125,19861.86765190959,899.3446044921875,244.97506713867188,1920,1080,817.6498413085938,230.76593017578125,914.3006591796875,225.9906005859375,96.65081787109375,4.77532958984375,2.828573252488605,left,False,"{'safe_roi': (450, 80, 1500, 420), 'cylinder_roi': (800, 190, 1000, 300)}",ok_cylinder_inside_confirmed
2026-09-28 16:39:37,2026-09-28,10297008,10520,42,97.85894012451172,,35.28910827636719,0.7958076596260071,806.4675903320312,190.45909118652344,989.5437622070312,299.17803955078125,183.076171875,108.71894836425781,19903.848876804113,898.0056762695312,244.81857299804688,1920,1080,817.24853515625,228.56100463867188,915.0921630859375,226.82984924316406,97.8436279296875,1.7311553955078125,1.0136332001221176,left,False,"{'safe_roi': (450, 80, 1500, 420), 'cylinder_roi': (800, 190, 1000, 300)}",ok_cylinder_inside_confirmed
2026-09-28 16:39:57,2026-09-28,10297413,10520,42,98.84548950195312,,33.19337463378906,0.7569489479064941,800.7695922851562,193.82928466796875,983.7940063476562,295.50787353515625,183.0244140625,101.6785888671875,18609.664150118828,892.2817993164062,244.6685791015625,1920,1080,809.8726196289062,216.10287475585938,908.0628051757812,227.4658660888672,98.190185546875,11.362991333007812,6.601151180619621,left,False,"{'safe_roi': (450, 80, 1500, 420), 'cylinder_roi': (800, 190, 1000, 300)}",ok_cylinder_inside_confirmed
2026-09-28 16:46:25,2026-09-28,10304970,10520,43,96.38240814208984,,39.28678894042969,0.8016911745071411,837.8866577148438,188.16046142578125,1022.7247924804688,299.1780090332031,184.838134765625,111.01754760742188,20520.276426009834,930.3057250976562,243.6692352294922,1920,1080,851.5740966796875,222.91493225097656,947.942138671875,224.57882690429688,96.3680419921875,1.6638946533203125,0.9891730428722613,left,False,"{'safe_roi': (450, 80, 1500, 420), 'cylinder_roi': (800, 190, 1000, 300)}",ok_cylinder_inside_confirmed
2026-09-28 16:52:44,2026-09-28,10312356,10520,44,91.11103820800781,,36.992767333984375,0.8059698939323425,758.086669921875,193.56626892089844,935.298095703125,311.7191162109375,177.21142578125,118.15284729003906,20938.034528382123,846.6923828125,252.6427001953125,1920,1080,922.774169921875,212.2318572998047,832.07177734375,220.85147094726562,90.702392578125,8.619613647460938,5.42861946480203,right,False,"{'safe_roi': (450, 80, 1500, 420), 'cylinder_roi': (800, 190, 1000, 300)}",ok_cylinder_inside_confirmed
2026-09-28 16:53:34,2026-09-28,10313327,10520,45,96.5451431274414,,34.607025146484375,0.8238711357116699,812.8745727539062,189.1806182861328,1005.5717163085938,301.14447021484375,192.6971435546875,111.96385192871094,21575.114448042586,909.22314453125,245.16253662109375,1920,1080,997.1534423828125,235.50706481933594,901.4636840820312,222.68386840820312,95.68975830078125,12.823196411132812,7.632622282634569,right,False,"{'safe_roi': (450, 80, 1500, 420), 'cylinder_roi': (800, 190, 1000, 300)}",ok_cylinder_inside_confirmed
2026-09-28 16:53:39,2026-09-28,10313426,10520,45,97.69792175292969,,34.218994140625,0.8295092582702637,813.5040893554688,189.3267059326172,1006.5075073242188,299.93634033203125,193.00341796875,110.60963439941406,21348.03749936074,910.0057983398438,244.63153076171875,1920,1080,997.3563232421875,234.103271484375,900.188720703125,223.93760681152344,97.1676025390625,10.165664672851562,5.972551349862385,right,False,"{'safe_roi': (450, 80, 1500, 420), 'cylinder_roi': (800, 190, 1000, 300)}",ok_cylinder_inside_confirmed
2026-09-28 16:57:22,2026-09-28,10317774,10520,46,94.69081115722656,,37.377471923828125,0.7852204442024231,859.6895751953125,194.32293701171875,1040.763916015625,307.30120849609375,181.0743408203125,112.978271484375,20457.46603605151,950.2267456054688,250.81207275390625,1920,1080,870.5534057617188,222.43328857421875,965.117919921875,227.3223419189453,94.56451416015625,4.8890533447265625,2.9595978892405044,left,False,"{'safe_roi': (450, 80, 1500, 420), 'cylinder_roi': (800, 190, 1000, 300)}",ok_cylinder_inside_confirmed
2026-09-28 16:57:27,2026-09-28,10317871,10520,46,92.17769622802734,,37.069488525390625,0.7977262735366821,860.8914794921875,193.54046630859375,1041.465576171875,306.1291198730469,180.5740966796875,112.58865356445312,20330.5944137834,951.1785278320312,249.8347930908203,1920,1080,875.67333984375,222.55906677246094,967.6078491210938,229.2503662109375,91.93450927734375,6.6912994384765625,4.162837048059346,left,False,"{'safe_roi': (450, 80, 1500, 420), 'cylinder_roi': (800, 190, 1000, 300)}",ok_cylinder_inside_confirmed
2026-09-28 16:57:32,2026-09-28,10317969,10520,46,89.91400909423828,,38.19499206542969,0.801106870174408,862.1965942382812,192.1961669921875,1041.9273681640625,307.5906677246094,179.73077392578125,115.39450073242188,20739.942923417315,952.06201171875,249.89341735839844,1920,1080,875.80615234375,223.64288330078125,965.5836181640625,228.59619140625,89.7774658203125,4.95330810546875,3.1579884515357532,left,False,"{'safe_roi': (450, 80, 1500, 420), 'cylinder_roi': (800, 190, 1000, 300)}",ok_cylinder_inside_confirmed
2026-09-28 16:57:38,2026-09-28,10318094,10520,46,92.48096466064453,,36.858673095703125,0.7973299026489258,865.3095703125,192.25009155273438,1045.497802734375,309.3621520996094,180.188232421875,117.112060546875,21102.21518522501,955.4036865234375,250.80612182617188,1920,1080,876.9524536132812,222.44573974609375,969.1917724609375,229.12684631347656,92.23931884765625,6.6811065673828125,4.142830506443101,left,False,"{'safe_roi': (450, 80, 1500, 420), 'cylinder_roi': (800, 190, 1000, 300)}",ok_cylinder_inside_confirmed
2026-09-28 17:08:48,2026-09-28,10331134,10520,47,98.44841003417969,,32.304443359375,0.7934080958366394,754.1104736328125,192.72625732421875,937.4942626953125,307.0216369628906,183.3837890625,114.29537963867188,20959.91979047656,845.8023681640625,249.8739471435547,1920,1080,926.267333984375,216.98497009277344,828.3487548828125,227.18505859375,97.9185791015625,10.200088500976562,5.946999959876872,right,False,"{'safe_roi': (450, 80, 1500, 420), 'cylinder_roi': (800, 190, 1000, 300)}",ok_cylinder_inside_confirmed
2026-09-28 17:08:53,2026-09-28,10331234,10520,47,94.81586456298828,,31.40185546875,0.7976236343383789,753.7476196289062,193.6888427734375,936.4098510742188,309.73809814453125,182.6622314453125,116.04925537109375,21197.8159436509,845.0787353515625,251.71347045898438,1920,1080,923.54931640625,219.5224609375,828.9423828125,225.81338500976562,94.60693359375,6.290924072265625,3.8043041886139504,right,False,"{'safe_roi': (450, 80, 1500, 420), 'cylinder_roi': (800, 190, 1000, 300)}",ok_cylinder_inside_confirmed
2026-09-28 17:35:10,2026-09-28,10361905,10520,48,108.318115234375,,43.96771240234375,0.7883334159851074,861.3939819335938,192.3313446044922,1048.4654541015625,309.24298095703125,187.07147216796875,116.91163635253906,21870.831926035695,954.9296875,250.78717041015625,1920,1080,859.1343994140625,231.45989990234375,967.4133911132812,228.5489501953125,108.27899169921875,2.91094970703125,1.5399567979435567,left,False,"{'safe_roi': (450, 80, 1500, 420), 'cylinder_roi': (800, 190, 1000, 300)}",ok_cylinder_inside_confirmed
2026-09-28 17:59:38,2026-09-28,10388702,10520,49,99.50276184082031,,38.909088134765625,0.7785087823867798,802.245361328125,187.24172973632812,995.71728515625,295.4728088378906,193.471923828125,108.2310791015625,20939.67509177327,898.9813232421875,241.35726928710938,1920,1080,985.506103515625,212.75486755371094,886.4627685546875,222.30563354492188,99.0433349609375,9.550765991210938,5.50801150575265,right,False,"{'safe_roi': (450, 80, 1500, 420), 'cylinder_roi': (800, 190, 1000, 300)}",ok_cylinder_inside_confirmed
2026-09-28 17:59:43,2026-09-28,10388784,10520,49,116.66376495361328,,33.507476806640625,0.7767192721366882,802.3335571289062,187.73977661132812,992.0825805664062,298.2507019042969,189.7490234375,110.51092529296875,20969.34015351534,897.2080688476562,242.9952392578125,1920,1080,994.819091796875,206.43283081054688,879.116455078125,221.37716674804688,115.70263671875,14.9443359375,7.3596677738072644,right,False,"{'safe_roi': (450, 80, 1500, 420), 'cylinder_roi': (800, 190, 1000, 300)}",ok_cylinder_inside_confirmed
2026-09-28 18:02:21,2026-09-28,10391362,10520,50,111.58821105957031,,46.611328125,0.7958743572235107,824.9048461914062,187.51461791992188,1021.1780395507812,300.73150634765625,196.273193359375,113.21688842773438,22221.440233923495,923.0414428710938,244.12306213378906,1920,1080,828.8793334960938,220.07797241210938,940.44970703125,222.07315063476562,111.57037353515625,1.99517822265625,1.0244933722161493,left,False,"{'safe_roi': (450, 80, 1500, 420), 'cylinder_roi': (800, 190, 1000, 300)}",ok_cylinder_inside_confirmed
2026-09-28 18:02:26,2026-09-28,10391445,10520,50,111.8893814086914,,45.15626525878906,0.7975062727928162,824.2020874023438,187.46319580078125,1019.3132934570312,299.46221923828125,195.1112060546875,111.9990234375,21852.264539837837,921.7576904296875,243.46270751953125,1920,1080,831.6498413085938,222.9837188720703,943.5006103515625,225.92286682128906,111.85076904296875,2.93914794921875,1.5052380058583144,left,False,"{'safe_roi': (450, 80, 1500, 420), 'cylinder_roi': (800, 190, 1000, 300)}",ok_cylinder_inside_confirmed
2026-09-28 18:24:57,2026-09-28,10413279,10520,51,97.78507995605469,,34.072296142578125,0.7639073133468628,793.3936767578125,189.80226135253906,980.9127197265625,299.0604248046875,187.51904296875,109.25816345214844,20487.986247070134,887.1531982421875,244.43133544921875,1920,1080,968.8816528320312,222.32241821289062,871.2426147460938,227.66464233398438,97.6390380859375,5.34222412109375,3.131759718796172,right,False,"{'safe_roi': (450, 80, 1500, 420), 'cylinder_roi': (800, 190, 1000, 300)}",ok_cylinder_inside_confirmed
2026-09-28 18:25:02,2026-09-28,10413364,10520,51,93.70196533203125,,32.4559326171875,0.7637872099876404,793.8943481445312,190.1142120361328,980.8040161132812,298.46197509765625,186.90966796875,108.34776306152344,20251.24441898614,887.3491821289062,244.2880859375,1920,1080,967.447998046875,224.0260009765625,873.83154296875,228.02821350097656,93.616455078125,4.0022125244140625,2.447970699560684,right,False,"{'safe_roi': (450, 80, 1500, 420), 'cylinder_roi': (800, 190, 1000, 300)}",ok_cylinder_inside_confirmed
2026-09-28 18:25:15,2026-09-28,10413566,10520,51,102.11680603027344,,33.78541564941406,0.7684769630432129,793.8544311523438,190.11801147460938,980.5932006835938,299.4875183105469,186.73876953125,109.3695068359375,20423.527130782604,887.2238159179688,244.80276489257812,1920,1080,972.91064453125,219.54623413085938,871.0746459960938,227.114013671875,101.83599853515625,7.567779541015625,4.250032233581056,right,False,"{'safe_roi': (450, 80, 1500, 420), 'cylinder_roi': (800, 190, 1000, 300)}",ok_cylinder_inside_confirmed
2026-09-28 18:25:20,2026-09-28,10413647,10520,51,101.62200927734375,,36.39106750488281,0.76226407289505,795.3493041992188,190.05560302734375,981.1730346679688,299.5178527832031,185.82373046875,109.46224975585938,20340.683595135808,888.2611694335938,244.78672790527344,1920,1080,973.0032958984375,219.24716186523438,871.6902465820312,227.1654052734375,101.31304931640625,7.918243408203125,4.468936101153264,right,False,"{'safe_roi': (450, 80, 1500, 420), 'cylinder_roi': (800, 190, 1000, 300)}",ok_cylinder_inside_confirmed
2026-09-28 18:26:22,2026-09-28,10414641,10520,52,90.0425796508789,,36.66316223144531,0.7848802804946899,798.154541015625,189.96902465820312,976.6298828125,300.6310119628906,178.475341796875,110.6619873046875,19750.436008125544,887.3922119140625,245.30001831054688,1920,1080,955.736572265625,224.04458618164062,865.7499389648438,227.2181396484375,89.98663330078125,3.173553466796875,2.019809883002734,right,False,"{'safe_roi': (450, 80, 1500, 420), 'cylinder_roi': (800, 190, 1000, 300)}",ok_cylinder_inside_confirmed
2026-09-28 18:26:34,2026-09-28,10414836,10520,52,98.7446060180664,,38.85882568359375,0.7797407507896423,792.93212890625,189.03155517578125,974.6226806640625,299.7336730957031,181.6905517578125,110.70211791992188,20113.528885629028,883.7774047851562,244.3826141357422,1920,1080,970.1739501953125,221.9709930419922,871.6873779296875,229.10488891601562,98.486572265625,7.1338958740234375,4.142996216207399,right,False,"{'safe_roi': (450, 80, 1500, 420), 'cylinder_roi': (800, 190, 1000, 300)}",ok_cylinder_inside_confirmed
2026-09-28 18:26:46,2026-09-28,10415025,10520,52,93.24806213378906,,37.778350830078125,0.7657832503318787,795.6099853515625,189.75364685058594,974.1767578125,301.22125244140625,178.5667724609375,111.46760559082031,19904.410564301535,884.8933715820312,245.48745727539062,1920,1080,967.4981689453125,222.10745239257812,874.4876708984375,228.75942993164062,93.010498046875,6.6519775390625,4.090746940831702,right,False,"{'safe_roi': (450, 80, 1500, 420), 'cylinder_roi': (800, 190, 1000, 300)}",ok_cylinder_inside_confirmed
2026-09-28 18:27:42,2026-09-28,10415939,10520,53,101.48455810546875,,36.30572509765625,0.7716259360313416,789.75048828125,190.52642822265625,975.36962890625,299.3191223144531,185.619140625,108.79269409179688,20194.00638359785,882.56005859375,244.9227752685547,1920,1080,973.7987670898438,221.73040771484375,872.57763671875,229.03787231445312,101.22113037109375,7.307464599609375,4.129194850632564,right,False,"{'safe_roi': (450, 80, 1500, 420), 'cylinder_roi': (800, 190, 1000, 300)}",ok_cylinder_inside_confirmed
2026-09-28 18:51:53,2026-09-28,10439143,10520,54,94.16487884521484,,38.57655334472656,0.7632415890693665,777.640869140625,189.2112579345703,957.72705078125,300.50689697265625,180.086181640625,111.29563903808594,20042.80666762218,867.6839599609375,244.85906982421875,1920,1080,945.5184326171875,219.48216247558594,851.666259765625,227.14993286132812,93.8521728515625,7.6677703857421875,4.670720528738262,right,False,"{'safe_roi': (450, 80, 1500, 420), 'cylinder_roi': (800, 190, 1000, 300)}",ok_cylinder_inside_confirmed
2026-09-28 18:51:58,2026-09-28,10439222,10520,54,98.6839370727539,,42.54791259765625,0.762053370475769,780.0733032226562,189.11492919921875,956.2521362304688,302.25830078125,176.1788330078125,113.14337158203125,19933.467167891562,868.1627197265625,245.68661499023438,1920,1080,950.365966796875,215.02578735351562,852.26220703125,225.71087646484375,98.103759765625,10.685089111328125,6.215936738203485,right,False,"{'safe_roi': (450, 80, 1500, 420), 'cylinder_roi': (800, 190, 1000, 300)}",ok_cylinder_inside_confirmed
2026-09-28 18:52:03,2026-09-28,10439308,10520,54,100.82439422607422,,45.750518798828125,0.7639085650444031,777.7099609375,188.3113555908203,960.47509765625,299.7265625,182.76513671875,111.41520690917969,20362.815523304045,869.092529296875,244.01895141601562,1920,1080,954.212646484375,217.24143981933594,853.967041015625,228.02928161621094,100.24560546875,10.787841796875,6.142196694695224,right,False,"{'safe_roi': (450, 80, 1500, 420), 'cylinder_roi': (800, 190, 1000, 300)}",ok_cylinder_inside_confirmed
2026-09-28 18:52:10,2026-09-28,10439428,10520,54,103.6118392944336,,46.332855224609375,0.7571945190429688,775.181640625,188.6859588623047,959.04541015625,301.8843994140625,183.86376953125,113.19844055175781,20813.091984905303,867.113525390625,245.28518676757812,1920,1080,952.269287109375,217.03524780273438,849.149169921875,227.11761474609375,103.1201171875,10.082366943359375,5.584233173142268,right,False,"{'safe_roi': (450, 80, 1500, 420), 'cylinder_roi': (800, 190, 1000, 300)}",ok_cylinder_inside_confirmed
2026-09-28 18:52:15,2026-09-28,10439509,10520,54,100.71226501464844,,44.842987060546875,0.7672011852264404,779.3131713867188,189.36880493164062,956.6141967773438,302.4186096191406,177.301025390625,113.0498046875,20043.846291303635,867.9636840820312,245.89370727539062,1920,1080,953.2332153320312,216.37716674804688,853.0369873046875,226.55929565429688,100.19622802734375,10.18212890625,5.802585009326181,right,False,"{'safe_roi': (450, 80, 1500, 420), 'cylinder_roi': (800, 190, 1000, 300)}",ok_cylinder_inside_confirmed
2026-09-28 18:52:22,2026-09-28,10439623,10520,54,97.77606201171875,,43.400482177734375,0.7696046829223633,778.343505859375,188.74903869628906,957.6519775390625,301.7064208984375,179.3084716796875,112.95738220214844,20254.21556760557,867.9977416992188,245.22772216796875,1920,1080,952.6372680664062,216.2947998046875,855.4246826171875,226.77676391601562,97.21258544921875,10.481964111328125,6.154151054186704,right,False,"{'safe_roi': (450, 80, 1500, 420), 'cylinder_roi': (800, 190, 1000, 300)}",ok_cylinder_inside_confirmed
2026-09-28 18:53:41,2026-09-28,10440888,10520,55,112.41121673583984,,43.97540283203125,0.7891585826873779,859.4617919921875,189.15768432617188,1045.4188232421875,304.60516357421875,185.95703125,115.44747924804688,21468.27050626278,952.4403076171875,246.8814239501953,1920,1080,858.504150390625,221.92471313476562,970.8597412109375,225.46075439453125,112.3555908203125,3.536041259765625,1.802610695081555,left,False,"{'safe_roi': (450, 80, 1500, 420), 'cylinder_roi': (800, 190, 1000, 300)}",ok_cylinder_inside_confirmed
2026-09-28 18:53:46,2026-09-28,10440967,10520,55,108.19602966308594,,43.83909606933594,0.7958696484565735,871.0244140625,190.74061584472656,1054.764404296875,310.2967834472656,183.739990234375,119.55616760253906,21967.249067749828,962.8944091796875,250.51870727539062,1920,1080,867.4652709960938,221.75350952148438,975.65966796875,221.1593017578125,108.19439697265625,0.594207763671875,0.3146674474019302,left,False,"{'safe_roi': (450, 80, 1500, 420), 'cylinder_roi': (800, 190, 1000, 300)}",ok_cylinder_inside_confirmed
2026-09-28 18:54:09,2026-09-28,10441351,10520,56,105.8836898803711,,38.62831115722656,0.7644298672676086,797.47705078125,190.2037353515625,978.28759765625,296.9113464355469,180.810546875,106.70761108398438,19293.861515820026,887.88232421875,243.5575408935547,1920,1080,802.7349853515625,220.93402099609375,908.4345092773438,227.17636108398438,105.69952392578125,6.242340087890625,3.3798146245016407,left,False,"{'safe_roi': (450, 80, 1500, 420), 'cylinder_roi': (800, 190, 1000, 300)}",ok_cylinder_inside_confirmed
2026-09-28 18:54:16,2026-09-28,10441451,10520,56,97.88888549804688,,36.411773681640625,0.763026773929596,795.5726318359375,190.6102294921875,970.8323974609375,294.67706298828125,175.259765625,104.06683349609375,18238.72884786129,883.2025146484375,242.64364624023438,1920,1080,804.313232421875,220.780029296875,901.9691772460938,227.52911376953125,97.65594482421875,6.74908447265625,3.9534731676270463,left,False,"{'safe_roi': (450, 80, 1500, 420), 'cylinder_roi': (800, 190, 1000, 300)}",ok_cylinder_inside_confirmed
2026-09-28 19:13:46,2026-09-28,10460081,10520,57,96.6571273803711,,37.433837890625,0.805855929851532,794.4119873046875,187.0945587158203,986.7923583984375,298.3043212890625,192.38037109375,111.20976257324219,21394.575393088162,890.6021728515625,242.69943237304688,1920,1080,977.344482421875,206.218017578125,881.72216796875,220.32382202148438,95.622314453125,14.105804443359375,8.391514315688267,right,False,"{'safe_roi': (450, 80, 1500, 420), 'cylinder_roi': (800, 190, 1000, 300)}",ok_cylinder_inside_confirmed
2026-09-28 19:13:54,2026-09-28,10460217,10520,57,97.25360870361328,,40.072967529296875,0.7884110808372498,791.6847534179688,188.0013885498047,985.9161987304688,297.826416015625,194.2314453125,109.82502746582031,21331.47381617129,888.8004760742188,242.91390991210938,1920,1080,974.4751586914062,210.51040649414062,877.781494140625,220.93153381347656,96.69366455078125,10.421127319335938,6.151290254885188,right,False,"{'safe_roi': (450, 80, 1500, 420), 'cylinder_roi': (800, 190, 1000, 300)}",ok_cylinder_inside_confirmed
2026-09-28 20:17:07,2026-09-28,10534398,10558,58,101.06218719482422,,39.16758728027344,0.7819699645042419,762.2393798828125,192.20816040039062,949.0196533203125,306.9559020996094,186.7802734375,114.74774169921875,21432.6145709157,855.6295166015625,249.58203125,1920,1080,937.0238037109375,213.24539184570312,837.1114501953125,228.44696044921875,99.912353515625,15.201568603515625,8.651148881876399,right,False,"{'safe_roi': (450, 80, 1500, 420), 'cylinder_roi': (800, 190, 1000, 300)}",ok_cylinder_inside_confirmed
2026-09-28 20:17:12,2026-09-28,10534498,10558,58,92.10546875,,35.5096435546875,0.7789726257324219,766.068603515625,191.1502685546875,948.008544921875,308.5045471191406,181.93994140625,117.35427856445312,21351.430565789342,857.03857421875,249.82740783691406,1920,1080,934.3886108398438,217.30548095703125,842.6131591796875,225.09548950195312,91.77545166015625,7.790008544921875,4.851703746966017,right,False,"{'safe_roi': (450, 80, 1500, 420), 'cylinder_roi': (800, 190, 1000, 300)}",ok_cylinder_inside_confirmed
2026-09-28 20:17:17,2026-09-28,10534596,10558,58,92.87984466552734,,33.76507568359375,0.7883870601654053,767.8955078125,190.58160400390625,946.004150390625,309.5342102050781,178.108642578125,118.95260620117188,21186.487221620977,856.9498291015625,250.0579071044922,1920,1080,933.4796142578125,216.73666381835938,841.22705078125,227.51300048828125,92.2525634765625,10.776336669921875,6.662719868390779,right,False,"{'safe_roi': (450, 80, 1500, 420), 'cylinder_roi': (800, 190, 1000, 300)}",ok_cylinder_inside_confirmed
2026-09-28 20:17:22,2026-09-28,10534695,10558,58,95.82534790039062,,35.578582763671875,0.7895634770393372,768.1499633789062,189.90347290039062,945.0225219726562,309.0877990722656,176.87255859375,119.184326171875,21080.436714291573,856.5862426757812,249.49563598632812,1920,1080,931.33935546875,215.3546905517578,836.3922119140625,228.29830932617188,94.9471435546875,12.943618774414062,7.762962758950701,right,False,"{'safe_roi': (450, 80, 1500, 420), 'cylinder_roi': (800, 190, 1000, 300)}",ok_cylinder_inside_confirmed
2026-09-28 20:33:20,2026-09-28,10553154,10558,59,88.22698974609375,,33.65736389160156,0.806370198726654,764.1583251953125,191.01576232910156,939.3719482421875,303.19586181640625,175.213623046875,112.18009948730469,19655.48166492954,851.76513671875,247.10580444335938,1920,1080,929.9977416992188,211.16363525390625,842.4104614257812,221.7688446044922,87.5872802734375,10.605209350585938,6.903857820912628,right,False,"{'safe_roi': (450, 80, 1500, 420), 'cylinder_roi': (800, 190, 1000, 300)}",ok_cylinder_inside_confirmed
2026-09-28 20:34:41,2026-09-28,10554702,10558,60,82.30528259277344,,29.677291870117188,0.7997100353240967,773.8590698242188,192.9761505126953,936.7658081054688,309.7950744628906,162.90673828125,116.81892395019531,19030.589870251715,855.3124389648438,251.3856201171875,1920,1080,929.2704467773438,210.783447265625,848.1082763671875,224.45318603515625,81.16217041015625,13.66973876953125,9.560316559650207,right,False,"{'safe_roi': (450, 80, 1500, 420), 'cylinder_roi': (800, 190, 1000, 300)}",ok_cylinder_inside_confirmed
2026-09-28 20:34:46,2026-09-28,10554799,10558,60,82.7915267944336,,29.485092163085938,0.8044282793998718,772.889404296875,192.33494567871094,937.3197021484375,308.5741271972656,164.4302978515625,116.23918151855469,19113.243239117786,855.1045532226562,250.45452880859375,1920,1080,928.0858154296875,207.8046417236328,846.790771484375,223.47474670410156,81.2950439453125,15.67010498046875,10.910293373368994,right,False,"{'safe_roi': (450, 80, 1500, 420), 'cylinder_roi': (800, 190, 1000, 300)}",ok_cylinder_inside_confirmed
2026-09-28 20:34:59,2026-09-28,10555043,10558,60,81.5693130493164,,30.456451416015625,0.8010369539260864,776.1994018554688,193.80291748046875,936.5944213867188,305.9113464355469,160.39501953125,112.10842895507812,17981.63365186751,856.3969116210938,249.8571319580078,1920,1080,928.6909790039062,211.51904296875,848.10107421875,224.12142944335938,80.58990478515625,12.602386474609375,8.887747540749686,right,False,"{'safe_roi': (450, 80, 1500, 420), 'cylinder_roi': (800, 190, 1000, 300)}",ok_cylinder_inside_confirmed
2026-09-28 20:39:29,2026-09-28,10560226,10558,61,108.39317321777344,,28.79766845703125,0.8201248645782471,745.2169799804688,192.28201293945312,934.4608764648438,311.5499572753906,189.243896484375,119.2679443359375,22570.730511814356,839.8389282226562,251.91598510742188,1920,1080,926.4451293945312,212.29063415527344,819.4822387695312,229.84115600585938,106.962890625,17.550521850585938,9.318088937036705,right,False,"{'safe_roi': (450, 80, 1500, 420), 'cylinder_roi': (800, 190, 1000, 300)}",ok_cylinder_inside_confirmed
2026-09-28 20:40:37,2026-09-28,10561554,10558,62,102.78706359863281,,24.534942626953125,0.8160851001739502,752.5343017578125,196.14915466308594,935.2646484375,315.9183349609375,182.7303466796875,119.76918029785156,21885.463837368414,843.8994750976562,256.03375244140625,1920,1080,921.5678100585938,217.127685546875,819.9967651367188,232.89169311523438,101.571044921875,15.764007568359375,8.822022874024658,right,False,"{'safe_roi': (450, 80, 1500, 420), 'cylinder_roi': (800, 190, 1000, 300)}",ok_cylinder_inside_confirmed
2026-09-28 20:40:49,2026-09-28,10561776,10558,62,103.33474731445312,,23.9954833984375,0.8136719465255737,750.5656127929688,195.5008544921875,932.2426147460938,313.2283935546875,181.677001953125,117.7275390625,21388.386344194412,841.4041137695312,254.3646240234375,1920,1080,921.4789428710938,215.3829345703125,819.58154296875,232.55821228027344,101.89739990234375,17.175277709960938,9.56753817841095,right,False,"{'safe_roi': (450, 80, 1500, 420), 'cylinder_roi': (800, 190, 1000, 300)}",ok_cylinder_inside_confirmed
2026-09-28 20:48:32,2026-09-28,10570734,10558,63,102.66808319091797,,37.02339172363281,0.7811558246612549,759.509521484375,191.19847106933594,950.9359130859375,306.0534973144531,191.4263916015625,114.85502624511719,21986.28323140554,855.2227172851562,248.6259765625,1920,1080,938.367919921875,214.6435089111328,836.6624755859375,228.66986083984375,101.7054443359375,14.026351928710938,7.852215804252817,right,False,"{'safe_roi': (450, 80, 1500, 420), 'cylinder_roi': (800, 190, 1000, 300)}",ok_cylinder_inside_confirmed
2026-09-28 20:48:55,2026-09-28,10571196,10558,64,96.43247985839844,,35.45420837402344,0.7878139019012451,764.6192016601562,190.54031372070312,946.9776000976562,305.14349365234375,182.3583984375,114.60317993164062,20898.852348178625,855.7984008789062,247.84190368652344,1920,1080,933.8474731445312,218.5686492919922,837.61962890625,224.84762573242188,96.22784423828125,6.2789764404296875,3.733322406319925,right,False,"{'safe_roi': (450, 80, 1500, 420), 'cylinder_roi': (800, 190, 1000, 300)}",ok_cylinder_inside_confirmed
2026-09-28 20:49:00,2026-09-28,10571293,10558,64,93.1360855102539,,35.58111572265625,0.7925423383712769,767.92333984375,191.71701049804688,944.8568115234375,306.07843017578125,176.9334716796875,114.36141967773438,20234.363009799272,856.3900756835938,248.89772033691406,1920,1080,933.031982421875,218.04052734375,840.1036376953125,224.25775146484375,92.9283447265625,6.21722412109375,3.827579593615075,right,False,"{'safe_roi': (450, 80, 1500, 420), 'cylinder_roi': (800, 190, 1000, 300)}",ok_cylinder_inside_confirmed
2026-09-28 20:52:03,2026-09-28,10574859,10558,65,101.53085327148438,,30.842544555664062,0.7931806445121765,754.1363525390625,191.2948455810547,942.85400390625,309.6528625488281,188.7176513671875,118.35801696777344,22336.24698263593,848.4951782226562,250.47384643554688,1920,1080,932.69287109375,215.65602111816406,832.0526123046875,229.07440185546875,100.6402587890625,13.418380737304688,7.594464127545895,right,False,"{'safe_roi': (450, 80, 1500, 420), 'cylinder_roi': (800, 190, 1000, 300)}",ok_cylinder_inside_confirmed
2026-09-28 20:52:08,2026-09-28,10574954,10558,65,104.60517120361328,,35.31047058105469,0.79648357629776,752.7032470703125,192.47796630859375,944.5069580078125,310.03857421875,191.8037109375,117.56060791015625,22548.560857236385,848.6051025390625,251.25827026367188,1920,1080,934.1262817382812,217.1898193359375,830.2255249023438,229.30902099609375,103.9007568359375,12.11920166015625,6.65303593702652,right,False,"{'safe_roi': (450, 80, 1500, 420), 'cylinder_roi': (800, 190, 1000, 300)}",ok_cylinder_inside_confirmed
2026-09-28 20:52:13,2026-09-28,10575051,10558,65,100.94855499267578,,36.92320251464844,0.7868258357048035,754.2933959960938,192.12875366210938,941.1290893554688,310.7974853515625,186.835693359375,118.66873168945312,22171.55476527661,847.7112426757812,251.46311950683594,1920,1080,929.72998046875,217.26522827148438,829.4945068359375,229.24273681640625,100.2354736328125,11.977508544921875,6.814175170269545,right,False,"{'safe_roi': (450, 80, 1500, 420), 'cylinder_roi': (800, 190, 1000, 300)}",ok_cylinder_inside_confirmed
2026-09-28 20:52:18,2026-09-28,10575151,10558,65,102.9628677368164,,35.63554382324219,0.7951629161834717,753.9337158203125,192.60804748535156,938.350830078125,310.8519287109375,184.4171142578125,118.24388122558594,21806.195354266092,846.1422729492188,251.72998046875,1920,1080,931.6273803710938,215.43545532226562,829.4337158203125,227.99757385253906,102.19366455078125,12.562118530273438,7.007906110394293,right,False,"{'safe_roi': (450, 80, 1500, 420), 'cylinder_roi': (800, 190, 1000, 300)}",ok_cylinder_inside_confirmed
2026-09-28 20:53:02,2026-09-28,10575996,10558,66,101.70205688476562,,29.08343505859375,0.8194162845611572,751.8726806640625,192.51702880859375,933.6302490234375,310.97381591796875,181.757568359375,118.456787109375,21530.417580664158,842.75146484375,251.74542236328125,1920,1080,924.98974609375,216.87942504882812,823.8997802734375,228.02066040039062,101.0899658203125,11.1412353515625,6.289248203761215,right,False,"{'safe_roi': (450, 80, 1500, 420), 'cylinder_roi': (800, 190, 1000, 300)}",ok_cylinder_inside_confirmed
2026-09-28 21:45:59,2026-09-28,10637662,10558,67,100.8369369506836,,37.673187255859375,0.7835960984230042,841.6209716796875,189.53306579589844,1029.8858642578125,300.8132629394531,188.264892578125,111.28019714355469,20950.154361303896,935.75341796875,245.17315673828125,1920,1080,850.5584106445312,236.79039001464844,951.225830078125,230.9458770751953,100.66741943359375,5.844512939453125,3.32272787630896,left,False,"{'safe_roi': (450, 80, 1500, 420), 'cylinder_roi': (800, 190, 1000, 300)}",ok_cylinder_inside_confirmed
2026-09-28 21:46:04,2026-09-28,10637756,10558,67,99.28709411621094,,33.04510498046875,0.7826464176177979,797.3461303710938,188.6995849609375,988.2855834960938,296.184326171875,190.939453125,107.4847412109375,20523.077706098557,892.8158569335938,242.44195556640625,1920,1080,808.9253540039062,238.59475708007812,907.6492919921875,228.03489685058594,98.72393798828125,10.559860229492188,6.105344909277896,left,False,"{'safe_roi': (450, 80, 1500, 420), 'cylinder_roi': (800, 190, 1000, 300)}",ok_cylinder_inside_confirmed
2026-09-28 21:46:09,2026-09-28,10637850,10558,67,96.41304779052734,,33.80767822265625,0.7827080488204956,799.4647216796875,188.99404907226562,987.71826171875,296.05596923828125,188.2535400390625,107.06192016601562,20154.785474631935,893.5914916992188,242.52500915527344,1920,1080,811.8121337890625,237.84283447265625,907.7999267578125,228.7974395751953,95.98779296875,9.045394897460938,5.383361405247591,left,False,"{'safe_roi': (450, 80, 1500, 420), 'cylinder_roi': (800, 190, 1000, 300)}",ok_cylinder_inside_confirmed
2026-09-28 21:46:14,2026-09-28,10637949,10558,67,98.36456298828125,,34.01402282714844,0.7940322160720825,798.9852905273438,189.51365661621094,986.5287475585938,298.1180114746094,187.54345703125,108.60435485839844,20368.036158792675,892.7570190429688,243.81582641601562,1920,1080,810.9884033203125,236.608642578125,908.927001953125,227.46432495117188,97.9385986328125,9.144317626953125,5.334120175382663,left,False,"{'safe_roi': (450, 80, 1500, 420), 'cylinder_roi': (800, 190, 1000, 300)}",ok_cylinder_inside_confirmed
2026-09-28 21:46:19,2026-09-28,10638046,10558,67,97.7352523803711,,34.06158447265625,0.7920904159545898,800.248046875,189.13348388671875,987.3759765625,297.0814514160156,187.1279296875,107.94796752929688,20200.0796777308,893.81201171875,243.1074676513672,1920,1080,811.0843505859375,235.97097778320312,908.4510498046875,227.49127197265625,97.36669921875,8.479705810546875,4.977354334401773,left,False,"{'safe_roi': (450, 80, 1500, 420), 'cylinder_roi': (800, 190, 1000, 300)}",ok_cylinder_inside_confirmed
2026-09-28 21:46:24,2026-09-28,10638142,10558,67,95.61158752441406,,34.16767883300781,0.7968597412109375,799.9728393554688,189.35147094726562,987.1073608398438,297.6995849609375,187.134521484375,108.34811401367188,20275.67246968299,893.5401000976562,243.52552795410156,1920,1080,810.3953247070312,236.61160278320312,905.6414794921875,228.26022338867188,95.24615478515625,8.35137939453125,5.010996646331904,left,False,"{'safe_roi': (450, 80, 1500, 420), 'cylinder_roi': (800, 190, 1000, 300)}",ok_cylinder_inside_confirmed
2026-09-28 21:46:29,2026-09-28,10638237,10558,67,95.25788116455078,,35.28889465332031,0.7918989062309265,799.760498046875,189.7476348876953,985.45751953125,297.1938171386719,185.697021484375,107.44618225097656,19952.436013873667,892.6090087890625,243.47073364257812,1920,1080,809.5048217773438,236.24993896484375,904.3184814453125,227.06114196777344,94.81365966796875,9.188796997070312,5.535491598302267,left,False,"{'safe_roi': (450, 80, 1500, 420), 'cylinder_roi': (800, 190, 1000, 300)}",ok_cylinder_inside_confirmed
2026-09-28 21:46:53,2026-09-28,10638699,10558,67,93.69513702392578,,36.4281005859375,0.7952743768692017,801.2413940429688,189.12692260742188,985.4744262695312,295.0018005371094,184.2330322265625,105.8748779296875,19505.649797603488,893.35791015625,242.06436157226562,1920,1080,813.6211547851562,229.8046875,907.2438354492188,226.12060546875,93.6226806640625,3.68408203125,2.253444372835642,left,False,"{'safe_roi': (450, 80, 1500, 420), 'cylinder_roi': (800, 190, 1000, 300)}",ok_cylinder_inside_confirmed
2026-09-28 21:47:08,2026-09-28,10638990,10558,67,90.22476959228516,,36.61138916015625,0.7929584980010986,802.5827026367188,190.0112762451172,980.1369018554688,297.5535888671875,177.55419921875,107.54231262207031,19094.589199744165,891.3598022460938,243.78244018554688,1920,1080,818.1799926757812,228.27890014648438,908.3504638671875,225.14926147460938,90.17047119140625,3.129638671875,1.9878252065169533,left,False,"{'safe_roi': (450, 80, 1500, 420), 'cylinder_roi': (800, 190, 1000, 300)}",ok_cylinder_inside_confirmed
2026-09-28 21:47:13,2026-09-28,10639090,10558,67,91.1678237915039,,35.81120300292969,0.7904486656188965,802.4778442382812,190.64508056640625,979.5328979492188,298.5128479003906,177.0550537109375,107.86776733398438,19098.533338997513,891.00537109375,244.57896423339844,1920,1080,817.9142456054688,229.56565856933594,908.9888916015625,225.44488525390625,91.07464599609375,4.1207733154296875,2.5906441567137355,left,False,"{'safe_roi': (450, 80, 1500, 420), 'cylinder_roi': (800, 190, 1000, 300)}",ok_cylinder_inside_confirmed
2026-09-28 21:47:18,2026-09-28,10639188,10558,67,91.12430572509766,,36.900604248046875,0.7874225974082947,801.88623046875,190.19589233398438,977.6337890625,298.3009948730469,175.74755859375,108.1051025390625,18999.20784276724,889.760009765625,244.24844360351562,1920,1080,817.7236328125,229.35189819335938,908.7825317382812,225.90003967285156,91.05889892578125,3.4518585205078125,2.1709275262659715,left,False,"{'safe_roi': (450, 80, 1500, 420), 'cylinder_roi': (800, 190, 1000, 300)}",ok_cylinder_inside_confirmed
2026-09-28 21:47:23,2026-09-28,10639289,10558,67,89.88408660888672,,36.45941162109375,0.7843664884567261,803.7584838867188,190.13180541992188,980.0597534179688,298.6083679199219,176.30126953125,108.4765625,19124.555683135986,891.9091186523438,244.37008666992188,1920,1080,818.1284790039062,228.498779296875,907.9788208007812,226.03598022460938,89.850341796875,2.462799072265625,1.5700849564885493,left,False,"{'safe_roi': (450, 80, 1500, 420), 'cylinder_roi': (800, 190, 1000, 300)}",ok_cylinder_inside_confirmed
2026-09-28 21:47:28,2026-09-28,10639390,10558,67,91.04016876220703,,35.5489501953125,0.7870383858680725,801.4033203125,190.5906219482422,977.6754150390625,298.4781799316406,176.2720947265625,107.88755798339844,19017.565840667114,889.5393676757812,244.53439331054688,1920,1080,818.7744750976562,229.60313415527344,909.7598876953125,226.4461669921875,90.98541259765625,3.1569671630859375,1.9872235911007856,left,False,"{'safe_roi': (450, 80, 1500, 420), 'cylinder_roi': (800, 190, 1000, 300)}",ok_cylinder_inside_confirmed
2026-09-28 21:47:33,2026-09-28,10639488,10558,67,92.04483795166016,,35.44970703125,0.7891932129859924,803.40185546875,190.2180938720703,980.8978271484375,297.5157470703125,177.4959716796875,107.29765319824219,19044.901213372126,892.1498413085938,243.86691284179688,1920,1080,818.2618408203125,228.58584594726562,910.29150390625,226.91433715820312,92.0296630859375,1.6715087890625,1.0405326593016664,left,False,"{'safe_roi': (450, 80, 1500, 420), 'cylinder_roi': (800, 190, 1000, 300)}",ok_cylinder_inside_confirmed
2026-09-28 21:47:47,2026-09-28,10639764,10558,67,92.09152221679688,,38.13427734375,0.7912362813949585,802.5863037109375,189.2039794921875,986.23486328125,296.7391052246094,183.6485595703125,107.53512573242188,19748.670943971723,894.4105834960938,242.97154235839844,1920,1080,814.96923828125,229.48519897460938,906.9682006835938,225.35733032226562,91.99896240234375,4.12786865234375,2.569060826336731,left,False,"{'safe_roi': (450, 80, 1500, 420), 'cylinder_roi': (800, 190, 1000, 300)}",ok_cylinder_inside_confirmed
2026-09-28 21:47:59,2026-09-28,10640007,10558,67,91.6601791381836,,37.39845275878906,0.7935347557067871,803.355224609375,189.8868408203125,984.3623046875,298.50091552734375,181.007080078125,108.61407470703125,19659.916518107057,893.8587646484375,244.19387817382812,1920,1080,818.7364501953125,230.33160400390625,910.22900390625,224.790771484375,91.4925537109375,5.54083251953125,3.465626952319677,left,False,"{'safe_roi': (450, 80, 1500, 420), 'cylinder_roi': (800, 190, 1000, 300)}",ok_cylinder_inside_confirmed
2026-09-28 21:48:04,2026-09-28,10640101,10558,67,91.75270080566406,,37.46728515625,0.7917245030403137,804.17041015625,189.33261108398438,985.089599609375,297.8052978515625,180.919189453125,108.47268676757812,19624.790567792952,894.6300048828125,243.56895446777344,1920,1080,818.54296875,229.39932250976562,910.1370849609375,224.00706481933594,91.5941162109375,5.3922576904296875,3.369183905078338,left,False,"{'safe_roi': (450, 80, 1500, 420), 'cylinder_roi': (800, 190, 1000, 300)}",ok_cylinder_inside_confirmed
2026-09-28 21:48:09,2026-09-28,10640200,10558,67,91.93379974365234,,37.398651123046875,0.7924573421478271,802.8495483398438,189.58468627929688,984.5391235351562,297.8472900390625,181.6895751953125,108.26260375976562,19670.18648665026,893.6943359375,243.7159881591797,1920,1080,818.5875244140625,230.57058715820312,910.36669921875,225.24078369140625,91.7791748046875,5.329803466796875,3.323549806465999,left,False,"{'safe_roi': (450, 80, 1500, 420), 'cylinder_roi': (800, 190, 1000, 300)}",ok_cylinder_inside_confirmed
2026-09-28 21:48:18,2026-09-28,10640368,10558,67,90.51581573486328,,36.87261962890625,0.7949751615524292,804.1048583984375,189.96432495117188,983.1910400390625,297.2221374511719,179.086181640625,107.2578125,19208.3920917511,893.64794921875,243.59323120117188,1920,1080,818.323486328125,229.19967651367188,908.7149658203125,224.45693969726562,90.3914794921875,4.74273681640625,3.0034893963655582,left,False,"{'safe_roi': (450, 80, 1500, 420), 'cylinder_roi': (800, 190, 1000, 300)}",ok_cylinder_inside_confirmed
2026-09-28 21:48:27,2026-09-28,10640535,10558,67,92.36659240722656,,37.1619873046875,0.7955479621887207,805.8828735351562,189.8066864013672,984.4800415039062,296.2151794433594,178.59716796875,106.40849304199219,19004.255505122244,895.1814575195312,243.01092529296875,1920,1080,817.1512451171875,226.56710815429688,909.4957275390625,224.54611206054688,92.344482421875,2.02099609375,1.2537410081958051,left,False,"{'safe_roi': (450, 80, 1500, 420), 'cylinder_roi': (800, 190, 1000, 300)}",ok_cylinder_inside_confirmed
2026-09-28 21:48:32,2026-09-28,10640634,10558,67,89.79701232910156,,36.3917236328125,0.7807669639587402,809.2673950195312,190.11155700683594,981.1685180664062,297.5697326660156,171.901123046875,107.45817565917969,18472.181076381356,895.2179565429688,243.84063720703125,1920,1080,820.2567749023438,224.6438446044922,910.03857421875,222.99111938476562,89.78179931640625,1.6527252197265625,1.0545955477484135,left,False,"{'safe_roi': (450, 80, 1500, 420), 'cylinder_roi': (800, 190, 1000, 300)}",ok_cylinder_inside_confirmed
2026-09-28 21:48:37,2026-09-28,10640729,10558,67,88.50464630126953,,36.26182556152344,0.7898382544517517,809.287109375,189.72613525390625,981.922119140625,298.3601989746094,172.635009765625,108.63406372070312,18754.042651303113,895.6046142578125,244.0431671142578,1920,1080,821.7202758789062,224.27151489257812,910.2243041992188,223.94122314453125,88.5040283203125,0.330291748046875,0.21382343465684847,left,False,"{'safe_roi': (450, 80, 1500, 420), 'cylinder_roi': (800, 190, 1000, 300)}",ok_cylinder_inside_confirmed
2026-09-28 21:48:42,2026-09-28,10640823,10558,67,91.76785278320312,,37.55049133300781,0.7882382273674011,807.740966796875,188.930419921875,983.3582763671875,297.91131591796875,175.6173095703125,108.98089599609375,19138.931749396026,895.5496215820312,243.42086791992188,1920,1080,820.3978881835938,223.8646697998047,912.158203125,222.68878173828125,91.76031494140625,1.1758880615234375,0.734192504932109,left,False,"{'safe_roi': (450, 80, 1500, 420), 'cylinder_roi': (800, 190, 1000, 300)}",ok_cylinder_inside_confirmed
2026-09-28 21:48:47,2026-09-28,10640923,10558,67,91.55992889404297,,36.0301513671875,0.787421464920044,808.3259887695312,189.37710571289062,983.5426635742188,299.7208251953125,175.2166748046875,110.34371948242188,19334.059613291174,895.934326171875,244.54896545410156,1920,1080,821.4630737304688,227.546630859375,912.979736328125,224.73223876953125,91.51666259765625,2.81439208984375,1.761449541852927,left,False,"{'safe_roi': (450, 80, 1500, 420), 'cylinder_roi': (800, 190, 1000, 300)}",ok_cylinder_inside_confirmed
2026-09-28 21:48:52,2026-09-28,10641020,10558,67,91.54976654052734,,37.106353759765625,0.7837233543395996,808.142822265625,188.6732177734375,984.135986328125,299.0367736816406,175.9931640625,110.36355590820312,19423.231401473284,896.139404296875,243.85499572753906,1920,1080,819.00146484375,226.43093872070312,910.5357666015625,224.7483673095703,91.5343017578125,1.6825714111328125,1.0530848308139782,left,False,"{'safe_roi': (450, 80, 1500, 420), 'cylinder_roi': (800, 190, 1000, 300)}",ok_cylinder_inside_confirmed
2026-09-28 21:53:17,2026-09-28,10646176,10558,68,92.36235046386719,,34.27943420410156,0.8333138227462769,834.9305419921875,191.5489044189453,1016.804443359375,300.1826171875,181.8739013671875,108.63371276855469,19757.637161219493,925.8674926757812,245.86575317382812,1920,1080,858.1236572265625,216.4222412109375,949.662353515625,228.72958374023438,91.5386962890625,12.307342529296875,7.657475243169753,left,False,"{'safe_roi': (450, 80, 1500, 420), 'cylinder_roi': (800, 190, 1000, 300)}",ok_cylinder_inside_confirmed
2026-09-28 22:19:26,2026-09-28,10671603,10558,69,90.32374572753906,,38.152099609375,0.798021137714386,787.5084228515625,188.56234741210938,966.6553955078125,297.2063293457031,179.14697265625,108.64398193359375,19463.24046072364,877.0819091796875,242.88433837890625,1920,1080,807.2068481445312,220.42015075683594,897.3561401367188,226.03118896484375,90.1492919921875,5.6110382080078125,3.5615878052731094,left,False,"{'safe_roi': (450, 80, 1500, 420), 'cylinder_roi': (800, 190, 1000, 300)}",ok_cylinder_inside_confirmed
2026-09-28 22:19:41,2026-09-28,10671845,10558,69,90.89335632324219,,37.35504150390625,0.7995659708976746,788.5782470703125,188.4266357421875,966.272705078125,298.1439514160156,177.6944580078125,109.71731567382812,19496.15894273296,877.4254760742188,243.28529357910156,1920,1080,805.83203125,220.109375,896.3956298828125,227.8447723388672,90.5635986328125,7.7353973388671875,4.88201121924572,left,False,"{'safe_roi': (450, 80, 1500, 420), 'cylinder_roi': (800, 190, 1000, 300)}",ok_cylinder_inside_confirmed
2026-09-28 22:19:47,2026-09-28,10671939,10558,69,90.36575317382812,,37.74713134765625,0.8014143705368042,788.5344848632812,188.0786590576172,966.5291137695312,298.3041076660156,177.99462890625,110.22544860839844,19619.53782107681,877.5317993164062,243.19137573242188,1920,1080,806.7918701171875,220.2721405029297,896.9283447265625,226.70526123046875,90.136474609375,6.4331207275390625,4.082328838322706,left,False,"{'safe_roi': (450, 80, 1500, 420), 'cylinder_roi': (800, 190, 1000, 300)}",ok_cylinder_inside_confirmed
2026-09-28 22:19:53,2026-09-28,10672038,10558,69,89.74907684326172,,37.31874084472656,0.8028994202613831,787.7915649414062,188.6260528564453,965.7523803710938,298.8924560546875,177.9608154296875,110.26640319824219,19623.09902765788,876.77197265625,243.75924682617188,1920,1080,807.7804565429688,218.3578338623047,897.1752319335938,226.32473754882812,89.394775390625,7.9669036865234375,5.092771741939453,left,False,"{'safe_roi': (450, 80, 1500, 420), 'cylinder_roi': (800, 190, 1000, 300)}",ok_cylinder_inside_confirmed
2026-09-28 22:21:16,2026-09-28,10673395,10558,70,107.14640808105469,,43.597808837890625,0.7788897156715393,805.4993896484375,188.17343139648438,996.9764404296875,299.7399597167969,191.47705078125,111.5665283203125,21362.429808676243,901.2379150390625,243.95669555664062,1920,1080,816.1734619140625,225.54061889648438,923.3161010742188,226.43899536132812,107.14263916015625,0.89837646484375,0.4804060644164515,left,False,"{'safe_roi': (450, 80, 1500, 420), 'cylinder_roi': (800, 190, 1000, 300)}",ok_cylinder_inside_confirmed
2026-09-28 22:21:23,2026-09-28,10673501,10558,70,95.00935363769531,,37.61448669433594,0.7914871573448181,811.6670532226562,189.5287322998047,989.3988647460938,294.9013366699219,177.7318115234375,105.37260437011719,18728.063859643415,900.532958984375,242.21502685546875,1920,1080,828.6907348632812,224.5606689453125,923.69970703125,224.29010009765625,95.00897216796875,0.27056884765625,0.16316786484533533,left,False,"{'safe_roi': (450, 80, 1500, 420), 'cylinder_roi': (800, 190, 1000, 300)}",ok_cylinder_inside_confirmed
2026-09-28 22:21:28,2026-09-28,10673582,10558,70,96.8052749633789,,38.52909851074219,0.7854421734809875,813.0109252929688,190.6727294921875,992.8772583007812,295.0354919433594,179.8663330078125,104.36276245117188,18771.34738465771,902.944091796875,242.85411071777344,1920,1080,827.4280395507812,223.07907104492188,924.2154541015625,224.93836975097656,96.78741455078125,1.8592987060546875,1.100523946098048,left,False,"{'safe_roi': (450, 80, 1500, 420), 'cylinder_roi': (800, 190, 1000, 300)}",ok_cylinder_inside_confirmed
2026-09-28 22:21:33,2026-09-28,10673661,10558,70,95.11336517333984,,37.00093078613281,0.7927583456039429,816.442138671875,190.51295471191406,987.4290771484375,296.95220947265625,170.9869384765625,106.43925476074219,18199.722305266187,901.9356079101562,243.73257446289062,1920,1080,833.48486328125,220.97378540039062,928.442626953125,226.41213989257812,94.957763671875,5.4383544921875,3.2778231040172363,left,False,"{'safe_roi': (450, 80, 1500, 420), 'cylinder_roi': (800, 190, 1000, 300)}",ok_cylinder_inside_confirmed
2026-09-28 22:21:38,2026-09-28,10673739,10558,70,94.4560775756836,,36.98979187011719,0.7824411392211914,815.2125244140625,189.9916229248047,987.475830078125,296.25274658203125,172.2633056640625,106.26112365722656,18304.892424771562,901.3441772460938,243.1221923828125,1920,1080,832.8355712890625,221.39813232421875,927.2005615234375,225.54531860351562,94.364990234375,4.147186279296875,2.516436076087681,left,False,"{'safe_roi': (450, 80, 1500, 420), 'cylinder_roi': (800, 190, 1000, 300)}",ok_cylinder_inside_confirmed
2026-09-28 22:21:43,2026-09-28,10673821,10558,70,95.55999755859375,,38.0404052734375,0.7865102887153625,816.3670043945312,189.63858032226562,988.9712524414062,295.22772216796875,172.604248046875,105.58914184570312,18225.13443019241,902.6691284179688,242.4331512451172,1920,1080,832.1918334960938,222.63189697265625,927.7061157226562,225.58746337890625,95.5142822265625,2.95556640625,1.772378531529862,left,False,"{'safe_roi': (450, 80, 1500, 420), 'cylinder_roi': (800, 190, 1000, 300)}",ok_cylinder_inside_confirmed
2026-09-28 22:21:48,2026-09-28,10673903,10558,70,94.75592803955078,,38.800506591796875,0.7874816656112671,815.7574462890625,189.66464233398438,990.8238525390625,296.2635803222656,175.06640625,106.59893798828125,18661.892983675003,903.2906494140625,242.964111328125,1920,1080,835.0797119140625,221.43267822265625,929.7239379882812,226.0323028564453,94.64422607421875,4.5996246337890625,2.782334447377414,left,False,"{'safe_roi': (450, 80, 1500, 420), 'cylinder_roi': (800, 190, 1000, 300)}",ok_cylinder_inside_confirmed
2026-09-28 22:21:53,2026-09-28,10673984,10558,70,92.36346435546875,,37.11863708496094,0.7834121584892273,813.8091430664062,190.3847198486328,988.4349975585938,295.7010498046875,174.6258544921875,105.31632995605469,18390.954110557213,901.1220703125,243.04287719726562,1920,1080,832.1517333984375,223.61917114257812,924.45068359375,227.07083129882812,92.2989501953125,3.45166015625,2.1416651479113225,left,False,"{'safe_roi': (450, 80, 1500, 420), 'cylinder_roi': (800, 190, 1000, 300)}",ok_cylinder_inside_confirmed
2026-09-28 22:22:24,2026-09-28,10674479,10558,71,88.96653747558594,,37.64996337890625,0.7642114162445068,814.2673950195312,190.1942901611328,990.5918579101562,297.560302734375,176.324462890625,107.36601257324219,18931.25449968502,902.4296264648438,243.87728881835938,1920,1080,831.0613403320312,222.42593383789062,920.0140380859375,223.99501037597656,88.95269775390625,1.5690765380859375,1.0105611531860421,left,False,"{'safe_roi': (450, 80, 1500, 420), 'cylinder_roi': (800, 190, 1000, 300)}",ok_cylinder_inside_confirmed
2026-09-28 22:22:39,2026-09-28,10674729,10558,71,91.53981018066406,,38.324859619140625,0.7753633260726929,807.697509765625,191.88694763183594,985.7115478515625,297.5836181640625,178.0140380859375,105.69667053222656,18815.491133680567,896.7045288085938,244.73529052734375,1920,1080,825.3051147460938,225.17755126953125,916.8333129882812,223.71971130371094,91.5281982421875,1.4578399658203125,0.9125167588480134,left,False,"{'safe_roi': (450, 80, 1500, 420), 'cylinder_roi': (800, 190, 1000, 300)}",ok_cylinder_inside_confirmed
2026-09-28 22:22:44,2026-09-28,10674813,10558,71,93.70842742919922,,37.00798034667969,0.786812961101532,807.1271362304688,191.48260498046875,988.8040161132812,296.1339111328125,181.6768798828125,104.65130615234375,19012.722777418792,897.965576171875,243.80825805664062,1920,1080,826.0090942382812,224.78759765625,919.716552734375,224.36077880859375,93.70745849609375,0.42681884765625,0.26096908257099294,left,False,"{'safe_roi': (450, 80, 1500, 420), 'cylinder_roi': (800, 190, 1000, 300)}",ok_cylinder_inside_confirmed
2026-09-28 22:22:49,2026-09-28,10674891,10558,71,93.21382904052734,,37.364410400390625,0.7878519296646118,808.5021362304688,190.4755401611328,989.8665161132812,295.84613037109375,181.3643798828125,105.37059020996094,19110.47175131552,899.184326171875,243.16082763671875,1920,1080,826.028076171875,223.27392578125,919.2391357421875,223.9923095703125,93.2110595703125,0.7183837890625,0.4415736120061248,left,False,"{'safe_roi': (450, 80, 1500, 420), 'cylinder_roi': (800, 190, 1000, 300)}",ok_cylinder_inside_confirmed
2026-09-28 22:22:54,2026-09-28,10674969,10558,71,91.6972427368164,,37.33293151855469,0.783322811126709,808.3114013671875,191.42709350585938,986.16015625,296.4737548828125,177.8487548828125,105.04666137695312,18682.417930487543,897.2357788085938,243.95042419433594,1920,1080,825.4931030273438,223.72210693359375,917.1864013671875,222.8712615966797,91.69329833984375,0.8508453369140625,0.5316467897225537,left,False,"{'safe_roi': (450, 80, 1500, 420), 'cylinder_roi': (800, 190, 1000, 300)}",ok_cylinder_inside_confirmed
2026-09-28 22:23:00,2026-09-28,10675050,10558,71,91.03840637207031,,36.42018127441406,0.7895086407661438,807.6599731445312,191.93316650390625,985.5399780273438,296.4712829589844,177.8800048828125,104.53811645507812,18595.24066546932,896.5999755859375,244.2022247314453,1920,1080,826.6635131835938,223.90615844726562,917.701904296875,223.85365295410156,91.03839111328125,0.0525054931640625,0.03304477143336438,left,False,"{'safe_roi': (450, 80, 1500, 420), 'cylinder_roi': (800, 190, 1000, 300)}",ok_cylinder_inside_confirmed
2026-09-28 22:23:05,2026-09-28,10675131,10558,71,93.0602035522461,,37.4176025390625,0.7912770509719849,810.358642578125,190.8213653564453,985.85888671875,296.27825927734375,175.500244140625,105.45689392089844,18507.71062942967,898.1087646484375,243.5498046875,1920,1080,827.1302490234375,223.08731079101562,920.1821899414062,224.327392578125,93.05194091796875,1.240081787109375,0.7635224594737144,left,False,"{'safe_roi': (450, 80, 1500, 420), 'cylinder_roi': (800, 190, 1000, 300)}",ok_cylinder_inside_confirmed
2026-09-28 22:23:10,2026-09-28,10675209,10558,71,93.11991882324219,,37.049530029296875,0.7893999218940735,808.971923828125,191.7835693359375,984.9151611328125,295.7283020019531,175.9432373046875,103.94473266601562,18288.37276602909,896.9435424804688,243.7559356689453,1920,1080,828.1901245117188,223.6273193359375,921.303466796875,224.73411560058594,93.11334228515625,1.1067962646484375,0.6810169930301211,left,False,"{'safe_roi': (450, 80, 1500, 420), 'cylinder_roi': (800, 190, 1000, 300)}",ok_cylinder_inside_confirmed
2026-09-28 22:23:15,2026-09-28,10675294,10558,71,92.1700439453125,,36.90754699707031,0.7828410267829895,809.278564453125,191.14865112304688,985.274169921875,296.25,175.99560546875,105.10134887695312,18497.375531181693,897.2763671875,243.69932556152344,1920,1080,827.1848754882812,223.49728393554688,919.3516845703125,224.26992797851562,92.16680908203125,0.77264404296875,0.4803052876002934,left,False,"{'safe_roi': (450, 80, 1500, 420), 'cylinder_roi': (800, 190, 1000, 300)}",ok_cylinder_inside_confirmed
2026-09-28 22:23:20,2026-09-28,10675371,10558,71,93.34859466552734,,37.16889953613281,0.7758873105049133,809.5897216796875,191.04739379882812,984.9202880859375,295.1802978515625,175.33056640625,104.13290405273438,18257.681049093604,897.2550048828125,243.1138458251953,1920,1080,825.84814453125,224.23770141601562,919.1966552734375,224.11508178710938,93.3485107421875,0.12261962890625,0.075261866795104,left,False,"{'safe_roi': (450, 80, 1500, 420), 'cylinder_roi': (800, 190, 1000, 300)}",ok_cylinder_inside_confirmed
2026-09-28 22:23:25,2026-09-28,10675454,10558,71,92.51599884033203,,37.2794189453125,0.7747952938079834,809.7720947265625,191.384033203125,985.053955078125,295.8919677734375,175.2818603515625,104.5079345703125,18318.345192983747,897.4130249023438,243.63800048828125,1920,1080,825.342041015625,223.49984741210938,917.8577270507812,223.26031494140625,92.51568603515625,0.239532470703125,0.14834423814429074,left,False,"{'safe_roi': (450, 80, 1500, 420), 'cylinder_roi': (800, 190, 1000, 300)}",ok_cylinder_inside_confirmed
2026-09-28 22:23:30,2026-09-28,10675535,10558,71,92.24565887451172,,37.344085693359375,0.7736355066299438,810.0235595703125,190.9881591796875,985.024169921875,294.47613525390625,175.0006103515625,103.48797607421875,18110.458977036178,897.5238647460938,242.73214721679688,1920,1080,827.8660278320312,222.7694549560547,920.1053466796875,223.85067749023438,92.23931884765625,1.0812225341796875,0.6715861692232198,left,False,"{'safe_roi': (450, 80, 1500, 420), 'cylinder_roi': (800, 190, 1000, 300)}",ok_cylinder_inside_confirmed
2026-09-28 22:23:35,2026-09-28,10675617,10558,71,92.45906066894531,,36.889312744140625,0.7744200229644775,810.753173828125,191.11279296875,985.7908935546875,294.62774658203125,175.0377197265625,103.51495361328125,18119.02143806964,898.2720336914062,242.87026977539062,1920,1080,826.7694091796875,222.4327392578125,919.2280883789062,222.69822692871094,92.45867919921875,0.2654876708984375,0.16451977663043824,left,False,"{'safe_roi': (450, 80, 1500, 420), 'cylinder_roi': (800, 190, 1000, 300)}",ok_cylinder_inside_confirmed
2026-09-28 22:23:40,2026-09-28,10675700,10558,71,90.54257202148438,,36.54310607910156,0.7752785086631775,810.7347412109375,191.3128662109375,986.6253662109375,294.6268615722656,175.890625,103.31399536132812,18171.963215351105,898.6800537109375,242.96986389160156,1920,1080,828.6357421875,222.33395385742188,919.177978515625,222.08868408203125,90.542236328125,0.245269775390625,0.15520810141193445,left,False,"{'safe_roi': (450, 80, 1500, 420), 'cylinder_roi': (800, 190, 1000, 300)}",ok_cylinder_inside_confirmed
2026-09-28 22:23:45,2026-09-28,10675782,10558,71,94.74591827392578,,37.136077880859375,0.7728956341743469,811.1019287109375,191.06594848632812,984.7354736328125,294.9579162597656,173.633544921875,103.8919677734375,18039.13065341115,897.918701171875,243.01193237304688,1920,1080,826.1273803710938,223.70419311523438,920.8729858398438,223.94911193847656,94.74560546875,0.2449188232421875,0.14811012678226107,left,False,"{'safe_roi': (450, 80, 1500, 420), 'cylinder_roi': (800, 190, 1000, 300)}",ok_cylinder_inside_confirmed
2026-09-28 22:23:50,2026-09-28,10675863,10558,71,93.95404815673828,,37.59326171875,0.7695716023445129,809.77978515625,191.2607879638672,983.98681640625,294.20989990234375,174.20703125,102.94911193847656,17934.459160625935,896.88330078125,242.7353515625,1920,1080,826.7927856445312,223.47164916992188,920.7464599609375,223.73634338378906,93.95367431640625,0.2646942138671875,0.1614180744115107,left,False,"{'safe_roi': (450, 80, 1500, 420), 'cylinder_roi': (800, 190, 1000, 300)}",ok_cylinder_inside_confirmed
2026-09-28 22:23:55,2026-09-28,10675944,10558,71,94.27864074707031,,37.61622619628906,0.7694916129112244,810.7394409179688,191.1586456298828,985.0430297851562,294.1007385253906,174.3035888671875,102.94209289550781,17943.176237186417,897.8912353515625,242.62969970703125,1920,1080,826.8399658203125,223.06344604492188,921.118408203125,223.25685119628906,94.2784423828125,0.1934051513671875,0.1175378282113756,left,False,"{'safe_roi': (450, 80, 1500, 420), 'cylinder_roi': (800, 190, 1000, 300)}",ok_cylinder_inside_confirmed
2026-09-28 22:24:00,2026-09-28,10676027,10558,71,93.80904388427734,,37.33943176269531,0.7795928716659546,810.3087768554688,192.0528564453125,983.3353881835938,295.90789794921875,173.026611328125,103.85504150390625,17969.685900762677,896.8220825195312,243.98037719726562,1920,1080,826.323486328125,224.17715454101562,920.1280517578125,223.26080322265625,93.8045654296875,0.916351318359375,0.5596891031901486,left,False,"{'safe_roi': (450, 80, 1500, 420), 'cylinder_roi': (800, 190, 1000, 300)}",ok_cylinder_inside_confirmed
2026-09-28 22:24:05,2026-09-28,10676108,10558,71,92.16323852539062,,36.022552490234375,0.7768559455871582,811.0870361328125,191.18846130371094,983.67822265625,295.4288330078125,172.5911865234375,104.24037170410156,17990.96943605505,897.3826293945312,243.30865478515625,1920,1080,827.6368408203125,223.9866180419922,919.7999877929688,223.8571014404297,92.16314697265625,0.1295166015625,0.08051753879056021,left,False,"{'safe_roi': (450, 80, 1500, 420), 'cylinder_roi': (800, 190, 1000, 300)}",ok_cylinder_inside_confirmed
2026-09-28 22:24:10,2026-09-28,10676191,10558,71,93.16300201416016,,35.96917724609375,0.7736443877220154,812.3636474609375,191.4036102294922,983.9132080078125,295.62841796875,171.549560546875,104.22480773925781,17879.719965752214,898.138427734375,243.51602172851562,1920,1080,827.17138671875,223.7095947265625,920.3343505859375,223.79153442382812,93.1629638671875,0.081939697265625,0.05039339048939296,left,False,"{'safe_roi': (450, 80, 1500, 420), 'cylinder_roi': (800, 190, 1000, 300)}",ok_cylinder_inside_confirmed
2026-09-28 22:24:15,2026-09-28,10676273,10558,71,92.16015625,,36.44691467285156,0.7701199054718018,812.541015625,191.31858825683594,983.75439453125,295.1274108886719,171.21337890625,103.80882263183594,17773.459283076227,898.147705078125,243.22299194335938,1920,1080,826.8461303710938,224.26991271972656,919.0057373046875,223.95220947265625,92.15960693359375,0.3177032470703125,0.19751584986778056,left,False,"{'safe_roi': (450, 80, 1500, 420), 'cylinder_roi': (800, 190, 1000, 300)}",ok_cylinder_inside_confirmed
2026-09-28 22:24:20,2026-09-28,10676355,10558,71,92.75626373291016,,37.11619567871094,0.7673222422599792,810.9951782226562,191.10330200195312,982.8831176757812,295.3930358886719,171.887939453125,104.28973388671875,17926.14746390283,896.9391479492188,243.2481689453125,1920,1080,825.3873291015625,224.3050537109375,918.1429443359375,223.95864868164062,92.755615234375,0.346405029296875,0.21397576695141987,left,False,"{'safe_roi': (450, 80, 1500, 420), 'cylinder_roi': (800, 190, 1000, 300)}",ok_cylinder_inside_confirmed
2026-09-28 22:24:25,2026-09-28,10676432,10558,71,92.34930419921875,,36.11439514160156,0.7616655826568604,811.5364379882812,191.7646484375,983.3588256835938,295.1312561035156,171.8223876953125,103.36660766601562,17760.697337139398,897.4476318359375,243.4479522705078,1920,1080,826.8021850585938,223.10711669921875,919.1514892578125,223.08200073242188,92.34930419921875,0.025115966796875,0.01558256310483176,left,False,"{'safe_roi': (450, 80, 1500, 420), 'cylinder_roi': (800, 190, 1000, 300)}",ok_cylinder_inside_confirmed
2026-09-28 22:24:30,2026-09-28,10676514,10558,71,92.65153503417969,,37.47145080566406,0.7469967603683472,809.913818359375,191.98765563964844,986.103271484375,295.2507019042969,176.189453125,103.26304626464844,18193.859649389982,898.008544921875,243.61917114257812,1920,1080,827.1835327148438,223.58612060546875,919.8348388671875,223.38160705566406,92.65130615234375,0.2045135498046875,0.12647144128445376,left,False,"{'safe_roi': (450, 80, 1500, 420), 'cylinder_roi': (800, 190, 1000, 300)}",ok_cylinder_inside_confirmed
2026-09-28 22:24:35,2026-09-28,10676595,10558,71,92.76470184326172,,38.15904235839844,0.7411475777626038,807.2879638671875,191.9007568359375,987.5830078125,294.8523864746094,180.2950439453125,102.95162963867188,18561.668589945883,897.4354858398438,243.37657165527344,1920,1080,826.8535766601562,223.63665771484375,919.6142578125,222.7730712890625,92.76068115234375,0.86358642578125,0.5333987135433675,left,False,"{'safe_roi': (450, 80, 1500, 420), 'cylinder_roi': (800, 190, 1000, 300)}",ok_cylinder_inside_confirmed
2026-09-28 22:24:40,2026-09-28,10676673,10558,71,92.90593719482422,,37.849884033203125,0.7654002904891968,810.93115234375,191.67074584960938,983.800048828125,296.305908203125,172.868896484375,104.63516235351562,18088.165049515665,897.3656005859375,243.9883270263672,1920,1080,826.293212890625,222.90565490722656,919.1962890625,223.6348876953125,92.903076171875,0.7292327880859375,0.4497278743564178,left,False,"{'safe_roi': (450, 80, 1500, 420), 'cylinder_roi': (800, 190, 1000, 300)}",ok_cylinder_inside_confirmed
2026-09-28 22:24:45,2026-09-28,10676757,10558,71,91.02799987792969,,37.61614990234375,0.7593139410018921,811.632080078125,190.9605255126953,986.277099609375,295.3078308105469,174.64501953125,104.34730529785156,18223.737171776593,898.95458984375,243.13418579101562,1920,1080,825.7467041015625,223.02078247070312,916.7742309570312,222.7266387939453,91.02752685546875,0.2941436767578125,0.18514325470841772,left,False,"{'safe_roi': (450, 80, 1500, 420), 'cylinder_roi': (800, 190, 1000, 300)}",ok_cylinder_inside_confirmed
2026-09-28 22:24:50,2026-09-28,10676835,10558,71,90.4454116821289,,37.2884521484375,0.7512468695640564,810.2047119140625,191.88653564453125,986.5794677734375,295.1153869628906,176.374755859375,103.22885131835938,18206.963448919356,898.39208984375,243.50096130371094,1920,1080,826.657470703125,223.43019104003906,917.0972900390625,222.42457580566406,90.4398193359375,1.005615234375,0.6370549478492599,left,False,"{'safe_roi': (450, 80, 1500, 420), 'cylinder_roi': (800, 190, 1000, 300)}",ok_cylinder_inside_confirmed
2026-09-28 22:24:55,2026-09-28,10676916,10558,71,89.26593780517578,,38.230499267578125,0.7399230003356934,808.2059326171875,192.2578582763672,984.2337646484375,294.62005615234375,176.02783203125,102.36219787597656,18018.595774061978,896.2198486328125,243.43896484375,1920,1080,826.7564086914062,223.62380981445312,915.999267578125,221.5941162109375,89.24285888671875,2.029693603515625,1.3028810753389564,left,False,"{'safe_roi': (450, 80, 1500, 420), 'cylinder_roi': (800, 190, 1000, 300)}",ok_cylinder_inside_confirmed
2026-09-28 22:25:00,2026-09-28,10676998,10558,71,90.05577087402344,,39.22578430175781,0.7494168877601624,809.34423828125,192.20335388183594,985.2525634765625,296.6474609375,175.9083251953125,104.44410705566406,18372.587948681787,897.2984008789062,244.4254150390625,1920,1080,827.0819702148438,223.36814880371094,917.12890625,222.10653686523438,90.04693603515625,1.2616119384765625,0.8026959430089284,left,False,"{'safe_roi': (450, 80, 1500, 420), 'cylinder_roi': (800, 190, 1000, 300)}",ok_cylinder_inside_confirmed
2026-09-28 22:25:05,2026-09-28,10677079,10558,71,88.4746322631836,,38.875396728515625,0.7536388039588928,808.7764892578125,191.19651794433594,984.5008544921875,295.3569641113281,175.724365234375,104.16044616699219,18303.52828522399,896.638671875,243.2767333984375,1920,1080,827.606201171875,222.78341674804688,916.0759887695312,221.85736083984375,88.46978759765625,0.926055908203125,0.5997206372763093,left,False,"{'safe_roi': (450, 80, 1500, 420), 'cylinder_roi': (800, 190, 1000, 300)}",ok_cylinder_inside_confirmed
2026-09-28 22:25:11,2026-09-28,10677163,10558,71,89.9008560180664,,37.748931884765625,0.7585654258728027,810.91455078125,190.95187377929688,983.6414794921875,294.5426940917969,172.7269287109375,103.5908203125,17892.924235224724,897.2780151367188,242.74728393554688,1920,1080,826.7717895507812,222.50930786132812,916.672607421875,222.59170532226562,89.90081787109375,0.0823974609375,0.05251370948739475,left,False,"{'safe_roi': (450, 80, 1500, 420), 'cylinder_roi': (800, 190, 1000, 300)}",ok_cylinder_inside_confirmed
2026-09-28 22:25:16,2026-09-28,10677249,10558,71,87.146240234375,,36.535186767578125,0.7638579607009888,811.5330200195312,191.3978271484375,985.8038940429688,293.3954772949219,174.2708740234375,101.99765014648438,17775.21963936463,898.66845703125,242.3966522216797,1920,1080,828.951416015625,223.6842498779297,916.0918579101562,222.67892456054688,87.14044189453125,1.0053253173828125,0.6609829046210723,left,False,"{'safe_roi': (450, 80, 1500, 420), 'cylinder_roi': (800, 190, 1000, 300)}",ok_cylinder_inside_confirmed
2026-09-28 22:25:30,2026-09-28,10677480,10558,71,90.63984680175781,,37.98432922363281,0.7366881966590881,808.7427978515625,192.4796600341797,987.642578125,295.7814025878906,178.8997802734375,103.30174255371094,18480.659044722095,898.1926879882812,244.13052368164062,1920,1080,827.4591064453125,225.93458557128906,918.06396484375,223.41636657714844,90.6048583984375,2.518218994140625,1.5920358830229093,left,False,"{'safe_roi': (450, 80, 1500, 420), 'cylinder_roi': (800, 190, 1000, 300)}",ok_cylinder_inside_confirmed
2026-09-28 22:25:35,2026-09-28,10677559,10558,71,93.48999786376953,,37.10450744628906,0.7378307580947876,808.5827026367188,192.79539489746094,985.0934448242188,296.1914978027344,176.5107421875,103.39610290527344,18250.52286310494,896.8380737304688,244.49343872070312,1920,1080,823.47216796875,225.838134765625,916.9274291992188,223.2899169921875,93.45526123046875,2.5482177734375,1.5618805725729923,left,False,"{'safe_roi': (450, 80, 1500, 420), 'cylinder_roi': (800, 190, 1000, 300)}",ok_cylinder_inside_confirmed
2026-09-28 22:25:40,2026-09-28,10677643,10558,71,100.16547393798828,,38.35890197753906,0.7393971681594849,806.6866455078125,192.18222045898438,984.18359375,296.3997802734375,177.4969482421875,104.21755981445312,18498.298820313066,895.4351196289062,244.29100036621094,1920,1080,819.28564453125,223.65704345703125,919.4510498046875,223.5415496826172,100.1654052734375,0.1154937744140625,0.06606375607801596,left,False,"{'safe_roi': (450, 80, 1500, 420), 'cylinder_roi': (800, 190, 1000, 300)}",ok_cylinder_inside_confirmed
2026-09-28 22:25:45,2026-09-28,10677721,10558,71,93.27265930175781,,38.084808349609375,0.7528820037841797,807.4673461914062,192.24114990234375,983.5034790039062,296.1830139160156,176.0361328125,103.94186401367188,18297.523778289557,895.4854125976562,244.2120819091797,1920,1080,826.489501953125,224.54879760742188,919.7557373046875,223.45443725585938,93.2662353515625,1.0943603515625,0.6722620655988685,left,False,"{'safe_roi': (450, 80, 1500, 420), 'cylinder_roi': (800, 190, 1000, 300)}",ok_cylinder_inside_confirmed
2026-09-28 22:25:50,2026-09-28,10677804,10558,71,109.38824462890625,,37.268829345703125,0.7377115488052368,807.8079833984375,192.52273559570312,986.10888671875,296.74688720703125,178.3009033203125,104.22415161132812,18583.26038009301,896.9584350585938,244.6348114013672,1920,1080,811.42138671875,221.37960815429688,920.7232666015625,225.72560119628906,109.3018798828125,4.3459930419921875,2.276959552073212,left,False,"{'safe_roi': (450, 80, 1500, 420), 'cylinder_roi': (800, 190, 1000, 300)}",ok_cylinder_inside_confirmed
2026-09-28 22:25:55,2026-09-28,10677885,10558,71,90.9232406616211,,36.9317626953125,0.751352846622467,807.7127685546875,192.76986694335938,984.2183837890625,295.46295166015625,176.505615234375,102.69308471679688,18125.906098254025,895.965576171875,244.1164093017578,1920,1080,827.751953125,225.74252319335938,918.6322021484375,222.94683837890625,90.8802490234375,2.795684814453125,1.7619938732956772,left,False,"{'safe_roi': (450, 80, 1500, 420), 'cylinder_roi': (800, 190, 1000, 300)}",ok_cylinder_inside_confirmed
2026-09-28 22:26:07,2026-09-28,10678089,10558,71,89.06305694580078,,37.148468017578125,0.7620965838432312,806.4435424804688,193.1295166015625,984.4902954101562,295.4172058105469,178.0467529296875,102.28768920898438,18211.990928340703,895.4669189453125,244.2733612060547,1920,1080,828.3492431640625,228.51321411132812,917.3148193359375,224.34730529785156,88.965576171875,4.1659088134765625,2.6809781486960524,left,False,"{'safe_roi': (450, 80, 1500, 420), 'cylinder_roi': (800, 190, 1000, 300)}",ok_cylinder_inside_confirmed
2026-09-28 22:26:23,2026-09-28,10678341,10558,71,88.09097290039062,,36.191253662109375,0.7774960398674011,808.281982421875,193.45486450195312,984.4090576171875,298.363525390625,176.1270751953125,104.90866088867188,18477.25560497865,896.3455200195312,245.90919494628906,1920,1080,827.5122680664062,227.2005615234375,915.5584716796875,224.39251708984375,88.04620361328125,2.80804443359375,1.826706566988833,left,False,"{'safe_roi': (450, 80, 1500, 420), 'cylinder_roi': (800, 190, 1000, 300)}",ok_cylinder_inside_confirmed
2026-09-28 22:29:30,2026-09-28,10681377,10558,72,100.21087646484375,,35.95458984375,0.7867935299873352,822.64599609375,188.43699645996094,1010.56884765625,298.1596374511719,187.9228515625,109.72264099121094,20619.39157603681,916.607421875,243.29830932617188,1920,1080,837.1319580078125,215.97186279296875,937.1751098632812,221.76731872558594,100.04315185546875,5.7954559326171875,3.3154140444965017,left,False,"{'safe_roi': (450, 80, 1500, 420), 'cylinder_roi': (800, 190, 1000, 300)}",ok_cylinder_inside_confirmed
2026-09-28 22:29:43,2026-09-28,10681582,10558,72,98.8939208984375,,39.163604736328125,0.7936298251152039,822.860107421875,187.5951385498047,1014.7978515625,297.8990783691406,191.937744140625,110.30393981933594,21171.4893787466,918.8289794921875,242.74710083007812,1920,1080,840.3383178710938,214.09336853027344,938.9183959960938,221.96588134765625,98.580078125,7.8725128173828125,4.565897512129697,left,False,"{'safe_roi': (450, 80, 1500, 420), 'cylinder_roi': (800, 190, 1000, 300)}",ok_cylinder_inside_confirmed
2026-09-28 22:30:24,2026-09-28,10682259,10558,73,93.87789916992188,,38.82908630371094,0.7772412896156311,796.00244140625,187.6799774169922,982.810546875,296.97393798828125,186.80810546875,109.29396057128906,20416.99771349877,889.406494140625,242.32696533203125,1920,1080,813.6090087890625,217.15391540527344,907.2967529296875,223.12606811523438,93.687744140625,5.9721527099609375,3.647401241057763,left,False,"{'safe_roi': (450, 80, 1500, 420), 'cylinder_roi': (800, 190, 1000, 300)}",ok_cylinder_inside_confirmed
2026-09-28 22:30:49,2026-09-28,10682655,10558,74,92.13263702392578,,35.761260986328125,0.7699131369590759,802.0936279296875,187.97119140625,986.2049560546875,297.67877197265625,184.111328125,109.70758056640625,20198.408363461494,894.1492919921875,242.82498168945312,1920,1080,812.5663452148438,215.62928771972656,904.508056640625,221.5576171875,91.94171142578125,5.9283294677734375,3.6892797855269848,left,False,"{'safe_roi': (450, 80, 1500, 420), 'cylinder_roi': (800, 190, 1000, 300)}",ok_cylinder_inside_confirmed
2026-09-28 22:31:03,2026-09-28,10682872,10558,74,110.64412689208984,,35.85261535644531,0.7715888023376465,795.739990234375,187.5208740234375,975.5323486328125,295.8825988769531,179.7923583984375,108.36172485351562,19482.610071536154,885.6361694335938,241.7017364501953,1920,1080,800.7824096679688,211.4948272705078,909.6942749023438,230.996826171875,108.911865234375,19.501998901367188,10.151919883624231,left,False,"{'safe_roi': (450, 80, 1500, 420), 'cylinder_roi': (800, 190, 1000, 300)}",ok_cylinder_inside_confirmed
2026-09-28 22:31:09,2026-09-28,10682964,10558,74,110.93801879882812,,36.69316101074219,0.7724926471710205,796.8645629882812,187.39292907714844,977.8756713867188,294.32525634765625,181.0111083984375,106.93232727050781,19355.939082859084,887.3701171875,240.85910034179688,1920,1080,800.5217895507812,211.27418518066406,909.6412353515625,231.2789306640625,109.11944580078125,20.004745483398438,10.38861080215595,left,False,"{'safe_roi': (450, 80, 1500, 420), 'cylinder_roi': (800, 190, 1000, 300)}",ok_cylinder_inside_confirmed
2026-09-28 22:31:14,2026-09-28,10683045,10558,74,102.45423889160156,,35.66633605957031,0.7679799199104309,796.8497314453125,187.0098419189453,971.197265625,294.8668212890625,174.3475341796875,107.85697937011719,18804.598397249356,884.0234985351562,240.93832397460938,1920,1080,803.8782958984375,212.7127685546875,904.7257080078125,230.78680419921875,100.847412109375,18.07403564453125,10.16076909154698,left,False,"{'safe_roi': (450, 80, 1500, 420), 'cylinder_roi': (800, 190, 1000, 300)}",ok_cylinder_inside_confirmed
2026-09-28 22:31:19,2026-09-28,10683126,10558,74,103.78437805175781,,35.54264831542969,0.7711772918701172,797.3131103515625,187.28990173339844,968.9398193359375,294.82763671875,171.626708984375,107.53773498535156,18456.347547169775,883.12646484375,241.05877685546875,1920,1080,801.3049926757812,214.564697265625,904.0823974609375,228.98696899414062,102.77740478515625,14.422271728515625,7.98789046343543,left,False,"{'safe_roi': (450, 80, 1500, 420), 'cylinder_roi': (800, 190, 1000, 300)}",ok_cylinder_inside_confirmed
2026-09-28 22:31:24,2026-09-28,10683207,10558,74,104.71113586425781,,34.34385681152344,0.7672246098518372,796.5673828125,187.4681396484375,967.2794189453125,294.9887390136719,170.7120361328125,107.52059936523438,18355.060443859547,881.9234008789062,241.2284393310547,1920,1080,802.22509765625,213.40774536132812,905.6044921875,230.05474853515625,103.37939453125,16.647003173828125,9.147711612405487,left,False,"{'safe_roi': (450, 80, 1500, 420), 'cylinder_roi': (800, 190, 1000, 300)}",ok_cylinder_inside_confirmed
2026-09-28 22:31:29,2026-09-28,10683288,10558,74,106.03038787841797,,33.644317626953125,0.7660743594169617,798.5440673828125,187.47523498535156,971.9910888671875,295.82061767578125,173.447021484375,108.34538269042969,18792.18391923979,885.267578125,241.64791870117188,1920,1080,802.1065063476562,211.78811645507812,906.57421875,229.9248046875,104.46771240234375,18.136688232421875,9.848978630600046,left,False,"{'safe_roi': (450, 80, 1500, 420), 'cylinder_roi': (800, 190, 1000, 300)}",ok_cylinder_inside_confirmed
2026-09-28 22:31:34,2026-09-28,10683371,10558,74,105.48660278320312,,31.762603759765625,0.7646132111549377,799.411376953125,187.1061248779297,971.44580078125,296.05078125,172.034423828125,108.94465637207031,18742.231188122183,885.4285888671875,241.57846069335938,1920,1080,803.9794921875,212.0155029296875,907.80810546875,230.64456176757812,103.82861328125,18.629058837890625,10.171850818533331,left,False,"{'safe_roi': (450, 80, 1500, 420), 'cylinder_roi': (800, 190, 1000, 300)}",ok_cylinder_inside_confirmed
2026-09-28 22:31:39,2026-09-28,10683453,10558,74,101.81879425048828,,34.29878234863281,0.7693758606910706,798.5462646484375,186.1896209716797,966.6121826171875,295.7532043457031,168.06591796875,109.56358337402344,18413.904215700924,882.5792236328125,240.97140502929688,1920,1080,804.0917358398438,213.15150451660156,904.532958984375,229.84365844726562,100.44122314453125,16.692153930664062,9.435651299656616,left,False,"{'safe_roi': (450, 80, 1500, 420), 'cylinder_roi': (800, 190, 1000, 300)}",ok_cylinder_inside_confirmed
2026-09-28 22:31:44,2026-09-28,10683534,10558,74,103.15339660644531,,33.01460266113281,0.7646605372428894,798.6190795898438,186.2635040283203,969.2276000976562,295.58282470703125,170.6085205078125,109.31932067871094,18650.807563913986,883.92333984375,240.92315673828125,1920,1080,805.2774047851562,212.5013885498047,906.7906494140625,230.82308959960938,101.51324462890625,18.321701049804688,10.230933226315527,left,False,"{'safe_roi': (450, 80, 1500, 420), 'cylinder_roi': (800, 190, 1000, 300)}",ok_cylinder_inside_confirmed
2026-09-28 22:31:49,2026-09-28,10683614,10558,74,101.87933349609375,,32.90406799316406,0.7630550265312195,795.230712890625,187.33987426757812,967.7410888671875,296.591796875,172.5103759765625,109.25192260742188,18847.090245168656,881.4859008789062,241.96583557128906,1920,1080,805.3885498046875,213.88943481445312,905.84765625,230.84130859375,100.4591064453125,16.951873779296875,9.57808995019052,left,False,"{'safe_roi': (450, 80, 1500, 420), 'cylinder_roi': (800, 190, 1000, 300)}",ok_cylinder_inside_confirmed
2026-09-28 22:31:54,2026-09-28,10683698,10558,74,101.24632263183594,,33.87528991699219,0.7590576410293579,798.3721313476562,186.05072021484375,970.4928588867188,297.0351867675781,172.1207275390625,110.98446655273438,19102.72712859139,884.4324951171875,241.54295349121094,1920,1080,807.3096923828125,214.10000610351562,907.015625,231.69390869140625,99.7059326171875,17.593902587890625,10.007276501436502,left,False,"{'safe_roi': (450, 80, 1500, 420), 'cylinder_roi': (800, 190, 1000, 300)}",ok_cylinder_inside_confirmed
2026-09-28 22:31:59,2026-09-28,10683778,10558,74,102.13566589355469,,32.454681396484375,0.763794481754303,798.1248168945312,187.52587890625,972.1712036132812,297.55010986328125,174.04638671875,110.02423095703125,19149.319849580526,885.1480102539062,242.53799438476562,1920,1080,805.83837890625,214.08921813964844,906.723876953125,230.0206298828125,100.885498046875,15.931411743164062,8.973802761860107,left,False,"{'safe_roi': (450, 80, 1500, 420), 'cylinder_roi': (800, 190, 1000, 300)}",ok_cylinder_inside_confirmed
2026-09-28 22:32:04,2026-09-28,10683855,10558,74,101.11013793945312,,36.05155944824219,0.7614747285842896,799.7374267578125,187.43984985351562,975.5699462890625,296.1477355957031,175.83251953125,108.7078857421875,19114.381442964077,887.6536865234375,241.79379272460938,1920,1080,807.6757202148438,214.35317993164062,907.7144775390625,229.03335571289062,100.03875732421875,14.68017578125,8.348278652952393,left,False,"{'safe_roi': (450, 80, 1500, 420), 'cylinder_roi': (800, 190, 1000, 300)}",ok_cylinder_inside_confirmed
2026-09-28 22:41:05,2026-09-28,10692573,10558,75,92.32711791992188,,42.39070129394531,0.7570998668670654,775.729248046875,187.6079864501953,957.88818359375,301.0139465332031,182.158935546875,113.40596008300781,20657.9089733921,866.8087158203125,244.31097412109375,1920,1080,946.6876220703125,210.55784606933594,855.3049926757812,223.73025512695312,91.38262939453125,13.172409057617188,8.202439102263499,right,False,"{'safe_roi': (450, 80, 1500, 420), 'cylinder_roi': (800, 190, 1000, 300)}",ok_cylinder_inside_confirmed
2026-09-28 22:41:10,2026-09-28,10692661,10558,75,102.79774475097656,,44.37022399902344,0.7648414969444275,776.6138916015625,187.96267700195312,959.1947021484375,300.0479736328125,182.580810546875,112.08529663085938,20464.624309249222,867.904296875,244.0053253173828,1920,1080,956.105224609375,207.7238311767578,854.7686157226562,224.9942626953125,101.33660888671875,17.270431518554688,9.671787284445271,right,False,"{'safe_roi': (450, 80, 1500, 420), 'cylinder_roi': (800, 190, 1000, 300)}",ok_cylinder_inside_confirmed
2026-09-28 22:41:16,2026-09-28,10692760,10558,75,107.55636596679688,,46.97563171386719,0.7610924243927002,776.5242919921875,188.18258666992188,958.429443359375,301.5351257324219,181.9051513671875,113.3525390625,20619.410776019096,867.4768676757812,244.85885620117188,1920,1080,957.5005493164062,206.8582000732422,851.39453125,224.46173095703125,106.10601806640625,17.603530883789062,9.419862435833592,right,False,"{'safe_roi': (450, 80, 1500, 420), 'cylinder_roi': (800, 190, 1000, 300)}",ok_cylinder_inside_confirmed
2026-09-28 22:41:37,2026-09-28,10693097,10558,75,95.96027374267578,,42.32017517089844,0.756220817565918,774.4164428710938,188.04638671875,957.2157592773438,301.72576904296875,182.79931640625,113.67938232421875,20780.513378351927,865.8161010742188,244.88607788085938,1920,1080,946.346923828125,212.5383758544922,851.3729858398438,226.26153564453125,94.97393798828125,13.723159790039062,8.221987920624903,right,False,"{'safe_roi': (450, 80, 1500, 420), 'cylinder_roi': (800, 190, 1000, 300)}",ok_cylinder_inside_confirmed
2026-09-28 22:41:43,2026-09-28,10693209,10558,75,105.96663665771484,,42.55555725097656,0.7576968669891357,773.8500366210938,188.44732666015625,960.0669555664062,300.41015625,186.2169189453125,111.96282958984375,20849.37316261977,866.95849609375,244.42874145507812,1920,1080,954.0982666015625,205.18609619140625,849.588134765625,222.6949462890625,104.5101318359375,17.50885009765625,9.510586675415546,right,False,"{'safe_roi': (450, 80, 1500, 420), 'cylinder_roi': (800, 190, 1000, 300)}",ok_cylinder_inside_confirmed
2026-09-28 22:41:48,2026-09-28,10693289,10558,75,95.475341796875,,42.93263244628906,0.7614986300468445,776.0191650390625,188.4775390625,958.317626953125,300.6164245605469,182.2984619140625,112.13888549804688,20442.746347051114,867.1683959960938,244.54698181152344,1920,1080,947.236328125,210.90855407714844,852.581298828125,223.39718627929688,94.655029296875,12.488632202148438,7.516100776376374,right,False,"{'safe_roi': (450, 80, 1500, 420), 'cylinder_roi': (800, 190, 1000, 300)}",ok_cylinder_inside_confirmed
2026-09-28 22:41:53,2026-09-28,10693367,10558,75,90.38135528564453,,37.003936767578125,0.7929641008377075,779.9823608398438,187.38748168945312,958.2427368164062,301.4441223144531,178.2603759765625,114.056640625,20331.779640436172,869.112548828125,244.41580200195312,1920,1080,946.5838623046875,210.76710510253906,857.330078125,224.9991455078125,89.2537841796875,14.232040405273438,9.059876557838063,right,False,"{'safe_roi': (450, 80, 1500, 420), 'cylinder_roi': (800, 190, 1000, 300)}",ok_cylinder_inside_confirmed
2026-09-28 22:41:58,2026-09-28,10693446,10558,75,105.33628845214844,,47.33087158203125,0.7725545167922974,777.735107421875,187.9345703125,961.6798095703125,299.8703308105469,183.9447021484375,111.93576049804688,20589.99012457207,869.7074584960938,243.90245056152344,1920,1080,958.166259765625,212.356201171875,853.8987426757812,227.3234405517578,104.26751708984375,14.967239379882812,8.168807127692062,right,False,"{'safe_roi': (450, 80, 1500, 420), 'cylinder_roi': (800, 190, 1000, 300)}",ok_cylinder_inside_confirmed
2026-09-28 22:42:03,2026-09-28,10693530,10558,75,104.75154876708984,,41.73724365234375,0.774656355381012,780.3316040039062,187.8579559326172,959.7088012695312,300.2882995605469,179.377197265625,112.43034362792969,20167.43992758915,870.0202026367188,244.0731201171875,1920,1080,958.6334228515625,211.24874877929688,855.2875366210938,228.351806640625,103.34588623046875,17.103057861328125,9.396901124673906,right,False,"{'safe_roi': (450, 80, 1500, 420), 'cylinder_roi': (800, 190, 1000, 300)}",ok_cylinder_inside_confirmed
2026-09-28 22:42:08,2026-09-28,10693611,10558,75,98.1645736694336,,39.173370361328125,0.7746464610099792,780.7222290039062,188.29190063476562,959.3518676757812,300.7745666503906,178.629638671875,112.482666015625,20092.737987220287,870.0370483398438,244.53323364257812,1920,1080,951.0619506835938,210.4994659423828,854.3654174804688,227.41287231445312,96.696533203125,16.913406372070312,9.921366082395624,right,False,"{'safe_roi': (450, 80, 1500, 420), 'cylinder_roi': (800, 190, 1000, 300)}",ok_cylinder_inside_confirmed
2026-09-28 22:42:13,2026-09-28,10693694,10558,75,104.95198822021484,,42.33323669433594,0.7755940556526184,779.4315185546875,188.48574829101562,961.2706298828125,301.4264831542969,181.839111328125,112.94073486328125,20537.042860284448,870.35107421875,244.95611572265625,1920,1080,957.1376953125,210.744384765625,854.0020751953125,230.18568420410156,103.1356201171875,19.441299438476562,10.675121216936319,right,False,"{'safe_roi': (450, 80, 1500, 420), 'cylinder_roi': (800, 190, 1000, 300)}",ok_cylinder_inside_confirmed
2026-09-28 22:42:19,2026-09-28,10693776,10558,75,97.09268188476562,,41.71595764160156,0.7649792432785034,773.434326171875,186.91539001464844,958.715087890625,300.3431396484375,185.28076171875,113.42774963378906,21015.979852192104,866.07470703125,243.6292724609375,1920,1080,943.3525390625,213.3726806640625,846.6988525390625,222.59515380859375,96.6536865234375,9.22247314453125,5.450530352567243,right,False,"{'safe_roi': (450, 80, 1500, 420), 'cylinder_roi': (800, 190, 1000, 300)}",ok_cylinder_inside_confirmed
2026-09-28 22:42:32,2026-09-28,10693981,10558,75,107.9381332397461,,47.69987487792969,0.7577252388000488,776.3572387695312,188.2213134765625,960.4103393554688,300.1427001953125,184.0531005859375,111.92138671875,20599.478247463703,868.3837890625,244.1820068359375,1920,1080,955.2362060546875,207.71047973632812,848.6478881835938,224.72726440429688,106.58831787109375,17.01678466796875,9.070701772865545,right,False,"{'safe_roi': (450, 80, 1500, 420), 'cylinder_roi': (800, 190, 1000, 300)}",ok_cylinder_inside_confirmed
2026-09-28 22:42:37,2026-09-28,10694060,10558,75,97.740966796875,,42.46795654296875,0.764400064945221,774.7384033203125,187.15347290039062,958.7088623046875,300.9849853515625,183.970458984375,113.83151245117188,20941.635592527688,866.7236328125,244.06922912597656,1920,1080,945.0438232421875,212.26153564453125,847.954833984375,223.53208923339844,97.0889892578125,11.270553588867188,6.621530677231652,right,False,"{'safe_roi': (450, 80, 1500, 420), 'cylinder_roi': (800, 190, 1000, 300)}",ok_cylinder_inside_confirmed
2026-09-28 22:42:42,2026-09-28,10694140,10558,75,100.51939392089844,,43.768096923828125,0.7575397491455078,775.4956665039062,188.14251708984375,957.8386840820312,301.23028564453125,182.343017578125,113.0877685546875,20620.764969438314,866.6671752929688,244.6864013671875,1920,1080,948.2687377929688,210.90908813476562,848.6378784179688,224.2447509765625,99.630859375,13.335662841796875,7.6237679918346855,right,False,"{'safe_roi': (450, 80, 1500, 420), 'cylinder_roi': (800, 190, 1000, 300)}",ok_cylinder_inside_confirmed
2026-09-28 22:43:15,2026-09-28,10694686,10558,76,106.60256958007812,,43.288818359375,0.7577565908432007,777.6910400390625,187.58367919921875,959.68359375,301.99224853515625,181.9925537109375,114.4085693359375,20821.507699862123,868.6873168945312,244.7879638671875,1920,1080,954.4115600585938,206.77816772460938,849.8678588867188,227.628173828125,104.543701171875,20.850006103515625,11.278977613592044,right,False,"{'safe_roi': (450, 80, 1500, 420), 'cylinder_roi': (800, 190, 1000, 300)}",ok_cylinder_inside_confirmed
2026-09-28 22:43:20,2026-09-28,10694768,10558,76,105.77737426757812,,43.02656555175781,0.7554631233215332,777.85693359375,188.61019897460938,957.685302734375,302.981689453125,179.828369140625,114.37149047851562,20567.238608933985,867.7711181640625,245.7959442138672,1920,1080,953.3951416015625,208.8094482421875,849.2591552734375,227.37149047851562,104.135986328125,18.562042236328125,10.10671804962382,right,False,"{'safe_roi': (450, 80, 1500, 420), 'cylinder_roi': (800, 190, 1000, 300)}",ok_cylinder_inside_confirmed
2026-09-28 22:43:25,2026-09-28,10694854,10558,76,92.77279663085938,,41.952178955078125,0.7655271291732788,772.982421875,187.68115234375,958.4256591796875,300.8554992675781,185.4432373046875,113.17434692382812,20987.41727339849,865.7040405273438,244.26832580566406,1920,1080,943.964111328125,210.2327880859375,851.9251708984375,221.87860107421875,92.0389404296875,11.64581298828125,7.2113910339983525,right,False,"{'safe_roi': (450, 80, 1500, 420), 'cylinder_roi': (800, 190, 1000, 300)}",ok_cylinder_inside_confirmed
2026-09-28 22:43:35,2026-09-28,10695012,10558,76,97.5452880859375,,42.458282470703125,0.7640464305877686,768.833984375,187.7017822265625,959.91845703125,299.8448791503906,191.08447265625,112.14309692382812,21428.80453772843,864.376220703125,243.77333068847656,1920,1080,947.4992065429688,209.16258239746094,851.0462646484375,223.71981811523438,96.45294189453125,14.557235717773438,8.582634759479328,right,False,"{'safe_roi': (450, 80, 1500, 420), 'cylinder_roi': (800, 190, 1000, 300)}",ok_cylinder_inside_confirmed
2026-09-28 22:43:40,2026-09-28,10695096,10558,76,99.54122924804688,,44.113922119140625,0.7600088119506836,772.4443359375,187.53973388671875,958.6131591796875,300.0733947753906,186.1688232421875,112.53366088867188,20950.259222779423,865.5287475585938,243.8065643310547,1920,1080,949.0047607421875,208.60342407226562,850.682861328125,224.135986328125,98.3218994140625,15.532562255859375,8.977204517400708,right,False,"{'safe_roi': (450, 80, 1500, 420), 'cylinder_roi': (800, 190, 1000, 300)}",ok_cylinder_inside_confirmed
2026-09-28 22:43:46,2026-09-28,10695177,10558,76,98.9417953491211,,43.95417785644531,0.7560599446296692,769.0807495117188,187.85984802246094,960.3107299804688,299.9606628417969,191.22998046875,112.10081481933594,21437.036628432572,864.6957397460938,243.91024780273438,1920,1080,947.0775146484375,210.68460083007812,848.9699096679688,223.5055694580078,98.10760498046875,12.820968627929688,7.445375624882837,right,False,"{'safe_roi': (450, 80, 1500, 420), 'cylinder_roi': (800, 190, 1000, 300)}",ok_cylinder_inside_confirmed
2026-09-28 22:43:51,2026-09-28,10695261,10558,76,105.7508316040039,,45.121002197265625,0.757247269153595,770.1585083007812,187.48898315429688,961.5541381835938,298.7483215332031,191.3956298828125,111.25933837890625,21294.551149375737,865.8563232421875,243.11865234375,1920,1080,951.910400390625,208.6060333251953,847.50146484375,225.3992462158203,104.408935546875,16.793212890625,9.137240514118922,right,False,"{'safe_roi': (450, 80, 1500, 420), 'cylinder_roi': (800, 190, 1000, 300)}",ok_cylinder_inside_confirmed
2026-09-28 22:43:56,2026-09-28,10695339,10558,76,110.31309509277344,,46.971435546875,0.7640892863273621,773.6255493164062,187.52279663085938,961.0026245117188,299.77374267578125,187.3770751953125,112.25094604492188,21033.253957804292,867.3140869140625,243.6482696533203,1920,1080,956.2523193359375,206.81996154785156,847.7581176757812,226.76959228515625,108.49420166015625,19.949630737304688,10.419013447204602,right,False,"{'safe_roi': (450, 80, 1500, 420), 'cylinder_roi': (800, 190, 1000, 300)}",ok_cylinder_inside_confirmed
2026-09-28 22:44:03,2026-09-28,10695462,10558,76,110.63211822509766,,47.863067626953125,0.7647411823272705,772.3106689453125,187.81005859375,960.211669921875,299.51324462890625,187.9010009765625,111.70318603515625,20989.140468277037,866.2611694335938,243.66165161132812,1920,1080,956.8848266601562,206.6929931640625,847.91943359375,225.8243408203125,108.96539306640625,19.13134765625,9.958080342553748,right,False,"{'safe_roi': (450, 80, 1500, 420), 'cylinder_roi': (800, 190, 1000, 300)}",ok_cylinder_inside_confirmed
2026-09-28 22:44:08,2026-09-28,10695544,10558,76,105.66561126708984,,43.97834777832031,0.7694752812385559,777.249755859375,187.91026306152344,957.631591796875,301.08685302734375,180.3818359375,113.17658996582031,20415.00108318031,867.440673828125,244.49856567382812,1920,1080,956.8797607421875,208.779052734375,852.842041015625,227.25538635253906,104.0377197265625,18.476333618164062,10.070315194964133,right,False,"{'safe_roi': (450, 80, 1500, 420), 'cylinder_roi': (800, 190, 1000, 300)}",ok_cylinder_inside_confirmed
2026-09-28 22:44:13,2026-09-28,10695627,10558,76,111.43557739257812,,46.53282165527344,0.7580339312553406,774.9072265625,188.09609985351562,961.101806640625,298.97509765625,186.194580078125,110.87899780273438,20645.06843536347,868.0045166015625,243.5355987548828,1920,1080,956.37109375,206.4496612548828,846.9503173828125,227.54425048828125,109.4207763671875,21.094589233398438,10.911849092006701,right,False,"{'safe_roi': (450, 80, 1500, 420), 'cylinder_roi': (800, 190, 1000, 300)}",ok_cylinder_inside_confirmed
2026-09-28 22:44:18,2026-09-28,10695707,10558,76,110.07787322998047,,44.93376159667969,0.7573503851890564,776.6066284179688,187.97779846191406,961.0911254882812,299.2332458496094,184.4844970703125,111.25544738769531,20524.905257651582,868.848876953125,243.60552978515625,1920,1080,956.68408203125,207.0918426513672,848.3767700195312,226.75564575195312,108.30731201171875,19.663803100585938,10.290284492103932,right,False,"{'safe_roi': (450, 80, 1500, 420), 'cylinder_roi': (800, 190, 1000, 300)}",ok_cylinder_inside_confirmed
2026-09-28 22:44:23,2026-09-28,10695786,10558,76,110.533203125,,44.53070068359375,0.7608101963996887,775.691650390625,187.78521728515625,959.673828125,300.7166442871094,183.982177734375,112.93142700195312,20777.369874469936,867.6827392578125,244.2509307861328,1920,1080,956.3095703125,206.57237243652344,847.8975219726562,228.12271118164062,108.41204833984375,21.550338745117188,11.242801876443336,right,False,"{'safe_roi': (450, 80, 1500, 420), 'cylinder_roi': (800, 190, 1000, 300)}",ok_cylinder_inside_confirmed
2026-09-28 22:44:34,2026-09-28,10695954,10558,76,107.09983825683594,,45.740081787109375,0.759788453578949,774.8057861328125,187.90663146972656,959.469482421875,300.1388244628906,184.6636962890625,112.23219299316406,20725.211600745097,867.1376342773438,244.02273559570312,1920,1080,953.665771484375,206.6000518798828,848.5800170898438,227.27273559570312,105.08575439453125,20.672683715820312,11.12922933743963,right,False,"{'safe_roi': (450, 80, 1500, 420), 'cylinder_roi': (800, 190, 1000, 300)}",ok_cylinder_inside_confirmed
2026-09-28 22:44:39,2026-09-28,10696036,10558,76,102.57067108154297,,44.41477966308594,0.7605056166648865,773.8717041015625,188.21322631835938,959.746337890625,301.5272521972656,185.8746337890625,113.31402587890625,21062.20306340605,866.8090209960938,244.8702392578125,1920,1080,951.936767578125,207.0840301513672,851.162841796875,226.19837951660156,100.77392578125,19.114349365234375,10.740023871167217,right,False,"{'safe_roi': (450, 80, 1500, 420), 'cylinder_roi': (800, 190, 1000, 300)}",ok_cylinder_inside_confirmed
2026-09-28 22:44:52,2026-09-28,10696256,10558,76,104.32501983642578,,46.19361877441406,0.756942868232727,774.007080078125,187.5574493408203,957.6988525390625,301.7109375,183.6917724609375,114.15348815917969,20969.05657255836,865.8529663085938,244.63418579101562,1920,1080,950.9095458984375,206.44020080566406,848.4205932617188,225.92672729492188,102.48895263671875,19.486526489257812,10.76531874795873,right,False,"{'safe_roi': (450, 80, 1500, 420), 'cylinder_roi': (800, 190, 1000, 300)}",ok_cylinder_inside_confirmed
2026-09-28 22:44:58,2026-09-28,10696335,10558,76,108.29186248779297,,44.24653625488281,0.7613620758056641,773.7168579101562,187.6079559326172,957.8843383789062,302.41131591796875,184.16748046875,114.80335998535156,21143.04555784911,865.8005981445312,245.0096435546875,1920,1080,951.50830078125,205.06573486328125,845.7955322265625,228.55908203125,105.7127685546875,23.49334716796875,12.529644843806357,right,False,"{'safe_roi': (450, 80, 1500, 420), 'cylinder_roi': (800, 190, 1000, 300)}",ok_cylinder_inside_confirmed
2026-09-28 22:45:03,2026-09-28,10696416,10558,76,97.77581787109375,,39.74945068359375,0.7625912427902222,775.3715209960938,187.79818725585938,957.4409790039062,302.92041015625,182.0694580078125,115.12222290039062,20960.2407281287,866.40625,245.3592987060547,1920,1080,947.634765625,206.8164520263672,851.6156005859375,225.2672119140625,96.0191650390625,18.450759887695312,10.8772036946351,right,False,"{'safe_roi': (450, 80, 1500, 420), 'cylinder_roi': (800, 190, 1000, 300)}",ok_cylinder_inside_confirmed
2026-09-28 22:45:08,2026-09-28,10696491,10558,76,91.29550170898438,,34.65901184082031,0.7674728035926819,779.6972045898438,187.65664672851562,958.7161254882812,304.3206787109375,179.0189208984375,116.66403198242188,20885.069113153964,869.2066650390625,245.98866271972656,1920,1080,945.27392578125,204.18798828125,856.7872314453125,226.65960693359375,88.4866943359375,22.47161865234375,14.249307263634735,right,False,"{'safe_roi': (450, 80, 1500, 420), 'cylinder_roi': (800, 190, 1000, 300)}",ok_cylinder_inside_confirmed
2026-09-28 22:45:14,2026-09-28,10696584,10558,76,102.65592193603516,,37.79270935058594,0.7787922620773315,821.0814819335938,188.46652221679688,1018.0309448242188,297.376708984375,196.949462890625,108.91018676757812,21449.802787192166,919.5562133789062,242.92161560058594,1920,1080,998.5498046875,238.11279296875,897.021240234375,222.94082641601562,101.528564453125,15.171966552734375,8.499128347537887,right,False,"{'safe_roi': (450, 80, 1500, 420), 'cylinder_roi': (800, 190, 1000, 300)}",ok_cylinder_inside_confirmed
2026-09-28 22:45:19,2026-09-28,10696659,10558,76,105.41183471679688,,39.7996826171875,0.7731314301490784,823.3607177734375,189.57418823242188,1015.83984375,298.2350769042969,192.4791259765625,108.660888671875,20914.95287939906,919.6002807617188,243.90463256835938,1920,1080,998.4420166015625,237.9754638671875,894.248779296875,221.9934844970703,104.1932373046875,15.981979370117188,8.720510221710176,right,False,"{'safe_roi': (450, 80, 1500, 420), 'cylinder_roi': (800, 190, 1000, 300)}",ok_cylinder_inside_confirmed
2026-09-28 22:45:28,2026-09-28,10696809,10558,76,100.20944213867188,,38.94499206542969,0.7812869548797607,825.3311767578125,188.6402587890625,1013.3365478515625,297.451171875,188.00537109375,108.8109130859375,20457.036093771458,919.3338623046875,243.04571533203125,1920,1080,999.6925659179688,235.27862548828125,900.1846923828125,223.44155883789062,99.50787353515625,11.837066650390625,6.783803058701789,right,False,"{'safe_roi': (450, 80, 1500, 420), 'cylinder_roi': (800, 190, 1000, 300)}",ok_cylinder_inside_confirmed
2026-09-28 22:45:34,2026-09-28,10696905,10558,76,99.6119155883789,,38.39094543457031,0.7736568450927734,828.2271728515625,188.02928161621094,1011.7509765625,297.26080322265625,183.5238037109375,109.23152160644531,20046.584330348298,919.9890747070312,242.64505004882812,1920,1080,998.1298828125,235.92738342285156,899.195068359375,224.33270263671875,98.934814453125,11.594680786132812,6.684296691731068,right,False,"{'safe_roi': (450, 80, 1500, 420), 'cylinder_roi': (800, 190, 1000, 300)}",ok_cylinder_inside_confirmed
2026-09-28 22:45:39,2026-09-28,10696990,10558,76,98.94906616210938,,39.516510009765625,0.7690538167953491,829.9074096679688,188.56597900390625,1011.0597534179688,295.96527099609375,181.15234375,107.3992919921875,19455.633461475372,920.4835815429688,242.265625,1920,1080,997.0026245117188,239.11302185058594,899.1455078125,224.4534912109375,97.85711669921875,14.659530639648438,8.519864399473457,right,False,"{'safe_roi': (450, 80, 1500, 420), 'cylinder_roi': (800, 190, 1000, 300)}",ok_cylinder_inside_confirmed
2026-09-28 22:45:45,2026-09-28,10697070,10558,76,101.29631042480469,,38.513397216796875,0.7675408124923706,832.3155517578125,188.39805603027344,1011.03564453125,295.478515625,178.7200927734375,107.08045959472656,19137.429672991857,921.6755981445312,241.93829345703125,1920,1080,998.51123046875,237.578857421875,898.03076171875,224.74851989746094,100.48046875,12.830337524414062,7.276712660277489,right,False,"{'safe_roi': (450, 80, 1500, 420), 'cylinder_roi': (800, 190, 1000, 300)}",ok_cylinder_inside_confirmed
2026-09-28 22:45:50,2026-09-28,10697151,10558,76,100.96821594238281,,37.18186950683594,0.7846754789352417,823.0384521484375,188.40631103515625,1012.1572265625,297.9493103027344,189.1187744140625,109.54299926757812,20716.63776712492,917.5978393554688,243.1778106689453,1920,1080,999.9286499023438,235.69183349609375,899.842529296875,222.37460327148438,100.08612060546875,13.317230224609375,7.579126719102553,right,False,"{'safe_roi': (450, 80, 1500, 420), 'cylinder_roi': (800, 190, 1000, 300)}",ok_cylinder_inside_confirmed
2026-09-28 22:46:04,2026-09-28,10697381,10558,76,105.04322814941406,,40.590362548828125,0.7935881614685059,820.9653930664062,190.3764190673828,1013.1751098632812,299.8665771484375,192.209716796875,109.49015808105469,21045.072276804596,917.0702514648438,245.12149047851562,1920,1080,999.43798828125,234.98748779296875,895.427978515625,220.29061889648438,104.010009765625,14.696868896484375,8.042787458396953,right,False,"{'safe_roi': (450, 80, 1500, 420), 'cylinder_roi': (800, 190, 1000, 300)}",ok_cylinder_inside_confirmed
2026-09-28 22:46:09,2026-09-28,10697459,10558,76,103.51656341552734,,40.67680358886719,0.7956070899963379,818.480712890625,189.64688110351562,1011.7662353515625,299.736328125,193.2855224609375,110.08944702148438,21278.696284983307,915.1234741210938,244.6916046142578,1920,1080,998.5926513671875,234.76625061035156,896.2232666015625,219.39785766601562,102.369384765625,15.368392944335938,8.537873337433457,right,False,"{'safe_roi': (450, 80, 1500, 420), 'cylinder_roi': (800, 190, 1000, 300)}",ok_cylinder_inside_confirmed
2026-09-28 22:46:14,2026-09-28,10697540,10558,76,103.73851776123047,,41.41883850097656,0.7873638272285461,821.6246948242188,190.21728515625,1012.3157348632812,299.0743713378906,190.6910400390625,108.85708618164062,20758.07097959891,916.97021484375,244.6458282470703,1920,1080,997.9984130859375,236.77783203125,895.792236328125,219.01333618164062,102.2061767578125,17.764495849609375,9.86009812569568,right,False,"{'safe_roi': (450, 80, 1500, 420), 'cylinder_roi': (800, 190, 1000, 300)}",ok_cylinder_inside_confirmed
2026-09-28 22:46:19,2026-09-28,10697618,10558,76,102.53419494628906,,41.5267333984375,0.7830910682678223,820.7874145507812,189.6588134765625,1012.9085083007812,299.3168640136719,192.12109375,109.65805053710938,21067.624607682228,916.8479614257812,244.4878387451172,1920,1080,996.7112426757812,234.8021240234375,895.2194213867188,220.21888732910156,101.4918212890625,14.583236694335938,8.176793614599411,right,False,"{'safe_roi': (450, 80, 1500, 420), 'cylinder_roi': (800, 190, 1000, 300)}",ok_cylinder_inside_confirmed
2026-09-28 22:46:24,2026-09-28,10697701,10558,76,103.48040008544922,,42.18009948730469,0.7843812704086304,823.1612548828125,189.81629943847656,1011.9886474609375,299.08709716796875,188.827392578125,109.27079772949219,20633.31982019171,917.574951171875,244.45169067382812,1920,1080,997.458984375,235.84796142578125,895.1434326171875,220.3650360107422,102.3155517578125,15.482925415039062,8.605010941548944,right,False,"{'safe_roi': (450, 80, 1500, 420), 'cylinder_roi': (800, 190, 1000, 300)}",ok_cylinder_inside_confirmed
2026-09-28 22:46:29,2026-09-28,10697781,10558,76,102.6109619140625,,41.48394775390625,0.7921819686889648,821.773193359375,189.6556396484375,1011.7508544921875,298.80718994140625,189.9776611328125,109.15155029296875,20736.356233678758,916.7620239257812,244.23141479492188,1920,1080,997.3126220703125,236.41700744628906,896.0673828125,219.7313690185547,101.2452392578125,16.685638427734375,9.35846233905532,right,False,"{'safe_roi': (450, 80, 1500, 420), 'cylinder_roi': (800, 190, 1000, 300)}",ok_cylinder_inside_confirmed
2026-09-28 22:46:34,2026-09-28,10697862,10558,76,103.17997741699219,,42.393646240234375,0.7871512770652771,822.8843994140625,189.72889709472656,1011.9676513671875,298.02410888671875,189.083251953125,108.29521179199219,20476.810816582292,917.426025390625,243.87649536132812,1920,1080,997.990478515625,237.47412109375,896.258544921875,220.24850463867188,101.73193359375,17.225616455078125,9.610374377750748,right,False,"{'safe_roi': (450, 80, 1500, 420), 'cylinder_roi': (800, 190, 1000, 300)}",ok_cylinder_inside_confirmed
2026-09-28 22:46:39,2026-09-28,10697944,10558,76,104.1800537109375,,42.724945068359375,0.7784678339958191,823.9994506835938,189.48533630371094,1012.2859497070312,298.5307312011719,188.2864990234375,109.04539489746094,20531.775639871135,918.1427001953125,244.00802612304688,1920,1080,997.2098388671875,238.54190063476562,894.511962890625,221.03103637695312,102.6978759765625,17.5108642578125,9.676361372604832,right,False,"{'safe_roi': (450, 80, 1500, 420), 'cylinder_roi': (800, 190, 1000, 300)}",ok_cylinder_inside_confirmed
2026-09-28 22:46:44,2026-09-28,10698023,10558,76,102.9427490234375,,41.5660400390625,0.7800908088684082,823.9193725585938,189.19149780273438,1010.3933715820312,298.4962463378906,186.4739990234375,109.30474853515625,20382.493571601808,917.1563720703125,243.8438720703125,1920,1080,997.6929321289062,240.0239715576172,896.3641357421875,221.86676025390625,101.32879638671875,18.157211303710938,10.159071410319575,right,False,"{'safe_roi': (450, 80, 1500, 420), 'cylinder_roi': (800, 190, 1000, 300)}",ok_cylinder_inside_confirmed
2026-09-28 22:46:49,2026-09-28,10698103,10558,76,102.60530853271484,,41.29289245605469,0.7734426856040955,824.0842895507812,189.0311737060547,1010.1450805664062,298.29986572265625,186.060791015625,109.26869201660156,20330.619269851595,917.1146850585938,243.66552734375,1920,1080,999.200927734375,239.87872314453125,898.1748657226562,221.94595336914062,101.02606201171875,17.932769775390625,10.065523306464833,right,False,"{'safe_roi': (450, 80, 1500, 420), 'cylinder_roi': (800, 190, 1000, 300)}",ok_cylinder_inside_confirmed
2026-09-28 22:46:54,2026-09-28,10698183,10558,76,101.48060607910156,,41.216552734375,0.782185971736908,823.9081420898438,189.07208251953125,1011.0077514648438,298.2029724121094,187.099609375,109.13088989257812,20418.346869647503,917.4579467773438,243.6375274658203,1920,1080,997.259033203125,239.02134704589844,897.3928833007812,220.9917755126953,99.86614990234375,18.029571533203125,10.233793410159782,right,False,"{'safe_roi': (450, 80, 1500, 420), 'cylinder_roi': (800, 190, 1000, 300)}",ok_cylinder_inside_confirmed
2026-09-28 22:46:59,2026-09-28,10698267,10558,76,101.59259796142578,,39.901031494140625,0.7832664847373962,823.7386474609375,189.18923950195312,1011.2239990234375,297.7923889160156,187.4853515625,108.6031494140625,20361.499648690224,917.4813232421875,243.49081420898438,1920,1080,998.8929443359375,239.40390014648438,898.7728271484375,222.169677734375,100.1201171875,17.234222412109375,9.766919362580323,right,False,"{'safe_roi': (450, 80, 1500, 420), 'cylinder_roi': (800, 190, 1000, 300)}",ok_cylinder_inside_confirmed
2026-09-28 22:47:04,2026-09-28,10698350,10558,76,100.57730102539062,,41.37675476074219,0.7763611078262329,823.4426879882812,188.74832153320312,1010.3836059570312,298.0299377441406,186.94091796875,109.2816162109375,20429.205651581287,916.9131469726562,243.38912963867188,1920,1080,997.3568725585938,239.33175659179688,898.3355712890625,221.7086181640625,99.02130126953125,17.623138427734375,10.091451776869198,right,False,"{'safe_roi': (450, 80, 1500, 420), 'cylinder_roi': (800, 190, 1000, 300)}",ok_cylinder_inside_confirmed
2026-09-28 22:47:09,2026-09-28,10698435,10558,76,100.74324798583984,,39.102752685546875,0.79444819688797,819.7921142578125,188.2655029296875,1011.3009033203125,297.9791259765625,191.5087890625,109.713623046875,21011.123093366623,915.5465087890625,243.122314453125,1920,1080,996.674072265625,237.1780548095703,897.18994140625,221.30010986328125,99.484130859375,15.877944946289062,9.068085220380118,right,False,"{'safe_roi': (450, 80, 1500, 420), 'cylinder_roi': (800, 190, 1000, 300)}",ok_cylinder_inside_confirmed
2026-09-28 22:47:14,2026-09-28,10698514,10558,76,101.4542465209961,,40.07176208496094,0.7801352739334106,822.1889038085938,189.1871337890625,1011.9407348632812,298.1597595214844,189.7518310546875,108.97262573242188,20677.755267564207,917.0648193359375,243.67344665527344,1920,1080,997.734619140625,238.255859375,897.7272338867188,221.182861328125,100.00738525390625,17.072998046875,9.687988500090833,right,False,"{'safe_roi': (450, 80, 1500, 420), 'cylinder_roi': (800, 190, 1000, 300)}",ok_cylinder_inside_confirmed
2026-09-28 22:47:20,2026-09-28,10698602,10558,76,103.17327117919922,,40.14201354980469,0.7844458222389221,822.5355224609375,188.98016357421875,1011.4586181640625,297.9693908691406,188.923095703125,108.98922729492188,20590.58221884817,916.9970703125,243.4747772216797,1920,1080,998.277587890625,238.57699584960938,896.5810546875,221.183349609375,101.696533203125,17.393646240234375,9.705659788239617,right,False,"{'safe_roi': (450, 80, 1500, 420), 'cylinder_roi': (800, 190, 1000, 300)}",ok_cylinder_inside_confirmed
2026-09-28 22:47:25,2026-09-28,10698681,10558,76,100.91372680664062,,40.826904296875,0.788006067276001,820.7119750976562,188.9377899169922,1010.5151977539062,298.73980712890625,189.80322265625,109.80201721191406,20840.77672097832,915.6135864257812,243.83880615234375,1920,1080,995.08251953125,237.00881958007812,895.4950561523438,220.7018585205078,99.58746337890625,16.306961059570312,9.299377226118686,right,False,"{'safe_roi': (450, 80, 1500, 420), 'cylinder_roi': (800, 190, 1000, 300)}",ok_cylinder_inside_confirmed
2026-09-28 22:47:30,2026-09-28,10698764,10558,76,101.40538787841797,,40.233062744140625,0.7911033034324646,819.908935546875,188.82362365722656,1010.663818359375,298.18768310546875,190.7548828125,109.36405944824219,20861.728343948722,915.286376953125,243.50564575195312,1920,1080,995.5020141601562,237.0572509765625,895.4545288085938,220.517822265625,100.0474853515625,16.5394287109375,9.38699789357446,right,False,"{'safe_roi': (450, 80, 1500, 420), 'cylinder_roi': (800, 190, 1000, 300)}",ok_cylinder_inside_confirmed
2026-09-28 22:47:35,2026-09-28,10698842,10558,76,101.73095703125,,41.487579345703125,0.7797765135765076,820.66796875,188.7512969970703,1011.2593994140625,298.0203857421875,190.5914306640625,109.26908874511719,20825.751951290295,915.9636840820312,243.38583374023438,1920,1080,995.4591674804688,238.38165283203125,895.1633911132812,221.3538818359375,100.2957763671875,17.02777099609375,9.635546253482321,right,False,"{'safe_roi': (450, 80, 1500, 420), 'cylinder_roi': (800, 190, 1000, 300)}",ok_cylinder_inside_confirmed
2026-09-28 22:47:40,2026-09-28,10698923,10558,76,102.31493377685547,,41.36253356933594,0.7843669652938843,820.8255615234375,189.24111938476562,1009.82470703125,297.8500671386719,188.9991455078125,108.60894775390625,20526.998319990933,915.3251342773438,243.54559326171875,1920,1080,996.119873046875,237.73880004882812,895.1895141601562,220.96359252929688,100.93035888671875,16.77520751953125,9.436626296107145,right,False,"{'safe_roi': (450, 80, 1500, 420), 'cylinder_roi': (800, 190, 1000, 300)}",ok_cylinder_inside_confirmed
2026-09-28 22:47:45,2026-09-28,10699005,10558,76,101.48878479003906,,40.79296875,0.7848674058914185,821.3273315429688,188.9105987548828,1010.4188842773438,297.733154296875,189.091552734375,108.82255554199219,20577.425999958068,915.8731079101562,243.32186889648438,1920,1080,995.8318481445312,237.9626007080078,895.8041381835938,220.80361938476562,100.0277099609375,17.158981323242188,9.733907397583504,right,False,"{'safe_roi': (450, 80, 1500, 420), 'cylinder_roi': (800, 190, 1000, 300)}",ok_cylinder_inside_confirmed
2026-09-28 22:47:50,2026-09-28,10699088,10558,76,101.4745101928711,,41.339996337890625,0.7879301309585571,821.1846923828125,189.21810913085938,1009.6763916015625,298.0531005859375,188.49169921875,108.83499145507812,20514.492473825812,915.4305419921875,243.63560485839844,1920,1080,995.1265869140625,237.719970703125,895.1365966796875,220.42608642578125,99.989990234375,17.29388427734375,9.812582266273534,right,False,"{'safe_roi': (450, 80, 1500, 420), 'cylinder_roi': (800, 190, 1000, 300)}",ok_cylinder_inside_confirmed
2026-09-28 22:47:55,2026-09-28,10699169,10558,76,101.44522094726562,,39.09370422363281,0.7927778959274292,822.0547485351562,189.0826416015625,1010.2828979492188,298.08380126953125,188.2281494140625,109.00115966796875,20517.086568288505,916.1688232421875,243.58322143554688,1920,1080,996.5853271484375,238.61289978027344,896.6278076171875,221.30316162109375,99.95751953125,17.309738159179688,9.824530959622468,right,False,"{'safe_roi': (450, 80, 1500, 420), 'cylinder_roi': (800, 190, 1000, 300)}",ok_cylinder_inside_confirmed
2026-09-28 22:48:00,2026-09-28,10699249,10558,76,100.62606811523438,,40.46144104003906,0.7993572950363159,821.01806640625,189.6041259765625,1010.272705078125,298.70635986328125,189.254638671875,109.10223388671875,20648.103852525353,915.6453857421875,244.15524291992188,1920,1080,996.2393188476562,237.92153930664062,897.0740966796875,220.83749389648438,99.16522216796875,17.08404541015625,9.774884350377617,right,False,"{'safe_roi': (450, 80, 1500, 420), 'cylinder_roi': (800, 190, 1000, 300)}",ok_cylinder_inside_confirmed
2026-09-28 22:48:05,2026-09-28,10699334,10558,76,100.06067657470703,,39.93212890625,0.7935425639152527,821.5858154296875,189.79678344726562,1010.8673095703125,298.69903564453125,189.281494140625,108.90225219726562,20613.1810111776,916.2265625,244.24790954589844,1920,1080,996.1617431640625,238.99948120117188,897.749267578125,220.9129180908203,98.4124755859375,18.086563110351562,10.413795045644157,right,False,"{'safe_roi': (450, 80, 1500, 420), 'cylinder_roi': (800, 190, 1000, 300)}",ok_cylinder_inside_confirmed
2026-09-28 22:48:10,2026-09-28,10699415,10558,76,101.25471496582031,,41.03053283691406,0.7909343242645264,823.6058349609375,189.4110107421875,1010.8555908203125,298.4732360839844,187.249755859375,109.06222534179688,20421.875068731606,917.230712890625,243.94212341308594,1920,1080,994.389892578125,237.34890747070312,894.654296875,219.875244140625,99.735595703125,17.473663330078125,9.937356509792595,right,False,"{'safe_roi': (450, 80, 1500, 420), 'cylinder_roi': (800, 190, 1000, 300)}",ok_cylinder_inside_confirmed
2026-09-28 22:48:15,2026-09-28,10699496,10558,76,101.96517181396484,,41.25958251953125,0.7905747294425964,823.4828491210938,189.00601196289062,1010.4774780273438,297.8424377441406,186.99462890625,108.83642578125,20351.827050447464,916.9801635742188,243.42422485351562,1920,1080,996.0079345703125,238.35610961914062,895.6141967773438,220.5237274169922,100.39373779296875,17.832382202148438,10.072081730162264,right,False,"{'safe_roi': (450, 80, 1500, 420), 'cylinder_roi': (800, 190, 1000, 300)}",ok_cylinder_inside_confirmed
2026-09-28 22:48:20,2026-09-28,10699574,10558,76,102.21644592285156,,40.49794006347656,0.7853829860687256,824.500732421875,189.21963500976562,1010.325439453125,297.6654052734375,185.82470703125,108.44577026367188,20151.90348802507,917.4130859375,243.44252014160156,1920,1080,995.666748046875,237.0535430908203,894.7607421875,220.738525390625,100.906005859375,16.315017700195312,9.184402346327586,right,False,"{'safe_roi': (450, 80, 1500, 420), 'cylinder_roi': (800, 190, 1000, 300)}",ok_cylinder_inside_confirmed
2026-09-28 22:48:25,2026-09-28,10699656,10558,76,101.39813232421875,,40.445068359375,0.7895861268043518,825.0267944335938,189.0355224609375,1010.1760864257812,298.2865295410156,185.1492919921875,109.25100708007812,20227.74661030993,917.6014404296875,243.66102600097656,1920,1080,995.954345703125,237.36346435546875,895.9498291015625,220.61001586914062,100.0045166015625,16.753448486328125,9.51027216852614,right,False,"{'safe_roi': (450, 80, 1500, 420), 'cylinder_roi': (800, 190, 1000, 300)}",ok_cylinder_inside_confirmed
2026-09-28 22:48:30,2026-09-28,10699737,10558,76,102.4448013305664,,41.07830810546875,0.7864161133766174,825.064208984375,189.0794677734375,1010.0487060546875,297.9532165527344,184.9844970703125,108.87374877929688,20139.955662097782,917.5564575195312,243.51634216308594,1920,1080,996.2609252929688,237.7813262939453,895.2581787109375,220.65289306640625,101.00274658203125,17.128433227539062,9.624869040177751,right,False,"{'safe_roi': (450, 80, 1500, 420), 'cylinder_roi': (800, 190, 1000, 300)}",ok_cylinder_inside_confirmed
2026-09-28 22:48:35,2026-09-28,10699818,10558,76,104.9350357055664,,41.596099853515625,0.7773079872131348,824.7781982421875,188.68887329101562,1010.58544921875,297.53045654296875,185.8072509765625,108.84158325195312,20223.555375982076,917.6818237304688,243.1096649169922,1920,1080,998.1652221679688,240.828369140625,894.8328857421875,222.55844116210938,103.33233642578125,18.269927978515625,10.026697147025143,right,False,"{'safe_roi': (450, 80, 1500, 420), 'cylinder_roi': (800, 190, 1000, 300)}",ok_cylinder_inside_confirmed
2026-09-28 22:48:42,2026-09-28,10699925,10558,76,97.8045654296875,,38.563262939453125,0.7716482877731323,824.6748046875,188.54159545898438,1012.3406982421875,298.88018798828125,187.6658935546875,110.33859252929688,20706.790560577065,918.5077514648438,243.7108917236328,1920,1080,998.2142333984375,237.513427734375,901.317138671875,224.22109985351562,96.8970947265625,13.292327880859375,7.811072252791373,right,False,"{'safe_roi': (450, 80, 1500, 420), 'cylinder_roi': (800, 190, 1000, 300)}",ok_cylinder_inside_confirmed
2026-09-28 22:48:58,2026-09-28,10700197,10558,76,99.25189208984375,,38.28636169433594,0.774880588054657,824.2760009765625,189.08816528320312,1012.821044921875,298.49530029296875,188.5450439453125,109.40713500976562,20628.173078346997,918.5485229492188,243.79173278808594,1920,1080,998.178466796875,239.45310974121094,900.0347900390625,224.66270446777344,98.1436767578125,14.7904052734375,8.5700735141519,right,False,"{'safe_roi': (450, 80, 1500, 420), 'cylinder_roi': (800, 190, 1000, 300)}",ok_cylinder_inside_confirmed
2026-09-28 22:49:04,2026-09-28,10700289,10558,76,104.96684265136719,,39.105316162109375,0.779369592666626,824.3927001953125,188.22732543945312,1012.3062744140625,298.03729248046875,187.91357421875,109.80996704101562,20634.78339152038,918.3494873046875,243.13230895996094,1920,1080,998.2498779296875,242.41571044921875,894.977783203125,223.62973022460938,103.2720947265625,18.785980224609375,10.309806442102468,right,False,"{'safe_roi': (450, 80, 1500, 420), 'cylinder_roi': (800, 190, 1000, 300)}",ok_cylinder_inside_confirmed
2026-09-28 22:49:29,2026-09-28,10700693,10558,77,109.23210906982422,,33.85791015625,0.7687072157859802,794.9374389648438,190.75454711914062,983.4043579101562,295.3097229003906,188.4669189453125,104.55517578125,19705.191839277744,889.1708984375,243.03213500976562,1920,1080,803.1456298828125,211.07461547851562,911.4005126953125,225.65318298339844,108.2548828125,14.578567504882812,7.669816660047216,left,False,"{'safe_roi': (450, 80, 1500, 420), 'cylinder_roi': (800, 190, 1000, 300)}",ok_cylinder_inside_confirmed
2026-09-28 22:49:35,2026-09-28,10700785,10558,77,113.19829559326172,,31.8719482421875,0.7747005820274353,800.3236694335938,192.14706420898438,983.2599487304688,296.9103698730469,182.936279296875,104.7633056640625,19165.009345024824,891.7918090820312,244.52871704101562,1920,1080,802.9042358398438,206.39837646484375,913.587890625,230.12564086914062,110.68365478515625,23.727264404296875,12.099378815149366,left,False,"{'safe_roi': (450, 80, 1500, 420), 'cylinder_roi': (800, 190, 1000, 300)}",ok_cylinder_inside_confirmed
2026-09-28 22:49:40,2026-09-28,10700864,10558,77,108.06517028808594,,34.932708740234375,0.7680807709693909,798.1009521484375,194.0724334716797,981.9521484375,297.4048767089844,183.8511962890625,103.33244323730469,18997.793304650113,890.0265502929688,245.7386474609375,1920,1080,805.2322387695312,207.55227661132812,911.198486328125,228.7474365234375,105.96624755859375,21.195159912109375,11.31092569213107,left,False,"{'safe_roi': (450, 80, 1500, 420), 'cylinder_roi': (800, 190, 1000, 300)}",ok_cylinder_inside_confirmed
2026-09-28 22:49:45,2026-09-28,10700945,10558,77,110.62705993652344,,33.097076416015625,0.7710341811180115,798.12841796875,193.02511596679688,981.8988037109375,296.18988037109375,183.7703857421875,103.16476440429688,18958.62854957953,890.0136108398438,244.6074981689453,1920,1080,804.6786499023438,207.4394073486328,912.84375,230.6483917236328,108.16510009765625,23.208984375,12.110328858149554,left,False,"{'safe_roi': (450, 80, 1500, 420), 'cylinder_roi': (800, 190, 1000, 300)}",ok_cylinder_inside_confirmed
2026-09-28 22:49:51,2026-09-28,10701035,10558,77,112.8975830078125,,34.77503967285156,0.7714448571205139,799.3844604492188,193.76808166503906,981.3849487304688,297.601318359375,182.00048828125,103.83323669433594,18897.699778191745,890.3847045898438,245.6846923828125,1920,1080,803.0646362304688,209.25450134277344,913.9556884765625,230.4450225830078,110.89105224609375,21.190521240234375,10.818405943267264,left,False,"{'safe_roi': (450, 80, 1500, 420), 'cylinder_roi': (800, 190, 1000, 300)}",ok_cylinder_inside_confirmed
2026-09-28 22:49:56,2026-09-28,10701120,10558,77,114.31568145751953,,33.0716552734375,0.7728773951530457,799.5428466796875,191.40103149414062,982.873779296875,297.7388916015625,183.3309326171875,106.33786010742188,19495.01906600967,891.2083129882812,244.56996154785156,1920,1080,803.9732666015625,207.26351928710938,915.9530639648438,230.25482177734375,111.97979736328125,22.991302490234375,11.60252909442719,left,False,"{'safe_roi': (450, 80, 1500, 420), 'cylinder_roi': (800, 190, 1000, 300)}",ok_cylinder_inside_confirmed
2026-09-28 22:50:01,2026-09-28,10701200,10558,77,111.62715911865234,,37.25965881347656,0.7647958993911743,799.6912841796875,189.2730255126953,984.4986572265625,297.8203430175781,184.807373046875,108.54731750488281,20060.344599362463,892.094970703125,243.54669189453125,1920,1080,805.97021484375,209.61837768554688,915.7589111328125,229.7942352294922,109.7886962890625,20.175857543945312,10.413055879539039,left,False,"{'safe_roi': (450, 80, 1500, 420), 'cylinder_roi': (800, 190, 1000, 300)}",ok_cylinder_inside_confirmed
2026-09-28 22:50:06,2026-09-28,10701279,10558,77,112.3779525756836,,38.310546875,0.7566511034965515,801.8240356445312,189.054443359375,981.7142944335938,296.0989990234375,179.8902587890625,107.0445556640625,19256.27282036841,891.7691650390625,242.57672119140625,1920,1080,808.7620849609375,208.60707092285156,919.005126953125,230.40789794921875,110.2430419921875,21.800827026367188,11.186054573369889,left,False,"{'safe_roi': (450, 80, 1500, 420), 'cylinder_roi': (800, 190, 1000, 300)}",ok_cylinder_inside_confirmed
2026-09-28 22:50:13,2026-09-28,10701400,10558,77,112.77191925048828,,41.21342468261719,0.7578446269035339,802.7339477539062,188.71817016601562,985.2807006835938,294.8065185546875,182.5467529296875,106.08834838867188,19366.083522025496,894.00732421875,241.76234436035156,1920,1080,809.3250122070312,214.18341064453125,920.8356323242188,231.002685546875,111.5106201171875,16.81927490234375,8.57733332151044,left,False,"{'safe_roi': (450, 80, 1500, 420), 'cylinder_roi': (800, 190, 1000, 300)}",ok_cylinder_inside_confirmed
2026-09-28 22:50:18,2026-09-28,10701475,10558,77,111.9398422241211,,34.132049560546875,0.7690095901489258,799.8709716796875,193.3153076171875,983.6248779296875,296.28790283203125,183.75390625,102.97259521484375,18921.616607427597,891.7479248046875,244.80160522460938,1920,1080,805.6723022460938,213.52301025390625,916.0272216796875,232.29319763183594,110.35491943359375,18.770187377929688,9.653016215242305,left,False,"{'safe_roi': (450, 80, 1500, 420), 'cylinder_roi': (800, 190, 1000, 300)}",ok_cylinder_inside_confirmed
2026-09-28 22:50:23,2026-09-28,10701558,10558,77,109.00811004638672,,31.76409912109375,0.7702710032463074,799.8347778320312,194.56565856933594,982.3682250976562,296.8321228027344,182.533447265625,102.26646423339844,18667.05025618896,891.1015014648438,245.69888305664062,1920,1080,804.1126708984375,213.8414764404297,912.201904296875,227.9654083251953,108.0892333984375,14.123931884765625,7.444613093244261,left,False,"{'safe_roi': (450, 80, 1500, 420), 'cylinder_roi': (800, 190, 1000, 300)}",ok_cylinder_inside_confirmed
2026-09-28 22:50:28,2026-09-28,10701639,10558,77,109.7830581665039,,36.81990051269531,0.7719231843948364,799.8238525390625,189.9799346923828,982.2713623046875,297.37725830078125,182.447509765625,107.39732360839844,19594.374247845262,891.047607421875,243.6785888671875,1920,1080,804.082275390625,217.34669494628906,912.8825073242188,232.0037384033203,108.80023193359375,14.65704345703125,7.672420596148785,left,False,"{'safe_roi': (450, 80, 1500, 420), 'cylinder_roi': (800, 190, 1000, 300)}",ok_cylinder_inside_confirmed
2026-09-28 22:50:34,2026-09-28,10701722,10558,77,108.41259765625,,31.229949951171875,0.7684605717658997,799.4227294921875,193.6731414794922,981.461669921875,296.5272521972656,182.0389404296875,102.85411071777344,18723.45333390124,890.4421997070312,245.10018920898438,1920,1080,805.544677734375,216.77000427246094,913.0889892578125,230.46353149414062,107.5443115234375,13.693527221679688,7.256376602510331,left,False,"{'safe_roi': (450, 80, 1500, 420), 'cylinder_roi': (800, 190, 1000, 300)}",ok_cylinder_inside_confirmed
2026-09-28 22:50:39,2026-09-28,10701802,10558,77,106.20581817626953,,36.927978515625,0.7745093107223511,799.8936767578125,192.0998077392578,982.698486328125,296.48590087890625,182.8048095703125,104.38609313964844,19082.279878182337,891.2960815429688,244.2928466796875,1920,1080,806.4326171875,218.5434112548828,911.54638671875,233.73458862304688,105.11376953125,15.191177368164062,8.223522034516323,left,False,"{'safe_roi': (450, 80, 1500, 420), 'cylinder_roi': (800, 190, 1000, 300)}",ok_cylinder_inside_confirmed
2026-09-28 22:50:44,2026-09-28,10701885,10558,77,111.08971405029297,,34.60539245605469,0.7685235142707825,800.3973388671875,191.14859008789062,984.0032958984375,296.9090881347656,183.60595703125,105.760498046875,19418.25745999813,892.2003173828125,244.02883911132812,1920,1080,804.5439453125,215.50730895996094,914.4478149414062,231.6956787109375,109.90386962890625,16.188369750976562,8.379171588151593,left,False,"{'safe_roi': (450, 80, 1500, 420), 'cylinder_roi': (800, 190, 1000, 300)}",ok_cylinder_inside_confirmed
2026-09-28 22:50:49,2026-09-28,10701969,10558,77,111.52979278564453,,33.884796142578125,0.7734189629554749,799.8048706054688,191.9471435546875,982.8467407226562,296.87078857421875,183.0418701171875,104.92364501953125,19205.420203886926,891.3258056640625,244.40896606445312,1920,1080,805.6904907226562,214.58639526367188,915.8060302734375,232.291259765625,110.11553955078125,17.704864501953125,9.134094340424895,left,False,"{'safe_roi': (450, 80, 1500, 420), 'cylinder_roi': (800, 190, 1000, 300)}",ok_cylinder_inside_confirmed
2026-09-28 22:50:54,2026-09-28,10702052,10558,77,110.26565551757812,,33.595367431640625,0.7669503688812256,800.3650512695312,190.53179931640625,984.2385864257812,297.07086181640625,183.87353515625,106.5390625,19589.714054107666,892.3018188476562,243.80133056640625,1920,1080,806.6259155273438,216.2494354248047,915.6765747070312,232.57330322265625,109.0506591796875,16.323867797851562,8.513432322086617,left,False,"{'safe_roi': (450, 80, 1500, 420), 'cylinder_roi': (800, 190, 1000, 300)}",ok_cylinder_inside_confirmed
2026-09-28 22:50:59,2026-09-28,10702131,10558,77,108.1706314086914,,34.756744384765625,0.7601300477981567,796.1253662109375,196.50489807128906,982.892822265625,297.0209655761719,186.7674560546875,100.51606750488281,18773.130220508203,889.5090942382812,246.762939453125,1920,1080,804.2606201171875,220.8907928466797,911.7430419921875,233.07333374023438,107.482421875,12.182540893554688,6.466563538561371,left,False,"{'safe_roi': (450, 80, 1500, 420), 'cylinder_roi': (800, 190, 1000, 300)}",ok_cylinder_inside_confirmed
2026-09-28 22:51:11,2026-09-28,10702340,10558,77,109.12394714355469,,36.89070129394531,0.762046217918396,798.5333251953125,189.9530487060547,982.7642822265625,297.86187744140625,184.23095703125,107.90882873535156,19880.14679003507,890.6488037109375,243.907470703125,1920,1080,806.9935302734375,217.55740356445312,915.09423828125,232.46620178222656,108.1007080078125,14.908798217773438,7.852458073300774,left,False,"{'safe_roi': (450, 80, 1500, 420), 'cylinder_roi': (800, 190, 1000, 300)}",ok_cylinder_inside_confirmed
2026-09-28 22:51:16,2026-09-28,10702423,10558,77,109.66726684570312,,38.22682189941406,0.758267343044281,795.0850830078125,193.43707275390625,980.459716796875,296.2459411621094,185.3746337890625,102.80886840820312,19058.15633143857,887.7723999023438,244.8415069580078,1920,1080,802.9769287109375,220.3631591796875,911.65185546875,235.0828857421875,108.6749267578125,14.7197265625,7.713616558572809,left,False,"{'safe_roi': (450, 80, 1500, 420), 'cylinder_roi': (800, 190, 1000, 300)}",ok_cylinder_inside_confirmed
2026-09-28 22:51:21,2026-09-28,10702505,10558,77,107.87892150878906,,36.95783996582031,0.7524547576904297,795.0834350585938,194.2317352294922,978.6710815429688,296.1761169433594,183.587646484375,101.94438171386719,18715.729111153632,886.8772583007812,245.20391845703125,1920,1080,803.99169921875,221.51272583007812,911.1678466796875,233.80642700195312,107.1761474609375,12.293701171875,6.543546482584526,left,False,"{'safe_roi': (450, 80, 1500, 420), 'cylinder_roi': (800, 190, 1000, 300)}",ok_cylinder_inside_confirmed
2026-09-28 22:51:26,2026-09-28,10702586,10558,77,109.63127899169922,,35.90739440917969,0.7639848589897156,797.40966796875,191.11892700195312,982.7459716796875,297.01611328125,185.3363037109375,105.89718627929688,19626.59307839349,890.0778198242188,244.06752014160156,1920,1080,806.5686645507812,218.49697875976562,915.2054443359375,233.23019409179688,108.63677978515625,14.73321533203125,7.723278211387735,left,False,"{'safe_roi': (450, 80, 1500, 420), 'cylinder_roi': (800, 190, 1000, 300)}",ok_cylinder_inside_confirmed
2026-09-28 22:51:31,2026-09-28,10702664,10558,77,110.29206848144531,,37.36566162109375,0.7616339921951294,791.9924926757812,195.17478942871094,981.3300170898438,296.59332275390625,189.3375244140625,101.41853332519531,19202.33402949758,886.6612548828125,245.88406372070312,1920,1080,802.8975219726562,217.5970458984375,912.23291015625,232.09234619140625,109.33538818359375,14.49530029296875,7.552031793237018,left,False,"{'safe_roi': (450, 80, 1500, 420), 'cylinder_roi': (800, 190, 1000, 300)}",ok_cylinder_inside_confirmed
2026-09-28 22:51:36,2026-09-28,10702742,10558,77,111.87346649169922,,35.81529235839844,0.764576256275177,795.9489135742188,192.6261749267578,981.8373413085938,296.24591064453125,185.888427734375,103.61973571777344,19261.709754828364,888.8931274414062,244.43603515625,1920,1080,803.583740234375,218.39077758789062,914.427001953125,233.53817749023438,110.84326171875,15.14739990234375,7.781612361595769,left,False,"{'safe_roi': (450, 80, 1500, 420), 'cylinder_roi': (800, 190, 1000, 300)}",ok_cylinder_inside_confirmed
2026-09-28 22:51:41,2026-09-28,10702826,10558,77,109.84300994873047,,37.589691162109375,0.7648338079452515,798.4646606445312,192.2673797607422,982.1614379882812,296.720703125,183.69677734375,104.45332336425781,19187.738884858787,890.3130493164062,244.49404907226562,1920,1080,804.1832275390625,216.49603271484375,912.722900390625,233.36688232421875,108.5396728515625,16.870849609375,8.835062860665664,left,False,"{'safe_roi': (450, 80, 1500, 420), 'cylinder_roi': (800, 190, 1000, 300)}",ok_cylinder_inside_confirmed
2026-09-28 22:51:46,2026-09-28,10702905,10558,77,111.46051025390625,,37.766937255859375,0.755813717842102,792.3236694335938,194.27389526367188,979.3555297851562,295.7962646484375,187.0318603515625,101.52236938476562,18987.91761333123,885.839599609375,245.0350799560547,1920,1080,802.4533081054688,218.60662841796875,912.5079956054688,236.2534942626953,110.0546875,17.646865844726562,9.10962412181051,left,False,"{'safe_roi': (450, 80, 1500, 420), 'cylinder_roi': (800, 190, 1000, 300)}",ok_cylinder_inside_confirmed
2026-09-28 22:51:55,2026-09-28,10703043,10558,77,106.48365783691406,,37.35212707519531,0.7587502002716064,792.3209838867188,196.51522827148438,978.8239135742188,296.9801940917969,186.5029296875,100.4649658203125,18737.010456442833,885.5724487304688,246.74771118164062,1920,1080,800.954345703125,222.22752380371094,906.5767822265625,235.74307250976562,105.6224365234375,13.515548706054688,7.291995704550761,left,False,"{'safe_roi': (450, 80, 1500, 420), 'cylinder_roi': (800, 190, 1000, 300)}",ok_cylinder_inside_confirmed
2026-09-28 22:52:00,2026-09-28,10703124,10558,77,108.03965759277344,,39.86665344238281,0.7611485719680786,793.8910522460938,196.49310302734375,978.9060668945312,297.308837890625,185.0150146484375,100.81573486328125,18652.42466252297,886.3985595703125,246.90097045898438,1920,1080,801.4826049804688,223.22935485839844,908.6900024414062,236.61370849609375,107.2073974609375,13.384353637695312,7.116296225119329,left,False,"{'safe_roi': (450, 80, 1500, 420), 'cylinder_roi': (800, 190, 1000, 300)}",ok_cylinder_inside_confirmed
2026-09-28 22:52:05,2026-09-28,10703205,10558,77,109.33301544189453,,39.061431884765625,0.7559986710548401,794.7695922851562,197.1136932373047,980.2820434570312,297.48919677734375,185.512451171875,100.37550354003906,18620.905699323863,887.5258178710938,247.30145263671875,1920,1080,801.6146850585938,224.39268493652344,910.21728515625,237.00946044921875,108.60260009765625,12.616775512695312,6.626562852444313,left,False,"{'safe_roi': (450, 80, 1500, 420), 'cylinder_roi': (800, 190, 1000, 300)}",ok_cylinder_inside_confirmed
2026-09-28 22:52:16,2026-09-28,10703376,10558,77,108.45609283447266,,36.004150390625,0.7553071975708008,792.32275390625,198.22622680664062,977.2242431640625,296.9682312011719,184.9014892578125,98.74200439453125,18257.543664850295,884.7734985351562,247.59722900390625,1920,1080,800.3701171875,222.85049438476562,908.0770874023438,235.57577514648438,107.70697021484375,12.72528076171875,6.738101934884676,left,False,"{'safe_roi': (450, 80, 1500, 420), 'cylinder_roi': (800, 190, 1000, 300)}",ok_cylinder_inside_confirmed
2026-09-28 22:52:37,2026-09-28,10703718,10558,77,107.02639770507812,,38.481414794921875,0.7577422261238098,795.3549194335938,196.88381958007812,977.1751098632812,296.1805419921875,181.8201904296875,99.29672241210938,18054.148978013545,886.2650146484375,246.5321807861328,1920,1080,800.5587768554688,223.4746551513672,906.834716796875,236.12667846679688,106.27593994140625,12.652023315429688,6.7890413969412124,left,False,"{'safe_roi': (450, 80, 1500, 420), 'cylinder_roi': (800, 190, 1000, 300)}",ok_cylinder_inside_confirmed
2026-09-28 22:52:55,2026-09-28,10704001,10558,77,108.2978515625,,38.88555908203125,0.7593571543693542,796.2445068359375,197.089599609375,979.386962890625,296.80169677734375,183.1424560546875,99.71209716796875,18261.518373705447,887.8157348632812,246.94564819335938,1920,1080,801.027099609375,222.91900634765625,908.5211181640625,236.08946228027344,107.4940185546875,13.170455932617188,6.985218078149512,left,False,"{'safe_roi': (450, 80, 1500, 420), 'cylinder_roi': (800, 190, 1000, 300)}",ok_cylinder_inside_confirmed
2026-09-28 22:53:00,2026-09-28,10704084,10558,77,109.81109619140625,,35.006988525390625,0.7636894583702087,797.6755981445312,195.85719299316406,983.5289916992188,297.53521728515625,185.8533935546875,101.67802429199219,18897.2058646027,890.602294921875,246.69619750976562,1920,1080,802.0559692382812,221.4029541015625,911.3095703125,232.45407104492188,109.25360107421875,11.051116943359375,5.775883250483149,left,False,"{'safe_roi': (450, 80, 1500, 420), 'cylinder_roi': (800, 190, 1000, 300)}",ok_cylinder_inside_confirmed
2026-09-28 22:53:09,2026-09-28,10704241,10558,77,105.1090316772461,,37.561004638671875,0.7581111788749695,796.9791870117188,194.67672729492188,978.6062622070312,296.5173034667969,181.6270751953125,101.840576171875,18497.00598630309,887.792724609375,245.59701538085938,1920,1080,803.387939453125,225.11764526367188,908.1031494140625,234.20797729492188,104.7152099609375,9.09033203125,4.961411075723298,left,False,"{'safe_roi': (450, 80, 1500, 420), 'cylinder_roi': (800, 190, 1000, 300)}",ok_cylinder_inside_confirmed
2026-09-28 22:53:14,2026-09-28,10704324,10558,77,105.15641021728516,,38.5535888671875,0.7520287036895752,795.9645385742188,197.05599975585938,979.0787963867188,296.55804443359375,183.1142578125,99.50204467773438,18220.243061989546,887.5216674804688,246.80702209472656,1920,1080,802.0418701171875,227.0680694580078,906.9155883789062,234.7735595703125,104.87371826171875,7.7054901123046875,4.202198406344205,left,False,"{'safe_roi': (450, 80, 1500, 420), 'cylinder_roi': (800, 190, 1000, 300)}",ok_cylinder_inside_confirmed
2026-09-28 22:53:19,2026-09-28,10704405,10558,77,106.17098236083984,,41.44140625,0.7552562952041626,795.794189453125,196.37879943847656,978.803955078125,296.81768798828125,183.009765625,100.43888854980469,18381.297453135252,887.299072265625,246.59823608398438,1920,1080,802.961669921875,226.63893127441406,908.6929931640625,236.2911376953125,105.7313232421875,9.652206420898438,5.21607049102802,left,False,"{'safe_roi': (450, 80, 1500, 420), 'cylinder_roi': (800, 190, 1000, 300)}",ok_cylinder_inside_confirmed
2026-09-28 22:53:24,2026-09-28,10704488,10558,77,105.7514877319336,,38.14738464355469,0.7564970254898071,797.291015625,194.7269744873047,977.585693359375,296.22216796875,180.294677734375,101.49519348144531,18299.04320032522,887.4383544921875,245.47457885742188,1920,1080,804.49267578125,223.88003540039062,909.740234375,234.19158935546875,105.24755859375,10.311553955078125,5.595654289864598,left,False,"{'safe_roi': (450, 80, 1500, 420), 'cylinder_roi': (800, 190, 1000, 300)}",ok_cylinder_inside_confirmed
2026-09-28 23:04:04,2026-09-28,10714827,10558,78,106.91742706298828,,42.19847106933594,0.770471453666687,869.8312377929688,196.2220458984375,1049.9371337890625,313.6783447265625,180.10589599609375,117.456298828125,21154.57194082439,959.8841552734375,254.9501953125,1920,1080,869.3790283203125,225.8568878173828,976.18505859375,230.73626708984375,106.8060302734375,4.8793792724609375,2.6157098865643102,left,False,"{'safe_roi': (450, 80, 1500, 420), 'cylinder_roi': (800, 190, 1000, 300)}",ok_cylinder_inside_confirmed
2026-09-28 23:04:10,2026-09-28,10714910,10558,78,104.36376953125,,42.715057373046875,0.7670185565948486,871.5205688476562,195.8111572265625,1052.2847900390625,313.0706481933594,180.76422119140625,117.25949096679688,21196.320561913773,961.9027099609375,254.44090270996094,1920,1080,867.5056762695312,224.6834259033203,971.7393798828125,229.89218139648438,104.23370361328125,5.2087554931640625,2.860798832425282,left,False,"{'safe_roi': (450, 80, 1500, 420), 'cylinder_roi': (800, 190, 1000, 300)}",ok_cylinder_inside_confirmed
2026-09-28 23:04:15,2026-09-28,10714995,10558,78,105.71102905273438,,39.76466369628906,0.7899240851402283,871.5425415039062,191.89637756347656,1057.5389404296875,310.9301452636719,185.99639892578125,119.03376770019531,22139.852142804302,964.540771484375,251.41326904296875,1920,1080,869.8768310546875,227.11695861816406,975.5877685546875,226.97747802734375,105.7109375,0.1394805908203125,0.07559903193837118,left,False,"{'safe_roi': (450, 80, 1500, 420), 'cylinder_roi': (800, 190, 1000, 300)}",ok_cylinder_inside_confirmed
2026-09-28 23:06:07,2026-09-28,10716806,10558,79,108.0277328491211,,40.49565124511719,0.7846949100494385,819.0894775390625,186.94146728515625,1002.45166015625,298.2285461425781,183.3621826171875,111.28707885742188,20405.841676387936,910.7705688476562,242.5850067138672,1920,1080,826.0619506835938,210.05491638183594,933.173828125,224.0919189453125,107.11187744140625,14.037002563476562,7.466060199170688,left,False,"{'safe_roi': (450, 80, 1500, 420), 'cylinder_roi': (800, 190, 1000, 300)}",ok_cylinder_inside_confirmed
2026-09-28 23:12:11,2026-09-28,10722734,10558,80,94.69194030761719,,38.41578674316406,0.7894617319107056,821.4005737304688,188.9774169921875,1009.1189575195312,297.29168701171875,187.7183837890625,108.31427001953125,20332.579709358513,915.259765625,243.13455200195312,1920,1080,996.081787109375,224.68556213378906,901.3985595703125,223.4013214111328,94.6832275390625,1.28424072265625,0.7770865382662342,right,False,"{'safe_roi': (450, 80, 1500, 420), 'cylinder_roi': (800, 190, 1000, 300)}",ok_cylinder_inside_confirmed
2026-09-28 23:12:16,2026-09-28,10722816,10558,80,95.65070343017578,,37.793609619140625,0.7843936085700989,825.2547607421875,188.47511291503906,1007.960205078125,295.52703857421875,182.7054443359375,107.05192565917969,19558.969644578174,916.6074829101562,242.00106811523438,1920,1080,996.677734375,226.32717895507812,901.0595703125,223.83233642578125,95.6181640625,2.494842529296875,1.494606432024928,right,False,"{'safe_roi': (450, 80, 1500, 420), 'cylinder_roi': (800, 190, 1000, 300)}",ok_cylinder_inside_confirmed
2026-09-28 23:12:21,2026-09-28,10722896,10558,80,100.50789642333984,,41.87615966796875,0.7820397019386292,822.0860595703125,188.3491973876953,1008.123779296875,295.9088134765625,186.0377197265625,107.55961608886719,20010.145711837336,915.1049194335938,242.12899780273438,1920,1080,997.8133544921875,223.37521362304688,897.337646484375,220.8316650390625,100.4757080078125,2.543548583984375,1.4501363787657773,right,False,"{'safe_roi': (450, 80, 1500, 420), 'cylinder_roi': (800, 190, 1000, 300)}",ok_cylinder_inside_confirmed
2026-09-28 23:12:26,2026-09-28,10722981,10558,80,99.7332534790039,,40.89857482910156,0.7925847768783569,822.2212524414062,188.20835876464844,1009.6284790039062,295.8819580078125,187.4072265625,107.67359924316406,20178.810608163476,915.9248657226562,242.045166015625,1920,1080,996.8694458007812,222.1187744140625,897.212646484375,218.2143096923828,99.65679931640625,3.9044647216796875,2.243650125568184,right,False,"{'safe_roi': (450, 80, 1500, 420), 'cylinder_roi': (800, 190, 1000, 300)}",ok_cylinder_inside_confirmed
2026-09-28 23:12:31,2026-09-28,10723064,10558,80,98.69558715820312,,40.792633056640625,0.8004015684127808,824.4403686523438,188.1973114013672,1009.5547485351562,295.46856689453125,185.1143798828125,107.27125549316406,19857.45193986781,916.99755859375,241.83294677734375,1920,1080,996.0601196289062,221.99343872070312,897.4339599609375,218.29222106933594,98.62615966796875,3.7012176513671875,2.1491730287401207,right,False,"{'safe_roi': (450, 80, 1500, 420), 'cylinder_roi': (800, 190, 1000, 300)}",ok_cylinder_inside_confirmed
2026-09-28 23:12:36,2026-09-28,10723146,10558,80,99.95145416259766,,40.49591064453125,0.798986554145813,823.8668823242188,188.54811096191406,1010.9288940429688,295.5609130859375,187.06201171875,107.01280212402344,20018.030044980347,917.3978881835938,242.05450439453125,1920,1080,997.573486328125,220.43045043945312,897.6300048828125,219.16790771484375,99.9434814453125,1.262542724609375,0.7237542752787602,right,False,"{'safe_roi': (450, 80, 1500, 420), 'cylinder_roi': (800, 190, 1000, 300)}",ok_cylinder_inside_confirmed
2026-09-28 23:12:41,2026-09-28,10723229,10558,80,100.57855224609375,,39.30540466308594,0.7971816062927246,819.8234252929688,187.92617797851562,1012.0802612304688,295.455810546875,192.2568359375,107.52963256835938,20673.306927114725,915.9518432617188,241.6909942626953,1920,1080,998.1102294921875,217.8370819091797,897.5353393554688,218.69500732421875,100.57489013671875,0.8579254150390625,0.4887334517028404,right,False,"{'safe_roi': (450, 80, 1500, 420), 'cylinder_roi': (800, 190, 1000, 300)}",ok_cylinder_inside_confirmed
2026-09-28 23:12:46,2026-09-28,10723311,10558,80,99.77265167236328,,40.956451416015625,0.7965648770332336,821.0868530273438,187.74810791015625,1011.2451782226562,295.27294921875,190.1583251953125,107.52484130859375,20446.74374013394,916.166015625,241.51052856445312,1920,1080,994.4133911132812,218.21762084960938,894.640869140625,218.05621337890625,99.77252197265625,0.161407470703125,0.0926904382351481,right,False,"{'safe_roi': (450, 80, 1500, 420), 'cylinder_roi': (800, 190, 1000, 300)}",ok_cylinder_inside_confirmed
2026-09-28 23:12:51,2026-09-28,10723396,10558,80,99.49546813964844,,38.58244323730469,0.7939515709877014,819.99658203125,187.75469970703125,1009.56201171875,295.1590881347656,189.5654296875,107.40438842773438,20360.15904262662,914.779296875,241.45689392089844,1920,1080,997.8864135742188,220.1199493408203,898.40087890625,218.7139892578125,99.48553466796875,1.4059600830078125,0.8096676257714119,right,False,"{'safe_roi': (450, 80, 1500, 420), 'cylinder_roi': (800, 190, 1000, 300)}",ok_cylinder_inside_confirmed
2026-09-28 23:12:56,2026-09-28,10723479,10558,80,98.86289978027344,,39.59590148925781,0.7961801290512085,823.0798950195312,188.23129272460938,1009.4337768554688,295.8167724609375,186.3538818359375,107.58547973632812,20048.97177804634,916.2568359375,242.02403259277344,1920,1080,997.8839111328125,220.32102966308594,899.03564453125,218.62014770507812,98.8482666015625,1.7008819580078125,0.9857910986180285,right,False,"{'safe_roi': (450, 80, 1500, 420), 'cylinder_roi': (800, 190, 1000, 300)}",ok_cylinder_inside_confirmed
2026-09-28 23:13:04,2026-09-28,10723607,10558,80,99.01712799072266,,38.88188171386719,0.7967225909233093,825.5687866210938,188.6033477783203,1011.6737670898438,295.3091735839844,186.10498046875,106.70582580566406,19858.48562746495,918.6212768554688,241.95626831054688,1920,1080,998.3444213867188,219.368896484375,899.3274536132812,219.545166015625,99.0169677734375,0.17626953125,0.10199756421288385,right,False,"{'safe_roi': (450, 80, 1500, 420), 'cylinder_roi': (800, 190, 1000, 300)}",ok_cylinder_inside_confirmed
2026-09-28 23:13:09,2026-09-28,10723689,10558,80,94.36151885986328,,35.07713317871094,0.7876965403556824,828.15087890625,189.35916137695312,1010.17138671875,296.264892578125,182.0205078125,106.90573120117188,19459.03548130393,919.1611328125,242.81202697753906,1920,1080,998.0335083007812,217.56353759765625,903.7296142578125,220.86083984375,94.30389404296875,3.29730224609375,2.002510857485958,right,False,"{'safe_roi': (450, 80, 1500, 420), 'cylinder_roi': (800, 190, 1000, 300)}",ok_cylinder_inside_confirmed
2026-09-28 23:13:14,2026-09-28,10723771,10558,80,100.64334869384766,,40.82804870605469,0.7950425148010254,825.0758056640625,188.73057556152344,1010.5782470703125,295.971923828125,185.50244140625,107.24134826660156,19893.531923152506,917.8270263671875,242.35125732421875,1920,1080,997.1650390625,220.91421508789062,896.5499267578125,218.53045654296875,100.6151123046875,2.383758544921875,1.3571893457137862,right,False,"{'safe_roi': (450, 80, 1500, 420), 'cylinder_roi': (800, 190, 1000, 300)}",ok_cylinder_inside_confirmed
2026-09-28 23:13:19,2026-09-28,10723854,10558,80,99.69609069824219,,40.71733093261719,0.7945791482925415,825.0654296875,188.70367431640625,1011.3314208984375,296.7162170410156,186.2659912109375,108.01254272460938,20119.0633338131,918.1984252929688,242.70994567871094,1920,1080,997.248291015625,221.16525268554688,897.5792236328125,218.84420776367188,99.6690673828125,2.321044921875,1.3340352184832454,right,False,"{'safe_roi': (450, 80, 1500, 420), 'cylinder_roi': (800, 190, 1000, 300)}",ok_cylinder_inside_confirmed
2026-09-28 23:13:24,2026-09-28,10723936,10558,80,101.99520874023438,,42.53034973144531,0.7789358496665955,827.3724365234375,188.99354553222656,1011.449951171875,296.21844482421875,184.0775146484375,107.22489929199219,19737.692970098928,919.4111938476562,242.60598754882812,1920,1080,997.6151123046875,220.4774627685547,895.62646484375,219.32037353515625,101.9886474609375,1.1570892333984375,0.6500084765711109,right,False,"{'safe_roi': (450, 80, 1500, 420), 'cylinder_roi': (800, 190, 1000, 300)}",ok_cylinder_inside_confirmed
2026-09-28 23:13:29,2026-09-28,10724019,10558,80,102.29096221923828,,42.61930847167969,0.7757072448730469,826.963134765625,188.8522491455078,1011.229736328125,296.4754638671875,184.2666015625,107.62321472167969,19831.364025995135,919.096435546875,242.66384887695312,1920,1080,998.2164306640625,220.71319580078125,895.9281005859375,219.97940063476562,102.288330078125,0.733795166015625,0.4110209326912162,right,False,"{'safe_roi': (450, 80, 1500, 420), 'cylinder_roi': (800, 190, 1000, 300)}",ok_cylinder_inside_confirmed
2026-09-28 23:13:34,2026-09-28,10724100,10558,80,93.99345397949219,,36.998046875,0.7862827777862549,827.48486328125,188.9292755126953,1011.0966796875,296.1475524902344,183.61181640625,107.21827697753906,19686.542587794363,919.290771484375,242.53842163085938,1920,1080,997.0968017578125,225.591796875,903.1226196289062,223.6883544921875,93.97418212890625,1.9034423828125,1.1603644954474506,right,False,"{'safe_roi': (450, 80, 1500, 420), 'cylinder_roi': (800, 190, 1000, 300)}",ok_cylinder_inside_confirmed
2026-09-28 23:13:39,2026-09-28,10724183,10558,80,100.81067657470703,,40.69572448730469,0.7836233973503113,827.3516845703125,188.84249877929688,1011.6663818359375,295.999755859375,184.314697265625,107.15725708007812,19750.65739852935,919.509033203125,242.42112731933594,1920,1080,998.7395629882812,221.2225341796875,897.93212890625,220.4139404296875,100.80743408203125,0.80859375,0.459569436375971,right,False,"{'safe_roi': (450, 80, 1500, 420), 'cylinder_roi': (800, 190, 1000, 300)}",ok_cylinder_inside_confirmed
2026-09-28 23:13:44,2026-09-28,10724265,10558,80,94.27413177490234,,37.575225830078125,0.7893308997154236,826.5028686523438,188.9384307861328,1012.3811645507812,295.6514587402344,185.8782958984375,106.71302795410156,19835.635786270723,919.4420166015625,242.29495239257812,1920,1080,997.0968017578125,223.44729614257812,902.832763671875,222.06793212890625,94.2640380859375,1.379364013671875,0.8383483018171206,right,False,"{'safe_roi': (450, 80, 1500, 420), 'cylinder_roi': (800, 190, 1000, 300)}",ok_cylinder_inside_confirmed
2026-09-28 23:13:49,2026-09-28,10724346,10558,80,99.8466567993164,,39.57453918457031,0.7930505275726318,823.46923828125,188.35446166992188,1012.3812255859375,295.7210388183594,188.9119873046875,107.3665771484375,20282.833459213376,917.9252319335938,242.03775024414062,1920,1080,997.7680053710938,218.8135528564453,897.9253540039062,219.707763671875,99.8426513671875,0.8942108154296875,0.5131387756962131,right,False,"{'safe_roi': (450, 80, 1500, 420), 'cylinder_roi': (800, 190, 1000, 300)}",ok_cylinder_inside_confirmed
2026-09-28 23:13:54,2026-09-28,10724427,10558,80,97.19993591308594,,37.576812744140625,0.7911224365234375,821.6950073242188,188.64205932617188,1009.4540405273438,295.16009521484375,187.759033203125,106.51803588867188,19999.723437152803,915.5745239257812,241.9010772705078,1920,1080,997.3424072265625,217.1243438720703,900.2081298828125,220.69635009765625,97.13427734375,3.5720062255859375,2.1060402758752677,right,False,"{'safe_roi': (450, 80, 1500, 420), 'cylinder_roi': (800, 190, 1000, 300)}",ok_cylinder_inside_confirmed
2026-09-28 23:14:03,2026-09-28,10724564,10558,80,89.67237091064453,,35.009307861328125,0.7871317863464355,830.1978149414062,188.6827850341797,1006.8212280273438,294.64483642578125,176.6234130859375,105.96205139160156,18715.37917437218,918.509521484375,241.663818359375,1920,1080,992.375244140625,223.45489501953125,902.7586669921875,226.61776733398438,89.6165771484375,3.162872314453125,2.021322986115132,right,False,"{'safe_roi': (450, 80, 1500, 420), 'cylinder_roi': (800, 190, 1000, 300)}",ok_cylinder_inside_confirmed
2026-09-28 23:14:08,2026-09-28,10724648,10558,80,91.0593032836914,,35.705810546875,0.7878526449203491,831.3931884765625,188.66250610351562,1007.630859375,295.47857666015625,176.2376708984375,106.81607055664062,18825.01548942551,919.5120239257812,242.07054138183594,1920,1080,997.7689208984375,214.10597229003906,907.0156860351562,221.565673828125,90.75323486328125,7.4597015380859375,4.6990138514989965,right,False,"{'safe_roi': (450, 80, 1500, 420), 'cylinder_roi': (800, 190, 1000, 300)}",ok_cylinder_inside_confirmed
2026-09-28 23:14:22,2026-09-28,10724876,10558,80,94.70101928710938,,36.87486267089844,0.7863287925720215,830.1917724609375,188.7312469482422,1008.627685546875,296.2684631347656,178.4359130859375,107.53721618652344,19188.501360962167,919.4097290039062,242.49984741210938,1920,1080,997.417236328125,216.76919555664062,902.8797607421875,222.33230590820312,94.5374755859375,5.5631103515625,3.36771836339257,right,False,"{'safe_roi': (450, 80, 1500, 420), 'cylinder_roi': (800, 190, 1000, 300)}",ok_cylinder_inside_confirmed
2026-09-28 23:14:27,2026-09-28,10724956,10558,80,91.41710662841797,,35.57136535644531,0.7863657474517822,829.8655395507812,189.0159912109375,1010.3245239257812,296.74462890625,180.458984375,107.7286376953125,19440.600546598434,920.0950317382812,242.88031005859375,1920,1080,998.2935180664062,215.5734405517578,907.080322265625,221.67596435546875,91.21319580078125,6.1025238037109375,3.8276102436571873,right,False,"{'safe_roi': (450, 80, 1500, 420), 'cylinder_roi': (800, 190, 1000, 300)}",ok_cylinder_inside_confirmed
2026-09-28 23:14:35,2026-09-28,10725085,10558,80,91.41046142578125,,35.98332214355469,0.7875270843505859,830.4005126953125,189.1742401123047,1012.3140869140625,296.357421875,181.91357421875,107.18318176269531,19498.075690589845,921.3572998046875,242.76583862304688,1920,1080,996.7679443359375,216.46849060058594,905.5127563476562,221.79421997070312,91.25518798828125,5.3257293701171875,3.3400411779520383,right,False,"{'safe_roi': (450, 80, 1500, 420), 'cylinder_roi': (800, 190, 1000, 300)}",ok_cylinder_inside_confirmed
2026-09-28 23:14:40,2026-09-28,10725168,10558,80,96.54297637939453,,37.83006286621094,0.7858538031578064,828.81298828125,189.32150268554688,1009.459716796875,295.538818359375,180.646728515625,106.21731567382812,19187.81058818847,919.1363525390625,242.43016052246094,1920,1080,999.8805541992188,217.8326416015625,903.4533081054688,222.558349609375,96.42724609375,4.7257080078125,2.8057076729642305,right,False,"{'safe_roi': (450, 80, 1500, 420), 'cylinder_roi': (800, 190, 1000, 300)}",ok_cylinder_inside_confirmed
2026-09-28 23:14:45,2026-09-28,10725251,10558,80,96.00593566894531,,39.223388671875,0.7908022999763489,829.6341552734375,189.0815887451172,1010.0399169921875,295.3504638671875,180.40576171875,106.26887512207031,19171.517363391817,919.8370361328125,242.21603393554688,1920,1080,996.8111572265625,218.8415985107422,900.8426513671875,221.52224731445312,95.968505859375,2.6806488037109375,1.6000034074641651,right,False,"{'safe_roi': (450, 80, 1500, 420), 'cylinder_roi': (800, 190, 1000, 300)}",ok_cylinder_inside_confirmed
2026-09-28 23:14:59,2026-09-28,10725484,10558,80,97.07523345947266,,38.989532470703125,0.7845877408981323,830.2941284179688,189.56512451171875,1012.6218872070312,296.1721496582031,182.3277587890625,106.60702514648438,19437.419966127723,921.4580078125,242.86863708496094,1920,1080,997.9122314453125,217.87387084960938,900.9307861328125,222.14012145996094,96.9814453125,4.2662506103515625,2.51883915769788,right,False,"{'safe_roi': (450, 80, 1500, 420), 'cylinder_roi': (800, 190, 1000, 300)}",ok_cylinder_inside_confirmed
2026-09-28 23:15:04,2026-09-28,10725567,10558,80,96.2099838256836,,39.71223449707031,0.7857134938240051,828.8982543945312,188.89918518066406,1009.7299194335938,295.6365661621094,180.8316650390625,106.73738098144531,19301.49832478352,919.3140869140625,242.26788330078125,1920,1080,997.240478515625,219.51495361328125,901.0574340820312,221.79151916503906,96.18304443359375,2.2765655517578125,1.3558860470043925,right,False,"{'safe_roi': (450, 80, 1500, 420), 'cylinder_roi': (800, 190, 1000, 300)}",ok_cylinder_inside_confirmed
2026-09-28 23:15:10,2026-09-28,10725648,10558,80,94.69839477539062,,39.00238037109375,0.7857937812805176,829.7554931640625,189.16192626953125,1011.784912109375,296.19256591796875,182.0294189453125,107.0306396484375,19482.725144550204,920.7702026367188,242.67724609375,1920,1080,997.163818359375,218.53086853027344,902.540771484375,222.30770874023438,94.623046875,3.7768402099609375,2.285724264804954,right,False,"{'safe_roi': (450, 80, 1500, 420), 'cylinder_roi': (800, 190, 1000, 300)}",ok_cylinder_inside_confirmed
2026-09-28 23:15:18,2026-09-28,10725793,10558,80,96.65762329101562,,39.01966857910156,0.7836704850196838,829.370361328125,189.04147338867188,1012.39794921875,295.5661926269531,183.027587890625,106.52471923828125,19496.962412908673,920.8841552734375,242.3038330078125,1920,1080,998.034912109375,217.50057983398438,901.4828491210938,222.01673889160156,96.55206298828125,4.5161590576171875,2.678020405079413,right,False,"{'safe_roi': (450, 80, 1500, 420), 'cylinder_roi': (800, 190, 1000, 300)}",ok_cylinder_inside_confirmed
2026-09-28 23:23:48,2026-09-28,10734041,10558,81,94.56383514404297,,35.4246826171875,0.7509306073188782,826.051513671875,196.40516662597656,1013.101318359375,296.7095031738281,187.0498046875,100.30433654785156,18761.906560584903,919.576416015625,246.55734252929688,1920,1080,998.1815795898438,229.85545349121094,903.65283203125,227.27972412109375,94.52874755859375,2.5757293701171875,1.5608152915442504,right,False,"{'safe_roi': (450, 80, 1500, 420), 'cylinder_roi': (800, 190, 1000, 300)}",ok_cylinder_inside_confirmed
2026-09-28 23:23:53,2026-09-28,10734126,10558,81,97.21624755859375,,33.801910400390625,0.7477796673774719,826.2202758789062,196.6264190673828,1013.0153198242188,297.3274841308594,186.7950439453125,100.70106506347656,18810.459873871878,919.6177978515625,246.97695922851562,1920,1080,999.6971435546875,230.92721557617188,902.5384521484375,227.5823974609375,97.15869140625,3.344818115234375,1.9717052777676622,right,False,"{'safe_roi': (450, 80, 1500, 420), 'cylinder_roi': (800, 190, 1000, 300)}",ok_cylinder_inside_confirmed
2026-09-28 23:28:02,2026-09-28,10738152,10558,82,97.66624450683594,,35.497161865234375,0.8061003684997559,838.6295776367188,189.8849334716797,1023.1179809570312,298.912353515625,184.4884033203125,109.02742004394531,20114.294642040506,930.873779296875,244.39865112304688,1920,1080,851.5745849609375,218.06341552734375,948.3736572265625,231.04937744140625,96.799072265625,12.9859619140625,7.640825696204504,left,False,"{'safe_roi': (450, 80, 1500, 420), 'cylinder_roi': (800, 190, 1000, 300)}",ok_cylinder_inside_confirmed
2026-09-28 23:28:07,2026-09-28,10738233,10558,82,97.51319885253906,,35.715484619140625,0.8064215183258057,836.8170776367188,190.0718994140625,1021.7304077148438,297.3802490234375,184.913330078125,107.308349609375,19842.744271457195,929.2737426757812,243.72607421875,1920,1080,852.9725341796875,219.34506225585938,949.8250732421875,230.6768798828125,96.8525390625,11.331817626953125,6.673307629335951,left,False,"{'safe_roi': (450, 80, 1500, 420), 'cylinder_roi': (800, 190, 1000, 300)}",ok_cylinder_inside_confirmed
2026-09-28 23:28:12,2026-09-28,10738308,10558,82,100.77989196777344,,36.753143310546875,0.8015544414520264,836.6857299804688,190.51177978515625,1020.6476440429688,299.20404052734375,183.9619140625,108.6922607421875,19995.23632991314,928.6666870117188,244.85791015625,1920,1080,853.2428588867188,218.26699829101562,953.465576171875,228.84970092773438,100.22271728515625,10.58270263671875,6.027631890825503,left,False,"{'safe_roi': (450, 80, 1500, 420), 'cylinder_roi': (800, 190, 1000, 300)}",ok_cylinder_inside_confirmed
2026-09-28 23:28:17,2026-09-28,10738393,10558,82,98.54185485839844,,35.52215576171875,0.810925304889679,837.8580932617188,191.01402282714844,1017.2031860351562,300.4564514160156,179.3450927734375,109.44242858886719,19627.962508620694,927.5306396484375,245.7352294921875,1920,1080,852.4188232421875,216.10037231445312,950.2608642578125,227.82351684570312,97.842041015625,11.72314453125,6.8324396188359,left,False,"{'safe_roi': (450, 80, 1500, 420), 'cylinder_roi': (800, 190, 1000, 300)}",ok_cylinder_inside_confirmed
2026-09-28 23:28:22,2026-09-28,10738470,10558,82,99.81148529052734,,34.94068908691406,0.8106116056442261,836.8990478515625,188.83560180664062,1020.126220703125,299.79718017578125,183.2271728515625,110.96157836914062,20331.176299724728,928.5126342773438,244.31639099121094,1920,1080,852.890869140625,216.42189025878906,951.9786376953125,228.41964721679688,99.0877685546875,11.997756958007812,6.903886265121587,left,False,"{'safe_roi': (450, 80, 1500, 420), 'cylinder_roi': (800, 190, 1000, 300)}",ok_cylinder_inside_confirmed
2026-09-28 23:28:27,2026-09-28,10738555,10558,82,98.85982513427734,,34.860809326171875,0.8052762150764465,836.4537963867188,189.37112426757812,1019.6924438476562,300.0043640136719,183.2386474609375,110.63323974609375,20272.28521529585,928.0731201171875,244.687744140625,1920,1080,851.9680786132812,216.68792724609375,950.2295532226562,227.54832458496094,98.261474609375,10.860397338867188,6.307045024180473,left,False,"{'safe_roi': (450, 80, 1500, 420), 'cylinder_roi': (800, 190, 1000, 300)}",ok_cylinder_inside_confirmed
2026-09-28 23:28:32,2026-09-28,10738634,10558,82,97.4654312133789,,34.02207946777344,0.7971656918525696,838.0402221679688,191.27098083496094,1012.2564086914062,299.27557373046875,174.2161865234375,108.00459289550781,18816.14830127172,925.1483154296875,245.27328491210938,1920,1080,853.3279418945312,215.16763305664062,950.010986328125,227.4923858642578,96.68304443359375,12.324752807617188,7.264646614149506,left,False,"{'safe_roi': (450, 80, 1500, 420), 'cylinder_roi': (800, 190, 1000, 300)}",ok_cylinder_inside_confirmed
2026-09-28 23:28:37,2026-09-28,10738711,10558,82,95.65088653564453,,33.20103454589844,0.8076232075691223,837.96826171875,191.51919555664062,1012.523681640625,299.77655029296875,174.555419921875,108.25735473632812,18896.90801563114,925.2459716796875,245.6478729248047,1920,1080,854.9108276367188,214.9652862548828,949.755859375,227.35525512695312,94.84503173828125,12.389968872070312,7.442620954442103,left,False,"{'safe_roi': (450, 80, 1500, 420), 'cylinder_roi': (800, 190, 1000, 300)}",ok_cylinder_inside_confirmed
2026-09-28 23:28:42,2026-09-28,10738794,10558,82,95.1784896850586,,32.60992431640625,0.7986696362495422,838.667236328125,191.7020263671875,1011.8621826171875,300.149169921875,173.1949462890625,108.4471435546875,18782.497203156352,925.2647094726562,245.92559814453125,1920,1080,854.4892578125,214.7681884765625,948.966064453125,226.30410766601562,94.476806640625,11.535919189453125,6.961536812555264,left,False,"{'safe_roi': (450, 80, 1500, 420), 'cylinder_roi': (800, 190, 1000, 300)}",ok_cylinder_inside_confirmed
2026-09-28 23:28:47,2026-09-28,10738876,10558,82,95.79110717773438,,33.100799560546875,0.8012182116508484,840.760986328125,189.71060180664062,1015.0838623046875,299.4952087402344,174.3228759765625,109.78460693359375,19137.968418620527,927.9224243164062,244.6029052734375,1920,1080,854.475341796875,214.35507202148438,949.4638061523438,226.72955322265625,94.98846435546875,12.374481201171875,7.422322440323121,left,False,"{'safe_roi': (450, 80, 1500, 420), 'cylinder_roi': (800, 190, 1000, 300)}",ok_cylinder_inside_confirmed
2026-09-28 23:28:52,2026-09-28,10738959,10558,82,94.74867248535156,,33.537078857421875,0.8055265545845032,839.0029296875,191.18075561523438,1014.894775390625,297.3830261230469,175.891845703125,106.2022705078125,18680.1133774817,926.9488525390625,244.28189086914062,1920,1080,856.632568359375,215.10130310058594,950.626708984375,227.0349578857422,93.994140625,11.93365478515625,7.235656783135305,left,False,"{'safe_roi': (450, 80, 1500, 420), 'cylinder_roi': (800, 190, 1000, 300)}",ok_cylinder_inside_confirmed
2026-09-28 23:28:57,2026-09-28,10739038,10558,82,110.02394104003906,,30.288238525390625,0.7965734004974365,840.9107055664062,191.19754028320312,1011.7444458007812,296.6335754394531,170.833740234375,105.43603515625,18012.032241225243,926.3275756835938,243.91555786132812,1920,1080,841.7581787109375,207.25328063964844,949.852294921875,227.7698516845703,108.0941162109375,20.516571044921875,10.747064260771172,left,False,"{'safe_roi': (450, 80, 1500, 420), 'cylinder_roi': (800, 190, 1000, 300)}",ok_cylinder_inside_confirmed
2026-09-28 23:29:02,2026-09-28,10739120,10558,82,96.99874877929688,,33.55950927734375,0.7925625443458557,839.8336791992188,191.10511779785156,1018.4013061523438,295.9559326171875,178.567626953125,104.85081481933594,18722.96118639037,929.1174926757812,243.530517578125,1920,1080,855.25,211.44903564453125,950.9261474609375,227.4124755859375,95.6761474609375,15.96343994140625,9.472469250462199,left,False,"{'safe_roi': (450, 80, 1500, 420), 'cylinder_roi': (800, 190, 1000, 300)}",ok_cylinder_inside_confirmed
2026-09-28 23:30:14,2026-09-28,10740274,10558,83,90.5845718383789,,35.91865539550781,0.7802190184593201,786.5668334960938,188.642333984375,962.5597534179688,289.9702453613281,175.992919921875,101.32791137695312,17832.994992814958,874.5632934570312,239.30628967285156,1920,1080,806.7847900390625,212.7698211669922,896.44384765625,225.68563842773438,89.6590576171875,12.915817260742188,8.197339114448765,left,False,"{'safe_roi': (450, 80, 1500, 420), 'cylinder_roi': (800, 190, 1000, 300)}",ok_cylinder_inside_confirmed
2026-09-28 23:30:19,2026-09-28,10740354,10558,83,93.73213195800781,,36.27241516113281,0.7777074575424194,788.8121337890625,188.41412353515625,964.1019287109375,290.45159912109375,175.289794921875,102.0374755859375,17886.12816980481,876.45703125,239.432861328125,1920,1080,807.5059204101562,214.95289611816406,900.43701171875,227.180908203125,92.93109130859375,12.228012084960938,7.496001220187704,left,False,"{'safe_roi': (450, 80, 1500, 420), 'cylinder_roi': (800, 190, 1000, 300)}",ok_cylinder_inside_confirmed
2026-09-28 23:30:24,2026-09-28,10740434,10558,83,89.77588653564453,,35.32305908203125,0.7928778529167175,789.6405639648438,188.1404571533203,962.2492065429688,290.58685302734375,172.608642578125,102.44639587402344,17683.13332883641,875.9448852539062,239.3636474609375,1920,1080,807.4761962890625,214.8380889892578,896.6279296875,225.4058837890625,89.1517333984375,10.567794799804688,6.760135367126116,left,False,"{'safe_roi': (450, 80, 1500, 420), 'cylinder_roi': (800, 190, 1000, 300)}",ok_cylinder_inside_confirmed
2026-09-28 23:30:29,2026-09-28,10740516,10558,83,90.85797882080078,,37.274993896484375,0.7858294248580933,789.8760986328125,188.21932983398438,962.1959228515625,290.1556701660156,172.31982421875,101.93634033203125,17565.6522475183,876.0360107421875,239.1875,1920,1080,807.8612060546875,216.21441650390625,898.381103515625,224.045166015625,90.5198974609375,7.83074951171875,4.944268264051795,left,False,"{'safe_roi': (450, 80, 1500, 420), 'cylinder_roi': (800, 190, 1000, 300)}",ok_cylinder_inside_confirmed
2026-09-28 23:48:27,2026-09-28,10757724,10558,84,102.23038482666016,,32.78338623046875,0.7857890725135803,764.138671875,190.255615234375,949.8507080078125,306.718505859375,185.7120361328125,116.462890625,21628.56055188179,856.9946899414062,248.487060546875,1920,1080,940.3883056640625,201.4434814453125,840.361083984375,222.55288696289062,100.0272216796875,21.109405517578125,11.916651865747037,right,False,"{'safe_roi': (450, 80, 1500, 420), 'cylinder_roi': (800, 190, 1000, 300)}",ok_cylinder_inside_confirmed
