datetime,date,frame_id,track_id,event_id,body_length_px,body_length_cm,body_height_px,pose_conf,bbox_x1,bbox_y1,bbox_x2,bbox_y2,bbox_w,bbox_h,bbox_area,center_x,center_y,frame_w,frame_h,head_x,head_y,tail_x,tail_y,head_tail_dx,head_tail_dy,side_tilt_deg,facing,flipped,growth_roi,save_reason
2026-09-17 06:20:25,2026-09-17,15069467,26576,1,118.04898071289062,,26.316070556640625,0.7269957065582275,830.5301513671875,177.80044555664062,1037.4879150390625,296.6900939941406,206.957763671875,118.8896484375,24605.135764360428,934.009033203125,237.24526977539062,1920,1080,841.1909790039062,204.60720825195312,958.4293212890625,218.41781616210938,117.23834228515625,13.81060791015625,6.7184467399054855,left,False,"{'safe_roi': (450, 80, 1500, 420), 'cylinder_roi': (800, 190, 1000, 300)}",ok_cylinder_inside_confirmed
2026-09-17 06:22:12,2026-09-17,15071207,26576,2,115.60409545898438,,29.251220703125,0.6536247134208679,830.7236328125,177.17669677734375,1038.0885009765625,292.4098815917969,207.3648681640625,115.23318481445312,23895.31417717412,934.4060668945312,234.7932891845703,1920,1080,840.7979125976562,199.61758422851562,955.3123168945312,215.45294189453125,114.514404296875,15.835357666015625,7.873083489352766,left,False,"{'safe_roi': (450, 80, 1500, 420), 'cylinder_roi': (800, 190, 1000, 300)}",ok_cylinder_inside_confirmed
2026-09-17 06:22:17,2026-09-17,15071290,26576,2,117.33523559570312,,29.496109008789062,0.5988834500312805,831.7920532226562,179.40420532226562,1036.7056884765625,296.8197021484375,204.91363525390625,117.41549682617188,24060.03628979437,934.2489013671875,238.11195373535156,1920,1080,840.3638916015625,199.9572296142578,956.5777587890625,216.140380859375,116.2138671875,16.183151245117188,7.927639347045193,left,False,"{'safe_roi': (450, 80, 1500, 420), 'cylinder_roi': (800, 190, 1000, 300)}",ok_cylinder_inside_confirmed
2026-09-17 06:22:22,2026-09-17,15071377,26576,2,120.88666534423828,,27.56951904296875,0.40016454458236694,830.76904296875,180.21914672851562,1031.8062744140625,297.7841491699219,201.0372314453125,117.56500244140625,23634.942605681717,931.2876586914062,239.00164794921875,1920,1080,837.9387817382812,199.6647491455078,957.970947265625,214.0127716064453,120.03216552734375,14.3480224609375,6.816497075467267,left,False,"{'safe_roi': (450, 80, 1500, 420), 'cylinder_roi': (800, 190, 1000, 300)}",ok_cylinder_inside_confirmed
2026-09-17 06:22:27,2026-09-17,15071455,26576,2,119.1117172241211,,28.326644897460938,0.7195871472358704,818.6860961914062,181.88931274414062,1035.562255859375,294.69000244140625,216.87615966796875,112.80068969726562,24463.780389441177,927.1241455078125,238.28965759277344,1920,1080,837.9843139648438,197.1234130859375,955.2901611328125,217.7859344482422,117.30584716796875,20.662521362304688,9.989737148683973,left,False,"{'safe_roi': (450, 80, 1500, 420), 'cylinder_roi': (800, 190, 1000, 300)}",ok_cylinder_inside_confirmed
2026-09-17 13:52:43,2026-09-17,15564660,27205,3,106.01905822753906,,29.23480224609375,0.7833066582679749,844.7731323242188,180.05096435546875,1028.4091796875,297.9609680175781,183.63604736328125,117.91000366210938,21652.527017099783,936.5911865234375,239.00596618652344,1920,1080,845.518310546875,225.2127685546875,951.5369873046875,225.49806213378906,106.0186767578125,0.2852935791015625,0.15418112212675247,left,False,"{'safe_roi': (450, 80, 1500, 420), 'cylinder_roi': (800, 190, 1000, 300)}",ok_cylinder_inside_confirmed
2026-09-17 14:24:01,2026-09-17,15590484,27208,4,120.27516174316406,,34.43017578125,0.7600252032279968,818.6004638671875,176.41903686523438,1017.9759521484375,294.03448486328125,199.37548828125,117.61544799804688,23449.637374028563,918.2882080078125,235.2267608642578,1920,1080,822.8443603515625,196.4437713623047,941.3565673828125,216.9613494873047,118.51220703125,20.517578125,9.822046585957441,left,False,"{'safe_roi': (450, 80, 1500, 420), 'cylinder_roi': (800, 190, 1000, 300)}",ok_cylinder_inside_confirmed
2026-09-17 14:24:11,2026-09-17,15590617,27208,4,122.25292205810547,,40.067840576171875,0.708594560623169,817.5567626953125,178.38668823242188,1010.67626953125,293.4595031738281,193.1195068359375,115.07281494140625,22222.805271707475,914.1165161132812,235.923095703125,1920,1080,821.3822021484375,194.0029296875,942.06640625,213.52471923828125,120.6842041015625,19.52178955078125,9.188532933907842,left,False,"{'safe_roi': (450, 80, 1500, 420), 'cylinder_roi': (800, 190, 1000, 300)}",ok_cylinder_inside_confirmed
2026-09-17 14:24:16,2026-09-17,15590687,27208,4,120.78742980957031,,33.04020690917969,0.7658147215843201,811.9066162109375,183.8343505859375,1002.0972900390625,293.20001220703125,190.190673828125,109.36566162109375,20800.32887737453,907.001953125,238.51718139648438,1920,1080,812.2832641601562,206.12689208984375,931.6475219726562,224.61410522460938,119.3642578125,18.487213134765625,8.80405471956625,left,False,"{'safe_roi': (450, 80, 1500, 420), 'cylinder_roi': (800, 190, 1000, 300)}",ok_cylinder_inside_confirmed
2026-09-17 14:24:21,2026-09-17,15590754,27208,4,128.07510375976562,,30.857986450195312,0.7605187296867371,814.7211303710938,181.80213928222656,1008.2522583007812,292.12603759765625,193.5311279296875,110.32389831542969,21351.108478585258,911.4866943359375,236.96408081054688,1920,1080,814.43994140625,206.20779418945312,941.4338989257812,222.81399536132812,126.99395751953125,16.606201171875,7.449938131592925,left,False,"{'safe_roi': (450, 80, 1500, 420), 'cylinder_roi': (800, 190, 1000, 300)}",ok_cylinder_inside_confirmed
2026-09-17 14:24:26,2026-09-17,15590823,27208,4,127.54710388183594,,32.27354431152344,0.7677493691444397,813.8256225585938,178.5704345703125,1008.3573608398438,291.3206481933594,194.53173828125,112.75021362304688,21933.495047673583,911.0914916992188,234.94554138183594,1920,1080,813.7725830078125,206.06439208984375,940.7876586914062,217.70199584960938,127.01507568359375,11.637603759765625,5.2350403852640355,left,False,"{'safe_roi': (450, 80, 1500, 420), 'cylinder_roi': (800, 190, 1000, 300)}",ok_cylinder_inside_confirmed
2026-09-17 14:24:31,2026-09-17,15590892,27208,4,119.08050537109375,,37.35527038574219,0.7638337016105652,813.5459594726562,179.7930145263672,1008.0939331054688,291.507568359375,194.5479736328125,111.71455383300781,21733.840073505417,910.8199462890625,235.65029907226562,1920,1080,812.80224609375,209.07411193847656,931.844482421875,212.09280395507812,119.042236328125,3.0186920166015625,1.4526042101536913,left,False,"{'safe_roi': (450, 80, 1500, 420), 'cylinder_roi': (800, 190, 1000, 300)}",ok_cylinder_inside_confirmed
2026-09-17 14:24:36,2026-09-17,15590961,27208,4,122.49356842041016,,36.214599609375,0.7615499496459961,811.8043823242188,179.4154052734375,1011.1588745117188,291.91888427734375,199.3544921875,112.50347900390625,22428.0739261508,911.4816284179688,235.66714477539062,1920,1080,812.8037109375,207.8731689453125,935.1712646484375,213.42800903320312,122.3675537109375,5.554840087890625,2.5991411642833917,left,False,"{'safe_roi': (450, 80, 1500, 420), 'cylinder_roi': (800, 190, 1000, 300)}",ok_cylinder_inside_confirmed
2026-09-17 14:24:42,2026-09-17,15591030,27208,4,126.68898010253906,,32.563323974609375,0.7640518546104431,811.5706787109375,181.65354919433594,1011.197021484375,291.80194091796875,199.6263427734375,110.14839172363281,21988.52060216479,911.3838500976562,236.72775268554688,1920,1080,815.3215942382812,205.76475524902344,941.1359252929688,220.62586975097656,125.8143310546875,14.861114501953125,6.736529577644585,left,False,"{'safe_roi': (450, 80, 1500, 420), 'cylinder_roi': (800, 190, 1000, 300)}",ok_cylinder_inside_confirmed
2026-09-17 14:24:47,2026-09-17,15591099,27208,4,119.085205078125,,35.14837646484375,0.7588739395141602,813.3084716796875,180.5275115966797,1009.126953125,292.660888671875,195.8184814453125,112.13337707519531,21957.787618199363,911.2177124023438,236.59420776367188,1920,1080,813.7564697265625,207.88389587402344,932.7548217773438,212.43118286132812,118.99835205078125,4.5472869873046875,2.1883802790175655,left,False,"{'safe_roi': (450, 80, 1500, 420), 'cylinder_roi': (800, 190, 1000, 300)}",ok_cylinder_inside_confirmed
2026-09-17 14:37:25,2026-09-17,15601443,27210,5,123.20637512207031,,30.749252319335938,0.789257824420929,832.4762573242188,183.5983123779297,1019.1427612304688,301.6979675292969,186.66650390625,118.09965515136719,22045.24973963946,925.8095092773438,242.64813232421875,1920,1080,834.6805419921875,209.5861358642578,956.2852172851562,229.3879852294922,121.60467529296875,19.801849365234375,9.248747128256902,left,False,"{'safe_roi': (450, 80, 1500, 420), 'cylinder_roi': (800, 190, 1000, 300)}",ok_cylinder_inside_confirmed
2026-09-17 14:37:44,2026-09-17,15601705,27210,5,119.81451416015625,,33.358489990234375,0.7800180912017822,830.4044189453125,185.20449829101562,1020.1446533203125,301.2386169433594,189.740234375,116.03411865234375,22016.340868592262,925.2745361328125,243.2215576171875,1920,1080,836.8388061523438,209.32357788085938,955.0218505859375,229.02853393554688,118.18304443359375,19.7049560546875,9.465992949876483,left,False,"{'safe_roi': (450, 80, 1500, 420), 'cylinder_roi': (800, 190, 1000, 300)}",ok_cylinder_inside_confirmed
2026-09-17 14:37:49,2026-09-17,15601775,27210,5,101.38677215576172,,37.66650390625,0.7964854836463928,833.1953125,187.96011352539062,1022.1925048828125,303.8617248535156,188.9971923828125,115.901611328125,21905.0791336596,927.6939086914062,245.91091918945312,1920,1080,846.33154296875,211.2763214111328,946.2767333984375,228.31265258789062,99.9451904296875,17.036331176757812,9.673477529844972,left,False,"{'safe_roi': (450, 80, 1500, 420), 'cylinder_roi': (800, 190, 1000, 300)}",ok_cylinder_inside_confirmed
2026-09-17 14:37:54,2026-09-17,15601842,27210,5,105.93915557861328,,35.029876708984375,0.7887246608734131,830.0587768554688,184.885498046875,1021.6439819335938,302.50604248046875,191.585205078125,117.62054443359375,22534.356126710773,925.8513793945312,243.69577026367188,1920,1080,844.7389526367188,210.3707733154297,948.93896484375,229.48782348632812,104.20001220703125,19.117050170898438,10.396153577928779,left,False,"{'safe_roi': (450, 80, 1500, 420), 'cylinder_roi': (800, 190, 1000, 300)}",ok_cylinder_inside_confirmed
2026-09-17 14:37:59,2026-09-17,15601911,27210,5,124.53168487548828,,29.92083740234375,0.7758986353874207,831.8696899414062,186.64100646972656,1020.3262329101562,302.2348937988281,188.45654296875,115.59388732910156,21784.424394361675,926.0979614257812,244.43795776367188,1920,1080,831.7952270507812,209.96751403808594,954.548095703125,230.94070434570312,122.75286865234375,20.973190307617188,9.695763383542692,left,False,"{'safe_roi': (450, 80, 1500, 420), 'cylinder_roi': (800, 190, 1000, 300)}",ok_cylinder_inside_confirmed
2026-09-17 14:43:28,2026-09-17,15606412,27210,6,110.40494537353516,,37.14617919921875,0.6746877431869507,814.61376953125,175.0805206298828,1010.20703125,290.56640625,195.59326171875,115.48588562011719,22588.26105091721,912.410400390625,232.82345581054688,1920,1080,828.0333251953125,190.72714233398438,935.946044921875,214.05300903320312,107.9127197265625,23.32586669921875,12.197114232434366,left,False,"{'safe_roi': (450, 80, 1500, 420), 'cylinder_roi': (800, 190, 1000, 300)}",ok_cylinder_inside_confirmed
2026-09-17 14:43:33,2026-09-17,15606483,27210,6,122.43902587890625,,37.69563293457031,0.7642236351966858,817.89501953125,175.70852661132812,1011.1683349609375,292.1265563964844,193.2733154296875,116.41802978515625,22500.49859236926,914.5316772460938,233.91754150390625,1920,1080,823.1542358398438,195.1649627685547,943.7474365234375,216.34503173828125,120.59320068359375,21.180068969726562,9.96139691300771,left,False,"{'safe_roi': (450, 80, 1500, 420), 'cylinder_roi': (800, 190, 1000, 300)}",ok_cylinder_inside_confirmed
2026-09-17 14:43:38,2026-09-17,15606549,27210,6,123.30940246582031,,36.157257080078125,0.7603352069854736,815.591552734375,177.89724731445312,1012.0155029296875,292.48968505859375,196.4239501953125,114.59243774414062,22508.699284214526,913.8035278320312,235.19346618652344,1920,1080,822.4647216796875,194.04673767089844,943.1444091796875,219.37698364257812,120.6796875,25.330245971679688,11.854100245890105,left,False,"{'safe_roi': (450, 80, 1500, 420), 'cylinder_roi': (800, 190, 1000, 300)}",ok_cylinder_inside_confirmed
2026-09-17 14:43:43,2026-09-17,15606620,27210,6,124.75163269042969,,38.100341796875,0.7694514393806458,815.3935546875,176.24533081054688,1012.244384765625,292.3024597167969,196.850830078125,116.05712890625,22845.942161679268,913.8189697265625,234.27389526367188,1920,1080,821.8325805664062,195.40988159179688,944.4213256835938,218.53927612304688,122.5887451171875,23.12939453125,10.684660846734873,left,False,"{'safe_roi': (450, 80, 1500, 420), 'cylinder_roi': (800, 190, 1000, 300)}",ok_cylinder_inside_confirmed
2026-09-17 14:43:48,2026-09-17,15606691,27210,6,126.15522766113281,,38.68170166015625,0.6905103921890259,815.96728515625,178.50634765625,1003.305908203125,295.3236389160156,187.338623046875,116.81729125976562,21884.390492670238,909.6365966796875,236.9149932861328,1920,1080,821.822509765625,191.92918395996094,944.90087890625,219.62135314941406,123.078369140625,27.692169189453125,12.680177956164428,left,False,"{'safe_roi': (450, 80, 1500, 420), 'cylinder_roi': (800, 190, 1000, 300)}",ok_cylinder_inside_confirmed
2026-09-17 14:43:53,2026-09-17,15606762,27210,6,114.31807708740234,,33.437103271484375,0.7778196334838867,816.7562255859375,178.06521606445312,998.140380859375,295.7757263183594,181.3841552734375,117.71051025390625,21350.82146921009,907.4483032226562,236.92047119140625,1920,1080,822.4127197265625,192.88204956054688,932.659423828125,223.1192169189453,110.2467041015625,30.237167358398438,15.337263951405895,left,False,"{'safe_roi': (450, 80, 1500, 420), 'cylinder_roi': (800, 190, 1000, 300)}",ok_cylinder_inside_confirmed
2026-09-17 14:43:58,2026-09-17,15606829,27210,6,116.17523193359375,,38.450469970703125,0.7827523350715637,814.2096557617188,180.5560302734375,996.1469116210938,294.920654296875,181.937255859375,114.3646240234375,20807.185862213373,905.1782836914062,237.73834228515625,1920,1080,816.09814453125,194.5384063720703,930.0616455078125,217.0995330810547,113.9635009765625,22.561126708984375,11.19794188380314,left,False,"{'safe_roi': (450, 80, 1500, 420), 'cylinder_roi': (800, 190, 1000, 300)}",ok_cylinder_inside_confirmed
2026-09-17 14:44:03,2026-09-17,15606895,27210,6,117.23805236816406,,33.33622741699219,0.7756369709968567,808.7757568359375,181.1692657470703,990.0037841796875,292.3766784667969,181.22802734375,111.20741271972656,20153.900033198297,899.3897705078125,236.77297973632812,1920,1080,816.5969848632812,196.29086303710938,930.3842163085938,224.5260772705078,113.7872314453125,28.235214233398438,13.935922348887217,left,False,"{'safe_roi': (450, 80, 1500, 420), 'cylinder_roi': (800, 190, 1000, 300)}",ok_cylinder_inside_confirmed
2026-09-17 14:44:08,2026-09-17,15606961,27210,6,115.04833221435547,,35.751800537109375,0.7707881331443787,810.7234497070312,181.41041564941406,992.5260620117188,293.9737548828125,181.8026123046875,112.56333923339844,20464.309122370556,901.624755859375,237.69207763671875,1920,1080,814.5249633789062,197.47714233398438,926.947265625,221.91778564453125,112.42230224609375,24.440643310546875,12.265266404588168,left,False,"{'safe_roi': (450, 80, 1500, 420), 'cylinder_roi': (800, 190, 1000, 300)}",ok_cylinder_inside_confirmed
2026-09-17 14:44:13,2026-09-17,15607030,27210,6,115.78046417236328,,35.614776611328125,0.777386486530304,812.0748291015625,178.7101593017578,995.5369873046875,292.9371337890625,183.462158203125,114.22697448730469,20956.327264454216,903.805908203125,235.82363891601562,1920,1080,814.388916015625,197.8742218017578,927.7926025390625,221.21347045898438,113.4036865234375,23.339248657226562,11.62948053161539,left,False,"{'safe_roi': (450, 80, 1500, 420), 'cylinder_roi': (800, 190, 1000, 300)}",ok_cylinder_inside_confirmed
2026-09-17 14:44:18,2026-09-17,15607098,27210,6,117.09978485107422,,35.472442626953125,0.7814677953720093,808.3973388671875,180.37596130371094,996.0333251953125,295.31121826171875,187.635986328125,114.93525695800781,21565.990303192288,902.21533203125,237.84359741210938,1920,1080,814.7001953125,199.38735961914062,929.6939697265625,221.4959716796875,114.9937744140625,22.108612060546875,10.882848187286593,left,False,"{'safe_roi': (450, 80, 1500, 420), 'cylinder_roi': (800, 190, 1000, 300)}",ok_cylinder_inside_confirmed
2026-09-17 14:44:23,2026-09-17,15607165,27210,6,114.92488861083984,,38.64994812011719,0.7749029397964478,813.555908203125,179.94766235351562,989.7119140625,293.5912170410156,176.156005859375,113.6435546875,20018.994685411453,901.6339111328125,236.76943969726562,1920,1080,812.693603515625,197.97341918945312,925.9012451171875,217.76632690429688,113.2076416015625,19.79290771484375,9.91719499123395,left,False,"{'safe_roi': (450, 80, 1500, 420), 'cylinder_roi': (800, 190, 1000, 300)}",ok_cylinder_inside_confirmed
2026-09-17 14:44:28,2026-09-17,15607233,27210,6,118.486083984375,,38.21202087402344,0.7762942910194397,809.0333251953125,178.92552185058594,992.1292724609375,292.5238342285156,183.095947265625,113.59831237792969,20799.39061261341,900.581298828125,235.72467041015625,1920,1080,815.7623291015625,198.60928344726562,931.8485107421875,222.33584594726562,116.086181640625,23.7265625,11.551442913160512,left,False,"{'safe_roi': (450, 80, 1500, 420), 'cylinder_roi': (800, 190, 1000, 300)}",ok_cylinder_inside_confirmed
2026-09-17 14:44:33,2026-09-17,15607304,27210,6,117.39552307128906,,37.12031555175781,0.7715815901756287,807.3366088867188,183.07827758789062,990.6477661132812,293.1074523925781,183.3111572265625,110.0291748046875,20169.575362131,898.9921875,238.09286499023438,1920,1080,815.0979614257812,199.90322875976562,930.3812255859375,222.072509765625,115.28326416015625,22.169281005859375,10.885250279397754,left,False,"{'safe_roi': (450, 80, 1500, 420), 'cylinder_roi': (800, 190, 1000, 300)}",ok_cylinder_inside_confirmed
2026-09-17 14:49:42,2026-09-17,15611470,27210,7,119.68580627441406,,45.66529846191406,0.7451682686805725,796.3585205078125,173.24615478515625,987.476806640625,287.8617858886719,191.1182861328125,114.61563110351562,21905.142980534583,891.9176635742188,230.55397033691406,1920,1080,803.8509521484375,199.53025817871094,922.4411010742188,215.68789672851562,118.59014892578125,16.157638549804688,7.758646186352242,left,False,"{'safe_roi': (450, 80, 1500, 420), 'cylinder_roi': (800, 190, 1000, 300)}",ok_cylinder_inside_confirmed
2026-09-17 14:49:47,2026-09-17,15611538,27210,7,120.82919311523438,,44.09864807128906,0.7554762959480286,794.7040405273438,176.26858520507812,988.4725952148438,289.2364501953125,193.7685546875,112.96786499023438,21889.619925290346,891.5883178710938,232.7525177001953,1920,1080,805.65478515625,199.66107177734375,925.1685180664062,217.4420166015625,119.51373291015625,17.78094482421875,8.462246086804699,left,False,"{'safe_roi': (450, 80, 1500, 420), 'cylinder_roi': (800, 190, 1000, 300)}",ok_cylinder_inside_confirmed
2026-09-17 14:49:52,2026-09-17,15611607,27210,7,115.93360900878906,,41.01976013183594,0.7658402323722839,794.8397827148438,175.83657836914062,985.1067504882812,286.3265075683594,190.2669677734375,110.48992919921875,21022.583798237145,889.9732666015625,231.08154296875,1920,1080,804.10498046875,198.4153594970703,918.428466796875,217.6700439453125,114.323486328125,19.254684448242188,9.560195188586883,left,False,"{'safe_roi': (450, 80, 1500, 420), 'cylinder_roi': (800, 190, 1000, 300)}",ok_cylinder_inside_confirmed
2026-09-17 14:49:58,2026-09-17,15611676,27210,7,116.72041320800781,,43.705718994140625,0.756635844707489,792.8222045898438,176.2157440185547,984.7526245117188,286.9957580566406,191.930419921875,110.78001403808594,21262.05461328104,888.7874145507812,231.60574340820312,1920,1080,803.8046875,199.52511596679688,918.8198852539062,219.40371704101562,115.01519775390625,19.87860107421875,9.80581757418907,left,False,"{'safe_roi': (450, 80, 1500, 420), 'cylinder_roi': (800, 190, 1000, 300)}",ok_cylinder_inside_confirmed
2026-09-17 14:50:33,2026-09-17,15612161,27210,8,123.8349838256836,,42.00506591796875,0.7536025047302246,792.0234375,177.64712524414062,983.4376220703125,288.55242919921875,191.4141845703125,110.90530395507812,21228.848321083933,887.7305297851562,233.0997772216797,1920,1080,800.71875,200.1876220703125,922.9556274414062,220.0181121826172,122.23687744140625,19.830490112304688,9.214814409056675,left,False,"{'safe_roi': (450, 80, 1500, 420), 'cylinder_roi': (800, 190, 1000, 300)}",ok_cylinder_inside_confirmed
2026-09-17 14:50:38,2026-09-17,15612229,27210,8,114.9000244140625,,43.14555358886719,0.760002613067627,805.4777221679688,175.04676818847656,989.1559448242188,291.6288757324219,183.67822265625,116.58210754394531,21413.59430719167,897.3168334960938,233.33782958984375,1920,1080,808.9655151367188,210.9960479736328,923.3466796875,221.90310668945312,114.38116455078125,10.907058715820312,5.4470904116367,left,False,"{'safe_roi': (450, 80, 1500, 420), 'cylinder_roi': (800, 190, 1000, 300)}",ok_cylinder_inside_confirmed
2026-09-17 14:50:43,2026-09-17,15612300,27210,8,120.68743896484375,,41.12327575683594,0.7645577192306519,801.0728149414062,173.73126220703125,986.9345092773438,291.53424072265625,185.8616943359375,117.802978515625,21895.061184734106,894.003662109375,232.63275146484375,1920,1080,805.3906860351562,208.6338653564453,925.360595703125,221.7746124267578,119.96990966796875,13.1407470703125,6.250899059294037,left,False,"{'safe_roi': (450, 80, 1500, 420), 'cylinder_roi': (800, 190, 1000, 300)}",ok_cylinder_inside_confirmed
2026-09-17 14:50:48,2026-09-17,15612369,27210,8,121.89280700683594,,41.56097412109375,0.7717781662940979,800.640380859375,173.60484313964844,982.4193115234375,289.784423828125,181.7789306640625,116.17958068847656,21118.999942550436,891.5298461914062,231.69464111328125,1920,1080,806.4813232421875,204.34063720703125,926.8171997070312,223.76055908203125,120.33587646484375,19.419921875,9.167409653781004,left,False,"{'safe_roi': (450, 80, 1500, 420), 'cylinder_roi': (800, 190, 1000, 300)}",ok_cylinder_inside_confirmed
2026-09-17 14:51:50,2026-09-17,15613200,27210,9,124.8421630859375,,40.977630615234375,0.7616283297538757,799.6002807617188,177.23284912109375,977.7205200195312,290.51715087890625,178.1202392578125,113.2843017578125,20178.22693325579,888.660400390625,233.875,1920,1080,800.3179931640625,207.1645050048828,923.8238525390625,225.3817596435547,123.505859375,18.217254638671875,8.390690750835946,left,False,"{'safe_roi': (450, 80, 1500, 420), 'cylinder_roi': (800, 190, 1000, 300)}",ok_cylinder_inside_confirmed
2026-09-17 14:51:55,2026-09-17,15613272,27210,9,124.07960510253906,,40.828521728515625,0.760002613067627,800.090087890625,177.262451171875,976.9608154296875,292.8094787597656,176.8707275390625,115.54702758789062,20436.88683444634,888.5254516601562,235.0359649658203,1920,1080,801.976318359375,205.80599975585938,924.2535400390625,226.87802124023438,122.2772216796875,21.072021484375,9.777739053158246,left,False,"{'safe_roi': (450, 80, 1500, 420), 'cylinder_roi': (800, 190, 1000, 300)}",ok_cylinder_inside_confirmed
2026-09-17 14:56:55,2026-09-17,15617348,27210,10,113.88565063476562,,42.14515686035156,0.7021564245223999,831.4923706054688,178.33987426757812,1009.6530151367188,295.1638488769531,178.16064453125,116.823974609375,20813.434613108635,920.5726928710938,236.75186157226562,1920,1080,833.5072631835938,213.46653747558594,946.4137573242188,228.368408203125,112.906494140625,14.901870727539062,7.518679268352719,left,False,"{'safe_roi': (450, 80, 1500, 420), 'cylinder_roi': (800, 190, 1000, 300)}",ok_cylinder_inside_confirmed
2026-09-17 14:57:00,2026-09-17,15617415,27210,10,126.72561645507812,,37.4462890625,0.689790666103363,824.07568359375,176.94857788085938,1009.262451171875,294.6961975097656,185.186767578125,117.74761962890625,21805.30106909573,916.6690673828125,235.8223876953125,1920,1080,823.7721557617188,218.90170288085938,949.455810546875,235.11898803710938,125.68365478515625,16.21728515625,7.35239701705838,left,False,"{'safe_roi': (450, 80, 1500, 420), 'cylinder_roi': (800, 190, 1000, 300)}",ok_cylinder_inside_confirmed
2026-09-17 14:57:05,2026-09-17,15617486,27210,10,120.88616180419922,,39.42976379394531,0.7149013876914978,821.0759887695312,176.34329223632812,1007.2858276367188,293.2176818847656,186.2098388671875,116.8743896484375,21763.161264136434,914.180908203125,234.78048706054688,1920,1080,824.754150390625,217.1607666015625,944.99072265625,229.6759796142578,120.236572265625,12.515213012695312,5.942417651514683,left,False,"{'safe_roi': (450, 80, 1500, 420), 'cylinder_roi': (800, 190, 1000, 300)}",ok_cylinder_inside_confirmed
2026-09-17 14:57:10,2026-09-17,15617553,27210,10,117.62689208984375,,42.7772216796875,0.7341839671134949,821.43701171875,175.27650451660156,1006.9736328125,294.4303894042969,185.53662109375,119.15388488769531,22107.40919225663,914.205322265625,234.85345458984375,1920,1080,825.6090698242188,219.86117553710938,942.8280639648438,229.64857482910156,117.218994140625,9.787399291992188,4.7729372826859295,left,False,"{'safe_roi': (450, 80, 1500, 420), 'cylinder_roi': (800, 190, 1000, 300)}",ok_cylinder_inside_confirmed
2026-09-17 14:57:15,2026-09-17,15617622,27210,10,119.20840454101562,,40.62110900878906,0.694699227809906,822.0291748046875,177.69435119628906,1008.8232421875,294.7957458496094,186.7940673828125,117.10139465332031,21873.845803493634,915.4262084960938,236.24505615234375,1920,1080,824.5911865234375,220.11874389648438,943.343017578125,230.5421142578125,118.7518310546875,10.423370361328125,5.016246559030462,left,False,"{'safe_roi': (450, 80, 1500, 420), 'cylinder_roi': (800, 190, 1000, 300)}",ok_cylinder_inside_confirmed
2026-09-17 14:57:20,2026-09-17,15617691,27210,10,127.64556121826172,,41.10493469238281,0.7177531719207764,821.6763916015625,176.32427978515625,1010.88623046875,295.09942626953125,189.2098388671875,118.775146484375,22473.426327735186,916.2813110351562,235.71185302734375,1920,1080,823.2780151367188,220.58331298828125,950.7019653320312,228.1017608642578,127.4239501953125,7.5184478759765625,3.3767315481152456,left,False,"{'safe_roi': (450, 80, 1500, 420), 'cylinder_roi': (800, 190, 1000, 300)}",ok_cylinder_inside_confirmed
2026-09-17 14:57:27,2026-09-17,15617795,27210,10,127.32697296142578,,33.12384033203125,0.7508879899978638,826.5936279296875,176.7027130126953,1008.5098876953125,295.0783386230469,181.916259765625,118.37562561035156,21534.451058451086,917.5517578125,235.89053344726562,1920,1080,821.6605224609375,220.69830322265625,948.9456176757812,223.963623046875,127.28509521484375,3.26531982421875,1.469520206191125,left,False,"{'safe_roi': (450, 80, 1500, 420), 'cylinder_roi': (800, 190, 1000, 300)}",ok_cylinder_inside_confirmed
2026-09-17 14:57:32,2026-09-17,15617866,27210,10,129.65745544433594,,35.17085266113281,0.6753478050231934,826.6646118164062,176.65174865722656,1007.1984252929688,295.4188232421875,180.5338134765625,118.76707458496094,21441.472890278324,916.9315185546875,236.0352783203125,1920,1080,822.1723022460938,217.75552368164062,951.5537719726562,226.21075439453125,129.3814697265625,8.455230712890625,3.739029551971208,left,False,"{'safe_roi': (450, 80, 1500, 420), 'cylinder_roi': (800, 190, 1000, 300)}",ok_cylinder_inside_confirmed
2026-09-17 14:57:41,2026-09-17,15617980,27210,10,120.38452911376953,,40.78398132324219,0.7385322451591492,828.7763671875,176.50363159179688,1009.0994873046875,295.5740661621094,180.3231201171875,119.0704345703125,21471.152275428176,918.9379272460938,236.03884887695312,1920,1080,828.2890014648438,220.98614501953125,948.5331420898438,226.79827880859375,120.244140625,5.8121337890625,2.7673011826859755,left,False,"{'safe_roi': (450, 80, 1500, 420), 'cylinder_roi': (800, 190, 1000, 300)}",ok_cylinder_inside_confirmed
2026-09-17 15:08:57,2026-09-17,15627242,27215,11,114.60726165771484,,30.460205078125,0.7714468836784363,813.101806640625,173.9428253173828,1004.6583251953125,289.3804931640625,191.5565185546875,115.43766784667969,22112.83776278235,908.8800659179688,231.66165161132812,1920,1080,819.7010498046875,204.62310791015625,933.7532348632812,215.8891143798828,114.05218505859375,11.266006469726562,5.6413420319691605,left,False,"{'safe_roi': (450, 80, 1500, 420), 'cylinder_roi': (800, 190, 1000, 300)}",ok_cylinder_inside_confirmed
2026-09-17 15:09:02,2026-09-17,15627307,27215,11,117.58041381835938,,31.542144775390625,0.7705307602882385,811.7142944335938,174.26524353027344,1007.2913208007812,288.6595153808594,195.5770263671875,114.39427185058594,22372.89152197726,909.5028076171875,231.46237182617188,1920,1080,819.2172241210938,205.67918395996094,936.2943115234375,216.5469970703125,117.07708740234375,10.867813110351562,5.303347970627331,left,False,"{'safe_roi': (450, 80, 1500, 420), 'cylinder_roi': (800, 190, 1000, 300)}",ok_cylinder_inside_confirmed
2026-09-17 15:09:07,2026-09-17,15627375,27215,11,117.50690460205078,,31.5096435546875,0.7684959173202515,811.8455810546875,175.09640502929688,1009.27392578125,289.3794860839844,197.4283447265625,114.2830810546875,22562.719522878528,910.5597534179688,232.23794555664062,1920,1080,821.3163452148438,202.6523895263672,938.039794921875,216.19894409179688,116.72344970703125,13.546554565429688,6.619951250694268,left,False,"{'safe_roi': (450, 80, 1500, 420), 'cylinder_roi': (800, 190, 1000, 300)}",ok_cylinder_inside_confirmed
2026-09-17 15:09:12,2026-09-17,15627443,27215,11,114.2091064453125,,28.90740966796875,0.7291349768638611,808.9484252929688,175.170166015625,992.0299682617188,290.8310241699219,183.08154296875,115.66085815429688,21175.368371978402,900.4891967773438,233.00059509277344,1920,1080,822.6723022460938,198.80899047851562,935.0364379882812,219.2545623779297,112.3641357421875,20.445571899414062,10.312610043022717,left,False,"{'safe_roi': (450, 80, 1500, 420), 'cylinder_roi': (800, 190, 1000, 300)}",ok_cylinder_inside_confirmed
2026-09-17 16:06:25,2026-09-17,15674338,27230,12,125.51934051513672,,37.08705139160156,0.7702586650848389,821.8446655273438,175.61024475097656,1016.5518188476562,293.68585205078125,194.7071533203125,118.07560729980469,22990.16537391208,919.1982421875,234.64804077148438,1920,1080,823.5216064453125,197.21795654296875,948.0114135742188,213.26141357421875,124.48980712890625,16.04345703125,7.343440974150725,left,False,"{'safe_roi': (450, 80, 1500, 420), 'cylinder_roi': (800, 190, 1000, 300)}",ok_cylinder_inside_confirmed
2026-09-17 16:06:30,2026-09-17,15674403,27230,12,126.75969696044922,,37.124267578125,0.7766215801239014,823.690185546875,175.82345581054688,1015.5516357421875,294.5916748046875,191.8614501953125,118.76821899414062,22787.04273333028,919.6209106445312,235.2075653076172,1920,1080,824.2015991210938,196.09024047851562,949.608154296875,214.56227111816406,125.40655517578125,18.472030639648438,8.379252813108469,left,False,"{'safe_roi': (450, 80, 1500, 420), 'cylinder_roi': (800, 190, 1000, 300)}",ok_cylinder_inside_confirmed
2026-09-17 16:06:37,2026-09-17,15674501,27230,12,128.94406127929688,,37.3980712890625,0.7599998116493225,824.1836547851562,178.04791259765625,1010.6657104492188,295.748291015625,186.4820556640625,117.70037841796875,21949.00851982087,917.4246826171875,236.89810180664062,1920,1080,824.6202392578125,193.4700927734375,951.0225830078125,218.9459228515625,126.40234375,25.475830078125,11.395054780642166,left,False,"{'safe_roi': (450, 80, 1500, 420), 'cylinder_roi': (800, 190, 1000, 300)}",ok_cylinder_inside_confirmed
2026-09-17 16:06:42,2026-09-17,15674570,27230,12,127.15399169921875,,31.702972412109375,0.7696624994277954,823.1144409179688,179.2653045654297,1004.8988647460938,295.567138671875,181.784423828125,116.30183410644531,21141.861903194338,914.0066528320312,237.41622924804688,1920,1080,824.7181396484375,190.64251708984375,948.9195556640625,217.88485717773438,124.201416015625,27.242340087890625,12.371344742795499,left,False,"{'safe_roi': (450, 80, 1500, 420), 'cylinder_roi': (800, 190, 1000, 300)}",ok_cylinder_inside_confirmed
2026-09-17 16:06:47,2026-09-17,15674638,27230,12,127.90103149414062,,32.5595703125,0.7614419460296631,823.1642456054688,176.3097686767578,1011.9091186523438,293.9510803222656,188.744873046875,117.64131164550781,22204.19443159923,917.5366821289062,235.13043212890625,1920,1080,824.5581665039062,192.47702026367188,949.9951171875,217.4619140625,125.43695068359375,24.984893798828125,11.264908864036464,left,False,"{'safe_roi': (450, 80, 1500, 420), 'cylinder_roi': (800, 190, 1000, 300)}",ok_cylinder_inside_confirmed
2026-09-17 16:06:53,2026-09-17,15674722,27230,12,129.2790985107422,,34.48976135253906,0.7674254775047302,822.388916015625,176.8101043701172,1008.7998046875,294.6673583984375,186.410888671875,117.85725402832031,21969.87545984611,915.5943603515625,235.73873901367188,1920,1080,821.3366088867188,195.04983520507812,948.525634765625,218.2023162841797,127.18902587890625,23.152481079101562,10.316708501501457,left,False,"{'safe_roi': (450, 80, 1500, 420), 'cylinder_roi': (800, 190, 1000, 300)}",ok_cylinder_inside_confirmed
2026-09-17 16:06:59,2026-09-17,15674790,27230,12,126.51036834716797,,34.757843017578125,0.771294355392456,822.6913452148438,177.79617309570312,1006.9174194335938,294.0880126953125,184.22607421875,116.29183959960938,21423.989073112607,914.8043823242188,235.9420928955078,1920,1080,823.178466796875,193.52188110351562,947.0797119140625,219.0826873779297,123.9012451171875,25.560806274414062,11.656579320490701,left,False,"{'safe_roi': (450, 80, 1500, 420), 'cylinder_roi': (800, 190, 1000, 300)}",ok_cylinder_inside_confirmed
2026-09-17 16:07:04,2026-09-17,15674860,27230,12,128.51223754882812,,33.322967529296875,0.7641739249229431,823.8642578125,178.10726928710938,1003.7457275390625,296.90771484375,179.8814697265625,118.80044555664062,21369.998750898987,913.8049926757812,237.5074920654297,1920,1080,822.9977416992188,191.86846923828125,948.328125,220.28839111328125,125.33038330078125,28.419921875,12.776330554434539,left,False,"{'safe_roi': (450, 80, 1500, 420), 'cylinder_roi': (800, 190, 1000, 300)}",ok_cylinder_inside_confirmed
2026-09-17 16:07:11,2026-09-17,15674959,27230,12,128.5442657470703,,32.541839599609375,0.7484697699546814,822.7279052734375,178.02548217773438,1005.19189453125,295.4234619140625,182.4639892578125,117.39797973632812,21420.903713498265,913.9598999023438,236.72447204589844,1920,1080,821.2919921875,192.7080078125,946.91015625,219.97897338867188,125.6181640625,27.270965576171875,12.248514046678237,left,False,"{'safe_roi': (450, 80, 1500, 420), 'cylinder_roi': (800, 190, 1000, 300)}",ok_cylinder_inside_confirmed
2026-09-17 16:07:16,2026-09-17,15675023,27230,12,131.98866271972656,,31.6409912109375,0.7616574764251709,823.213134765625,177.6822509765625,1004.001953125,296.0965576171875,180.788818359375,118.414306640625,21407.982574403286,913.6075439453125,236.889404296875,1920,1080,820.8060302734375,192.9762420654297,950.115234375,219.43637084960938,129.3092041015625,26.460128784179688,11.564604363337251,left,False,"{'safe_roi': (450, 80, 1500, 420), 'cylinder_roi': (800, 190, 1000, 300)}",ok_cylinder_inside_confirmed
2026-09-17 16:07:22,2026-09-17,15675098,27230,12,125.68863677978516,,33.44306945800781,0.7594283819198608,824.2181396484375,178.60726928710938,1003.901123046875,294.81549072265625,179.6829833984375,116.20822143554688,20880.639922965318,914.0596313476562,236.7113800048828,1920,1080,824.5277709960938,191.12411499023438,946.9844970703125,219.44342041015625,122.45672607421875,28.319305419921875,13.02129472172642,left,False,"{'safe_roi': (450, 80, 1500, 420), 'cylinder_roi': (800, 190, 1000, 300)}",ok_cylinder_inside_confirmed
2026-09-17 16:07:27,2026-09-17,15675165,27230,12,124.75013732910156,,37.841888427734375,0.7696595788002014,823.33349609375,178.8617401123047,1004.1815185546875,295.3465576171875,180.8480224609375,116.48481750488281,21066.048892481253,913.7575073242188,237.10415649414062,1920,1080,824.5653076171875,191.97781372070312,946.879150390625,216.51187133789062,122.3138427734375,24.5340576171875,11.34203859705307,left,False,"{'safe_roi': (450, 80, 1500, 420), 'cylinder_roi': (800, 190, 1000, 300)}",ok_cylinder_inside_confirmed
2026-09-17 16:08:02,2026-09-17,15675643,27230,13,126.05453491210938,,37.664703369140625,0.770736575126648,823.0767822265625,178.27676391601562,1004.6903076171875,296.2071533203125,181.613525390625,117.93038940429688,21417.753770403564,913.883544921875,237.24195861816406,1920,1080,823.474853515625,190.43646240234375,946.7037963867188,216.97650146484375,123.22894287109375,26.5400390625,12.154239902740237,left,False,"{'safe_roi': (450, 80, 1500, 420), 'cylinder_roi': (800, 190, 1000, 300)}",ok_cylinder_inside_confirmed
2026-09-17 16:08:07,2026-09-17,15675710,27230,13,125.97640228271484,,37.275421142578125,0.7618654370307922,822.2900390625,178.55758666992188,1006.098388671875,295.0292053222656,183.808349609375,116.47161865234375,21408.456000819802,914.1942138671875,236.79339599609375,1920,1080,824.6268310546875,193.34681701660156,948.0955810546875,218.3572540283203,123.46875,25.01043701171875,11.451169137631501,left,False,"{'safe_roi': (450, 80, 1500, 420), 'cylinder_roi': (800, 190, 1000, 300)}",ok_cylinder_inside_confirmed
2026-09-17 16:08:12,2026-09-17,15675777,27230,13,125.05476379394531,,36.67901611328125,0.7614912390708923,822.5592651367188,178.75115966796875,1006.0634155273438,296.13116455078125,183.504150390625,117.3800048828125,21539.718068867922,914.3113403320312,237.441162109375,1920,1080,822.9620361328125,191.67945861816406,945.2704467773438,217.74374389648438,122.30841064453125,26.064285278320312,12.029950120697153,left,False,"{'safe_roi': (450, 80, 1500, 420), 'cylinder_roi': (800, 190, 1000, 300)}",ok_cylinder_inside_confirmed
2026-09-17 16:08:25,2026-09-17,15675947,27230,13,125.06082916259766,,36.686065673828125,0.7636232376098633,824.0768432617188,178.95787048339844,1004.2500610351562,296.47344970703125,180.1732177734375,117.51557922363281,21173.160047231242,914.1634521484375,237.71566772460938,1920,1080,822.40966796875,190.361572265625,944.984130859375,215.1751251220703,122.574462890625,24.813552856445312,11.444104666425284,left,False,"{'safe_roi': (450, 80, 1500, 420), 'cylinder_roi': (800, 190, 1000, 300)}",ok_cylinder_inside_confirmed
2026-09-17 16:08:30,2026-09-17,15676014,27230,13,122.62347412109375,,29.19873046875,0.7711294293403625,822.762939453125,180.24412536621094,1004.7166748046875,296.05413818359375,181.9537353515625,115.81001281738281,21072.064423235133,913.7398071289062,238.14913940429688,1920,1080,824.0042724609375,191.9263916015625,943.2251586914062,220.61257934570312,119.22088623046875,28.686187744140625,13.528980194077205,left,False,"{'safe_roi': (450, 80, 1500, 420), 'cylinder_roi': (800, 190, 1000, 300)}",ok_cylinder_inside_confirmed
2026-09-17 16:08:35,2026-09-17,15676085,27230,13,127.69996643066406,,30.572250366210938,0.7681519389152527,822.1804809570312,179.46420288085938,1006.9617309570312,296.1496887207031,184.78125,116.68548583984375,21561.289930343628,914.5711059570312,237.80694580078125,1920,1080,823.4078369140625,191.94146728515625,948.1819458007812,219.12057495117188,124.77410888671875,27.179107666015625,12.28858133369499,left,False,"{'safe_roi': (450, 80, 1500, 420), 'cylinder_roi': (800, 190, 1000, 300)}",ok_cylinder_inside_confirmed
2026-09-17 16:08:40,2026-09-17,15676152,27230,13,127.03768920898438,,28.632339477539062,0.7650994062423706,824.2355346679688,178.2803955078125,1004.5510864257812,295.0324401855469,180.3155517578125,116.75204467773438,21052.20935491845,914.393310546875,236.6564178466797,1920,1080,824.0298461914062,192.64794921875,948.4818115234375,218.14857482910156,124.45196533203125,25.500625610351562,11.579812262052112,left,False,"{'safe_roi': (450, 80, 1500, 420), 'cylinder_roi': (800, 190, 1000, 300)}",ok_cylinder_inside_confirmed
2026-09-17 16:08:45,2026-09-17,15676223,27230,13,127.33379364013672,,31.519744873046875,0.7742370367050171,823.6448364257812,178.9545440673828,1004.2597045898438,296.8870849609375,180.6148681640625,117.93254089355469,21300.37032574229,913.9522705078125,237.92080688476562,1920,1080,823.7054443359375,193.20655822753906,948.1546630859375,220.15628051757812,124.44921875,26.949722290039062,12.218845034901118,left,False,"{'safe_roi': (450, 80, 1500, 420), 'cylinder_roi': (800, 190, 1000, 300)}",ok_cylinder_inside_confirmed
2026-09-17 16:08:50,2026-09-17,15676293,27230,13,129.00135803222656,,31.869232177734375,0.7646040320396423,824.0269775390625,178.17257690429688,1005.5701904296875,295.4958190917969,181.543212890625,117.3232421875,21299.23833346367,914.798583984375,236.83419799804688,1920,1080,823.3123779296875,190.88331604003906,949.2239990234375,218.9477996826172,125.91162109375,28.064483642578125,12.565281275073161,left,False,"{'safe_roi': (450, 80, 1500, 420), 'cylinder_roi': (800, 190, 1000, 300)}",ok_cylinder_inside_confirmed
2026-09-17 16:08:55,2026-09-17,15676360,27230,13,127.74189758300781,,33.23394775390625,0.7677356004714966,823.4090576171875,178.4565887451172,1004.512451171875,295.4466857910156,181.1033935546875,116.99009704589844,21187.30358730443,913.9607543945312,236.95162963867188,1920,1080,823.0253295898438,193.48348999023438,948.286376953125,218.5366973876953,125.26104736328125,25.053207397460938,11.310371378897296,left,False,"{'safe_roi': (450, 80, 1500, 420), 'cylinder_roi': (800, 190, 1000, 300)}",ok_cylinder_inside_confirmed
2026-09-17 16:09:00,2026-09-17,15676427,27230,13,125.48161315917969,,31.776885986328125,0.7681980133056641,824.91259765625,178.95115661621094,1007.8399658203125,296.71484375,182.9273681640625,117.76368713378906,21542.201352680102,916.3762817382812,237.8330078125,1920,1080,824.8728637695312,195.0907440185547,948.1470947265625,218.52362060546875,123.27423095703125,23.432876586914062,10.762799528346793,left,False,"{'safe_roi': (450, 80, 1500, 420), 'cylinder_roi': (800, 190, 1000, 300)}",ok_cylinder_inside_confirmed
2026-09-17 16:09:05,2026-09-17,15676494,27230,13,127.27207946777344,,32.87226867675781,0.7498883605003357,824.379638671875,177.87353515625,1007.1641845703125,296.41754150390625,182.7845458984375,118.54400634765625,21668.01236923784,915.7719116210938,237.14553833007812,1920,1080,823.35009765625,191.1507568359375,947.8499145507812,217.57003784179688,124.49981689453125,26.419281005859375,11.980637112438654,left,False,"{'safe_roi': (450, 80, 1500, 420), 'cylinder_roi': (800, 190, 1000, 300)}",ok_cylinder_inside_confirmed
2026-09-17 16:09:10,2026-09-17,15676566,27230,13,125.8062744140625,,38.072998046875,0.746001124382019,823.592529296875,177.41183471679688,1006.682861328125,295.586181640625,183.09033203125,118.17434692382812,21636.58041585982,915.1376953125,236.49900817871094,1920,1080,823.7692260742188,190.21762084960938,946.9436645507812,215.81597900390625,123.1744384765625,25.598358154296875,11.740207513142128,left,False,"{'safe_roi': (450, 80, 1500, 420), 'cylinder_roi': (800, 190, 1000, 300)}",ok_cylinder_inside_confirmed
2026-09-17 16:09:15,2026-09-17,15676635,27230,13,125.00247955322266,,28.543014526367188,0.7592417597770691,824.886962890625,178.79295349121094,1005.9871826171875,295.7621154785156,181.1002197265625,116.96916198730469,21183.14093713276,915.4370727539062,237.27752685546875,1920,1080,824.1596069335938,191.7486114501953,946.1388549804688,219.07411193847656,121.979248046875,27.32550048828125,12.626798036001816,left,False,"{'safe_roi': (450, 80, 1500, 420), 'cylinder_roi': (800, 190, 1000, 300)}",ok_cylinder_inside_confirmed
2026-09-17 16:09:20,2026-09-17,15676704,27230,13,123.69273376464844,,30.0621337890625,0.7624232172966003,824.1795654296875,178.48138427734375,1007.892333984375,295.4881591796875,183.7127685546875,117.00677490234375,21495.638556964695,916.0359497070312,236.98477172851562,1920,1080,824.651123046875,191.51620483398438,945.585693359375,217.49160766601562,120.9345703125,25.97540283203125,12.122318700324145,left,False,"{'safe_roi': (450, 80, 1500, 420), 'cylinder_roi': (800, 190, 1000, 300)}",ok_cylinder_inside_confirmed
2026-09-17 16:09:25,2026-09-17,15676772,27230,13,125.14250946044922,,35.562103271484375,0.7438685894012451,821.5689086914062,176.9730987548828,1010.1620483398438,293.97967529296875,188.5931396484375,117.00657653808594,22066.637628832832,915.865478515625,235.47637939453125,1920,1080,823.5259399414062,190.84902954101562,946.2647094726562,215.25889587402344,122.73876953125,24.409866333007812,11.248027389104827,left,False,"{'safe_roi': (450, 80, 1500, 420), 'cylinder_roi': (800, 190, 1000, 300)}",ok_cylinder_inside_confirmed
2026-09-17 16:09:30,2026-09-17,15676836,27230,13,124.69720458984375,,33.89085388183594,0.7600937485694885,821.8348999023438,176.82601928710938,1008.9747924804688,295.9351501464844,187.139892578125,119.109130859375,22290.06995409727,915.4048461914062,236.38058471679688,1920,1080,822.9795532226562,193.0211944580078,945.51318359375,216.14913940429688,122.53363037109375,23.127944946289062,10.688701515033335,left,False,"{'safe_roi': (450, 80, 1500, 420), 'cylinder_roi': (800, 190, 1000, 300)}",ok_cylinder_inside_confirmed
2026-09-17 16:09:35,2026-09-17,15676903,27230,13,126.83370971679688,,34.10194396972656,0.7059800028800964,822.119140625,177.15646362304688,1009.66064453125,295.1046447753906,187.54150390625,117.94818115234375,22120.179276317358,915.889892578125,236.13055419921875,1920,1080,823.9524536132812,194.00045776367188,948.6605224609375,217.12374877929688,124.70806884765625,23.123291015625,10.504449140741523,left,False,"{'safe_roi': (450, 80, 1500, 420), 'cylinder_roi': (800, 190, 1000, 300)}",ok_cylinder_inside_confirmed
2026-09-17 16:09:41,2026-09-17,15676971,27230,13,125.2335205078125,,34.50727844238281,0.7701065540313721,823.7490234375,177.67453002929688,1011.117919921875,294.7637634277344,187.368896484375,117.0892333984375,21938.88045206666,917.4334716796875,236.21914672851562,1920,1080,823.6351318359375,192.3927764892578,946.79931640625,215.06472778320312,123.1641845703125,22.671951293945312,10.430191717128805,left,False,"{'safe_roi': (450, 80, 1500, 420), 'cylinder_roi': (800, 190, 1000, 300)}",ok_cylinder_inside_confirmed
2026-09-17 16:09:46,2026-09-17,15677041,27230,13,125.856201171875,,34.974609375,0.7603769898414612,821.252685546875,176.9742889404297,1007.337646484375,295.23712158203125,186.0849609375,118.26283264160156,22006.934592470527,914.295166015625,236.105712890625,1920,1080,822.5257568359375,192.78271484375,946.465576171875,214.66204833984375,123.9398193359375,21.87933349609375,10.011387340096213,left,False,"{'safe_roi': (450, 80, 1500, 420), 'cylinder_roi': (800, 190, 1000, 300)}",ok_cylinder_inside_confirmed
2026-09-17 16:09:51,2026-09-17,15677109,27230,13,125.92145538330078,,34.22845458984375,0.7579002380371094,821.7888793945312,178.04405212402344,1008.6946411132812,294.5957336425781,186.90576171875,116.55168151855469,21784.18081382662,915.2417602539062,236.31988525390625,1920,1080,821.8795166015625,193.271240234375,945.760986328125,215.84542846679688,123.8814697265625,22.574188232421875,10.327357530989088,left,False,"{'safe_roi': (450, 80, 1500, 420), 'cylinder_roi': (800, 190, 1000, 300)}",ok_cylinder_inside_confirmed
2026-09-17 16:09:56,2026-09-17,15677175,27230,13,125.53386688232422,,31.322921752929688,0.7693047523498535,822.5130004882812,180.79843139648438,1006.5099487304688,295.2129821777344,183.9969482421875,114.41455078125,21051.92817825079,914.511474609375,238.00570678710938,1920,1080,820.4205932617188,195.57540893554688,944.2203979492188,216.36868286132812,123.7998046875,20.79327392578125,9.534343234683424,left,False,"{'safe_roi': (450, 80, 1500, 420), 'cylinder_roi': (800, 190, 1000, 300)}",ok_cylinder_inside_confirmed
2026-09-17 16:10:01,2026-09-17,15677245,27230,13,122.34944915771484,,29.641708374023438,0.759105384349823,822.8866577148438,181.3056640625,1004.6755981445312,295.0182189941406,181.7889404296875,113.71255493164062,20671.684874575585,913.7811279296875,238.1619415283203,1920,1080,822.6223754882812,194.4318084716797,942.586181640625,218.47494506835938,119.96380615234375,24.043136596679688,11.333064953191917,left,False,"{'safe_roi': (450, 80, 1500, 420), 'cylinder_roi': (800, 190, 1000, 300)}",ok_cylinder_inside_confirmed
2026-09-17 16:10:06,2026-09-17,15677313,27230,13,126.3528060913086,,31.083511352539062,0.743841290473938,823.0225219726562,180.91612243652344,1005.8023071289062,294.111083984375,182.77978515625,113.19496154785156,20689.75075248629,914.4124145507812,237.51361083984375,1920,1080,822.4183349609375,194.72775268554688,946.7160034179688,217.42404174804688,124.29766845703125,22.6962890625,10.347994423968073,left,False,"{'safe_roi': (450, 80, 1500, 420), 'cylinder_roi': (800, 190, 1000, 300)}",ok_cylinder_inside_confirmed
2026-09-17 16:10:11,2026-09-17,15677382,27230,13,127.8121566772461,,30.82366943359375,0.7645309567451477,823.051513671875,180.55807495117188,1005.389404296875,293.49493408203125,182.337890625,112.93685913085938,20592.66866773367,914.220458984375,237.02650451660156,1920,1080,821.51025390625,195.95587158203125,947.3804931640625,218.15115356445312,125.8702392578125,22.195281982421875,10.000425018467531,left,False,"{'safe_roi': (450, 80, 1500, 420), 'cylinder_roi': (800, 190, 1000, 300)}",ok_cylinder_inside_confirmed
2026-09-17 16:10:16,2026-09-17,15677451,27230,13,127.241455078125,,32.63519287109375,0.7667790651321411,822.5701904296875,180.32359313964844,1004.0458984375,294.83087158203125,181.4757080078125,114.50727844238281,20780.289427379146,913.3080444335938,237.57723999023438,1920,1080,821.3638916015625,192.9249267578125,946.2642211914062,217.22093200683594,124.90032958984375,24.296005249023438,11.007885865261304,left,False,"{'safe_roi': (450, 80, 1500, 420), 'cylinder_roi': (800, 190, 1000, 300)}",ok_cylinder_inside_confirmed
2026-09-17 16:10:21,2026-09-17,15677521,27230,13,126.92567443847656,,31.346771240234375,0.7652276158332825,822.3201904296875,177.94288635253906,1013.189453125,293.1451110839844,190.8692626953125,115.20222473144531,21988.563695350662,917.7548217773438,235.54400634765625,1920,1080,822.4719848632812,194.1363067626953,946.9690551757812,218.8467559814453,124.4970703125,24.71044921875,11.226287923803502,left,False,"{'safe_roi': (450, 80, 1500, 420), 'cylinder_roi': (800, 190, 1000, 300)}",ok_cylinder_inside_confirmed
2026-09-17 16:10:26,2026-09-17,15677589,27230,13,120.31866455078125,,31.238815307617188,0.7681154608726501,821.9085693359375,175.17901611328125,1018.8870849609375,293.85504150390625,196.978515625,118.676025390625,23376.627321720123,920.3978271484375,234.51702880859375,1920,1080,824.1238403320312,195.810546875,942.704345703125,216.1881103515625,118.58050537109375,20.3775634765625,9.750800684256532,left,False,"{'safe_roi': (450, 80, 1500, 420), 'cylinder_roi': (800, 190, 1000, 300)}",ok_cylinder_inside_confirmed
2026-09-17 16:10:31,2026-09-17,15677658,27230,13,121.87846374511719,,31.403518676757812,0.7699682116508484,819.6320190429688,175.88833618164062,1014.5596313476562,293.87579345703125,194.9276123046875,117.98745727539062,22999.013328593224,917.0958251953125,234.88206481933594,1920,1080,820.3032836914062,196.8330841064453,941.185546875,212.38424682617188,120.88226318359375,15.551162719726562,7.330676485774546,left,False,"{'safe_roi': (450, 80, 1500, 420), 'cylinder_roi': (800, 190, 1000, 300)}",ok_cylinder_inside_confirmed
2026-09-17 16:10:36,2026-09-17,15677726,27230,13,122.40807342529297,,31.095565795898438,0.771311342716217,822.490234375,179.12155151367188,1011.2330322265625,292.9173889160156,188.7427978515625,113.79583740234375,21478.14473517984,916.8616333007812,236.01947021484375,1920,1080,822.0552978515625,193.15736389160156,942.443603515625,215.30218505859375,120.3883056640625,22.144821166992188,10.42275779126511,left,False,"{'safe_roi': (450, 80, 1500, 420), 'cylinder_roi': (800, 190, 1000, 300)}",ok_cylinder_inside_confirmed
2026-09-17 16:10:41,2026-09-17,15677794,27230,13,123.91943359375,,32.29832458496094,0.7658568024635315,821.2557983398438,177.92205810546875,1012.2810668945312,293.8163146972656,191.0252685546875,115.89425659179688,22138.73148939386,916.7684326171875,235.8691864013672,1920,1080,821.4024658203125,194.47674560546875,943.829345703125,213.65185546875,122.4268798828125,19.17510986328125,8.901631719575718,left,False,"{'safe_roi': (450, 80, 1500, 420), 'cylinder_roi': (800, 190, 1000, 300)}",ok_cylinder_inside_confirmed
2026-09-17 16:10:46,2026-09-17,15677863,27230,13,123.28726959228516,,30.852081298828125,0.76759934425354,821.2289428710938,178.14996337890625,1010.3576049804688,294.82568359375,189.128662109375,116.67572021484375,22066.722864881158,915.7932739257812,236.48782348632812,1920,1080,821.904296875,194.28236389160156,943.4179077148438,215.11968994140625,121.51361083984375,20.837326049804688,9.730519857158983,left,False,"{'safe_roi': (450, 80, 1500, 420), 'cylinder_roi': (800, 190, 1000, 300)}",ok_cylinder_inside_confirmed
2026-09-17 16:10:51,2026-09-17,15677931,27230,13,125.09772491455078,,32.08888244628906,0.7668781876564026,822.2799072265625,177.830078125,1010.40771484375,294.0380859375,188.1278076171875,116.2080078125,21861.957737326622,916.3438110351562,235.93408203125,1920,1080,823.1304321289062,193.60516357421875,946.28857421875,215.54855346679688,123.15814208984375,21.943389892578125,10.102517652051471,left,False,"{'safe_roi': (450, 80, 1500, 420), 'cylinder_roi': (800, 190, 1000, 300)}",ok_cylinder_inside_confirmed
2026-09-17 16:10:56,2026-09-17,15678001,27230,13,124.78556060791016,,31.660980224609375,0.7656784057617188,822.8958129882812,177.55352783203125,1011.0281372070312,294.6795654296875,188.13232421875,117.12603759765625,22035.193679779768,916.9619750976562,236.11654663085938,1920,1080,822.5872802734375,194.574462890625,945.5733032226562,215.69021606445312,122.98602294921875,21.115753173828125,9.742257064993746,left,False,"{'safe_roi': (450, 80, 1500, 420), 'cylinder_roi': (800, 190, 1000, 300)}",ok_cylinder_inside_confirmed
2026-09-17 16:11:01,2026-09-17,15678070,27230,13,123.56423950195312,,32.192413330078125,0.7645576596260071,820.7801513671875,177.66212463378906,1008.5721435546875,294.6358947753906,187.7919921875,116.97377014160156,21966.73732857406,914.6761474609375,236.14901733398438,1920,1080,822.7935180664062,194.17149353027344,944.5245971679688,215.37681579589844,121.7310791015625,21.205322265625,9.881659034145937,left,False,"{'safe_roi': (450, 80, 1500, 420), 'cylinder_roi': (800, 190, 1000, 300)}",ok_cylinder_inside_confirmed
2026-09-17 16:11:06,2026-09-17,15678138,27230,13,121.7096939086914,,28.945999145507812,0.767687976360321,820.9725952148438,179.71719360351562,1009.6776733398438,295.6387023925781,188.705078125,115.9215087890625,21874.977372407913,915.3251342773438,237.67794799804688,1920,1080,823.0894165039062,196.25958251953125,942.886474609375,217.75177001953125,119.79705810546875,21.4921875,10.170947475660972,left,False,"{'safe_roi': (450, 80, 1500, 420), 'cylinder_roi': (800, 190, 1000, 300)}",ok_cylinder_inside_confirmed
2026-09-17 16:11:11,2026-09-17,15678208,27230,13,112.50209045410156,,33.45233154296875,0.7681140899658203,823.8510131835938,177.19927978515625,1012.1434936523438,294.4501037597656,188.29248046875,117.25082397460938,22077.44848318398,917.9972534179688,235.82469177246094,1920,1080,827.8301391601562,198.1123504638672,939.1446533203125,214.41567993164062,111.31451416015625,16.303329467773438,8.332403130847224,left,False,"{'safe_roi': (450, 80, 1500, 420), 'cylinder_roi': (800, 190, 1000, 300)}",ok_cylinder_inside_confirmed
2026-09-17 16:11:16,2026-09-17,15678276,27230,13,121.54400634765625,,34.713775634765625,0.7381143569946289,821.9874267578125,176.0113525390625,1016.8271484375,293.5626525878906,194.8397216796875,117.55130004882812,22903.662584599108,919.4072875976562,234.78700256347656,1920,1080,823.9501342773438,199.4772186279297,944.5090942382812,214.9201202392578,120.5589599609375,15.442901611328125,7.299505607997501,left,False,"{'safe_roi': (450, 80, 1500, 420), 'cylinder_roi': (800, 190, 1000, 300)}",ok_cylinder_inside_confirmed
2026-09-17 16:11:21,2026-09-17,15678344,27230,13,117.01847076416016,,32.74641418457031,0.768672525882721,824.2279052734375,175.27615356445312,1010.476806640625,293.8970947265625,186.2489013671875,118.62094116210938,22093.01997058466,917.3523559570312,234.5866241455078,1920,1080,824.5244750976562,200.78179931640625,940.5908203125,215.67897033691406,116.06634521484375,14.897171020507812,7.313952708200002,left,False,"{'safe_roi': (450, 80, 1500, 420), 'cylinder_roi': (800, 190, 1000, 300)}",ok_cylinder_inside_confirmed
2026-09-17 16:11:26,2026-09-17,15678412,27230,13,118.14120483398438,,40.66264343261719,0.7633537650108337,812.1541748046875,174.861328125,992.2882080078125,292.77935791015625,180.134033203125,117.91802978515625,21241.05029256642,902.22119140625,233.82034301757812,1920,1080,808.6495361328125,232.12271118164062,926.644287109375,226.24191284179688,117.9947509765625,5.88079833984375,2.8532316034493532,left,False,"{'safe_roi': (450, 80, 1500, 420), 'cylinder_roi': (800, 190, 1000, 300)}",ok_cylinder_inside_confirmed
2026-09-17 16:11:32,2026-09-17,15678482,27230,13,118.33317565917969,,41.87249755859375,0.7645374536514282,806.6445922851562,175.63409423828125,993.8676147460938,292.225830078125,187.2230224609375,116.59173583984375,21828.657177902758,900.256103515625,233.92996215820312,1920,1080,801.0787963867188,232.72726440429688,919.3809814453125,230.01907348632812,118.30218505859375,2.70819091796875,1.3113943152590593,left,False,"{'safe_roi': (450, 80, 1500, 420), 'cylinder_roi': (800, 190, 1000, 300)}",ok_cylinder_inside_confirmed
2026-09-17 16:11:37,2026-09-17,15678552,27230,13,114.70864868164062,,40.2996826171875,0.7591119408607483,809.2369384765625,175.9512481689453,990.88232421875,292.7757263183594,181.6453857421875,116.82447814941406,21220.627397580072,900.0596313476562,234.36349487304688,1920,1080,802.685546875,228.64492797851562,917.3890380859375,227.5572052001953,114.7034912109375,1.0877227783203125,0.543314382234147,left,False,"{'safe_roi': (450, 80, 1500, 420), 'cylinder_roi': (800, 190, 1000, 300)}",ok_cylinder_inside_confirmed
2026-09-17 16:11:42,2026-09-17,15678619,27230,13,116.3274154663086,,38.9359130859375,0.7648526430130005,807.915771484375,175.64512634277344,996.4085693359375,292.4898376464844,188.4927978515625,116.84471130371094,22024.386547794566,902.1621704101562,234.06747436523438,1920,1080,805.004150390625,229.2611083984375,921.3287963867188,230.06365966796875,116.32464599609375,0.80255126953125,0.3952908743326978,left,False,"{'safe_roi': (450, 80, 1500, 420), 'cylinder_roi': (800, 190, 1000, 300)}",ok_cylinder_inside_confirmed
2026-09-17 16:11:47,2026-09-17,15678687,27230,13,113.89960479736328,,35.98583984375,0.751572847366333,807.3231811523438,175.26271057128906,997.7761840820312,290.9562683105469,190.4530029296875,115.69355773925781,22034.185491060838,902.5496826171875,233.1094970703125,1920,1080,807.2113037109375,221.51414489746094,920.714111328125,231.01319885253906,113.5028076171875,9.499053955078125,4.783937649022476,left,False,"{'safe_roi': (450, 80, 1500, 420), 'cylinder_roi': (800, 190, 1000, 300)}",ok_cylinder_inside_confirmed
2026-09-17 16:11:52,2026-09-17,15678754,27230,13,114.67731475830078,,38.16984558105469,0.7559598684310913,806.5833129882812,177.1246337890625,997.9850463867188,291.00433349609375,191.4017333984375,113.87969970703125,21796.771922819316,902.2841796875,234.06448364257812,1920,1080,806.60498046875,221.3196563720703,921.0989379882812,227.80197143554688,114.49395751953125,6.4823150634765625,3.2404610158001357,left,False,"{'safe_roi': (450, 80, 1500, 420), 'cylinder_roi': (800, 190, 1000, 300)}",ok_cylinder_inside_confirmed
2026-09-17 16:11:57,2026-09-17,15678819,27230,13,113.61834716796875,,38.68772888183594,0.7581648826599121,805.8369750976562,176.70262145996094,995.7534790039062,291.22222900390625,189.91650390625,114.51960754394531,21749.163493461907,900.7952270507812,233.96243286132812,1920,1080,807.0172119140625,220.9376220703125,920.3890380859375,228.4181671142578,113.371826171875,7.4805450439453125,3.775040881505576,left,False,"{'safe_roi': (450, 80, 1500, 420), 'cylinder_roi': (800, 190, 1000, 300)}",ok_cylinder_inside_confirmed
2026-09-17 16:12:02,2026-09-17,15678888,27230,13,116.64730834960938,,38.86285400390625,0.7619756460189819,805.7134399414062,176.29220581054688,995.8300170898438,291.4989929199219,190.1165771484375,115.206787109375,21902.720029503107,900.771728515625,233.89559936523438,1920,1080,806.04541015625,221.36688232421875,922.571044921875,226.69332885742188,116.525634765625,5.326446533203125,2.6171976487081743,left,False,"{'safe_roi': (450, 80, 1500, 420), 'cylinder_roi': (800, 190, 1000, 300)}",ok_cylinder_inside_confirmed
2026-09-17 16:12:07,2026-09-17,15678960,27230,13,119.85311126708984,,34.58912658691406,0.7547355890274048,805.2088012695312,178.5839080810547,995.6306762695312,291.59161376953125,190.421875,113.00770568847656,21519.139206647873,900.4197387695312,235.0877685546875,1920,1080,806.7119750976562,220.8605499267578,926.3558349609375,227.93975830078125,119.64385986328125,7.0792083740234375,3.386186410614944,left,False,"{'safe_roi': (450, 80, 1500, 420), 'cylinder_roi': (800, 190, 1000, 300)}",ok_cylinder_inside_confirmed
2026-09-17 16:12:12,2026-09-17,15679033,27230,13,119.21073913574219,,37.430389404296875,0.7618905901908875,802.4806518554688,180.25587463378906,994.4819946289062,292.9870910644531,192.0013427734375,112.73121643066406,21644.5449271705,898.4813232421875,236.62149047851562,1920,1080,806.0626831054688,220.77346801757812,924.8828125,230.41592407226562,118.82012939453125,9.6424560546875,4.639483412016839,left,False,"{'safe_roi': (450, 80, 1500, 420), 'cylinder_roi': (800, 190, 1000, 300)}",ok_cylinder_inside_confirmed
2026-09-17 18:58:36,2026-09-17,15816622,27266,14,128.99057006835938,,46.27671813964844,0.771090567111969,816.7822265625,182.69873046875,1020.25,295.74859619140625,203.4677734375,113.04986572265625,23002.00446599722,918.51611328125,239.22366333007812,1920,1080,816.1497192382812,226.35601806640625,945.116455078125,228.83572387695312,128.96673583984375,2.479705810546875,1.1015179374489072,left,False,"{'safe_roi': (450, 80, 1500, 420), 'cylinder_roi': (800, 190, 1000, 300)}",ok_cylinder_inside_confirmed
2026-09-17 18:58:43,2026-09-17,15816717,27266,14,118.91380310058594,,49.9091796875,0.7702541351318359,813.3352661132812,179.9979248046875,1022.3545532226562,298.41790771484375,209.019287109375,118.41998291015625,24752.06040738523,917.8449096679688,239.20791625976562,1920,1080,818.3902587890625,225.16412353515625,937.2386474609375,229.10797119140625,118.848388671875,3.94384765625,1.9005973989116132,left,False,"{'safe_roi': (450, 80, 1500, 420), 'cylinder_roi': (800, 190, 1000, 300)}",ok_cylinder_inside_confirmed
2026-09-17 18:58:48,2026-09-17,15816785,27266,14,125.39252471923828,,48.95903015136719,0.7726033926010132,814.0816040039062,180.14646911621094,1024.324462890625,297.339599609375,210.24285888671875,117.19313049316406,24639.018796767108,919.2030029296875,238.7430419921875,1920,1080,816.0618896484375,223.00592041015625,941.3056030273438,229.11309814453125,125.24371337890625,6.107177734375,2.7916655880645935,left,False,"{'safe_roi': (450, 80, 1500, 420), 'cylinder_roi': (800, 190, 1000, 300)}",ok_cylinder_inside_confirmed
2026-09-17 18:58:53,2026-09-17,15816853,27266,14,117.72430419921875,,50.090972900390625,0.7712472081184387,813.5059814453125,179.79026794433594,1024.03564453125,296.5982971191406,210.5296630859375,116.80802917480469,24591.55502790399,918.7708129882812,238.19427490234375,1920,1080,817.8269653320312,225.1225128173828,935.5037841796875,228.4659423828125,117.67681884765625,3.3434295654296875,1.6274478176272253,left,False,"{'safe_roi': (450, 80, 1500, 420), 'cylinder_roi': (800, 190, 1000, 300)}",ok_cylinder_inside_confirmed
2026-09-17 18:58:58,2026-09-17,15816921,27266,14,126.4070816040039,,48.78514099121094,0.7681750059127808,814.27001953125,182.47303771972656,1021.0809326171875,297.43218994140625,206.8109130859375,114.95915222167969,23774.807238550857,917.6754760742188,239.95260620117188,1920,1080,814.8784790039062,222.79220581054688,941.0780029296875,230.03309631347656,126.19952392578125,7.2408905029296875,3.2838325175860144,left,False,"{'safe_roi': (450, 80, 1500, 420), 'cylinder_roi': (800, 190, 1000, 300)}",ok_cylinder_inside_confirmed
2026-09-17 18:59:03,2026-09-17,15816991,27266,14,120.40734100341797,,49.82673645019531,0.7765936851501465,813.6635131835938,181.32955932617188,1022.6261596679688,297.4183654785156,208.962646484375,116.08880615234375,24258.224160805345,918.1448364257812,239.37396240234375,1920,1080,818.7666625976562,224.512451171875,939.0813598632812,229.23486328125,120.314697265625,4.722412109375,2.247734219978765,left,False,"{'safe_roi': (450, 80, 1500, 420), 'cylinder_roi': (800, 190, 1000, 300)}",ok_cylinder_inside_confirmed
2026-09-17 18:59:08,2026-09-17,15817063,27266,14,128.87564086914062,,44.46995544433594,0.7742953300476074,814.415283203125,180.8377227783203,1024.556640625,296.95306396484375,210.141357421875,116.11534118652344,24400.635414440185,919.4859619140625,238.8953857421875,1920,1080,812.8782348632812,222.3974609375,941.5280151367188,230.02398681640625,128.6497802734375,7.62652587890625,3.392597689350902,left,False,"{'safe_roi': (450, 80, 1500, 420), 'cylinder_roi': (800, 190, 1000, 300)}",ok_cylinder_inside_confirmed
2026-09-17 18:59:13,2026-09-17,15817131,27266,14,118.8599853515625,,51.77088928222656,0.7724716067314148,813.8187255859375,182.08428955078125,1021.9549560546875,297.0722961425781,208.13623046875,114.98800659179688,23933.17024113238,917.8868408203125,239.5782928466797,1920,1080,817.9976806640625,224.300537109375,936.8055419921875,227.82015991210938,118.807861328125,3.519622802734375,1.6968622110831026,left,False,"{'safe_roi': (450, 80, 1500, 420), 'cylinder_roi': (800, 190, 1000, 300)}",ok_cylinder_inside_confirmed
2026-09-17 18:59:18,2026-09-17,15817201,27266,14,118.56964111328125,,50.447784423828125,0.7754054069519043,813.60595703125,182.2163543701172,1022.402099609375,297.48199462890625,208.796142578125,115.26564025878906,24067.021057832986,918.0040283203125,239.84918212890625,1920,1080,817.4927368164062,225.33560180664062,936.046142578125,227.2978515625,118.55340576171875,1.962249755859375,0.9482508199683022,left,False,"{'safe_roi': (450, 80, 1500, 420), 'cylinder_roi': (800, 190, 1000, 300)}",ok_cylinder_inside_confirmed
2026-09-17 18:59:23,2026-09-17,15817270,27266,14,121.62731170654297,,46.98284912109375,0.7751206159591675,814.0093383789062,180.91026306152344,1020.4763793945312,296.45391845703125,206.467041015625,115.54365539550781,23855.956637639552,917.2428588867188,238.68209838867188,1920,1080,815.7948608398438,224.74134826660156,937.3936157226562,227.37681579589844,121.5987548828125,2.635467529296875,1.241604237987247,left,False,"{'safe_roi': (450, 80, 1500, 420), 'cylinder_roi': (800, 190, 1000, 300)}",ok_cylinder_inside_confirmed
2026-09-17 18:59:29,2026-09-17,15817339,27266,14,118.96487426757812,,49.64585876464844,0.7774677276611328,814.7369995117188,180.45892333984375,1020.2619018554688,296.2261657714844,205.52490234375,115.76724243164062,23793.05119536817,917.4994506835938,238.34254455566406,1920,1080,817.5359497070312,226.16714477539062,936.49658203125,227.17135620117188,118.96063232421875,1.00421142578125,0.4836533622882231,left,False,"{'safe_roi': (450, 80, 1500, 420), 'cylinder_roi': (800, 190, 1000, 300)}",ok_cylinder_inside_confirmed
2026-09-17 18:59:34,2026-09-17,15817409,27266,14,119.99200439453125,,51.06492614746094,0.7772341370582581,813.3392944335938,183.38357543945312,1021.6510620117188,297.3017272949219,208.311767578125,113.91815185546875,23730.491572245955,917.4951782226562,240.3426513671875,1920,1080,818.0403442382812,225.6943817138672,938.0235595703125,227.146728515625,119.98321533203125,1.4523468017578125,0.6935076551461389,left,False,"{'safe_roi': (450, 80, 1500, 420), 'cylinder_roi': (800, 190, 1000, 300)}",ok_cylinder_inside_confirmed
2026-09-17 18:59:39,2026-09-17,15817474,27266,14,117.4448471069336,,52.134674072265625,0.7732621431350708,813.2859497070312,182.11053466796875,1021.0200805664062,297.0018310546875,207.734130859375,114.89129638671875,23866.84359820187,917.1530151367188,239.55618286132812,1920,1080,817.5321044921875,226.8376922607422,934.9769287109375,226.9046630859375,117.44482421875,0.0669708251953125,0.032671897155308716,left,False,"{'safe_roi': (450, 80, 1500, 420), 'cylinder_roi': (800, 190, 1000, 300)}",ok_cylinder_inside_confirmed
2026-09-17 18:59:44,2026-09-17,15817542,27266,14,124.40890502929688,,48.24351501464844,0.767939567565918,812.0042724609375,186.19308471679688,1020.3631591796875,297.29254150390625,208.35888671875,111.09945678710938,23148.559131219983,916.1837158203125,241.74281311035156,1920,1080,814.0576782226562,226.56124877929688,938.4346923828125,229.37796020507812,124.37701416015625,2.81671142578125,1.2973305124173742,left,False,"{'safe_roi': (450, 80, 1500, 420), 'cylinder_roi': (800, 190, 1000, 300)}",ok_cylinder_inside_confirmed
2026-09-17 18:59:49,2026-09-17,15817611,27266,14,122.24723052978516,,52.89900207519531,0.7586043477058411,813.0468139648438,182.46383666992188,1021.4149780273438,296.3562927246094,208.3681640625,113.8924560546875,23731.561968684196,917.2308959960938,239.41006469726562,1920,1080,816.5762939453125,227.2485809326172,938.8168334960938,228.52749633789062,122.24053955078125,1.2789154052734375,0.5994229240314844,left,False,"{'safe_roi': (450, 80, 1500, 420), 'cylinder_roi': (800, 190, 1000, 300)}",ok_cylinder_inside_confirmed
2026-09-17 18:59:54,2026-09-17,15817679,27266,14,124.08792114257812,,50.789642333984375,0.7687684893608093,813.5043334960938,181.24441528320312,1022.1670532226562,296.01690673828125,208.6627197265625,114.77249145507812,23948.740216810256,917.835693359375,238.6306610107422,1920,1080,815.666015625,225.09951782226562,939.722900390625,227.87461853027344,124.056884765625,2.7751007080078125,1.281468942150309,left,False,"{'safe_roi': (450, 80, 1500, 420), 'cylinder_roi': (800, 190, 1000, 300)}",ok_cylinder_inside_confirmed
2026-09-17 18:59:59,2026-09-17,15817747,27266,14,124.7242202758789,,49.301300048828125,0.7753397226333618,813.4702758789062,181.82186889648438,1019.8351440429688,296.1612548828125,206.3648681640625,114.33938598632812,23595.63231502846,916.6527099609375,238.99156188964844,1920,1080,814.5775146484375,226.52725219726562,939.288818359375,228.32232666015625,124.7113037109375,1.795074462890625,0.8246492942847164,left,False,"{'safe_roi': (450, 80, 1500, 420), 'cylinder_roi': (800, 190, 1000, 300)}",ok_cylinder_inside_confirmed
2026-09-17 19:00:04,2026-09-17,15817819,27266,14,125.06681823730469,,48.69032287597656,0.7579644918441772,812.990234375,185.59707641601562,1019.81689453125,298.626220703125,206.82666015625,113.02914428710938,23377.440413221717,916.403564453125,242.1116485595703,1920,1080,813.2183227539062,226.39633178710938,938.2615966796875,228.8231201171875,125.04327392578125,2.426788330078125,1.111833298917983,left,False,"{'safe_roi': (450, 80, 1500, 420), 'cylinder_roi': (800, 190, 1000, 300)}",ok_cylinder_inside_confirmed
2026-09-17 19:00:09,2026-09-17,15817892,27266,14,120.77033996582031,,51.965484619140625,0.7650119066238403,812.3570556640625,184.9859161376953,1019.4403076171875,296.2822265625,207.083251953125,111.29631042480469,23047.60189315304,915.898681640625,240.63406372070312,1920,1080,817.3803100585938,228.84652709960938,938.150634765625,228.78384399414062,120.77032470703125,0.06268310546875,0.029738075776008354,left,False,"{'safe_roi': (450, 80, 1500, 420), 'cylinder_roi': (800, 190, 1000, 300)}",ok_cylinder_inside_confirmed
2026-09-17 19:00:14,2026-09-17,15817959,27266,14,120.44884490966797,,52.34181213378906,0.7611133456230164,813.29931640625,184.07228088378906,1021.5352783203125,295.1299133300781,208.2359619140625,111.05763244628906,23126.1929203514,917.4172973632812,239.60110473632812,1920,1080,816.9860229492188,226.38674926757812,937.4133911132812,228.66102600097656,120.4273681640625,2.2742767333984375,1.0819049898446087,left,False,"{'safe_roi': (450, 80, 1500, 420), 'cylinder_roi': (800, 190, 1000, 300)}",ok_cylinder_inside_confirmed
2026-09-17 19:00:19,2026-09-17,15818028,27266,14,127.53404235839844,,47.84696960449219,0.773014485836029,812.37353515625,183.90029907226562,1022.7734375,297.19976806640625,210.39990234375,113.29946899414062,23838.19721196592,917.573486328125,240.55003356933594,1920,1080,812.69140625,227.30902099609375,940.201416015625,229.7847900390625,127.510009765625,2.47576904296875,1.1123306785249234,left,False,"{'safe_roi': (450, 80, 1500, 420), 'cylinder_roi': (800, 190, 1000, 300)}",ok_cylinder_inside_confirmed
2026-09-17 19:00:24,2026-09-17,15818100,27266,14,125.07384490966797,,48.367919921875,0.7594929933547974,812.2911376953125,185.95993041992188,1019.5943603515625,296.77105712890625,207.30322265625,110.81112670898438,22971.50367294252,915.9427490234375,241.36549377441406,1920,1080,814.6289672851562,225.726806640625,939.6392822265625,229.71267700195312,125.01031494140625,3.985870361328125,1.8262189618218612,left,False,"{'safe_roi': (450, 80, 1500, 420), 'cylinder_roi': (800, 190, 1000, 300)}",ok_cylinder_inside_confirmed
2026-09-17 19:00:29,2026-09-17,15818168,27266,14,124.6649398803711,,47.07745361328125,0.7711966037750244,812.841064453125,181.97335815429688,1022.1351318359375,295.9251708984375,209.2940673828125,113.95181274414062,23849.4383748658,917.4880981445312,238.9492645263672,1920,1080,813.9241333007812,227.27003479003906,938.56884765625,229.51541137695312,124.64471435546875,2.2453765869140625,1.0320268212262735,left,False,"{'safe_roi': (450, 80, 1500, 420), 'cylinder_roi': (800, 190, 1000, 300)}",ok_cylinder_inside_confirmed
2026-09-17 19:00:34,2026-09-17,15818235,27266,14,109.63570404052734,,34.85662841796875,0.774850070476532,813.1832275390625,184.5799560546875,1021.3099365234375,297.8382263183594,208.126708984375,113.25827026367188,23572.07105524093,917.24658203125,241.20909118652344,1920,1080,822.0740966796875,229.25343322753906,931.6204223632812,224.82742309570312,109.54632568359375,4.4260101318359375,2.313668172155681,left,False,"{'safe_roi': (450, 80, 1500, 420), 'cylinder_roi': (800, 190, 1000, 300)}",ok_cylinder_inside_confirmed
2026-09-17 19:00:39,2026-09-17,15818305,27266,14,116.3817367553711,,49.88487243652344,0.7576441764831543,812.1515502929688,189.88485717773438,1018.6900024414062,297.0355224609375,206.5384521484375,107.15066528320312,22130.732554268092,915.4207763671875,243.46018981933594,1920,1080,816.95068359375,229.93710327148438,933.3284301757812,228.97296142578125,116.37774658203125,0.964141845703125,0.4746611484401908,left,False,"{'safe_roi': (450, 80, 1500, 420), 'cylinder_roi': (800, 190, 1000, 300)}",ok_cylinder_inside_confirmed
2026-09-17 19:00:44,2026-09-17,15818371,27266,14,123.05320739746094,,49.27378845214844,0.7654390931129456,811.9144287109375,189.34669494628906,1019.9005126953125,296.4862365722656,207.986083984375,107.13954162597656,22283.533702667803,915.907470703125,242.91647338867188,1920,1080,815.1869506835938,228.87118530273438,938.234375,230.06414794921875,123.04742431640625,1.192962646484375,0.5554734986790094,left,False,"{'safe_roi': (450, 80, 1500, 420), 'cylinder_roi': (800, 190, 1000, 300)}",ok_cylinder_inside_confirmed
2026-09-17 19:00:49,2026-09-17,15818439,27266,14,125.52345275878906,,40.85026550292969,0.7602783441543579,812.2177124023438,184.48944091796875,1022.1340942382812,297.2031555175781,209.9163818359375,112.71371459960938,23660.455152038485,917.1759033203125,240.84629821777344,1920,1080,812.4466552734375,227.88760375976562,937.9698486328125,228.1443634033203,125.523193359375,0.2567596435546875,0.1171992443258044,left,False,"{'safe_roi': (450, 80, 1500, 420), 'cylinder_roi': (800, 190, 1000, 300)}",ok_cylinder_inside_confirmed
2026-09-17 19:00:54,2026-09-17,15818506,27266,14,122.68984985351562,,51.85467529296875,0.7647147178649902,813.9347534179688,188.01678466796875,1019.5658569335938,297.7070007324219,205.631103515625,109.69021606445312,22555.720174200833,916.7503051757812,242.8618927001953,1920,1080,816.7415771484375,227.30137634277344,939.4179077148438,229.1227264404297,122.67633056640625,1.82135009765625,0.850596089169576,left,False,"{'safe_roi': (450, 80, 1500, 420), 'cylinder_roi': (800, 190, 1000, 300)}",ok_cylinder_inside_confirmed
2026-09-17 19:00:59,2026-09-17,15818576,27266,14,119.76907348632812,,50.089385986328125,0.7629997134208679,813.590087890625,190.09658813476562,1020.4832763671875,296.8389587402344,206.8931884765625,106.74237060546875,22084.26940011233,917.0366821289062,243.4677734375,1920,1080,816.7679443359375,228.48391723632812,936.5238037109375,230.26275634765625,119.755859375,1.778839111328125,0.8510020239382879,left,False,"{'safe_roi': (450, 80, 1500, 420), 'cylinder_roi': (800, 190, 1000, 300)}",ok_cylinder_inside_confirmed
2026-09-17 19:01:04,2026-09-17,15818644,27266,14,123.05316925048828,,49.38726806640625,0.7503477931022644,812.183349609375,186.50601196289062,1020.3131103515625,297.3608703613281,208.1297607421875,110.8548583984375,23072.19515557587,916.2482299804688,241.93344116210938,1920,1080,815.5344848632812,228.01666259765625,938.587646484375,227.9853057861328,123.05316162109375,0.0313568115234375,0.01460029873856201,left,False,"{'safe_roi': (450, 80, 1500, 420), 'cylinder_roi': (800, 190, 1000, 300)}",ok_cylinder_inside_confirmed
2026-09-17 19:01:09,2026-09-17,15818713,27266,14,115.72773742675781,,50.80902099609375,0.764533281326294,812.7101440429688,184.24156188964844,1020.4563598632812,297.83538818359375,207.7462158203125,113.59382629394531,23598.68755311705,916.583251953125,241.03848266601562,1920,1080,816.770263671875,228.77902221679688,932.4915771484375,227.559814453125,115.7213134765625,1.219207763671875,0.6036301576203449,left,False,"{'safe_roi': (450, 80, 1500, 420), 'cylinder_roi': (800, 190, 1000, 300)}",ok_cylinder_inside_confirmed
2026-09-17 19:01:14,2026-09-17,15818786,27266,14,124.23704528808594,,45.365386962890625,0.7633897662162781,813.6485595703125,182.5446319580078,1024.6160888671875,298.25445556640625,210.967529296875,115.70982360839844,24411.015602041036,919.13232421875,240.3995361328125,1920,1080,815.9806518554688,228.60073852539062,940.166015625,232.18389892578125,124.18536376953125,3.583160400390625,1.652715092631909,left,False,"{'safe_roi': (450, 80, 1500, 420), 'cylinder_roi': (800, 190, 1000, 300)}",ok_cylinder_inside_confirmed
2026-09-17 19:01:19,2026-09-17,15818855,27266,14,118.49583435058594,,50.11595153808594,0.7683847546577454,813.6914672851562,184.39315795898438,1022.5393676757812,299.5755615234375,208.847900390625,115.18240356445312,24055.603146381676,918.1154174804688,241.98435974121094,1920,1080,816.9795532226562,228.14881896972656,935.4747314453125,228.5422821044922,118.49517822265625,0.393463134765625,0.19024988612191737,left,False,"{'safe_roi': (450, 80, 1500, 420), 'cylinder_roi': (800, 190, 1000, 300)}",ok_cylinder_inside_confirmed
2026-09-17 19:01:24,2026-09-17,15818926,27266,14,126.6009750366211,,47.753509521484375,0.7717180252075195,814.4295043945312,181.71153259277344,1022.2001342773438,298.2672119140625,207.7706298828125,116.55567932128906,24216.846909003332,918.3148193359375,239.9893798828125,1920,1080,812.5687866210938,227.8551788330078,939.1695556640625,227.62619018554688,126.60076904296875,0.2289886474609375,0.10363340481582832,left,False,"{'safe_roi': (450, 80, 1500, 420), 'cylinder_roi': (800, 190, 1000, 300)}",ok_cylinder_inside_confirmed
2026-09-17 19:01:29,2026-09-17,15818994,27266,14,122.38098907470703,,44.75648498535156,0.7704579830169678,813.5894165039062,183.673095703125,1016.7849731445312,296.5973205566406,203.195556640625,112.92422485351562,22945.700727321208,915.1871948242188,240.1352081298828,1920,1080,813.2066040039062,226.3943634033203,935.5283203125,230.20269775390625,122.32171630859375,3.8083343505859375,1.7832567359429987,left,False,"{'safe_roi': (450, 80, 1500, 420), 'cylinder_roi': (800, 190, 1000, 300)}",ok_cylinder_inside_confirmed
2026-09-17 19:01:34,2026-09-17,15819064,27266,14,122.11176300048828,,52.07330322265625,0.7628881335258484,813.5084228515625,185.6450958251953,1018.0660400390625,297.14422607421875,204.5576171875,111.49913024902344,22807.996402218938,915.7872314453125,241.3946533203125,1920,1080,817.7447509765625,225.95928955078125,939.8134765625,229.200927734375,122.0687255859375,3.24163818359375,1.5211803347335582,left,False,"{'safe_roi': (450, 80, 1500, 420), 'cylinder_roi': (800, 190, 1000, 300)}",ok_cylinder_inside_confirmed
2026-09-17 19:01:39,2026-09-17,15819130,27266,14,123.2528305053711,,50.93775939941406,0.76432865858078,813.0797729492188,185.26483154296875,1017.4474487304688,297.2785339355469,204.36767578125,112.01370239257812,22891.980013623834,915.2636108398438,241.2716827392578,1920,1080,817.6734008789062,226.53335571289062,940.8566284179688,230.6749267578125,123.1832275390625,4.141571044921875,1.925628961190554,left,False,"{'safe_roi': (450, 80, 1500, 420), 'cylinder_roi': (800, 190, 1000, 300)}",ok_cylinder_inside_confirmed
2026-09-17 19:01:45,2026-09-17,15819201,27266,14,126.00664520263672,,47.723602294921875,0.7658221125602722,813.0064697265625,186.1044158935547,1018.0516357421875,297.3206787109375,205.045166015625,111.21626281738281,22804.35707302764,915.529052734375,241.71255493164062,1920,1080,815.5103149414062,225.35162353515625,941.28515625,232.99130249023438,125.77484130859375,7.639678955078125,3.475927511725642,left,False,"{'safe_roi': (450, 80, 1500, 420), 'cylinder_roi': (800, 190, 1000, 300)}",ok_cylinder_inside_confirmed
2026-09-17 19:01:50,2026-09-17,15819272,27266,14,122.56095123291016,,50.466796875,0.7607471942901611,814.1019897460938,186.9802703857422,1015.1587524414062,297.13763427734375,201.0567626953125,110.15736389160156,22147.88297109492,914.63037109375,242.0589599609375,1920,1080,817.607421875,226.28839111328125,940.061279296875,231.410888671875,122.453857421875,5.12249755859375,2.3954040908248295,left,False,"{'safe_roi': (450, 80, 1500, 420), 'cylinder_roi': (800, 190, 1000, 300)}",ok_cylinder_inside_confirmed
2026-09-17 19:01:55,2026-09-17,15819336,27266,14,118.26895141601562,,50.398101806640625,0.7573524117469788,814.5792846679688,189.25668334960938,1010.9889526367188,296.9432678222656,196.40966796875,107.68658447265625,21150.686300963163,912.7841186523438,243.0999755859375,1920,1080,818.570556640625,226.29202270507812,936.77685546875,230.14108276367188,118.206298828125,3.84906005859375,1.865019071850771,left,False,"{'safe_roi': (450, 80, 1500, 420), 'cylinder_roi': (800, 190, 1000, 300)}",ok_cylinder_inside_confirmed
2026-09-17 19:02:00,2026-09-17,15819406,27266,14,121.63155364990234,,49.58381652832031,0.7575963139533997,814.4130859375,188.2941436767578,1012.103271484375,297.0200500488281,197.690185546875,108.72590637207031,21494.04460444674,913.2581787109375,242.6571044921875,1920,1080,817.8394775390625,225.690185546875,939.3521728515625,231.06607055664062,121.5126953125,5.375885009765625,2.533190444402453,left,False,"{'safe_roi': (450, 80, 1500, 420), 'cylinder_roi': (800, 190, 1000, 300)}",ok_cylinder_inside_confirmed
2026-09-17 19:02:05,2026-09-17,15819474,27266,14,113.65908813476562,,50.55635070800781,0.7692909240722656,812.8883666992188,190.41259765625,1011.9199829101562,296.1724853515625,199.0316162109375,105.7598876953125,21049.56137828529,912.4041748046875,243.29254150390625,1920,1080,819.98046875,229.2875213623047,933.6390380859375,228.94366455078125,113.6585693359375,0.3438568115234375,0.17333918652051683,left,False,"{'safe_roi': (450, 80, 1500, 420), 'cylinder_roi': (800, 190, 1000, 300)}",ok_cylinder_inside_confirmed
2026-09-17 19:02:10,2026-09-17,15819545,27266,14,109.25982666015625,,46.86891174316406,0.7546214461326599,811.6477661132812,192.123046875,1011.6041870117188,298.32757568359375,199.9564208984375,106.20452880859375,21236.277463771403,911.6259765625,245.22531127929688,1920,1080,818.9669189453125,227.60072326660156,928.2199096679688,228.82275390625,109.25299072265625,1.2220306396484375,0.6408454162772123,left,False,"{'safe_roi': (450, 80, 1500, 420), 'cylinder_roi': (800, 190, 1000, 300)}",ok_cylinder_inside_confirmed
2026-09-17 19:02:15,2026-09-17,15819616,27266,14,107.39834594726562,,45.617462158203125,0.7666652202606201,811.435546875,193.59295654296875,1005.2791748046875,297.0074157714844,193.8436279296875,103.41445922851562,20046.23395724222,908.3573608398438,245.30018615722656,1920,1080,821.012939453125,227.61407470703125,928.4105224609375,228.019775390625,107.3975830078125,0.40570068359375,0.21643714595250924,left,False,"{'safe_roi': (450, 80, 1500, 420), 'cylinder_roi': (800, 190, 1000, 300)}",ok_cylinder_inside_confirmed
2026-09-17 19:02:20,2026-09-17,15819681,27266,14,121.41832733154297,,46.8018798828125,0.7656318545341492,813.9365234375,192.2228546142578,1010.148681640625,297.0816650390625,196.212158203125,104.85881042480469,20574.57350006327,912.0426025390625,244.65225219726562,1920,1080,816.22900390625,226.0243682861328,937.5845336914062,229.92892456054688,121.35552978515625,3.9045562744140625,1.8428286478569795,left,False,"{'safe_roi': (450, 80, 1500, 420), 'cylinder_roi': (800, 190, 1000, 300)}",ok_cylinder_inside_confirmed
2026-09-17 19:02:25,2026-09-17,15819749,27266,14,116.49087524414062,,50.33673095703125,0.7622810006141663,814.8858032226562,191.42478942871094,1009.4882202148438,297.5784912109375,194.6024169921875,106.15370178222656,20657.76693948917,912.18701171875,244.50164794921875,1920,1080,818.869873046875,227.3673095703125,935.3323974609375,229.93707275390625,116.4625244140625,2.56976318359375,1.2640349109521614,left,False,"{'safe_roi': (450, 80, 1500, 420), 'cylinder_roi': (800, 190, 1000, 300)}",ok_cylinder_inside_confirmed
2026-09-17 19:02:30,2026-09-17,15819819,27266,14,121.36048126220703,,51.51617431640625,0.7615553736686707,814.4274291992188,191.57875061035156,1011.6697387695312,297.32733154296875,197.2423095703125,105.74858093261719,20858.094336932525,913.048583984375,244.45303344726562,1920,1080,818.7332153320312,225.99185180664062,940.006591796875,230.58908081054688,121.27337646484375,4.59722900390625,2.1709279062613946,left,False,"{'safe_roi': (450, 80, 1500, 420), 'cylinder_roi': (800, 190, 1000, 300)}",ok_cylinder_inside_confirmed
2026-09-17 19:39:12,2026-09-17,15849741,27266,15,104.66375732421875,,32.677886962890625,0.7829161286354065,838.6865844726562,183.3184814453125,1028.16357421875,301.4815673828125,189.47698974609375,118.1630859375,22389.185822546482,933.425048828125,242.4000244140625,1920,1080,844.5930786132812,215.69100952148438,949.03271484375,222.53680419921875,104.43963623046875,6.845794677734375,3.7502508752834407,left,False,"{'safe_roi': (450, 80, 1500, 420), 'cylinder_roi': (800, 190, 1000, 300)}",ok_cylinder_inside_confirmed
2026-09-17 19:40:36,2026-09-17,15850867,27266,16,98.53327941894531,,36.534454345703125,0.7828295230865479,833.4857177734375,188.82664489746094,1027.9097900390625,303.4623718261719,194.424072265625,114.63572692871094,22287.94485661015,930.69775390625,246.14450073242188,1920,1080,848.6276245117188,219.2125244140625,946.7720947265625,227.95721435546875,98.14447021484375,8.74468994140625,5.09161880973046,left,False,"{'safe_roi': (450, 80, 1500, 420), 'cylinder_roi': (800, 190, 1000, 300)}",ok_cylinder_inside_confirmed
2026-09-17 19:40:43,2026-09-17,15850956,27266,16,100.64305877685547,,36.92884826660156,0.7949022054672241,833.9481201171875,191.16970825195312,1027.4990234375,305.6407470703125,193.5509033203125,114.47103881835938,22155.972967308015,930.7235717773438,248.4052276611328,1920,1080,848.8667602539062,218.88644409179688,948.8477783203125,230.41122436523438,99.98101806640625,11.5247802734375,6.575445958113174,left,False,"{'safe_roi': (450, 80, 1500, 420), 'cylinder_roi': (800, 190, 1000, 300)}",ok_cylinder_inside_confirmed
2026-09-17 20:16:59,2026-09-17,15880937,27266,17,110.88243103027344,,39.26939392089844,0.7610889077186584,792.6408081054688,184.215576171875,970.2997436523438,290.926025390625,177.658935546875,106.71044921875,18958.064819931984,881.4702758789062,237.57080078125,1920,1080,800.3587646484375,207.68724060058594,910.3956298828125,221.35479736328125,110.036865234375,13.667556762695312,7.080382025204808,left,False,"{'safe_roi': (450, 80, 1500, 420), 'cylinder_roi': (800, 190, 1000, 300)}",ok_cylinder_inside_confirmed
2026-09-17 20:19:21,2026-09-17,15882912,27266,18,99.5826644897461,,31.810791015625,0.7601072788238525,794.0696411132812,186.5137176513672,973.3226928710938,289.3971252441406,179.2530517578125,102.88340759277344,18442.164786247537,883.6961669921875,237.95541381835938,1920,1080,812.0816040039062,213.86611938476562,911.4453125,220.46615600585938,99.36370849609375,6.60003662109375,3.80017589360373,left,False,"{'safe_roi': (450, 80, 1500, 420), 'cylinder_roi': (800, 190, 1000, 300)}",ok_cylinder_inside_confirmed
2026-09-17 20:19:33,2026-09-17,15883091,27266,18,106.95817565917969,,33.08753967285156,0.7729512453079224,790.0283203125,186.17416381835938,967.080078125,290.6086730957031,177.0517578125,104.43450927734375,18490.31344383955,878.55419921875,238.39141845703125,1920,1080,807.7944946289062,215.79844665527344,914.552734375,222.33523559570312,106.75823974609375,6.5367889404296875,3.5038365104650544,left,False,"{'safe_roi': (450, 80, 1500, 420), 'cylinder_roi': (800, 190, 1000, 300)}",ok_cylinder_inside_confirmed
2026-09-17 20:19:52,2026-09-17,15883347,27266,18,101.7129898071289,,32.73146057128906,0.7634624242782593,792.6707763671875,186.15277099609375,974.5546875,289.5828857421875,181.8839111328125,103.43011474609375,18812.273798935115,883.6127319335938,237.86782836914062,1920,1080,812.3617553710938,217.10977172851562,913.922607421875,222.67091369628906,101.56085205078125,5.5611419677734375,3.134200626520945,left,False,"{'safe_roi': (450, 80, 1500, 420), 'cylinder_roi': (800, 190, 1000, 300)}",ok_cylinder_inside_confirmed
2026-09-17 20:20:40,2026-09-17,15884016,27266,19,98.68868255615234,,33.867523193359375,0.7596966028213501,795.2376708984375,185.3599090576172,981.1148681640625,293.4166259765625,185.877197265625,108.05671691894531,20085.279686618596,888.17626953125,239.38827514648438,1920,1080,810.6051025390625,219.1573944091797,909.2870483398438,220.310546875,98.68194580078125,1.1531524658203125,0.6695020226008862,left,False,"{'safe_roi': (450, 80, 1500, 420), 'cylinder_roi': (800, 190, 1000, 300)}",ok_cylinder_inside_confirmed
2026-09-17 20:21:00,2026-09-17,15884288,27266,19,96.65962982177734,,33.67279052734375,0.762340784072876,793.5518798828125,186.42922973632812,969.4395751953125,291.1170349121094,175.8876953125,104.68780517578125,18413.296779692173,881.4957275390625,238.77313232421875,1920,1080,812.70458984375,219.70301818847656,909.3416748046875,217.6155242919922,96.6370849609375,2.087493896484375,1.2374751577931018,left,False,"{'safe_roi': (450, 80, 1500, 420), 'cylinder_roi': (800, 190, 1000, 300)}",ok_cylinder_inside_confirmed
2026-09-17 20:21:12,2026-09-17,15884459,27266,19,97.9637680053711,,34.44807434082031,0.7572441101074219,793.0017700195312,186.87893676757812,968.7205200195312,291.3517761230469,175.71875,104.47283935546875,18357.836740493774,880.8611450195312,239.1153564453125,1920,1080,809.4769897460938,221.6383056640625,907.430908203125,220.24928283691406,97.95391845703125,1.3890228271484375,0.8124209131807668,left,False,"{'safe_roi': (450, 80, 1500, 420), 'cylinder_roi': (800, 190, 1000, 300)}",ok_cylinder_inside_confirmed
2026-09-17 20:22:12,2026-09-17,15885292,27266,20,104.31077575683594,,32.19970703125,0.7701634764671326,790.486572265625,187.50738525390625,978.747802734375,291.903564453125,188.26123046875,104.39617919921875,19653.753152281046,884.6171875,239.70547485351562,1920,1080,807.0728759765625,224.964111328125,911.33837890625,221.89111328125,104.2655029296875,3.072998046875,1.6881793048615144,left,False,"{'safe_roi': (450, 80, 1500, 420), 'cylinder_roi': (800, 190, 1000, 300)}",ok_cylinder_inside_confirmed
2026-09-17 20:22:38,2026-09-17,15885668,27266,21,102.69881439208984,,29.900146484375,0.7823495864868164,783.776611328125,190.99400329589844,972.152099609375,292.39093017578125,188.37548828125,101.39692687988281,19100.695611216128,877.96435546875,241.69247436523438,1920,1080,804.06787109375,225.21270751953125,906.622802734375,219.77825927734375,102.554931640625,5.4344482421875,3.033301174703072,left,False,"{'safe_roi': (450, 80, 1500, 420), 'cylinder_roi': (800, 190, 1000, 300)}",ok_cylinder_inside_confirmed
2026-09-17 20:22:43,2026-09-17,15885738,27266,21,103.17325592041016,,30.207473754882812,0.7818253636360168,783.6292114257812,188.09300231933594,974.2020874023438,290.689453125,190.5728759765625,102.59645080566406,19552.100695023313,878.9156494140625,239.3912353515625,1920,1080,803.3543701171875,226.28933715820312,906.35546875,220.33163452148438,103.0010986328125,5.95770263671875,3.310365702215894,left,False,"{'safe_roi': (450, 80, 1500, 420), 'cylinder_roi': (800, 190, 1000, 300)}",ok_cylinder_inside_confirmed
2026-09-17 20:22:49,2026-09-17,15885811,27266,21,102.74651336669922,,30.057693481445312,0.7898865938186646,784.904296875,187.83880615234375,971.8885498046875,291.650146484375,186.9842529296875,103.81134033203125,19411.0859176144,878.3964233398438,239.74447631835938,1920,1080,803.5188598632812,226.903564453125,906.033447265625,220.00393676757812,102.51458740234375,6.899627685546875,3.850420376519383,left,False,"{'safe_roi': (450, 80, 1500, 420), 'cylinder_roi': (800, 190, 1000, 300)}",ok_cylinder_inside_confirmed
2026-09-17 20:36:50,2026-09-17,15897462,27266,22,93.20883178710938,,34.94769287109375,0.7774593234062195,842.5582275390625,179.55270385742188,1026.74462890625,299.24627685546875,184.1864013671875,119.69357299804688,22045.928477291018,934.6514282226562,239.3994903564453,1920,1080,855.2911987304688,196.56588745117188,947.268310546875,211.6687774658203,91.97711181640625,15.102890014648438,9.324908161848978,left,False,"{'safe_roi': (450, 80, 1500, 420), 'cylinder_roi': (800, 190, 1000, 300)}",ok_cylinder_inside_confirmed
2026-09-17 20:42:41,2026-09-17,15902341,27266,23,118.28437805175781,,38.899169921875,0.7777869701385498,798.4935913085938,175.83175659179688,994.3882446289062,292.787841796875,195.8946533203125,116.95608520507812,22911.07176494971,896.44091796875,234.30979919433594,1920,1080,805.887451171875,198.9114990234375,923.299560546875,213.24990844726562,117.412109375,14.338409423828125,6.962506468512784,left,False,"{'safe_roi': (450, 80, 1500, 420), 'cylinder_roi': (800, 190, 1000, 300)}",ok_cylinder_inside_confirmed
2026-09-17 20:42:49,2026-09-17,15902438,27266,23,114.76629638671875,,35.97218322753906,0.7749378681182861,798.24609375,176.01751708984375,991.41552734375,292.5481262207031,193.16943359375,116.53060913085938,22510.151762142777,894.830810546875,234.28282165527344,1920,1080,804.8341064453125,191.4925537109375,917.0828857421875,215.39891052246094,112.248779296875,23.906356811523438,12.023020927871732,left,False,"{'safe_roi': (450, 80, 1500, 420), 'cylinder_roi': (800, 190, 1000, 300)}",ok_cylinder_inside_confirmed
2026-09-17 20:42:56,2026-09-17,15902542,27266,23,104.33690643310547,,30.458602905273438,0.7648398280143738,797.2243041992188,179.26043701171875,983.3451538085938,293.68597412109375,186.120849609375,114.425537109375,21296.978183805943,890.2847290039062,236.47320556640625,1920,1080,813.29736328125,193.69190979003906,914.760986328125,218.009033203125,101.463623046875,24.317123413085938,13.477499979156542,left,False,"{'safe_roi': (450, 80, 1500, 420), 'cylinder_roi': (800, 190, 1000, 300)}",ok_cylinder_inside_confirmed
2026-09-17 20:43:06,2026-09-17,15902670,27266,23,97.46632385253906,,30.000091552734375,0.781508207321167,794.9000854492188,178.53160095214844,983.3884887695312,291.53466796875,188.4884033203125,113.00306701660156,21299.767672257498,889.144287109375,235.03314208984375,1920,1080,818.0814208984375,196.9647674560547,913.0928955078125,218.70191955566406,95.011474609375,21.737152099609375,12.886602621979819,left,False,"{'safe_roi': (450, 80, 1500, 420), 'cylinder_roi': (800, 190, 1000, 300)}",ok_cylinder_inside_confirmed
2026-09-17 20:43:11,2026-09-17,15902739,27266,23,95.90476989746094,,28.929977416992188,0.768889844417572,796.2399291992188,177.57420349121094,983.2477416992188,292.42486572265625,187.0078125,114.85066223144531,21477.971108078957,889.7438354492188,234.99954223632812,1920,1080,818.992919921875,196.7020263671875,912.4837646484375,218.08395385742188,93.4908447265625,21.381927490234375,12.882334924599588,left,False,"{'safe_roi': (450, 80, 1500, 420), 'cylinder_roi': (800, 190, 1000, 300)}",ok_cylinder_inside_confirmed
2026-09-17 20:43:16,2026-09-17,15902810,27266,23,94.03316497802734,,29.028335571289062,0.7569864988327026,796.4274291992188,177.67782592773438,982.9044799804688,293.4805908203125,186.47705078125,115.80276489257812,21594.558069482446,889.6659545898438,235.57920837402344,1920,1080,820.05078125,195.7981719970703,911.8792724609375,216.0408172607422,91.8284912109375,20.242645263671875,12.431446340530316,left,False,"{'safe_roi': (450, 80, 1500, 420), 'cylinder_roi': (800, 190, 1000, 300)}",ok_cylinder_inside_confirmed
2026-09-17 20:43:21,2026-09-17,15902881,27266,23,97.98660278320312,,31.400009155273438,0.7761300206184387,797.521728515625,177.65414428710938,980.42919921875,291.781982421875,182.907470703125,114.12783813476562,20874.834210045636,888.9754638671875,234.7180633544922,1920,1080,817.321533203125,194.73104858398438,912.638671875,217.44705200195312,95.317138671875,22.71600341796875,13.404697212444752,left,False,"{'safe_roi': (450, 80, 1500, 420), 'cylinder_roi': (800, 190, 1000, 300)}",ok_cylinder_inside_confirmed
2026-09-17 20:43:26,2026-09-17,15902954,27266,23,97.98524475097656,,32.83551025390625,0.779756486415863,797.6064453125,178.98251342773438,977.88427734375,291.61700439453125,180.27783203125,112.63449096679688,20305.501843437552,887.745361328125,235.2997589111328,1920,1080,819.7216186523438,197.88441467285156,915.0111694335938,220.71005249023438,95.28955078125,22.825637817382812,13.470798008222365,left,False,"{'safe_roi': (450, 80, 1500, 420), 'cylinder_roi': (800, 190, 1000, 300)}",ok_cylinder_inside_confirmed
2026-09-17 20:43:31,2026-09-17,15903021,27266,23,104.39098358154297,,33.53828430175781,0.7569766640663147,796.6531372070312,178.2677459716797,979.8279418945312,290.6375732421875,183.1748046875,112.36982727050781,20583.32116304338,888.2405395507812,234.45266723632812,1920,1080,812.0499267578125,196.2859344482422,913.7044677734375,220.03106689453125,101.654541015625,23.745132446289062,13.147780094933603,left,False,"{'safe_roi': (450, 80, 1500, 420), 'cylinder_roi': (800, 190, 1000, 300)}",ok_cylinder_inside_confirmed
2026-09-17 20:43:36,2026-09-17,15903093,27266,23,114.28417205810547,,30.389678955078125,0.7683169841766357,798.2496337890625,178.0988006591797,980.1763916015625,292.3970642089844,181.9267578125,114.29826354980469,20793.912511214614,889.2130126953125,235.2479248046875,1920,1080,805.6237182617188,192.0651092529297,916.2037353515625,220.9256591796875,110.58001708984375,28.860549926757812,14.627466121695957,left,False,"{'safe_roi': (450, 80, 1500, 420), 'cylinder_roi': (800, 190, 1000, 300)}",ok_cylinder_inside_confirmed
2026-09-17 20:43:52,2026-09-17,15903321,27266,23,107.00654602050781,,33.21075439453125,0.7668405771255493,796.715576171875,177.93719482421875,978.452880859375,293.3567199707031,181.7373046875,115.41952514648438,20976.0334084332,887.584228515625,235.64695739746094,1920,1080,809.068359375,197.07809448242188,913.4354858398438,220.69808959960938,104.36712646484375,23.6199951171875,12.75215447682784,left,False,"{'safe_roi': (450, 80, 1500, 420), 'cylinder_roi': (800, 190, 1000, 300)}",ok_cylinder_inside_confirmed
2026-09-17 20:43:59,2026-09-17,15903404,27266,23,112.0279312133789,,32.38337707519531,0.7713472247123718,793.4815673828125,179.2517852783203,975.03369140625,291.908447265625,181.5521240234375,112.65666198730469,20453.056269185618,884.2576293945312,235.58010864257812,1920,1080,805.1158447265625,196.8221435546875,914.1414794921875,222.5839080810547,109.025634765625,25.761764526367188,13.294622872577161,left,False,"{'safe_roi': (450, 80, 1500, 420), 'cylinder_roi': (800, 190, 1000, 300)}",ok_cylinder_inside_confirmed
2026-09-17 20:44:12,2026-09-17,15903595,27266,23,117.33275604248047,,33.869415283203125,0.7602319717407227,797.4810791015625,184.11297607421875,970.5216064453125,291.3985595703125,173.04052734375,107.28558349609375,18564.753944545984,884.0013427734375,237.75576782226562,1920,1080,802.9865112304688,198.76809692382812,917.8168334960938,222.87149047851562,114.830322265625,24.1033935546875,11.854534645606124,left,False,"{'safe_roi': (450, 80, 1500, 420), 'cylinder_roi': (800, 190, 1000, 300)}",ok_cylinder_inside_confirmed
2026-09-17 20:45:09,2026-09-17,15904338,27266,24,97.83191680908203,,37.58760070800781,0.7749165296554565,798.0238647460938,177.71084594726562,977.1852416992188,293.1727294921875,179.161376953125,115.46188354492188,20686.31004150957,887.6045532226562,235.44178771972656,1920,1080,815.250244140625,205.30426025390625,911.9066162109375,220.42478942871094,96.6563720703125,15.120529174804688,8.891057812766396,left,False,"{'safe_roi': (450, 80, 1500, 420), 'cylinder_roi': (800, 190, 1000, 300)}",ok_cylinder_inside_confirmed
2026-09-17 20:46:26,2026-09-17,15905391,27266,25,96.5682601928711,,38.1114501953125,0.7824922204017639,796.7826538085938,178.03118896484375,974.1052856445312,293.7016906738281,177.3226318359375,115.67050170898438,20510.997788820416,885.4439697265625,235.86643981933594,1920,1080,810.3936157226562,210.53744506835938,906.6624755859375,218.1358642578125,96.26885986328125,7.598419189453125,4.512951029664856,left,False,"{'safe_roi': (450, 80, 1500, 420), 'cylinder_roi': (800, 190, 1000, 300)}",ok_cylinder_inside_confirmed
2026-09-17 20:46:35,2026-09-17,15905513,27266,25,96.4259262084961,,34.74971008300781,0.7744494676589966,795.4773559570312,176.71221923828125,978.8894653320312,291.77880859375,183.412109375,115.06658935546875,21104.605872273445,887.1834106445312,234.24551391601562,1920,1080,811.0169067382812,208.83538818359375,907.123046875,216.68194580078125,96.10614013671875,7.8465576171875,4.667544417873409,left,False,"{'safe_roi': (450, 80, 1500, 420), 'cylinder_roi': (800, 190, 1000, 300)}",ok_cylinder_inside_confirmed
2026-09-17 20:46:47,2026-09-17,15905685,27266,25,92.83562469482422,,42.61912536621094,0.7804831862449646,797.3424072265625,178.31134033203125,978.6314697265625,292.6696472167969,181.2890625,114.35830688476562,20731.910244226456,887.9869384765625,235.49049377441406,1920,1080,809.8853759765625,216.06427001953125,902.681640625,218.76719665527344,92.7962646484375,2.7029266357421875,1.6684132120018142,left,False,"{'safe_roi': (450, 80, 1500, 420), 'cylinder_roi': (800, 190, 1000, 300)}",ok_cylinder_inside_confirmed
2026-09-17 20:50:01,2026-09-17,15908379,27267,26,110.45187377929688,,32.72755432128906,0.783251941204071,810.2836303710938,174.6327667236328,1003.0723266601562,292.9215087890625,192.7886962890625,118.28874206542969,22804.732368467376,906.677978515625,233.77713012695312,1920,1080,815.111572265625,195.0029296875,924.0027465820312,213.5050506591797,108.89117431640625,18.502120971679688,9.64324904356385,left,False,"{'safe_roi': (450, 80, 1500, 420), 'cylinder_roi': (800, 190, 1000, 300)}",ok_cylinder_inside_confirmed
2026-09-17 20:50:06,2026-09-17,15908449,27267,26,117.74423217773438,,34.24131774902344,0.7737400531768799,810.0872802734375,175.68263244628906,1007.318359375,292.8927307128906,197.2310791015625,117.21009826660156,23117.474162722006,908.7028198242188,234.28768920898438,1920,1080,808.642333984375,193.85989379882812,925.1009521484375,211.2119903564453,116.4586181640625,17.352096557617188,8.474608082155477,left,False,"{'safe_roi': (450, 80, 1500, 420), 'cylinder_roi': (800, 190, 1000, 300)}",ok_cylinder_inside_confirmed
2026-09-17 20:50:16,2026-09-17,15908590,27267,26,112.69078826904297,,34.91217041015625,0.7775713801383972,804.6132202148438,174.73687744140625,1005.6716918945312,294.30242919921875,201.0584716796875,119.5655517578125,24039.667101964355,905.1424560546875,234.5196533203125,1920,1080,813.5829467773438,191.61492919921875,924.3471069335938,212.36375427246094,110.76416015625,20.748825073242188,10.60993314373735,left,False,"{'safe_roi': (450, 80, 1500, 420), 'cylinder_roi': (800, 190, 1000, 300)}",ok_cylinder_inside_confirmed
2026-09-17 20:50:26,2026-09-17,15908721,27267,26,115.15646362304688,,31.697402954101562,0.7664418816566467,804.1373291015625,175.422119140625,1003.87841796875,295.0374755859375,199.7410888671875,119.6153564453125,23892.101541623473,904.0078735351562,235.22979736328125,1920,1080,812.0562744140625,191.37936401367188,925.21484375,212.7370147705078,113.1585693359375,21.357650756835938,10.688323744245922,left,False,"{'safe_roi': (450, 80, 1500, 420), 'cylinder_roi': (800, 190, 1000, 300)}",ok_cylinder_inside_confirmed
2026-09-17 20:50:49,2026-09-17,15909043,27267,27,118.1291275024414,,31.976760864257812,0.7468593716621399,805.4822998046875,175.5480194091797,1000.1641845703125,293.759521484375,194.681884765625,118.21150207519531,23013.638024974614,902.8232421875,234.65377807617188,1920,1080,812.6734619140625,190.43707275390625,928.1461181640625,215.34803771972656,115.47265625,24.910964965820312,12.173875259241301,left,False,"{'safe_roi': (450, 80, 1500, 420), 'cylinder_roi': (800, 190, 1000, 300)}",ok_cylinder_inside_confirmed
2026-09-17 20:50:58,2026-09-17,15909160,27267,27,118.12992095947266,,32.10069274902344,0.7669845223426819,807.3901977539062,177.88604736328125,997.5223999023438,294.5709228515625,190.1322021484375,116.68487548828125,22185.55233400315,902.456298828125,236.22848510742188,1920,1080,812.1619873046875,191.64039611816406,927.3724365234375,217.74078369140625,115.21044921875,26.100387573242188,12.764629253599876,left,False,"{'safe_roi': (450, 80, 1500, 420), 'cylinder_roi': (800, 190, 1000, 300)}",ok_cylinder_inside_confirmed
2026-09-17 20:51:03,2026-09-17,15909227,27267,27,116.8601303100586,,31.382553100585938,0.7584222555160522,804.96435546875,178.63482666015625,992.6700439453125,295.94451904296875,187.7056884765625,117.3096923828125,22019.69657368958,898.8171997070312,237.2896728515625,1920,1080,810.9141235351562,192.00535583496094,924.595703125,219.07540893554688,113.68157958984375,27.070053100585938,13.393933568209695,left,False,"{'safe_roi': (450, 80, 1500, 420), 'cylinder_roi': (800, 190, 1000, 300)}",ok_cylinder_inside_confirmed
2026-09-17 20:51:08,2026-09-17,15909297,27267,27,117.60314178466797,,30.638427734375,0.7426449060440063,805.0294189453125,176.40188598632812,995.0267333984375,293.0389404296875,189.997314453125,116.63705444335938,22160.72710996121,900.028076171875,234.7204132080078,1920,1080,811.1143188476562,191.40773010253906,925.6654663085938,218.02603149414062,114.5511474609375,26.618301391601562,13.081690446053809,left,False,"{'safe_roi': (450, 80, 1500, 420), 'cylinder_roi': (800, 190, 1000, 300)}",ok_cylinder_inside_confirmed
2026-09-17 20:51:13,2026-09-17,15909370,27267,27,114.31986999511719,,31.780914306640625,0.7616918087005615,804.128173828125,175.94776916503906,993.3170166015625,292.72100830078125,189.1888427734375,116.77323913574219,22092.193978996947,898.7225952148438,234.33438110351562,1920,1080,811.4683837890625,191.90652465820312,922.8165283203125,217.80291748046875,111.34814453125,25.896392822265625,13.092613341350187,left,False,"{'safe_roi': (450, 80, 1500, 420), 'cylinder_roi': (800, 190, 1000, 300)}",ok_cylinder_inside_confirmed
2026-09-17 20:51:18,2026-09-17,15909439,27267,27,114.6954116821289,,32.64460754394531,0.7701485753059387,804.8758544921875,176.79043579101562,993.2503662109375,291.505859375,188.37451171875,114.71542358398438,21609.461904242635,899.0631103515625,234.1481475830078,1920,1080,810.6377563476562,193.73526000976562,922.6202392578125,218.53367614746094,111.98248291015625,24.798416137695312,12.486586800911875,left,False,"{'safe_roi': (450, 80, 1500, 420), 'cylinder_roi': (800, 190, 1000, 300)}",ok_cylinder_inside_confirmed
2026-09-17 20:51:24,2026-09-17,15909510,27267,27,117.59190368652344,,31.750564575195312,0.7547553777694702,805.0126953125,176.9076690673828,993.6962890625,293.9527282714844,188.68359375,117.04505920410156,22084.482401311398,899.3544921875,235.43020629882812,1920,1080,811.2366333007812,191.71214294433594,926.0336303710938,217.19754028320312,114.7969970703125,25.485397338867188,12.516894616606685,left,False,"{'safe_roi': (450, 80, 1500, 420), 'cylinder_roi': (800, 190, 1000, 300)}",ok_cylinder_inside_confirmed
2026-09-17 20:51:29,2026-09-17,15909579,27267,27,112.91781616210938,,32.05010986328125,0.7444344758987427,803.9231567382812,176.37867736816406,993.9281616210938,292.146728515625,190.0050048828125,115.76805114746094,21996.509123547003,898.9256591796875,234.2626953125,1920,1080,812.5145263671875,191.72579956054688,922.7392578125,216.2399139404297,110.2247314453125,24.514114379882812,12.538580346991935,left,False,"{'safe_roi': (450, 80, 1500, 420), 'cylinder_roi': (800, 190, 1000, 300)}",ok_cylinder_inside_confirmed
2026-09-17 20:51:34,2026-09-17,15909649,27267,27,113.97692108154297,,32.26640319824219,0.7523546814918518,803.9720458984375,177.116943359375,993.3809814453125,292.8092956542969,189.408935546875,115.69235229492188,21913.165299095213,898.676513671875,234.96311950683594,1920,1080,811.904296875,192.54702758789062,923.2848510742188,216.73609924316406,111.38055419921875,24.189071655273438,12.252939036387705,left,False,"{'safe_roi': (450, 80, 1500, 420), 'cylinder_roi': (800, 190, 1000, 300)}",ok_cylinder_inside_confirmed
2026-09-17 20:51:39,2026-09-17,15909717,27267,27,111.39717102050781,,31.889862060546875,0.7694392800331116,804.9727783203125,177.84133911132812,990.5343017578125,293.45709228515625,185.5615234375,115.61575317382812,21453.835292309523,897.7535400390625,235.6492156982422,1920,1080,812.291259765625,193.02781677246094,921.0462646484375,217.14584350585938,108.7550048828125,24.118026733398438,12.503827665419687,left,False,"{'safe_roi': (450, 80, 1500, 420), 'cylinder_roi': (800, 190, 1000, 300)}",ok_cylinder_inside_confirmed
2026-09-17 20:51:44,2026-09-17,15909785,27267,27,113.82615661621094,,30.592376708984375,0.7437836527824402,805.4710693359375,176.1285400390625,989.7821044921875,292.9765319824219,184.31103515625,116.84799194335938,21536.374351009727,897.6265869140625,234.5525360107422,1920,1080,811.1768188476562,192.2244110107422,922.031982421875,218.06094360351562,110.85516357421875,25.836532592773438,13.119477127467663,left,False,"{'safe_roi': (450, 80, 1500, 420), 'cylinder_roi': (800, 190, 1000, 300)}",ok_cylinder_inside_confirmed
2026-09-17 20:51:51,2026-09-17,15909889,27267,27,115.88703918457031,,31.0965576171875,0.7588890790939331,804.5057373046875,177.0353546142578,995.417724609375,292.43115234375,190.9119873046875,115.39579772949219,22030.4410711471,899.9617309570312,234.73324584960938,1920,1080,812.8272094726562,192.54281616210938,925.6583251953125,218.98037719726562,112.83111572265625,26.43756103515625,13.18712961013418,left,False,"{'safe_roi': (450, 80, 1500, 420), 'cylinder_roi': (800, 190, 1000, 300)}",ok_cylinder_inside_confirmed
2026-09-17 20:51:56,2026-09-17,15909959,27267,27,115.01847076416016,,34.20082092285156,0.7643557786941528,810.109375,175.74693298339844,1001.7838134765625,292.5601806640625,191.6744384765625,116.81324768066406,22390.1136558149,905.9465942382812,234.153564453125,1920,1080,812.7838134765625,192.2467803955078,925.545166015625,214.92111206054688,112.7613525390625,22.674331665039062,11.36955576532809,left,False,"{'safe_roi': (450, 80, 1500, 420), 'cylinder_roi': (800, 190, 1000, 300)}",ok_cylinder_inside_confirmed
2026-09-17 20:52:01,2026-09-17,15910029,27267,27,116.0453872680664,,34.263397216796875,0.7579903602600098,807.8432006835938,175.12448120117188,1000.1177368164062,293.8323669433594,192.2745361328125,118.7078857421875,22824.50366638601,903.98046875,234.47842407226562,1920,1080,813.4473876953125,190.750244140625,927.453369140625,212.41055297851562,114.0059814453125,21.660308837890625,10.757565636368223,left,False,"{'safe_roi': (450, 80, 1500, 420), 'cylinder_roi': (800, 190, 1000, 300)}",ok_cylinder_inside_confirmed
2026-09-17 20:52:06,2026-09-17,15910098,27267,27,116.32463073730469,,34.38447570800781,0.6631638407707214,806.5891723632812,175.6675567626953,1001.8616333007812,294.6395568847656,195.2724609375,118.97200012207031,23231.95524649322,904.2254028320312,235.153564453125,1920,1080,812.1785278320312,192.28411865234375,926.678466796875,212.806884765625,114.49993896484375,20.52276611328125,10.161691528021914,left,False,"{'safe_roi': (450, 80, 1500, 420), 'cylinder_roi': (800, 190, 1000, 300)}",ok_cylinder_inside_confirmed
2026-09-17 20:52:11,2026-09-17,15910167,27267,27,117.83479309082031,,38.366363525390625,0.6882393956184387,807.6370849609375,176.48399353027344,994.262451171875,293.55572509765625,186.6253662109375,117.07173156738281,21848.55477671139,900.9497680664062,235.01986694335938,1920,1080,804.87939453125,192.75558471679688,920.7442626953125,214.21185302734375,115.8648681640625,21.456268310546875,10.491386765920133,left,False,"{'safe_roi': (450, 80, 1500, 420), 'cylinder_roi': (800, 190, 1000, 300)}",ok_cylinder_inside_confirmed
2026-09-17 20:52:22,2026-09-17,15910312,27267,27,114.61588287353516,,31.7081298828125,0.7423688173294067,805.7023315429688,176.4333953857422,995.5231323242188,292.9742431640625,189.82080078125,116.54084777832031,22121.87704900652,900.6127319335938,234.70382690429688,1920,1080,813.5364990234375,191.3762664794922,924.6761474609375,219.3901824951172,111.1396484375,28.013916015625,14.147303172976358,left,False,"{'safe_roi': (450, 80, 1500, 420), 'cylinder_roi': (800, 190, 1000, 300)}",ok_cylinder_inside_confirmed
2026-09-17 20:52:27,2026-09-17,15910382,27267,27,118.75167083740234,,37.89894104003906,0.7585265040397644,804.0989379882812,175.79440307617188,993.3623657226562,292.752197265625,189.263427734375,116.95779418945312,22135.833028547466,898.7306518554688,234.27330017089844,1920,1080,807.8098754882812,197.65005493164062,925.0970458984375,216.24249267578125,117.28717041015625,18.592437744140625,9.007612740466394,left,False,"{'safe_roi': (450, 80, 1500, 420), 'cylinder_roi': (800, 190, 1000, 300)}",ok_cylinder_inside_confirmed
2026-09-17 20:52:32,2026-09-17,15910449,27267,27,117.175048828125,,35.20115661621094,0.7680287957191467,810.6776123046875,177.71258544921875,996.4580078125,295.3633117675781,185.7803955078125,117.65072631835938,21857.19846720621,903.5678100585938,236.53794860839844,1920,1080,812.6236572265625,194.3030242919922,927.1201782226562,219.213623046875,114.49652099609375,24.910598754882812,12.274354273934598,left,False,"{'safe_roi': (450, 80, 1500, 420), 'cylinder_roi': (800, 190, 1000, 300)}",ok_cylinder_inside_confirmed
2026-09-17 20:52:37,2026-09-17,15910516,27267,27,114.62590789794922,,31.34112548828125,0.7532448768615723,807.7155151367188,176.8330841064453,993.3405151367188,292.80474853515625,185.625,115.97166442871094,21527.240209579468,900.5280151367188,234.81890869140625,1920,1080,811.6947631835938,193.2125701904297,923.4790649414062,218.5772705078125,111.7843017578125,25.364700317382812,12.784368197459855,left,False,"{'safe_roi': (450, 80, 1500, 420), 'cylinder_roi': (800, 190, 1000, 300)}",ok_cylinder_inside_confirmed
2026-09-17 20:52:42,2026-09-17,15910585,27267,27,114.46021270751953,,33.601959228515625,0.7737509608268738,806.984619140625,176.96786499023438,993.7518310546875,294.24310302734375,186.7672119140625,117.27523803710938,21903.16923474893,900.3682250976562,235.60548400878906,1920,1080,811.4140014648438,193.84197998046875,923.2491455078125,218.21493530273438,111.83514404296875,24.372955322265625,12.294595905238308,left,False,"{'safe_roi': (450, 80, 1500, 420), 'cylinder_roi': (800, 190, 1000, 300)}",ok_cylinder_inside_confirmed
2026-09-17 20:52:47,2026-09-17,15910654,27267,27,114.30236053466797,,32.44488525390625,0.7609174251556396,806.6693115234375,176.17791748046875,994.1463623046875,292.5594177246094,187.47705078125,116.38150024414062,21818.86043126881,900.4078369140625,234.36866760253906,1920,1080,811.1527709960938,194.7036895751953,922.7409057617188,219.46490478515625,111.588134765625,24.761215209960938,12.511119428637025,left,False,"{'safe_roi': (450, 80, 1500, 420), 'cylinder_roi': (800, 190, 1000, 300)}",ok_cylinder_inside_confirmed
2026-09-17 20:52:52,2026-09-17,15910722,27267,27,113.36238861083984,,32.15740966796875,0.7785211801528931,807.0609130859375,176.7415771484375,990.209228515625,293.20770263671875,183.1483154296875,116.46612548828125,21330.5746878013,898.6350708007812,234.97463989257812,1920,1080,810.5496826171875,194.2493438720703,921.2731323242188,218.5670166015625,110.72344970703125,24.317672729492188,12.386940229277556,left,False,"{'safe_roi': (450, 80, 1500, 420), 'cylinder_roi': (800, 190, 1000, 300)}",ok_cylinder_inside_confirmed
2026-09-17 20:52:57,2026-09-17,15910795,27267,27,113.16520690917969,,31.381851196289062,0.7587406635284424,806.4260864257812,177.13134765625,989.3030395507812,292.8376159667969,182.876953125,115.70626831054688,21160.009806096554,897.8645629882812,234.98448181152344,1920,1080,811.8111572265625,193.05987548828125,921.969970703125,218.97125244140625,110.1588134765625,25.911376953125,13.236407698579422,left,False,"{'safe_roi': (450, 80, 1500, 420), 'cylinder_roi': (800, 190, 1000, 300)}",ok_cylinder_inside_confirmed
2026-09-17 20:53:02,2026-09-17,15910865,27267,27,110.61053466796875,,34.44087219238281,0.7720471620559692,806.9789428710938,178.0545196533203,987.2324829101562,291.63226318359375,180.2535400390625,113.57774353027344,20472.790340980515,897.105712890625,234.8433837890625,1920,1080,811.5282592773438,194.81777954101562,919.62158203125,218.28102111816406,108.09332275390625,23.463241577148438,12.246902349549867,left,False,"{'safe_roi': (450, 80, 1500, 420), 'cylinder_roi': (800, 190, 1000, 300)}",ok_cylinder_inside_confirmed
2026-09-17 20:53:07,2026-09-17,15910933,27267,27,103.84652709960938,,33.43731689453125,0.7765999436378479,806.3262939453125,178.65994262695312,989.4849853515625,290.9493408203125,183.15869140625,112.28939819335938,20566.779231891036,897.9056396484375,234.8046417236328,1920,1080,816.7943115234375,197.47897338867188,918.5711669921875,218.10838317871094,101.77685546875,20.629409790039062,11.458193284435083,left,False,"{'safe_roi': (450, 80, 1500, 420), 'cylinder_roi': (800, 190, 1000, 300)}",ok_cylinder_inside_confirmed
2026-09-17 20:53:12,2026-09-17,15911005,27267,27,112.33610534667969,,33.436248779296875,0.771019697189331,804.673583984375,178.6690216064453,989.8009033203125,292.4006042480469,185.1273193359375,113.73158264160156,21054.82301827334,897.2372436523438,235.53482055664062,1920,1080,812.669677734375,194.1212158203125,922.4277954101562,218.04937744140625,109.75811767578125,23.92816162109375,12.298515894556461,left,False,"{'safe_roi': (450, 80, 1500, 420), 'cylinder_roi': (800, 190, 1000, 300)}",ok_cylinder_inside_confirmed
2026-09-17 20:53:17,2026-09-17,15911074,27267,27,111.49736785888672,,32.68782043457031,0.7728544473648071,807.3302001953125,177.2412109375,990.43701171875,290.6586608886719,183.1068115234375,113.41744995117188,20767.507631678134,898.8836059570312,233.94993591308594,1920,1080,811.6110229492188,193.9007110595703,920.3048095703125,218.7467041015625,108.69378662109375,24.845993041992188,12.875852662455456,left,False,"{'safe_roi': (450, 80, 1500, 420), 'cylinder_roi': (800, 190, 1000, 300)}",ok_cylinder_inside_confirmed
2026-09-17 20:53:22,2026-09-17,15911143,27267,27,113.44422149658203,,32.38151550292969,0.7726631760597229,805.7761840820312,177.2484130859375,993.4701538085938,291.24041748046875,187.6939697265625,113.99200439453125,21395.611821897328,899.6231689453125,234.24441528320312,1920,1080,811.68798828125,195.3321990966797,922.8571166992188,217.93788146972656,111.16912841796875,22.605682373046875,11.494094430403507,left,False,"{'safe_roi': (450, 80, 1500, 420), 'cylinder_roi': (800, 190, 1000, 300)}",ok_cylinder_inside_confirmed
2026-09-17 20:53:27,2026-09-17,15911214,27267,27,110.38209533691406,,30.991363525390625,0.7760612368583679,805.5828857421875,178.87010192871094,991.72509765625,289.4664306640625,186.1422119140625,110.59632873535156,20586.64526037313,898.6539916992188,234.16827392578125,1920,1080,813.814208984375,197.32266235351562,921.8709716796875,219.86024475097656,108.0567626953125,22.537582397460938,11.781377451588234,left,False,"{'safe_roi': (450, 80, 1500, 420), 'cylinder_roi': (800, 190, 1000, 300)}",ok_cylinder_inside_confirmed
2026-09-17 20:53:33,2026-09-17,15911286,27267,27,114.45170593261719,,33.28858947753906,0.7734616994857788,807.4239501953125,176.4025115966797,996.7664794921875,291.9608154296875,189.342529296875,115.55830383300781,21880.101528998464,902.09521484375,234.18167114257812,1920,1080,812.515380859375,198.00071716308594,925.1500854492188,218.3136749267578,112.63470458984375,20.312957763671875,10.223046328832634,left,False,"{'safe_roi': (450, 80, 1500, 420), 'cylinder_roi': (800, 190, 1000, 300)}",ok_cylinder_inside_confirmed
2026-09-17 20:53:38,2026-09-17,15911354,27267,27,113.66002655029297,,33.48124694824219,0.7729606628417969,806.9185791015625,176.16549682617188,992.864501953125,292.512451171875,185.9459228515625,116.34695434570312,21634.241796780378,899.8915405273438,234.33897399902344,1920,1080,811.474609375,198.2579345703125,923.5684204101562,217.06161499023438,112.09381103515625,18.803680419921875,9.522676396645624,left,False,"{'safe_roi': (450, 80, 1500, 420), 'cylinder_roi': (800, 190, 1000, 300)}",ok_cylinder_inside_confirmed
2026-09-17 20:53:43,2026-09-17,15911421,27267,27,114.51264190673828,,32.568115234375,0.7785161733627319,806.0219116210938,178.1026611328125,994.7210083007812,292.4572448730469,188.6990966796875,114.35458374023438,21578.606652963907,900.3714599609375,235.2799530029297,1920,1080,809.0438232421875,198.80767822265625,921.8985595703125,218.22296142578125,112.854736328125,19.415283203125,9.761486108029308,left,False,"{'safe_roi': (450, 80, 1500, 420), 'cylinder_roi': (800, 190, 1000, 300)}",ok_cylinder_inside_confirmed
2026-09-17 20:53:48,2026-09-17,15911492,27267,27,119.53973388671875,,32.826507568359375,0.7663952112197876,802.216796875,181.44927978515625,982.5753173828125,293.9841003417969,180.3585205078125,112.53482055664062,20296.613741207868,892.3960571289062,237.71669006347656,1920,1080,800.820068359375,204.26235961914062,918.8096923828125,223.4508056640625,117.9896240234375,19.188446044921875,9.23704522274674,left,False,"{'safe_roi': (450, 80, 1500, 420), 'cylinder_roi': (800, 190, 1000, 300)}",ok_cylinder_inside_confirmed
2026-09-17 20:53:53,2026-09-17,15911563,27267,27,117.40585327148438,,33.44413757324219,0.765150249004364,806.3104858398438,183.71795654296875,984.4721069335938,296.609619140625,178.16162109375,112.89166259765625,20112.9616163671,895.3912963867188,240.16378784179688,1920,1080,800.1458740234375,205.45016479492188,916.47021484375,221.34927368164062,116.3243408203125,15.89910888671875,7.782911332264035,left,False,"{'safe_roi': (450, 80, 1500, 420), 'cylinder_roi': (800, 190, 1000, 300)}",ok_cylinder_inside_confirmed
2026-09-17 20:53:58,2026-09-17,15911632,27267,27,118.68960571289062,,36.81109619140625,0.7710474729537964,807.6846313476562,176.27987670898438,994.7824096679688,294.0179748535156,187.0977783203125,117.73809814453125,22028.536586500704,901.2335205078125,235.14892578125,1920,1080,804.0985717773438,205.98350524902344,922.0986328125,218.7587890625,118.00006103515625,12.775283813476562,6.179063800536962,left,False,"{'safe_roi': (450, 80, 1500, 420), 'cylinder_roi': (800, 190, 1000, 300)}",ok_cylinder_inside_confirmed
2026-09-17 20:54:03,2026-09-17,15911702,27267,27,120.69172668457031,,32.723876953125,0.7708521485328674,807.2067260742188,175.9355010986328,999.7157592773438,294.4773254394531,192.509033203125,118.54182434082031,22820.37199798599,903.4612426757812,235.2064208984375,1920,1080,806.763916015625,202.2860565185547,926.2437133789062,219.34683227539062,119.47979736328125,17.060775756835938,8.126452327515764,left,False,"{'safe_roi': (450, 80, 1500, 420), 'cylinder_roi': (800, 190, 1000, 300)}",ok_cylinder_inside_confirmed
2026-09-17 20:54:09,2026-09-17,15911779,27267,27,113.9933090209961,,33.33631896972656,0.768423855304718,807.0518798828125,175.36325073242188,1000.1177978515625,293.9563903808594,193.06591796875,118.5931396484375,22896.293371021748,903.5848388671875,234.65982055664062,1920,1080,813.0009765625,197.41529846191406,925.3270874023438,216.84002685546875,112.32611083984375,19.424728393554688,9.811213399519968,left,False,"{'safe_roi': (450, 80, 1500, 420), 'cylinder_roi': (800, 190, 1000, 300)}",ok_cylinder_inside_confirmed
2026-09-17 20:54:14,2026-09-17,15911847,27267,27,111.94683074951172,,35.076416015625,0.7793436646461487,806.0833740234375,176.06488037109375,995.8450927734375,295.2893981933594,189.76171875,119.22451782226562,22624.249419093132,900.9642333984375,235.67713928222656,1920,1080,810.9926147460938,199.01333618164062,921.5836181640625,216.38351440429688,110.59100341796875,17.37017822265625,8.926338935602116,left,False,"{'safe_roi': (450, 80, 1500, 420), 'cylinder_roi': (800, 190, 1000, 300)}",ok_cylinder_inside_confirmed
2026-09-17 20:54:19,2026-09-17,15911917,27267,27,117.70763397216797,,34.26878356933594,0.7732058763504028,808.2548217773438,176.53866577148438,998.4259643554688,295.4797058105469,190.171142578125,118.9410400390625,22619.15348365903,903.3403930664062,236.00918579101562,1920,1080,808.8989868164062,201.4175262451172,925.2672729492188,219.12371826171875,116.3682861328125,17.706192016601562,8.651567102442241,left,False,"{'safe_roi': (450, 80, 1500, 420), 'cylinder_roi': (800, 190, 1000, 300)}",ok_cylinder_inside_confirmed
2026-09-17 20:54:45,2026-09-17,15912274,27267,28,118.4688949584961,,35.647369384765625,0.7733935117721558,803.9917602539062,173.9948272705078,996.6846313476562,293.6408386230469,192.69287109375,119.64601135253906,23054.93344243616,900.3381958007812,233.81784057617188,1920,1080,805.2930297851562,199.75918579101562,922.864501953125,214.3134765625,117.57147216796875,14.554290771484375,7.056801651745944,left,False,"{'safe_roi': (450, 80, 1500, 420), 'cylinder_roi': (800, 190, 1000, 300)}",ok_cylinder_inside_confirmed
2026-09-17 20:54:50,2026-09-17,15912342,27267,28,117.69749450683594,,35.06494140625,0.7762527465820312,804.4453125,176.49984741210938,995.784423828125,294.76763916015625,191.339111328125,118.26779174804688,22629.254171811044,900.1148681640625,235.6337432861328,1920,1080,804.885009765625,199.47019958496094,921.4342651367188,215.87054443359375,116.54925537109375,16.400344848632812,8.0098415192485,left,False,"{'safe_roi': (450, 80, 1500, 420), 'cylinder_roi': (800, 190, 1000, 300)}",ok_cylinder_inside_confirmed
2026-09-17 20:59:35,2026-09-17,15916292,27267,29,111.93071746826172,,38.20133972167969,0.7908188700675964,859.9058837890625,176.70156860351562,1043.3929443359375,295.48773193359375,183.487060546875,118.78616333007812,21795.723943077028,951.6494140625,236.0946502685547,1920,1080,860.9793701171875,195.80699157714844,972.2337646484375,208.0929412841797,111.25439453125,12.28594970703125,6.301704565298346,left,False,"{'safe_roi': (450, 80, 1500, 420), 'cylinder_roi': (800, 190, 1000, 300)}",ok_cylinder_inside_confirmed
2026-09-17 21:13:58,2026-09-17,15928286,27267,30,99.35635375976562,,34.65321350097656,0.7688774466514587,790.4524536132812,182.75961303710938,971.3318481445312,290.6856994628906,180.87939453125,107.92608642578125,19521.605166822672,880.8921508789062,236.72265625,1920,1080,813.8477172851562,211.17733764648438,912.8062744140625,220.05926513671875,98.95855712890625,8.881927490234375,5.1287834022068495,left,False,"{'safe_roi': (450, 80, 1500, 420), 'cylinder_roi': (800, 190, 1000, 300)}",ok_cylinder_inside_confirmed
2026-09-17 21:14:26,2026-09-17,15928663,27267,31,101.92887878417969,,36.68638610839844,0.7734853625297546,795.2553100585938,181.27691650390625,972.9544067382812,290.17913818359375,177.6990966796875,108.9022216796875,19351.82641889155,884.1048583984375,235.72802734375,1920,1080,811.965576171875,212.43875122070312,913.3218994140625,223.22727966308594,101.3563232421875,10.788528442382812,6.075777119287343,left,False,"{'safe_roi': (450, 80, 1500, 420), 'cylinder_roi': (800, 190, 1000, 300)}",ok_cylinder_inside_confirmed
2026-09-17 21:14:34,2026-09-17,15928773,27267,31,95.09043884277344,,38.7125244140625,0.7659739255905151,792.8688354492188,181.4188232421875,972.6527709960938,291.78656005859375,179.783935546875,110.36773681640625,19842.346082255244,882.7608032226562,236.60269165039062,1920,1080,817.8822021484375,212.65835571289062,912.4341430664062,222.763916015625,94.55194091796875,10.105560302734375,6.100522920863721,left,False,"{'safe_roi': (450, 80, 1500, 420), 'cylinder_roi': (800, 190, 1000, 300)}",ok_cylinder_inside_confirmed
2026-09-17 21:14:56,2026-09-17,15929067,27267,31,99.3362808227539,,35.72601318359375,0.7671701908111572,789.429931640625,183.68441772460938,970.051513671875,289.9566345214844,180.62158203125,106.272216796875,19195.055923819542,879.74072265625,236.82052612304688,1920,1080,813.2735595703125,213.72035217285156,912.1375122070312,223.3958740234375,98.86395263671875,9.675521850585938,5.589567829570634,left,False,"{'safe_roi': (450, 80, 1500, 420), 'cylinder_roi': (800, 190, 1000, 300)}",ok_cylinder_inside_confirmed
2026-09-17 21:15:01,2026-09-17,15929137,27267,31,99.52978515625,,33.72914123535156,0.7755104899406433,788.7987670898438,182.9376220703125,972.3803100585938,290.99371337890625,183.58154296875,108.05609130859375,19837.103969603777,880.5895385742188,236.96566772460938,1920,1080,811.220458984375,213.571533203125,910.4655151367188,221.0946044921875,99.24505615234375,7.5230712890625,4.334900762741015,left,False,"{'safe_roi': (450, 80, 1500, 420), 'cylinder_roi': (800, 190, 1000, 300)}",ok_cylinder_inside_confirmed
2026-09-17 21:15:52,2026-09-17,15929837,27267,32,89.48164367675781,,44.32452392578125,0.7923859357833862,787.322265625,178.21389770507812,965.1014404296875,291.6297302246094,177.7791748046875,113.41583251953125,20162.973115108907,876.2118530273438,234.92181396484375,1920,1080,806.646728515625,220.17495727539062,896.06689453125,216.85865783691406,89.420166015625,3.3162994384765625,2.123938334828243,left,False,"{'safe_roi': (450, 80, 1500, 420), 'cylinder_roi': (800, 190, 1000, 300)}",ok_cylinder_inside_confirmed
2026-09-17 21:16:00,2026-09-17,15929951,27267,32,90.06806182861328,,41.7081298828125,0.7940317392349243,788.6456298828125,179.35073852539062,966.2684326171875,292.3232421875,177.622802734375,112.97250366210938,20066.49273238331,877.45703125,235.8369903564453,1920,1080,805.948974609375,220.28884887695312,895.9459838867188,216.7119598388672,89.99700927734375,3.5768890380859375,2.275996052419686,left,False,"{'safe_roi': (450, 80, 1500, 420), 'cylinder_roi': (800, 190, 1000, 300)}",ok_cylinder_inside_confirmed
2026-09-17 21:16:18,2026-09-17,15930204,27267,32,94.97779083251953,,33.09515380859375,0.7847968339920044,787.513916015625,176.54641723632812,972.5194091796875,293.9837341308594,185.0054931640625,117.43731689453125,21726.548727937043,880.0166625976562,235.26507568359375,1920,1080,805.4027709960938,218.9569549560547,900.3792724609375,218.46144104003906,94.97650146484375,0.495513916015625,0.2989223444695685,left,False,"{'safe_roi': (450, 80, 1500, 420), 'cylinder_roi': (800, 190, 1000, 300)}",ok_cylinder_inside_confirmed
2026-09-17 21:16:25,2026-09-17,15930293,27267,32,93.72235107421875,,34.18666076660156,0.7782543897628784,788.7236938476562,179.45773315429688,964.9732055664062,291.0090637207031,176.24951171875,111.55133056640625,19660.867543905973,876.8484497070312,235.2333984375,1920,1080,807.0335693359375,217.57266235351562,900.7548828125,217.13198852539062,93.7213134765625,0.440673828125,0.2694004542754479,left,False,"{'safe_roi': (450, 80, 1500, 420), 'cylinder_roi': (800, 190, 1000, 300)}",ok_cylinder_inside_confirmed
2026-09-17 21:16:31,2026-09-17,15930379,27267,32,93.48416900634766,,36.3372802734375,0.7960386872291565,789.35302734375,178.1829833984375,967.213623046875,290.9481201171875,177.860595703125,112.76513671875,20056.47439134121,878.2833251953125,234.5655517578125,1920,1080,807.2904663085938,218.567626953125,900.7744140625,218.3638153076172,93.48394775390625,0.2038116455078125,0.12491479962094804,left,False,"{'safe_roi': (450, 80, 1500, 420), 'cylinder_roi': (800, 190, 1000, 300)}",ok_cylinder_inside_confirmed
2026-09-17 21:16:41,2026-09-17,15930516,27267,32,93.10118865966797,,33.7034912109375,0.7838066816329956,788.4780883789062,178.92294311523438,968.0851440429688,292.8124084472656,179.6070556640625,113.88946533203125,20455.351539440453,878.2816162109375,235.86767578125,1920,1080,808.2283325195312,217.78152465820312,901.3270874023438,217.1085968017578,93.0987548828125,0.6729278564453125,0.414132871081005,left,False,"{'safe_roi': (450, 80, 1500, 420), 'cylinder_roi': (800, 190, 1000, 300)}",ok_cylinder_inside_confirmed
2026-09-17 21:16:46,2026-09-17,15930588,27267,32,96.58220672607422,,32.634552001953125,0.7931991815567017,788.1138305664062,175.7710418701172,965.2788696289062,292.2856140136719,177.1650390625,116.51457214355469,20642.30872516334,876.6963500976562,234.0283203125,1920,1080,808.8078002929688,219.11175537109375,905.385498046875,220.04525756835938,96.57769775390625,0.933502197265625,0.5537931812263772,left,False,"{'safe_roi': (450, 80, 1500, 420), 'cylinder_roi': (800, 190, 1000, 300)}",ok_cylinder_inside_confirmed
2026-09-17 21:17:01,2026-09-17,15930796,27267,32,93.54436492919922,,32.90660095214844,0.7819126844406128,788.9644165039062,177.61843872070312,971.2609252929688,292.3258056640625,182.2965087890625,114.70736694335938,20910.75252616033,880.1126708984375,234.9721221923828,1920,1080,808.7225341796875,217.04568481445312,902.2620239257812,218.0005645751953,93.53948974609375,0.9548797607421875,0.5848725500419941,left,False,"{'safe_roi': (450, 80, 1500, 420), 'cylinder_roi': (800, 190, 1000, 300)}",ok_cylinder_inside_confirmed
2026-09-17 21:17:07,2026-09-17,15930885,27267,32,91.40580749511719,,38.51812744140625,0.7835041880607605,788.3521728515625,178.7064971923828,970.056640625,291.6554260253906,181.7044677734375,112.94892883300781,20523.324999181554,879.2044067382812,235.18096923828125,1920,1080,807.777587890625,218.5836181640625,899.172607421875,217.179443359375,91.39501953125,1.4041748046875,0.88021164699117,left,False,"{'safe_roi': (450, 80, 1500, 420), 'cylinder_roi': (800, 190, 1000, 300)}",ok_cylinder_inside_confirmed
2026-09-17 21:17:12,2026-09-17,15930956,27267,32,90.52616882324219,,40.04624938964844,0.7795238494873047,788.8666381835938,177.47598266601562,966.2130737304688,291.7973327636719,177.346435546875,114.32135009765625,20274.483946725726,877.5398559570312,234.63665771484375,1920,1080,808.1865234375,218.966796875,898.6965942382812,217.25982666015625,90.51007080078125,1.70697021484375,1.080438842692341,left,False,"{'safe_roi': (450, 80, 1500, 420), 'cylinder_roi': (800, 190, 1000, 300)}",ok_cylinder_inside_confirmed
2026-09-17 21:17:21,2026-09-17,15931081,27267,32,98.54063415527344,,33.16029357910156,0.7875670194625854,788.0184326171875,177.2161102294922,967.3392333984375,291.99468994140625,179.32080078125,114.77857971191406,20582.186826474965,877.6788330078125,234.60540771484375,1920,1080,807.0092163085938,218.54580688476562,905.548095703125,219.13429260253906,98.53887939453125,0.5884857177734375,0.34217303146525807,left,False,"{'safe_roi': (450, 80, 1500, 420), 'cylinder_roi': (800, 190, 1000, 300)}",ok_cylinder_inside_confirmed
2026-09-17 21:34:41,2026-09-17,15945444,27267,33,117.30763244628906,,32.48350524902344,0.787716805934906,830.2306518554688,173.01589965820312,1032.171875,292.2972412109375,201.94122314453125,119.28134155273438,24087.82001147978,931.2012939453125,232.6565704345703,1920,1080,831.0821533203125,210.2196502685547,948.198486328125,216.9163360595703,117.1163330078125,6.696685791015625,3.2725963794042383,left,False,"{'safe_roi': (450, 80, 1500, 420), 'cylinder_roi': (800, 190, 1000, 300)}",ok_cylinder_inside_confirmed
2026-09-17 21:34:46,2026-09-17,15945513,27267,33,116.85545349121094,,34.62480163574219,0.7828934192657471,832.6905517578125,172.74339294433594,1032.0823974609375,292.133544921875,199.391845703125,119.39015197753906,23805.422761578113,932.386474609375,232.4384765625,1920,1080,830.7918701171875,209.4856414794922,947.5843505859375,213.32144165039062,116.79248046875,3.8358001708984375,1.8810816467941769,left,False,"{'safe_roi': (450, 80, 1500, 420), 'cylinder_roi': (800, 190, 1000, 300)}",ok_cylinder_inside_confirmed
2026-09-17 21:34:52,2026-09-17,15945589,27267,33,115.66524505615234,,33.592681884765625,0.7812327146530151,828.1219482421875,172.10708618164062,1030.49169921875,291.81591796875,202.3697509765625,119.70883178710938,24225.446478452533,929.3068237304688,231.9615020751953,1920,1080,830.8673095703125,211.13229370117188,946.4783325195312,214.67340087890625,115.61102294921875,3.541107177734375,1.7543922567933061,left,False,"{'safe_roi': (450, 80, 1500, 420), 'cylinder_roi': (800, 190, 1000, 300)}",ok_cylinder_inside_confirmed
2026-09-17 21:34:57,2026-09-17,15945659,27267,33,116.09517669677734,,36.56358337402344,0.7703546285629272,828.0657958984375,173.6850128173828,1026.7027587890625,292.73687744140625,198.636962890625,119.05186462402344,23648.100815381855,927.38427734375,233.2109375,1920,1080,830.6836547851562,212.02557373046875,946.7557373046875,214.34112548828125,116.07208251953125,2.3155517578125,1.142856614829328,left,False,"{'safe_roi': (450, 80, 1500, 420), 'cylinder_roi': (800, 190, 1000, 300)}",ok_cylinder_inside_confirmed
2026-09-17 21:35:02,2026-09-17,15945727,27267,33,117.46034240722656,,35.77113342285156,0.7700777053833008,827.5396728515625,174.00372314453125,1027.9371337890625,292.6745910644531,200.3974609375,118.67086791992188,23781.340618401766,927.7384033203125,233.3391571044922,1920,1080,830.8263549804688,210.87876892089844,948.249267578125,213.84388732910156,117.42291259765625,2.965118408203125,1.4465036769269253,left,False,"{'safe_roi': (450, 80, 1500, 420), 'cylinder_roi': (800, 190, 1000, 300)}",ok_cylinder_inside_confirmed
2026-09-17 21:35:07,2026-09-17,15945799,27267,33,118.3392333984375,,35.16374206542969,0.7580153346061707,828.567138671875,174.67547607421875,1027.3084716796875,292.9041748046875,198.7413330078125,118.22869873046875,23496.92918547243,927.9378051757812,233.78982543945312,1920,1080,832.089111328125,209.6649169921875,950.3070678710938,215.02108764648438,118.21795654296875,5.356170654296875,2.5941595550453407,left,False,"{'safe_roi': (450, 80, 1500, 420), 'cylinder_roi': (800, 190, 1000, 300)}",ok_cylinder_inside_confirmed
2026-09-17 21:35:12,2026-09-17,15945867,27267,33,116.67312622070312,,35.17686462402344,0.7714385986328125,827.4840698242188,174.09182739257812,1029.047119140625,291.609130859375,201.56304931640625,117.51730346679688,23687.146034209058,928.265625,232.85047912597656,1920,1080,831.2678833007812,208.76217651367188,947.8636474609375,213.01034545898438,116.59576416015625,4.2481689453125,2.0866498227359944,left,False,"{'safe_roi': (450, 80, 1500, 420), 'cylinder_roi': (800, 190, 1000, 300)}",ok_cylinder_inside_confirmed
2026-09-17 21:35:17,2026-09-17,15945937,27267,33,115.30341339111328,,35.04583740234375,0.7270827293395996,830.3475952148438,173.62583923339844,1031.91064453125,292.2561950683594,201.56304931640625,118.63035583496094,23911.496263585053,931.129150390625,232.94100952148438,1920,1080,832.8365478515625,209.60061645507812,948.056884765625,213.976806640625,115.2203369140625,4.376190185546875,2.175108761608016,left,False,"{'safe_roi': (450, 80, 1500, 420), 'cylinder_roi': (800, 190, 1000, 300)}",ok_cylinder_inside_confirmed
2026-09-17 21:35:22,2026-09-17,15946009,27267,33,118.43792724609375,,33.84532165527344,0.7708936929702759,829.4005737304688,174.1819305419922,1025.8165283203125,293.027099609375,196.41595458984375,118.84516906738281,23343.087330761366,927.6085205078125,233.60452270507812,1920,1080,830.4244995117188,210.90859985351562,948.8417358398438,213.12229919433594,118.417236328125,2.2136993408203125,1.070966198597477,left,False,"{'safe_roi': (450, 80, 1500, 420), 'cylinder_roi': (800, 190, 1000, 300)}",ok_cylinder_inside_confirmed
2026-09-17 21:35:59,2026-09-17,15946523,27267,34,122.9547348022461,,38.84326171875,0.7652484774589539,830.213623046875,174.0846710205078,1030.480224609375,292.4076232910156,200.2666015625,118.32295227050781,23696.135538056493,930.346923828125,233.24615478515625,1920,1080,826.9359741210938,206.94500732421875,949.8753662109375,208.88751220703125,122.93939208984375,1.9425048828125,0.9052271118820828,left,False,"{'safe_roi': (450, 80, 1500, 420), 'cylinder_roi': (800, 190, 1000, 300)}",ok_cylinder_inside_confirmed
2026-09-17 21:36:05,2026-09-17,15946595,27267,34,119.93670654296875,,33.83245849609375,0.7527110576629639,831.3310546875,173.91342163085938,1027.0621337890625,292.4781799316406,195.7310791015625,118.56475830078125,23206.808085627854,929.1965942382812,233.19580078125,1920,1080,830.4881591796875,207.7887420654297,950.2980346679688,213.3031005859375,119.80987548828125,5.5143585205078125,2.6352306184570975,left,False,"{'safe_roi': (450, 80, 1500, 420), 'cylinder_roi': (800, 190, 1000, 300)}",ok_cylinder_inside_confirmed
2026-09-17 21:36:10,2026-09-17,15946662,27267,34,119.4881820678711,,31.468124389648438,0.7707691788673401,834.2689208984375,173.82432556152344,1028.58447265625,292.50592041015625,194.3155517578125,118.68159484863281,23061.679586509243,931.4266967773438,233.16513061523438,1920,1080,832.0523681640625,210.81898498535156,951.3751220703125,217.1043701171875,119.32275390625,6.2853851318359375,3.0152967544490017,left,False,"{'safe_roi': (450, 80, 1500, 420), 'cylinder_roi': (800, 190, 1000, 300)}",ok_cylinder_inside_confirmed
2026-09-17 21:36:16,2026-09-17,15946760,27267,34,125.57372283935547,,31.762298583984375,0.7820676565170288,824.6795654296875,174.5973358154297,1035.9793701171875,292.4710998535156,211.2998046875,117.87376403808594,24906.70331902802,930.3294677734375,233.53421020507812,1920,1080,827.5279541015625,225.99896240234375,953.0478515625,222.32260131835938,125.5198974609375,3.676361083984375,1.6776604892666158,left,False,"{'safe_roi': (450, 80, 1500, 420), 'cylinder_roi': (800, 190, 1000, 300)}",ok_cylinder_inside_confirmed
2026-09-17 21:36:22,2026-09-17,15946827,27267,34,128.18524169921875,,33.59991455078125,0.7698246240615845,832.6821899414062,180.05361938476562,1025.9395751953125,290.91265869140625,193.25738525390625,110.85903930664062,21424.328068161383,929.3109130859375,235.48313903808594,1920,1080,826.3240966796875,232.18096923828125,954.4146118164062,227.25399780273438,128.09051513671875,4.926971435546875,2.2027826985780465,left,False,"{'safe_roi': (450, 80, 1500, 420), 'cylinder_roi': (800, 190, 1000, 300)}",ok_cylinder_inside_confirmed
2026-09-17 21:36:27,2026-09-17,15946896,27267,34,125.03431701660156,,34.50559997558594,0.7745329141616821,832.8410034179688,175.89141845703125,1028.2911376953125,293.13092041015625,195.45013427734375,117.239501953125,22914.476399347186,930.5660400390625,234.51116943359375,1920,1080,827.9840698242188,232.7732696533203,952.9413452148438,228.38473510742188,124.957275390625,4.3885345458984375,2.0114171288199922,left,False,"{'safe_roi': (450, 80, 1500, 420), 'cylinder_roi': (800, 190, 1000, 300)}",ok_cylinder_inside_confirmed
2026-09-17 21:36:32,2026-09-17,15946966,27267,34,125.40971374511719,,32.68022155761719,0.7750861644744873,835.5903930664062,176.24600219726562,1025.5908203125,293.6789245605469,190.00042724609375,117.43292236328125,22312.305421780795,930.590576171875,234.96246337890625,1920,1080,826.3878784179688,229.3611602783203,951.7916259765625,228.13800048828125,125.40374755859375,1.2231597900390625,0.5588323530285175,left,False,"{'safe_roi': (450, 80, 1500, 420), 'cylinder_roi': (800, 190, 1000, 300)}",ok_cylinder_inside_confirmed
2026-09-17 21:36:37,2026-09-17,15947038,27267,34,125.56587219238281,,32.46018981933594,0.7769038081169128,834.4241943359375,177.37782287597656,1027.6744384765625,293.9083251953125,193.250244140625,116.53050231933594,22519.548023041338,931.04931640625,235.64306640625,1920,1080,826.605224609375,229.22366333007812,952.1511840820312,226.98764038085938,125.54595947265625,2.23602294921875,1.0203525033882697,left,False,"{'safe_roi': (450, 80, 1500, 420), 'cylinder_roi': (800, 190, 1000, 300)}",ok_cylinder_inside_confirmed
2026-09-17 21:36:42,2026-09-17,15947110,27267,34,125.5180892944336,,32.617431640625,0.7759169936180115,835.0932006835938,177.64845275878906,1025.2276611328125,292.71533203125,190.13446044921875,115.06687927246094,21878.179006044753,930.160400390625,235.181884765625,1920,1080,826.5364990234375,230.61244201660156,952.0238037109375,227.83253479003906,125.4873046875,2.7799072265625,1.269059882099462,left,False,"{'safe_roi': (450, 80, 1500, 420), 'cylinder_roi': (800, 190, 1000, 300)}",ok_cylinder_inside_confirmed
2026-09-17 21:36:47,2026-09-17,15947181,27267,34,121.88690948486328,,36.819793701171875,0.7718778848648071,829.4840087890625,177.39654541015625,1024.0908203125,294.4552001953125,194.6068115234375,117.05865478515625,22780.411568962038,926.7874145507812,235.92587280273438,1920,1080,827.3150024414062,233.0611572265625,949.1185302734375,228.55343627929688,121.80352783203125,4.507720947265625,2.119442485227555,left,False,"{'safe_roi': (450, 80, 1500, 420), 'cylinder_roi': (800, 190, 1000, 300)}",ok_cylinder_inside_confirmed
2026-09-17 21:36:52,2026-09-17,15947251,27267,34,123.93775939941406,,37.620452880859375,0.7621443271636963,828.7529907226562,176.681640625,1024.1805419921875,293.5480041503906,195.42755126953125,116.86636352539062,22838.907249541953,926.466796875,235.1148223876953,1920,1080,827.4609375,232.70449829101562,951.2913818359375,227.54803466796875,123.8304443359375,5.156463623046875,2.3844945033937592,left,False,"{'safe_roi': (450, 80, 1500, 420), 'cylinder_roi': (800, 190, 1000, 300)}",ok_cylinder_inside_confirmed
2026-09-17 21:36:59,2026-09-17,15947345,27267,34,124.13725280761719,,41.31297302246094,0.7541703581809998,831.0465698242188,175.955322265625,1027.15234375,295.3435974121094,196.10577392578125,119.38827514648438,23412.730095265433,929.0994873046875,235.6494598388672,1920,1080,826.7454833984375,231.61798095703125,950.759033203125,226.0775604248047,124.0135498046875,5.5404205322265625,2.5580411782724153,left,False,"{'safe_roi': (450, 80, 1500, 420), 'cylinder_roi': (800, 190, 1000, 300)}",ok_cylinder_inside_confirmed
2026-09-17 21:37:04,2026-09-17,15947412,27267,34,127.0309066772461,,34.86442565917969,0.7781724333763123,828.7030029296875,175.43832397460938,1032.807373046875,294.7955017089844,204.1043701171875,119.357177734375,24361.321580439806,930.7551879882812,235.11691284179688,1920,1080,824.1196899414062,224.07508850097656,951.1497802734375,224.53076171875,127.03009033203125,0.4556732177734375,0.2055264242201957,left,False,"{'safe_roi': (450, 80, 1500, 420), 'cylinder_roi': (800, 190, 1000, 300)}",ok_cylinder_inside_confirmed
2026-09-17 21:37:09,2026-09-17,15947487,27267,34,112.41537475585938,,31.070693969726562,0.778852105140686,829.057861328125,178.04263305664062,1033.78857421875,293.8315124511719,204.730712890625,115.78887939453125,23705.539823248982,931.4232177734375,235.93707275390625,1920,1080,831.3736572265625,226.40948486328125,943.4871215820312,218.17613220214844,112.11346435546875,8.233352661132812,4.200129357557082,left,False,"{'safe_roi': (450, 80, 1500, 420), 'cylinder_roi': (800, 190, 1000, 300)}",ok_cylinder_inside_confirmed
2026-09-17 21:37:14,2026-09-17,15947557,27267,34,126.34392547607422,,32.83576965332031,0.781180202960968,828.2675170898438,177.3678741455078,1030.66064453125,295.63714599609375,202.39312744140625,118.26927185058594,23936.88781005796,929.464111328125,236.50250244140625,1920,1080,823.1983642578125,223.6201934814453,949.5042724609375,220.52099609375,126.305908203125,3.0991973876953125,1.405597794559739,left,False,"{'safe_roi': (450, 80, 1500, 420), 'cylinder_roi': (800, 190, 1000, 300)}",ok_cylinder_inside_confirmed
2026-09-17 21:37:19,2026-09-17,15947625,27267,34,119.53974151611328,,33.95831298828125,0.7834006547927856,830.3267211914062,175.0848846435547,1032.1290283203125,294.48907470703125,201.80230712890625,119.40419006347656,24096.041035667993,931.2279052734375,234.7869873046875,1920,1080,826.0608520507812,226.10018920898438,945.3729248046875,218.7260284423828,119.31207275390625,7.3741607666015625,3.5367044091625273,left,False,"{'safe_roi': (450, 80, 1500, 420), 'cylinder_roi': (800, 190, 1000, 300)}",ok_cylinder_inside_confirmed
2026-09-17 21:37:49,2026-09-17,15948045,27267,35,126.35810089111328,,36.235565185546875,0.7758098840713501,829.0790405273438,175.14146423339844,1032.816650390625,294.9739685058594,203.73760986328125,119.83250427246094,24414.38800440263,930.9478759765625,235.05770874023438,1920,1080,822.7886962890625,224.64068603515625,949.1264038085938,222.37060546875,126.33770751953125,2.27008056640625,1.0294000349757384,left,False,"{'safe_roi': (450, 80, 1500, 420), 'cylinder_roi': (800, 190, 1000, 300)}",ok_cylinder_inside_confirmed
2026-09-17 21:37:55,2026-09-17,15948117,27267,35,124.43583679199219,,37.35997009277344,0.7665980458259583,828.5142822265625,175.4724884033203,1033.2427978515625,294.8087158203125,204.728515625,119.33622741699219,24431.52869936824,930.8785400390625,235.14059448242188,1920,1080,824.3792724609375,223.34478759765625,948.8133544921875,222.6845703125,124.43408203125,0.66021728515625,0.30399476113237506,left,False,"{'safe_roi': (450, 80, 1500, 420), 'cylinder_roi': (800, 190, 1000, 300)}",ok_cylinder_inside_confirmed
2026-09-17 21:38:00,2026-09-17,15948183,27267,35,113.2363052368164,,36.72418212890625,0.7692331671714783,826.334716796875,175.76541137695312,1031.8924560546875,294.9798278808594,205.5577392578125,119.21441650390625,24505.44594348222,929.1135864257812,235.37261962890625,1920,1080,830.574951171875,228.5862579345703,943.6729736328125,222.9917449951172,113.0980224609375,5.594512939453125,2.8318878822507747,left,False,"{'safe_roi': (450, 80, 1500, 420), 'cylinder_roi': (800, 190, 1000, 300)}",ok_cylinder_inside_confirmed
2026-09-17 21:38:05,2026-09-17,15948253,27267,35,103.99553680419922,,30.9857177734375,0.7820132374763489,823.9354248046875,176.29220581054688,1028.0006103515625,295.67193603515625,204.065185546875,119.37973022460938,24361.246798820794,925.968017578125,235.98207092285156,1920,1080,832.9915771484375,226.47586059570312,936.3013916015625,214.5530548095703,103.309814453125,11.922805786132812,6.583281511712794,left,False,"{'safe_roi': (450, 80, 1500, 420), 'cylinder_roi': (800, 190, 1000, 300)}",ok_cylinder_inside_confirmed
2026-09-17 21:38:45,2026-09-17,15948792,27267,36,102.80432891845703,,30.73974609375,0.777855396270752,826.311767578125,175.33551025390625,1031.0413818359375,294.6214294433594,204.7296142578125,119.28591918945312,24421.360222045332,928.6765747070312,234.9784698486328,1920,1080,834.3406982421875,223.71881103515625,936.5726318359375,212.8854217529297,102.23193359375,10.833389282226562,6.048986907289445,left,False,"{'safe_roi': (450, 80, 1500, 420), 'cylinder_roi': (800, 190, 1000, 300)}",ok_cylinder_inside_confirmed
2026-09-17 21:38:50,2026-09-17,15948864,27267,36,116.47364044189453,,38.18022155761719,0.779836118221283,825.4324951171875,175.47564697265625,1029.374267578125,295.1880798339844,203.9417724609375,119.71243286132812,24414.365743350238,927.4033813476562,235.3318634033203,1920,1080,826.5953369140625,231.19320678710938,942.5476684570312,220.18563842773438,115.95233154296875,11.007568359375,5.422942208391845,left,False,"{'safe_roi': (450, 80, 1500, 420), 'cylinder_roi': (800, 190, 1000, 300)}",ok_cylinder_inside_confirmed
2026-09-17 21:38:56,2026-09-17,15948957,27267,36,109.28936767578125,,31.473724365234375,0.7782861590385437,824.994140625,176.38851928710938,1025.3543701171875,295.61114501953125,200.3602294921875,119.22262573242188,23887.472652409226,925.1742553710938,235.9998321533203,1920,1080,830.7155151367188,231.15907287597656,939.396484375,219.64332580566406,108.68096923828125,11.5157470703125,6.048445549719967,left,False,"{'safe_roi': (450, 80, 1500, 420), 'cylinder_roi': (800, 190, 1000, 300)}",ok_cylinder_inside_confirmed
2026-09-17 21:39:05,2026-09-17,15949072,27267,36,112.8188705444336,,35.82978820800781,0.7782022953033447,826.5,174.41860961914062,1028.1134033203125,293.7365417480469,201.6134033203125,119.31793212890625,24056.09437365085,927.3067016601562,234.07757568359375,1920,1080,829.076416015625,230.84848022460938,941.3345947265625,219.6146240234375,112.2581787109375,11.233856201171875,5.714655194587629,left,False,"{'safe_roi': (450, 80, 1500, 420), 'cylinder_roi': (800, 190, 1000, 300)}",ok_cylinder_inside_confirmed
2026-09-17 22:04:32,2026-09-17,15970412,27273,37,114.00712585449219,,30.674331665039062,0.7456158399581909,790.0752563476562,184.30047607421875,975.3395385742188,287.1335754394531,185.2642822265625,102.83309936523438,19051.300343032926,882.7073974609375,235.71702575683594,1920,1080,800.2167358398438,225.70028686523438,914.1942749023438,223.10308837890625,113.9775390625,2.597198486328125,1.3053691550042459,left,False,"{'safe_roi': (450, 80, 1500, 420), 'cylinder_roi': (800, 190, 1000, 300)}",ok_cylinder_inside_confirmed
2026-09-17 22:04:37,2026-09-17,15970483,27273,37,101.06375885009766,,29.283050537109375,0.7375831007957458,790.0709838867188,185.2518310546875,976.7008666992188,286.0867919921875,186.6298828125,100.8349609375,18818.81694316864,883.3859252929688,235.6693115234375,1920,1080,812.705810546875,227.70196533203125,913.2613525390625,217.57937622070312,100.5555419921875,10.122589111328125,5.748408438727482,left,False,"{'safe_roi': (450, 80, 1500, 420), 'cylinder_roi': (800, 190, 1000, 300)}",ok_cylinder_inside_confirmed
2026-09-17 22:04:43,2026-09-17,15970555,27273,37,105.51409912109375,,30.885879516601562,0.74221271276474,791.5516967773438,184.5225372314453,974.9429321289062,287.82659912109375,183.3912353515625,103.30406188964844,18945.059526776895,883.247314453125,236.174560546875,1920,1080,807.5328979492188,225.2716827392578,912.8857421875,219.4404296875,105.35284423828125,5.8312530517578125,3.1680741866972864,left,False,"{'safe_roi': (450, 80, 1500, 420), 'cylinder_roi': (800, 190, 1000, 300)}",ok_cylinder_inside_confirmed
2026-09-17 22:04:48,2026-09-17,15970624,27273,37,96.40434265136719,,29.3489990234375,0.740055501461029,791.764892578125,185.58506774902344,975.413330078125,287.8744201660156,183.6484375,102.28935241699219,18785.279744267464,883.589111328125,236.729736328125,1920,1080,815.5562133789062,225.8506317138672,911.4601440429688,216.04080200195312,95.9039306640625,9.809829711914062,5.840363312106918,left,False,"{'safe_roi': (450, 80, 1500, 420), 'cylinder_roi': (800, 190, 1000, 300)}",ok_cylinder_inside_confirmed
2026-09-17 22:05:02,2026-09-17,15970823,27273,37,93.55049896240234,,28.736282348632812,0.746654212474823,793.34375,183.38278198242188,974.3916015625,286.9203186035156,181.0478515625,103.53753662109375,18745.24856132269,883.86767578125,235.15155029296875,1920,1080,817.18408203125,228.52381896972656,910.0195922851562,216.97979736328125,92.83551025390625,11.544021606445312,7.0882990888174735,left,False,"{'safe_roi': (450, 80, 1500, 420), 'cylinder_roi': (800, 190, 1000, 300)}",ok_cylinder_inside_confirmed
2026-09-17 22:05:07,2026-09-17,15970893,27273,37,92.44926452636719,,29.166046142578125,0.7312889099121094,794.9290161132812,182.7028350830078,975.1521606445312,286.488525390625,180.22314453125,103.78569030761719,18704.583464585245,885.0405883789062,234.59567260742188,1920,1080,820.1098022460938,228.47669982910156,911.887939453125,217.3573455810547,91.77813720703125,11.119354248046875,6.907985706411778,left,False,"{'safe_roi': (450, 80, 1500, 420), 'cylinder_roi': (800, 190, 1000, 300)}",ok_cylinder_inside_confirmed
2026-09-17 22:05:12,2026-09-17,15970964,27273,37,93.5386734008789,,29.026824951171875,0.7255240678787231,789.1737060546875,183.4713134765625,971.0438232421875,287.203125,181.8701171875,103.7318115234375,18865.71671783924,880.1087646484375,235.33721923828125,1920,1080,820.1112060546875,227.69601440429688,912.962890625,216.38018798828125,92.8516845703125,11.315826416015625,6.948366984915794,left,False,"{'safe_roi': (450, 80, 1500, 420), 'cylinder_roi': (800, 190, 1000, 300)}",ok_cylinder_inside_confirmed
2026-09-17 22:05:17,2026-09-17,15971035,27273,37,108.622314453125,,36.43296813964844,0.7069143056869507,790.4813842773438,183.7285614013672,973.8567504882812,287.9783630371094,183.3753662109375,104.24980163574219,19116.845552371815,882.1690673828125,235.85345458984375,1920,1080,803.7672119140625,232.20803833007812,912.1283569335938,224.68014526367188,108.36114501953125,7.52789306640625,3.9739764588454136,left,False,"{'safe_roi': (450, 80, 1500, 420), 'cylinder_roi': (800, 190, 1000, 300)}",ok_cylinder_inside_confirmed
2026-09-17 22:05:22,2026-09-17,15971105,27273,37,101.20356750488281,,29.582489013671875,0.7234129309654236,791.8954467773438,177.58425903320312,974.8446655273438,284.54022216796875,182.94921875,106.95596313476562,19567.509896159172,883.3700561523438,231.06224060058594,1920,1080,809.954833984375,229.3553924560547,910.6116943359375,218.85018920898438,100.6568603515625,10.505203247070312,5.958188979063688,left,False,"{'safe_roi': (450, 80, 1500, 420), 'cylinder_roi': (800, 190, 1000, 300)}",ok_cylinder_inside_confirmed
2026-09-17 22:05:31,2026-09-17,15971227,27273,37,94.96492767333984,,30.405258178710938,0.7328156232833862,791.7274780273438,179.5736083984375,973.8756713867188,284.87109375,182.148193359375,105.2974853515625,19179.746722072363,882.8015747070312,232.22235107421875,1920,1080,815.6563720703125,234.0343017578125,909.48876953125,219.41175842285156,93.8323974609375,14.622543334960938,8.857548954038615,left,False,"{'safe_roi': (450, 80, 1500, 420), 'cylinder_roi': (800, 190, 1000, 300)}",ok_cylinder_inside_confirmed
2026-09-17 22:05:41,2026-09-17,15971359,27273,37,95.88880157470703,,29.781036376953125,0.7237690091133118,791.8145751953125,183.8143768310547,975.203857421875,286.3070068359375,183.3892822265625,102.49263000488281,18796.049850108102,883.5092163085938,235.06069946289062,1920,1080,814.6732177734375,232.0042266845703,909.5924072265625,218.40237426757812,94.919189453125,13.601852416992188,8.154927294750278,left,False,"{'safe_roi': (450, 80, 1500, 420), 'cylinder_roi': (800, 190, 1000, 300)}",ok_cylinder_inside_confirmed
2026-09-17 22:05:46,2026-09-17,15971427,27273,37,96.14671325683594,,31.276260375976562,0.7028865218162537,792.976318359375,182.90032958984375,974.5648193359375,285.34893798828125,181.5885009765625,102.4486083984375,18603.489226207137,883.7705688476562,234.1246337890625,1920,1080,816.3727416992188,234.70303344726562,911.3191528320312,219.55810546875,94.9464111328125,15.144927978515625,9.062915940994051,left,False,"{'safe_roi': (450, 80, 1500, 420), 'cylinder_roi': (800, 190, 1000, 300)}",ok_cylinder_inside_confirmed
2026-09-17 22:05:51,2026-09-17,15971495,27273,37,100.02108764648438,,28.7117919921875,0.7357171177864075,794.478271484375,184.9863739013672,974.183349609375,285.5339050292969,179.705078125,100.54753112792969,18068.901936620474,884.330810546875,235.2601318359375,1920,1080,811.3614501953125,232.54075622558594,910.6353759765625,220.33807373046875,99.27392578125,12.202682495117188,7.00760578490044,left,False,"{'safe_roi': (450, 80, 1500, 420), 'cylinder_roi': (800, 190, 1000, 300)}",ok_cylinder_inside_confirmed
2026-09-17 22:06:08,2026-09-17,15971731,27273,37,95.62911224365234,,31.962554931640625,0.7217899560928345,792.369873046875,187.19107055664062,973.84375,286.4085998535156,181.473876953125,99.217529296875,18005.38970321417,883.1068115234375,236.79983520507812,1920,1080,815.6705322265625,234.58160400390625,910.0343627929688,219.07691955566406,94.36383056640625,15.504684448242188,9.33075468397498,left,False,"{'safe_roi': (450, 80, 1500, 420), 'cylinder_roi': (800, 190, 1000, 300)}",ok_cylinder_inside_confirmed
2026-09-17 22:09:59,2026-09-17,15974891,27273,38,116.974365234375,,33.38014221191406,0.7649334073066711,817.3465576171875,172.63900756835938,1011.249755859375,292.1321105957031,193.9031982421875,119.49310302734375,23170.09484488517,914.2981567382812,232.38555908203125,1920,1080,820.1477661132812,191.3679962158203,935.790283203125,208.9694061279297,115.64251708984375,17.601409912109375,8.654302281348233,left,False,"{'safe_roi': (450, 80, 1500, 420), 'cylinder_roi': (800, 190, 1000, 300)}",ok_cylinder_inside_confirmed
2026-09-17 22:10:04,2026-09-17,15974958,27273,38,115.64640808105469,,33.26890563964844,0.772031843662262,815.5086059570312,174.60699462890625,1012.2285766601562,292.246826171875,196.719970703125,117.63983154296875,23142.104214653373,913.8685913085938,233.42691040039062,1920,1080,820.3070678710938,191.23739624023438,934.5828247070312,208.98965454101562,114.2757568359375,17.75225830078125,8.830079739548518,left,False,"{'safe_roi': (450, 80, 1500, 420), 'cylinder_roi': (800, 190, 1000, 300)}",ok_cylinder_inside_confirmed
2026-09-17 22:10:12,2026-09-17,15975066,27273,38,116.14059448242188,,31.917312622070312,0.7537845969200134,814.919189453125,173.31263732910156,1007.4249267578125,292.04083251953125,192.5057373046875,118.72819519042969,22855.85875398852,911.1720581054688,232.67672729492188,1920,1080,821.5797119140625,192.10968017578125,936.6851196289062,207.5816650390625,115.10540771484375,15.47198486328125,7.655571851764027,left,False,"{'safe_roi': (450, 80, 1500, 420), 'cylinder_roi': (800, 190, 1000, 300)}",ok_cylinder_inside_confirmed
2026-09-17 22:10:17,2026-09-17,15975138,27273,38,116.7348403930664,,31.380172729492188,0.7642475962638855,816.23828125,173.12449645996094,1006.888427734375,292.91851806640625,190.650146484375,119.79402160644531,22838.747767221183,911.5633544921875,233.02151489257812,1920,1080,821.0077514648438,192.4936065673828,936.2445068359375,211.1353302001953,115.23675537109375,18.6417236328125,9.189070485583127,left,False,"{'safe_roi': (450, 80, 1500, 420), 'cylinder_roi': (800, 190, 1000, 300)}",ok_cylinder_inside_confirmed
2026-09-17 22:10:22,2026-09-17,15975210,27273,38,117.49443054199219,,29.551528930664062,0.7701147794723511,814.5670166015625,174.14524841308594,1012.029541015625,292.1529846191406,197.4625244140625,118.00773620605469,23302.10549163632,913.2982788085938,233.14910888671875,1920,1080,819.9063720703125,194.53733825683594,936.2041015625,211.26393127441406,116.2977294921875,16.726593017578125,8.18447481035312,left,False,"{'safe_roi': (450, 80, 1500, 420), 'cylinder_roi': (800, 190, 1000, 300)}",ok_cylinder_inside_confirmed
2026-09-17 22:10:35,2026-09-17,15975390,27273,38,115.81526947021484,,31.46142578125,0.7687588930130005,816.5381469726562,174.361083984375,1010.2852172851562,293.04339599609375,193.7470703125,118.68231201171875,22994.350250184536,913.4116821289062,233.70223999023438,1920,1080,821.0330810546875,192.05050659179688,935.843505859375,207.27362060546875,114.8104248046875,15.223114013671875,7.55298943203324,left,False,"{'safe_roi': (450, 80, 1500, 420), 'cylinder_roi': (800, 190, 1000, 300)}",ok_cylinder_inside_confirmed
2026-09-17 22:10:40,2026-09-17,15975457,27273,38,118.26203155517578,,30.98785400390625,0.7748391032218933,816.0656127929688,173.72769165039062,1013.1873168945312,292.857421875,197.1217041015625,119.12973022460938,23483.055431034416,914.62646484375,233.2925567626953,1920,1080,821.0670166015625,193.72869873046875,938.1068725585938,210.68687438964844,117.03985595703125,16.958175659179688,8.244344282830662,left,False,"{'safe_roi': (450, 80, 1500, 420), 'cylinder_roi': (800, 190, 1000, 300)}",ok_cylinder_inside_confirmed
2026-09-17 22:10:45,2026-09-17,15975525,27273,38,119.04864501953125,,29.313583374023438,0.773733913898468,816.3878173828125,174.78366088867188,1011.433349609375,293.34906005859375,195.0455322265625,118.56539916992188,23125.651384752244,913.9105834960938,234.0663604736328,1920,1080,819.1121826171875,193.6202850341797,936.79541015625,211.59909057617188,117.6832275390625,17.978805541992188,8.68608033261034,left,False,"{'safe_roi': (450, 80, 1500, 420), 'cylinder_roi': (800, 190, 1000, 300)}",ok_cylinder_inside_confirmed
2026-09-17 22:10:50,2026-09-17,15975593,27273,38,119.36500549316406,,32.50859069824219,0.7743563055992126,816.4955444335938,175.19552612304688,1011.0617065429688,292.77630615234375,194.566162109375,117.58078002929688,22877.24110812694,913.7786254882812,233.9859161376953,1920,1080,819.9251708984375,194.1429901123047,937.822509765625,212.80369567871094,117.8973388671875,18.66070556640625,8.994121947122347,left,False,"{'safe_roi': (450, 80, 1500, 420), 'cylinder_roi': (800, 190, 1000, 300)}",ok_cylinder_inside_confirmed
2026-09-17 22:10:55,2026-09-17,15975663,27273,38,115.4248275756836,,30.421463012695312,0.7652744054794312,815.7476806640625,174.19810485839844,1009.2796630859375,293.3861083984375,193.531982421875,119.18800354003906,23066.690606009215,912.513671875,233.7921142578125,1920,1080,821.098876953125,193.39112854003906,935.2017822265625,210.80999755859375,114.1029052734375,17.418869018554688,8.67972071048235,left,False,"{'safe_roi': (450, 80, 1500, 420), 'cylinder_roi': (800, 190, 1000, 300)}",ok_cylinder_inside_confirmed
2026-09-17 22:11:00,2026-09-17,15975734,27273,38,119.9614486694336,,30.491973876953125,0.7691852450370789,815.0780029296875,174.97914123535156,1008.8592529296875,292.81085205078125,193.78125,117.83171081542969,22833.576211452484,911.9686279296875,233.89498901367188,1920,1080,818.5894775390625,193.7952423095703,936.943359375,213.36837768554688,118.3538818359375,19.573135375976562,9.390470962056632,left,False,"{'safe_roi': (450, 80, 1500, 420), 'cylinder_roi': (800, 190, 1000, 300)}",ok_cylinder_inside_confirmed
2026-09-17 22:11:05,2026-09-17,15975803,27273,38,118.86744689941406,,33.43780517578125,0.7713689208030701,818.0867919921875,175.21719360351562,1010.28369140625,293.6753234863281,192.1968994140625,118.4581298828125,22767.285273864865,914.1852416992188,234.44625854492188,1920,1080,820.51953125,193.2674560546875,938.0368041992188,211.13253784179688,117.51727294921875,17.865081787109375,8.643973105822592,left,False,"{'safe_roi': (450, 80, 1500, 420), 'cylinder_roi': (800, 190, 1000, 300)}",ok_cylinder_inside_confirmed
2026-09-17 22:11:10,2026-09-17,15975873,27273,38,116.7120590209961,,29.09027099609375,0.771694540977478,817.32568359375,174.23568725585938,1009.5518798828125,292.1895751953125,192.2261962890625,117.95388793945312,22673.8272161074,913.4387817382812,233.21263122558594,1920,1080,821.4267578125,193.42933654785156,936.49951171875,212.9220733642578,115.07275390625,19.49273681640625,9.614345686185962,left,False,"{'safe_roi': (450, 80, 1500, 420), 'cylinder_roi': (800, 190, 1000, 300)}",ok_cylinder_inside_confirmed
2026-09-17 22:11:15,2026-09-17,15975942,27273,38,116.82662200927734,,31.109634399414062,0.7717704176902771,816.8974609375,173.25094604492188,1011.1544189453125,292.486083984375,194.2569580078125,119.23513793945312,23162.255183760077,914.0259399414062,232.86851501464844,1920,1080,821.0218505859375,193.10240173339844,936.711181640625,209.36398315429688,115.6893310546875,16.261581420898438,8.001217197746604,left,False,"{'safe_roi': (450, 80, 1500, 420), 'cylinder_roi': (800, 190, 1000, 300)}",ok_cylinder_inside_confirmed
2026-09-17 22:11:20,2026-09-17,15976017,27273,38,117.5687255859375,,33.262908935546875,0.7731650471687317,817.4234008789062,174.89828491210938,1006.7477416992188,292.71728515625,189.3243408203125,117.81900024414062,22306.00455733016,912.0855712890625,233.8077850341797,1920,1080,820.0247192382812,193.4429931640625,936.0120239257812,212.66148376464844,115.9873046875,19.218490600585938,9.408133520026096,left,False,"{'safe_roi': (450, 80, 1500, 420), 'cylinder_roi': (800, 190, 1000, 300)}",ok_cylinder_inside_confirmed
2026-09-17 22:11:25,2026-09-17,15976087,27273,38,115.15003967285156,,35.25726318359375,0.7738214135169983,817.9472045898438,174.76393127441406,1010.5327758789062,293.25634765625,192.5855712890625,118.49241638183594,22819.929702317342,914.239990234375,234.0101318359375,1920,1080,821.8989868164062,191.96107482910156,935.552734375,210.46397399902344,113.65374755859375,18.502899169921875,9.246665888573261,left,False,"{'safe_roi': (450, 80, 1500, 420), 'cylinder_roi': (800, 190, 1000, 300)}",ok_cylinder_inside_confirmed
2026-09-17 22:11:35,2026-09-17,15976227,27273,38,108.88220977783203,,30.661727905273438,0.7550370693206787,816.1517944335938,173.67910766601562,1010.0734252929688,293.3136291503906,193.921630859375,119.634521484375,23199.721513330936,913.1126098632812,233.49636840820312,1920,1080,825.0634765625,198.4553680419922,933.2265625,210.94863891601562,108.1630859375,12.493270874023438,6.588695865079935,left,False,"{'safe_roi': (450, 80, 1500, 420), 'cylinder_roi': (800, 190, 1000, 300)}",ok_cylinder_inside_confirmed
2026-09-17 22:11:40,2026-09-17,15976299,27273,38,119.49232482910156,,27.107528686523438,0.7623168230056763,816.098388671875,174.9637451171875,1010.8343505859375,293.9312438964844,194.7359619140625,118.96749877929688,23167.250311296433,913.4663696289062,234.44749450683594,1920,1080,818.1597900390625,194.50633239746094,936.075439453125,213.85354614257812,117.9156494140625,19.347213745117188,9.31787981410449,left,False,"{'safe_roi': (450, 80, 1500, 420), 'cylinder_roi': (800, 190, 1000, 300)}",ok_cylinder_inside_confirmed
2026-09-17 22:11:45,2026-09-17,15976371,27273,38,121.12798309326172,,27.468505859375,0.7727176547050476,816.4830322265625,177.66305541992188,1006.580078125,293.86431884765625,190.0970458984375,116.20126342773438,22089.51690727845,911.5315551757812,235.76368713378906,1920,1080,815.6903686523438,198.42616271972656,934.98486328125,219.42169189453125,119.29449462890625,20.995529174804688,9.981688654475963,left,False,"{'safe_roi': (450, 80, 1500, 420), 'cylinder_roi': (800, 190, 1000, 300)}",ok_cylinder_inside_confirmed
2026-09-17 22:11:51,2026-09-17,15976440,27273,38,116.82718658447266,,26.94024658203125,0.7711724638938904,816.6463012695312,178.09683227539062,1003.7018432617188,293.08087158203125,187.0555419921875,114.98403930664062,21508.401792954654,910.174072265625,235.58885192871094,1920,1080,816.7755737304688,196.13690185546875,931.6364135742188,217.481201171875,114.86083984375,21.34429931640625,10.527052981907856,left,False,"{'safe_roi': (450, 80, 1500, 420), 'cylinder_roi': (800, 190, 1000, 300)}",ok_cylinder_inside_confirmed
2026-09-17 22:11:56,2026-09-17,15976509,27273,38,119.68744659423828,,24.2227783203125,0.7680612802505493,816.2156982421875,177.57664489746094,1007.752197265625,293.9684753417969,191.5364990234375,116.39183044433594,22293.283718237653,911.9839477539062,235.77255249023438,1920,1080,817.20166015625,193.8832550048828,934.212646484375,219.05296325683594,117.010986328125,25.169708251953125,12.139658396129255,left,False,"{'safe_roi': (450, 80, 1500, 420), 'cylinder_roi': (800, 190, 1000, 300)}",ok_cylinder_inside_confirmed
2026-09-17 22:12:01,2026-09-17,15976578,27273,38,123.04019165039062,,25.198654174804688,0.7684497237205505,817.2374877929688,175.88165283203125,1007.2571411132812,293.42535400390625,190.0196533203125,117.543701171875,22335.613346666098,912.247314453125,234.65350341796875,1920,1080,816.9005737304688,195.3236846923828,937.7340087890625,218.52215576171875,120.83343505859375,23.198471069335938,10.867817206452113,left,False,"{'safe_roi': (450, 80, 1500, 420), 'cylinder_roi': (800, 190, 1000, 300)}",ok_cylinder_inside_confirmed
2026-09-17 22:12:06,2026-09-17,15976647,27273,38,121.797119140625,,21.877151489257812,0.7389920353889465,817.4733276367188,177.2593994140625,1008.6074829101562,293.3207702636719,191.1341552734375,116.06137084960938,22183.29207721725,913.0404052734375,235.2900848388672,1920,1080,816.375732421875,193.15274047851562,935.459716796875,218.7172393798828,119.083984375,25.564498901367188,12.116147072055304,left,False,"{'safe_roi': (450, 80, 1500, 420), 'cylinder_roi': (800, 190, 1000, 300)}",ok_cylinder_inside_confirmed
2026-09-17 22:12:11,2026-09-17,15976719,27273,38,125.41272735595703,,21.213653564453125,0.7478257417678833,817.3826904296875,176.92095947265625,1005.5670166015625,294.4182434082031,188.184326171875,117.49728393554688,22111.14720443636,911.474853515625,235.6696014404297,1920,1080,815.6264038085938,193.33438110351562,938.546630859375,218.21347045898438,122.92022705078125,24.87908935546875,11.44210812385937,left,False,"{'safe_roi': (450, 80, 1500, 420), 'cylinder_roi': (800, 190, 1000, 300)}",ok_cylinder_inside_confirmed
2026-09-17 22:12:16,2026-09-17,15976791,27273,38,120.89360046386719,,21.5570068359375,0.7446439862251282,818.5884399414062,176.3455047607422,1009.2799682617188,293.7335205078125,190.6915283203125,117.38801574707031,22384.90012929775,913.9342041015625,235.03952026367188,1920,1080,815.44091796875,196.10520935058594,934.282470703125,218.28512573242188,118.841552734375,22.179916381835938,10.571734347709725,left,False,"{'safe_roi': (450, 80, 1500, 420), 'cylinder_roi': (800, 190, 1000, 300)}",ok_cylinder_inside_confirmed
2026-09-17 22:12:21,2026-09-17,15976857,27273,38,125.38331604003906,,19.217254638671875,0.7152596712112427,819.2862548828125,176.7373809814453,1005.619384765625,294.24951171875,186.3331298828125,117.51213073730469,21896.403119480237,912.4528198242188,235.49343872070312,1920,1080,814.937744140625,192.4568328857422,937.109619140625,220.65274047851562,122.171875,28.195907592773438,12.995684521587748,left,False,"{'safe_roi': (450, 80, 1500, 420), 'cylinder_roi': (800, 190, 1000, 300)}",ok_cylinder_inside_confirmed
2026-09-17 22:12:26,2026-09-17,15976928,27273,38,123.57695007324219,,21.363861083984375,0.7225759029388428,817.7090454101562,175.91224670410156,1005.2632446289062,294.3128356933594,187.55419921875,118.40058898925781,22206.527654908597,911.4861450195312,235.112548828125,1920,1080,815.0579223632812,196.6940155029297,936.53955078125,219.3540496826172,121.48162841796875,22.6600341796875,10.565986564302646,left,False,"{'safe_roi': (450, 80, 1500, 420), 'cylinder_roi': (800, 190, 1000, 300)}",ok_cylinder_inside_confirmed
2026-09-17 22:12:31,2026-09-17,15976998,27273,38,125.1827163696289,,24.456634521484375,0.7681326270103455,817.6525268554688,178.03334045410156,1006.8533325195312,294.83941650390625,189.2008056640625,116.80607604980469,22099.803695080802,912.2529296875,236.43637084960938,1920,1080,813.2543334960938,202.52639770507812,936.9737548828125,221.6108856201172,123.71942138671875,19.084487915039062,8.769111597028635,left,False,"{'safe_roi': (450, 80, 1500, 420), 'cylinder_roi': (800, 190, 1000, 300)}",ok_cylinder_inside_confirmed
2026-09-17 22:12:36,2026-09-17,15977067,27273,38,111.55784606933594,,29.9715576171875,0.7596843242645264,816.5426025390625,178.22708129882812,1004.55224609375,295.58984375,188.0096435546875,117.36276245117188,22065.331135038286,910.5474243164062,236.90846252441406,1920,1080,818.468994140625,207.32583618164062,929.3201904296875,219.86236572265625,110.8511962890625,12.536529541015625,6.452354237659146,left,False,"{'safe_roi': (450, 80, 1500, 420), 'cylinder_roi': (800, 190, 1000, 300)}",ok_cylinder_inside_confirmed
2026-09-17 22:12:41,2026-09-17,15977137,27273,38,122.67313385009766,,30.651657104492188,0.7624480724334717,815.95556640625,179.88929748535156,1007.2850341796875,296.80877685546875,191.3294677734375,116.91947937011719,22370.141760231927,911.6203002929688,238.34902954101562,1920,1080,811.495361328125,207.1553955078125,933.4993286132812,219.95108032226562,122.00396728515625,12.795684814453125,5.987249948425861,left,False,"{'safe_roi': (450, 80, 1500, 420), 'cylinder_roi': (800, 190, 1000, 300)}",ok_cylinder_inside_confirmed
2026-09-17 22:12:46,2026-09-17,15977205,27273,38,122.01990509033203,,27.328231811523438,0.7633488774299622,813.7232055664062,177.61312866210938,1005.5881958007812,295.46270751953125,191.864990234375,117.84957885742188,22611.208296604455,909.6557006835938,236.5379180908203,1920,1080,813.75537109375,201.69969177246094,934.396728515625,219.98956298828125,120.641357421875,18.289871215820312,8.620698273569324,left,False,"{'safe_roi': (450, 80, 1500, 420), 'cylinder_roi': (800, 190, 1000, 300)}",ok_cylinder_inside_confirmed
2026-09-17 22:12:51,2026-09-17,15977278,27273,38,95.59765625,,41.26708984375,0.7710247039794922,816.4256591796875,180.12640380859375,1007.5023193359375,298.240478515625,191.07666015625,118.11407470703125,22568.842912465334,911.9639892578125,239.18344116210938,1920,1080,826.6687622070312,214.708251953125,922.2274169921875,217.43869018554688,95.55865478515625,2.730438232421875,1.6366914411715014,left,False,"{'safe_roi': (450, 80, 1500, 420), 'cylinder_roi': (800, 190, 1000, 300)}",ok_cylinder_inside_confirmed
2026-09-17 22:12:56,2026-09-17,15977348,27273,38,126.51787567138672,,30.486282348632812,0.7631580829620361,816.5386352539062,177.92794799804688,1005.0221557617188,295.6603088378906,188.4835205078125,117.73236083984375,22190.60984878987,910.7803955078125,236.79412841796875,1920,1080,814.7020263671875,203.52218627929688,939.8936767578125,221.79302978515625,125.191650390625,18.270843505859375,8.303296776987251,left,False,"{'safe_roi': (450, 80, 1500, 420), 'cylinder_roi': (800, 190, 1000, 300)}",ok_cylinder_inside_confirmed
2026-09-17 22:13:02,2026-09-17,15977417,27273,38,122.09257507324219,,28.615219116210938,0.7633025646209717,816.2150268554688,177.4283447265625,1005.1137084960938,296.9210510253906,188.898681640625,119.49270629882812,22572.01468551904,910.6643676757812,237.17469787597656,1920,1080,814.2271118164062,200.95718383789062,934.459716796875,222.18728637695312,120.23260498046875,21.2301025390625,10.013795385472777,left,False,"{'safe_roi': (450, 80, 1500, 420), 'cylinder_roi': (800, 190, 1000, 300)}",ok_cylinder_inside_confirmed
2026-09-17 22:13:07,2026-09-17,15977484,27273,38,122.31793975830078,,30.276168823242188,0.7637466192245483,815.8751220703125,177.84036254882812,1005.4569091796875,296.88427734375,189.581787109375,119.04391479492188,22568.558111317456,910.666015625,237.36231994628906,1920,1080,814.0922241210938,203.18551635742188,935.036865234375,221.46316528320312,120.94464111328125,18.27764892578125,8.59374361868459,left,False,"{'safe_roi': (450, 80, 1500, 420), 'cylinder_roi': (800, 190, 1000, 300)}",ok_cylinder_inside_confirmed
2026-09-17 22:13:12,2026-09-17,15977554,27273,38,102.45452117919922,,32.41218566894531,0.7558706998825073,814.7411499023438,178.47561645507812,1004.0557250976562,294.3301086425781,189.3145751953125,115.8544921875,21932.943972945213,909.3984375,236.40286254882812,1920,1080,822.0126953125,210.4675750732422,924.0999755859375,219.134521484375,102.0872802734375,8.666946411132812,4.852627460542244,left,False,"{'safe_roi': (450, 80, 1500, 420), 'cylinder_roi': (800, 190, 1000, 300)}",ok_cylinder_inside_confirmed
2026-09-17 22:13:17,2026-09-17,15977625,27273,38,119.47532653808594,,30.13525390625,0.7602357864379883,814.6248168945312,178.87969970703125,1007.6494750976562,295.49267578125,193.024658203125,116.61297607421875,22509.179848775268,911.1371459960938,237.18618774414062,1920,1080,811.66796875,207.77049255371094,930.472900390625,220.40939331054688,118.804931640625,12.638900756835938,6.072493718469357,left,False,"{'safe_roi': (450, 80, 1500, 420), 'cylinder_roi': (800, 190, 1000, 300)}",ok_cylinder_inside_confirmed
2026-09-17 22:13:22,2026-09-17,15977695,27273,38,108.61261749267578,,33.04856872558594,0.7618052363395691,813.488037109375,178.83181762695312,1000.2943115234375,296.12506103515625,186.8062744140625,117.29324340820312,21911.11381502822,906.8911743164062,237.4784393310547,1920,1080,818.9544677734375,210.06784057617188,927.1583862304688,219.4812774658203,108.20391845703125,9.413436889648438,4.972053372264136,left,False,"{'safe_roi': (450, 80, 1500, 420), 'cylinder_roi': (800, 190, 1000, 300)}",ok_cylinder_inside_confirmed
2026-09-17 22:13:27,2026-09-17,15977765,27273,38,119.88130187988281,,31.2684326171875,0.7592294216156006,813.0277709960938,178.05694580078125,1004.5134887695312,295.6753234863281,191.4857177734375,117.61837768554688,22522.239474464208,908.7706298828125,236.8661346435547,1920,1080,814.087158203125,207.9978485107422,933.0296630859375,222.9713897705078,118.9425048828125,14.973541259765625,7.1751576014535114,left,False,"{'safe_roi': (450, 80, 1500, 420), 'cylinder_roi': (800, 190, 1000, 300)}",ok_cylinder_inside_confirmed
2026-09-17 22:13:32,2026-09-17,15977832,27273,38,101.5080337524414,,33.60594177246094,0.7568606734275818,813.3358764648438,177.99072265625,1001.9686889648438,297.6585388183594,188.6328125,119.66781616210938,22573.276728391647,907.6522827148438,237.8246307373047,1920,1080,822.855712890625,212.264892578125,924.2080688476562,217.88458251953125,101.35235595703125,5.61968994140625,3.173632748151324,left,False,"{'safe_roi': (450, 80, 1500, 420), 'cylinder_roi': (800, 190, 1000, 300)}",ok_cylinder_inside_confirmed
2026-09-17 22:13:37,2026-09-17,15977901,27273,38,119.97941589355469,,32.423004150390625,0.7611017823219299,813.6277465820312,178.40052795410156,1004.4976196289062,295.8126220703125,190.869873046875,117.41209411621094,22410.43149812892,909.0626831054688,237.1065673828125,1920,1080,814.2210693359375,205.47360229492188,933.279052734375,220.31466674804688,119.0579833984375,14.841064453125,7.105501187181759,left,False,"{'safe_roi': (450, 80, 1500, 420), 'cylinder_roi': (800, 190, 1000, 300)}",ok_cylinder_inside_confirmed
2026-09-17 22:13:42,2026-09-17,15977973,27273,38,123.38168334960938,,29.729171752929688,0.7597365379333496,816.4365844726562,178.7622833251953,1008.3684692382812,296.01837158203125,191.931884765625,117.25608825683594,22505.18201937899,912.4025268554688,237.39031982421875,1920,1080,813.5823974609375,203.5779571533203,935.655517578125,221.49981689453125,122.0731201171875,17.921859741210938,8.352070998562915,left,False,"{'safe_roi': (450, 80, 1500, 420), 'cylinder_roi': (800, 190, 1000, 300)}",ok_cylinder_inside_confirmed
2026-09-17 22:13:47,2026-09-17,15978043,27273,38,120.09801483154297,,29.126861572265625,0.7592386603355408,815.9611206054688,179.46170043945312,1006.1370239257812,295.4405212402344,190.1759033203125,115.97882080078125,22056.377011813223,911.049072265625,237.45111083984375,1920,1080,813.6590576171875,205.0396270751953,932.5418090820312,222.08148193359375,118.88275146484375,17.041854858398438,8.157780176975495,left,False,"{'safe_roi': (450, 80, 1500, 420), 'cylinder_roi': (800, 190, 1000, 300)}",ok_cylinder_inside_confirmed
2026-09-17 22:13:52,2026-09-17,15978111,27273,38,107.62993621826172,,34.73016357421875,0.7616420388221741,812.9207153320312,181.03712463378906,1000.2937622070312,296.4412841796875,187.373046875,115.40415954589844,21623.628996163607,906.6072387695312,238.73919677734375,1920,1080,819.58984375,209.0084991455078,926.4329833984375,221.998779296875,106.8431396484375,12.990280151367188,6.93215280860286,left,False,"{'safe_roi': (450, 80, 1500, 420), 'cylinder_roi': (800, 190, 1000, 300)}",ok_cylinder_inside_confirmed
2026-09-17 22:13:57,2026-09-17,15978182,27273,38,118.55817413330078,,29.74267578125,0.759914219379425,813.7013549804688,180.07321166992188,994.3798217773438,296.7085876464844,180.678466796875,116.6353759765625,21073.50090572238,904.0405883789062,238.39089965820312,1920,1080,815.5116577148438,204.34405517578125,932.6139526367188,222.86685180664062,117.102294921875,18.522796630859375,8.988360604045747,left,False,"{'safe_roi': (450, 80, 1500, 420), 'cylinder_roi': (800, 190, 1000, 300)}",ok_cylinder_inside_confirmed
2026-09-17 22:14:02,2026-09-17,15978252,27273,38,99.49329376220703,,40.303436279296875,0.753075122833252,812.7262573242188,180.32998657226562,999.6286010742188,297.6292419433594,186.90234375,117.29925537109375,21923.505748987198,906.1774291992188,238.9796142578125,1920,1080,824.5130004882812,214.34799194335938,923.8199462890625,220.43447875976562,99.30694580078125,6.08648681640625,3.5072504405189404,left,False,"{'safe_roi': (450, 80, 1500, 420), 'cylinder_roi': (800, 190, 1000, 300)}",ok_cylinder_inside_confirmed
2026-09-17 22:14:09,2026-09-17,15978352,27273,38,98.2166976928711,,34.067474365234375,0.7756554484367371,814.8093872070312,178.20701599121094,1003.9962768554688,295.5093994140625,189.1868896484375,117.30238342285156,22192.073068117723,909.40283203125,236.85821533203125,1920,1080,825.338134765625,213.00343322753906,923.4022827148438,218.47540283203125,98.06414794921875,5.4719696044921875,3.193786733484053,left,False,"{'safe_roi': (450, 80, 1500, 420), 'cylinder_roi': (800, 190, 1000, 300)}",ok_cylinder_inside_confirmed
2026-09-17 22:14:14,2026-09-17,15978420,27273,38,117.1542739868164,,32.99626159667969,0.7609918713569641,816.369384765625,179.37570190429688,1006.5863037109375,298.5893859863281,190.2169189453125,119.21368408203125,22676.45968220383,911.4778442382812,238.9825439453125,1920,1080,812.0675659179688,209.15591430664062,928.8023071289062,219.06170654296875,116.7347412109375,9.905792236328125,4.850344037224064,left,False,"{'safe_roi': (450, 80, 1500, 420), 'cylinder_roi': (800, 190, 1000, 300)}",ok_cylinder_inside_confirmed
2026-09-17 22:14:20,2026-09-17,15978492,27273,38,108.26864624023438,,31.174774169921875,0.7511700987815857,814.2398071289062,177.99583435058594,1003.5245971679688,294.68365478515625,189.2847900390625,116.68782043457031,22087.22959107347,908.8822021484375,236.33975219726562,1920,1080,817.024658203125,209.43072509765625,924.7426147460938,220.33677673339844,107.71795654296875,10.906051635742188,5.781288835401203,left,False,"{'safe_roi': (450, 80, 1500, 420), 'cylinder_roi': (800, 190, 1000, 300)}",ok_cylinder_inside_confirmed
2026-09-17 22:14:25,2026-09-17,15978563,27273,38,116.24162292480469,,27.2515869140625,0.7627739906311035,813.7160034179688,177.6995086669922,1003.0116577148438,296.52789306640625,189.295654296875,118.82838439941406,22493.69677392766,908.3638305664062,237.11370849609375,1920,1080,814.791259765625,205.7792205810547,929.7518310546875,222.98916625976562,114.9605712890625,17.209945678710938,8.514124089078107,left,False,"{'safe_roi': (450, 80, 1500, 420), 'cylinder_roi': (800, 190, 1000, 300)}",ok_cylinder_inside_confirmed
2026-09-17 22:14:30,2026-09-17,15978631,27273,38,116.89008331298828,,30.244247436523438,0.7554118633270264,814.6539916992188,178.16546630859375,999.9440307617188,297.30908203125,185.2900390625,119.14361572265625,22076.125211298466,907.2990112304688,237.73727416992188,1920,1080,813.7410278320312,206.0680694580078,929.36376953125,223.23410034179688,115.62274169921875,17.166030883789062,8.444781334304928,left,False,"{'safe_roi': (450, 80, 1500, 420), 'cylinder_roi': (800, 190, 1000, 300)}",ok_cylinder_inside_confirmed
2026-09-17 22:14:35,2026-09-17,15978700,27273,38,96.36266326904297,,33.45655822753906,0.7694491147994995,816.0524291992188,178.66763305664062,1004.3790893554688,296.3193359375,188.32666015625,117.65170288085938,22156.952265247703,910.2157592773438,237.4934844970703,1920,1080,824.7813720703125,216.5108184814453,921.1407470703125,217.30679321289062,96.359375,0.7959747314453125,0.4732799007556438,left,False,"{'safe_roi': (450, 80, 1500, 420), 'cylinder_roi': (800, 190, 1000, 300)}",ok_cylinder_inside_confirmed
2026-09-17 22:14:40,2026-09-17,15978772,27273,38,117.98875427246094,,31.016311645507812,0.7589401602745056,814.76123046875,179.3076629638672,1005.094482421875,298.376708984375,190.333251953125,119.06904602050781,22662.79873603955,909.9278564453125,238.84219360351562,1920,1080,811.5591430664062,210.51490783691406,929.1485595703125,220.21414184570312,117.58941650390625,9.699234008789062,4.7153051701512565,left,False,"{'safe_roi': (450, 80, 1500, 420), 'cylinder_roi': (800, 190, 1000, 300)}",ok_cylinder_inside_confirmed
2026-09-17 22:14:51,2026-09-17,15978927,27273,38,117.80773162841797,,29.839752197265625,0.7549285888671875,813.0046997070312,179.07931518554688,1001.6361694335938,298.30145263671875,188.6314697265625,119.22213745117188,22489.0470113568,907.3204345703125,238.6903839111328,1920,1080,811.965087890625,209.3169708251953,928.9427490234375,223.27720642089844,116.9776611328125,13.960235595703125,6.805550784633081,left,False,"{'safe_roi': (450, 80, 1500, 420), 'cylinder_roi': (800, 190, 1000, 300)}",ok_cylinder_inside_confirmed
2026-09-17 22:14:59,2026-09-17,15979046,27273,38,115.52722930908203,,30.307846069335938,0.7587293982505798,815.092529296875,178.04571533203125,1005.5968017578125,297.21063232421875,190.5042724609375,119.1649169921875,22701.42581446469,910.3446655273438,237.628173828125,1920,1080,815.39697265625,210.91311645507812,930.4971923828125,220.83682250976562,115.1002197265625,9.9237060546875,4.92773911752999,left,False,"{'safe_roi': (450, 80, 1500, 420), 'cylinder_roi': (800, 190, 1000, 300)}",ok_cylinder_inside_confirmed
2026-09-17 22:15:04,2026-09-17,15979115,27273,38,122.83373260498047,,28.413238525390625,0.7581242918968201,813.93359375,178.47225952148438,1005.97119140625,297.0820007324219,192.03759765625,118.6097412109375,22777.52976077795,909.952392578125,237.77713012695312,1920,1080,813.1319580078125,208.2051544189453,934.9718017578125,223.79933166503906,121.83984375,15.59417724609375,7.293584303321723,left,False,"{'safe_roi': (450, 80, 1500, 420), 'cylinder_roi': (800, 190, 1000, 300)}",ok_cylinder_inside_confirmed
2026-09-17 22:15:09,2026-09-17,15979186,27273,38,120.69580078125,,29.239334106445312,0.7591284513473511,814.0020751953125,179.46343994140625,1005.7518310546875,297.07183837890625,191.749755859375,117.6083984375,22551.381687402725,909.876953125,238.26763916015625,1920,1080,813.1349487304688,209.56903076171875,933.0736083984375,223.06698608398438,119.93865966796875,13.497955322265625,6.42107753418057,left,False,"{'safe_roi': (450, 80, 1500, 420), 'cylinder_roi': (800, 190, 1000, 300)}",ok_cylinder_inside_confirmed
2026-09-17 22:26:22,2026-09-17,15988489,27275,39,116.93404388427734,,34.324066162109375,0.6636423468589783,815.598388671875,173.3730926513672,1012.9744873046875,292.53607177734375,197.3760986328125,119.16297912597656,23519.923921348527,914.2864379882812,232.95458984375,1920,1080,815.732177734375,190.03533935546875,931.41796875,207.07553100585938,115.685791015625,17.040191650390625,8.379253811160936,left,False,"{'safe_roi': (450, 80, 1500, 420), 'cylinder_roi': (800, 190, 1000, 300)}",ok_cylinder_inside_confirmed
2026-09-17 22:26:33,2026-09-17,15988641,27275,39,115.52792358398438,,31.4334716796875,0.7468386292457581,812.8753662109375,173.82398986816406,1010.6435546875,292.286376953125,197.7681884765625,118.46238708496094,23428.091696402058,911.7594604492188,233.05517578125,1920,1080,818.6382446289062,192.09735107421875,932.893310546875,209.19943237304688,114.25506591796875,17.102081298828125,8.513021442209203,left,False,"{'safe_roi': (450, 80, 1500, 420), 'cylinder_roi': (800, 190, 1000, 300)}",ok_cylinder_inside_confirmed
2026-09-17 22:26:39,2026-09-17,15988723,27275,39,118.05608367919922,,28.730636596679688,0.7536596059799194,814.2284545898438,174.47244262695312,1012.1321411132812,293.57916259765625,197.9036865234375,119.10671997070312,23571.658971916884,913.1802978515625,234.0258026123047,1920,1080,818.7784423828125,190.33712768554688,935.0555419921875,210.75462341308594,116.277099609375,20.417495727539062,9.95923334034089,left,False,"{'safe_roi': (450, 80, 1500, 420), 'cylinder_roi': (800, 190, 1000, 300)}",ok_cylinder_inside_confirmed
2026-09-17 22:26:48,2026-09-17,15988850,27275,39,112.64453125,,28.144027709960938,0.7663179039955139,822.8682861328125,175.17349243164062,1012.1331787109375,294.3482360839844,189.264892578125,119.17474365234375,22555.595055386424,917.500732421875,234.7608642578125,1920,1080,823.3817749023438,190.42572021484375,933.81591796875,212.63136291503906,110.43414306640625,22.205642700195312,11.369192776121958,left,False,"{'safe_roi': (450, 80, 1500, 420), 'cylinder_roi': (800, 190, 1000, 300)}",ok_cylinder_inside_confirmed
2026-09-17 22:27:01,2026-09-17,15989030,27275,39,113.47257995605469,,29.0794677734375,0.7343171834945679,820.774169921875,179.354736328125,1000.860595703125,289.18115234375,180.08642578125,109.826416015625,19778.246716618538,910.8173828125,234.2679443359375,1920,1080,825.2952880859375,192.5957794189453,935.0485229492188,221.409912109375,109.75323486328125,28.814132690429688,14.71021276952977,left,False,"{'safe_roi': (450, 80, 1500, 420), 'cylinder_roi': (800, 190, 1000, 300)}",ok_cylinder_inside_confirmed
2026-09-17 22:27:06,2026-09-17,15989099,27275,39,107.45401763916016,,30.5001220703125,0.7372837066650391,819.8553466796875,178.74905395507812,998.6142578125,288.7278137207031,178.7589111328125,109.978759765625,19659.683343440294,909.2348022460938,233.73843383789062,1920,1080,827.9971923828125,195.41818237304688,932.8369140625,218.97657775878906,104.8397216796875,23.558395385742188,12.66449533605912,left,False,"{'safe_roi': (450, 80, 1500, 420), 'cylinder_roi': (800, 190, 1000, 300)}",ok_cylinder_inside_confirmed
2026-09-17 22:27:11,2026-09-17,15989166,27275,39,93.8975830078125,,36.8768310546875,0.7537415027618408,821.05908203125,181.25759887695312,996.307373046875,292.161376953125,175.248291015625,110.90377807617188,19435.69757502526,908.6832275390625,236.70948791503906,1920,1080,831.9588012695312,202.96963500976562,925.159912109375,214.3849639892578,93.20111083984375,11.415328979492188,6.9828429603970585,left,False,"{'safe_roi': (450, 80, 1500, 420), 'cylinder_roi': (800, 190, 1000, 300)}",ok_cylinder_inside_confirmed
2026-09-17 22:27:16,2026-09-17,15989234,27275,39,115.28732299804688,,24.931396484375,0.7383319139480591,815.5560302734375,179.48878479003906,996.1060791015625,290.90936279296875,180.550048828125,111.42057800292969,20116.990798886865,905.8310546875,235.19906616210938,1920,1080,820.8557739257812,193.24606323242188,932.7304077148438,221.0890655517578,111.8746337890625,27.843002319335938,13.975659129723548,left,False,"{'safe_roi': (450, 80, 1500, 420), 'cylinder_roi': (800, 190, 1000, 300)}",ok_cylinder_inside_confirmed
2026-09-17 22:27:21,2026-09-17,15989306,27275,39,93.23658752441406,,33.78187561035156,0.7700239419937134,821.874267578125,179.84344482421875,1001.6583251953125,290.6669921875,179.7840576171875,110.82354736328125,19924.307024501264,911.7662963867188,235.25521850585938,1920,1080,836.2899169921875,201.93263244628906,928.740478515625,214.0137939453125,92.4505615234375,12.081161499023438,7.445053098392856,left,False,"{'safe_roi': (450, 80, 1500, 420), 'cylinder_roi': (800, 190, 1000, 300)}",ok_cylinder_inside_confirmed
2026-09-17 22:27:32,2026-09-17,15989451,27275,39,107.98155975341797,,33.039398193359375,0.5996941924095154,830.721435546875,173.71804809570312,1024.689208984375,290.17864990234375,193.9677734375,116.46060180664062,22589.603625625372,927.705322265625,231.94834899902344,1920,1080,834.6474609375,194.52398681640625,941.6558837890625,208.98825073242188,107.0084228515625,14.464263916015625,7.697979528670775,left,False,"{'safe_roi': (450, 80, 1500, 420), 'cylinder_roi': (800, 190, 1000, 300)}",ok_cylinder_inside_confirmed
2026-09-17 22:27:37,2026-09-17,15989524,27275,39,114.29467010498047,,32.93000793457031,0.7538902759552002,835.6730346679688,175.9774932861328,1033.9617919921875,295.5148010253906,198.28875732421875,119.53730773925781,23702.90420550015,934.8173828125,235.74615478515625,1920,1080,831.3805541992188,197.3865966796875,944.8262939453125,211.29112243652344,113.44573974609375,13.904525756835938,6.9876308109882865,left,False,"{'safe_roi': (450, 80, 1500, 420), 'cylinder_roi': (800, 190, 1000, 300)}",ok_cylinder_inside_confirmed
2026-09-17 22:29:26,2026-09-17,15991012,27275,40,118.5522689819336,,31.232513427734375,0.7620714902877808,815.3570556640625,176.88282775878906,1008.6221923828125,291.5508728027344,193.26513671875,114.66804504394531,22161.335402689874,911.9896240234375,234.21685791015625,1920,1080,816.96533203125,192.26776123046875,934.30419921875,209.1861114501953,117.3388671875,16.918350219726562,8.204573620947794,left,False,"{'safe_roi': (450, 80, 1500, 420), 'cylinder_roi': (800, 190, 1000, 300)}",ok_cylinder_inside_confirmed
2026-09-17 22:29:31,2026-09-17,15991081,27275,40,120.72460174560547,,31.124359130859375,0.7635165452957153,813.81396484375,176.4060516357422,1005.0142822265625,290.80975341796875,191.2003173828125,114.40370178222656,21874.02409053035,909.4141235351562,233.60791015625,1920,1080,814.9896240234375,195.1049041748047,934.5250244140625,212.00807189941406,119.535400390625,16.903167724609375,8.048672468594344,left,False,"{'safe_roi': (450, 80, 1500, 420), 'cylinder_roi': (800, 190, 1000, 300)}",ok_cylinder_inside_confirmed
2026-09-17 22:29:36,2026-09-17,15991148,27275,40,120.12271881103516,,34.5904541015625,0.7585004568099976,816.725341796875,178.13827514648438,1004.1552734375,293.16357421875,187.429931640625,115.02529907226562,21559.183942057192,910.4403076171875,235.6509246826172,1920,1080,816.1190185546875,193.9150390625,934.9605712890625,211.4122772216797,118.841552734375,17.497238159179688,8.375578618273329,left,False,"{'safe_roi': (450, 80, 1500, 420), 'cylinder_roi': (800, 190, 1000, 300)}",ok_cylinder_inside_confirmed
2026-09-17 22:29:41,2026-09-17,15991218,27275,40,118.563720703125,,32.278289794921875,0.7712194323539734,819.6637573242188,178.60067749023438,1000.4273071289062,293.9197692871094,180.7635498046875,115.319091796875,20845.488393455744,910.0455322265625,236.26022338867188,1920,1080,813.38623046875,197.39903259277344,930.7745361328125,214.05262756347656,117.3883056640625,16.653594970703125,8.07453091320877,left,False,"{'safe_roi': (450, 80, 1500, 420), 'cylinder_roi': (800, 190, 1000, 300)}",ok_cylinder_inside_confirmed
2026-09-17 22:29:46,2026-09-17,15991290,27275,40,104.85191345214844,,33.162750244140625,0.7685863375663757,818.7020263671875,180.07333374023438,996.7330322265625,293.0131530761719,178.031005859375,112.9398193359375,20106.789637953043,907.717529296875,236.54324340820312,1920,1080,817.3048095703125,201.76834106445312,921.3404541015625,214.8262176513672,104.03564453125,13.057876586914062,7.153982566238124,left,False,"{'safe_roi': (450, 80, 1500, 420), 'cylinder_roi': (800, 190, 1000, 300)}",ok_cylinder_inside_confirmed
2026-09-17 22:29:51,2026-09-17,15991361,27275,40,114.94979858398438,,30.510162353515625,0.7685656547546387,817.8851928710938,181.2057342529297,994.5640258789062,296.1410217285156,176.6788330078125,114.93528747558594,20306.63246260397,906.224609375,238.67337036132812,1920,1080,813.4112548828125,200.6909637451172,926.5921630859375,220.77923583984375,113.180908203125,20.088272094726562,10.064512156380331,left,False,"{'safe_roi': (450, 80, 1500, 420), 'cylinder_roi': (800, 190, 1000, 300)}",ok_cylinder_inside_confirmed
2026-09-17 22:29:56,2026-09-17,15991432,27275,40,120.0877685546875,,32.908172607421875,0.7585561871528625,813.9625854492188,179.62393188476562,991.4895629882812,292.518310546875,177.5269775390625,112.89437866210938,20041.797825034708,902.72607421875,236.0711212158203,1920,1080,812.2447509765625,203.32009887695312,930.8054809570312,222.4100341796875,118.56072998046875,19.089935302734375,9.14691470387559,left,False,"{'safe_roi': (450, 80, 1500, 420), 'cylinder_roi': (800, 190, 1000, 300)}",ok_cylinder_inside_confirmed
2026-09-17 22:30:01,2026-09-17,15991497,27275,40,95.27305603027344,,34.932769775390625,0.7681324481964111,811.0067138671875,185.46755981445312,991.3470458984375,290.8973083496094,180.34033203125,105.42974853515625,19013.23585680127,901.1768798828125,238.18243408203125,1920,1080,824.9487915039062,208.90635681152344,919.9700317382812,215.82876586914062,95.021240234375,6.9224090576171875,4.1667039903395775,left,False,"{'safe_roi': (450, 80, 1500, 420), 'cylinder_roi': (800, 190, 1000, 300)}",ok_cylinder_inside_confirmed
2026-09-17 22:30:06,2026-09-17,15991567,27275,40,98.32122039794922,,33.10282897949219,0.7649946808815002,812.5402221679688,181.57965087890625,993.8644409179688,288.171875,181.32421875,106.59222412109375,19327.75176358223,903.2023315429688,234.87576293945312,1920,1080,824.5103149414062,212.26390075683594,922.675048828125,217.8089599609375,98.16473388671875,5.5450592041015625,3.2330472084166515,left,False,"{'safe_roi': (450, 80, 1500, 420), 'cylinder_roi': (800, 190, 1000, 300)}",ok_cylinder_inside_confirmed
2026-09-17 22:30:11,2026-09-17,15991635,27275,40,107.55213165283203,,32.11878967285156,0.75347501039505,811.4255981445312,182.03504943847656,998.3623657226562,291.6964111328125,186.936767578125,109.66136169433594,20499.740483354777,904.8939819335938,236.86572265625,1920,1080,816.829833984375,208.7748260498047,923.8641967773438,219.3155517578125,107.03436279296875,10.540725708007812,5.62434318907774,left,False,"{'safe_roi': (450, 80, 1500, 420), 'cylinder_roi': (800, 190, 1000, 300)}",ok_cylinder_inside_confirmed
2026-09-17 22:30:16,2026-09-17,15991704,27275,40,118.9716567993164,,29.842697143554688,0.7532996535301208,811.5623168945312,182.9328155517578,993.5510864257812,290.3749694824219,181.98876953125,107.44215393066406,19553.26538962871,902.5567016601562,236.65390014648438,1920,1080,811.9307250976562,206.6490020751953,929.806884765625,222.7569580078125,117.87615966796875,16.107955932617188,7.781358575896224,left,False,"{'safe_roi': (450, 80, 1500, 420), 'cylinder_roi': (800, 190, 1000, 300)}",ok_cylinder_inside_confirmed
2026-09-17 22:30:21,2026-09-17,15991774,27275,40,122.97509765625,,30.735504150390625,0.7556015849113464,811.9902954101562,182.18092346191406,994.8711547851562,290.55914306640625,182.880859375,108.37821960449219,19820.301938802004,903.4307250976562,236.37002563476562,1920,1080,809.8389892578125,206.6310577392578,931.795166015625,222.42872619628906,121.9561767578125,15.79766845703125,7.380745511801704,left,False,"{'safe_roi': (450, 80, 1500, 420), 'cylinder_roi': (800, 190, 1000, 300)}",ok_cylinder_inside_confirmed
2026-09-17 22:30:26,2026-09-17,15991842,27275,40,122.84275817871094,,27.12432861328125,0.7594448328018188,811.0066528320312,183.87693786621094,993.5198364257812,292.12774658203125,182.51318359375,108.25080871582031,19757.199725322425,902.2632446289062,238.00234985351562,1920,1080,810.189697265625,205.36830139160156,931.80224609375,222.70989990234375,121.612548828125,17.341598510742188,8.115501247992693,left,False,"{'safe_roi': (450, 80, 1500, 420), 'cylinder_roi': (800, 190, 1000, 300)}",ok_cylinder_inside_confirmed
2026-09-17 22:30:31,2026-09-17,15991912,27275,40,120.7973403930664,,32.58811950683594,0.7544103860855103,811.6793823242188,185.61297607421875,989.6995239257812,288.6291809082031,178.0201416015625,103.01620483398438,18338.959371801466,900.689453125,237.12107849121094,1920,1080,809.7474365234375,206.2843780517578,929.24365234375,223.9663543701172,119.4962158203125,17.681976318359375,8.417037737631743,left,False,"{'safe_roi': (450, 80, 1500, 420), 'cylinder_roi': (800, 190, 1000, 300)}",ok_cylinder_inside_confirmed
2026-09-17 22:30:36,2026-09-17,15991979,27275,40,100.08300018310547,,32.710357666015625,0.7633856534957886,813.9002685546875,184.56808471679688,993.77392578125,289.3609619140625,179.8736572265625,104.79287719726562,18849.478072766215,903.8370971679688,236.9645233154297,1920,1080,820.720458984375,214.40699768066406,920.7972412109375,215.5225067138672,100.0767822265625,1.115509033203125,0.6386227792936593,left,False,"{'safe_roi': (450, 80, 1500, 420), 'cylinder_roi': (800, 190, 1000, 300)}",ok_cylinder_inside_confirmed
2026-09-17 22:30:41,2026-09-17,15992047,27275,40,120.04821014404297,,35.77885437011719,0.7611182928085327,808.3236083984375,185.32225036621094,992.884765625,290.2105407714844,184.5611572265625,104.88829040527344,19358.304256713018,900.6041870117188,237.76638793945312,1920,1080,808.6033935546875,214.93283081054688,928.423828125,222.32443237304688,119.8204345703125,7.3916015625,3.5300453918504124,left,False,"{'safe_roi': (450, 80, 1500, 420), 'cylinder_roi': (800, 190, 1000, 300)}",ok_cylinder_inside_confirmed
2026-09-17 22:30:47,2026-09-17,15992117,27275,40,125.68669128417969,,34.8360595703125,0.7600470781326294,805.345703125,187.2449188232422,989.8585205078125,288.40509033203125,184.5128173828125,101.16017150878906,18665.34825201519,897.6021118164062,237.82501220703125,1920,1080,806.5146484375,211.40261840820312,931.4649658203125,224.9879913330078,124.9503173828125,13.585372924804688,6.205177596361349,left,False,"{'safe_roi': (450, 80, 1500, 420), 'cylinder_roi': (800, 190, 1000, 300)}",ok_cylinder_inside_confirmed
2026-09-17 22:30:52,2026-09-17,15992184,27275,40,124.38373565673828,,35.34532165527344,0.7614852786064148,807.0480346679688,189.16970825195312,991.4646606445312,290.1944274902344,184.4166259765625,101.02471923828125,18630.63786215335,899.25634765625,239.68206787109375,1920,1080,806.2479248046875,213.0594482421875,930.0439453125,225.13665771484375,123.7960205078125,12.07720947265625,5.571991008596804,left,False,"{'safe_roi': (450, 80, 1500, 420), 'cylinder_roi': (800, 190, 1000, 300)}",ok_cylinder_inside_confirmed
2026-09-17 22:30:57,2026-09-17,15992254,27275,40,122.22381591796875,,35.27044677734375,0.7550358176231384,809.4612426757812,188.39804077148438,991.7378540039062,290.5884094238281,182.276611328125,102.19036865234375,18626.91410832107,900.5995483398438,239.49322509765625,1920,1080,807.576171875,212.4806671142578,929.1959838867188,224.61663818359375,121.61981201171875,12.135971069335938,5.698460682923994,left,False,"{'safe_roi': (450, 80, 1500, 420), 'cylinder_roi': (800, 190, 1000, 300)}",ok_cylinder_inside_confirmed
2026-09-17 22:31:02,2026-09-17,15992321,27275,40,126.9620590209961,,36.28125,0.7555816769599915,810.4139404296875,188.83953857421875,993.137939453125,292.764892578125,182.7239990234375,103.92535400390625,18989.656283520162,901.7759399414062,240.80221557617188,1920,1080,808.36279296875,210.69422912597656,934.66064453125,223.6640625,126.2978515625,12.969833374023438,5.86328961300891,left,False,"{'safe_roi': (450, 80, 1500, 420), 'cylinder_roi': (800, 190, 1000, 300)}",ok_cylinder_inside_confirmed
2026-09-17 22:31:07,2026-09-17,15992388,27275,40,123.04916381835938,,35.2239990234375,0.7586124539375305,806.322021484375,185.64894104003906,992.5950927734375,290.05419921875,186.2730712890625,104.40525817871094,19447.888099675998,899.4585571289062,237.8515625,1920,1080,809.3629150390625,212.57806396484375,931.861083984375,224.20968627929688,122.4981689453125,11.631622314453125,5.424168553803702,left,False,"{'safe_roi': (450, 80, 1500, 420), 'cylinder_roi': (800, 190, 1000, 300)}",ok_cylinder_inside_confirmed
2026-09-17 22:31:12,2026-09-17,15992458,27275,40,101.82279205322266,,35.97233581542969,0.7685917615890503,804.1297607421875,191.87570190429688,986.47607421875,292.5271911621094,182.3463134765625,100.6514892578125,18353.42801208794,895.3029174804688,242.20144653320312,1920,1080,819.990478515625,218.92884826660156,921.5664672851562,226.01397705078125,101.57598876953125,7.0851287841796875,3.9900328629775386,left,False,"{'safe_roi': (450, 80, 1500, 420), 'cylinder_roi': (800, 190, 1000, 300)}",ok_cylinder_inside_confirmed
2026-09-17 22:31:17,2026-09-17,15992530,27275,40,107.45902252197266,,37.65174865722656,0.7644540667533875,804.8310546875,190.83685302734375,990.4095458984375,292.7784729003906,185.5784912109375,101.94161987304688,18918.17200763896,897.6203002929688,241.8076629638672,1920,1080,814.2301025390625,220.7490234375,921.6000366210938,225.123779296875,107.36993408203125,4.374755859375,2.3332088314457553,left,False,"{'safe_roi': (450, 80, 1500, 420), 'cylinder_roi': (800, 190, 1000, 300)}",ok_cylinder_inside_confirmed
2026-09-17 22:31:22,2026-09-17,15992600,27275,40,94.96295928955078,,35.724884033203125,0.7630874514579773,805.4164428710938,192.49916076660156,988.4485473632812,293.3214416503906,183.0321044921875,100.82228088378906,18453.714249862358,896.9324951171875,242.91030883789062,1920,1080,823.9267578125,222.67274475097656,918.8540649414062,225.2745361328125,94.92730712890625,2.6017913818359375,1.5699840069835262,left,False,"{'safe_roi': (450, 80, 1500, 420), 'cylinder_roi': (800, 190, 1000, 300)}",ok_cylinder_inside_confirmed
2026-09-17 22:31:27,2026-09-17,15992671,27275,40,93.39065551757812,,35.251434326171875,0.764555811882019,806.6453247070312,192.24594116210938,989.2669067382812,293.2907409667969,182.62158203125,101.0447998046875,18452.961196362972,897.9561157226562,242.76834106445312,1920,1080,823.7866821289062,222.6000518798828,917.1646118164062,224.14158630371094,93.3779296875,1.541534423828125,0.945784452554108,left,False,"{'safe_roi': (450, 80, 1500, 420), 'cylinder_roi': (800, 190, 1000, 300)}",ok_cylinder_inside_confirmed
2026-09-17 22:31:32,2026-09-17,15992742,27275,40,108.85020446777344,,38.551910400390625,0.7657812237739563,806.7674560546875,190.52352905273438,992.138671875,292.81927490234375,185.3712158203125,102.29574584960938,18962.686781387776,899.4530639648438,241.67140197753906,1920,1080,814.2395629882812,220.86044311523438,923.00634765625,225.1211700439453,108.76678466796875,4.2607269287109375,2.2433035576805387,left,False,"{'safe_roi': (450, 80, 1500, 420), 'cylinder_roi': (800, 190, 1000, 300)}",ok_cylinder_inside_confirmed
2026-09-17 22:31:37,2026-09-17,15992811,27275,40,101.29518127441406,,34.69049072265625,0.7656974196434021,804.4288330078125,191.49853515625,988.5250244140625,291.86944580078125,184.09619140625,100.37091064453125,18477.90237763524,896.4769287109375,241.68399047851562,1920,1080,819.5552978515625,223.39727783203125,920.8380126953125,224.98643493652344,101.28271484375,1.5891571044921875,0.8989147300387954,left,False,"{'safe_roi': (450, 80, 1500, 420), 'cylinder_roi': (800, 190, 1000, 300)}",ok_cylinder_inside_confirmed
2026-09-17 22:31:42,2026-09-17,15992880,27275,40,106.30786895751953,,34.8870849609375,0.7554520964622498,804.1514282226562,192.03445434570312,989.8594360351562,292.0247802734375,185.7080078125,99.99032592773438,18569.004228562117,897.0054321289062,242.0296173095703,1920,1080,816.1712036132812,221.64413452148438,922.33740234375,227.13064575195312,106.16619873046875,5.48651123046875,2.958328959815544,left,False,"{'safe_roi': (450, 80, 1500, 420), 'cylinder_roi': (800, 190, 1000, 300)}",ok_cylinder_inside_confirmed
2026-09-17 22:31:47,2026-09-17,15992950,27275,40,108.8599624633789,,35.51219177246094,0.7552444338798523,806.2025756835938,192.56570434570312,991.6235961914062,292.5934753417969,185.4210205078125,100.02777099609375,18547.25137721747,898.9130859375,242.57958984375,1920,1080,813.113037109375,221.47915649414062,921.852783203125,226.59368896484375,108.73974609375,5.114532470703125,2.6929005053165382,left,False,"{'safe_roi': (450, 80, 1500, 420), 'cylinder_roi': (800, 190, 1000, 300)}",ok_cylinder_inside_confirmed
2026-09-17 22:31:52,2026-09-17,15993018,27275,40,105.8035659790039,,35.98451232910156,0.754253625869751,803.4730224609375,192.42144775390625,989.7662353515625,291.958740234375,186.293212890625,99.53729248046875,18543.12201862037,896.61962890625,242.19009399414062,1920,1080,816.4169921875,222.7796173095703,922.1412353515625,226.87576293945312,105.7242431640625,4.0961456298828125,2.218739294582585,left,False,"{'safe_roi': (450, 80, 1500, 420), 'cylinder_roi': (800, 190, 1000, 300)}",ok_cylinder_inside_confirmed
2026-09-17 22:31:57,2026-09-17,15993087,27275,40,116.29237365722656,,36.37542724609375,0.7527632117271423,803.7058715820312,193.36898803710938,991.5585327148438,291.39093017578125,187.8526611328125,98.02194213867188,18413.682680156082,897.6322021484375,242.3799591064453,1920,1080,809.6975708007812,219.30715942382812,925.5593872070312,229.30490112304688,115.86181640625,9.99774169921875,4.931848813593024,left,False,"{'safe_roi': (450, 80, 1500, 420), 'cylinder_roi': (800, 190, 1000, 300)}",ok_cylinder_inside_confirmed
2026-09-17 22:32:02,2026-09-17,15993157,27275,40,119.28997802734375,,39.12232971191406,0.7565422058105469,806.6876220703125,191.27099609375,989.417724609375,292.336181640625,182.7301025390625,101.065185546875,18467.651718109846,898.0526733398438,241.8035888671875,1920,1080,806.8223266601562,217.71182250976562,925.7638549804688,226.82290649414062,118.9415283203125,9.111083984375,4.380380865363463,left,False,"{'safe_roi': (450, 80, 1500, 420), 'cylinder_roi': (800, 190, 1000, 300)}",ok_cylinder_inside_confirmed
2026-09-17 22:32:07,2026-09-17,15993225,27275,40,119.4420394897461,,38.81719970703125,0.7556412220001221,807.2720947265625,188.94476318359375,992.0467529296875,294.3880920410156,184.774658203125,105.44332885742188,19483.255049429834,899.659423828125,241.6664276123047,1920,1080,808.3017578125,217.8590087890625,927.44384765625,226.3184814453125,119.14208984375,8.45947265625,4.061369222791944,left,False,"{'safe_roi': (450, 80, 1500, 420), 'cylinder_roi': (800, 190, 1000, 300)}",ok_cylinder_inside_confirmed
2026-09-17 22:32:12,2026-09-17,15993295,27275,40,115.55653381347656,,39.95478820800781,0.7572788596153259,806.5545654296875,190.76747131347656,991.83740234375,293.5101318359375,185.2828369140625,102.74266052246094,19036.451613700017,899.1959838867188,242.1387939453125,1920,1080,810.3721313476562,218.2021026611328,925.615966796875,226.69744873046875,115.24383544921875,8.495346069335938,4.216005659452838,left,False,"{'safe_roi': (450, 80, 1500, 420), 'cylinder_roi': (800, 190, 1000, 300)}",ok_cylinder_inside_confirmed
2026-09-17 22:32:18,2026-09-17,15993365,27275,40,119.4426498413086,,40.78746032714844,0.7539527416229248,806.5068359375,190.16014099121094,989.6942138671875,292.74298095703125,183.1873779296875,102.58283996582031,18791.881473919377,898.1005249023438,241.45156860351562,1920,1080,807.3529663085938,218.20242309570312,926.448486328125,227.30210876464844,119.09552001953125,9.099685668945312,4.369287231123083,left,False,"{'safe_roi': (450, 80, 1500, 420), 'cylinder_roi': (800, 190, 1000, 300)}",ok_cylinder_inside_confirmed
2026-09-17 22:32:23,2026-09-17,15993435,27275,40,93.48702239990234,,36.201812744140625,0.765681266784668,807.03076171875,190.92503356933594,991.0732421875,292.44647216796875,184.04248046875,101.52143859863281,18684.25738044828,899.052001953125,241.68576049804688,1920,1080,824.062744140625,223.3519744873047,917.5489501953125,223.7427978515625,93.4862060546875,0.3908233642578125,0.23952623389390673,left,False,"{'safe_roi': (450, 80, 1500, 420), 'cylinder_roi': (800, 190, 1000, 300)}",ok_cylinder_inside_confirmed
2026-09-17 22:32:28,2026-09-17,15993507,27275,40,97.43305206298828,,35.36424255371094,0.7618102431297302,807.5797119140625,192.82093811035156,987.7843017578125,291.986328125,180.20458984375,99.16539001464844,17870.058434285223,897.6820068359375,242.40362548828125,1920,1080,820.8673095703125,225.34292602539062,918.28173828125,223.43807983398438,97.4144287109375,1.90484619140625,1.1202215296655529,left,False,"{'safe_roi': (450, 80, 1500, 420), 'cylinder_roi': (800, 190, 1000, 300)}",ok_cylinder_inside_confirmed
2026-09-17 22:32:33,2026-09-17,15993573,27275,40,102.19292449951172,,35.428741455078125,0.7681504487991333,805.3613891601562,192.29730224609375,988.2766723632812,291.4393310546875,182.915283203125,99.14202880859375,18134.592276856303,896.8190307617188,241.86831665039062,1920,1080,818.62939453125,221.87945556640625,920.7101440429688,226.66636657714844,102.08074951171875,4.7869110107421875,2.6848257407106115,left,False,"{'safe_roi': (450, 80, 1500, 420), 'cylinder_roi': (800, 190, 1000, 300)}",ok_cylinder_inside_confirmed
2026-09-17 22:32:38,2026-09-17,15993645,27275,40,100.64918518066406,,35.21136474609375,0.7649823427200317,804.5570678710938,192.1052703857422,987.6477661132812,291.14508056640625,183.0906982421875,99.03981018066406,18133.267999751493,896.1024169921875,241.62518310546875,1920,1080,819.968994140625,222.1094207763672,920.575439453125,225.04217529296875,100.6064453125,2.9327545166015625,1.6697427602525436,left,False,"{'safe_roi': (450, 80, 1500, 420), 'cylinder_roi': (800, 190, 1000, 300)}",ok_cylinder_inside_confirmed
2026-09-17 22:32:43,2026-09-17,15993714,27275,40,113.4688949584961,,35.306396484375,0.7512603998184204,801.4220581054688,193.58847045898438,991.1395874023438,292.7908020019531,189.717529296875,99.20233154296875,18820.42124082148,896.2808227539062,243.18963623046875,1920,1080,812.3314819335938,219.631103515625,925.6209106445312,226.0103759765625,113.2894287109375,6.3792724609375,3.2228939249851103,left,False,"{'safe_roi': (450, 80, 1500, 420), 'cylinder_roi': (800, 190, 1000, 300)}",ok_cylinder_inside_confirmed
2026-09-17 22:32:48,2026-09-17,15993786,27275,40,109.27581024169922,,38.2177734375,0.7476587891578674,801.6492309570312,193.37498474121094,991.8142700195312,293.4568176269531,190.1650390625,100.08183288574219,19032.06566016376,896.7317504882812,243.4158935546875,1920,1080,814.4098510742188,223.2681884765625,923.6788330078125,224.48974609375,109.26898193359375,1.2215576171875,0.64050363728694,left,False,"{'safe_roi': (450, 80, 1500, 420), 'cylinder_roi': (800, 190, 1000, 300)}",ok_cylinder_inside_confirmed
2026-09-17 22:32:53,2026-09-17,15993856,27275,40,123.58255767822266,,36.90167236328125,0.7494319677352905,801.5574951171875,193.60791015625,990.222412109375,293.2368469238281,188.6649169921875,99.62893676757812,18796.485085275024,895.8899536132812,243.42237854003906,1920,1080,808.543212890625,215.229736328125,931.0806884765625,231.26768493652344,122.5374755859375,16.037948608398438,7.456600960439143,left,False,"{'safe_roi': (450, 80, 1500, 420), 'cylinder_roi': (800, 190, 1000, 300)}",ok_cylinder_inside_confirmed
2026-09-17 22:32:58,2026-09-17,15993928,27275,40,128.38218688964844,,35.69061279296875,0.7564506530761719,801.4564208984375,193.32394409179688,991.5780029296875,293.8756103515625,190.12158203125,100.55166625976562,19117.041865184903,896.5172119140625,243.5997772216797,1920,1080,806.2568359375,215.17111206054688,933.5262451171875,232.0377960205078,127.2694091796875,16.866683959960938,7.549268613953616,left,False,"{'safe_roi': (450, 80, 1500, 420), 'cylinder_roi': (800, 190, 1000, 300)}",ok_cylinder_inside_confirmed
2026-09-17 22:33:03,2026-09-17,15993996,27275,40,125.86583709716797,,38.62452697753906,0.7577588558197021,808.81689453125,183.83155822753906,994.958984375,293.87548828125,186.14208984375,110.04393005371094,20483.807114817202,901.887939453125,238.853515625,1920,1080,805.4771728515625,218.6773223876953,931.0556640625,227.1773681640625,125.5784912109375,8.500045776367188,3.8722795497169087,left,False,"{'safe_roi': (450, 80, 1500, 420), 'cylinder_roi': (800, 190, 1000, 300)}",ok_cylinder_inside_confirmed
2026-09-17 22:33:08,2026-09-17,15994065,27275,40,124.22901916503906,,37.47007751464844,0.7557253837585449,807.45361328125,183.75997924804688,993.4102783203125,293.3534851074219,185.9566650390625,109.593505859375,20379.64285954833,900.4319458007812,238.55673217773438,1920,1080,806.6471557617188,216.61691284179688,930.396240234375,227.52627563476562,123.74908447265625,10.90936279296875,5.038006549369161,left,False,"{'safe_roi': (450, 80, 1500, 420), 'cylinder_roi': (800, 190, 1000, 300)}",ok_cylinder_inside_confirmed
2026-09-17 22:33:13,2026-09-17,15994133,27275,40,124.93437194824219,,37.629974365234375,0.7650949358940125,806.0383911132812,186.6978302001953,992.9585571289062,293.0741271972656,186.920166015625,106.37629699707031,19883.875094819814,899.4984741210938,239.885986328125,1920,1080,806.3251342773438,216.76046752929688,930.798583984375,227.48231506347656,124.47344970703125,10.721847534179688,4.923170326832366,left,False,"{'safe_roi': (450, 80, 1500, 420), 'cylinder_roi': (800, 190, 1000, 300)}",ok_cylinder_inside_confirmed
2026-09-17 22:33:19,2026-09-17,15994201,27275,40,122.93438720703125,,38.42462158203125,0.7523741722106934,804.6624755859375,191.35623168945312,990.5836181640625,293.76129150390625,185.921142578125,102.40505981445312,19039.26572648436,897.623046875,242.5587615966797,1920,1080,806.3612060546875,212.20301818847656,928.3875732421875,227.11709594726562,122.0263671875,14.914077758789062,6.968138305322225,left,False,"{'safe_roi': (450, 80, 1500, 420), 'cylinder_roi': (800, 190, 1000, 300)}",ok_cylinder_inside_confirmed
2026-09-17 22:33:24,2026-09-17,15994266,27275,40,101.63325500488281,,34.71470642089844,0.7704782485961914,800.8255615234375,193.83334350585938,988.9312744140625,292.2997131347656,188.105712890625,98.46636962890625,18522.086654797196,894.87841796875,243.0665283203125,1920,1080,822.29638671875,221.39256286621094,923.857421875,225.2232666015625,101.56103515625,3.8307037353515625,2.160072130926765,left,False,"{'safe_roi': (450, 80, 1500, 420), 'cylinder_roi': (800, 190, 1000, 300)}",ok_cylinder_inside_confirmed
2026-09-17 22:33:29,2026-09-17,15994336,27275,40,106.48786926269531,,35.48841857910156,0.7722508311271667,803.6343994140625,192.41522216796875,992.2301025390625,291.7118225097656,188.595703125,99.29660034179688,18726.912159383297,897.9322509765625,242.0635223388672,1920,1080,816.5211181640625,218.73751831054688,922.698974609375,226.857177734375,106.1778564453125,8.119659423828125,4.373025850281973,left,False,"{'safe_roi': (450, 80, 1500, 420), 'cylinder_roi': (800, 190, 1000, 300)}",ok_cylinder_inside_confirmed
2026-09-17 22:33:34,2026-09-17,15994404,27275,40,121.30547332763672,,35.55207824707031,0.7612993717193604,804.2627563476562,192.23004150390625,991.1676635742188,293.2574157714844,186.9049072265625,101.02737426757812,18882.512014824897,897.7152099609375,242.7437286376953,1920,1080,806.2019653320312,214.06507873535156,926.586669921875,228.98287963867188,120.38470458984375,14.917800903320312,7.063953469663076,left,False,"{'safe_roi': (450, 80, 1500, 420), 'cylinder_roi': (800, 190, 1000, 300)}",ok_cylinder_inside_confirmed
2026-09-17 22:33:39,2026-09-17,15994476,27275,40,107.2843246459961,,36.12052917480469,0.7632906436920166,802.5430297851562,193.0377655029297,992.5879516601562,292.279296875,190.044921875,99.24153137207031,18860.349076360464,897.5654907226562,242.65853881835938,1920,1080,816.666015625,218.6669921875,923.7015380859375,225.96922302246094,107.0355224609375,7.3022308349609375,3.90281379560057,left,False,"{'safe_roi': (450, 80, 1500, 420), 'cylinder_roi': (800, 190, 1000, 300)}",ok_cylinder_inside_confirmed
2026-09-17 22:33:44,2026-09-17,15994548,27275,40,111.05693054199219,,35.56779479980469,0.7625358700752258,796.4912719726562,194.69761657714844,986.9791870117188,292.5703125,190.4879150390625,97.87269592285156,18643.565785596147,891.7352294921875,243.63397216796875,1920,1080,812.4370727539062,223.21990966796875,923.433837890625,226.8749542236328,110.99676513671875,3.6550445556640625,1.8860277810090467,left,False,"{'safe_roi': (450, 80, 1500, 420), 'cylinder_roi': (800, 190, 1000, 300)}",ok_cylinder_inside_confirmed
2026-09-17 22:33:49,2026-09-17,15994620,27275,40,113.65748596191406,,35.93177795410156,0.7588112950325012,799.1908569335938,195.56690979003906,987.0357055664062,293.69097900390625,187.8448486328125,98.12406921386719,18432.1009287145,893.11328125,244.62893676757812,1920,1080,811.8531494140625,220.76321411132812,925.3327026367188,227.12045288085938,113.47955322265625,6.35723876953125,3.206415741109727,left,False,"{'safe_roi': (450, 80, 1500, 420), 'cylinder_roi': (800, 190, 1000, 300)}",ok_cylinder_inside_confirmed
2026-09-17 22:33:54,2026-09-17,15994691,27275,40,122.49129486083984,,37.61822509765625,0.7626761198043823,798.6771850585938,196.85850524902344,987.1624145507812,294.0631103515625,188.4852294921875,97.20460510253906,18321.632300449535,892.9197998046875,245.4608154296875,1920,1080,804.5750122070312,219.5874481201172,926.4926147460938,231.42869567871094,121.9176025390625,11.84124755859375,5.54745290969238,left,False,"{'safe_roi': (450, 80, 1500, 420), 'cylinder_roi': (800, 190, 1000, 300)}",ok_cylinder_inside_confirmed
2026-09-17 22:33:59,2026-09-17,15994761,27275,40,110.141357421875,,35.617950439453125,0.7598056197166443,799.5745849609375,194.39724731445312,988.3746337890625,294.34088134765625,188.800048828125,99.94363403320312,18869.362985529006,893.974609375,244.3690643310547,1920,1080,812.03564453125,222.6343994140625,922.1114501953125,226.43373107910156,110.0758056640625,3.7993316650390625,1.9768130237767096,left,False,"{'safe_roi': (450, 80, 1500, 420), 'cylinder_roi': (800, 190, 1000, 300)}",ok_cylinder_inside_confirmed
2026-09-17 22:34:04,2026-09-17,15994829,27275,40,121.49101257324219,,36.70271301269531,0.7628779411315918,798.2805786132812,194.8383026123047,988.0765991210938,294.19659423828125,189.7960205078125,99.35829162597656,18857.808355065063,893.1785888671875,244.5174560546875,1920,1080,803.872802734375,217.96267700195312,924.538818359375,232.0969696044922,120.666015625,14.134292602539062,6.680933750293572,left,False,"{'safe_roi': (450, 80, 1500, 420), 'cylinder_roi': (800, 190, 1000, 300)}",ok_cylinder_inside_confirmed
2026-09-17 22:34:09,2026-09-17,15994899,27275,40,105.91175842285156,,34.257568359375,0.7818509936332703,799.3935546875,195.6449432373047,989.0352783203125,293.3082275390625,189.6417236328125,97.66328430175781,18521.03357062675,894.2144165039062,244.47659301757812,1920,1080,815.4578857421875,230.7614288330078,921.3634033203125,229.61146545410156,105.905517578125,1.14996337890625,0.6221154515259264,left,False,"{'safe_roi': (450, 80, 1500, 420), 'cylinder_roi': (800, 190, 1000, 300)}",ok_cylinder_inside_confirmed
2026-09-17 22:34:14,2026-09-17,15994967,27275,40,106.57427978515625,,33.9595947265625,0.7534252405166626,797.6486206054688,191.56072998046875,988.0518188476562,293.19488525390625,190.4031982421875,101.6341552734375,19351.468214705586,892.8502197265625,242.3778076171875,1920,1080,816.732666015625,227.266357421875,923.2960205078125,225.74017333984375,106.5633544921875,1.52618408203125,0.820525302700811,left,False,"{'safe_roi': (450, 80, 1500, 420), 'cylinder_roi': (800, 190, 1000, 300)}",ok_cylinder_inside_confirmed
2026-09-17 22:34:19,2026-09-17,15995034,27275,40,111.00837707519531,,35.041015625,0.761123776435852,800.056640625,192.75039672851562,989.4306640625,292.8291320800781,189.3740234375,100.0787353515625,18952.312774062157,894.74365234375,242.78976440429688,1920,1080,811.890869140625,226.95481872558594,922.8911743164062,228.29342651367188,111.00030517578125,1.3386077880859375,0.6909247578376627,left,False,"{'safe_roi': (450, 80, 1500, 420), 'cylinder_roi': (800, 190, 1000, 300)}",ok_cylinder_inside_confirmed
2026-09-17 22:34:24,2026-09-17,15995103,27275,40,106.10611724853516,,33.22747802734375,0.7560319304466248,800.1361694335938,193.53457641601562,988.8318481445312,292.81622314453125,188.6956787109375,99.28164672851562,18734.017712976784,894.4840087890625,243.17539978027344,1920,1080,817.79248046875,228.51612854003906,923.8964233398438,227.83705139160156,106.10394287109375,0.6790771484375,0.3666944157161349,left,False,"{'safe_roi': (450, 80, 1500, 420), 'cylinder_roi': (800, 190, 1000, 300)}",ok_cylinder_inside_confirmed
2026-09-17 22:34:29,2026-09-17,15995176,27275,40,113.60389709472656,,34.86572265625,0.7519645094871521,799.8027954101562,190.72288513183594,988.0436401367188,292.3963623046875,188.2408447265625,101.67347717285156,19139.101229304448,893.9232177734375,241.55963134765625,1920,1080,810.7902221679688,224.34400939941406,924.282470703125,229.37939453125,113.49224853515625,5.0353851318359375,2.540413430052783,left,False,"{'safe_roi': (450, 80, 1500, 420), 'cylinder_roi': (800, 190, 1000, 300)}",ok_cylinder_inside_confirmed
2026-09-17 22:34:35,2026-09-17,15995247,27275,40,115.95598602294922,,35.31138610839844,0.7517879605293274,801.0479736328125,193.40147399902344,988.5667724609375,292.7130126953125,187.518798828125,99.31153869628906,18622.78044610098,894.807373046875,243.0572509765625,1920,1080,809.7513427734375,224.19374084472656,925.53759765625,230.46536254882812,115.7862548828125,6.2716217041015625,3.1004254492129877,left,False,"{'safe_roi': (450, 80, 1500, 420), 'cylinder_roi': (800, 190, 1000, 300)}",ok_cylinder_inside_confirmed
2026-09-17 22:34:40,2026-09-17,15995318,27275,40,110.869873046875,,34.07310485839844,0.7740904688835144,798.9264526367188,194.3391571044922,990.3070678710938,292.40576171875,191.380615234375,98.06660461425781,18768.04712502286,894.6167602539062,243.37246704101562,1920,1080,814.9277954101562,230.8013916015625,925.7969970703125,231.18661499023438,110.86920166015625,0.385223388671875,0.1990776986701189,left,False,"{'safe_roi': (450, 80, 1500, 420), 'cylinder_roi': (800, 190, 1000, 300)}",ok_cylinder_inside_confirmed
2026-09-17 22:34:45,2026-09-17,15995386,27275,40,100.07905578613281,,32.42420959472656,0.7659590244293213,797.425048828125,196.8146514892578,986.535400390625,292.52545166015625,189.1103515625,95.71080017089844,18099.90306864679,891.980224609375,244.6700439453125,1920,1080,821.263916015625,228.3428192138672,921.27392578125,224.62600708007812,100.010009765625,3.7168121337890625,2.1283837987293226,left,False,"{'safe_roi': (450, 80, 1500, 420), 'cylinder_roi': (800, 190, 1000, 300)}",ok_cylinder_inside_confirmed
2026-09-17 22:34:50,2026-09-17,15995458,27275,40,103.21411895751953,,33.00750732421875,0.758914589881897,800.7340087890625,194.75177001953125,987.50537109375,292.4968566894531,186.7713623046875,97.74508666992188,18255.98299593106,894.1196899414062,243.6243133544922,1920,1080,817.4142456054688,229.4815673828125,920.5689697265625,225.98052978515625,103.15472412109375,3.50103759765625,1.943853869965178,left,False,"{'safe_roi': (450, 80, 1500, 420), 'cylinder_roi': (800, 190, 1000, 300)}",ok_cylinder_inside_confirmed
2026-09-17 22:34:55,2026-09-17,15995526,27275,40,100.70398712158203,,32.9146728515625,0.7587215900421143,798.2357788085938,198.7145233154297,987.2245483398438,292.66180419921875,188.98876953125,93.94728088378906,17754.98101503402,892.7301635742188,245.68817138671875,1920,1080,819.9854736328125,227.1837158203125,920.6370239257812,223.93429565429688,100.65155029296875,3.249420166015625,1.8490864776142864,left,False,"{'safe_roi': (450, 80, 1500, 420), 'cylinder_roi': (800, 190, 1000, 300)}",ok_cylinder_inside_confirmed
2026-09-17 22:35:00,2026-09-17,15995596,27275,40,106.53538513183594,,31.455215454101562,0.7842397093772888,800.266845703125,198.75210571289062,984.6788330078125,292.984375,184.4119873046875,94.23226928710938,17377.560047466308,892.4728393554688,245.8682403564453,1920,1080,817.01318359375,229.67091369628906,923.535400390625,227.99607849121094,106.522216796875,1.674835205078125,0.9007799989971167,left,False,"{'safe_roi': (450, 80, 1500, 420), 'cylinder_roi': (800, 190, 1000, 300)}",ok_cylinder_inside_confirmed
2026-09-17 22:35:05,2026-09-17,15995664,27275,40,102.744384765625,,30.872573852539062,0.7776765823364258,800.6547241210938,199.4781036376953,987.4810180664062,292.15325927734375,186.8262939453125,92.67515563964844,17314.155868960544,894.06787109375,245.815673828125,1920,1080,819.2406005859375,227.26661682128906,921.9696044921875,225.489013671875,102.72900390625,1.7776031494140625,0.9913363390740353,left,False,"{'safe_roi': (450, 80, 1500, 420), 'cylinder_roi': (800, 190, 1000, 300)}",ok_cylinder_inside_confirmed
2026-09-17 22:35:10,2026-09-17,15995732,27275,40,103.99020385742188,,30.676467895507812,0.7823948860168457,800.6651000976562,198.2556915283203,986.9426879882812,291.958984375,186.277587890625,93.70329284667969,17454.82336888835,893.8038940429688,245.10733032226562,1920,1080,819.869873046875,229.2337646484375,923.8383178710938,227.10641479492188,103.96844482421875,2.127349853515625,1.1721937575591428,left,False,"{'safe_roi': (450, 80, 1500, 420), 'cylinder_roi': (800, 190, 1000, 300)}",ok_cylinder_inside_confirmed
2026-09-17 22:35:15,2026-09-17,15995801,27275,40,102.40756225585938,,31.287216186523438,0.7644639611244202,801.9857177734375,198.98133850097656,987.890380859375,292.5911865234375,185.9046630859375,93.60984802246094,17402.507258141413,894.9380493164062,245.7862548828125,1920,1080,818.139892578125,231.1807861328125,920.37646484375,225.26541137695312,102.236572265625,5.915374755859375,3.311423161635538,left,False,"{'safe_roi': (450, 80, 1500, 420), 'cylinder_roi': (800, 190, 1000, 300)}",ok_cylinder_inside_confirmed
2026-09-17 22:35:20,2026-09-17,15995871,27275,40,104.29084014892578,,35.51020812988281,0.7653701305389404,799.9879760742188,199.242919921875,984.8468627929688,293.6412353515625,184.85888671875,94.3983154296875,17450.36749845743,892.4174194335938,246.44207763671875,1920,1080,816.025390625,235.78076171875,919.5123901367188,222.85714721679688,103.48699951171875,12.923614501953125,7.118332667563077,left,False,"{'safe_roi': (450, 80, 1500, 420), 'cylinder_roi': (800, 190, 1000, 300)}",ok_cylinder_inside_confirmed
2026-09-17 22:35:25,2026-09-17,15995940,27275,40,100.82421112060547,,33.84776306152344,0.7631102204322815,799.2125854492188,201.5573272705078,985.2578735351562,291.54388427734375,186.0452880859375,89.98655700683594,16741.57492219843,892.2352294921875,246.55059814453125,1920,1080,818.72119140625,229.80447387695312,919.31103515625,222.93389892578125,100.58984375,6.870574951171875,3.9073973108581392,left,False,"{'safe_roi': (450, 80, 1500, 420), 'cylinder_roi': (800, 190, 1000, 300)}",ok_cylinder_inside_confirmed
2026-09-17 22:35:30,2026-09-17,15996007,27275,40,120.26676940917969,,32.05450439453125,0.7460693120956421,800.1242065429688,199.42010498046875,986.9015502929688,294.35382080078125,186.77734375,94.9337158203125,17731.46727323532,893.5128784179688,246.886962890625,1920,1080,804.4119262695312,227.03125,924.3572998046875,235.8177947998047,119.94537353515625,8.786544799804688,4.189693162876813,left,False,"{'safe_roi': (450, 80, 1500, 420), 'cylinder_roi': (800, 190, 1000, 300)}",ok_cylinder_inside_confirmed
2026-09-17 22:35:35,2026-09-17,15996076,27275,40,107.26069641113281,,38.707183837890625,0.7443225383758545,799.5918579101562,199.60308837890625,984.4613647460938,294.38348388671875,184.8695068359375,94.7803955078125,17522.004975244403,892.026611328125,246.9932861328125,1920,1080,815.6400146484375,237.17152404785156,922.18359375,224.78916931152344,106.5435791015625,12.382354736328125,6.6291009957133396,left,False,"{'safe_roi': (450, 80, 1500, 420), 'cylinder_roi': (800, 190, 1000, 300)}",ok_cylinder_inside_confirmed
2026-09-17 22:35:40,2026-09-17,15996147,27275,40,105.73954010009766,,38.664093017578125,0.7250170707702637,798.3917236328125,200.34597778320312,983.5460205078125,292.8044738769531,185.154296875,92.45849609375,17119.087834358215,890.9688720703125,246.57522583007812,1920,1080,816.9791259765625,239.49505615234375,921.6226196289062,224.3098907470703,104.64349365234375,15.185165405273438,8.256746520214763,left,False,"{'safe_roi': (450, 80, 1500, 420), 'cylinder_roi': (800, 190, 1000, 300)}",ok_cylinder_inside_confirmed
2026-09-17 22:35:45,2026-09-17,15996217,27275,40,111.86671447753906,,29.874954223632812,0.7544223666191101,798.8438110351562,200.97128295898438,984.5925903320312,293.1321105957031,185.748779296875,92.16082763671875,17118.76123251021,891.7182006835938,247.05169677734375,1920,1080,811.38037109375,229.5915069580078,923.19482421875,233.01055908203125,111.814453125,3.4190521240234375,1.7514393729829096,left,False,"{'safe_roi': (450, 80, 1500, 420), 'cylinder_roi': (800, 190, 1000, 300)}",ok_cylinder_inside_confirmed
2026-09-17 22:35:50,2026-09-17,15996292,27275,40,114.23067474365234,,32.32328796386719,0.7642200589179993,798.0693359375,198.83319091796875,985.9786376953125,293.5945739746094,187.9093017578125,94.76138305664062,17806.545323777944,892.0239868164062,246.21388244628906,1920,1080,810.8882446289062,230.35398864746094,925.1170043945312,231.0155029296875,114.228759765625,0.6615142822265625,0.3318039418100135,left,False,"{'safe_roi': (450, 80, 1500, 420), 'cylinder_roi': (800, 190, 1000, 300)}",ok_cylinder_inside_confirmed
2026-09-17 22:35:55,2026-09-17,15996360,27275,40,106.98029327392578,,38.6065673828125,0.7240968346595764,798.8007202148438,200.47186279296875,985.0032348632812,293.37945556640625,186.2025146484375,92.9075927734375,17299.627404347062,891.9019775390625,246.9256591796875,1920,1080,815.710205078125,238.64566040039062,921.6965942382812,224.09681701660156,105.98638916015625,14.548843383789062,7.816191282646152,left,False,"{'safe_roi': (450, 80, 1500, 420), 'cylinder_roi': (800, 190, 1000, 300)}",ok_cylinder_inside_confirmed
2026-09-17 22:36:00,2026-09-17,15996430,27275,40,111.08480834960938,,33.848388671875,0.7381333708763123,799.5911254882812,199.21322631835938,985.4386596679688,293.85113525390625,185.8475341796875,94.63790893554688,17588.2220155932,892.514892578125,246.5321807861328,1920,1080,813.3084716796875,235.04092407226562,924.2109375,228.6787109375,110.9024658203125,6.362213134765625,3.283325156496749,left,False,"{'safe_roi': (450, 80, 1500, 420), 'cylinder_roi': (800, 190, 1000, 300)}",ok_cylinder_inside_confirmed
2026-09-17 22:36:06,2026-09-17,15996499,27275,40,105.05271911621094,,38.53556823730469,0.7435919046401978,798.0219116210938,199.45123291015625,985.0044555664062,293.52728271484375,186.9825439453125,94.0760498046875,17590.579116806388,891.51318359375,246.4892578125,1920,1080,817.5950927734375,238.66177368164062,921.6178588867188,223.98736572265625,104.02276611328125,14.674407958984375,8.029684336280441,left,False,"{'safe_roi': (450, 80, 1500, 420), 'cylinder_roi': (800, 190, 1000, 300)}",ok_cylinder_inside_confirmed
2026-09-17 22:36:11,2026-09-17,15996570,27275,40,117.29888153076172,,29.687728881835938,0.7476404309272766,798.7195434570312,199.46731567382812,989.1718139648438,294.0228576660156,190.4522705078125,94.5555419921875,18008.317661508918,893.9456787109375,246.74508666992188,1920,1080,806.7125244140625,228.85760498046875,923.969970703125,231.97506713867188,117.2574462890625,3.117462158203125,1.5229340503491557,left,False,"{'safe_roi': (450, 80, 1500, 420), 'cylinder_roi': (800, 190, 1000, 300)}",ok_cylinder_inside_confirmed
2026-09-17 22:36:16,2026-09-17,15996641,27275,40,119.19651794433594,,28.364715576171875,0.7515667080879211,799.155029296875,200.08436584472656,988.5595703125,294.5966491699219,189.404541015625,94.51228332519531,17901.055643547326,893.8572998046875,247.34051513671875,1920,1080,804.044189453125,228.48085021972656,923.0912475585938,234.44805908203125,119.04705810546875,5.9672088623046875,2.86953732757382,left,False,"{'safe_roi': (450, 80, 1500, 420), 'cylinder_roi': (800, 190, 1000, 300)}",ok_cylinder_inside_confirmed
2026-09-17 22:36:21,2026-09-17,15996711,27275,40,109.7679443359375,,35.5079345703125,0.6956102848052979,798.7110595703125,200.66212463378906,985.155029296875,293.728271484375,186.4439697265625,93.06614685058594,17351.621865978464,891.9330444335938,247.1951904296875,1920,1080,813.3312377929688,236.70858764648438,922.65087890625,226.79811096191406,109.31964111328125,9.910476684570312,5.180043956549959,left,False,"{'safe_roi': (450, 80, 1500, 420), 'cylinder_roi': (800, 190, 1000, 300)}",ok_cylinder_inside_confirmed
2026-09-17 22:36:26,2026-09-17,15996780,27275,40,123.90763092041016,,28.062057495117188,0.7474270462989807,798.117919921875,200.73292541503906,986.3387451171875,293.8028564453125,188.2208251953125,93.06993103027344,17517.699219388887,892.2283325195312,247.26788330078125,1920,1080,802.598388671875,227.41256713867188,926.1829833984375,236.35403442382812,123.5845947265625,8.94146728515625,4.138195505057108,left,False,"{'safe_roi': (450, 80, 1500, 420), 'cylinder_roi': (800, 190, 1000, 300)}",ok_cylinder_inside_confirmed
2026-09-17 22:36:31,2026-09-17,15996849,27275,40,108.62992095947266,,35.24871826171875,0.6928492188453674,797.0810546875,199.81008911132812,985.947509765625,293.345703125,188.866455078125,93.53561401367188,17665.739842318,891.5142822265625,246.57789611816406,1920,1080,813.82958984375,236.92291259765625,922.025146484375,227.2182159423828,108.195556640625,9.704696655273438,5.125479823634306,left,False,"{'safe_roi': (450, 80, 1500, 420), 'cylinder_roi': (800, 190, 1000, 300)}",ok_cylinder_inside_confirmed
2026-09-17 22:36:37,2026-09-17,15996939,27275,40,111.17046356201172,,34.4111328125,0.7493945956230164,796.0223999023438,200.2171630859375,987.1688842773438,294.0295104980469,191.146484375,93.81234741210938,17931.900398790836,891.5956420898438,247.1233367919922,1920,1080,814.0689697265625,236.04910278320312,925.0120849609375,228.94297790527344,110.943115234375,7.1061248779296875,3.6649009722006816,left,False,"{'safe_roi': (450, 80, 1500, 420), 'cylinder_roi': (800, 190, 1000, 300)}",ok_cylinder_inside_confirmed
2026-09-17 22:36:43,2026-09-17,15997011,27275,40,106.49695587158203,,36.588958740234375,0.7290560603141785,796.4135131835938,199.7391815185547,988.3311157226562,293.871826171875,191.9176025390625,94.13264465332031,18065.711482526734,892.372314453125,246.80551147460938,1920,1080,816.0867309570312,240.16061401367188,921.5950317382812,225.68304443359375,105.50830078125,14.477569580078125,7.813181827630472,left,False,"{'safe_roi': (450, 80, 1500, 420), 'cylinder_roi': (800, 190, 1000, 300)}",ok_cylinder_inside_confirmed
2026-09-17 22:36:48,2026-09-17,15997080,27275,40,101.4962158203125,,36.821685791015625,0.7074639201164246,796.9808959960938,200.0239715576172,986.6726684570312,294.75927734375,189.6917724609375,94.73530578613281,17970.50806920044,891.8267822265625,247.39163208007812,1920,1080,822.2825317382812,239.4681396484375,922.678955078125,224.567138671875,100.39642333984375,14.9010009765625,8.442301345620933,left,False,"{'safe_roi': (450, 80, 1500, 420), 'cylinder_roi': (800, 190, 1000, 300)}",ok_cylinder_inside_confirmed
2026-09-17 22:36:55,2026-09-17,15997177,27275,40,106.55332946777344,,33.82499694824219,0.7099351286888123,796.7489013671875,200.2884063720703,985.846923828125,294.55877685546875,189.0980224609375,94.27037048339844,17826.340635070577,891.2979125976562,247.423583984375,1920,1080,817.9998779296875,235.06320190429688,924.3597412109375,228.64511108398438,106.35986328125,6.4180908203125,3.4532213589584653,left,False,"{'safe_roi': (450, 80, 1500, 420), 'cylinder_roi': (800, 190, 1000, 300)}",ok_cylinder_inside_confirmed
2026-09-17 22:37:00,2026-09-17,15997248,27275,40,101.13933563232422,,34.853912353515625,0.7019456028938293,797.7216796875,199.5157012939453,987.6480712890625,294.8043212890625,189.9263916015625,95.28861999511719,18097.823756365106,892.6848754882812,247.16000366210938,1920,1080,822.0885009765625,234.8939971923828,922.873779296875,226.43865966796875,100.7852783203125,8.455337524414062,4.795574892268199,left,False,"{'safe_roi': (450, 80, 1500, 420), 'cylinder_roi': (800, 190, 1000, 300)}",ok_cylinder_inside_confirmed
2026-09-17 22:37:05,2026-09-17,15997321,27275,40,101.10706329345703,,33.88264465332031,0.7082858681678772,798.560791015625,201.81884765625,986.6888427734375,294.7876281738281,188.1280517578125,92.96878051757812,17490.035553071648,892.6248168945312,248.30323791503906,1920,1080,822.6830444335938,238.13223266601562,923.188232421875,227.1165771484375,100.50518798828125,11.015655517578125,6.254814812577041,left,False,"{'safe_roi': (450, 80, 1500, 420), 'cylinder_roi': (800, 190, 1000, 300)}",ok_cylinder_inside_confirmed
2026-09-17 22:37:42,2026-09-17,15997827,27275,41,115.53739166259766,,27.737380981445312,0.718583345413208,799.1605834960938,200.81805419921875,987.9911499023438,294.8140869140625,188.83056640625,93.99603271484375,17749.32409748435,893.5758666992188,247.81607055664062,1920,1080,807.0086059570312,234.63462829589844,922.5325317382812,232.87086486816406,115.52392578125,1.763763427734375,0.8746962927005998,left,False,"{'safe_roi': (450, 80, 1500, 420), 'cylinder_roi': (800, 190, 1000, 300)}",ok_cylinder_inside_confirmed
2026-09-17 22:37:47,2026-09-17,15997899,27275,41,107.69657897949219,,28.877105712890625,0.7131314277648926,800.4240112304688,200.7719268798828,987.5009155273438,295.22601318359375,187.076904296875,94.45408630371094,17670.178063888103,893.9624633789062,247.99896240234375,1920,1080,814.3814697265625,238.83535766601562,921.6551513671875,229.30062866210938,107.273681640625,9.53472900390625,5.0792319525425365,left,False,"{'safe_roi': (450, 80, 1500, 420), 'cylinder_roi': (800, 190, 1000, 300)}",ok_cylinder_inside_confirmed
2026-09-17 22:37:52,2026-09-17,15997971,27275,41,116.16708374023438,,28.524368286132812,0.7039604187011719,800.7366943359375,201.02374267578125,989.5015869140625,295.5912780761719,188.764892578125,94.56753540039062,17851.03066123277,895.119140625,248.30751037597656,1920,1080,807.1107788085938,236.7257537841797,923.2540283203125,234.37277221679688,116.14324951171875,2.3529815673828125,1.1606139280643406,left,False,"{'safe_roi': (450, 80, 1500, 420), 'cylinder_roi': (800, 190, 1000, 300)}",ok_cylinder_inside_confirmed
2026-09-17 23:00:54,2026-09-17,16017491,27276,42,115.12320709228516,,33.276458740234375,0.7414602041244507,824.9254150390625,174.3043670654297,1031.1949462890625,293.7930908203125,206.26953125,119.48872375488281,24646.883038580418,928.0601806640625,234.04873657226562,1920,1080,825.11962890625,208.32350158691406,939.9140014648438,217.01858520507812,114.79437255859375,8.695083618164062,4.3315895509331535,left,False,"{'safe_roi': (450, 80, 1500, 420), 'cylinder_roi': (800, 190, 1000, 300)}",ok_cylinder_inside_confirmed
2026-09-17 23:35:59,2026-09-17,16046518,27276,43,124.22946166992188,,36.23695373535156,0.7812100052833557,829.11279296875,175.07713317871094,1030.2469482421875,293.77447509765625,201.1341552734375,118.69734191894531,23874.08960006945,929.6798706054688,234.42581176757812,1920,1080,823.4273071289062,196.80589294433594,947.2161865234375,207.25924682617188,123.78887939453125,10.453353881835938,4.826891288126205,left,False,"{'safe_roi': (450, 80, 1500, 420), 'cylinder_roi': (800, 190, 1000, 300)}",ok_cylinder_inside_confirmed
2026-09-17 23:36:15,2026-09-17,16046739,27276,43,124.63331604003906,,27.604827880859375,0.7544355988502502,831.1963500976562,178.23593139648438,1027.8751220703125,294.0647277832031,196.67877197265625,115.82879638671875,22781.065432410687,929.5357666015625,236.15032958984375,1920,1080,829.4942626953125,193.28179931640625,952.26171875,214.76702880859375,122.7674560546875,21.4852294921875,9.926664233531461,left,False,"{'safe_roi': (450, 80, 1500, 420), 'cylinder_roi': (800, 190, 1000, 300)}",ok_cylinder_inside_confirmed
2026-09-17 23:36:20,2026-09-17,16046805,27276,43,126.49390411376953,,39.8992919921875,0.7380220293998718,829.06103515625,177.53994750976562,1026.3233642578125,295.5922546386719,197.2623291015625,118.05230712890625,23287.273060061038,927.6921997070312,236.56610107421875,1920,1080,822.7168579101562,195.48822021484375,948.6366577148438,207.52618408203125,125.9197998046875,12.0379638671875,5.460894536582958,left,False,"{'safe_roi': (450, 80, 1500, 420), 'cylinder_roi': (800, 190, 1000, 300)}",ok_cylinder_inside_confirmed
2026-09-17 23:36:25,2026-09-17,16046874,27276,43,121.62669372558594,,36.59617614746094,0.7546281218528748,831.3596801757812,175.812255859375,1026.27734375,293.3595886230469,194.91766357421875,117.54733276367188,22912.051461676136,928.8184814453125,234.58592224121094,1920,1080,825.454833984375,198.72450256347656,946.794189453125,207.0799560546875,121.33935546875,8.355453491210938,3.9391810832897733,left,False,"{'safe_roi': (450, 80, 1500, 420), 'cylinder_roi': (800, 190, 1000, 300)}",ok_cylinder_inside_confirmed
2026-09-17 23:36:32,2026-09-17,16046974,27276,43,122.4367446899414,,36.46435546875,0.7546764612197876,828.2911376953125,175.15145874023438,1027.1358642578125,293.39361572265625,198.8447265625,118.24215698242188,23511.829373329878,927.7135009765625,234.2725372314453,1920,1080,823.9732666015625,195.5381317138672,945.9027099609375,206.67222595214844,121.929443359375,11.13409423828125,5.217544229415297,left,False,"{'safe_roi': (450, 80, 1500, 420), 'cylinder_roi': (800, 190, 1000, 300)}",ok_cylinder_inside_confirmed
2026-09-17 23:38:00,2026-09-17,16048171,27276,44,114.69367218017578,,35.85633850097656,0.789640486240387,851.9728393554688,193.57496643066406,1036.40185546875,311.0931091308594,184.42901611328125,117.51814270019531,21673.755433657207,944.1873779296875,252.33404541015625,1920,1080,853.4239501953125,211.2697296142578,965.40283203125,236.07635498046875,111.9788818359375,24.806625366210938,12.49097970874225,left,False,"{'safe_roi': (450, 80, 1500, 420), 'cylinder_roi': (800, 190, 1000, 300)}",ok_cylinder_inside_confirmed
2026-09-17 23:38:07,2026-09-17,16048275,27276,44,119.29975128173828,,37.83412170410156,0.792290449142456,852.9595336914062,195.55331420898438,1037.211669921875,311.0570983886719,184.25213623046875,115.5037841796875,21281.818977810442,945.0855712890625,253.30520629882812,1920,1080,850.4114379882812,211.42259216308594,967.0924072265625,236.28184509277344,116.68096923828125,24.8592529296875,12.02722204041707,left,False,"{'safe_roi': (450, 80, 1500, 420), 'cylinder_roi': (800, 190, 1000, 300)}",ok_cylinder_inside_confirmed
2026-09-17 23:38:15,2026-09-17,16048387,27276,44,121.28634643554688,,35.815155029296875,0.7927571535110474,851.513916015625,193.1554412841797,1037.4642333984375,309.97943115234375,185.9503173828125,116.82398986816406,21723.45799391158,944.4890747070312,251.56744384765625,1920,1080,849.5860595703125,212.91331481933594,968.9766845703125,234.27346801757812,119.390625,21.360153198242188,10.143458863984257,left,False,"{'safe_roi': (450, 80, 1500, 420), 'cylinder_roi': (800, 190, 1000, 300)}",ok_cylinder_inside_confirmed
2026-09-17 23:38:23,2026-09-17,16048499,27276,44,121.40914154052734,,36.4815673828125,0.7873221635818481,853.2365112304688,193.84251403808594,1038.060546875,310.26007080078125,184.82403564453125,116.41755676269531,21516.76266075764,945.6485595703125,252.05130004882812,1920,1080,849.5565185546875,213.88868713378906,969.2841796875,234.02490234375,119.7276611328125,20.136215209960938,9.546859754050566,left,False,"{'safe_roi': (450, 80, 1500, 420), 'cylinder_roi': (800, 190, 1000, 300)}",ok_cylinder_inside_confirmed
2026-09-17 23:38:28,2026-09-17,16048568,27276,44,122.90238952636719,,37.407623291015625,0.793336808681488,849.8030395507812,195.5323944091797,1035.24072265625,311.2825927734375,185.43768310546875,115.75019836425781,21464.448603666387,942.5218505859375,253.40750122070312,1920,1080,849.1334228515625,213.81442260742188,970.158203125,235.21536254882812,121.0247802734375,21.40093994140625,10.028008201583418,left,False,"{'safe_roi': (450, 80, 1500, 420), 'cylinder_roi': (800, 190, 1000, 300)}",ok_cylinder_inside_confirmed
2026-09-17 23:38:36,2026-09-17,16048677,27276,44,118.68121337890625,,39.300201416015625,0.790576696395874,850.7576293945312,195.03807067871094,1039.4788818359375,310.1353759765625,188.72125244140625,115.09730529785156,21721.30760844145,945.1182861328125,252.58673095703125,1920,1080,852.1719360351562,214.33387756347656,969.0344848632812,235.03109741210938,116.862548828125,20.697219848632812,10.04335951392681,left,False,"{'safe_roi': (450, 80, 1500, 420), 'cylinder_roi': (800, 190, 1000, 300)}",ok_cylinder_inside_confirmed
2026-09-17 23:38:44,2026-09-17,16048780,27276,44,116.9512710571289,,36.87269592285156,0.7853887677192688,851.547119140625,196.91357421875,1038.205322265625,309.8220520019531,186.658203125,112.90847778320312,21075.29358059168,944.876220703125,253.36781311035156,1920,1080,851.6041259765625,215.13754272460938,967.1213989257812,233.39569091796875,115.51727294921875,18.258148193359375,8.981617193001128,left,False,"{'safe_roi': (450, 80, 1500, 420), 'cylinder_roi': (800, 190, 1000, 300)}",ok_cylinder_inside_confirmed
2026-09-17 23:38:49,2026-09-17,16048848,27276,44,113.72325134277344,,36.94488525390625,0.7888603210449219,851.8878173828125,196.2671356201172,1038.126953125,308.374755859375,186.2391357421875,112.10762023925781,20878.826303472742,945.0073852539062,252.32095336914062,1920,1080,853.2145385742188,215.44915771484375,965.6495361328125,232.5181121826172,112.43499755859375,17.068954467773438,8.632260287660856,left,False,"{'safe_roi': (450, 80, 1500, 420), 'cylinder_roi': (800, 190, 1000, 300)}",ok_cylinder_inside_confirmed
2026-09-17 23:40:55,2026-09-17,16050604,27277,45,124.73194885253906,,28.4713134765625,0.724216103553772,823.3931274414062,176.481689453125,1016.7830200195312,292.61492919921875,193.389892578125,116.13323974609375,22458.994759246707,920.0880737304688,234.54830932617188,1920,1080,821.44384765625,190.30612182617188,943.490966796875,216.04637145996094,122.047119140625,25.740249633789062,11.909388571656777,left,False,"{'safe_roi': (450, 80, 1500, 420), 'cylinder_roi': (800, 190, 1000, 300)}",ok_cylinder_inside_confirmed
2026-09-17 23:41:05,2026-09-17,16050738,27277,45,126.8717269897461,,26.464553833007812,0.7235861420631409,821.693603515625,177.45790100097656,1012.2696533203125,292.38177490234375,190.5760498046875,114.92387390136719,21901.73791637458,916.9816284179688,234.91983032226562,1920,1080,819.9385375976562,191.246337890625,943.988525390625,217.8552703857422,124.04998779296875,26.608932495117188,12.106587986772904,left,False,"{'safe_roi': (450, 80, 1500, 420), 'cylinder_roi': (800, 190, 1000, 300)}",ok_cylinder_inside_confirmed
2026-09-17 23:41:16,2026-09-17,16050883,27277,45,126.73062133789062,,32.06146240234375,0.7113685607910156,820.6934204101562,173.8992919921875,1018.4393920898438,292.9588623046875,197.7459716796875,119.0595703125,23543.550419211388,919.56640625,233.4290771484375,1920,1080,819.8756103515625,192.47523498535156,944.460205078125,215.69871520996094,124.5845947265625,23.223480224609375,10.559163528505131,left,False,"{'safe_roi': (450, 80, 1500, 420), 'cylinder_roi': (800, 190, 1000, 300)}",ok_cylinder_inside_confirmed
2026-09-17 23:41:21,2026-09-17,16050957,27277,45,124.6564712524414,,29.61163330078125,0.7318350672721863,821.0870361328125,175.13607788085938,1017.423095703125,292.586669921875,196.3360595703125,117.45059204101562,23059.786435533315,919.2550659179688,233.8613739013672,1920,1080,818.94287109375,193.4827117919922,941.2203369140625,217.72021484375,122.2774658203125,24.237503051757812,11.211683471330877,left,False,"{'safe_roi': (450, 80, 1500, 420), 'cylinder_roi': (800, 190, 1000, 300)}",ok_cylinder_inside_confirmed
2026-09-17 23:41:26,2026-09-17,16051029,27277,45,108.52922821044922,,33.55924987792969,0.7482649683952332,821.950927734375,174.8675994873047,1015.4521484375,292.37127685546875,193.501220703125,117.50367736816406,22737.10500784591,918.7015380859375,233.61944580078125,1920,1080,828.0374145507812,196.79820251464844,935.1353759765625,214.36578369140625,107.09796142578125,17.567581176757812,9.315430380756208,left,False,"{'safe_roi': (450, 80, 1500, 420), 'cylinder_roi': (800, 190, 1000, 300)}",ok_cylinder_inside_confirmed
2026-09-17 23:41:31,2026-09-17,16051100,27277,45,125.9774398803711,,27.727157592773438,0.6957489848136902,822.3184204101562,174.98141479492188,1017.6763305664062,292.7569274902344,195.35791015625,117.7755126953125,23008.37802773714,919.9973754882812,233.86917114257812,1920,1080,819.5459594726562,192.08636474609375,943.4783325195312,214.69349670410156,123.932373046875,22.607131958007812,10.337947543249683,left,False,"{'safe_roi': (450, 80, 1500, 420), 'cylinder_roi': (800, 190, 1000, 300)}",ok_cylinder_inside_confirmed
2026-09-17 23:41:36,2026-09-17,16051170,27277,45,106.15755462646484,,33.85682678222656,0.6607826352119446,823.1795043945312,175.48097229003906,1017.4384155273438,292.42633056640625,194.2589111328125,116.94535827636719,22717.677960803732,920.3089599609375,233.95364379882812,1920,1080,830.1741943359375,196.1754608154297,934.9835205078125,213.04055786132812,104.809326171875,16.865097045898438,9.14122909744343,left,False,"{'safe_roi': (450, 80, 1500, 420), 'cylinder_roi': (800, 190, 1000, 300)}",ok_cylinder_inside_confirmed
2026-09-17 23:41:41,2026-09-17,16051241,27277,45,121.9029769897461,,32.229827880859375,0.703476071357727,820.4007568359375,173.2676544189453,1017.6397705078125,293.032470703125,197.239013671875,119.76481628417969,23622.294236484915,919.020263671875,233.15005493164062,1920,1080,823.4285888671875,193.83900451660156,943.872802734375,212.64134216308594,120.4442138671875,18.802337646484375,8.872731880289063,left,False,"{'safe_roi': (450, 80, 1500, 420), 'cylinder_roi': (800, 190, 1000, 300)}",ok_cylinder_inside_confirmed
2026-09-17 23:41:46,2026-09-17,16051310,27277,45,123.15838623046875,,31.732345581054688,0.7378342747688293,821.7155151367188,173.69802856445312,1018.4688110351562,293.2264099121094,196.7532958984375,119.52838134765625,23517.602983556688,920.0921630859375,233.46221923828125,1920,1080,823.8180541992188,191.33546447753906,945.4037475585938,210.95452880859375,121.585693359375,19.619064331054688,9.166236556022856,left,False,"{'safe_roi': (450, 80, 1500, 420), 'cylinder_roi': (800, 190, 1000, 300)}",ok_cylinder_inside_confirmed
2026-09-17 23:42:04,2026-09-17,16051560,27277,45,108.14132690429688,,31.95709228515625,0.6737235188484192,822.0008544921875,173.0868377685547,1017.9986572265625,292.12841796875,195.997802734375,119.04158020019531,23331.88815326616,919.999755859375,232.60763549804688,1920,1080,829.880615234375,194.36911010742188,936.4131469726562,212.953125,106.53253173828125,18.584014892578125,9.895360897857248,left,False,"{'safe_roi': (450, 80, 1500, 420), 'cylinder_roi': (800, 190, 1000, 300)}",ok_cylinder_inside_confirmed
2026-09-17 23:42:23,2026-09-17,16051830,27277,45,94.58184051513672,,35.112396240234375,0.6367549300193787,827.8565673828125,178.1786346435547,1004.0408935546875,292.8871765136719,176.184326171875,114.70854187011719,20209.847155544907,915.94873046875,235.53289794921875,1920,1080,835.1736450195312,196.3480682373047,928.5729370117188,211.25770568847656,93.3992919921875,14.909637451171875,9.06978997817824,left,False,"{'safe_roi': (450, 80, 1500, 420), 'cylinder_roi': (800, 190, 1000, 300)}",ok_cylinder_inside_confirmed
2026-09-17 23:42:29,2026-09-17,16051900,27277,45,128.66966247558594,,26.070709228515625,0.7512996792793274,818.9880981445312,183.43218994140625,995.6832885742188,291.8434143066406,176.6951904296875,108.41122436523438,19155.741933930665,907.335693359375,237.63780212402344,1920,1080,817.059814453125,198.66444396972656,942.468017578125,227.45095825195312,125.408203125,28.786514282226562,12.92786698524599,left,False,"{'safe_roi': (450, 80, 1500, 420), 'cylinder_roi': (800, 190, 1000, 300)}",ok_cylinder_inside_confirmed
2026-09-17 23:42:34,2026-09-17,16051968,27277,45,133.2294464111328,,25.437088012695312,0.7450401186943054,814.1349487304688,187.24188232421875,996.4205932617188,288.4681091308594,182.28564453125,101.22622680664062,18452.087996914983,905.2777709960938,237.85499572753906,1920,1080,813.9073486328125,204.4365692138672,944.82421875,229.15213012695312,130.9168701171875,24.715560913085938,10.690940604504002,left,False,"{'safe_roi': (450, 80, 1500, 420), 'cylinder_roi': (800, 190, 1000, 300)}",ok_cylinder_inside_confirmed
2026-09-17 23:42:39,2026-09-17,16052035,27277,45,133.01336669921875,,22.19183349609375,0.7225664258003235,814.48388671875,187.74163818359375,989.4925537109375,285.90167236328125,175.0086669921875,98.1600341796875,17178.856733694673,901.9882202148438,236.8216552734375,1920,1080,813.746337890625,203.76025390625,944.5603637695312,227.84857177734375,130.81402587890625,24.08831787109375,10.43366159329217,left,False,"{'safe_roi': (450, 80, 1500, 420), 'cylinder_roi': (800, 190, 1000, 300)}",ok_cylinder_inside_confirmed
2026-09-17 23:42:44,2026-09-17,16052103,27277,45,129.41273498535156,,24.3060302734375,0.7216278910636902,816.9177856445312,185.71456909179688,997.8633422851562,290.7714538574219,180.945556640625,105.056884765625,19009.576492846012,907.3905639648438,238.24301147460938,1920,1080,811.72021484375,201.9085693359375,938.90185546875,225.8352508544922,127.181640625,23.926681518554688,10.654521489177242,left,False,"{'safe_roi': (450, 80, 1500, 420), 'cylinder_roi': (800, 190, 1000, 300)}",ok_cylinder_inside_confirmed
2026-09-17 23:42:49,2026-09-17,16052172,27277,45,135.23251342773438,,22.290435791015625,0.6874129772186279,815.861328125,185.30105590820312,997.862548828125,290.9639587402344,182.001220703125,105.66290283203125,19230.77729846537,906.8619384765625,238.13250732421875,1920,1080,811.3395385742188,200.304443359375,943.8267822265625,227.41461181640625,132.48724365234375,27.11016845703125,11.5644912973403,left,False,"{'safe_roi': (450, 80, 1500, 420), 'cylinder_roi': (800, 190, 1000, 300)}",ok_cylinder_inside_confirmed
2026-09-17 23:42:54,2026-09-17,16052243,27277,45,138.83685302734375,,22.254226684570312,0.7027426362037659,815.5823974609375,185.5064697265625,992.2987060546875,285.052490234375,176.71630859375,99.5460205078125,17591.40527933836,903.9405517578125,235.27947998046875,1920,1080,812.78271484375,201.64134216308594,949.3157348632812,226.8287353515625,136.53302001953125,25.187393188476562,10.452318998063827,left,False,"{'safe_roi': (450, 80, 1500, 420), 'cylinder_roi': (800, 190, 1000, 300)}",ok_cylinder_inside_confirmed
2026-09-17 23:42:59,2026-09-17,16052314,27277,45,129.9422149658203,,28.246017456054688,0.720729649066925,815.5396118164062,185.22720336914062,993.2222290039062,289.6302795410156,177.6826171875,104.403076171875,18550.61181664467,904.3809204101562,237.42874145507812,1920,1080,815.4008178710938,203.39208984375,942.9973754882812,227.97052001953125,127.5965576171875,24.57843017578125,10.903120070454088,left,False,"{'safe_roi': (450, 80, 1500, 420), 'cylinder_roi': (800, 190, 1000, 300)}",ok_cylinder_inside_confirmed
2026-09-17 23:43:04,2026-09-17,16052383,27277,45,130.2840576171875,,28.376754760742188,0.7330644130706787,818.4238891601562,185.80645751953125,996.1089477539062,289.00592041015625,177.68505859375,103.199462890625,18337.002610564232,907.2664184570312,237.40618896484375,1920,1080,813.7752075195312,200.5377655029297,941.6593627929688,225.4291229248047,127.8841552734375,24.891357421875,11.014330484665486,left,False,"{'safe_roi': (450, 80, 1500, 420), 'cylinder_roi': (800, 190, 1000, 300)}",ok_cylinder_inside_confirmed
2026-09-17 23:43:09,2026-09-17,16052451,27277,45,132.7566680908203,,24.62579345703125,0.7165943384170532,815.9134521484375,183.77894592285156,1004.5018310546875,291.8927917480469,188.58837890625,108.11384582519531,20389.01492149383,910.2076416015625,237.83587646484375,1920,1080,813.9952392578125,199.146728515625,944.0661010742188,225.71559143066406,130.07086181640625,26.568862915039062,11.544680308294232,left,False,"{'safe_roi': (450, 80, 1500, 420), 'cylinder_roi': (800, 190, 1000, 300)}",ok_cylinder_inside_confirmed
2026-09-17 23:43:14,2026-09-17,16052520,27277,45,130.26373291015625,,27.724197387695312,0.7248603105545044,816.0503540039062,184.27317810058594,997.2483520507812,290.2598571777344,181.197998046875,105.98667907714844,19204.57406841591,906.6493530273438,237.26651000976562,1920,1080,814.7637939453125,201.7010040283203,942.7380981445312,226.0159912109375,127.97430419921875,24.314987182617188,10.757910647728254,left,False,"{'safe_roi': (450, 80, 1500, 420), 'cylinder_roi': (800, 190, 1000, 300)}",ok_cylinder_inside_confirmed
2026-09-17 23:43:19,2026-09-17,16052590,27277,45,128.30067443847656,,31.748046875,0.7426988482475281,813.849365234375,187.13189697265625,987.26123046875,288.896240234375,173.411865234375,101.76434326171875,17647.14457936585,900.5552978515625,238.01406860351562,1920,1080,814.094482421875,207.82008361816406,940.9750366210938,226.85659790039062,126.88055419921875,19.036514282226562,8.532722555331404,left,False,"{'safe_roi': (450, 80, 1500, 420), 'cylinder_roi': (800, 190, 1000, 300)}",ok_cylinder_inside_confirmed
2026-09-17 23:43:24,2026-09-17,16052658,27277,45,131.95713806152344,,27.8037109375,0.7525734305381775,816.2431640625,182.94918823242188,1003.659912109375,291.7219543457031,187.416748046875,108.77276611328125,20385.838101014495,909.9515380859375,237.3355712890625,1920,1080,813.2549438476562,201.856201171875,943.0377807617188,225.71206665039062,129.7828369140625,23.855865478515625,10.415484397768275,left,False,"{'safe_roi': (450, 80, 1500, 420), 'cylinder_roi': (800, 190, 1000, 300)}",ok_cylinder_inside_confirmed
2026-09-17 23:43:29,2026-09-17,16052728,27277,45,127.52510833740234,,24.068862915039062,0.6893811821937561,817.3274536132812,182.39260864257812,1008.8339233398438,293.8216552734375,191.5064697265625,111.42904663085938,21339.383345272392,913.0806884765625,238.1071319580078,1920,1080,814.887451171875,195.95570373535156,939.921875,221.0364990234375,125.034423828125,25.080795288085938,11.342494885112302,left,False,"{'safe_roi': (450, 80, 1500, 420), 'cylinder_roi': (800, 190, 1000, 300)}",ok_cylinder_inside_confirmed
2026-09-17 23:43:34,2026-09-17,16052794,27277,45,127.59466552734375,,28.043121337890625,0.7383565902709961,816.2844848632812,181.9416046142578,1005.1930541992188,291.8474426269531,188.9085693359375,109.90583801269531,20762.154620645568,910.73876953125,236.89453125,1920,1080,814.1135864257812,197.5753936767578,939.4559326171875,221.44366455078125,125.34234619140625,23.868270874023438,10.781447503170341,left,False,"{'safe_roi': (450, 80, 1500, 420), 'cylinder_roi': (800, 190, 1000, 300)}",ok_cylinder_inside_confirmed
2026-09-17 23:43:39,2026-09-17,16052867,27277,45,129.11927795410156,,29.224838256835938,0.7463268041610718,815.2236938476562,183.30873107910156,1001.9440307617188,290.78521728515625,186.7203369140625,107.47648620605469,20068.045714734122,908.5838623046875,237.04696655273438,1920,1080,813.6932983398438,200.709228515625,940.9063720703125,222.81402587890625,127.21307373046875,22.10479736328125,9.85740631227215,left,False,"{'safe_roi': (450, 80, 1500, 420), 'cylinder_roi': (800, 190, 1000, 300)}",ok_cylinder_inside_confirmed
2026-09-17 23:43:44,2026-09-17,16052937,27277,45,128.6822967529297,,24.830459594726562,0.741807222366333,818.8314819335938,183.51168823242188,995.5093383789062,292.50067138671875,176.6778564453125,108.98898315429688,19255.939919855446,907.17041015625,238.0061798095703,1920,1080,816.3709106445312,198.0703125,942.0363159179688,225.77117919921875,125.6654052734375,27.70086669921875,12.431108133203157,left,False,"{'safe_roi': (450, 80, 1500, 420), 'cylinder_roi': (800, 190, 1000, 300)}",ok_cylinder_inside_confirmed
2026-09-17 23:43:49,2026-09-17,16053007,27277,45,128.9816131591797,,22.679840087890625,0.7575333714485168,817.3165283203125,183.67530822753906,1000.5716552734375,293.2702941894531,183.255126953125,109.59498596191406,20083.843065876514,908.944091796875,238.47280883789062,1920,1080,814.8386840820312,199.25929260253906,941.117919921875,225.5235595703125,126.27923583984375,26.264266967773438,11.749194610295987,left,False,"{'safe_roi': (450, 80, 1500, 420), 'cylinder_roi': (800, 190, 1000, 300)}",ok_cylinder_inside_confirmed
2026-09-17 23:43:55,2026-09-17,16053074,27277,45,132.07301330566406,,27.925704956054688,0.7496818900108337,813.6107177734375,185.54881286621094,999.99169921875,293.22967529296875,186.3809814453125,107.68086242675781,20069.664821976796,906.8012084960938,239.38925170898438,1920,1080,814.0730590820312,203.95933532714844,944.264404296875,226.174072265625,130.19134521484375,22.214736938476562,9.683204387990882,left,False,"{'safe_roi': (450, 80, 1500, 420), 'cylinder_roi': (800, 190, 1000, 300)}",ok_cylinder_inside_confirmed
2026-09-17 23:44:00,2026-09-17,16053142,27277,45,130.3897705078125,,31.891860961914062,0.7508657574653625,814.1318359375,185.42385864257812,995.96435546875,290.96533203125,181.83251953125,105.54147338867188,19190.87202130258,905.048095703125,238.19459533691406,1920,1080,813.8651123046875,205.92507934570312,942.7333984375,225.7860107421875,128.8682861328125,19.860931396484375,8.761381001558103,left,False,"{'safe_roi': (450, 80, 1500, 420), 'cylinder_roi': (800, 190, 1000, 300)}",ok_cylinder_inside_confirmed
2026-09-17 23:44:05,2026-09-17,16053211,27277,45,121.72038269042969,,31.30682373046875,0.7476393580436707,812.1370849609375,190.49911499023438,989.4444580078125,290.580078125,177.307373046875,100.08096313476562,17745.092665426433,900.790771484375,240.5395965576172,1920,1080,815.5047607421875,209.9038848876953,935.6351318359375,229.51373291015625,120.13037109375,19.609848022460938,9.271080887965036,left,False,"{'safe_roi': (450, 80, 1500, 420), 'cylinder_roi': (800, 190, 1000, 300)}",ok_cylinder_inside_confirmed
2026-09-17 23:44:10,2026-09-17,16053281,27277,45,126.64906311035156,,31.04705810546875,0.7437569499015808,812.39794921875,190.720458984375,995.2847900390625,290.66552734375,182.8868408203125,99.945068359375,18278.637807816267,903.8413696289062,240.6929931640625,1920,1080,815.12548828125,211.6946563720703,940.735595703125,227.88375854492188,125.610107421875,16.189102172851562,7.344009884068503,left,False,"{'safe_roi': (450, 80, 1500, 420), 'cylinder_roi': (800, 190, 1000, 300)}",ok_cylinder_inside_confirmed
2026-09-17 23:44:15,2026-09-17,16053346,27277,45,129.7187957763672,,30.9832763671875,0.745628833770752,813.9588012695312,186.7245330810547,999.2617797851562,291.4656982421875,185.302978515625,104.74116516113281,19408.849877554923,906.6102905273438,239.09512329101562,1920,1080,812.6045532226562,212.2510986328125,941.626953125,225.67437744140625,129.02239990234375,13.42327880859375,5.939590403879412,left,False,"{'safe_roi': (450, 80, 1500, 420), 'cylinder_roi': (800, 190, 1000, 300)}",ok_cylinder_inside_confirmed
2026-09-17 23:44:20,2026-09-17,16053414,27277,45,131.361572265625,,31.231109619140625,0.7516778707504272,814.2640380859375,185.99789428710938,1006.172607421875,290.6080322265625,191.9085693359375,104.61013793945312,20075.581909995526,910.2183227539062,238.30296325683594,1920,1080,812.6092529296875,212.14337158203125,943.380126953125,224.58692932128906,130.7708740234375,12.443557739257812,5.435637760730872,left,False,"{'safe_roi': (450, 80, 1500, 420), 'cylinder_roi': (800, 190, 1000, 300)}",ok_cylinder_inside_confirmed
2026-09-17 23:44:25,2026-09-17,16053484,27277,45,127.69973754882812,,31.66290283203125,0.7416257858276367,813.7160034179688,187.44430541992188,999.0899047851562,291.2997741699219,185.3739013671875,103.85546875,19252.093420505524,906.4029541015625,239.37203979492188,1920,1080,815.4383544921875,210.80667114257812,941.8436889648438,228.94265747070312,126.40533447265625,18.135986328125,8.164783489637891,left,False,"{'safe_roi': (450, 80, 1500, 420), 'cylinder_roi': (800, 190, 1000, 300)}",ok_cylinder_inside_confirmed
2026-09-17 23:44:30,2026-09-17,16053553,27277,45,128.41891479492188,,34.02693176269531,0.7452820539474487,812.79638671875,188.13751220703125,996.7674560546875,289.5445556640625,183.9710693359375,101.40704345703125,18655.962222985923,904.7819213867188,238.84103393554688,1920,1080,812.5850830078125,212.96983337402344,940.2734375,226.64830017089844,127.6883544921875,13.678466796875,6.1144263018744605,left,False,"{'safe_roi': (450, 80, 1500, 420), 'cylinder_roi': (800, 190, 1000, 300)}",ok_cylinder_inside_confirmed
2026-09-17 23:44:35,2026-09-17,16053621,27277,45,128.17173767089844,,32.21101379394531,0.7448132038116455,813.723388671875,187.33041381835938,996.5008544921875,289.36395263671875,182.7774658203125,102.03353881835938,18649.43165389821,905.1121215820312,238.34718322753906,1920,1080,814.20849609375,211.59950256347656,941.32568359375,228.00729370117188,127.1171875,16.407791137695312,7.354850313814266,left,False,"{'safe_roi': (450, 80, 1500, 420), 'cylinder_roi': (800, 190, 1000, 300)}",ok_cylinder_inside_confirmed
2026-09-17 23:44:40,2026-09-17,16053692,27277,45,126.02838134765625,,28.482391357421875,0.7378764748573303,817.3773193359375,186.23524475097656,997.0123291015625,291.0351257324219,179.635009765625,104.79988098144531,18825.727643538266,907.19482421875,238.63519287109375,1920,1080,814.802734375,209.95382690429688,939.75048828125,226.42233276367188,124.94775390625,16.468505859375,7.508483759977426,left,False,"{'safe_roi': (450, 80, 1500, 420), 'cylinder_roi': (800, 190, 1000, 300)}",ok_cylinder_inside_confirmed
2026-09-17 23:44:45,2026-09-17,16053759,27277,45,129.21142578125,,30.804931640625,0.7490414977073669,815.4119873046875,184.84303283691406,999.058837890625,292.9323425292969,183.6468505859375,108.08930969238281,19850.261307014152,907.2354125976562,238.8876953125,1920,1080,812.1826171875,213.93472290039062,940.9796142578125,224.27525329589844,128.7969970703125,10.340530395507812,4.5901744071047075,left,False,"{'safe_roi': (450, 80, 1500, 420), 'cylinder_roi': (800, 190, 1000, 300)}",ok_cylinder_inside_confirmed
2026-09-17 23:44:50,2026-09-17,16053818,27277,45,126.98179626464844,,30.783111572265625,0.7483607530593872,815.1304321289062,185.33424377441406,1001.3655395507812,293.5766906738281,186.235107421875,108.24244689941406,20158.54372591898,908.2479858398438,239.45547485351562,1920,1080,812.9588623046875,214.53099060058594,939.48828125,225.23995971679688,126.5294189453125,10.708969116210938,4.837767557927614,left,False,"{'safe_roi': (450, 80, 1500, 420), 'cylinder_roi': (800, 190, 1000, 300)}",ok_cylinder_inside_confirmed
2026-09-17 23:44:55,2026-09-17,16053876,27277,45,125.84175109863281,,31.61151123046875,0.749544620513916,815.3077392578125,184.7635498046875,1001.6640625,293.4931335449219,186.3563232421875,108.72958374023438,20262.44545348361,908.4859008789062,239.1283416748047,1920,1080,812.0361938476562,214.35301208496094,937.4700317382812,224.47714233398438,125.433837890625,10.124130249023438,4.614506012562789,left,False,"{'safe_roi': (450, 80, 1500, 420), 'cylinder_roi': (800, 190, 1000, 300)}",ok_cylinder_inside_confirmed
2026-09-17 23:45:00,2026-09-17,16053933,27277,45,131.6587371826172,,28.17266845703125,0.7521438002586365,814.5201416015625,182.53067016601562,1006.515380859375,292.510986328125,191.9952392578125,109.98031616210938,21115.697115194052,910.5177612304688,237.5208282470703,1920,1080,812.5076904296875,214.37948608398438,943.6766357421875,225.72543334960938,131.1689453125,11.345947265625,4.943707046287418,left,False,"{'safe_roi': (450, 80, 1500, 420), 'cylinder_roi': (800, 190, 1000, 300)}",ok_cylinder_inside_confirmed
2026-09-17 23:45:05,2026-09-17,16054004,27277,45,127.41165161132812,,34.62127685546875,0.7448471188545227,813.6011962890625,182.31158447265625,1005.05078125,293.62274169921875,191.4495849609375,111.3111572265625,21310.47485254705,909.3259887695312,237.9671630859375,1920,1080,810.0863037109375,213.58529663085938,937.4305419921875,217.72952270507812,127.34423828125,4.14422607421875,1.8639468492710323,left,False,"{'safe_roi': (450, 80, 1500, 420), 'cylinder_roi': (800, 190, 1000, 300)}",ok_cylinder_inside_confirmed
2026-09-17 23:45:10,2026-09-17,16054073,27277,45,130.4012908935547,,28.115463256835938,0.751575231552124,814.7657470703125,182.05081176757812,1005.918212890625,292.7222595214844,191.1524658203125,110.67144775390625,21155.120134063065,910.3419799804688,237.38653564453125,1920,1080,813.1536254882812,212.9896240234375,942.9930419921875,225.0818634033203,129.83941650390625,12.092239379882812,5.320737981105925,left,False,"{'safe_roi': (450, 80, 1500, 420), 'cylinder_roi': (800, 190, 1000, 300)}",ok_cylinder_inside_confirmed
2026-09-17 23:45:15,2026-09-17,16054139,27277,45,126.77845001220703,,29.553054809570312,0.746374249458313,813.1866455078125,180.4434814453125,1008.3638916015625,294.0284729003906,195.17724609375,113.58499145507812,22169.205829784274,910.7752685546875,237.23597717285156,1920,1080,812.32763671875,210.724365234375,938.6883544921875,221.00758361816406,126.3607177734375,10.283218383789062,4.652470370203877,left,False,"{'safe_roi': (450, 80, 1500, 420), 'cylinder_roi': (800, 190, 1000, 300)}",ok_cylinder_inside_confirmed
2026-09-17 23:45:20,2026-09-17,16054207,27277,45,131.4013671875,,28.163436889648438,0.7542407512664795,813.4349365234375,182.12384033203125,1005.8114013671875,293.3021545410156,192.37646484375,111.17831420898438,21388.091054812074,909.6231689453125,237.71299743652344,1920,1080,811.9210205078125,213.38858032226562,942.8291015625,224.76370239257812,130.9080810546875,11.3751220703125,4.966183308217084,left,False,"{'safe_roi': (450, 80, 1500, 420), 'cylinder_roi': (800, 190, 1000, 300)}",ok_cylinder_inside_confirmed
2026-09-17 23:45:25,2026-09-17,16054277,27277,45,106.70323944091797,,32.16127014160156,0.7520346641540527,813.2191772460938,181.99440002441406,1005.6825561523438,293.454345703125,192.46337890625,111.45994567871094,21451.957758031785,909.4508666992188,237.724365234375,1920,1080,824.5874633789062,220.41262817382812,931.2858276367188,219.392578125,106.6983642578125,1.020050048828125,0.5477383150155581,left,False,"{'safe_roi': (450, 80, 1500, 420), 'cylinder_roi': (800, 190, 1000, 300)}",ok_cylinder_inside_confirmed
2026-09-17 23:45:30,2026-09-17,16054345,27277,45,110.53362274169922,,33.00762939453125,0.7486176490783691,813.351318359375,184.2967071533203,1004.05712890625,293.60888671875,190.705810546875,109.31217956542969,20846.467806670815,908.7042236328125,238.95278930664062,1920,1080,819.876220703125,215.10787963867188,930.3234252929688,219.4779510498047,110.44720458984375,4.3700714111328125,2.265843731263753,left,False,"{'safe_roi': (450, 80, 1500, 420), 'cylinder_roi': (800, 190, 1000, 300)}",ok_cylinder_inside_confirmed
2026-09-17 23:45:35,2026-09-17,16054415,27277,45,117.73448181152344,,34.823974609375,0.7452839612960815,814.1639404296875,187.93817138671875,995.478271484375,294.7100524902344,181.3143310546875,106.77188110351562,19359.272197734565,904.8211059570312,241.32411193847656,1920,1080,818.21875,214.5433807373047,935.3182373046875,226.7547607421875,117.0994873046875,12.211380004882812,5.953405611427853,left,False,"{'safe_roi': (450, 80, 1500, 420), 'cylinder_roi': (800, 190, 1000, 300)}",ok_cylinder_inside_confirmed
2026-09-17 23:45:40,2026-09-17,16054485,27277,45,125.96160125732422,,31.460205078125,0.7461405992507935,814.9120483398438,185.6160888671875,998.7152709960938,292.4716796875,183.80322265625,106.8555908203125,19640.401951611042,906.8136596679688,239.04388427734375,1920,1080,814.8242797851562,208.0048828125,939.0000610351562,229.14016723632812,124.17578125,21.135284423828125,9.65943624514429,left,False,"{'safe_roi': (450, 80, 1500, 420), 'cylinder_roi': (800, 190, 1000, 300)}",ok_cylinder_inside_confirmed
2026-09-17 23:45:45,2026-09-17,16054554,27277,45,129.7306365966797,,30.807510375976562,0.7495311498641968,813.6593017578125,185.28126525878906,1000.953125,294.6029357910156,187.2938232421875,109.32167053222656,20475.2736372035,907.3062133789062,239.94210815429688,1920,1080,813.3197021484375,212.35321044921875,942.1246337890625,227.82342529296875,128.804931640625,15.47021484375,6.8487471993925295,left,False,"{'safe_roi': (450, 80, 1500, 420), 'cylinder_roi': (800, 190, 1000, 300)}",ok_cylinder_inside_confirmed
2026-09-17 23:45:50,2026-09-17,16054624,27277,45,126.70987701416016,,29.564651489257812,0.7442141771316528,811.3739624023438,188.76071166992188,996.4675903320312,292.645263671875,185.0936279296875,103.88455200195312,19228.368615891784,903.9207763671875,240.70298767089844,1920,1080,813.8817749023438,212.06683349609375,939.530029296875,228.43478393554688,125.64825439453125,16.367950439453125,7.422013318766124,left,False,"{'safe_roi': (450, 80, 1500, 420), 'cylinder_roi': (800, 190, 1000, 300)}",ok_cylinder_inside_confirmed
2026-09-17 23:45:56,2026-09-17,16054689,27277,45,127.6281509399414,,30.804412841796875,0.7492212653160095,812.6790161132812,188.52003479003906,994.8814086914062,293.12420654296875,182.202392578125,104.60417175292969,19059.13036703691,903.7802124023438,240.82211303710938,1920,1080,814.207763671875,211.91285705566406,940.82763671875,227.92385864257812,126.619873046875,16.011001586914062,7.206766205221338,left,False,"{'safe_roi': (450, 80, 1500, 420), 'cylinder_roi': (800, 190, 1000, 300)}",ok_cylinder_inside_confirmed
2026-09-17 23:46:01,2026-09-17,16054759,27277,45,127.95248413085938,,32.25605773925781,0.7517162561416626,812.8695068359375,188.56863403320312,996.501953125,293.1557312011719,183.6324462890625,104.58709716796875,19205.584503225982,904.6857299804688,240.8621826171875,1920,1080,812.1881713867188,213.99050903320312,939.2371826171875,229.16900634765625,127.04901123046875,15.178497314453125,6.812814481555417,left,False,"{'safe_roi': (450, 80, 1500, 420), 'cylinder_roi': (800, 190, 1000, 300)}",ok_cylinder_inside_confirmed
2026-09-17 23:46:06,2026-09-17,16054828,27277,45,128.87786865234375,,31.5467529296875,0.7470899820327759,815.7227172851562,185.94113159179688,996.4780883789062,291.5627136230469,180.75537109375,105.62158203125,19091.66825556755,906.1004028320312,238.75192260742188,1920,1080,811.2328491210938,213.13214111328125,939.2940673828125,227.61766052246094,128.06121826171875,14.485519409179688,6.453525510059032,left,False,"{'safe_roi': (450, 80, 1500, 420), 'cylinder_roi': (800, 190, 1000, 300)}",ok_cylinder_inside_confirmed
2026-09-17 23:46:11,2026-09-17,16054896,27277,45,130.3009490966797,,32.41105651855469,0.7457616329193115,813.6620483398438,186.54095458984375,998.4028930664062,292.40411376953125,184.7408447265625,105.8631591796875,19557.249452278018,906.032470703125,239.4725341796875,1920,1080,811.4524536132812,214.4718017578125,941.052490234375,227.96878051757812,129.60003662109375,13.496978759765625,5.945540038863407,left,False,"{'safe_roi': (450, 80, 1500, 420), 'cylinder_roi': (800, 190, 1000, 300)}",ok_cylinder_inside_confirmed
2026-09-17 23:46:16,2026-09-17,16054967,27277,45,121.91226959228516,,33.386138916015625,0.7521055936813354,814.53759765625,187.26217651367188,1000.0426025390625,293.1565856933594,185.5050048828125,105.8944091796875,19643.942891940475,907.2901000976562,240.20938110351562,1920,1080,814.5723876953125,218.3177490234375,936.2405395507812,226.02896118164062,121.66815185546875,7.711212158203125,3.626501626134401,left,False,"{'safe_roi': (450, 80, 1500, 420), 'cylinder_roi': (800, 190, 1000, 300)}",ok_cylinder_inside_confirmed
2026-09-17 23:46:21,2026-09-17,16055038,27277,45,125.46504211425781,,32.35780334472656,0.7468128204345703,812.4642333984375,187.19992065429688,993.5108642578125,290.590576171875,181.046630859375,103.39065551757812,18718.52984379977,902.987548828125,238.89524841308594,1920,1080,811.2696533203125,216.27694702148438,936.2635498046875,227.13986206054688,124.993896484375,10.8629150390625,4.966956686954686,left,False,"{'safe_roi': (450, 80, 1500, 420), 'cylinder_roi': (800, 190, 1000, 300)}",ok_cylinder_inside_confirmed
2026-09-17 23:46:26,2026-09-17,16055106,27277,45,130.43272399902344,,32.12054443359375,0.750545084476471,812.8381958007812,187.9228057861328,992.1528930664062,289.73773193359375,179.314697265625,101.81492614746094,18256.912659253925,902.4955444335938,238.83026123046875,1920,1080,811.5697021484375,214.96661376953125,941.0662841796875,230.5656280517578,129.49658203125,15.599014282226562,6.868691119174422,left,False,"{'safe_roi': (450, 80, 1500, 420), 'cylinder_roi': (800, 190, 1000, 300)}",ok_cylinder_inside_confirmed
2026-09-17 23:48:56,2026-09-17,16057187,27278,46,119.81970977783203,,34.840972900390625,0.7204251289367676,819.9293212890625,174.67987060546875,1008.5750732421875,294.3171081542969,188.645751953125,119.63723754882812,22569.056638993323,914.252197265625,234.4984893798828,1920,1080,820.309326171875,192.9902801513672,937.4835205078125,218.02967834472656,117.1741943359375,25.039398193359375,12.062327566180777,left,False,"{'safe_roi': (450, 80, 1500, 420), 'cylinder_roi': (800, 190, 1000, 300)}",ok_cylinder_inside_confirmed
2026-09-17 23:49:01,2026-09-17,16057257,27278,46,117.75077056884766,,34.254974365234375,0.7327520847320557,820.918212890625,173.58737182617188,1012.0894775390625,293.20556640625,191.1712646484375,119.61819458007812,22867.561532836407,916.5038452148438,233.39646911621094,1920,1080,821.09716796875,196.2412567138672,937.1290283203125,216.28749084472656,116.0318603515625,20.046234130859375,9.80194274466498,left,False,"{'safe_roi': (450, 80, 1500, 420), 'cylinder_roi': (800, 190, 1000, 300)}",ok_cylinder_inside_confirmed
