datetime,date,frame_id,track_id,event_id,body_length_px,body_length_cm,body_height_px,pose_conf,bbox_x1,bbox_y1,bbox_x2,bbox_y2,bbox_w,bbox_h,bbox_area,center_x,center_y,frame_w,frame_h,head_x,head_y,tail_x,tail_y,head_tail_dx,head_tail_dy,side_tilt_deg,facing,flipped,growth_roi,save_reason
2026-09-29 00:00:14,2026-09-29,10769004,10558,1,104.87982177734375,,34.34904479980469,0.7627013921737671,800.3670654296875,189.0542755126953,989.5184326171875,295.0780029296875,189.1513671875,106.02372741699219,20054.5329952389,894.9427490234375,242.06613159179688,1920,1080,806.644775390625,220.02420043945312,911.3744506835938,225.63417053222656,104.72967529296875,5.6099700927734375,3.066186434177163,left,False,"{'safe_roi': (450, 80, 1500, 420), 'cylinder_roi': (800, 190, 1000, 300)}",ok_cylinder_inside_confirmed
2026-09-29 00:00:35,2026-09-29,10769337,10558,1,91.1282958984375,,38.39018249511719,0.7723583579063416,805.4728393554688,190.93869018554688,984.0608520507812,290.9753112792969,178.5880126953125,100.03662109375,17865.34135788679,894.766845703125,240.95700073242188,1920,1080,825.8599853515625,215.66567993164062,916.6666259765625,223.31556701660156,90.806640625,7.6498870849609375,4.815438025116524,left,False,"{'safe_roi': (450, 80, 1500, 420), 'cylinder_roi': (800, 190, 1000, 300)}",ok_cylinder_inside_confirmed
2026-09-29 00:04:01,2026-09-29,10772662,10558,2,92.53306579589844,,36.508087158203125,0.7727591395378113,785.206787109375,188.9144287109375,964.07568359375,291.9784851074219,178.868896484375,103.06405639648438,18434.95403484255,874.6412353515625,240.4464569091797,1920,1080,805.7655029296875,218.42501831054688,898.0169677734375,225.6385498046875,92.25146484375,7.213531494140625,4.471101091084795,left,False,"{'safe_roi': (450, 80, 1500, 420), 'cylinder_roi': (800, 190, 1000, 300)}",ok_cylinder_inside_confirmed
2026-09-29 00:08:41,2026-09-29,10776927,10558,3,97.5600814819336,,34.948089599609375,0.8090898394584656,825.5720825195312,187.07638549804688,1016.3909301757812,299.570068359375,190.81884765625,112.49368286132812,21465.914932206273,920.9815063476562,243.32322692871094,1920,1080,845.9326171875,221.97769165039062,943.4314575195312,225.43386840820312,97.49884033203125,3.4561767578125,2.030192956766374,left,False,"{'safe_roi': (450, 80, 1500, 420), 'cylinder_roi': (800, 190, 1000, 300)}",ok_cylinder_inside_confirmed
2026-09-29 00:08:46,2026-09-29,10777016,10558,3,95.80016326904297,,35.1624755859375,0.8045317530632019,827.2730712890625,186.30252075195312,1018.666259765625,299.2509460449219,191.3931884765625,112.94842529296875,21617.559250228107,922.9696655273438,242.7767333984375,1920,1080,848.9033813476562,222.303955078125,944.647705078125,225.5742950439453,95.74432373046875,3.2703399658203125,1.9562920328407047,left,False,"{'safe_roi': (450, 80, 1500, 420), 'cylinder_roi': (800, 190, 1000, 300)}",ok_cylinder_inside_confirmed
2026-09-29 00:08:52,2026-09-29,10777108,10558,3,97.88591003417969,,34.62939453125,0.8040379285812378,826.749755859375,187.96446228027344,1017.892333984375,300.85260009765625,191.142578125,112.88813781738281,21577.72970214486,922.321044921875,244.40853881835938,1920,1080,848.4204711914062,222.7899169921875,946.285400390625,224.81637573242188,97.86492919921875,2.026458740234375,1.1862364182011134,left,False,"{'safe_roi': (450, 80, 1500, 420), 'cylinder_roi': (800, 190, 1000, 300)}",ok_cylinder_inside_confirmed
2026-09-29 00:08:57,2026-09-29,10777188,10558,3,97.43731689453125,,36.27874755859375,0.8036651015281677,826.541259765625,187.6402130126953,1016.630615234375,300.3687438964844,190.08935546875,112.72853088378906,21428.49377863854,921.5859375,244.00448608398438,1920,1080,847.0869750976562,222.71975708007812,944.4569091796875,226.34286499023438,97.36993408203125,3.62310791015625,2.1309767418351298,left,False,"{'safe_roi': (450, 80, 1500, 420), 'cylinder_roi': (800, 190, 1000, 300)}",ok_cylinder_inside_confirmed
2026-09-29 00:09:02,2026-09-29,10777269,10558,3,97.80536651611328,,36.75830078125,0.8051998019218445,826.8666381835938,188.47840881347656,1014.7086791992188,300.96490478515625,187.842041015625,112.48649597167969,21129.692990016192,920.7876586914062,244.72164916992188,1920,1080,845.3363037109375,223.12237548828125,943.1070556640625,225.72439575195312,97.770751953125,2.602020263671875,1.524480414552353,left,False,"{'safe_roi': (450, 80, 1500, 420), 'cylinder_roi': (800, 190, 1000, 300)}",ok_cylinder_inside_confirmed
2026-09-29 00:09:07,2026-09-29,10777350,10558,3,95.64300537109375,,36.68988037109375,0.8105295300483704,826.396484375,188.23638916015625,1015.5465087890625,300.46685791015625,189.1500244140625,112.23046875,21228.39590406418,920.9714965820312,244.35162353515625,1920,1080,847.4526977539062,222.72732543945312,943.0567626953125,225.45635986328125,95.60406494140625,2.729034423828125,1.635073844605056,left,False,"{'safe_roi': (450, 80, 1500, 420), 'cylinder_roi': (800, 190, 1000, 300)}",ok_cylinder_inside_confirmed
2026-09-29 00:09:12,2026-09-29,10777428,10558,3,99.49813842773438,,36.38548278808594,0.8054594993591309,827.5396118164062,187.95191955566406,1017.8479614257812,301.1020202636719,190.308349609375,113.15010070800781,21533.40892387554,922.6937866210938,244.5269775390625,1920,1080,845.1323852539062,222.7371826171875,944.61181640625,224.66659545898438,99.47943115234375,1.929412841796875,1.1111176764768527,left,False,"{'safe_roi': (450, 80, 1500, 420), 'cylinder_roi': (800, 190, 1000, 300)}",ok_cylinder_inside_confirmed
2026-09-29 00:09:17,2026-09-29,10777513,10558,3,98.69154357910156,,35.70176696777344,0.8048814535140991,826.9764404296875,187.56785583496094,1017.27001953125,300.0623779296875,190.2935791015625,112.49452209472656,21406.98523872532,922.1232299804688,243.81512451171875,1920,1080,846.9321899414062,222.1171875,945.5831298828125,224.94781494140625,98.65093994140625,2.83062744140625,1.6435577696088695,left,False,"{'safe_roi': (450, 80, 1500, 420), 'cylinder_roi': (800, 190, 1000, 300)}",ok_cylinder_inside_confirmed
2026-09-29 00:09:22,2026-09-29,10777596,10558,3,99.74877166748047,,37.758758544921875,0.8036248087882996,826.820556640625,188.24655151367188,1015.99951171875,301.03936767578125,189.178955078125,112.79281616210938,21338.0271018669,921.4100341796875,244.64295959472656,1920,1080,843.391845703125,220.99526977539062,943.05224609375,225.19313049316406,99.660400390625,4.1978607177734375,2.4119671038947645,left,False,"{'safe_roi': (450, 80, 1500, 420), 'cylinder_roi': (800, 190, 1000, 300)}",ok_cylinder_inside_confirmed
2026-09-29 00:09:27,2026-09-29,10777682,10558,3,97.8286361694336,,35.81489562988281,0.8096396327018738,826.2948608398438,188.0065155029297,1016.3878784179688,300.4687194824219,190.093017578125,112.46220397949219,21378.279717948288,921.3413696289062,244.23760986328125,1920,1080,846.7991943359375,222.6751708984375,944.59912109375,225.04518127441406,97.7999267578125,2.3700103759765625,1.3881914289631474,left,False,"{'safe_roi': (450, 80, 1500, 420), 'cylinder_roi': (800, 190, 1000, 300)}",ok_cylinder_inside_confirmed
2026-09-29 00:09:32,2026-09-29,10777768,10558,3,94.78299713134766,,35.17964172363281,0.8074148297309875,826.4425659179688,188.06166076660156,1015.1195678710938,300.4017028808594,188.677001953125,112.34004211425781,21195.982345405966,920.7810668945312,244.231689453125,1920,1080,848.4813232421875,224.14013671875,943.2593994140625,225.1057586669922,94.778076171875,0.9656219482421875,0.5837230539650184,left,False,"{'safe_roi': (450, 80, 1500, 420), 'cylinder_roi': (800, 190, 1000, 300)}",ok_cylinder_inside_confirmed
2026-09-29 00:09:37,2026-09-29,10777849,10558,3,96.6083755493164,,35.08697509765625,0.8093143701553345,826.5366821289062,188.15838623046875,1017.1968383789062,300.2950439453125,190.66015625,112.13665771484375,21379.992681264877,921.8667602539062,244.22671508789062,1920,1080,846.814697265625,223.0648193359375,943.3511962890625,226.7907257080078,96.5364990234375,3.7259063720703125,2.210281134815487,left,False,"{'safe_roi': (450, 80, 1500, 420), 'cylinder_roi': (800, 190, 1000, 300)}",ok_cylinder_inside_confirmed
2026-09-29 00:09:42,2026-09-29,10777929,10558,3,96.1852035522461,,35.01124572753906,0.8141679763793945,826.8544311523438,188.44876098632812,1016.7276000976562,300.63555908203125,189.8731689453125,112.18679809570312,21301.262868259102,921.791015625,244.5421600341797,1920,1080,848.421875,223.39398193359375,944.5498657226562,226.7110137939453,96.12799072265625,3.3170318603515625,1.9762875245817597,left,False,"{'safe_roi': (450, 80, 1500, 420), 'cylinder_roi': (800, 190, 1000, 300)}",ok_cylinder_inside_confirmed
2026-09-29 00:09:47,2026-09-29,10778010,10558,3,95.13278198242188,,34.49223327636719,0.8082550168037415,827.2142333984375,188.4685821533203,1013.8226318359375,299.717529296875,186.6083984375,111.24894714355469,20759.98785431683,920.5184326171875,244.09304809570312,1920,1080,848.2054443359375,221.81039428710938,943.1889038085938,227.138427734375,94.98345947265625,5.328033447265625,3.2106036734624563,left,False,"{'safe_roi': (450, 80, 1500, 420), 'cylinder_roi': (800, 190, 1000, 300)}",ok_cylinder_inside_confirmed
2026-09-29 00:11:11,2026-09-29,10779359,10558,4,94.98416137695312,,35.59295654296875,0.8049371242523193,825.26220703125,188.7530059814453,1011.8564453125,299.91064453125,186.59423828125,111.15763854980469,20741.374894343317,918.559326171875,244.33181762695312,1920,1080,846.8504028320312,220.9984130859375,941.7335205078125,225.37844848632812,94.88311767578125,4.380035400390625,2.643036140409758,left,False,"{'safe_roi': (450, 80, 1500, 420), 'cylinder_roi': (800, 190, 1000, 300)}",ok_cylinder_inside_confirmed
2026-09-29 00:11:16,2026-09-29,10779442,10558,4,97.09708404541016,,34.05810546875,0.8081405758857727,828.3341064453125,189.0708770751953,1012.7230224609375,298.48150634765625,184.388916015625,109.41062927246094,20174.107332136482,920.528564453125,243.77618408203125,1920,1080,847.7990112304688,218.246826171875,944.6363525390625,225.34417724609375,96.83734130859375,7.09735107421875,4.191797006425331,left,False,"{'safe_roi': (450, 80, 1500, 420), 'cylinder_roi': (800, 190, 1000, 300)}",ok_cylinder_inside_confirmed
2026-09-29 00:11:21,2026-09-29,10779524,10558,4,96.06849670410156,,33.67613220214844,0.8098098635673523,827.6818237304688,188.79859924316406,1013.3699340820312,296.81396484375,185.6881103515625,108.01536560058594,20057.16912730597,920.52587890625,242.8062744140625,1920,1080,849.52392578125,218.48910522460938,945.3171997070312,225.75575256347656,95.79327392578125,7.2666473388671875,4.338011896017385,left,False,"{'safe_roi': (450, 80, 1500, 420), 'cylinder_roi': (800, 190, 1000, 300)}",ok_cylinder_inside_confirmed
2026-09-29 00:11:26,2026-09-29,10779604,10558,4,95.96401977539062,,34.58837890625,0.809891402721405,826.275146484375,188.24887084960938,1015.4803466796875,296.7185363769531,189.2052001953125,108.46966552734375,20523.02478121966,920.8777465820312,242.48370361328125,1920,1080,849.6263427734375,218.67578125,945.2763671875,226.43246459960938,95.6500244140625,7.756683349609375,4.636222755866155,left,False,"{'safe_roi': (450, 80, 1500, 420), 'cylinder_roi': (800, 190, 1000, 300)}",ok_cylinder_inside_confirmed
2026-09-29 00:11:31,2026-09-29,10779687,10558,4,98.44515991210938,,33.00347900390625,0.8116362690925598,827.9759521484375,188.22769165039062,1013.755859375,296.53326416015625,185.7799072265625,108.30557250976562,20120.999212983996,920.8659057617188,242.38047790527344,1920,1080,847.4934692382812,218.12564086914062,945.689697265625,225.12213134765625,98.19622802734375,6.996490478515625,4.075442556937785,left,False,"{'safe_roi': (450, 80, 1500, 420), 'cylinder_roi': (800, 190, 1000, 300)}",ok_cylinder_inside_confirmed
2026-09-29 00:11:36,2026-09-29,10779767,10558,4,95.52777099609375,,33.70252990722656,0.8105544447898865,828.26513671875,188.0026397705078,1017.2742919921875,295.5377197265625,189.0091552734375,107.53507995605469,20325.114624755457,922.7697143554688,241.77017211914062,1920,1080,847.8123779296875,217.0889892578125,943.0697631835938,224.27127075195312,95.25738525390625,7.182281494140625,4.311867792964837,left,False,"{'safe_roi': (450, 80, 1500, 420), 'cylinder_roi': (800, 190, 1000, 300)}",ok_cylinder_inside_confirmed
2026-09-29 00:11:41,2026-09-29,10779848,10558,4,94.54714965820312,,33.31878662109375,0.8055353760719299,832.595703125,188.0133056640625,1020.049560546875,296.91546630859375,187.453857421875,108.90216064453125,20414.130094394088,926.3226318359375,242.46438598632812,1920,1080,848.8773193359375,216.9530792236328,943.1234741210938,224.49139404296875,94.24615478515625,7.5383148193359375,4.573089112064145,left,False,"{'safe_roi': (450, 80, 1500, 420), 'cylinder_roi': (800, 190, 1000, 300)}",ok_cylinder_inside_confirmed
2026-09-29 00:11:48,2026-09-29,10779950,10558,4,92.3682861328125,,32.164581298828125,0.8135411739349365,828.2229614257812,188.80517578125,1012.0208129882812,297.2000427246094,183.7978515625,108.39486694335938,19922.743664592505,920.1218872070312,243.0026092529297,1920,1080,849.5966186523438,215.54969787597656,941.4464721679688,225.3223419189453,91.849853515625,9.77264404296875,6.073309483424139,left,False,"{'safe_roi': (450, 80, 1500, 420), 'cylinder_roi': (800, 190, 1000, 300)}",ok_cylinder_inside_confirmed
2026-09-29 00:11:54,2026-09-29,10780061,10558,4,94.30414581298828,,33.26866149902344,0.8065707087516785,829.7797241210938,189.555908203125,1010.3351440429688,297.8262939453125,180.555419921875,108.2703857421875,19548.804962784052,920.0574340820312,243.69110107421875,1920,1080,848.7427368164062,215.6455078125,942.6160888671875,224.64913940429688,93.87335205078125,9.003631591796875,5.478625049533577,left,False,"{'safe_roi': (450, 80, 1500, 420), 'cylinder_roi': (800, 190, 1000, 300)}",ok_cylinder_inside_confirmed
2026-09-29 00:12:02,2026-09-29,10780174,10558,4,91.55171966552734,,33.37432861328125,0.7959347367286682,829.0106201171875,189.58177185058594,1009.9158935546875,296.81414794921875,180.9052734375,107.23237609863281,19398.90231947601,919.4632568359375,243.19796752929688,1920,1080,847.0231323242188,214.39346313476562,938.331298828125,221.06698608398438,91.30816650390625,6.67352294921875,4.180195966943295,left,False,"{'safe_roi': (450, 80, 1500, 420), 'cylinder_roi': (800, 190, 1000, 300)}",ok_cylinder_inside_confirmed
2026-09-29 00:12:07,2026-09-29,10780254,10558,4,90.10427856445312,,32.966522216796875,0.7898916006088257,830.387451171875,188.9576873779297,1008.1947021484375,295.12982177734375,177.8072509765625,106.17213439941406,18878.17534787394,919.2910766601562,242.04376220703125,1920,1080,847.153564453125,215.21987915039062,937.1158447265625,220.27651977539062,89.9622802734375,5.056640625,3.2171219460375755,left,False,"{'safe_roi': (450, 80, 1500, 420), 'cylinder_roi': (800, 190, 1000, 300)}",ok_cylinder_inside_confirmed
2026-09-29 00:12:14,2026-09-29,10780369,10558,4,93.58682250976562,,32.336761474609375,0.8036458492279053,828.8837280273438,189.51943969726562,1012.3317260742188,296.814697265625,183.447998046875,107.29525756835938,19683.10020083934,920.6077270507812,243.1670684814453,1920,1080,848.1099243164062,216.87086486816406,941.5142211914062,222.71295166015625,93.404296875,5.8420867919921875,3.578972940459945,left,False,"{'safe_roi': (450, 80, 1500, 420), 'cylinder_roi': (800, 190, 1000, 300)}",ok_cylinder_inside_confirmed
2026-09-29 00:12:19,2026-09-29,10780452,10558,4,96.13948822021484,,32.665618896484375,0.8061885833740234,826.542724609375,188.86715698242188,1014.173828125,295.40765380859375,187.631103515625,106.54049682617188,19990.310988597572,920.3582763671875,242.1374053955078,1920,1080,847.5166625976562,217.06015014648438,943.4412231445312,223.48504638671875,95.924560546875,6.424896240234375,3.8318699100264704,left,False,"{'safe_roi': (450, 80, 1500, 420), 'cylinder_roi': (800, 190, 1000, 300)}",ok_cylinder_inside_confirmed
2026-09-29 00:12:24,2026-09-29,10780535,10558,4,97.71874237060547,,33.052978515625,0.8100824356079102,827.412353515625,188.1138153076172,1016.9813232421875,295.8273010253906,189.5689697265625,107.71348571777344,20419.134513175115,922.1968383789062,241.97055053710938,1920,1080,847.0982055664062,217.7142333984375,944.646484375,223.48361206054688,97.54827880859375,5.769378662109375,3.3847488173650166,left,False,"{'safe_roi': (450, 80, 1500, 420), 'cylinder_roi': (800, 190, 1000, 300)}",ok_cylinder_inside_confirmed
2026-09-29 00:12:29,2026-09-29,10780614,10558,4,96.35643768310547,,34.0611572265625,0.8174129724502563,826.8956298828125,188.0596466064453,1018.492919921875,294.9444580078125,191.5972900390625,106.88481140136719,20478.840210838243,922.6942749023438,241.50204467773438,1920,1080,848.2896728515625,217.24917602539062,944.4283447265625,223.72364807128906,96.138671875,6.4744720458984375,3.852774576125434,left,False,"{'safe_roi': (450, 80, 1500, 420), 'cylinder_roi': (800, 190, 1000, 300)}",ok_cylinder_inside_confirmed
2026-09-29 00:13:08,2026-09-29,10781238,10558,5,92.94297790527344,,32.53778076171875,0.814899742603302,829.7868041992188,189.8170623779297,1012.8903198242188,297.18218994140625,183.103515625,107.36512756347656,19658.93231239915,921.3385620117188,243.4996337890625,1920,1080,850.2693481445312,217.50323486328125,942.8671875,225.5055389404297,92.59783935546875,8.002304077148438,4.939228847382342,left,False,"{'safe_roi': (450, 80, 1500, 420), 'cylinder_roi': (800, 190, 1000, 300)}",ok_cylinder_inside_confirmed
2026-09-29 00:13:26,2026-09-29,10781543,10558,5,89.32003021240234,,32.23207092285156,0.804695188999176,831.1046142578125,190.16831970214844,1006.7843017578125,296.7900085449219,175.6796875,106.62168884277344,18731.264976620674,918.9444580078125,243.47915649414062,1920,1080,850.145751953125,215.80450439453125,939.23779296875,222.18226623535156,89.092041015625,6.3777618408203125,4.0946030375157525,left,False,"{'safe_roi': (450, 80, 1500, 420), 'cylinder_roi': (800, 190, 1000, 300)}",ok_cylinder_inside_confirmed
2026-09-29 00:13:31,2026-09-29,10781625,10558,5,88.6078109741211,,31.749267578125,0.8054774403572083,831.5491333007812,189.95217895507812,1005.9487915039062,295.1515197753906,174.399658203125,105.1993408203125,18346.729082256556,918.7489624023438,242.55184936523438,1920,1080,849.8146362304688,217.78170776367188,938.2446899414062,223.3915252685547,88.4300537109375,5.6098175048828125,3.6298602370540833,left,False,"{'safe_roi': (450, 80, 1500, 420), 'cylinder_roi': (800, 190, 1000, 300)}",ok_cylinder_inside_confirmed
2026-09-29 00:13:38,2026-09-29,10781737,10558,5,88.77369689941406,,33.81365966796875,0.7995609641075134,833.9796142578125,189.19528198242188,1010.8709716796875,296.3121337890625,176.891357421875,107.11685180664062,18948.045318834484,922.42529296875,242.7537078857422,1920,1080,851.395263671875,218.52215576171875,939.995361328125,224.07122802734375,88.60009765625,5.549072265625,3.5837847994750702,left,False,"{'safe_roi': (450, 80, 1500, 420), 'cylinder_roi': (800, 190, 1000, 300)}",ok_cylinder_inside_confirmed
2026-09-29 00:13:50,2026-09-29,10781933,10558,5,89.52952575683594,,33.39544677734375,0.7909174561500549,833.017822265625,189.10006713867188,1007.510009765625,296.0177917480469,174.4921875,106.917724609375,18656.307649612427,920.263916015625,242.55892944335938,1920,1080,850.3189697265625,216.5752410888672,939.6514892578125,222.51129150390625,89.33251953125,5.9360504150390625,3.80165451359267,left,False,"{'safe_roi': (450, 80, 1500, 420), 'cylinder_roi': (800, 190, 1000, 300)}",ok_cylinder_inside_confirmed
2026-09-29 00:14:01,2026-09-29,10782116,10558,5,89.78865051269531,,31.530548095703125,0.8011313676834106,828.4376220703125,189.34901428222656,1006.6771240234375,295.589111328125,178.239501953125,106.24009704589844,18936.181984912604,917.557373046875,242.46905517578125,1920,1080,850.6669311523438,218.35153198242188,940.3363647460938,222.9769287109375,89.66943359375,4.625396728515625,2.9528572386029017,left,False,"{'safe_roi': (450, 80, 1500, 420), 'cylinder_roi': (800, 190, 1000, 300)}",ok_cylinder_inside_confirmed
2026-09-29 00:14:09,2026-09-29,10782238,10558,5,91.51676940917969,,32.97145080566406,0.7955424189567566,828.5674438476562,188.90228271484375,1008.9378051757812,296.2043151855469,180.370361328125,107.30203247070312,19354.106367982924,918.7526245117188,242.5532989501953,1920,1080,848.7772216796875,216.87953186035156,940.1832275390625,221.38070678710938,91.406005859375,4.5011749267578125,2.819181991645359,left,False,"{'safe_roi': (450, 80, 1500, 420), 'cylinder_roi': (800, 190, 1000, 300)}",ok_cylinder_inside_confirmed
2026-09-29 00:14:23,2026-09-29,10782465,10558,5,93.66059112548828,,36.425872802734375,0.774570882320404,816.394287109375,188.04348754882812,1002.040771484375,294.3804931640625,185.646484375,106.33700561523438,19741.091251432896,909.217529296875,241.2119903564453,1920,1080,837.753662109375,218.06971740722656,931.4078369140625,216.97360229492188,93.6541748046875,1.0961151123046875,0.6705510200893221,left,False,"{'safe_roi': (450, 80, 1500, 420), 'cylinder_roi': (800, 190, 1000, 300)}",ok_cylinder_inside_confirmed
2026-09-29 00:14:29,2026-09-29,10782546,10558,5,105.68781280517578,,36.390106201171875,0.7728917598724365,811.4632568359375,188.29373168945312,1004.30224609375,298.5922546386719,192.8389892578125,110.29852294921875,21269.85568215698,907.8827514648438,243.4429931640625,1920,1080,819.2365112304688,233.16326904296875,924.6729736328125,225.8785858154297,105.43646240234375,7.2846832275390625,3.952326949238571,left,False,"{'safe_roi': (450, 80, 1500, 420), 'cylinder_roi': (800, 190, 1000, 300)}",ok_cylinder_inside_confirmed
2026-09-29 00:14:34,2026-09-29,10782624,10558,5,99.0693130493164,,35.86090087890625,0.7926307916641235,812.3135986328125,187.88392639160156,1007.80810546875,297.90155029296875,195.4945068359375,110.01762390136719,21507.84112785943,910.0608520507812,242.89273071289062,1920,1080,825.13134765625,230.9915771484375,924.0965576171875,226.45115661621094,98.9652099609375,4.5404205322265625,2.6268285398300355,left,False,"{'safe_roi': (450, 80, 1500, 420), 'cylinder_roi': (800, 190, 1000, 300)}",ok_cylinder_inside_confirmed
2026-09-29 00:14:39,2026-09-29,10782703,10558,5,98.7782211303711,,37.506317138671875,0.7795491218566895,815.3739624023438,187.35110473632812,1008.2166137695312,300.5362243652344,192.8426513671875,113.18511962890625,21826.91856455058,911.7952880859375,243.94366455078125,1920,1080,826.5419921875,230.1765594482422,925.175048828125,224.8233642578125,98.633056640625,5.3531951904296875,3.106614293980332,left,False,"{'safe_roi': (450, 80, 1500, 420), 'cylinder_roi': (800, 190, 1000, 300)}",ok_cylinder_inside_confirmed
2026-09-29 00:14:44,2026-09-29,10782784,10558,5,97.08062744140625,,36.278045654296875,0.7737051844596863,814.1582641601562,188.13592529296875,1008.0753784179688,297.5746154785156,193.9171142578125,109.43869018554688,21222.034988936037,911.1168212890625,242.8552703857422,1920,1080,827.0940551757812,231.29249572753906,923.6868896484375,221.5728302001953,96.59283447265625,9.71966552734375,5.746053035625045,left,False,"{'safe_roi': (450, 80, 1500, 420), 'cylinder_roi': (800, 190, 1000, 300)}",ok_cylinder_inside_confirmed
2026-09-29 00:15:09,2026-09-29,10783182,10558,6,108.88927459716797,,43.64747619628906,0.7688801884651184,811.1757202148438,191.21405029296875,998.8151245117188,294.98956298828125,187.639404296875,103.7755126953125,19472.375382751226,904.9954223632812,243.101806640625,1920,1080,817.998046875,227.76806640625,926.8793334960938,226.44927978515625,108.88128662109375,1.31878662109375,0.6939412189417814,left,False,"{'safe_roi': (450, 80, 1500, 420), 'cylinder_roi': (800, 190, 1000, 300)}",ok_cylinder_inside_confirmed
2026-09-29 00:15:29,2026-09-29,10783521,10558,6,103.72880554199219,,40.35380554199219,0.7763514518737793,814.2035522460938,189.4388427734375,1002.4393920898438,295.6225891113281,188.23583984375,106.18374633789062,19987.586669668555,908.3214721679688,242.5307159423828,1920,1080,822.7128295898438,225.39544677734375,926.4051513671875,222.6444854736328,103.69232177734375,2.7509613037109375,1.5197027674185044,left,False,"{'safe_roi': (450, 80, 1500, 420), 'cylinder_roi': (800, 190, 1000, 300)}",ok_cylinder_inside_confirmed
2026-09-29 00:15:47,2026-09-29,10783814,10558,6,111.00150299072266,,42.69801330566406,0.7719770073890686,810.892578125,195.92324829101562,994.701904296875,294.94354248046875,183.809326171875,99.02029418945312,18200.85355230421,902.7972412109375,245.4333953857422,1920,1080,815.1302490234375,224.12538146972656,926.0071411132812,229.3836212158203,110.87689208984375,5.25823974609375,2.7151679954055834,left,False,"{'safe_roi': (450, 80, 1500, 420), 'cylinder_roi': (800, 190, 1000, 300)}",ok_cylinder_inside_confirmed
2026-09-29 00:15:52,2026-09-29,10783895,10558,6,105.80966186523438,,40.873138427734375,0.7767914533615112,811.9102172851562,192.92770385742188,998.5988159179688,295.3979797363281,186.6885986328125,102.47027587890625,19130.032205350697,905.2545166015625,244.162841796875,1920,1080,817.9689331054688,226.0294952392578,923.7783203125,225.78732299804688,105.80938720703125,0.2421722412109375,0.13113603125839593,left,False,"{'safe_roi': (450, 80, 1500, 420), 'cylinder_roi': (800, 190, 1000, 300)}",ok_cylinder_inside_confirmed
2026-09-29 00:15:57,2026-09-29,10783974,10558,6,98.98067474365234,,40.54368591308594,0.7775876522064209,813.7970581054688,192.8253173828125,997.3379516601562,296.03009033203125,183.5408935546875,103.20477294921875,18942.29624620825,905.5675048828125,244.42770385742188,1920,1080,822.9784545898438,226.35693359375,921.9588623046875,226.58628845214844,98.98040771484375,0.2293548583984375,0.13276407100240034,left,False,"{'safe_roi': (450, 80, 1500, 420), 'cylinder_roi': (800, 190, 1000, 300)}",ok_cylinder_inside_confirmed
2026-09-29 00:16:04,2026-09-29,10784074,10558,6,98.81221008300781,,37.86274719238281,0.7765411734580994,814.9495849609375,191.75338745117188,999.1529541015625,295.3002624511719,184.203369140625,103.546875,19073.683238983154,907.05126953125,243.52682495117188,1920,1080,823.930908203125,227.39285278320312,922.5872802734375,221.84547424316406,98.6563720703125,5.5473785400390625,3.2183124967061896,left,False,"{'safe_roi': (450, 80, 1500, 420), 'cylinder_roi': (800, 190, 1000, 300)}",ok_cylinder_inside_confirmed
2026-09-29 00:16:09,2026-09-29,10784155,10558,6,94.21923828125,,33.310394287109375,0.7838771343231201,814.0972900390625,190.10763549804688,1000.4813232421875,295.12591552734375,186.384033203125,105.01828002929688,19573.730591915548,907.289306640625,242.6167755126953,1920,1080,829.517333984375,226.64987182617188,923.6060791015625,221.69271850585938,94.0887451171875,4.9571533203125,3.0158931496148806,left,False,"{'safe_roi': (450, 80, 1500, 420), 'cylinder_roi': (800, 190, 1000, 300)}",ok_cylinder_inside_confirmed
2026-09-29 00:16:14,2026-09-29,10784237,10558,6,95.50984191894531,,34.839599609375,0.7801347374916077,814.7579345703125,190.6958770751953,1001.0045166015625,296.1457824707031,186.24658203125,105.44990539550781,19639.684455431998,907.8812255859375,243.42083740234375,1920,1080,828.8743896484375,226.39895629882812,924.2567749023438,221.46636962890625,95.38238525390625,4.932586669921875,2.9603460387397926,left,False,"{'safe_roi': (450, 80, 1500, 420), 'cylinder_roi': (800, 190, 1000, 300)}",ok_cylinder_inside_confirmed
2026-09-29 00:16:19,2026-09-29,10784316,10558,6,102.19664764404297,,39.72554016113281,0.7724488973617554,814.1831665039062,191.83816528320312,996.8135375976562,296.0884704589844,182.63037109375,104.25030517578125,19039.271920889616,905.4983520507812,243.96331787109375,1920,1080,822.4273681640625,224.15335083007812,924.6041259765625,226.16961669921875,102.1767578125,2.016265869140625,1.130477574921735,left,False,"{'safe_roi': (450, 80, 1500, 420), 'cylinder_roi': (800, 190, 1000, 300)}",ok_cylinder_inside_confirmed
2026-09-29 00:16:24,2026-09-29,10784396,10558,6,94.89562225341797,,37.49066162109375,0.775363564491272,812.0197143554688,191.8212127685547,1001.2284545898438,294.083740234375,189.208740234375,102.26252746582031,19348.963994991034,906.6240844726562,242.95248413085938,1920,1080,827.8673095703125,223.1181182861328,922.7401123046875,221.03704833984375,94.872802734375,2.0810699462890625,1.2566025553331563,left,False,"{'safe_roi': (450, 80, 1500, 420), 'cylinder_roi': (800, 190, 1000, 300)}",ok_cylinder_inside_confirmed
2026-09-29 00:16:29,2026-09-29,10784477,10558,6,108.61634826660156,,42.54608154296875,0.7731164693832397,809.5944213867188,191.50547790527344,998.5199584960938,293.8290100097656,188.925537109375,102.32353210449219,19331.528261769563,904.0571899414062,242.667236328125,1920,1080,817.1094360351562,222.96884155273438,925.678955078125,226.15809631347656,108.56951904296875,3.1892547607421875,1.6825929289455075,left,False,"{'safe_roi': (450, 80, 1500, 420), 'cylinder_roi': (800, 190, 1000, 300)}",ok_cylinder_inside_confirmed
2026-09-29 00:16:35,2026-09-29,10784584,10558,6,102.45088958740234,,41.79315185546875,0.766705334186554,811.0492553710938,194.37155151367188,994.9505004882812,294.3786315917969,183.9012451171875,100.007080078125,18391.426546901464,902.9998779296875,244.37509155273438,1920,1080,818.7928466796875,223.35073852539062,921.19775390625,226.4197998046875,102.4049072265625,3.069061279296875,1.716632963550425,left,False,"{'safe_roi': (450, 80, 1500, 420), 'cylinder_roi': (800, 190, 1000, 300)}",ok_cylinder_inside_confirmed
2026-09-29 00:16:40,2026-09-29,10784669,10558,6,110.05876922607422,,43.200653076171875,0.7765493988990784,812.3583374023438,194.17977905273438,998.8980102539062,295.4997253417969,186.5396728515625,101.3199462890625,18900.189634099603,905.628173828125,244.83975219726562,1920,1080,814.1751708984375,224.27255249023438,924.2015380859375,226.943115234375,110.0263671875,2.670562744140625,1.3904115954094312,left,False,"{'safe_roi': (450, 80, 1500, 420), 'cylinder_roi': (800, 190, 1000, 300)}",ok_cylinder_inside_confirmed
2026-09-29 00:16:45,2026-09-29,10784747,10558,6,92.3949966430664,,34.88348388671875,0.7753540277481079,813.0853271484375,191.65748596191406,996.92236328125,295.9468078613281,183.8370361328125,104.28932189941406,19172.239838289097,905.0038452148438,243.80215454101562,1920,1080,829.3411254882812,226.57107543945312,921.5218505859375,220.2822265625,92.18072509765625,6.288848876953125,3.9028443842168454,left,False,"{'safe_roi': (450, 80, 1500, 420), 'cylinder_roi': (800, 190, 1000, 300)}",ok_cylinder_inside_confirmed
2026-09-29 00:16:55,2026-09-29,10784915,10558,6,96.75318908691406,,37.20294189453125,0.7766156792640686,813.7680053710938,192.01512145996094,997.6631469726562,295.3892822265625,183.8951416015625,103.37416076660156,19010.00593211688,905.715576171875,243.70220947265625,1920,1080,825.8414306640625,225.00286865234375,922.519287109375,221.1856689453125,96.6778564453125,3.81719970703125,2.2610750146215692,left,False,"{'safe_roi': (450, 80, 1500, 420), 'cylinder_roi': (800, 190, 1000, 300)}",ok_cylinder_inside_confirmed
2026-09-29 00:17:01,2026-09-29,10785015,10558,6,111.29560852050781,,44.09857177734375,0.775644838809967,814.152099609375,193.22267150878906,995.625244140625,295.88690185546875,181.47314453125,102.66423034667969,18630.800711892545,904.888671875,244.55477905273438,1920,1080,813.8482666015625,225.9759979248047,925.143798828125,226.107421875,111.2955322265625,0.1314239501953125,0.06765800946790604,left,False,"{'safe_roi': (450, 80, 1500, 420), 'cylinder_roi': (800, 190, 1000, 300)}",ok_cylinder_inside_confirmed
2026-09-29 00:17:07,2026-09-29,10785100,10558,6,93.11165618896484,,34.32868957519531,0.7806602120399475,813.9679565429688,191.7883758544922,998.9282836914062,295.13934326171875,184.9603271484375,103.35096740722656,19115.828742748126,906.4481201171875,243.4638671875,1920,1080,829.368408203125,227.13507080078125,922.224853515625,220.24581909179688,92.8564453125,6.889251708984375,4.243142950886011,left,False,"{'safe_roi': (450, 80, 1500, 420), 'cylinder_roi': (800, 190, 1000, 300)}",ok_cylinder_inside_confirmed
2026-09-29 00:17:12,2026-09-29,10785182,10558,6,95.1191177368164,,33.257781982421875,0.7787649631500244,813.5484008789062,191.13546752929688,999.9382934570312,295.4962158203125,186.389892578125,104.36074829101562,19451.788663335145,906.7433471679688,243.3158416748047,1920,1080,828.5445556640625,226.836669921875,923.5285034179688,221.7675323486328,94.98394775390625,5.0691375732421875,3.054883732223802,left,False,"{'safe_roi': (450, 80, 1500, 420), 'cylinder_roi': (800, 190, 1000, 300)}",ok_cylinder_inside_confirmed
2026-09-29 00:17:17,2026-09-29,10785266,10558,6,97.06755828857422,,38.85986328125,0.7839358448982239,810.7391357421875,189.88290405273438,1000.719970703125,296.5281982421875,189.9808349609375,106.64529418945312,20260.56203476712,905.7295532226562,243.20555114746094,1920,1080,826.4006958007812,227.02711486816406,923.4649047851562,226.22030639648438,97.064208984375,0.8068084716796875,0.4762379069564631,left,False,"{'safe_roi': (450, 80, 1500, 420), 'cylinder_roi': (800, 190, 1000, 300)}",ok_cylinder_inside_confirmed
2026-09-29 00:17:22,2026-09-29,10785348,10558,6,110.78800201416016,,42.62074279785156,0.7782766222953796,814.171875,191.30711364746094,998.03466796875,296.46832275390625,183.86279296875,105.16120910644531,19335.23361828178,906.103271484375,243.88772583007812,1920,1080,815.8592529296875,227.27218627929688,926.6199951171875,224.81459045410156,110.7607421875,2.4575958251953125,1.2710890577797245,left,False,"{'safe_roi': (450, 80, 1500, 420), 'cylinder_roi': (800, 190, 1000, 300)}",ok_cylinder_inside_confirmed
2026-09-29 00:17:27,2026-09-29,10785428,10558,6,106.77154541015625,,40.722869873046875,0.7788923382759094,815.1768798828125,191.5029296875,995.822265625,295.7056884765625,180.6453857421875,104.2027587890625,18823.747556850314,905.4995727539062,243.60430908203125,1920,1080,819.6598510742188,225.98464965820312,926.403076171875,223.52554321289062,106.74322509765625,2.4591064453125,1.3197231251709742,left,False,"{'safe_roi': (450, 80, 1500, 420), 'cylinder_roi': (800, 190, 1000, 300)}",ok_cylinder_inside_confirmed
2026-09-29 00:17:32,2026-09-29,10785507,10558,6,108.74321746826172,,41.87232971191406,0.7802467346191406,814.319091796875,192.04364013671875,996.86767578125,296.38812255859375,182.548583984375,104.344482421875,19047.93751269579,905.5933837890625,244.21588134765625,1920,1080,817.9141235351562,225.88400268554688,926.6566162109375,225.48728942871094,108.74249267578125,0.3967132568359375,0.20902495330999568,left,False,"{'safe_roi': (450, 80, 1500, 420), 'cylinder_roi': (800, 190, 1000, 300)}",ok_cylinder_inside_confirmed
2026-09-29 00:17:37,2026-09-29,10785592,10558,6,108.18120574951172,,41.67985534667969,0.7804318070411682,814.7079467773438,192.14114379882812,997.3665161132812,296.79400634765625,182.6585693359375,104.65286254882812,19115.74215007946,906.0372314453125,244.4675750732422,1920,1080,817.5579833984375,226.50732421875,925.7372436523438,225.85916137695312,108.17926025390625,0.648162841796875,0.3432871587683801,left,False,"{'safe_roi': (450, 80, 1500, 420), 'cylinder_roi': (800, 190, 1000, 300)}",ok_cylinder_inside_confirmed
2026-09-29 00:17:42,2026-09-29,10785670,10558,6,100.30435943603516,,37.471649169921875,0.7805827856063843,813.2167358398438,192.68980407714844,996.2863159179688,296.58599853515625,183.069580078125,103.89619445800781,19020.232691142708,904.7515258789062,244.63790893554688,1920,1080,823.0813598632812,227.8718719482422,923.2816772460938,223.3044891357422,100.2003173828125,4.5673828125,2.609879352463399,left,False,"{'safe_roi': (450, 80, 1500, 420), 'cylinder_roi': (800, 190, 1000, 300)}",ok_cylinder_inside_confirmed
2026-09-29 00:17:47,2026-09-29,10785751,10558,6,110.499755859375,,43.44099426269531,0.7783501744270325,812.015380859375,191.85714721679688,996.138916015625,297.6423034667969,184.12353515625,105.78515625,19477.536935806274,904.0771484375,244.74972534179688,1920,1080,814.5615234375,227.55133056640625,925.03564453125,225.1712188720703,110.47412109375,2.3801116943359375,1.2342190177551993,left,False,"{'safe_roi': (450, 80, 1500, 420), 'cylinder_roi': (800, 190, 1000, 300)}",ok_cylinder_inside_confirmed
2026-09-29 00:17:52,2026-09-29,10785837,10558,6,111.7108383178711,,43.55506896972656,0.7781654596328735,814.3948974609375,191.966064453125,997.291748046875,295.9874572753906,182.8968505859375,104.02139282226562,19025.185140755028,905.8433227539062,243.9767608642578,1920,1080,814.757568359375,226.68145751953125,926.4459838867188,224.44322204589844,111.68841552734375,2.2382354736328125,1.1480535596111354,left,False,"{'safe_roi': (450, 80, 1500, 420), 'cylinder_roi': (800, 190, 1000, 300)}",ok_cylinder_inside_confirmed
2026-09-29 00:17:57,2026-09-29,10785917,10558,6,107.7219009399414,,41.17570495605469,0.779808521270752,814.9264526367188,191.30459594726562,998.6456909179688,295.3440246582031,183.71923828125,104.0394287109375,19114.04459398985,906.7860717773438,243.32431030273438,1920,1080,819.0506591796875,226.74966430664062,926.721923828125,223.44708251953125,107.6712646484375,3.302581787109375,1.7568725504287945,left,False,"{'safe_roi': (450, 80, 1500, 420), 'cylinder_roi': (800, 190, 1000, 300)}",ok_cylinder_inside_confirmed
2026-09-29 00:18:02,2026-09-29,10785998,10558,6,95.68583679199219,,35.9945068359375,0.7780508995056152,814.575927734375,191.81695556640625,995.1546630859375,294.5338134765625,180.5787353515625,102.71685791015625,18548.480300702155,904.8652954101562,243.17538452148438,1920,1080,829.4531860351562,225.58441162109375,925.0828857421875,222.30734252929688,95.62969970703125,3.277069091796875,1.9626620489924296,left,False,"{'safe_roi': (450, 80, 1500, 420), 'cylinder_roi': (800, 190, 1000, 300)}",ok_cylinder_inside_confirmed
2026-09-29 00:18:07,2026-09-29,10786077,10558,6,93.44519805908203,,34.230865478515625,0.7826368808746338,814.2604370117188,191.75735473632812,996.0783081054688,294.5628356933594,181.81787109375,102.80548095703125,18691.87368437648,905.1693725585938,243.16009521484375,1920,1080,830.4567260742188,225.14190673828125,923.8311767578125,221.50643920898438,93.37445068359375,3.635467529296875,2.2296440742186787,left,False,"{'safe_roi': (450, 80, 1500, 420), 'cylinder_roi': (800, 190, 1000, 300)}",ok_cylinder_inside_confirmed
2026-09-29 00:18:12,2026-09-29,10786158,10558,6,110.05555725097656,,43.07051086425781,0.7787598967552185,813.9067993164062,193.09231567382812,993.6467895507812,295.69805908203125,179.739990234375,102.60574340820312,18442.355318181217,903.7767944335938,244.3951873779297,1920,1080,815.6127319335938,226.04513549804688,925.6629028320312,224.95608520507812,110.0501708984375,1.08905029296875,0.5669772995611881,left,False,"{'safe_roi': (450, 80, 1500, 420), 'cylinder_roi': (800, 190, 1000, 300)}",ok_cylinder_inside_confirmed
2026-09-29 00:18:18,2026-09-29,10786244,10558,6,92.57292175292969,,34.03904724121094,0.7843067646026611,815.169921875,191.90277099609375,993.2021484375,297.2125244140625,178.0322265625,105.30975341796875,18748.52987974882,904.18603515625,244.55764770507812,1920,1080,831.1050415039062,223.88748168945312,923.6671142578125,222.4705047607422,92.56207275390625,1.4169769287109375,0.8770380156555341,left,False,"{'safe_roi': (450, 80, 1500, 420), 'cylinder_roi': (800, 190, 1000, 300)}",ok_cylinder_inside_confirmed
2026-09-29 00:18:23,2026-09-29,10786324,10558,6,103.50868225097656,,38.883453369140625,0.7801944017410278,817.2168579101562,190.04327392578125,999.8113403320312,298.5350646972656,182.594482421875,108.49179077148438,19810.002382941544,908.5140991210938,244.28916931152344,1920,1080,824.864013671875,221.88406372070312,928.3726806640625,221.9425048828125,103.5086669921875,0.058441162109375,0.03234928707140099,left,False,"{'safe_roi': (450, 80, 1500, 420), 'cylinder_roi': (800, 190, 1000, 300)}",ok_cylinder_inside_confirmed
2026-09-29 00:18:28,2026-09-29,10786407,10558,6,108.23763275146484,,42.91725158691406,0.7786469459533691,817.50537109375,189.25514221191406,1005.3609619140625,297.89776611328125,187.8555908203125,108.64262390136719,20409.124301260337,911.4331665039062,243.57644653320312,1920,1080,818.0482788085938,223.91876220703125,926.281005859375,222.8880157470703,108.23272705078125,1.0307464599609375,0.5456356704011167,left,False,"{'safe_roi': (450, 80, 1500, 420), 'cylinder_roi': (800, 190, 1000, 300)}",ok_cylinder_inside_confirmed
2026-09-29 00:18:33,2026-09-29,10786488,10558,6,111.95899200439453,,43.13270568847656,0.7793259024620056,815.9833984375,187.64988708496094,1007.659423828125,297.2227783203125,191.676025390625,109.57289123535156,21002.496282551438,911.8214111328125,242.43634033203125,1920,1080,815.2374267578125,229.135498046875,927.1519775390625,225.98126220703125,111.91455078125,3.15423583984375,1.6144153693229009,left,False,"{'safe_roi': (450, 80, 1500, 420), 'cylinder_roi': (800, 190, 1000, 300)}",ok_cylinder_inside_confirmed
2026-09-29 00:18:38,2026-09-29,10786569,10558,6,111.51969909667969,,44.09092712402344,0.7762806415557861,815.1398315429688,188.08938598632812,1006.7711791992188,297.5226135253906,191.63134765625,109.4332275390625,20970.836871683598,910.9555053710938,242.80599975585938,1920,1080,814.9596557617188,229.4178466796875,926.3975830078125,225.14794921875,111.43792724609375,4.2698974609375,2.194293173658775,left,False,"{'safe_roi': (450, 80, 1500, 420), 'cylinder_roi': (800, 190, 1000, 300)}",ok_cylinder_inside_confirmed
2026-09-29 00:18:43,2026-09-29,10786652,10558,6,110.81588745117188,,44.044921875,0.7791311740875244,815.856689453125,188.12808227539062,1005.9560546875,297.1488952636719,190.099365234375,109.02081298828125,20724.78734640777,910.9063720703125,242.63848876953125,1920,1080,816.8046875,228.1073760986328,927.608154296875,226.44827270507812,110.803466796875,1.6591033935546875,0.8578478790617542,left,False,"{'safe_roi': (450, 80, 1500, 420), 'cylinder_roi': (800, 190, 1000, 300)}",ok_cylinder_inside_confirmed
2026-09-29 00:18:48,2026-09-29,10786728,10558,6,110.83577728271484,,43.52531433105469,0.7781091928482056,815.3450927734375,188.36279296875,1006.09619140625,297.1094665527344,190.7510986328125,108.74667358398438,20743.54745880887,910.7206420898438,242.7361297607422,1920,1080,815.6563110351562,228.903076171875,926.45263671875,225.94595336914062,110.79632568359375,2.957122802734375,1.5288453063112486,left,False,"{'safe_roi': (450, 80, 1500, 420), 'cylinder_roi': (800, 190, 1000, 300)}",ok_cylinder_inside_confirmed
2026-09-29 00:18:53,2026-09-29,10786813,10558,6,109.79183197021484,,42.5980224609375,0.7764279842376709,815.9188232421875,188.18519592285156,1008.1776123046875,296.9197998046875,192.2587890625,108.73460388183594,20905.18327151239,912.0482177734375,242.552490234375,1920,1080,816.09326171875,227.88265991210938,925.88037109375,226.8640899658203,109.787109375,1.0185699462890625,0.5315568014635325,left,False,"{'safe_roi': (450, 80, 1500, 420), 'cylinder_roi': (800, 190, 1000, 300)}",ok_cylinder_inside_confirmed
2026-09-29 00:18:58,2026-09-29,10786896,10558,6,110.60838317871094,,42.71913146972656,0.7752593159675598,814.0262451171875,187.76980590820312,1008.069091796875,297.8034973144531,194.0428466796875,110.03369140625,21351.250711143017,911.0476684570312,242.78665161132812,1920,1080,817.4658813476562,227.70724487304688,928.072998046875,227.17840576171875,110.60711669921875,0.528839111328125,0.2739427546573054,left,False,"{'safe_roi': (450, 80, 1500, 420), 'cylinder_roi': (800, 190, 1000, 300)}",ok_cylinder_inside_confirmed
2026-09-29 00:19:03,2026-09-29,10786975,10558,6,110.163330078125,,44.02888488769531,0.7775907516479492,813.305908203125,188.07403564453125,1007.19287109375,297.6020202636719,193.886962890625,109.52798461914062,21236.048289336264,910.2493896484375,242.83802795410156,1920,1080,816.6685791015625,226.06521606445312,926.8319091796875,226.087646484375,110.163330078125,0.022430419921875,0.011666026939802324,left,False,"{'safe_roi': (450, 80, 1500, 420), 'cylinder_roi': (800, 190, 1000, 300)}",ok_cylinder_inside_confirmed
2026-09-29 00:19:08,2026-09-29,10787052,10558,6,109.19573211669922,,43.2889404296875,0.7815141081809998,813.3475952148438,189.44671630859375,1003.1965942382812,297.28143310546875,189.8489990234375,107.834716796875,20472.31304386258,908.2720947265625,243.36407470703125,1920,1080,817.4073486328125,226.38980102539062,926.6021728515625,225.94459533691406,109.19482421875,0.4452056884765625,0.23360324817757722,left,False,"{'safe_roi': (450, 80, 1500, 420), 'cylinder_roi': (800, 190, 1000, 300)}",ok_cylinder_inside_confirmed
2026-09-29 00:19:13,2026-09-29,10787134,10558,6,109.8369369506836,,41.92066955566406,0.7775979042053223,813.1820068359375,189.14114379882812,1005.8048095703125,297.8984375,192.622802734375,108.75729370117188,20949.134730525315,909.493408203125,243.51979064941406,1920,1080,815.8675537109375,227.2626190185547,925.690185546875,225.49005126953125,109.8226318359375,1.7725677490234375,0.9246894875953651,left,False,"{'safe_roi': (450, 80, 1500, 420), 'cylinder_roi': (800, 190, 1000, 300)}",ok_cylinder_inside_confirmed
2026-09-29 00:19:18,2026-09-29,10787214,10558,6,109.45038604736328,,40.87469482421875,0.7793082594871521,813.897216796875,189.3015899658203,1004.8087158203125,297.5666198730469,190.9114990234375,108.26502990722656,20669.039151405916,909.3529663085938,243.43411254882812,1920,1080,816.6824340820312,225.5630340576172,926.13134765625,226.13050842285156,109.44891357421875,0.567474365234375,0.2970664002158256,left,False,"{'safe_roi': (450, 80, 1500, 420), 'cylinder_roi': (800, 190, 1000, 300)}",ok_cylinder_inside_confirmed
2026-09-29 00:19:23,2026-09-29,10787292,10558,6,110.11708068847656,,42.34123229980469,0.779413104057312,814.9379272460938,188.78945922851562,1005.0176391601562,297.4072570800781,190.0797119140625,108.6177978515625,20646.039724364877,909.977783203125,243.09835815429688,1920,1080,815.5730590820312,226.50111389160156,925.6859130859375,225.53643798828125,110.11285400390625,0.9646759033203125,0.5019436137359649,left,False,"{'safe_roi': (450, 80, 1500, 420), 'cylinder_roi': (800, 190, 1000, 300)}",ok_cylinder_inside_confirmed
2026-09-29 00:19:28,2026-09-29,10787371,10558,6,110.58573150634766,,44.1280517578125,0.780003547668457,813.9788818359375,188.30934143066406,1006.50244140625,297.9114990234375,192.5235595703125,109.60215759277344,21100.997516347095,910.2406616210938,243.11041259765625,1920,1080,815.7200927734375,226.49920654296875,926.302734375,225.67303466796875,110.5826416015625,0.826171875,0.42805344683569985,left,False,"{'safe_roi': (450, 80, 1500, 420), 'cylinder_roi': (800, 190, 1000, 300)}",ok_cylinder_inside_confirmed
2026-09-29 00:19:36,2026-09-29,10787504,10558,6,94.46125793457031,,40.80841064453125,0.7764569520950317,812.436279296875,188.82049560546875,1001.1893310546875,295.814697265625,188.7530517578125,106.99420166015625,20195.4820837453,906.8128051757812,242.31759643554688,1920,1080,830.7471313476562,224.2149658203125,925.2052612304688,224.9840087890625,94.4581298828125,0.76904296875,0.4664706243977781,left,False,"{'safe_roi': (450, 80, 1500, 420), 'cylinder_roi': (800, 190, 1000, 300)}",ok_cylinder_inside_confirmed
2026-09-29 00:19:43,2026-09-29,10787616,10558,6,107.79090118408203,,41.12913513183594,0.7837156057357788,810.4904174804688,188.08694458007812,1003.9970092773438,297.7305603027344,193.506591796875,109.64361572265625,21216.76239077747,907.2437133789062,242.90875244140625,1920,1080,817.22509765625,224.9741973876953,925.0137939453125,224.28518676757812,107.7886962890625,0.6890106201171875,0.36624306864998213,left,False,"{'safe_roi': (450, 80, 1500, 420), 'cylinder_roi': (800, 190, 1000, 300)}",ok_cylinder_inside_confirmed
2026-09-29 00:19:49,2026-09-29,10787712,10558,6,103.95459747314453,,40.48765563964844,0.7794597148895264,813.6950073242188,187.74783325195312,1005.9224243164062,298.76324462890625,192.2274169921875,111.01541137695312,21340.205775316805,909.8087158203125,243.2555389404297,1920,1080,820.5023193359375,224.42913818359375,924.4482421875,223.08639526367188,103.9459228515625,1.342742919921875,0.7400888979198397,left,False,"{'safe_roi': (450, 80, 1500, 420), 'cylinder_roi': (800, 190, 1000, 300)}",ok_cylinder_inside_confirmed
2026-09-29 00:19:54,2026-09-29,10787792,10558,6,107.1146469116211,,43.74354553222656,0.7814847230911255,813.0728759765625,188.05064392089844,1003.9791259765625,299.78521728515625,190.90625,111.73457336425781,21330.828396320343,908.5260009765625,243.91793823242188,1920,1080,817.6558837890625,224.84762573242188,924.7705078125,224.78302001953125,107.1146240234375,0.064605712890625,0.034557692434144235,left,False,"{'safe_roi': (450, 80, 1500, 420), 'cylinder_roi': (800, 190, 1000, 300)}",ok_cylinder_inside_confirmed
2026-09-29 00:19:59,2026-09-29,10787875,10558,6,100.60999298095703,,39.52192687988281,0.774841845035553,813.687744140625,187.87966918945312,1003.82373046875,298.1840515136719,190.135986328125,110.30438232421875,20972.83252952993,908.7557373046875,243.0318603515625,1920,1080,823.5911865234375,223.663330078125,924.201171875,223.6932373046875,100.6099853515625,0.0299072265625,0.01703168728743409,left,False,"{'safe_roi': (450, 80, 1500, 420), 'cylinder_roi': (800, 190, 1000, 300)}",ok_cylinder_inside_confirmed
2026-09-29 00:20:04,2026-09-29,10787954,10558,6,115.12372589111328,,38.38916015625,0.7740115523338318,813.767578125,186.62478637695312,1006.5745849609375,299.03436279296875,192.8070068359375,112.40957641601562,21673.353968467563,910.1710815429688,242.82957458496094,1920,1080,814.0189208984375,227.13900756835938,929.11376953125,224.560546875,115.0948486328125,2.578460693359375,1.2833780917643924,left,False,"{'safe_roi': (450, 80, 1500, 420), 'cylinder_roi': (800, 190, 1000, 300)}",ok_cylinder_inside_confirmed
2026-09-29 00:20:09,2026-09-29,10788032,10558,6,122.58180236816406,,33.18168640136719,0.7727512121200562,813.64501953125,188.31275939941406,1005.8271484375,298.7921447753906,192.18212890625,110.47938537597656,21232.1634818092,909.736083984375,243.55245971679688,1920,1080,809.1444091796875,225.84823608398438,931.642333984375,221.31423950195312,122.4979248046875,4.53399658203125,2.119712135780883,left,False,"{'safe_roi': (450, 80, 1500, 420), 'cylinder_roi': (800, 190, 1000, 300)}",ok_cylinder_inside_confirmed
2026-09-29 00:20:14,2026-09-29,10788113,10558,6,108.33045196533203,,39.10063171386719,0.7774897813796997,814.974853515625,187.99810791015625,1005.079345703125,299.3789367675781,190.1044921875,111.38082885742188,21173.99590936303,910.027099609375,243.6885223388672,1920,1080,816.9136962890625,224.0445098876953,925.23974609375,223.06748962402344,108.3260498046875,0.977020263671875,0.5167512327023127,left,False,"{'safe_roi': (450, 80, 1500, 420), 'cylinder_roi': (800, 190, 1000, 300)}",ok_cylinder_inside_confirmed
2026-09-29 00:20:19,2026-09-29,10788193,10558,6,119.97602081298828,,35.18974304199219,0.7684223055839539,813.9074096679688,187.93167114257812,1006.0213012695312,298.91534423828125,192.1138916015625,110.98367309570312,21321.50534265116,909.96435546875,243.4235076904297,1920,1080,810.37890625,227.32252502441406,930.2203979492188,221.64247131347656,119.84149169921875,5.6800537109375,2.7135822049198213,left,False,"{'safe_roi': (450, 80, 1500, 420), 'cylinder_roi': (800, 190, 1000, 300)}",ok_cylinder_inside_confirmed
2026-09-29 00:20:24,2026-09-29,10788273,10558,6,119.9647216796875,,33.16850280761719,0.7787525057792664,813.0870971679688,187.86158752441406,1006.8611450195312,299.01220703125,193.7740478515625,111.15061950683594,21538.105463048443,909.97412109375,243.4368896484375,1920,1080,810.7535400390625,226.66384887695312,930.6507568359375,222.63987731933594,119.897216796875,4.0239715576171875,1.9222304373792638,left,False,"{'safe_roi': (450, 80, 1500, 420), 'cylinder_roi': (800, 190, 1000, 300)}",ok_cylinder_inside_confirmed
2026-09-29 00:20:29,2026-09-29,10788352,10558,6,117.52237701416016,,34.00904846191406,0.7747079133987427,814.3989868164062,187.01535034179688,1005.2222290039062,297.907958984375,190.8232421875,110.89260864257812,21160.88711580634,909.8106079101562,242.46165466308594,1920,1080,812.4037475585938,226.07308959960938,929.85888671875,222.09829711914062,117.45513916015625,3.97479248046875,1.9382034594238684,left,False,"{'safe_roi': (450, 80, 1500, 420), 'cylinder_roi': (800, 190, 1000, 300)}",ok_cylinder_inside_confirmed
2026-09-29 00:20:34,2026-09-29,10788432,10558,6,114.2927017211914,,39.1529541015625,0.7766522169113159,812.4349365234375,187.7413330078125,1007.961669921875,298.562255859375,195.5267333984375,110.8209228515625,21668.45303736627,910.1983032226562,243.15179443359375,1920,1080,813.9122314453125,225.98526000976562,928.190185546875,224.1490478515625,114.2779541015625,1.836212158203125,0.9205463563827906,left,False,"{'safe_roi': (450, 80, 1500, 420), 'cylinder_roi': (800, 190, 1000, 300)}",ok_cylinder_inside_confirmed
2026-09-29 00:20:39,2026-09-29,10788513,10558,6,109.34929656982422,,42.87998962402344,0.7810181379318237,812.4298706054688,188.0950469970703,1006.7692260742188,299.334716796875,194.33935546875,111.23966979980469,21618.245731450617,909.5995483398438,243.71487426757812,1920,1080,816.9264526367188,224.83816528320312,926.2704467773438,223.76104736328125,109.343994140625,1.077117919921875,0.5643868715742455,left,False,"{'safe_roi': (450, 80, 1500, 420), 'cylinder_roi': (800, 190, 1000, 300)}",ok_cylinder_inside_confirmed
2026-09-29 00:20:44,2026-09-29,10788594,10558,6,110.00965881347656,,42.3575439453125,0.7804702520370483,812.5180053710938,187.61097717285156,1007.5690307617188,299.41217041015625,195.051025390625,111.80119323730469,21806.93738083169,910.0435180664062,243.51156616210938,1920,1080,817.4285888671875,225.554443359375,927.4351806640625,224.73248291015625,110.006591796875,0.82196044921875,0.4281015119008907,left,False,"{'safe_roi': (450, 80, 1500, 420), 'cylinder_roi': (800, 190, 1000, 300)}",ok_cylinder_inside_confirmed
2026-09-29 00:20:50,2026-09-29,10788675,10558,6,113.625732421875,,38.4388427734375,0.7839676141738892,812.9614868164062,187.48619079589844,1007.7828979492188,298.2015380859375,194.8214111328125,110.71534729003906,21569.72019310482,910.3721923828125,242.8438720703125,1920,1080,815.4424438476562,225.27609252929688,929.0546264648438,223.52154541015625,113.6121826171875,1.754547119140625,0.8847656287669465,left,False,"{'safe_roi': (450, 80, 1500, 420), 'cylinder_roi': (800, 190, 1000, 300)}",ok_cylinder_inside_confirmed
2026-09-29 00:20:55,2026-09-29,10788759,10558,6,117.96725463867188,,36.21528625488281,0.7750298380851746,811.947265625,187.98251342773438,1007.3590087890625,298.688232421875,195.4117431640625,110.70571899414062,21633.197526875883,909.6531372070312,243.3353729248047,1920,1080,812.7835083007812,226.53076171875,930.7100830078125,223.43292236328125,117.92657470703125,3.09783935546875,1.504769474871917,left,False,"{'safe_roi': (450, 80, 1500, 420), 'cylinder_roi': (800, 190, 1000, 300)}",ok_cylinder_inside_confirmed
2026-09-29 00:21:00,2026-09-29,10788841,10558,6,112.93670654296875,,39.22467041015625,0.7825130820274353,810.9871826171875,187.42349243164062,1006.9659423828125,298.5367126464844,195.978759765625,111.11322021484375,21775.83109126985,908.9765625,242.9801025390625,1920,1080,815.1764526367188,225.56683349609375,928.0801391601562,222.83599853515625,112.9036865234375,2.7308349609375,1.3855598632219386,left,False,"{'safe_roi': (450, 80, 1500, 420), 'cylinder_roi': (800, 190, 1000, 300)}",ok_cylinder_inside_confirmed
2026-09-29 00:21:05,2026-09-29,10788918,10558,6,109.73912048339844,,42.733154296875,0.7797972559928894,813.4297485351562,187.52085876464844,1007.1753540039062,298.48028564453125,193.74560546875,110.95942687988281,21497.90134330839,910.3025512695312,243.00057983398438,1920,1080,815.965087890625,225.60406494140625,925.6940307617188,224.10968017578125,109.72894287109375,1.494384765625,0.780255827193566,left,False,"{'safe_roi': (450, 80, 1500, 420), 'cylinder_roi': (800, 190, 1000, 300)}",ok_cylinder_inside_confirmed
2026-09-29 00:21:10,2026-09-29,10788999,10558,6,108.88188171386719,,43.91780090332031,0.7796792387962341,812.483642578125,187.6009521484375,1007.9774169921875,298.95489501953125,195.4937744140625,111.35394287109375,21769.002587758005,910.2305297851562,243.27792358398438,1920,1080,817.2241821289062,225.84457397460938,926.089111328125,223.92318725585938,108.86492919921875,1.92138671875,1.0111238038148078,left,False,"{'safe_roi': (450, 80, 1500, 420), 'cylinder_roi': (800, 190, 1000, 300)}",ok_cylinder_inside_confirmed
2026-09-29 00:21:15,2026-09-29,10789083,10558,6,109.64033508300781,,44.39024353027344,0.7837129831314087,811.5388793945312,187.57679748535156,1006.8884887695312,299.35394287109375,195.349609375,111.77714538574219,21835.62168815732,909.2136840820312,243.46536254882812,1920,1080,817.7490844726562,224.82118225097656,927.381591796875,226.13160705566406,109.63250732421875,1.3104248046875,0.6848172785046912,left,False,"{'safe_roi': (450, 80, 1500, 420), 'cylinder_roi': (800, 190, 1000, 300)}",ok_cylinder_inside_confirmed
2026-09-29 00:21:20,2026-09-29,10789167,10558,6,128.5900421142578,,23.67657470703125,0.7801948189735413,810.6974487304688,186.7583770751953,1013.3312377929688,297.4976501464844,202.6337890625,110.73927307128906,22439.518500462174,912.0143432617188,242.12802124023438,1920,1080,807.5259399414062,217.4374237060547,936.1117553710938,218.4807586669922,128.5858154296875,1.0433349609375,0.4648831434098911,left,False,"{'safe_roi': (450, 80, 1500, 420), 'cylinder_roi': (800, 190, 1000, 300)}",ok_cylinder_inside_confirmed
2026-09-29 00:21:25,2026-09-29,10789245,10558,6,126.2334213256836,,24.359817504882812,0.7812485098838806,808.4756469726562,186.8242950439453,1010.0857543945312,298.6363525390625,201.610107421875,111.81205749511719,22542.44092265144,909.2807006835938,242.73031616210938,1920,1080,809.365478515625,217.38766479492188,935.59228515625,218.67994689941406,126.226806640625,1.2922821044921875,0.5865610151852712,left,False,"{'safe_roi': (450, 80, 1500, 420), 'cylinder_roi': (800, 190, 1000, 300)}",ok_cylinder_inside_confirmed
2026-09-29 00:21:30,2026-09-29,10789329,10558,6,126.05874633789062,,27.462692260742188,0.7862680554389954,808.8621826171875,186.7096405029297,1011.4581298828125,299.177734375,202.595947265625,112.46809387207031,22785.58001517132,910.16015625,242.94369506835938,1920,1080,808.7005004882812,217.12388610839844,934.7550659179688,218.1505126953125,126.0545654296875,1.0266265869140625,0.46662387739199473,left,False,"{'safe_roi': (450, 80, 1500, 420), 'cylinder_roi': (800, 190, 1000, 300)}",ok_cylinder_inside_confirmed
2026-09-29 00:21:35,2026-09-29,10789413,10558,6,121.51722717285156,,32.84733581542969,0.7843149304389954,811.0980224609375,187.6768341064453,1008.7669677734375,299.07904052734375,197.6689453125,111.40220642089844,22020.75664870441,909.9324951171875,243.3779296875,1920,1080,810.5396728515625,217.0279083251953,932.005615234375,220.55804443359375,121.4659423828125,3.5301361083984375,1.6647051720033958,left,False,"{'safe_roi': (450, 80, 1500, 420), 'cylinder_roi': (800, 190, 1000, 300)}",ok_cylinder_inside_confirmed
2026-09-29 00:21:40,2026-09-29,10789494,10558,6,116.55810546875,,35.758209228515625,0.7807547450065613,811.4512329101562,187.42715454101562,1009.5593872070312,298.2462463378906,198.108154296875,110.819091796875,21954.165736734867,910.5053100585938,242.83670043945312,1920,1080,813.6263427734375,215.70008850097656,930.0858154296875,220.4941864013672,116.45947265625,4.794097900390625,2.3572713338844005,left,False,"{'safe_roi': (450, 80, 1500, 420), 'cylinder_roi': (800, 190, 1000, 300)}",ok_cylinder_inside_confirmed
2026-09-29 00:21:45,2026-09-29,10789576,10558,6,96.82429504394531,,32.57487487792969,0.788941502571106,810.2371215820312,188.2735595703125,1002.1696166992188,298.2987060546875,191.9324951171875,110.025146484375,21117.400890380144,906.203369140625,243.2861328125,1920,1080,829.1669921875,216.73052978515625,925.7991333007812,222.82748413085938,96.63214111328125,6.096954345703125,3.6102615703510827,left,False,"{'safe_roi': (450, 80, 1500, 420), 'cylinder_roi': (800, 190, 1000, 300)}",ok_cylinder_inside_confirmed
2026-09-29 00:21:50,2026-09-29,10789656,10558,6,105.04367065429688,,37.58778381347656,0.786144495010376,809.672607421875,188.05372619628906,1002.5657958984375,298.4107666015625,192.8931884765625,110.35704040527344,21287.121394610032,906.1192016601562,243.23223876953125,1920,1080,821.3761596679688,213.78399658203125,926.1768798828125,220.92416381835938,104.80072021484375,7.140167236328125,3.8975897519343645,left,False,"{'safe_roi': (450, 80, 1500, 420), 'cylinder_roi': (800, 190, 1000, 300)}",ok_cylinder_inside_confirmed
2026-09-29 00:21:55,2026-09-29,10789740,10558,6,107.18501281738281,,38.717254638671875,0.7848250269889832,810.6405029296875,188.27215576171875,1005.6053466796875,297.53961181640625,194.96484375,109.2674560546875,21303.31249666214,908.1229248046875,242.9058837890625,1920,1080,819.6603393554688,214.0133514404297,926.6937255859375,219.71261596679688,107.03338623046875,5.6992645263671875,3.04798084526884,left,False,"{'safe_roi': (450, 80, 1500, 420), 'cylinder_roi': (800, 190, 1000, 300)}",ok_cylinder_inside_confirmed
2026-09-29 00:22:00,2026-09-29,10789822,10558,6,105.22684478759766,,37.6583251953125,0.7833977341651917,811.2476806640625,188.24034118652344,1006.349609375,297.8064880371094,195.1019287109375,109.56614685058594,21376.566571975127,908.7986450195312,243.02340698242188,1920,1080,821.7003784179688,214.40538024902344,926.746337890625,220.57264709472656,105.04595947265625,6.167266845703125,3.3599883856236237,left,False,"{'safe_roi': (450, 80, 1500, 420), 'cylinder_roi': (800, 190, 1000, 300)}",ok_cylinder_inside_confirmed
2026-09-29 00:22:05,2026-09-29,10789900,10558,6,109.25353240966797,,39.12989807128906,0.788210391998291,811.37255859375,188.41995239257812,1005.968505859375,297.91357421875,194.595947265625,109.49362182617188,21307.01505880803,908.6705322265625,243.16676330566406,1920,1080,819.2806396484375,212.70364379882812,928.2677612304688,220.3286590576172,108.98712158203125,7.6250152587890625,4.002036789875002,left,False,"{'safe_roi': (450, 80, 1500, 420), 'cylinder_roi': (800, 190, 1000, 300)}",ok_cylinder_inside_confirmed
2026-09-29 00:22:10,2026-09-29,10789980,10558,6,105.36287689208984,,37.319732666015625,0.786931037902832,811.6840209960938,188.64141845703125,1002.6019897460938,297.021484375,190.91796875,108.38006591796875,20691.702038049698,907.1430053710938,242.83145141601562,1920,1080,822.1597900390625,214.00729370117188,927.304931640625,220.77749633789062,105.1451416015625,6.77020263671875,3.684138736797276,left,False,"{'safe_roi': (450, 80, 1500, 420), 'cylinder_roi': (800, 190, 1000, 300)}",ok_cylinder_inside_confirmed
2026-09-29 00:22:16,2026-09-29,10790060,10558,6,107.44705963134766,,38.10157775878906,0.7858570218086243,811.1341552734375,188.48435974121094,1004.3017578125,297.66693115234375,193.1676025390625,109.18257141113281,21090.53555853851,907.7179565429688,243.07565307617188,1920,1080,820.774658203125,213.21875,927.970458984375,220.56246948242188,107.19580078125,7.343719482421875,3.919068860814672,left,False,"{'safe_roi': (450, 80, 1500, 420), 'cylinder_roi': (800, 190, 1000, 300)}",ok_cylinder_inside_confirmed
2026-09-29 00:22:21,2026-09-29,10790141,10558,6,98.567138671875,,32.53205871582031,0.7861132025718689,811.539306640625,188.503662109375,1005.927490234375,297.99835205078125,194.38818359375,109.49468994140625,21284.47389087081,908.7333984375,243.25100708007812,1920,1080,828.1868286132812,217.88131713867188,926.6458740234375,222.4961700439453,98.45904541015625,4.6148529052734375,2.683534278090776,left,False,"{'safe_roi': (450, 80, 1500, 420), 'cylinder_roi': (800, 190, 1000, 300)}",ok_cylinder_inside_confirmed
2026-09-29 00:22:26,2026-09-29,10790228,10558,6,109.68394470214844,,41.654571533203125,0.7748650908470154,812.0115356445312,188.92352294921875,999.0769653320312,296.4326171875,187.0654296875,107.50909423828125,20111.234908998013,905.5442504882812,242.67807006835938,1920,1080,819.3511352539062,214.26516723632812,929.0076293945312,216.7190399169922,109.656494140625,2.4538726806640625,1.2819403677900096,left,False,"{'safe_roi': (450, 80, 1500, 420), 'cylinder_roi': (800, 190, 1000, 300)}",ok_cylinder_inside_confirmed
2026-09-29 00:22:31,2026-09-29,10790313,10558,6,96.16259002685547,,42.38539123535156,0.7741156220436096,809.7211303710938,189.01795959472656,997.1307983398438,295.8951721191406,187.40966796875,106.87721252441406,20029.82291262597,903.4259643554688,242.45657348632812,1920,1080,824.349609375,215.14869689941406,920.3881225585938,220.0321044921875,96.03851318359375,4.8834075927734375,2.910893382176682,left,False,"{'safe_roi': (450, 80, 1500, 420), 'cylinder_roi': (800, 190, 1000, 300)}",ok_cylinder_inside_confirmed
2026-09-29 00:22:36,2026-09-29,10790393,10558,6,101.50973510742188,,40.2156982421875,0.7791935801506042,800.7794189453125,186.56463623046875,990.549072265625,295.40435791015625,189.7696533203125,108.8397216796875,20654.476250633597,895.6642456054688,240.9844970703125,1920,1080,813.637451171875,228.4078369140625,915.0054931640625,223.04629516601562,101.3680419921875,5.361541748046875,3.027657680094818,left,False,"{'safe_roi': (450, 80, 1500, 420), 'cylinder_roi': (800, 190, 1000, 300)}",ok_cylinder_inside_confirmed
2026-09-29 00:22:41,2026-09-29,10790475,10558,6,96.1432113647461,,31.390457153320312,0.7854389548301697,793.3207397460938,188.94091796875,984.3090209960938,296.4107666015625,190.98828125,107.4698486328125,20525.48167657852,888.8148803710938,242.67584228515625,1920,1080,806.9923706054688,234.4506072998047,902.793212890625,226.34408569335938,95.80084228515625,8.106521606445312,4.836759507434201,left,False,"{'safe_roi': (450, 80, 1500, 420), 'cylinder_roi': (800, 190, 1000, 300)}",ok_cylinder_inside_confirmed
2026-09-29 00:22:48,2026-09-29,10790592,10558,6,101.02721405029297,,34.64945983886719,0.7725308537483215,791.901123046875,189.34555053710938,987.3155517578125,294.1316223144531,195.4144287109375,104.78607177734375,20476.71035323292,889.6083374023438,241.73858642578125,1920,1080,805.262939453125,238.30035400390625,905.9117431640625,229.56442260742188,100.6488037109375,8.735931396484375,4.960622479688316,left,False,"{'safe_roi': (450, 80, 1500, 420), 'cylinder_roi': (800, 190, 1000, 300)}",ok_cylinder_inside_confirmed
2026-09-29 00:23:26,2026-09-29,10791202,10558,7,95.77344512939453,,34.74412536621094,0.7724320888519287,796.744873046875,187.03500366210938,986.7606201171875,295.85272216796875,190.0157470703125,108.81771850585938,20677.08007637784,891.7527465820312,241.44386291503906,1920,1080,808.5516967773438,236.98391723632812,903.513671875,224.54302978515625,94.96197509765625,12.440887451171875,7.463763780325163,left,False,"{'safe_roi': (450, 80, 1500, 420), 'cylinder_roi': (800, 190, 1000, 300)}",ok_cylinder_inside_confirmed
2026-09-29 00:23:32,2026-09-29,10791311,10558,7,104.51336669921875,,33.91514587402344,0.7666119337081909,795.080078125,187.2626953125,987.1246337890625,297.05804443359375,192.0445556640625,109.79534912109375,21085.599035941064,891.1023559570312,242.16036987304688,1920,1080,803.7811279296875,236.67422485351562,907.611083984375,224.74176025390625,103.8299560546875,11.932464599609375,6.55585010145753,left,False,"{'safe_roi': (450, 80, 1500, 420), 'cylinder_roi': (800, 190, 1000, 300)}",ok_cylinder_inside_confirmed
2026-09-29 00:23:37,2026-09-29,10791393,10558,7,96.72830963134766,,35.27992248535156,0.7647140622138977,794.7713012695312,186.91946411132812,987.2163696289062,296.0633850097656,192.445068359375,109.1439208984375,21004.209318310022,890.9938354492188,241.49142456054688,1920,1080,809.9154052734375,235.71974182128906,905.8016357421875,222.98410034179688,95.88623046875,12.735641479492188,7.565762332369579,left,False,"{'safe_roi': (450, 80, 1500, 420), 'cylinder_roi': (800, 190, 1000, 300)}",ok_cylinder_inside_confirmed
2026-09-29 00:23:45,2026-09-29,10791517,10558,7,98.66674041748047,,36.39402770996094,0.761053204536438,795.0889282226562,186.4398193359375,986.9204711914062,297.303466796875,191.83154296875,110.8636474609375,21267.144551575184,891.0046997070312,241.87164306640625,1920,1080,808.0542602539062,236.26870727539062,905.9202880859375,223.72412109375,97.86602783203125,12.544586181640625,7.304411459796235,left,False,"{'safe_roi': (450, 80, 1500, 420), 'cylinder_roi': (800, 190, 1000, 300)}",ok_cylinder_inside_confirmed
2026-09-29 00:23:50,2026-09-29,10791600,10558,7,104.07122039794922,,36.801483154296875,0.7629039287567139,795.11962890625,187.4322967529297,986.45361328125,297.4566650390625,191.333984375,110.02436828613281,21051.40076252818,890.78662109375,242.44448852539062,1920,1080,804.2481689453125,236.93417358398438,907.5838623046875,224.5829315185547,103.335693359375,12.351242065429688,6.815966430700162,left,False,"{'safe_roi': (450, 80, 1500, 420), 'cylinder_roi': (800, 190, 1000, 300)}",ok_cylinder_inside_confirmed
2026-09-29 00:24:22,2026-09-29,10792108,10558,8,104.38782501220703,,33.93687438964844,0.7720143795013428,797.3150024414062,188.9723663330078,985.1771850585938,294.6458740234375,187.8621826171875,105.67350769042969,19852.05579953827,891.24609375,241.80911254882812,1920,1080,800.770263671875,234.7977752685547,905.0347900390625,229.72567749023438,104.2645263671875,5.0720977783203125,2.7850400388318293,left,False,"{'safe_roi': (450, 80, 1500, 420), 'cylinder_roi': (800, 190, 1000, 300)}",ok_cylinder_inside_confirmed
2026-09-29 00:31:28,2026-09-29,10798950,10558,9,101.81021118164062,,37.2635498046875,0.7540743350982666,798.6525268554688,187.72621154785156,991.0747680664062,294.3359680175781,192.4222412109375,106.60975646972656,20514.08827485703,894.8636474609375,241.03109741210938,1920,1080,812.2138061523438,218.037841796875,913.8216552734375,224.45376586914062,101.60784912109375,6.415924072265625,3.6130867078310196,left,False,"{'safe_roi': (450, 80, 1500, 420), 'cylinder_roi': (800, 190, 1000, 300)}",ok_cylinder_inside_confirmed
2026-09-29 00:31:33,2026-09-29,10799031,10558,9,100.93852996826172,,38.434051513671875,0.7580670118331909,799.0659790039062,188.3635711669922,988.6541137695312,295.04449462890625,189.588134765625,106.68092346191406,20225.43729421869,893.8600463867188,241.70404052734375,1920,1080,812.8046875,220.172119140625,913.59619140625,225.6181640625,100.79150390625,5.446044921875,3.092842562159004,left,False,"{'safe_roi': (450, 80, 1500, 420), 'cylinder_roi': (800, 190, 1000, 300)}",ok_cylinder_inside_confirmed
2026-09-29 00:31:48,2026-09-29,10799281,10558,9,101.56304168701172,,40.97062683105469,0.7568791508674622,799.7568359375,187.67303466796875,988.131591796875,297.3199462890625,188.374755859375,109.64691162109375,20654.710207358003,893.9442138671875,242.49649047851562,1920,1080,810.1416015625,215.0067901611328,911.1791381835938,225.32510375976562,101.03753662109375,10.318313598632812,5.831034372232434,left,False,"{'safe_roi': (450, 80, 1500, 420), 'cylinder_roi': (800, 190, 1000, 300)}",ok_cylinder_inside_confirmed
2026-09-29 00:31:57,2026-09-29,10799426,10558,9,106.6911849975586,,38.12733459472656,0.7602455019950867,799.2247314453125,190.05947875976562,982.5927734375,295.86004638671875,183.3680419921875,105.80056762695312,19400.442927416414,890.9087524414062,242.9597625732422,1920,1080,806.8564453125,212.5928497314453,913.1885375976562,221.3389892578125,106.33209228515625,8.746139526367188,4.7021677428506,left,False,"{'safe_roi': (450, 80, 1500, 420), 'cylinder_roi': (800, 190, 1000, 300)}",ok_cylinder_inside_confirmed
2026-09-29 00:32:02,2026-09-29,10799506,10558,9,103.05130767822266,,34.28204345703125,0.7602668404579163,798.2633056640625,189.70266723632812,982.2696533203125,297.0186462402344,184.00634765625,107.31597900390625,19746.8213416636,890.2664794921875,243.36065673828125,1920,1080,807.7540893554688,211.392822265625,910.3395385742188,221.180419921875,102.58544921875,9.78759765625,5.450048447722099,left,False,"{'safe_roi': (450, 80, 1500, 420), 'cylinder_roi': (800, 190, 1000, 300)}",ok_cylinder_inside_confirmed
2026-09-29 00:32:07,2026-09-29,10799587,10558,9,106.49378967285156,,35.18196105957031,0.7592118382453918,800.2532348632812,190.01321411132812,983.8679809570312,297.0582275390625,183.61474609375,107.04501342773438,19655.042961135507,892.0606079101562,243.5357208251953,1920,1080,806.2435302734375,211.12229919433594,912.3214111328125,220.5249481201172,106.077880859375,9.40264892578125,5.065408448664653,left,False,"{'safe_roi': (450, 80, 1500, 420), 'cylinder_roi': (800, 190, 1000, 300)}",ok_cylinder_inside_confirmed
2026-09-29 00:32:12,2026-09-29,10799665,10558,9,92.83543395996094,,37.28797912597656,0.7629426121711731,801.7831420898438,189.7725372314453,986.9658813476562,295.6883239746094,185.1827392578125,105.91578674316406,19613.775519745424,894.37451171875,242.73043823242188,1920,1080,814.6134643554688,210.4495086669922,907.2597045898438,216.3734130859375,92.646240234375,5.9239044189453125,3.6585757828244234,left,False,"{'safe_roi': (450, 80, 1500, 420), 'cylinder_roi': (800, 190, 1000, 300)}",ok_cylinder_inside_confirmed
2026-09-29 00:32:17,2026-09-29,10799748,10558,9,94.98579406738281,,36.684326171875,0.7727526426315308,803.8687744140625,189.5834197998047,985.699462890625,295.369873046875,181.8306884765625,105.78645324707031,19235.223625408486,894.7841186523438,242.47665405273438,1920,1080,816.520751953125,216.6488800048828,911.3953857421875,221.24285888671875,94.8746337890625,4.5939788818359375,2.7721864473365767,left,False,"{'safe_roi': (450, 80, 1500, 420), 'cylinder_roi': (800, 190, 1000, 300)}",ok_cylinder_inside_confirmed
2026-09-29 00:32:22,2026-09-29,10799832,10558,9,91.5594711303711,,35.31611633300781,0.7685480117797852,803.673095703125,189.98587036132812,986.10205078125,296.0057373046875,182.428955078125,106.01986694335938,19341.093543998897,894.8875732421875,242.9958038330078,1920,1080,820.16650390625,215.25628662109375,911.5852661132812,220.33038330078125,91.41876220703125,5.0740966796875,3.1768788504341043,left,False,"{'safe_roi': (450, 80, 1500, 420), 'cylinder_roi': (800, 190, 1000, 300)}",ok_cylinder_inside_confirmed
2026-09-29 00:32:27,2026-09-29,10799916,10558,9,90.69467163085938,,35.63063049316406,0.7658087611198425,802.561767578125,190.4121856689453,983.101806640625,295.0445556640625,180.5400390625,104.63236999511719,18890.33216612041,892.831787109375,242.72836303710938,1920,1080,816.6199951171875,215.02845764160156,907.1273193359375,220.85491943359375,90.50732421875,5.8264617919921875,3.6833666173444173,left,False,"{'safe_roi': (450, 80, 1500, 420), 'cylinder_roi': (800, 190, 1000, 300)}",ok_cylinder_inside_confirmed
2026-09-29 00:32:32,2026-09-29,10799999,10558,9,104.61660766601562,,32.77140808105469,0.762578010559082,800.4984130859375,190.21836853027344,984.267333984375,294.3666687011719,183.7689208984375,104.14830017089844,19139.22073581256,892.3828735351562,242.29251098632812,1920,1080,806.7691650390625,210.5051727294922,910.3359375,225.28890991210938,103.5667724609375,14.783737182617188,8.123858716876162,left,False,"{'safe_roi': (450, 80, 1500, 420), 'cylinder_roi': (800, 190, 1000, 300)}",ok_cylinder_inside_confirmed
2026-09-29 00:32:37,2026-09-29,10800081,10558,9,105.71659851074219,,34.046783447265625,0.7603169679641724,800.154541015625,189.33384704589844,983.4637451171875,295.0061950683594,183.3092041015625,105.67234802246094,19370.714011540636,891.8091430664062,242.17001342773438,1920,1080,805.8037109375,210.66275024414062,910.976806640625,221.36880493164062,105.173095703125,10.7060546875,5.812380698761454,left,False,"{'safe_roi': (450, 80, 1500, 420), 'cylinder_roi': (800, 190, 1000, 300)}",ok_cylinder_inside_confirmed
2026-09-29 00:32:42,2026-09-29,10800163,10558,9,95.46430206298828,,39.084808349609375,0.7631452083587646,801.3223876953125,189.7109375,983.6756591796875,294.5406188964844,182.353271484375,104.82968139648438,19116.03535131365,892.4990234375,242.1257781982422,1920,1080,809.723388671875,213.1781005859375,905.1571044921875,215.59457397460938,95.4337158203125,2.416473388671875,1.4504742558389276,left,False,"{'safe_roi': (450, 80, 1500, 420), 'cylinder_roi': (800, 190, 1000, 300)}",ok_cylinder_inside_confirmed
2026-09-29 00:32:47,2026-09-29,10800245,10558,9,96.09574127197266,,37.197723388671875,0.7604358196258545,802.1239013671875,189.21994018554688,982.9473876953125,295.5618896484375,180.823486328125,106.34194946289062,19229.122044809163,892.53564453125,242.3909149169922,1920,1080,810.0949096679688,215.27847290039062,906.0284423828125,220.85952758789062,95.93353271484375,5.5810546875,3.3295016675156224,left,False,"{'safe_roi': (450, 80, 1500, 420), 'cylinder_roi': (800, 190, 1000, 300)}",ok_cylinder_inside_confirmed
2026-09-29 00:32:52,2026-09-29,10800324,10558,9,99.68161010742188,,34.05616760253906,0.7682884931564331,801.0604858398438,189.16549682617188,984.0109252929688,296.80352783203125,182.950439453125,107.63803100585938,19692.425074391067,892.5357055664062,242.98451232910156,1920,1080,807.145263671875,215.65472412109375,906.72216796875,220.22235107421875,99.576904296875,4.567626953125,2.626336190494732,left,False,"{'safe_roi': (450, 80, 1500, 420), 'cylinder_roi': (800, 190, 1000, 300)}",ok_cylinder_inside_confirmed
2026-09-29 00:32:57,2026-09-29,10800406,10558,9,99.52703094482422,,33.896820068359375,0.7653379440307617,801.56884765625,188.78662109375,984.51416015625,296.4338684082031,182.9453125,107.64724731445312,19693.559299707413,893.04150390625,242.61024475097656,1920,1080,808.2788696289062,215.3377685546875,907.7073974609375,219.7646942138672,99.42852783203125,4.4269256591796875,2.549336256328373,left,False,"{'safe_roi': (450, 80, 1500, 420), 'cylinder_roi': (800, 190, 1000, 300)}",ok_cylinder_inside_confirmed
2026-09-29 00:33:02,2026-09-29,10800489,10558,9,102.60042572021484,,34.33491516113281,0.7625957131385803,800.4324340820312,189.08819580078125,982.0844116210938,296.5205078125,181.6519775390625,107.43231201171875,19515.29192852229,891.2584228515625,242.80435180664062,1920,1080,806.0597534179688,212.17071533203125,908.298583984375,220.77700805664062,102.23883056640625,8.606292724609375,4.811718445412417,left,False,"{'safe_roi': (450, 80, 1500, 420), 'cylinder_roi': (800, 190, 1000, 300)}",ok_cylinder_inside_confirmed
2026-09-29 00:33:08,2026-09-29,10800575,10558,9,94.69702911376953,,36.576995849609375,0.7656645774841309,802.7523803710938,189.3546600341797,982.8446655273438,297.5084533691406,180.09228515625,108.15379333496094,19477.663790009916,892.7985229492188,243.43154907226562,1920,1080,812.7044067382812,219.6767578125,907.3937377929688,220.88436889648438,94.6893310546875,1.207611083984375,0.7306764839468509,left,False,"{'safe_roi': (450, 80, 1500, 420), 'cylinder_roi': (800, 190, 1000, 300)}",ok_cylinder_inside_confirmed
2026-09-29 00:33:13,2026-09-29,10800661,10558,9,94.90879821777344,,36.906982421875,0.7660267353057861,803.4952392578125,188.83815002441406,983.3642578125,296.8354187011719,179.8690185546875,107.99726867675781,19425.362723475322,893.4297485351562,242.8367919921875,1920,1080,812.5863647460938,220.4830322265625,907.4947509765625,220.76382446289062,94.90838623046875,0.280792236328125,0.1695125558488053,left,False,"{'safe_roi': (450, 80, 1500, 420), 'cylinder_roi': (800, 190, 1000, 300)}",ok_cylinder_inside_confirmed
2026-09-29 00:33:18,2026-09-29,10800743,10558,9,96.84307861328125,,37.24177551269531,0.7586602568626404,802.4655151367188,188.99002075195312,981.9684448242188,297.0507507324219,179.5029296875,108.06072998046875,19397.217615664005,892.2169799804688,243.0203857421875,1920,1080,812.2691650390625,217.22784423828125,909.04833984375,220.74545288085938,96.7791748046875,3.517608642578125,2.081599140395679,left,False,"{'safe_roi': (450, 80, 1500, 420), 'cylinder_roi': (800, 190, 1000, 300)}",ok_cylinder_inside_confirmed
2026-09-29 00:33:23,2026-09-29,10800828,10558,9,106.80879211425781,,37.664306640625,0.7595402598381042,802.994384765625,189.13890075683594,983.5999755859375,297.894287109375,180.6055908203125,108.75538635253906,19641.83080709167,893.2971801757812,243.5166015625,1920,1080,804.6826782226562,212.63311767578125,911.25732421875,219.70155334472656,106.57464599609375,7.0684356689453125,3.794516588139156,left,False,"{'safe_roi': (450, 80, 1500, 420), 'cylinder_roi': (800, 190, 1000, 300)}",ok_cylinder_inside_confirmed
2026-09-29 00:33:28,2026-09-29,10800911,10558,9,103.71024322509766,,36.67698669433594,0.7565139532089233,801.1368408203125,189.81011962890625,984.7781982421875,294.8348693847656,183.641357421875,105.02474975585938,19286.88760805875,892.95751953125,242.32249450683594,1920,1080,806.5580444335938,213.24212646484375,910.072021484375,219.61947631835938,103.51397705078125,6.377349853515625,3.525456090361067,left,False,"{'safe_roi': (450, 80, 1500, 420), 'cylinder_roi': (800, 190, 1000, 300)}",ok_cylinder_inside_confirmed
2026-09-29 00:33:33,2026-09-29,10800988,10558,9,104.0716552734375,,34.37153625488281,0.7601311206817627,800.7985229492188,189.85028076171875,983.0628051757812,294.2980651855469,182.2642822265625,104.44778442382812,19037.100458163768,891.9306640625,242.0741729736328,1920,1080,805.5013427734375,211.2642059326172,909.165283203125,220.46731567382812,103.6639404296875,9.203109741210938,5.073321928116266,left,False,"{'safe_roi': (450, 80, 1500, 420), 'cylinder_roi': (800, 190, 1000, 300)}",ok_cylinder_inside_confirmed
2026-09-29 00:33:38,2026-09-29,10801071,10558,9,104.93762969970703,,35.272125244140625,0.7601258754730225,801.7723388671875,189.57162475585938,982.93017578125,294.6033630371094,181.1578369140625,105.03173828125,19027.322514355183,892.3512573242188,242.08749389648438,1920,1080,805.6286010742188,210.24508666992188,909.983154296875,221.2919921875,104.35455322265625,11.046905517578125,6.042788986431711,left,False,"{'safe_roi': (450, 80, 1500, 420), 'cylinder_roi': (800, 190, 1000, 300)}",ok_cylinder_inside_confirmed
2026-09-29 00:33:43,2026-09-29,10801155,10558,9,103.35261535644531,,37.270050048828125,0.7569798827171326,803.1090087890625,189.32421875,982.950439453125,296.16583251953125,179.8414306640625,106.84161376953125,19214.5486747697,893.0297241210938,242.74502563476562,1920,1080,806.9957885742188,213.67657470703125,910.125732421875,220.45724487304688,103.12994384765625,6.780670166015625,3.7617145345520897,left,False,"{'safe_roi': (450, 80, 1500, 420), 'cylinder_roi': (800, 190, 1000, 300)}",ok_cylinder_inside_confirmed
2026-09-29 00:33:48,2026-09-29,10801236,10558,9,99.87301635742188,,36.62898254394531,0.7613245248794556,802.1349487304688,189.13699340820312,983.1952514648438,295.5224609375,181.060302734375,106.38546752929688,19262.184957392514,892.6651000976562,242.32972717285156,1920,1080,808.769287109375,217.21595764160156,908.60302734375,220.01654052734375,99.833740234375,2.8005828857421875,1.6068666540004892,left,False,"{'safe_roi': (450, 80, 1500, 420), 'cylinder_roi': (800, 190, 1000, 300)}",ok_cylinder_inside_confirmed
2026-09-29 00:33:53,2026-09-29,10801318,10558,9,104.87401580810547,,35.99220275878906,0.758158266544342,801.563720703125,189.5274658203125,982.628662109375,295.57568359375,181.06494140625,106.0482177734375,19201.6143373847,892.09619140625,242.55157470703125,1920,1080,805.7072143554688,212.10830688476562,910.2463989257812,220.48196411132812,104.5391845703125,8.3736572265625,4.579651683702119,left,False,"{'safe_roi': (450, 80, 1500, 420), 'cylinder_roi': (800, 190, 1000, 300)}",ok_cylinder_inside_confirmed
2026-09-29 00:33:58,2026-09-29,10801399,10558,9,105.20094299316406,,35.17767333984375,0.7575618624687195,801.97021484375,189.25064086914062,982.163330078125,294.8323974609375,180.193115234375,105.58175659179688,19025.105632193387,892.0667724609375,242.04151916503906,1920,1080,804.33349609375,212.33999633789062,909.2752685546875,219.7198486328125,104.9417724609375,7.379852294921875,4.022606224314465,left,False,"{'safe_roi': (450, 80, 1500, 420), 'cylinder_roi': (800, 190, 1000, 300)}",ok_cylinder_inside_confirmed
2026-09-29 00:34:03,2026-09-29,10801481,10558,9,106.51383209228516,,35.67634582519531,0.7575926184654236,804.1859130859375,189.3101806640625,983.0908203125,295.90283203125,178.9049072265625,106.5926513671875,19069.94840388,893.6383666992188,242.60650634765625,1920,1080,805.4044189453125,212.22386169433594,911.5211181640625,221.41314697265625,106.11669921875,9.189285278320312,4.949240662109335,left,False,"{'safe_roi': (450, 80, 1500, 420), 'cylinder_roi': (800, 190, 1000, 300)}",ok_cylinder_inside_confirmed
2026-09-29 00:34:08,2026-09-29,10801563,10558,9,106.95475006103516,,35.9737548828125,0.7534092664718628,802.4730834960938,189.3262939453125,981.5375366210938,296.08941650390625,179.064453125,106.76312255859375,19117.48015487194,892.0053100585938,242.70785522460938,1920,1080,805.2728881835938,211.55484008789062,911.8115234375,220.98025512695312,106.53863525390625,9.4254150390625,5.055763602301209,left,False,"{'safe_roi': (450, 80, 1500, 420), 'cylinder_roi': (800, 190, 1000, 300)}",ok_cylinder_inside_confirmed
2026-09-29 00:34:13,2026-09-29,10801648,10558,9,104.44742584228516,,36.5064697265625,0.7563632130622864,803.9260864257812,189.5362548828125,982.5337524414062,295.7621765136719,178.607666015625,106.22592163085938,18972.763932846487,893.2299194335938,242.6492156982422,1920,1080,806.5965576171875,213.12330627441406,910.7745971679688,220.6199951171875,104.17803955078125,7.4966888427734375,4.115929994116747,left,False,"{'safe_roi': (450, 80, 1500, 420), 'cylinder_roi': (800, 190, 1000, 300)}",ok_cylinder_inside_confirmed
2026-09-29 00:34:18,2026-09-29,10801728,10558,9,105.71575927734375,,37.65684509277344,0.7577117085456848,801.4444580078125,189.91123962402344,983.9290771484375,294.2359924316406,182.484619140625,104.32475280761719,19037.66278303787,892.686767578125,242.0736083984375,1920,1080,805.792236328125,211.74749755859375,911.0746459960938,221.30975341796875,105.28240966796875,9.562255859375,5.189640054869008,left,False,"{'safe_roi': (450, 80, 1500, 420), 'cylinder_roi': (800, 190, 1000, 300)}",ok_cylinder_inside_confirmed
2026-09-29 00:34:23,2026-09-29,10801809,10558,9,106.67457580566406,,37.056732177734375,0.7523816227912903,802.3226928710938,189.42843627929688,982.7402954101562,295.03472900390625,180.4176025390625,105.60629272460938,19053.234146412462,892.531494140625,242.23158264160156,1920,1080,804.4600830078125,211.67015075683594,910.7998046875,220.11578369140625,106.3397216796875,8.445632934570312,4.540970321967727,left,False,"{'safe_roi': (450, 80, 1500, 420), 'cylinder_roi': (800, 190, 1000, 300)}",ok_cylinder_inside_confirmed
2026-09-29 00:34:28,2026-09-29,10801892,10558,9,106.3634033203125,,36.529876708984375,0.757917582988739,804.0840454101562,189.13922119140625,982.9511108398438,296.0021057128906,178.8670654296875,106.86288452148438,19114.250557709485,893.517578125,242.57066345214844,1920,1080,805.8009033203125,212.12933349609375,911.8018798828125,220.90243530273438,106.0009765625,8.773101806640625,4.731264592631582,left,False,"{'safe_roi': (450, 80, 1500, 420), 'cylinder_roi': (800, 190, 1000, 300)}",ok_cylinder_inside_confirmed
2026-09-29 00:34:33,2026-09-29,10801971,10558,9,107.42500305175781,,37.765167236328125,0.7556039690971375,803.6768798828125,189.31634521484375,983.277587890625,295.7652893066406,179.6007080078125,106.44894409179688,19118.305725570768,893.4772338867188,242.5408172607422,1920,1080,805.4901123046875,212.64988708496094,912.5896606445312,221.00559997558594,107.09954833984375,8.355712890625,4.461076363231933,left,False,"{'safe_roi': (450, 80, 1500, 420), 'cylinder_roi': (800, 190, 1000, 300)}",ok_cylinder_inside_confirmed
2026-09-29 00:34:38,2026-09-29,10802052,10558,9,103.07894897460938,,38.01295471191406,0.7581084370613098,800.5730590820312,189.0854949951172,983.1493530273438,294.81854248046875,182.5762939453125,105.73304748535156,19304.34795741923,891.8612060546875,241.9520263671875,1920,1080,804.3761596679688,214.79684448242188,907.3443603515625,219.57373046875,102.96820068359375,4.776885986328125,2.6561531433639263,left,False,"{'safe_roi': (450, 80, 1500, 420), 'cylinder_roi': (800, 190, 1000, 300)}",ok_cylinder_inside_confirmed
2026-09-29 00:34:44,2026-09-29,10802130,10558,9,94.24703216552734,,36.34526062011719,0.7673738598823547,803.44287109375,188.8668212890625,982.45556640625,296.345947265625,179.0126953125,107.4791259765625,19240.128030896187,892.94921875,242.60638427734375,1920,1080,810.4421997070312,220.16123962402344,904.689208984375,220.09902954101562,94.24700927734375,0.0622100830078125,0.037819499092566336,left,False,"{'safe_roi': (450, 80, 1500, 420), 'cylinder_roi': (800, 190, 1000, 300)}",ok_cylinder_inside_confirmed
2026-09-29 00:34:49,2026-09-29,10802208,10558,9,104.76290130615234,,33.948944091796875,0.7625074982643127,798.8142700195312,189.17210388183594,984.7402954101562,294.10943603515625,185.926025390625,104.93733215332031,19510.58108236268,891.7772827148438,241.64077758789062,1920,1080,803.9417724609375,210.91319274902344,908.1978759765625,221.2054443359375,104.256103515625,10.292251586914062,5.6380199652889855,left,False,"{'safe_roi': (450, 80, 1500, 420), 'cylinder_roi': (800, 190, 1000, 300)}",ok_cylinder_inside_confirmed
2026-09-29 00:34:54,2026-09-29,10802290,10558,9,106.47892761230469,,34.88661193847656,0.7568040490150452,799.0774536132812,189.57676696777344,985.3765258789062,293.62457275390625,186.299072265625,104.04780578613281,19384.009689230472,892.2269897460938,241.60067749023438,1920,1080,804.51123046875,208.34017944335938,910.0135498046875,222.72845458984375,105.5023193359375,14.388275146484375,7.766016536236894,left,False,"{'safe_roi': (450, 80, 1500, 420), 'cylinder_roi': (800, 190, 1000, 300)}",ok_cylinder_inside_confirmed
2026-09-29 00:34:59,2026-09-29,10802372,10558,9,106.34164428710938,,34.028533935546875,0.7564231157302856,803.4232177734375,189.99781799316406,980.3431396484375,294.9122009277344,176.919921875,104.91438293457031,18561.444432348013,891.8831787109375,242.45501708984375,1920,1080,804.5487670898438,208.89260864257812,910.1727294921875,221.22645568847656,105.62396240234375,12.333847045898438,6.660339329659046,left,False,"{'safe_roi': (450, 80, 1500, 420), 'cylinder_roi': (800, 190, 1000, 300)}",ok_cylinder_inside_confirmed
2026-09-29 00:35:04,2026-09-29,10802457,10558,9,103.15609741210938,,37.561004638671875,0.7575916051864624,801.5274047851562,189.542724609375,980.9857788085938,294.8236389160156,179.4583740234375,105.28091430664062,18893.541697170585,891.256591796875,242.1831817626953,1920,1080,806.1055297851562,209.8701629638672,908.69384765625,220.67840576171875,102.58831787109375,10.808242797851562,6.014238337755926,left,False,"{'safe_roi': (450, 80, 1500, 420), 'cylinder_roi': (800, 190, 1000, 300)}",ok_cylinder_inside_confirmed
2026-09-29 00:35:09,2026-09-29,10802538,10558,9,104.15155792236328,,37.08470153808594,0.7494367957115173,801.1387939453125,189.75775146484375,982.407470703125,294.6965637207031,181.2686767578125,104.93881225585938,19022.119638156146,891.7731323242188,242.22715759277344,1920,1080,805.95654296875,210.69972229003906,909.642822265625,220.5334930419922,103.686279296875,9.833770751953125,5.417816861528666,left,False,"{'safe_roi': (450, 80, 1500, 420), 'cylinder_roi': (800, 190, 1000, 300)}",ok_cylinder_inside_confirmed
2026-09-29 00:35:14,2026-09-29,10802620,10558,9,105.32672119140625,,36.7142333984375,0.7520125508308411,801.3016967773438,190.37100219726562,981.8904418945312,294.4546813964844,180.5887451171875,104.08367919921875,18796.341013766825,891.5960693359375,242.412841796875,1920,1080,806.4996337890625,209.5234375,911.0789794921875,222.04856872558594,104.579345703125,12.525131225585938,6.829600074046496,left,False,"{'safe_roi': (450, 80, 1500, 420), 'cylinder_roi': (800, 190, 1000, 300)}",ok_cylinder_inside_confirmed
2026-09-29 00:35:19,2026-09-29,10802703,10558,9,105.08028411865234,,38.66168212890625,0.7577522397041321,801.4771728515625,189.78086853027344,983.0418701171875,294.218994140625,181.564697265625,104.43812561035156,18962.2766594328,892.259521484375,241.99993896484375,1920,1080,805.7381591796875,211.17066955566406,910.3826904296875,220.7303924560547,104.64453125,9.559722900390625,5.219724690167837,left,False,"{'safe_roi': (450, 80, 1500, 420), 'cylinder_roi': (800, 190, 1000, 300)}",ok_cylinder_inside_confirmed
2026-09-29 00:35:24,2026-09-29,10802787,10558,9,103.80829620361328,,34.84197998046875,0.7537602186203003,801.8092651367188,189.59860229492188,981.3701782226562,295.0200500488281,179.5609130859375,105.42144775390625,18929.57141753286,891.5897216796875,242.309326171875,1920,1080,805.9527587890625,209.11961364746094,909.178955078125,220.0975341796875,103.2261962890625,10.977920532226562,6.070486225128353,left,False,"{'safe_roi': (450, 80, 1500, 420), 'cylinder_roi': (800, 190, 1000, 300)}",ok_cylinder_inside_confirmed
2026-09-29 00:35:29,2026-09-29,10802870,10558,9,103.0215835571289,,36.3486328125,0.7529453039169312,803.3394775390625,190.10791015625,981.7666015625,295.0240783691406,178.4271240234375,104.91616821289062,18719.890157785267,892.5530395507812,242.5659942626953,1920,1080,805.9111938476562,209.421875,908.3509521484375,220.35545349121094,102.43975830078125,10.933578491210938,6.092217290270827,left,False,"{'safe_roi': (450, 80, 1500, 420), 'cylinder_roi': (800, 190, 1000, 300)}",ok_cylinder_inside_confirmed
2026-09-29 00:35:34,2026-09-29,10802952,10558,9,105.47915649414062,,37.91862487792969,0.7540482878684998,801.7760009765625,189.45993041992188,983.1865234375,294.7861633300781,181.4105224609375,105.32623291015625,19107.286941073835,892.4812622070312,242.123046875,1920,1080,803.9051513671875,210.52285766601562,909.0146484375,219.34593200683594,105.1094970703125,8.823074340820312,4.798258814022328,left,False,"{'safe_roi': (450, 80, 1500, 420), 'cylinder_roi': (800, 190, 1000, 300)}",ok_cylinder_inside_confirmed
2026-09-29 00:35:39,2026-09-29,10803033,10558,9,104.9512710571289,,33.9517822265625,0.7636211514472961,801.6250610351562,189.54586791992188,981.2654418945312,295.9374084472656,179.640380859375,106.39154052734375,19112.21686054766,891.4452514648438,242.74163818359375,1920,1080,804.2511596679688,207.9796142578125,908.4319458007812,220.6734619140625,104.1807861328125,12.69384765625,6.946928006233453,left,False,"{'safe_roi': (450, 80, 1500, 420), 'cylinder_roi': (800, 190, 1000, 300)}",ok_cylinder_inside_confirmed
2026-09-29 00:35:44,2026-09-29,10803112,10558,9,97.33248138427734,,35.20166015625,0.7659620046615601,795.5655517578125,188.49746704101562,984.9271240234375,295.4134521484375,189.361572265625,106.91598510742188,20245.779040269554,890.246337890625,241.95545959472656,1920,1080,806.4722900390625,212.11257934570312,903.405029296875,220.92483520507812,96.9327392578125,8.812255859375,5.194539504876388,left,False,"{'safe_roi': (450, 80, 1500, 420), 'cylinder_roi': (800, 190, 1000, 300)}",ok_cylinder_inside_confirmed
2026-09-29 00:35:49,2026-09-29,10803193,10558,9,106.0992660522461,,31.628433227539062,0.7666633725166321,797.9484252929688,188.86544799804688,981.4854125976562,295.6362609863281,183.5369873046875,106.77081298828125,19596.39334794134,889.7169189453125,242.2508544921875,1920,1080,801.82861328125,209.2108154296875,907.04248046875,222.8891143798828,105.2138671875,13.678298950195312,7.407177859204013,left,False,"{'safe_roi': (450, 80, 1500, 420), 'cylinder_roi': (800, 190, 1000, 300)}",ok_cylinder_inside_confirmed
2026-09-29 00:36:23,2026-09-29,10803742,10558,10,108.40058898925781,,31.501495361328125,0.7701060175895691,795.189208984375,188.96694946289062,986.16552734375,297.8492736816406,190.976318359375,108.88232421875,20793.945413708687,890.6773681640625,243.40811157226562,1920,1080,803.3418579101562,218.38235473632812,911.4828491210938,225.87994384765625,108.1409912109375,7.497589111328125,3.9660620250053404,left,False,"{'safe_roi': (450, 80, 1500, 420), 'cylinder_roi': (800, 190, 1000, 300)}",ok_cylinder_inside_confirmed
2026-09-29 00:36:28,2026-09-29,10803822,10558,10,103.77716827392578,,31.457931518554688,0.7758367657661438,796.3373413085938,187.97142028808594,984.7872924804688,297.720703125,188.449951171875,109.74928283691406,20682.246991764754,890.5623168945312,242.8460693359375,1920,1080,805.27783203125,219.924072265625,909.043701171875,221.45553588867188,103.765869140625,1.531463623046875,0.8455577211231963,left,False,"{'safe_roi': (450, 80, 1500, 420), 'cylinder_roi': (800, 190, 1000, 300)}",ok_cylinder_inside_confirmed
2026-09-29 00:36:35,2026-09-29,10803932,10558,10,95.54811096191406,,34.17924499511719,0.7715410590171814,796.8968505859375,187.88082885742188,984.3245849609375,297.5350036621094,187.427734375,109.6541748046875,20552.233548402786,890.6107177734375,242.70791625976562,1920,1080,814.55859375,223.57579040527344,910.0697021484375,220.91697692871094,95.5111083984375,2.6588134765625,1.5945732431424067,left,False,"{'safe_roi': (450, 80, 1500, 420), 'cylinder_roi': (800, 190, 1000, 300)}",ok_cylinder_inside_confirmed
2026-09-29 00:36:49,2026-09-29,10804152,10558,10,103.46424102783203,,30.339187622070312,0.7744393944740295,796.4109497070312,187.92990112304688,983.9465942382812,297.88671875,187.53564453125,109.95681762695312,20620.822664275765,890.1787719726562,242.90830993652344,1920,1080,805.657958984375,220.53448486328125,909.095458984375,222.88671875,103.4375,2.35223388671875,1.3027175765929981,left,False,"{'safe_roi': (450, 80, 1500, 420), 'cylinder_roi': (800, 190, 1000, 300)}",ok_cylinder_inside_confirmed
2026-09-29 00:36:56,2026-09-29,10804271,10558,10,96.05859375,,34.31504821777344,0.7789146900177002,796.388916015625,188.50076293945312,983.166259765625,297.7955017089844,186.77734375,109.29473876953125,20413.78099322319,889.777587890625,243.14813232421875,1920,1080,813.3746337890625,224.35162353515625,909.3887939453125,221.43032836914062,96.01416015625,2.921295166015625,1.7427248615289719,left,False,"{'safe_roi': (450, 80, 1500, 420), 'cylinder_roi': (800, 190, 1000, 300)}",ok_cylinder_inside_confirmed
2026-09-29 00:37:16,2026-09-29,10804598,10558,10,106.68290710449219,,31.927108764648438,0.7725672125816345,796.8627319335938,188.03280639648438,983.1641235351562,297.5205383300781,186.3013916015625,109.48773193359375,20397.71682252735,890.013427734375,242.77667236328125,1920,1080,803.6942749023438,221.24021911621094,910.3399658203125,224.0579833984375,106.64569091796875,2.8177642822265625,1.513501825076123,left,False,"{'safe_roi': (450, 80, 1500, 420), 'cylinder_roi': (800, 190, 1000, 300)}",ok_cylinder_inside_confirmed
2026-09-29 00:40:54,2026-09-29,10808117,10558,11,96.04802703857422,,33.7493896484375,0.7775876522064209,794.2276000976562,189.94973754882812,982.8062133789062,296.1003112792969,188.57861328125,106.15057373046875,20017.72799310088,888.5169067382812,243.0250244140625,1920,1080,809.1206665039062,227.8634033203125,904.962890625,221.57919311523438,95.84222412109375,6.284210205078125,3.751416084157729,left,False,"{'safe_roi': (450, 80, 1500, 420), 'cylinder_roi': (800, 190, 1000, 300)}",ok_cylinder_inside_confirmed
2026-09-29 00:41:20,2026-09-29,10808532,10558,12,105.47736358642578,,33.175018310546875,0.7763663530349731,794.1200561523438,189.81568908691406,983.2728881835938,297.2091064453125,189.15283203125,107.39341735839844,20313.769034855068,888.6964721679688,243.51239013671875,1920,1080,803.3314208984375,225.38235473632812,908.8087158203125,225.5043182373047,105.477294921875,0.1219635009765625,0.0662511372839496,left,False,"{'safe_roi': (450, 80, 1500, 420), 'cylinder_roi': (800, 190, 1000, 300)}",ok_cylinder_inside_confirmed
2026-09-29 00:41:25,2026-09-29,10808616,10558,12,105.50496673583984,,30.872756958007812,0.7764175534248352,793.7970581054688,189.92837524414062,983.1284790039062,296.138916015625,189.3314208984375,106.21054077148438,20108.992598656565,888.4627685546875,243.0336456298828,1920,1080,803.3690185546875,225.8280487060547,908.8677978515625,226.9707489013672,105.498779296875,1.1427001953125,0.620569628224166,left,False,"{'safe_roi': (450, 80, 1500, 420), 'cylinder_roi': (800, 190, 1000, 300)}",ok_cylinder_inside_confirmed
2026-09-29 00:41:30,2026-09-29,10808699,10558,12,107.5792465209961,,30.565032958984375,0.7749655246734619,793.8931274414062,189.82676696777344,982.9315795898438,297.1429443359375,189.0384521484375,107.31617736816406,20286.884060164914,888.412353515625,243.48486328125,1920,1080,801.5189819335938,225.42202758789062,909.073974609375,227.70614624023438,107.55499267578125,2.28411865234375,1.2165933592922376,left,False,"{'safe_roi': (450, 80, 1500, 420), 'cylinder_roi': (800, 190, 1000, 300)}",ok_cylinder_inside_confirmed
2026-09-29 00:41:35,2026-09-29,10808779,10558,12,97.95988464355469,,32.805450439453125,0.7738972306251526,793.5756225585938,189.80921936035156,982.7542114257812,297.1929016113281,189.1785888671875,107.38368225097656,20314.693475602195,888.1649169921875,243.50106811523438,1920,1080,809.1586303710938,226.9650115966797,907.0430297851562,223.12008666992188,97.8843994140625,3.8449249267578125,2.249436833940098,left,False,"{'safe_roi': (450, 80, 1500, 420), 'cylinder_roi': (800, 190, 1000, 300)}",ok_cylinder_inside_confirmed
2026-09-29 00:41:40,2026-09-29,10808862,10558,12,107.21662902832031,,32.447113037109375,0.7733065485954285,793.2857666015625,189.91806030273438,982.90625,296.58270263671875,189.6204833984375,106.66464233398438,20225.801040891558,888.0960083007812,243.25038146972656,1920,1080,802.2523193359375,225.49667358398438,909.4656372070312,226.33900451660156,107.21331787109375,0.8423309326171875,0.45014010741129523,left,False,"{'safe_roi': (450, 80, 1500, 420), 'cylinder_roi': (800, 190, 1000, 300)}",ok_cylinder_inside_confirmed
2026-09-29 00:41:45,2026-09-29,10808944,10558,12,96.38826751708984,,32.249267578125,0.7760655283927917,795.3497924804688,189.64930725097656,982.9340209960938,296.49334716796875,187.584228515625,106.84403991699219,20042.25679932162,889.1419067382812,243.07131958007812,1920,1080,808.8219604492188,225.5006103515625,905.1724853515625,222.8035125732422,96.35052490234375,2.6970977783203125,1.6034367821973012,left,False,"{'safe_roi': (450, 80, 1500, 420), 'cylinder_roi': (800, 190, 1000, 300)}",ok_cylinder_inside_confirmed
2026-09-29 00:43:55,2026-09-29,10811059,10558,13,93.6028823852539,,32.88189697265625,0.783879280090332,797.7365112304688,188.84393310546875,983.4966430664062,296.557861328125,185.7601318359375,107.71392822265625,20008.953507207334,890.6165771484375,242.70089721679688,1920,1080,812.8322143554688,228.6569061279297,906.3098754882812,223.81680297851562,93.4776611328125,4.8401031494140625,2.9640242371177896,left,False,"{'safe_roi': (450, 80, 1500, 420), 'cylinder_roi': (800, 190, 1000, 300)}",ok_cylinder_inside_confirmed
2026-09-29 01:22:25,2026-09-29,10848543,10558,14,105.10259246826172,,41.005767822265625,0.7723761200904846,754.2783203125,187.601806640625,957.2105712890625,301.24945068359375,202.9322509765625,113.64764404296875,23062.772223822773,855.7444458007812,244.42562866210938,1920,1080,944.6705322265625,209.8997802734375,840.544189453125,224.19171142578125,104.1263427734375,14.29193115234375,7.815336852075495,right,False,"{'safe_roi': (450, 80, 1500, 420), 'cylinder_roi': (800, 190, 1000, 300)}",ok_cylinder_inside_confirmed
2026-09-29 01:22:30,2026-09-29,10848629,10558,14,105.71239471435547,,41.447723388671875,0.7754008173942566,753.561767578125,187.32577514648438,957.77783203125,302.3623352050781,204.216064453125,115.03656005859375,23492.313563391566,855.6697998046875,244.84405517578125,1920,1080,946.1397705078125,210.43609619140625,841.205078125,223.2353515625,104.9346923828125,12.79925537109375,6.954217309897508,right,False,"{'safe_roi': (450, 80, 1500, 420), 'cylinder_roi': (800, 190, 1000, 300)}",ok_cylinder_inside_confirmed
2026-09-29 01:22:35,2026-09-29,10848708,10558,14,106.3845443725586,,39.75019836425781,0.7780846357345581,751.9585571289062,187.0686492919922,956.0060424804688,301.42755126953125,204.0474853515625,114.35890197753906,23334.646376082674,853.9822998046875,244.24810791015625,1920,1080,945.2913818359375,211.20364379882812,839.5918579101562,223.2569580078125,105.69952392578125,12.053314208984375,6.5055515845696155,right,False,"{'safe_roi': (450, 80, 1500, 420), 'cylinder_roi': (800, 190, 1000, 300)}",ok_cylinder_inside_confirmed
2026-09-29 01:22:40,2026-09-29,10848788,10558,14,106.19007110595703,,39.47735595703125,0.7765285968780518,752.336669921875,187.2338104248047,957.578857421875,302.30426025390625,205.2421875,115.07044982910156,23617.310839533806,854.957763671875,244.76904296875,1920,1080,944.85888671875,210.91673278808594,839.3787841796875,223.17556762695312,105.4801025390625,12.258834838867188,6.629141701724038,right,False,"{'safe_roi': (450, 80, 1500, 420), 'cylinder_roi': (800, 190, 1000, 300)}",ok_cylinder_inside_confirmed
2026-09-29 01:22:45,2026-09-29,10848869,10558,14,106.94074249267578,,35.864959716796875,0.774503767490387,752.195068359375,186.8845672607422,956.501220703125,301.33209228515625,204.30615234375,114.44752502441406,23382.33348300308,854.34814453125,244.10833740234375,1920,1080,944.6331176757812,210.6483612060547,838.4266357421875,223.1585693359375,106.20648193359375,12.510208129882812,6.717992808974883,right,False,"{'safe_roi': (450, 80, 1500, 420), 'cylinder_roi': (800, 190, 1000, 300)}",ok_cylinder_inside_confirmed
2026-09-29 01:22:50,2026-09-29,10848953,10558,14,104.66149139404297,,38.8050537109375,0.7751729488372803,753.9039306640625,187.1864471435547,958.008544921875,301.629638671875,204.1046142578125,114.44319152832031,23358.383461320773,855.9562377929688,244.40805053710938,1920,1080,945.0025024414062,211.38278198242188,840.9805908203125,222.9356689453125,104.02191162109375,11.552886962890625,6.337415132850394,right,False,"{'safe_roi': (450, 80, 1500, 420), 'cylinder_roi': (800, 190, 1000, 300)}",ok_cylinder_inside_confirmed
2026-09-29 01:22:55,2026-09-29,10849031,10558,14,104.6845474243164,,40.65666198730469,0.7842929363250732,752.2027587890625,186.77474975585938,957.7723388671875,302.02099609375,205.569580078125,115.24624633789062,23691.122465260327,854.987548828125,244.3978729248047,1920,1080,945.9091796875,213.0020751953125,841.6723022460938,222.6730194091797,104.23687744140625,9.670944213867188,5.300643868486789,right,False,"{'safe_roi': (450, 80, 1500, 420), 'cylinder_roi': (800, 190, 1000, 300)}",ok_cylinder_inside_confirmed
2026-09-29 01:23:00,2026-09-29,10849108,10558,14,105.54883575439453,,37.96630859375,0.7829639315605164,753.5326538085938,187.25274658203125,958.2439575195312,300.67236328125,204.7113037109375,113.41961669921875,23218.277600891888,855.8883056640625,243.96255493164062,1920,1080,945.4776611328125,212.86685180664062,840.3798217773438,222.61367797851562,105.09783935546875,9.746826171875,5.298483524712872,right,False,"{'safe_roi': (450, 80, 1500, 420), 'cylinder_roi': (800, 190, 1000, 300)}",ok_cylinder_inside_confirmed
2026-09-29 01:23:05,2026-09-29,10849190,10558,14,107.01837158203125,,36.96720886230469,0.7801529169082642,753.7881469726562,188.45278930664062,956.6347045898438,303.5634460449219,202.8465576171875,115.11065673828125,23349.80046441406,855.21142578125,246.00811767578125,1920,1080,946.925537109375,211.7465057373047,840.6551513671875,224.3773193359375,106.2703857421875,12.630813598632812,6.7781172284919755,right,False,"{'safe_roi': (450, 80, 1500, 420), 'cylinder_roi': (800, 190, 1000, 300)}",ok_cylinder_inside_confirmed
2026-09-29 01:23:10,2026-09-29,10849271,10558,14,103.13184356689453,,35.54927062988281,0.7776822447776794,753.6737670898438,188.0938720703125,957.2525024414062,302.1675720214844,203.5787353515625,114.07369995117188,23222.979572933167,855.463134765625,245.13072204589844,1920,1080,945.8785400390625,211.7574462890625,843.3534545898438,222.9281005859375,102.52508544921875,11.170654296875,6.218152079888473,right,False,"{'safe_roi': (450, 80, 1500, 420), 'cylinder_roi': (800, 190, 1000, 300)}",ok_cylinder_inside_confirmed
2026-09-29 01:23:15,2026-09-29,10849352,10558,14,105.27691650390625,,36.91999816894531,0.7826410531997681,753.7371826171875,187.068603515625,957.5006103515625,301.7969665527344,203.763427734375,114.72836303710938,23377.444510795176,855.618896484375,244.4327850341797,1920,1080,945.7010498046875,213.39178466796875,840.865478515625,223.02157592773438,104.8355712890625,9.629791259765625,5.24824163073935,right,False,"{'safe_roi': (450, 80, 1500, 420), 'cylinder_roi': (800, 190, 1000, 300)}",ok_cylinder_inside_confirmed
2026-09-29 01:23:20,2026-09-29,10849431,10558,14,105.48188018798828,,35.183074951171875,0.7797725200653076,753.7823486328125,187.5230255126953,957.11865234375,302.27276611328125,203.3363037109375,114.74974060058594,23332.788105512038,855.4505004882812,244.89788818359375,1920,1080,946.6259765625,213.06597900390625,841.641357421875,223.29620361328125,104.984619140625,10.230224609375,5.565614601672576,right,False,"{'safe_roi': (450, 80, 1500, 420), 'cylinder_roi': (800, 190, 1000, 300)}",ok_cylinder_inside_confirmed
2026-09-29 01:23:26,2026-09-29,10849509,10558,14,104.33291625976562,,34.113677978515625,0.7809613943099976,753.67529296875,188.46044921875,956.1165771484375,302.84063720703125,202.4412841796875,114.38018798828125,23155.272141061723,854.8959350585938,245.65054321289062,1920,1080,945.41357421875,212.49569702148438,841.740234375,224.2087860107422,103.67333984375,11.713088989257812,6.445984488757055,right,False,"{'safe_roi': (450, 80, 1500, 420), 'cylinder_roi': (800, 190, 1000, 300)}",ok_cylinder_inside_confirmed
2026-09-29 01:23:31,2026-09-29,10849592,10558,14,105.88307189941406,,35.82183837890625,0.7857807874679565,754.1978759765625,187.8459930419922,957.0111083984375,302.57452392578125,202.813232421875,114.72853088378906,23268.464199554175,855.6044921875,245.21026611328125,1920,1080,946.646484375,211.368408203125,841.5624389648438,224.35177612304688,105.08404541015625,12.983367919921875,7.0433267860650535,right,False,"{'safe_roi': (450, 80, 1500, 420), 'cylinder_roi': (800, 190, 1000, 300)}",ok_cylinder_inside_confirmed
2026-09-29 01:23:36,2026-09-29,10849677,10558,14,102.50331115722656,,35.95777893066406,0.7835376858711243,755.0679931640625,187.86941528320312,957.3797607421875,302.1922302246094,202.311767578125,114.32281494140625,23128.850765302777,856.223876953125,245.03082275390625,1920,1080,945.2725830078125,212.14285278320312,843.3533935546875,223.07022094726562,101.919189453125,10.9273681640625,6.119646942001287,right,False,"{'safe_roi': (450, 80, 1500, 420), 'cylinder_roi': (800, 190, 1000, 300)}",ok_cylinder_inside_confirmed
2026-09-29 01:23:41,2026-09-29,10849759,10558,14,104.94153594970703,,34.420135498046875,0.783796489238739,754.033935546875,187.96847534179688,957.0848388671875,301.63531494140625,203.0509033203125,113.66683959960938,23080.15445826575,855.5593872070312,244.80189514160156,1920,1080,945.9775390625,211.5984649658203,841.7100830078125,223.47378540039062,104.2674560546875,11.875320434570312,6.497582979048094,right,False,"{'safe_roi': (450, 80, 1500, 420), 'cylinder_roi': (800, 190, 1000, 300)}",ok_cylinder_inside_confirmed
2026-09-29 06:41:13,2026-09-29,11227845,12572,15,97.59615325927734,,42.1458740234375,0.7962349057197571,835.117431640625,184.53358459472656,1027.2330322265625,302.8314208984375,192.1156005859375,118.29783630371094,22726.859869504347,931.1752319335938,243.6824951171875,1920,1080,851.1629638671875,218.199462890625,948.476318359375,225.62374877929688,97.3133544921875,7.424285888671875,4.362790732480402,left,False,"{'safe_roi': (450, 80, 1500, 420), 'cylinder_roi': (800, 190, 1000, 300)}",ok_cylinder_inside_confirmed
2026-09-29 06:41:22,2026-09-29,11228029,12572,15,95.90396881103516,,41.88850402832031,0.8040437698364258,839.5206298828125,183.13795471191406,1027.2789306640625,302.481201171875,187.75830078125,119.34324645996094,22407.685165040195,933.3997802734375,242.8095703125,1920,1080,855.9976196289062,218.08041381835938,951.597900390625,225.70648193359375,95.60028076171875,7.626068115234375,4.5608468753156375,left,False,"{'safe_roi': (450, 80, 1500, 420), 'cylinder_roi': (800, 190, 1000, 300)}",ok_cylinder_inside_confirmed
2026-09-29 06:41:27,2026-09-29,11228126,12572,15,94.92003631591797,,41.52201843261719,0.800661563873291,839.7154541015625,181.8778839111328,1023.040283203125,299.65545654296875,183.3248291015625,117.77757263183594,21591.553374728188,931.3778686523438,240.76666259765625,1920,1080,855.4931640625,217.83865356445312,950.1185302734375,225.3121337890625,94.6253662109375,7.473480224609375,4.515827750457592,left,False,"{'safe_roi': (450, 80, 1500, 420), 'cylinder_roi': (800, 190, 1000, 300)}",ok_cylinder_inside_confirmed
2026-09-29 06:41:32,2026-09-29,11228223,12572,15,97.24285125732422,,41.26469421386719,0.8029928207397461,840.1627197265625,182.3111114501953,1017.7174072265625,300.2968444824219,177.5546875,117.98573303222656,20948.919957995415,928.9400634765625,241.30398559570312,1920,1080,853.878662109375,215.92800903320312,950.6678466796875,225.31021118164062,96.7891845703125,9.3822021484375,5.536634359058514,left,False,"{'safe_roi': (450, 80, 1500, 420), 'cylinder_roi': (800, 190, 1000, 300)}",ok_cylinder_inside_confirmed
2026-09-29 06:41:37,2026-09-29,11228320,12572,15,96.70933532714844,,39.72486877441406,0.800356388092041,842.9869384765625,184.21665954589844,1023.45068359375,303.6785888671875,180.4637451171875,119.46192932128906,21558.547164244577,933.2188110351562,243.9476318359375,1920,1080,853.2904052734375,215.24685668945312,949.5850830078125,224.19287109375,96.294677734375,8.946014404296875,5.307685034829224,left,False,"{'safe_roi': (450, 80, 1500, 420), 'cylinder_roi': (800, 190, 1000, 300)}",ok_cylinder_inside_confirmed
2026-09-29 06:41:42,2026-09-29,11228416,12572,15,99.06339263916016,,40.62904357910156,0.8058716654777527,841.5526123046875,183.86135864257812,1024.8304443359375,303.73095703125,183.27783203125,119.86959838867188,21969.4401191324,933.1915283203125,243.79615783691406,1920,1080,855.4403076171875,217.3457489013672,954.06884765625,226.61756896972656,98.6285400390625,9.271820068359375,5.370448427276738,left,False,"{'safe_roi': (450, 80, 1500, 420), 'cylinder_roi': (800, 190, 1000, 300)}",ok_cylinder_inside_confirmed
2026-09-29 06:41:47,2026-09-29,11228514,12572,15,97.36351013183594,,38.93194580078125,0.8058947324752808,847.1696166992188,184.05433654785156,1024.941650390625,303.03997802734375,177.77203369140625,118.98564147949219,21152.31946588587,936.0556640625,243.54714965820312,1920,1080,857.8673095703125,214.6864013671875,954.6220703125,225.55697631835938,96.7547607421875,10.870574951171875,6.410403483648882,left,False,"{'safe_roi': (450, 80, 1500, 420), 'cylinder_roi': (800, 190, 1000, 300)}",ok_cylinder_inside_confirmed
2026-09-29 06:43:55,2026-09-29,11230965,12572,16,101.60564422607422,,42.89320373535156,0.7699209451675415,821.3313598632812,184.18600463867188,1021.6769409179688,296.2532043457031,200.3455810546875,112.06719970703125,22452.16824247688,921.504150390625,240.2196044921875,1920,1080,836.3720092773438,222.31080627441406,937.971923828125,221.23146057128906,101.59991455078125,1.079345703125,0.608658259126347,left,False,"{'safe_roi': (450, 80, 1500, 420), 'cylinder_roi': (800, 190, 1000, 300)}",ok_cylinder_inside_confirmed
2026-09-29 06:44:00,2026-09-29,11231058,12572,16,102.53866577148438,,41.55250549316406,0.7733640074729919,820.3811645507812,183.7580108642578,1020.9871215820312,296.37078857421875,200.60595703125,112.61277770996094,22590.79404645413,920.6841430664062,240.06439208984375,1920,1080,834.206787109375,219.57522583007812,936.742919921875,220.29644775390625,102.5361328125,0.721221923828125,0.4030022367006598,left,False,"{'safe_roi': (450, 80, 1500, 420), 'cylinder_roi': (800, 190, 1000, 300)}",ok_cylinder_inside_confirmed
2026-09-29 06:44:15,2026-09-29,11231348,12572,16,115.19686889648438,,36.71258544921875,0.7687589526176453,820.156982421875,184.43731689453125,1022.606689453125,296.0328674316406,202.44970703125,111.59555053710938,22592.486512228847,921.3818359375,240.23509216308594,1920,1080,823.8644409179688,214.45816040039062,939.0553588867188,215.62893676757812,115.19091796875,1.1707763671875,0.5823222529496471,left,False,"{'safe_roi': (450, 80, 1500, 420), 'cylinder_roi': (800, 190, 1000, 300)}",ok_cylinder_inside_confirmed
2026-09-29 06:44:20,2026-09-29,11231444,12572,16,112.62664794921875,,37.89692687988281,0.7682536840438843,817.7637939453125,184.0481719970703,1022.3922119140625,296.63201904296875,204.62841796875,112.58384704589844,23037.854509837925,920.0780029296875,240.340087890625,1920,1080,822.5023193359375,214.23330688476562,935.1212158203125,215.55445861816406,112.618896484375,1.3211517333984375,0.6721158581039979,left,False,"{'safe_roi': (450, 80, 1500, 420), 'cylinder_roi': (800, 190, 1000, 300)}",ok_cylinder_inside_confirmed
2026-09-29 06:44:48,2026-09-29,11232002,12572,17,98.77397918701172,,41.08197021484375,0.7724772095680237,820.4090576171875,183.88861083984375,1015.8128662109375,296.9051208496094,195.40380859375,113.01651000976562,22083.856489881873,918.1109619140625,240.39686584472656,1920,1080,836.5714721679688,222.30331420898438,935.3226318359375,220.18008422851562,98.75115966796875,2.12322998046875,1.2317159256278676,left,False,"{'safe_roi': (450, 80, 1500, 420), 'cylinder_roi': (800, 190, 1000, 300)}",ok_cylinder_inside_confirmed
2026-09-29 06:44:54,2026-09-29,11232114,12572,17,108.66709899902344,,37.31585693359375,0.7708573341369629,821.4457397460938,184.78634643554688,1020.6532592773438,296.70477294921875,199.20751953125,111.91842651367188,22294.992135629058,921.0494995117188,240.7455596923828,1920,1080,829.736572265625,218.81826782226562,938.3680419921875,216.03570556640625,108.6314697265625,2.782562255859375,1.4672932235841276,left,False,"{'safe_roi': (450, 80, 1500, 420), 'cylinder_roi': (800, 190, 1000, 300)}",ok_cylinder_inside_confirmed
2026-09-29 06:45:33,2026-09-29,11232861,12572,18,116.89939880371094,,37.76451110839844,0.7725172638893127,821.4071044921875,183.95083618164062,1021.355224609375,296.5242919921875,199.9481201171875,112.57345581054688,22508.850864414126,921.3811645507812,240.23756408691406,1920,1080,822.7521362304688,219.17416381835938,939.4347534179688,212.05824279785156,116.6826171875,7.1159210205078125,3.48987639876332,left,False,"{'safe_roi': (450, 80, 1500, 420), 'cylinder_roi': (800, 190, 1000, 300)}",ok_cylinder_inside_confirmed
2026-09-29 06:45:38,2026-09-29,11232958,12572,18,106.47187042236328,,38.22935485839844,0.7740761041641235,823.571044921875,183.50209045410156,1021.8306884765625,295.46527099609375,198.2596435546875,111.96318054199219,22197.780265504494,922.7008666992188,239.48367309570312,1920,1080,832.2514038085938,221.9576416015625,938.516357421875,215.3229522705078,106.26495361328125,6.6346893310546875,3.572644471945183,left,False,"{'safe_roi': (450, 80, 1500, 420), 'cylinder_roi': (800, 190, 1000, 300)}",ok_cylinder_inside_confirmed
2026-09-29 06:45:43,2026-09-29,11233060,12572,18,115.60540008544922,,33.70184326171875,0.7739893198013306,821.342529296875,183.76690673828125,1020.52734375,295.5086364746094,199.184814453125,111.74172973632812,22257.255704201758,920.9349365234375,239.6377716064453,1920,1080,824.73095703125,219.5238037109375,940.149169921875,212.94778442382812,115.418212890625,6.576019287109375,3.2609345859796948,left,False,"{'safe_roi': (450, 80, 1500, 420), 'cylinder_roi': (800, 190, 1000, 300)}",ok_cylinder_inside_confirmed
2026-09-29 06:45:48,2026-09-29,11233154,12572,18,114.62156677246094,,35.31382751464844,0.7712371945381165,822.329345703125,184.33998107910156,1020.317138671875,296.99285888671875,197.98779296875,112.65287780761719,22303.894648708403,921.3232421875,240.66641235351562,1920,1080,825.4691772460938,219.68701171875,939.9280395507812,213.5818328857422,114.4588623046875,6.1051788330078125,3.0532350097524428,left,False,"{'safe_roi': (450, 80, 1500, 420), 'cylinder_roi': (800, 190, 1000, 300)}",ok_cylinder_inside_confirmed
2026-09-29 06:45:53,2026-09-29,11233251,12572,18,109.84565734863281,,38.306121826171875,0.776902973651886,823.3677978515625,184.2873077392578,1022.926025390625,296.44622802734375,199.5582275390625,112.15892028808594,22382.235335385427,923.1469116210938,240.36676025390625,1920,1080,830.872314453125,222.88571166992188,940.458740234375,215.34353637695312,109.58642578125,7.54217529296875,3.937115737394907,left,False,"{'safe_roi': (450, 80, 1500, 420), 'cylinder_roi': (800, 190, 1000, 300)}",ok_cylinder_inside_confirmed
2026-09-29 06:45:59,2026-09-29,11233347,12572,18,99.40699005126953,,40.616973876953125,0.7819003462791443,824.0457153320312,184.6329345703125,1022.8471069335938,295.78466796875,198.8013916015625,111.1517333984375,22097.119278535247,923.4464111328125,240.20880126953125,1920,1080,840.3515014648438,224.17080688476562,939.5860595703125,218.31832885742188,99.23455810546875,5.85247802734375,3.375178309582056,left,False,"{'safe_roi': (450, 80, 1500, 420), 'cylinder_roi': (800, 190, 1000, 300)}",ok_cylinder_inside_confirmed
2026-09-29 06:46:04,2026-09-29,11233444,12572,18,99.39990234375,,41.895538330078125,0.7752856612205505,823.8878173828125,184.6071014404297,1021.9501953125,296.0556335449219,198.0623779296875,111.44853210449219,22073.761285388842,922.9190063476562,240.33135986328125,1920,1080,839.5888671875,224.30747985839844,938.8314208984375,218.71670532226562,99.2425537109375,5.5907745361328125,3.2243181584067937,left,False,"{'safe_roi': (450, 80, 1500, 420), 'cylinder_roi': (800, 190, 1000, 300)}",ok_cylinder_inside_confirmed
2026-09-29 06:46:10,2026-09-29,11233571,12572,18,115.0195083618164,,36.8555908203125,0.7684022784233093,821.313232421875,184.153076171875,1021.514404296875,297.47021484375,200.201171875,113.317138671875,22686.223955631256,921.413818359375,240.8116455078125,1920,1080,825.5284423828125,219.38327026367188,940.435302734375,214.29400634765625,114.9068603515625,5.089263916015625,2.5359921933968868,left,False,"{'safe_roi': (450, 80, 1500, 420), 'cylinder_roi': (800, 190, 1000, 300)}",ok_cylinder_inside_confirmed
2026-09-29 06:46:40,2026-09-29,11234145,12572,19,99.18819427490234,,41.48417663574219,0.7718297243118286,823.25244140625,183.21502685546875,1020.9329833984375,297.8853759765625,197.6805419921875,114.67034912109375,22668.096764691174,922.0927124023438,240.55020141601562,1920,1080,839.8967895507812,224.2207794189453,938.8467407226562,217.3502197265625,98.949951171875,6.8705596923828125,3.97194002650591,left,False,"{'safe_roi': (450, 80, 1500, 420), 'cylinder_roi': (800, 190, 1000, 300)}",ok_cylinder_inside_confirmed
2026-09-29 06:46:45,2026-09-29,11234244,12572,19,98.10887908935547,,40.70355224609375,0.7736192941665649,827.5194091796875,183.35662841796875,1019.75146484375,297.5791931152344,192.2320556640625,114.22256469726562,21957.238414976746,923.6354370117188,240.46791076660156,1920,1080,840.5177001953125,222.26467895507812,938.5517578125,218.4338836669922,98.0340576171875,3.8307952880859375,2.2377609786413917,left,False,"{'safe_roi': (450, 80, 1500, 420), 'cylinder_roi': (800, 190, 1000, 300)}",ok_cylinder_inside_confirmed
2026-09-29 06:46:50,2026-09-29,11234341,12572,19,106.99200439453125,,40.57664489746094,0.7729624509811401,826.20068359375,184.004638671875,1024.7373046875,297.8843688964844,198.53662109375,113.87973022460938,22609.29684986174,925.468994140625,240.9445037841797,1920,1080,835.6055297851562,219.55482482910156,942.5675048828125,217.02011108398438,106.96197509765625,2.5347137451171875,1.3575032051731897,left,False,"{'safe_roi': (450, 80, 1500, 420), 'cylinder_roi': (800, 190, 1000, 300)}",ok_cylinder_inside_confirmed
2026-09-29 06:46:55,2026-09-29,11234440,12572,19,99.21990966796875,,41.3641357421875,0.7707810401916504,826.6433715820312,183.97869873046875,1023.7991333007812,298.20428466796875,197.15576171875,114.2255859375,22520.23240327835,925.2212524414062,241.09149169921875,1920,1080,841.254638671875,221.75949096679688,940.3837890625,217.51669311523438,99.129150390625,4.2427978515625,2.450804133880436,left,False,"{'safe_roi': (450, 80, 1500, 420), 'cylinder_roi': (800, 190, 1000, 300)}",ok_cylinder_inside_confirmed
2026-09-29 06:47:00,2026-09-29,11234536,12572,19,108.4798583984375,,40.88584899902344,0.7757864594459534,827.07177734375,184.27542114257812,1024.044921875,298.7074279785156,196.97314453125,114.4320068359375,22540.032221496105,925.558349609375,241.49142456054688,1920,1080,834.5824584960938,217.8623504638672,943.0614624023438,218.2922821044922,108.47900390625,0.429931640625,0.2270774861986526,left,False,"{'safe_roi': (450, 80, 1500, 420), 'cylinder_roi': (800, 190, 1000, 300)}",ok_cylinder_inside_confirmed
2026-09-29 06:47:07,2026-09-29,11234666,12572,19,100.53778839111328,,41.65446472167969,0.7781152725219727,826.5443725585938,184.11334228515625,1024.54541015625,297.5056457519531,198.00103759765625,113.39230346679688,22451.793742014095,925.544921875,240.8094940185547,1920,1080,842.66357421875,223.257568359375,943.0934448242188,218.60052490234375,100.42987060546875,4.65704345703125,2.654966372622662,left,False,"{'safe_roi': (450, 80, 1500, 420), 'cylinder_roi': (800, 190, 1000, 300)}",ok_cylinder_inside_confirmed
2026-09-29 06:47:12,2026-09-29,11234764,12572,19,109.95304870605469,,40.39134216308594,0.7708525061607361,824.5269775390625,183.2799530029297,1019.99365234375,296.6749267578125,195.4666748046875,113.39497375488281,22164.938459431753,922.2603149414062,239.97744750976562,1920,1080,832.111572265625,220.181640625,942.0606689453125,219.24929809570312,109.9490966796875,0.932342529296875,0.4858431152323565,left,False,"{'safe_roi': (450, 80, 1500, 420), 'cylinder_roi': (800, 190, 1000, 300)}",ok_cylinder_inside_confirmed
2026-09-29 06:47:17,2026-09-29,11234860,12572,19,118.05097198486328,,38.62908935546875,0.7703787684440613,822.5648803710938,183.38763427734375,1024.4322509765625,300.108642578125,201.86737060546875,116.72100830078125,23562.163040097803,923.49853515625,241.74813842773438,1920,1080,824.959716796875,219.50279235839844,942.8975830078125,214.33631896972656,117.9378662109375,5.166473388671875,2.5083375855725625,left,False,"{'safe_roi': (450, 80, 1500, 420), 'cylinder_roi': (800, 190, 1000, 300)}",ok_cylinder_inside_confirmed
2026-09-29 06:47:22,2026-09-29,11234958,12572,19,111.35429382324219,,38.02313232421875,0.7715617418289185,824.2391357421875,183.6466064453125,1024.152587890625,297.3791809082031,199.9134521484375,113.73257446289062,22736.67158260569,924.1958618164062,240.5128936767578,1920,1080,831.8082275390625,220.2435760498047,943.0819702148438,216.0088348388672,111.27374267578125,4.2347412109375,2.1794518355736106,left,False,"{'safe_roi': (450, 80, 1500, 420), 'cylinder_roi': (800, 190, 1000, 300)}",ok_cylinder_inside_confirmed
2026-09-29 06:47:28,2026-09-29,11235058,12572,19,108.26475524902344,,39.35655212402344,0.7724022269248962,823.871337890625,182.91729736328125,1023.246826171875,297.3260192871094,199.37548828125,114.40872192382812,22810.294797196984,923.55908203125,240.1216583251953,1920,1080,833.59814453125,221.21621704101562,941.7222900390625,215.70016479492188,108.1241455078125,5.51605224609375,2.920464765594791,left,False,"{'safe_roi': (450, 80, 1500, 420), 'cylinder_roi': (800, 190, 1000, 300)}",ok_cylinder_inside_confirmed
2026-09-29 06:47:33,2026-09-29,11235154,12572,19,117.82020568847656,,35.94148254394531,0.7704469561576843,825.6111450195312,183.76760864257812,1022.0433959960938,298.57928466796875,196.4322509765625,114.81167602539062,22552.715960059315,923.8272705078125,241.17344665527344,1920,1080,824.9675903320312,219.7922821044922,942.6472778320312,214.03973388671875,117.6796875,5.7525482177734375,2.7985677642350333,left,False,"{'safe_roi': (450, 80, 1500, 420), 'cylinder_roi': (800, 190, 1000, 300)}",ok_cylinder_inside_confirmed
2026-09-29 06:47:40,2026-09-29,11235292,12572,19,117.20069122314453,,35.32928466796875,0.7714283466339111,826.251953125,183.88861083984375,1024.043212890625,297.2890319824219,197.791259765625,113.40042114257812,22429.612155742943,925.1475830078125,240.5888214111328,1920,1080,825.7855224609375,217.9879150390625,942.8790283203125,212.97665405273438,117.093505859375,5.011260986328125,2.4505970412076024,left,False,"{'safe_roi': (450, 80, 1500, 420), 'cylinder_roi': (800, 190, 1000, 300)}",ok_cylinder_inside_confirmed
2026-09-29 06:47:59,2026-09-29,11235650,12572,19,115.20352172851562,,36.46513366699219,0.766386091709137,823.2866821289062,186.6068878173828,1020.0322875976562,300.0007019042969,196.74560546875,113.39381408691406,22309.73460894078,921.6594848632812,243.30380249023438,1920,1080,823.1444091796875,219.67721557617188,938.30224609375,216.43307495117188,115.1578369140625,3.244140625,1.6136671445638493,left,False,"{'safe_roi': (450, 80, 1500, 420), 'cylinder_roi': (800, 190, 1000, 300)}",ok_cylinder_inside_confirmed
2026-09-29 06:48:04,2026-09-29,11235747,12572,19,117.9039077758789,,37.972259521484375,0.7694599032402039,824.958984375,185.28768920898438,1021.9656982421875,300.3433532714844,197.0067138671875,115.0556640625,22666.738288760185,923.4623413085938,242.81552124023438,1920,1080,823.2886962890625,220.09568786621094,941.1273193359375,216.17269897460938,117.838623046875,3.9229888916015625,1.906740912714939,left,False,"{'safe_roi': (450, 80, 1500, 420), 'cylinder_roi': (800, 190, 1000, 300)}",ok_cylinder_inside_confirmed
2026-09-29 06:48:09,2026-09-29,11235846,12572,19,116.12965393066406,,39.403228759765625,0.7677369713783264,820.4370727539062,185.74853515625,1020.6487426757812,299.7356262207031,200.211669921875,113.98709106445312,22821.545851550996,920.5429077148438,242.74208068847656,1920,1080,822.4332275390625,221.740966796875,938.4971923828125,217.83547973632812,116.06396484375,3.905487060546875,1.9272435403928545,left,False,"{'safe_roi': (450, 80, 1500, 420), 'cylinder_roi': (800, 190, 1000, 300)}",ok_cylinder_inside_confirmed
2026-09-29 06:48:14,2026-09-29,11235944,12572,19,117.23007202148438,,37.08158874511719,0.7738499641418457,823.1005249023438,183.84530639648438,1021.6649780273438,297.4225158691406,198.564453125,113.57720947265625,22552.396486401558,922.3827514648438,240.6339111328125,1920,1080,821.9414672851562,218.5530548095703,939.136474609375,215.68606567382812,117.19500732421875,2.8669891357421875,1.4013704511967335,left,False,"{'safe_roi': (450, 80, 1500, 420), 'cylinder_roi': (800, 190, 1000, 300)}",ok_cylinder_inside_confirmed
2026-09-29 06:48:19,2026-09-29,11236042,12572,19,117.60906219482422,,35.4256591796875,0.7692592144012451,824.4170532226562,185.77850341796875,1021.5568237304688,299.254638671875,197.1397705078125,113.47613525390625,22370.65926206857,922.9869384765625,242.51657104492188,1920,1080,821.4356079101562,218.54110717773438,939.0222778320312,216.2462615966797,117.586669921875,2.2948455810546875,1.1180542564839455,left,False,"{'safe_roi': (450, 80, 1500, 420), 'cylinder_roi': (800, 190, 1000, 300)}",ok_cylinder_inside_confirmed
2026-09-29 06:48:24,2026-09-29,11236137,12572,19,117.65017700195312,,35.702362060546875,0.7713468074798584,821.9412841796875,184.77349853515625,1021.307861328125,298.4151611328125,199.3665771484375,113.64166259765625,22656.34929355234,921.6245727539062,241.59432983398438,1920,1080,822.1464233398438,218.14373779296875,939.7614135742188,215.26651000976562,117.614990234375,2.877227783203125,1.4013531360293565,left,False,"{'safe_roi': (450, 80, 1500, 420), 'cylinder_roi': (800, 190, 1000, 300)}",ok_cylinder_inside_confirmed
2026-09-29 06:48:29,2026-09-29,11236233,12572,19,116.32042694091797,,35.71665954589844,0.7705621123313904,823.0708618164062,184.39991760253906,1023.0390014648438,298.495849609375,199.9681396484375,114.09593200683594,22815.5512648616,923.054931640625,241.4478759765625,1920,1080,822.2159423828125,218.8371124267578,938.517822265625,216.75997924804688,116.3018798828125,2.0771331787109375,1.023184778858782,left,False,"{'safe_roi': (450, 80, 1500, 420), 'cylinder_roi': (800, 190, 1000, 300)}",ok_cylinder_inside_confirmed
2026-09-29 06:48:34,2026-09-29,11236329,12572,19,117.1279296875,,36.4647216796875,0.7686218023300171,824.0916748046875,184.38934326171875,1020.7825927734375,298.6594543457031,196.69091796875,114.27011108398438,22475.89304549992,922.4371337890625,241.52439880371094,1920,1080,823.1293334960938,219.09414672851562,940.2154541015625,215.96495056152344,117.08612060546875,3.1291961669921875,1.5308993470360024,left,False,"{'safe_roi': (450, 80, 1500, 420), 'cylinder_roi': (800, 190, 1000, 300)}",ok_cylinder_inside_confirmed
2026-09-29 06:48:39,2026-09-29,11236426,12572,19,116.31855773925781,,38.27854919433594,0.7719758152961731,823.462646484375,184.8886260986328,1020.132568359375,299.81170654296875,196.669921875,114.92308044433594,22601.91325262189,921.797607421875,242.35015869140625,1920,1080,823.713623046875,219.68533325195312,940.0278930664062,218.68692016601562,116.31427001953125,0.9984130859375,0.49180080071168963,left,False,"{'safe_roi': (450, 80, 1500, 420), 'cylinder_roi': (800, 190, 1000, 300)}",ok_cylinder_inside_confirmed
2026-09-29 06:48:44,2026-09-29,11236519,12572,19,117.72977447509766,,37.44366455078125,0.7699769735336304,824.5357055664062,185.57638549804688,1021.2687377929688,301.2366638183594,196.7330322265625,115.6602783203125,22754.197262123227,922.9022216796875,243.40652465820312,1920,1080,822.869384765625,219.8868408203125,940.5567626953125,216.7275848388672,117.6873779296875,3.1592559814453125,1.53770587347233,left,False,"{'safe_roi': (450, 80, 1500, 420), 'cylinder_roi': (800, 190, 1000, 300)}",ok_cylinder_inside_confirmed
2026-09-29 06:48:49,2026-09-29,11236618,12572,19,117.67069244384766,,37.181427001953125,0.76963871717453,820.84033203125,184.48422241210938,1020.1875,298.36737060546875,199.34716796875,113.88314819335938,22702.28307171166,920.513916015625,241.42579650878906,1920,1080,822.7059326171875,218.6579132080078,940.3448486328125,215.92356872558594,117.638916015625,2.734344482421875,1.3315168091543386,left,False,"{'safe_roi': (450, 80, 1500, 420), 'cylinder_roi': (800, 190, 1000, 300)}",ok_cylinder_inside_confirmed
2026-09-29 06:48:54,2026-09-29,11236713,12572,19,110.55521392822266,,37.06117248535156,0.7707650065422058,825.0015869140625,185.8674774169922,1020.0843505859375,300.02825927734375,195.082763671875,114.16078186035156,22270.80082825944,922.54296875,242.9478759765625,1920,1080,828.8843994140625,219.8689727783203,939.4140625,217.49234008789062,110.5296630859375,2.3766326904296875,1.2317964121349199,left,False,"{'safe_roi': (450, 80, 1500, 420), 'cylinder_roi': (800, 190, 1000, 300)}",ok_cylinder_inside_confirmed
2026-09-29 06:48:59,2026-09-29,11236810,12572,19,117.34068298339844,,38.39588928222656,0.7692031264305115,824.09228515625,186.015380859375,1020.1087646484375,300.5173034667969,196.0164794921875,114.50192260742188,22444.26376459375,922.1005249023438,243.26634216308594,1920,1080,823.58349609375,220.1175537109375,940.8729248046875,216.6498565673828,117.2894287109375,3.4676971435546875,1.6934735977925006,left,False,"{'safe_roi': (450, 80, 1500, 420), 'cylinder_roi': (800, 190, 1000, 300)}",ok_cylinder_inside_confirmed
2026-09-29 06:49:04,2026-09-29,11236910,12572,19,98.0169677734375,,46.241363525390625,0.7741731405258179,829.4073486328125,185.50367736816406,1020.0098876953125,299.859130859375,190.6025390625,114.35545349121094,21796.439791068435,924.7086181640625,242.681396484375,1920,1080,839.7783813476562,229.26580810546875,936.9652099609375,216.53604125976562,97.18682861328125,12.729766845703125,7.462258701271805,left,False,"{'safe_roi': (450, 80, 1500, 420), 'cylinder_roi': (800, 190, 1000, 300)}",ok_cylinder_inside_confirmed
2026-09-29 06:49:09,2026-09-29,11237004,12572,19,117.17835235595703,,37.226837158203125,0.7645910382270813,823.3726806640625,184.33700561523438,1030.634521484375,298.4394836425781,207.2618408203125,114.10247802734375,23649.089638106525,927.0036010742188,241.38824462890625,1920,1080,825.9654541015625,215.04440307617188,943.1207275390625,217.36978149414062,117.1552734375,2.32537841796875,1.1370967140213797,left,False,"{'safe_roi': (450, 80, 1500, 420), 'cylinder_roi': (800, 190, 1000, 300)}",ok_cylinder_inside_confirmed
2026-09-29 06:49:14,2026-09-29,11237100,12572,19,114.18768310546875,,37.52305603027344,0.772169291973114,820.6829833984375,184.66873168945312,1027.2733154296875,295.5572814941406,206.59033203125,110.8885498046875,22908.502322614193,923.9781494140625,240.11300659179688,1920,1080,829.59814453125,209.75534057617188,943.521728515625,217.51702880859375,113.923583984375,7.761688232421875,3.8975757800555235,left,False,"{'safe_roi': (450, 80, 1500, 420), 'cylinder_roi': (800, 190, 1000, 300)}",ok_cylinder_inside_confirmed
2026-09-29 06:49:19,2026-09-29,11237200,12572,19,115.79985809326172,,38.006317138671875,0.7690455317497253,822.6165771484375,183.87799072265625,1026.543212890625,295.7309875488281,203.9266357421875,111.85299682617188,22809.805340442806,924.5798950195312,239.8044891357422,1920,1080,827.7600708007812,209.17874145507812,943.263916015625,217.45330810546875,115.50384521484375,8.274566650390625,4.097605495926706,left,False,"{'safe_roi': (450, 80, 1500, 420), 'cylinder_roi': (800, 190, 1000, 300)}",ok_cylinder_inside_confirmed
2026-09-29 06:49:24,2026-09-29,11237300,12572,19,116.55967712402344,,34.62278747558594,0.7720296382904053,821.4188232421875,182.96771240234375,1023.91552734375,295.99188232421875,202.4967041015625,113.024169921875,22887.021892994642,922.6671752929688,239.47979736328125,1920,1080,827.5819702148438,210.1820068359375,944.0203857421875,215.49749755859375,116.43841552734375,5.31549072265625,2.613775570653537,left,False,"{'safe_roi': (450, 80, 1500, 420), 'cylinder_roi': (800, 190, 1000, 300)}",ok_cylinder_inside_confirmed
2026-09-29 06:49:29,2026-09-29,11237393,12572,19,119.03706359863281,,37.92283630371094,0.7649255394935608,822.5276489257812,183.43020629882812,1025.8341064453125,298.2474365234375,203.30645751953125,114.81723022460938,23343.084339169785,924.180908203125,240.8388214111328,1920,1080,822.9163818359375,213.81002807617188,941.953369140625,213.94741821289062,119.0369873046875,0.13739013671875,0.06612962629090091,left,False,"{'safe_roi': (450, 80, 1500, 420), 'cylinder_roi': (800, 190, 1000, 300)}",ok_cylinder_inside_confirmed
2026-09-29 06:49:34,2026-09-29,11237492,12572,19,117.63032531738281,,36.51866149902344,0.7691053152084351,823.0238037109375,182.91749572753906,1024.3304443359375,297.2281494140625,201.306640625,114.31065368652344,23011.493681281805,923.6771240234375,240.07281494140625,1920,1080,824.1170654296875,214.28341674804688,941.744140625,213.40895080566406,117.6270751953125,0.8744659423828125,0.4259417718632839,left,False,"{'safe_roi': (450, 80, 1500, 420), 'cylinder_roi': (800, 190, 1000, 300)}",ok_cylinder_inside_confirmed
2026-09-29 06:49:40,2026-09-29,11237589,12572,19,119.07878875732422,,36.886566162109375,0.7658087015151978,821.7978515625,183.34368896484375,1020.890869140625,297.3284606933594,199.093017578125,113.98477172851562,22693.572161383927,921.3443603515625,240.33607482910156,1920,1080,821.3530883789062,214.39755249023438,940.4237670898438,213.0079803466797,119.0706787109375,1.3895721435546875,0.6686197300779761,left,False,"{'safe_roi': (450, 80, 1500, 420), 'cylinder_roi': (800, 190, 1000, 300)}",ok_cylinder_inside_confirmed
2026-09-29 06:49:45,2026-09-29,11237685,12572,19,116.90245819091797,,33.39399719238281,0.7655373811721802,819.5618286132812,184.666015625,1019.6753540039062,297.7804260253906,200.113525390625,113.11441040039062,22635.723437704146,919.6185913085938,241.2232208251953,1920,1080,821.4503173828125,214.79913330078125,938.3518676757812,215.26077270507812,116.90155029296875,0.461639404296875,0.22625749589008773,left,False,"{'safe_roi': (450, 80, 1500, 420), 'cylinder_roi': (800, 190, 1000, 300)}",ok_cylinder_inside_confirmed
2026-09-29 06:49:50,2026-09-29,11237781,12572,19,118.44364929199219,,34.29193115234375,0.769043505191803,820.06494140625,184.33880615234375,1020.403564453125,297.00909423828125,200.338623046875,112.6702880859375,22572.210373431444,920.2342529296875,240.6739501953125,1920,1080,819.8219604492188,215.8328857421875,938.2584228515625,214.5281982421875,118.43646240234375,1.3046875,0.6311406323570274,left,False,"{'safe_roi': (450, 80, 1500, 420), 'cylinder_roi': (800, 190, 1000, 300)}",ok_cylinder_inside_confirmed
2026-09-29 06:49:55,2026-09-29,11237874,12572,19,117.51295471191406,,35.978363037109375,0.768349289894104,820.0282592773438,183.7288818359375,1020.0991821289062,298.6893310546875,200.0709228515625,114.96044921875,23000.2431666255,920.063720703125,241.2091064453125,1920,1080,821.8241577148438,216.10162353515625,939.3016357421875,213.2142333984375,117.47747802734375,2.88739013671875,1.407946194337068,left,False,"{'safe_roi': (450, 80, 1500, 420), 'cylinder_roi': (800, 190, 1000, 300)}",ok_cylinder_inside_confirmed
2026-09-29 06:50:00,2026-09-29,11237958,12572,19,114.85887908935547,,37.13694763183594,0.7663342952728271,819.02978515625,183.69419860839844,1018.854736328125,298.0305480957031,199.824951171875,114.33634948730469,22847.255453471094,918.9422607421875,240.86236572265625,1920,1080,823.1484375,216.90069580078125,937.9986572265625,215.490478515625,114.8502197265625,1.41021728515625,0.7034852744998776,left,False,"{'safe_roi': (450, 80, 1500, 420), 'cylinder_roi': (800, 190, 1000, 300)}",ok_cylinder_inside_confirmed
2026-09-29 06:50:05,2026-09-29,11238042,12572,19,114.93923950195312,,33.300506591796875,0.7632275223731995,818.2301635742188,184.81887817382812,1014.8626098632812,295.9795227050781,196.6324462890625,111.16064453125,21857.789465248585,916.54638671875,240.39920043945312,1920,1080,819.6362915039062,215.6772003173828,934.57275390625,214.87771606445312,114.93646240234375,0.7994842529296875,0.3985361456537919,left,False,"{'safe_roi': (450, 80, 1500, 420), 'cylinder_roi': (800, 190, 1000, 300)}",ok_cylinder_inside_confirmed
2026-09-29 06:50:10,2026-09-29,11238133,12572,19,103.99909210205078,,38.53483581542969,0.768286943435669,814.6025390625,183.1878662109375,1014.7449951171875,297.8557434082031,200.1424560546875,114.66787719726562,22949.91057283804,914.6737670898438,240.5218048095703,1920,1080,829.3671875,214.9017791748047,933.284912109375,219.01490783691406,103.917724609375,4.113128662109375,2.2666197042707887,left,False,"{'safe_roi': (450, 80, 1500, 420), 'cylinder_roi': (800, 190, 1000, 300)}",ok_cylinder_inside_confirmed
2026-09-29 06:56:59,2026-09-29,11244811,12572,20,93.79519653320312,,37.314727783203125,0.7846125364303589,835.5604858398438,185.25852966308594,1022.3451538085938,297.14739990234375,186.78466796875,111.88887023925781,20899.125477038324,928.9528198242188,241.20297241210938,1920,1080,854.2451171875,215.29579162597656,947.281982421875,227.19876098632812,93.036865234375,11.902969360351562,7.290712655728763,left,False,"{'safe_roi': (450, 80, 1500, 420), 'cylinder_roi': (800, 190, 1000, 300)}",ok_cylinder_inside_confirmed
2026-09-29 06:57:16,2026-09-29,11245094,12572,20,92.30789947509766,,37.20697021484375,0.7884646654129028,841.264892578125,185.53860473632812,1023.3668212890625,297.0445556640625,182.1019287109375,111.50595092773438,20305.44872668758,932.3158569335938,241.2915802001953,1920,1080,858.903076171875,215.46005249023438,950.542724609375,226.54714965820312,91.6396484375,11.08709716796875,6.898447894617761,left,False,"{'safe_roi': (450, 80, 1500, 420), 'cylinder_roi': (800, 190, 1000, 300)}",ok_cylinder_inside_confirmed
2026-09-29 06:57:23,2026-09-29,11245206,12572,20,91.58002471923828,,36.57673645019531,0.8093388080596924,790.6737060546875,184.946044921875,966.9539794921875,296.9895324707031,176.2802734375,112.04348754882812,19751.05662199855,878.8138427734375,240.96778869628906,1920,1080,802.0703735351562,224.7449951171875,893.6491088867188,225.2303466796875,91.5787353515625,0.4853515625,0.3036549439636967,left,False,"{'safe_roi': (450, 80, 1500, 420), 'cylinder_roi': (800, 190, 1000, 300)}",ok_cylinder_inside_confirmed
2026-09-29 06:57:28,2026-09-29,11245287,12572,20,91.4488754272461,,37.868438720703125,0.7946341037750244,789.9439697265625,186.80557250976562,964.1932373046875,298.5205383300781,174.249267578125,111.7149658203125,19466.25097170472,877.068603515625,242.66305541992188,1920,1080,801.5057983398438,224.01809692382812,892.9273681640625,221.78347778320312,91.42156982421875,2.234619140625,1.40020299873854,left,False,"{'safe_roi': (450, 80, 1500, 420), 'cylinder_roi': (800, 190, 1000, 300)}",ok_cylinder_inside_confirmed
2026-09-29 06:58:07,2026-09-29,11245901,12572,21,90.5450439453125,,39.5283203125,0.7891565561294556,788.7105102539062,186.5921630859375,965.8439331054688,297.7966003417969,177.1334228515625,111.20443725585938,19698.02260741219,877.2772216796875,242.1943817138672,1920,1080,800.2423706054688,222.73562622070312,890.7315673828125,219.55606079101562,90.48919677734375,3.1795654296875,2.0124033331240154,left,False,"{'safe_roi': (450, 80, 1500, 420), 'cylinder_roi': (800, 190, 1000, 300)}",ok_cylinder_inside_confirmed
2026-09-29 07:01:04,2026-09-29,11248689,12572,22,93.82341003417969,,38.42694091796875,0.7726608514785767,810.4025268554688,186.76861572265625,996.8067016601562,295.7728576660156,186.4041748046875,109.00424194335938,20318.84576966241,903.6046142578125,241.27073669433594,1920,1080,822.179443359375,217.41091918945312,915.9194946289062,221.36508178710938,93.74005126953125,3.95416259765625,2.415430701933047,left,False,"{'safe_roi': (450, 80, 1500, 420), 'cylinder_roi': (800, 190, 1000, 300)}",ok_cylinder_inside_confirmed
2026-09-29 07:01:09,2026-09-29,11248770,12572,22,95.38231658935547,,38.16584777832031,0.7737401723861694,810.3763427734375,187.67111206054688,990.211669921875,294.8381652832031,179.8353271484375,107.16705322265625,19272.4220758304,900.2940063476562,241.254638671875,1920,1080,822.6845703125,214.34136962890625,917.7340698242188,222.30250549316406,95.04949951171875,7.9611358642578125,4.78779260225561,left,False,"{'safe_roi': (450, 80, 1500, 420), 'cylinder_roi': (800, 190, 1000, 300)}",ok_cylinder_inside_confirmed
2026-09-29 07:01:14,2026-09-29,11248848,12572,22,93.25682830810547,,38.634246826171875,0.7772067189216614,808.6257934570312,187.8850555419922,987.2703247070312,294.09088134765625,178.64453125,106.20582580566406,18973.08996707201,897.9480590820312,240.98797607421875,1920,1080,820.6448974609375,213.90794372558594,913.61767578125,221.18109130859375,92.9727783203125,7.2731475830078125,4.473069441561983,left,False,"{'safe_roi': (450, 80, 1500, 420), 'cylinder_roi': (800, 190, 1000, 300)}",ok_cylinder_inside_confirmed
2026-09-29 07:01:19,2026-09-29,11248930,12572,22,92.42082977294922,,38.95826721191406,0.7675527930259705,807.6907958984375,188.19068908691406,986.03857421875,296.28558349609375,178.3477783203125,108.09489440917969,19278.484265645966,896.8646850585938,242.23812866210938,1920,1080,819.728271484375,215.40643310546875,912.0557861328125,219.55845642089844,92.3275146484375,4.1520233154296875,2.57489047943744,left,False,"{'safe_roi': (450, 80, 1500, 420), 'cylinder_roi': (800, 190, 1000, 300)}",ok_cylinder_inside_confirmed
2026-09-29 07:01:24,2026-09-29,11249009,12572,22,95.60968780517578,,40.92756652832031,0.7672780752182007,807.7825927734375,187.2899169921875,991.476318359375,295.2467956542969,183.6937255859375,107.95687866210938,19831.00124407187,899.6294555664062,241.2683563232422,1920,1080,817.1639404296875,216.71714782714844,912.7411499023438,219.20907592773438,95.57720947265625,2.4919281005859375,1.4935006486738223,left,False,"{'safe_roi': (450, 80, 1500, 420), 'cylinder_roi': (800, 190, 1000, 300)}",ok_cylinder_inside_confirmed
2026-09-29 07:01:29,2026-09-29,11249090,12572,22,95.26044464111328,,42.1890869140625,0.759209394454956,806.9124755859375,186.5672607421875,992.5262451171875,295.96209716796875,185.61376953125,109.39483642578125,20305.187956243753,899.7193603515625,241.26467895507812,1920,1080,817.9553833007812,217.9173583984375,913.2158203125,217.87698364257812,95.26043701171875,0.040374755859375,0.024283984450027184,left,False,"{'safe_roi': (450, 80, 1500, 420), 'cylinder_roi': (800, 190, 1000, 300)}",ok_cylinder_inside_confirmed
2026-09-29 07:01:35,2026-09-29,11249168,12572,22,97.24381256103516,,42.989654541015625,0.7571839690208435,804.5581665039062,186.03892517089844,994.6643676757812,296.3566589355469,190.106201171875,110.31773376464844,20972.085287887603,899.6112670898438,241.19778442382812,1920,1080,816.7928466796875,218.75575256347656,914.0337524414062,218.00357055664062,97.24090576171875,0.7521820068359375,0.44318792136445095,left,False,"{'safe_roi': (450, 80, 1500, 420), 'cylinder_roi': (800, 190, 1000, 300)}",ok_cylinder_inside_confirmed
2026-09-29 07:01:40,2026-09-29,11249250,12572,22,98.1878662109375,,42.85563659667969,0.7530277371406555,803.705078125,185.48419189453125,998.13818359375,298.5058288574219,194.43310546875,113.02163696289062,21975.147859856486,900.921630859375,241.99501037597656,1920,1080,817.7013549804688,218.4596710205078,915.8846435546875,217.51170349121094,98.18328857421875,0.947967529296875,0.5531781597774797,left,False,"{'safe_roi': (450, 80, 1500, 420), 'cylinder_roi': (800, 190, 1000, 300)}",ok_cylinder_inside_confirmed
2026-09-29 07:01:45,2026-09-29,11249328,12572,22,97.47918701171875,,42.2476806640625,0.7601186037063599,805.282958984375,186.0135955810547,997.219482421875,298.6597595214844,191.9365234375,112.64616394042969,21620.91308529675,901.251220703125,242.336669921875,1920,1080,817.830078125,217.35250854492188,915.30859375,216.99032592773438,97.478515625,0.3621826171875,0.21288219002640324,left,False,"{'safe_roi': (450, 80, 1500, 420), 'cylinder_roi': (800, 190, 1000, 300)}",ok_cylinder_inside_confirmed
2026-09-29 07:02:41,2026-09-29,11250233,12572,23,89.63247680664062,,38.37742614746094,0.7672325372695923,806.0623168945312,184.85919189453125,981.4954223632812,298.4149475097656,175.43310546875,113.55575561523438,19921.438851431012,893.7788696289062,241.63706970214844,1920,1080,820.244873046875,212.56796264648438,909.4027099609375,221.77996826171875,89.1578369140625,9.212005615234375,5.89900772685573,left,False,"{'safe_roi': (450, 80, 1500, 420), 'cylinder_roi': (800, 190, 1000, 300)}",ok_cylinder_inside_confirmed
2026-09-29 07:02:46,2026-09-29,11250315,12572,23,90.40275573730469,,37.75428771972656,0.7739563584327698,807.630126953125,185.1546173095703,985.1387939453125,298.00390625,177.5086669921875,112.84928894042969,20031.72685083188,896.3844604492188,241.57925415039062,1920,1080,820.0752563476562,213.08958435058594,910.1361694335938,220.94390869140625,90.0609130859375,7.8543243408203125,4.984225439830448,left,False,"{'safe_roi': (450, 80, 1500, 420), 'cylinder_roi': (800, 190, 1000, 300)}",ok_cylinder_inside_confirmed
2026-09-29 07:09:53,2026-09-29,11257227,12572,24,98.85606384277344,,39.87211608886719,0.8097628355026245,793.994384765625,186.87118530273438,973.6307373046875,301.74835205078125,179.6363525390625,114.87716674804688,20636.115224640816,883.8125610351562,244.3097686767578,1920,1080,969.117431640625,211.4779510498047,870.4645385742188,217.81263732910156,98.65289306640625,6.334686279296875,3.674024880130104,right,False,"{'safe_roi': (450, 80, 1500, 420), 'cylinder_roi': (800, 190, 1000, 300)}",ok_cylinder_inside_confirmed
2026-09-29 07:09:58,2026-09-29,11257308,12572,24,96.06985473632812,,41.104461669921875,0.8009681105613708,794.8331298828125,187.7085418701172,974.8426513671875,303.552734375,180.009521484375,115.84419250488281,20853.057659547776,884.837890625,245.63064575195312,1920,1080,967.612060546875,212.51499938964844,871.7662353515625,219.0720672607422,95.8458251953125,6.55706787109375,3.9136586082641442,right,False,"{'safe_roi': (450, 80, 1500, 420), 'cylinder_roi': (800, 190, 1000, 300)}",ok_cylinder_inside_confirmed
2026-09-29 07:10:03,2026-09-29,11257386,12572,24,95.0333480834961,,38.819183349609375,0.8005685806274414,792.3107299804688,186.9285888671875,970.4118041992188,303.06475830078125,178.10107421875,116.13616943359375,20683.976531773806,881.3612670898438,244.99667358398438,1920,1080,961.4515380859375,215.29339599609375,866.5341186523438,219.98594665527344,94.91741943359375,4.6925506591796875,2.830298417627968,right,False,"{'safe_roi': (450, 80, 1500, 420), 'cylinder_roi': (800, 190, 1000, 300)}",ok_cylinder_inside_confirmed
2026-09-29 07:10:08,2026-09-29,11257468,12572,24,102.77073669433594,,41.51872253417969,0.8015603423118591,791.8028564453125,187.49130249023438,971.60400390625,302.4321594238281,179.8011474609375,114.94085693359375,20666.49796680361,881.7034301757812,244.96173095703125,1920,1080,964.98193359375,214.26571655273438,862.3359375,219.32772827148438,102.64599609375,5.06201171875,2.8232677586522534,right,False,"{'safe_roi': (450, 80, 1500, 420), 'cylinder_roi': (800, 190, 1000, 300)}",ok_cylinder_inside_confirmed
2026-09-29 07:10:13,2026-09-29,11257548,12572,24,100.69951629638672,,40.57020568847656,0.7971089482307434,792.9074096679688,187.60658264160156,971.3434448242188,302.6014404296875,178.43603515625,114.99485778808594,20519.22648706287,882.1254272460938,245.10400390625,1920,1080,964.099365234375,214.46701049804688,863.5336303710938,219.6559600830078,100.56573486328125,5.1889495849609375,2.9537047879313585,right,False,"{'safe_roi': (450, 80, 1500, 420), 'cylinder_roi': (800, 190, 1000, 300)}",ok_cylinder_inside_confirmed
2026-09-29 07:10:18,2026-09-29,11257624,12572,24,98.50225067138672,,39.227081298828125,0.803646445274353,792.9850463867188,187.38414001464844,970.9221801757812,302.8470764160156,177.9371337890625,115.46293640136719,20545.143962128088,881.95361328125,245.1156005859375,1920,1080,961.9164428710938,214.0125732421875,863.5969848632812,220.01068115234375,98.3194580078125,5.99810791015625,3.491077715535445,right,False,"{'safe_roi': (450, 80, 1500, 420), 'cylinder_roi': (800, 190, 1000, 300)}",ok_cylinder_inside_confirmed
2026-09-29 07:10:23,2026-09-29,11257705,12572,24,99.63447570800781,,40.223785400390625,0.7978264093399048,792.5418701171875,186.87173461914062,970.63720703125,302.4391174316406,178.0953369140625,115.5673828125,20582.011978268623,881.5895385742188,244.65542602539062,1920,1080,962.0723876953125,214.2314910888672,862.5890502929688,219.7173614501953,99.48333740234375,5.485870361328125,3.1562994676372833,right,False,"{'safe_roi': (450, 80, 1500, 420), 'cylinder_roi': (800, 190, 1000, 300)}",ok_cylinder_inside_confirmed
2026-09-29 07:10:28,2026-09-29,11257784,12572,24,97.33946990966797,,38.07951354980469,0.8068932890892029,790.863525390625,186.63270568847656,971.0655517578125,302.23712158203125,180.2020263671875,115.60441589355469,20832.15000101365,880.9645385742188,244.43490600585938,1920,1080,959.5943603515625,210.80426025390625,862.6734619140625,219.82156372070312,96.9208984375,9.017303466796875,5.3153696729204905,right,False,"{'safe_roi': (450, 80, 1500, 420), 'cylinder_roi': (800, 190, 1000, 300)}",ok_cylinder_inside_confirmed
2026-09-29 07:10:33,2026-09-29,11257864,12572,24,96.40119171142578,,37.7930908203125,0.8054012060165405,789.87060546875,187.01425170898438,970.87841796875,302.6568603515625,181.0078125,115.64260864257812,20932.21562218666,880.37451171875,244.83555603027344,1920,1080,959.3427734375,211.72654724121094,863.3046875,220.08572387695312,96.0380859375,8.359176635742188,4.97450056206197,right,False,"{'safe_roi': (450, 80, 1500, 420), 'cylinder_roi': (800, 190, 1000, 300)}",ok_cylinder_inside_confirmed
2026-09-29 07:10:38,2026-09-29,11257944,12572,24,98.8937759399414,,38.558624267578125,0.8029475212097168,789.9732666015625,186.88018798828125,973.4171142578125,300.8843078613281,183.44384765625,114.00411987304688,20913.354398176074,881.6951904296875,243.8822479248047,1920,1080,961.81298828125,212.21043395996094,863.2474975585938,220.26165771484375,98.56549072265625,8.051223754882812,4.669780968677047,right,False,"{'safe_roi': (450, 80, 1500, 420), 'cylinder_roi': (800, 190, 1000, 300)}",ok_cylinder_inside_confirmed
2026-09-29 07:10:44,2026-09-29,11258024,12572,24,96.7846450805664,,38.11956787109375,0.8090166449546814,789.7572021484375,186.97573852539062,972.5277099609375,302.1396179199219,182.7705078125,115.16387939453125,21048.56071859598,881.1424560546875,244.55767822265625,1920,1080,960.2352905273438,212.13697814941406,863.81298828125,220.50396728515625,96.42230224609375,8.366989135742188,4.959385077956475,right,False,"{'safe_roi': (450, 80, 1500, 420), 'cylinder_roi': (800, 190, 1000, 300)}",ok_cylinder_inside_confirmed
2026-09-29 07:10:49,2026-09-29,11258099,12572,24,99.17292785644531,,39.1656494140625,0.7955976128578186,791.36181640625,186.97398376464844,973.9732666015625,300.3053894042969,182.6114501953125,113.33140563964844,20695.61233652942,882.6675415039062,243.63967895507812,1920,1080,963.89501953125,211.95509338378906,865.1015625,220.62240600585938,98.79345703125,8.667312622070312,5.013815839335675,right,False,"{'safe_roi': (450, 80, 1500, 420), 'cylinder_roi': (800, 190, 1000, 300)}",ok_cylinder_inside_confirmed
2026-09-29 07:10:54,2026-09-29,11258180,12572,24,98.4743881225586,,38.162384033203125,0.7981374263763428,788.6911010742188,187.40687561035156,972.7483520507812,302.68402099609375,184.0572509765625,115.27714538574219,21217.594480125234,880.7197265625,245.04544067382812,1920,1080,963.3914184570312,211.10882568359375,865.456787109375,221.40509033203125,97.93463134765625,10.2962646484375,6.001689715505348,right,False,"{'safe_roi': (450, 80, 1500, 420), 'cylinder_roi': (800, 190, 1000, 300)}",ok_cylinder_inside_confirmed
2026-09-29 07:10:59,2026-09-29,11258259,12572,24,96.7072982788086,,38.32525634765625,0.8024104237556458,791.7078857421875,186.66757202148438,973.67626953125,301.3255615234375,181.9683837890625,114.65798950195312,20864.129038173705,882.6920776367188,243.99656677246094,1920,1080,961.703369140625,212.26588439941406,865.318603515625,220.1575469970703,96.384765625,7.89166259765625,4.680746064760472,right,False,"{'safe_roi': (450, 80, 1500, 420), 'cylinder_roi': (800, 190, 1000, 300)}",ok_cylinder_inside_confirmed
2026-09-29 07:11:04,2026-09-29,11258340,12572,24,97.68860626220703,,38.540771484375,0.8053572773933411,790.0736083984375,186.97885131835938,973.790771484375,301.28948974609375,183.7171630859375,114.31063842773438,21000.82620248571,881.9321899414062,244.13417053222656,1920,1080,963.2724609375,210.79742431640625,866.0517578125,220.3472137451172,97.220703125,9.549789428710938,5.6100493246961065,right,False,"{'safe_roi': (450, 80, 1500, 420), 'cylinder_roi': (800, 190, 1000, 300)}",ok_cylinder_inside_confirmed
2026-09-29 07:11:09,2026-09-29,11258421,12572,24,97.24177551269531,,38.934112548828125,0.8024264574050903,793.1793823242188,186.13331604003906,974.6552124023438,300.3616943359375,181.475830078125,114.22837829589844,20729.689769726247,883.9172973632812,243.24749755859375,1920,1080,962.5406494140625,212.1282958984375,865.5887451171875,219.63104248046875,96.951904296875,7.50274658203125,4.425087514462943,right,False,"{'safe_roi': (450, 80, 1500, 420), 'cylinder_roi': (800, 190, 1000, 300)}",ok_cylinder_inside_confirmed
2026-09-29 07:11:14,2026-09-29,11258503,12572,24,96.6549072265625,,38.66374206542969,0.8027793765068054,792.66650390625,187.09536743164062,972.866943359375,301.3772277832031,180.200439453125,114.2818603515625,20593.641456872225,882.7667236328125,244.23629760742188,1920,1080,962.8306884765625,211.630126953125,866.5244140625,219.8321533203125,96.3062744140625,8.2020263671875,4.867909323579906,right,False,"{'safe_roi': (450, 80, 1500, 420), 'cylinder_roi': (800, 190, 1000, 300)}",ok_cylinder_inside_confirmed
2026-09-29 07:11:19,2026-09-29,11258581,12572,24,97.72554016113281,,38.540740966796875,0.8043763637542725,790.7423706054688,187.14035034179688,972.1874389648438,300.3046569824219,181.445068359375,113.164306640625,20533.105354249477,881.4649047851562,243.72250366210938,1920,1080,962.4006958007812,211.4814910888672,865.04296875,219.95230102539062,97.35772705078125,8.470809936523438,4.972614810984848,right,False,"{'safe_roi': (450, 80, 1500, 420), 'cylinder_roi': (800, 190, 1000, 300)}",ok_cylinder_inside_confirmed
2026-09-29 07:11:24,2026-09-29,11258659,12572,24,96.60313415527344,,37.665863037109375,0.8011299967765808,793.649169921875,186.74838256835938,973.64453125,300.7285461425781,179.995361328125,113.98016357421875,20515.900726780295,883.6468505859375,243.73846435546875,1920,1080,963.9613037109375,211.5314483642578,867.7630615234375,220.3668212890625,96.1982421875,8.835372924804688,5.247635304791627,right,False,"{'safe_roi': (450, 80, 1500, 420), 'cylinder_roi': (800, 190, 1000, 300)}",ok_cylinder_inside_confirmed
2026-09-29 07:11:29,2026-09-29,11258741,12572,24,96.5326156616211,,37.57478332519531,0.8030181527137756,793.3228149414062,186.5199432373047,973.3565063476562,300.747802734375,180.03369140625,114.22785949707031,20564.86320669204,883.3396606445312,243.63388061523438,1920,1080,963.2713623046875,212.47760009765625,867.076171875,220.5418243408203,96.1951904296875,8.064224243164062,4.792008485066582,right,False,"{'safe_roi': (450, 80, 1500, 420), 'cylinder_roi': (800, 190, 1000, 300)}",ok_cylinder_inside_confirmed
2026-09-29 07:11:34,2026-09-29,11258824,12572,24,97.53793334960938,,38.18621826171875,0.8057602643966675,792.867431640625,186.79263305664062,972.487060546875,301.0687255859375,179.61962890625,114.27609252929688,20526.229332968593,882.67724609375,243.93067932128906,1920,1080,962.7725219726562,210.40872192382812,865.6597900390625,219.50631713867188,97.11273193359375,9.09759521484375,5.3518928202711615,right,False,"{'safe_roi': (450, 80, 1500, 420), 'cylinder_roi': (800, 190, 1000, 300)}",ok_cylinder_inside_confirmed
2026-09-29 07:36:22,2026-09-29,11282173,12572,25,96.90300750732422,,38.89329528808594,0.7871140241622925,778.4154052734375,188.9012451171875,968.6243896484375,294.4976806640625,190.208984375,105.596435546875,20085.39075899124,873.5198974609375,241.699462890625,1920,1080,960.5455322265625,209.2109832763672,864.0142211914062,217.69029235839844,96.53131103515625,8.47930908203125,5.019975822757637,right,False,"{'safe_roi': (450, 80, 1500, 420), 'cylinder_roi': (800, 190, 1000, 300)}",ok_cylinder_inside_confirmed
2026-09-29 07:42:54,2026-09-29,11288298,12572,26,91.98501586914062,,40.11933898925781,0.818971574306488,765.6175537109375,190.5511474609375,938.3238525390625,307.6692199707031,172.706298828125,117.11807250976562,20227.028829045594,851.970703125,249.1101837158203,1920,1080,928.0384521484375,208.90565490722656,838.802978515625,231.2277069091797,89.2354736328125,22.322052001953125,14.044210102063225,right,False,"{'safe_roi': (450, 80, 1500, 420), 'cylinder_roi': (800, 190, 1000, 300)}",ok_cylinder_inside_confirmed
2026-09-29 07:42:59,2026-09-29,11288380,12572,26,91.98515319824219,,40.36749267578125,0.8178084492683411,762.4037475585938,191.63800048828125,939.5585327148438,310.4482421875,177.15478515625,118.81024169921875,21047.802842587233,850.9811401367188,251.04312133789062,1920,1080,928.3465576171875,208.32791137695312,838.8036499023438,229.38345336914062,89.54290771484375,21.0555419921875,13.23240884992885,right,False,"{'safe_roi': (450, 80, 1500, 420), 'cylinder_roi': (800, 190, 1000, 300)}",ok_cylinder_inside_confirmed
2026-09-29 07:43:10,2026-09-29,11288549,12572,26,93.40721130371094,,39.61579895019531,0.8159598112106323,758.1996459960938,190.2401123046875,941.1653442382812,309.378173828125,182.9656982421875,119.1380615234375,21798.178613856435,849.6824951171875,249.80914306640625,1920,1080,928.523193359375,208.90469360351562,837.5408935546875,230.0500946044922,90.9822998046875,21.145401000976562,13.083962829606486,right,False,"{'safe_roi': (450, 80, 1500, 420), 'cylinder_roi': (800, 190, 1000, 300)}",ok_cylinder_inside_confirmed
2026-09-29 07:43:15,2026-09-29,11288626,12572,26,95.59822845458984,,40.07685852050781,0.8090854287147522,755.5784912109375,191.03004455566406,940.522705078125,308.8493347167969,184.9442138671875,117.81929016113281,21789.995997240767,848.0505981445312,249.939697265625,1920,1080,929.9214477539062,209.93943786621094,836.3882446289062,229.7020721435547,93.533203125,19.76263427734375,11.930552673188059,right,False,"{'safe_roi': (450, 80, 1500, 420), 'cylinder_roi': (800, 190, 1000, 300)}",ok_cylinder_inside_confirmed
2026-09-29 07:43:20,2026-09-29,11288705,12572,26,96.64100646972656,,41.348419189453125,0.8198381066322327,757.7198486328125,191.34996032714844,940.1348876953125,310.95281982421875,182.4150390625,119.60285949707031,21817.36028714478,848.9273681640625,251.15139770507812,1920,1080,931.12744140625,207.9330291748047,836.9500732421875,229.614990234375,94.1773681640625,21.681961059570312,12.96499416977813,right,False,"{'safe_roi': (450, 80, 1500, 420), 'cylinder_roi': (800, 190, 1000, 300)}",ok_cylinder_inside_confirmed
2026-09-29 07:43:28,2026-09-29,11288831,12572,26,95.60880279541016,,39.59681701660156,0.8091544508934021,756.0845947265625,190.1038360595703,940.3436279296875,309.3694763183594,184.259033203125,119.26564025878906,21975.771568436176,848.214111328125,249.73666381835938,1920,1080,928.8914184570312,207.81283569335938,836.1046752929688,230.87066650390625,92.7867431640625,23.057830810546875,13.955515896768416,right,False,"{'safe_roi': (450, 80, 1500, 420), 'cylinder_roi': (800, 190, 1000, 300)}",ok_cylinder_inside_confirmed
2026-09-29 07:43:47,2026-09-29,11289134,12572,26,89.1855697631836,,38.55108642578125,0.8188187479972839,765.3067626953125,187.56993103027344,937.51904296875,303.8608093261719,172.2122802734375,116.29087829589844,20026.71732633747,851.4129028320312,245.71536254882812,1920,1080,927.4009399414062,208.6090087890625,841.5557250976562,232.78884887695312,85.84521484375,24.179840087890625,15.730823348247878,right,False,"{'safe_roi': (450, 80, 1500, 420), 'cylinder_roi': (800, 190, 1000, 300)}",ok_cylinder_inside_confirmed
2026-09-29 07:45:15,2026-09-29,11290486,12572,27,96.3327865600586,,36.826019287109375,0.7590245604515076,799.5612182617188,188.1743927001953,981.8153686523438,298.12060546875,182.254150390625,109.94621276855469,20038.15359679982,890.6882934570312,243.14749145507812,1920,1080,974.943359375,212.24136352539062,879.0215454101562,221.1302032470703,95.92181396484375,8.888839721679688,5.294339547855974,right,False,"{'safe_roi': (450, 80, 1500, 420), 'cylinder_roi': (800, 190, 1000, 300)}",ok_cylinder_inside_confirmed
2026-09-29 07:45:20,2026-09-29,11290563,12572,27,97.68614196777344,,41.82469177246094,0.7759458422660828,801.340087890625,188.49032592773438,984.7626953125,296.3986511230469,183.422607421875,107.9083251953125,19792.826369851828,893.0513916015625,242.44448852539062,1920,1080,975.1094970703125,215.16363525390625,877.44189453125,217.06668090820312,97.6676025390625,1.903045654296875,1.1162625631191276,right,False,"{'safe_roi': (450, 80, 1500, 420), 'cylinder_roi': (800, 190, 1000, 300)}",ok_cylinder_inside_confirmed
2026-09-29 07:45:25,2026-09-29,11290645,12572,27,100.24983978271484,,40.3929443359375,0.7714844346046448,801.1035766601562,188.55531311035156,984.0440063476562,297.87567138671875,182.9404296875,109.32035827636719,19999.11331667006,892.5737915039062,243.21548461914062,1920,1080,975.4447021484375,214.3402099609375,875.249755859375,217.6573028564453,100.1949462890625,3.3170928955078125,1.8961638301726642,right,False,"{'safe_roi': (450, 80, 1500, 420), 'cylinder_roi': (800, 190, 1000, 300)}",ok_cylinder_inside_confirmed
2026-09-29 07:45:30,2026-09-29,11290723,12572,27,94.32025146484375,,36.67652893066406,0.7647492289543152,800.8302001953125,188.620361328125,982.5809326171875,298.718017578125,181.750732421875,110.09765625,20010.329661369324,891.70556640625,243.669189453125,1920,1080,977.5897827148438,210.213134765625,883.5582885742188,217.58798217773438,94.031494140625,7.374847412109375,4.484502006088276,right,False,"{'safe_roi': (450, 80, 1500, 420), 'cylinder_roi': (800, 190, 1000, 300)}",ok_cylinder_inside_confirmed
2026-09-29 07:45:35,2026-09-29,11290804,12572,27,96.24125671386719,,40.217559814453125,0.7823355793952942,803.0115966796875,188.43295288085938,983.61865234375,296.1045227050781,180.6070556640625,107.67156982421875,19446.245204679668,893.3151245117188,242.26873779296875,1920,1080,973.46240234375,214.06982421875,877.306884765625,218.13128662109375,96.155517578125,4.06146240234375,2.418648659252588,right,False,"{'safe_roi': (450, 80, 1500, 420), 'cylinder_roi': (800, 190, 1000, 300)}",ok_cylinder_inside_confirmed
2026-09-29 07:45:41,2026-09-29,11290896,12572,27,93.12995147705078,,38.42987060546875,0.7711327075958252,802.7918701171875,188.6345977783203,983.06591796875,296.79779052734375,180.2740478515625,108.16319274902344,19499.01658541523,892.9288940429688,242.7161865234375,1920,1080,975.5423583984375,211.58387756347656,882.63232421875,217.98025512695312,92.9100341796875,6.3963775634765625,3.9383052969478,right,False,"{'safe_roi': (450, 80, 1500, 420), 'cylinder_roi': (800, 190, 1000, 300)}",ok_cylinder_inside_confirmed
2026-09-29 07:45:46,2026-09-29,11290979,12572,27,100.07057189941406,,36.18663024902344,0.7612841725349426,803.32763671875,188.13983154296875,983.389892578125,295.7215270996094,180.062255859375,107.58169555664062,19371.40279110521,893.3587646484375,241.93067932128906,1920,1080,977.9862060546875,210.8642578125,878.2498779296875,219.03640747070312,99.736328125,8.172149658203125,4.684211199076371,right,False,"{'safe_roi': (450, 80, 1500, 420), 'cylinder_roi': (800, 190, 1000, 300)}",ok_cylinder_inside_confirmed
2026-09-29 07:45:53,2026-09-29,11291081,12572,27,91.19190979003906,,34.935089111328125,0.7739940881729126,802.5003051757812,188.2638397216797,984.7797241210938,296.0492248535156,182.2794189453125,107.78538513183594,19647.05737262778,893.6400146484375,242.15652465820312,1920,1080,977.205810546875,207.80125427246094,886.4720458984375,216.93075561523438,90.7337646484375,9.129501342773438,5.7456813371877065,right,False,"{'safe_roi': (450, 80, 1500, 420), 'cylinder_roi': (800, 190, 1000, 300)}",ok_cylinder_inside_confirmed
2026-09-29 07:45:58,2026-09-29,11291158,12572,27,93.69685363769531,,37.79771423339844,0.7742614150047302,802.98291015625,188.34561157226562,984.649658203125,297.8163146972656,181.666748046875,109.470703125,19887.186643123627,893.8162841796875,243.08096313476562,1920,1080,973.408935546875,215.93359375,879.8643798828125,221.27366638183594,93.5445556640625,5.3400726318359375,3.2672335925963547,right,False,"{'safe_roi': (450, 80, 1500, 420), 'cylinder_roi': (800, 190, 1000, 300)}",ok_cylinder_inside_confirmed
2026-09-29 07:46:07,2026-09-29,11291288,12572,27,98.27812957763672,,41.891021728515625,0.776903510093689,803.2755126953125,187.8961181640625,985.6875,296.39410400390625,182.4119873046875,108.49798583984375,19791.333215601742,894.4815063476562,242.14511108398438,1920,1080,975.0646362304688,214.50747680664062,876.8718872070312,218.603271484375,98.1927490234375,4.095794677734375,2.388524543311423,right,False,"{'safe_roi': (450, 80, 1500, 420), 'cylinder_roi': (800, 190, 1000, 300)}",ok_cylinder_inside_confirmed
2026-09-29 07:46:12,2026-09-29,11291369,12572,27,101.8885498046875,,42.86663818359375,0.7735100388526917,803.3902587890625,187.94200134277344,984.9766845703125,296.6649475097656,181.58642578125,108.72294616699219,19742.611194871366,894.1834716796875,242.303466796875,1920,1080,975.6561889648438,212.516357421875,873.9393310546875,218.42880249023438,101.71685791015625,5.912445068359375,3.3266599846434914,right,False,"{'safe_roi': (450, 80, 1500, 420), 'cylinder_roi': (800, 190, 1000, 300)}",ok_cylinder_inside_confirmed
2026-09-29 07:46:17,2026-09-29,11291446,12572,27,98.78060913085938,,38.133026123046875,0.7702327966690063,803.52099609375,187.8282012939453,985.2435302734375,296.50677490234375,181.7225341796875,108.67857360839844,19749.34580715187,894.3822631835938,242.16748046875,1920,1080,978.2396240234375,210.9453582763672,879.8154907226562,219.32977294921875,98.42413330078125,8.384414672851562,4.869075949795218,right,False,"{'safe_roi': (450, 80, 1500, 420), 'cylinder_roi': (800, 190, 1000, 300)}",ok_cylinder_inside_confirmed
2026-09-29 07:46:22,2026-09-29,11291529,12572,27,99.67157745361328,,33.99114990234375,0.7642298340797424,802.8297119140625,188.1689453125,986.05419921875,296.0799560546875,183.2244873046875,107.9110107421875,19771.93961776793,894.4419555664062,242.12445068359375,1920,1080,978.4534912109375,209.74534606933594,879.4669189453125,221.41078186035156,98.986572265625,11.665435791015625,6.721230255179996,right,False,"{'safe_roi': (450, 80, 1500, 420), 'cylinder_roi': (800, 190, 1000, 300)}",ok_cylinder_inside_confirmed
2026-09-29 07:46:27,2026-09-29,11291610,12572,27,95.78086853027344,,39.2066650390625,0.7670482397079468,801.6812133789062,187.99923706054688,984.9337768554688,297.60968017578125,183.2525634765625,109.61044311523438,20086.39468466863,893.3074951171875,242.80445861816406,1920,1080,973.2889404296875,215.97108459472656,877.7053833007812,222.1158447265625,95.58355712890625,6.1447601318359375,3.6783001423525628,right,False,"{'safe_roi': (450, 80, 1500, 420), 'cylinder_roi': (800, 190, 1000, 300)}",ok_cylinder_inside_confirmed
2026-09-29 07:54:37,2026-09-29,11299267,12572,28,96.82887268066406,,36.3316650390625,0.8086053133010864,837.5655517578125,189.53506469726562,1020.6361083984375,294.1946105957031,183.070556640625,104.6595458984375,19160.081325381994,929.100830078125,241.86483764648438,1920,1080,851.2615966796875,216.84906005859375,947.7935791015625,224.42578125,96.531982421875,7.57672119140625,4.487900845245228,left,False,"{'safe_roi': (450, 80, 1500, 420), 'cylinder_roi': (800, 190, 1000, 300)}",ok_cylinder_inside_confirmed
2026-09-29 07:54:42,2026-09-29,11299347,12572,28,95.78546142578125,,37.53076171875,0.8165524005889893,837.0452270507812,188.54263305664062,1019.9115600585938,293.7951965332031,182.8663330078125,105.2525634765625,19247.150322631,928.4783935546875,241.16891479492188,1920,1080,848.3203735351562,218.81455993652344,943.9137573242188,224.87750244140625,95.5933837890625,6.0629425048828125,3.629083184456907,left,False,"{'safe_roi': (450, 80, 1500, 420), 'cylinder_roi': (800, 190, 1000, 300)}",ok_cylinder_inside_confirmed
2026-09-29 07:54:47,2026-09-29,11299425,12572,28,95.16641235351562,,36.88525390625,0.8145313262939453,834.9030151367188,188.82199096679688,1019.5619506835938,294.9346923828125,184.658935546875,106.11270141601562,19594.65849148482,927.2324829101562,241.8783416748047,1920,1080,850.747314453125,217.11419677734375,945.6187133789062,224.601806640625,94.87139892578125,7.48760986328125,4.512645577738169,left,False,"{'safe_roi': (450, 80, 1500, 420), 'cylinder_roi': (800, 190, 1000, 300)}",ok_cylinder_inside_confirmed
2026-09-29 07:55:02,2026-09-29,11299668,12572,28,94.06815338134766,,38.50697326660156,0.7970483899116516,837.2131958007812,189.85716247558594,1023.5383911132812,294.73388671875,186.3251953125,104.87672424316406,19541.176128342748,930.3757934570312,242.2955322265625,1920,1080,853.4000244140625,215.47769165039062,947.1513671875,223.19149780273438,93.7513427734375,7.71380615234375,4.703668169686473,left,False,"{'safe_roi': (450, 80, 1500, 420), 'cylinder_roi': (800, 190, 1000, 300)}",ok_cylinder_inside_confirmed
2026-09-29 07:55:07,2026-09-29,11299743,12572,28,96.64334869384766,,38.83116149902344,0.7958802580833435,834.6763305664062,189.4555206298828,1023.1729125976562,294.00408935546875,188.49658203125,104.54856872558594,19707.047861032188,928.9246215820312,241.72979736328125,1920,1080,852.4752807617188,215.6216278076172,948.72802734375,224.30181884765625,96.25274658203125,8.680191040039062,5.153064650753957,left,False,"{'safe_roi': (450, 80, 1500, 420), 'cylinder_roi': (800, 190, 1000, 300)}",ok_cylinder_inside_confirmed
2026-09-29 07:55:14,2026-09-29,11299849,12572,28,92.26390075683594,,35.43983459472656,0.7999528646469116,835.0086669921875,190.51483154296875,1018.1705322265625,295.5910339355469,183.161865234375,105.07620239257812,19245.953221969306,926.589599609375,243.0529327392578,1920,1080,854.987060546875,214.05825805664062,946.7271728515625,223.87551879882812,91.7401123046875,9.8172607421875,6.108071138373655,left,False,"{'safe_roi': (450, 80, 1500, 420), 'cylinder_roi': (800, 190, 1000, 300)}",ok_cylinder_inside_confirmed
2026-09-29 07:55:22,2026-09-29,11299973,12572,28,94.09466552734375,,36.80108642578125,0.7992777824401855,839.63916015625,190.57046508789062,1018.50146484375,296.26873779296875,178.8623046875,105.69827270507812,18905.43665751815,929.0703125,243.4196014404297,1920,1080,856.51123046875,214.49658203125,949.9293212890625,225.76010131835938,93.4180908203125,11.263519287109375,6.875026725327018,left,False,"{'safe_roi': (450, 80, 1500, 420), 'cylinder_roi': (800, 190, 1000, 300)}",ok_cylinder_inside_confirmed
2026-09-29 07:55:28,2026-09-29,11300064,12572,28,100.50041198730469,,36.541015625,0.7893949151039124,840.6883544921875,188.82542419433594,1025.695068359375,294.9002685546875,185.0067138671875,106.07484436035156,19624.55837908201,933.1917114257812,241.86285400390625,1920,1080,849.460693359375,214.29537963867188,949.4906005859375,224.0087890625,100.0299072265625,9.713409423828125,5.54632050635256,left,False,"{'safe_roi': (450, 80, 1500, 420), 'cylinder_roi': (800, 190, 1000, 300)}",ok_cylinder_inside_confirmed
2026-09-29 07:55:33,2026-09-29,11300144,12572,28,93.49271392822266,,36.86883544921875,0.8147605061531067,840.2095947265625,188.96994018554688,1025.0482177734375,295.7171630859375,184.838623046875,106.74722290039062,19731.009694986045,932.62890625,242.3435516357422,1920,1080,854.880859375,215.15493774414062,947.75634765625,225.8801727294922,92.87548828125,10.725234985351562,6.587321854856204,left,False,"{'safe_roi': (450, 80, 1500, 420), 'cylinder_roi': (800, 190, 1000, 300)}",ok_cylinder_inside_confirmed
2026-09-29 07:55:47,2026-09-29,11300354,12572,28,93.07585144042969,,38.85713195800781,0.8223541975021362,843.02978515625,188.2270965576172,1026.31689453125,298.2262268066406,183.287109375,109.99913024902344,20161.42261710763,934.67333984375,243.22665405273438,1920,1080,856.9761352539062,219.04934692382812,949.6385498046875,227.81240844726562,92.66241455078125,8.7630615234375,5.4023805800172715,left,False,"{'safe_roi': (450, 80, 1500, 420), 'cylinder_roi': (800, 190, 1000, 300)}",ok_cylinder_inside_confirmed
2026-09-29 07:55:52,2026-09-29,11300429,12572,28,94.7319107055664,,38.488922119140625,0.8157328963279724,837.886962890625,188.27503967285156,1022.96142578125,296.6552734375,185.074462890625,108.38023376464844,20058.41355195269,930.4241943359375,242.46514892578125,1920,1080,854.42578125,218.08055114746094,948.69873046875,227.39431762695312,94.27294921875,9.313766479492188,5.642269587484311,left,False,"{'safe_roi': (450, 80, 1500, 420), 'cylinder_roi': (800, 190, 1000, 300)}",ok_cylinder_inside_confirmed
2026-09-29 07:55:57,2026-09-29,11300509,12572,28,95.0867691040039,,38.724212646484375,0.8173496127128601,838.454345703125,188.65087890625,1025.71826171875,296.4742431640625,187.263916015625,107.8233642578125,20191.425428897142,932.0863037109375,242.56256103515625,1920,1080,854.378662109375,218.12864685058594,948.9898681640625,227.62673950195312,94.6112060546875,9.498092651367188,5.732760567148212,left,False,"{'safe_roi': (450, 80, 1500, 420), 'cylinder_roi': (800, 190, 1000, 300)}",ok_cylinder_inside_confirmed
2026-09-29 07:56:02,2026-09-29,11300588,12572,28,95.59626770019531,,38.49798583984375,0.8295186161994934,839.7521362304688,188.8628692626953,1024.5325927734375,296.1535339355469,184.78045654296875,107.29066467285156,19825.21800104808,932.142333984375,242.50820922851562,1920,1080,854.253662109375,216.33734130859375,949.42041015625,225.38925170898438,95.166748046875,9.051910400390625,5.43341718626476,left,False,"{'safe_roi': (450, 80, 1500, 420), 'cylinder_roi': (800, 190, 1000, 300)}",ok_cylinder_inside_confirmed
2026-09-29 07:56:07,2026-09-29,11300665,12572,28,96.28314971923828,,38.18302917480469,0.8270533680915833,839.6354370117188,189.24932861328125,1025.3291015625,296.9385681152344,185.69366455078125,107.68923950195312,19997.209515804425,932.4822998046875,243.0939483642578,1920,1080,854.0396728515625,216.62632751464844,949.851806640625,226.13845825195312,95.8121337890625,9.512130737304688,5.669687740391932,left,False,"{'safe_roi': (450, 80, 1500, 420), 'cylinder_roi': (800, 190, 1000, 300)}",ok_cylinder_inside_confirmed
2026-09-29 07:56:12,2026-09-29,11300742,12572,28,94.58673095703125,,38.718414306640625,0.8221064209938049,839.8362426757812,189.0392608642578,1025.6571044921875,296.22723388671875,185.82086181640625,107.18797302246094,19917.761523387395,932.7467041015625,242.63323974609375,1920,1080,854.3281860351562,215.94276428222656,948.4307861328125,225.5005340576172,94.10260009765625,9.557769775390625,5.799503557426615,left,False,"{'safe_roi': (450, 80, 1500, 420), 'cylinder_roi': (800, 190, 1000, 300)}",ok_cylinder_inside_confirmed
2026-09-29 07:56:19,2026-09-29,11300848,12572,28,96.81559753417969,,39.28898620605469,0.8155312538146973,836.8196411132812,188.41197204589844,1022.3411254882812,296.9757385253906,185.521484375,108.56376647949219,20140.91110661626,929.5803833007812,242.69384765625,1920,1080,851.14013671875,215.13308715820312,947.3494262695312,225.95126342773438,96.20928955078125,10.81817626953125,6.415629371756043,left,False,"{'safe_roi': (450, 80, 1500, 420), 'cylinder_roi': (800, 190, 1000, 300)}",ok_cylinder_inside_confirmed
2026-09-29 07:56:24,2026-09-29,11300928,12572,28,95.13096618652344,,38.470245361328125,0.8229562044143677,835.9773559570312,188.48989868164062,1022.8567504882812,297.14349365234375,186.87939453125,108.65359497070312,20305.11804176867,929.4170532226562,242.8166961669922,1920,1080,852.37646484375,214.69384765625,946.815185546875,226.14938354492188,94.438720703125,11.455535888671875,6.916260434840211,left,False,"{'safe_roi': (450, 80, 1500, 420), 'cylinder_roi': (800, 190, 1000, 300)}",ok_cylinder_inside_confirmed
2026-09-29 07:56:32,2026-09-29,11301060,12572,28,92.10919189453125,,37.93902587890625,0.7970642447471619,837.012451171875,188.68902587890625,1019.9520263671875,296.9599609375,182.9395751953125,108.27093505859375,19807.038865618408,928.4822387695312,242.82449340820312,1920,1080,853.5945434570312,214.4735107421875,945.0491333007812,225.43531799316406,91.45458984375,10.961807250976562,6.834902867806851,left,False,"{'safe_roi': (450, 80, 1500, 420), 'cylinder_roi': (800, 190, 1000, 300)}",ok_cylinder_inside_confirmed
2026-09-29 07:56:38,2026-09-29,11301148,12572,28,91.7205810546875,,35.668426513671875,0.8072295188903809,836.818359375,189.93035888671875,1018.5986328125,295.4948425292969,181.7802734375,105.56448364257812,19189.540701836348,927.70849609375,242.7126007080078,1920,1080,854.928955078125,213.94833374023438,945.7971801757812,226.42352294921875,90.86822509765625,12.475189208984375,7.817199609277362,left,False,"{'safe_roi': (450, 80, 1500, 420), 'cylinder_roi': (800, 190, 1000, 300)}",ok_cylinder_inside_confirmed
2026-09-29 07:56:46,2026-09-29,11301276,12572,28,88.43082427978516,,34.155792236328125,0.8020995259284973,837.2249145507812,190.52731323242188,1012.4657592773438,295.7107849121094,175.2408447265625,105.1834716796875,18432.4404284209,924.8453369140625,243.11904907226562,1920,1080,857.0692138671875,213.67697143554688,944.712646484375,225.45150756835938,87.6434326171875,11.7745361328125,7.651638401357184,left,False,"{'safe_roi': (450, 80, 1500, 420), 'cylinder_roi': (800, 190, 1000, 300)}",ok_cylinder_inside_confirmed
2026-09-29 07:56:53,2026-09-29,11301384,12572,28,101.14275360107422,,36.066741943359375,0.793993353843689,842.8013916015625,190.6181182861328,1019.828369140625,296.27789306640625,177.0269775390625,105.65977478027344,18704.63057680987,931.3148803710938,243.447998046875,1920,1080,847.637451171875,214.04953002929688,948.3558959960938,223.30435180664062,100.71844482421875,9.25482177734375,5.250054608532662,left,False,"{'safe_roi': (450, 80, 1500, 420), 'cylinder_roi': (800, 190, 1000, 300)}",ok_cylinder_inside_confirmed
2026-09-29 07:56:58,2026-09-29,11301465,12572,28,93.02175903320312,,37.77024841308594,0.8098092675209045,844.2069091796875,188.5300750732422,1024.9779052734375,298.85052490234375,180.77099609375,110.32044982910156,19942.73760511726,934.5924072265625,243.6903076171875,1920,1080,856.01513671875,216.61447143554688,948.5790405273438,225.83245849609375,92.56390380859375,9.217987060546875,5.687056404178524,left,False,"{'safe_roi': (450, 80, 1500, 420), 'cylinder_roi': (800, 190, 1000, 300)}",ok_cylinder_inside_confirmed
2026-09-29 07:57:03,2026-09-29,11301546,12572,28,95.24398040771484,,37.75202941894531,0.8118252158164978,839.8912353515625,189.2800750732422,1024.550048828125,296.01959228515625,184.6588134765625,106.73951721191406,19710.39259941317,932.2206420898438,242.64984130859375,1920,1080,854.88525390625,216.75869750976562,949.682373046875,225.9739990234375,94.797119140625,9.215301513671875,5.552321352638467,left,False,"{'safe_roi': (450, 80, 1500, 420), 'cylinder_roi': (800, 190, 1000, 300)}",ok_cylinder_inside_confirmed
2026-09-29 07:57:08,2026-09-29,11301624,12572,28,98.2296142578125,,38.03669738769531,0.8097195029258728,840.6162109375,188.75546264648438,1024.154296875,297.7547607421875,183.5380859375,108.99929809570312,20005.52254101634,932.38525390625,243.25511169433594,1920,1080,853.4535522460938,216.95260620117188,951.1781616210938,226.900390625,97.724609375,9.947784423828125,5.812349089161726,left,False,"{'safe_roi': (450, 80, 1500, 420), 'cylinder_roi': (800, 190, 1000, 300)}",ok_cylinder_inside_confirmed
2026-09-29 07:57:13,2026-09-29,11301702,12572,28,99.19672393798828,,38.35591125488281,0.8115031123161316,839.8890991210938,188.963134765625,1025.2347412109375,297.5323181152344,185.34564208984375,108.56918334960938,20122.824999103323,932.5618896484375,243.2477264404297,1920,1080,853.5908203125,216.99632263183594,952.2113647460938,227.67239379882812,98.62054443359375,10.676071166992188,6.178438968985866,left,False,"{'safe_roi': (450, 80, 1500, 420), 'cylinder_roi': (800, 190, 1000, 300)}",ok_cylinder_inside_confirmed
2026-09-29 07:57:19,2026-09-29,11301780,12572,28,100.1814193725586,,38.632568359375,0.8158592581748962,842.3057861328125,188.55555725097656,1024.091796875,298.77825927734375,181.7860107421875,110.22270202636719,20036.945294598117,933.1987915039062,243.66690063476562,1920,1080,852.5139770507812,217.33950805664062,952.1536254882812,227.7442169189453,99.6396484375,10.404708862304688,5.9614133686025355,left,False,"{'safe_roi': (450, 80, 1500, 420), 'cylinder_roi': (800, 190, 1000, 300)}",ok_cylinder_inside_confirmed
2026-09-29 07:57:24,2026-09-29,11301858,12572,28,97.82682037353516,,38.16865539550781,0.8112895488739014,841.6145629882812,188.4048309326172,1023.8480834960938,298.28076171875,182.2335205078125,109.87593078613281,20023.07768622972,932.7313232421875,243.34280395507812,1920,1080,853.680419921875,217.82525634765625,951.0864868164062,226.888671875,97.40606689453125,9.06341552734375,5.31593713734888,left,False,"{'safe_roi': (450, 80, 1500, 420), 'cylinder_roi': (800, 190, 1000, 300)}",ok_cylinder_inside_confirmed
2026-09-29 07:57:29,2026-09-29,11301937,12572,28,94.90098571777344,,38.045074462890625,0.8186051249504089,842.5581665039062,188.89891052246094,1024.927001953125,298.8933410644531,182.36883544921875,109.99443054199219,20059.556203843094,933.7425537109375,243.8961181640625,1920,1080,854.2354736328125,216.67117309570312,948.6502685546875,226.26510620117188,94.414794921875,9.59393310546875,5.802179145567196,left,False,"{'safe_roi': (450, 80, 1500, 420), 'cylinder_roi': (800, 190, 1000, 300)}",ok_cylinder_inside_confirmed
2026-09-29 07:57:34,2026-09-29,11302029,12572,28,95.8795394897461,,38.710357666015625,0.8124480843544006,841.26123046875,188.15480041503906,1025.303955078125,298.524169921875,184.042724609375,110.36936950683594,20312.679477456957,933.2825927734375,243.3394775390625,1920,1080,855.2551879882812,217.86618041992188,950.8282470703125,225.52621459960938,95.57305908203125,7.6600341796875,4.582373601611075,left,False,"{'safe_roi': (450, 80, 1500, 420), 'cylinder_roi': (800, 190, 1000, 300)}",ok_cylinder_inside_confirmed
2026-09-29 07:57:39,2026-09-29,11302113,12572,28,93.97918701171875,,37.67167663574219,0.8177955150604248,839.4739990234375,188.09002685546875,1024.1541748046875,296.8126525878906,184.68017578125,108.72262573242188,20078.913631662726,931.8140869140625,242.4513397216797,1920,1080,855.2487182617188,218.41258239746094,948.8939208984375,226.32864379882812,93.64520263671875,7.9160614013671875,4.83186720684178,left,False,"{'safe_roi': (450, 80, 1500, 420), 'cylinder_roi': (800, 190, 1000, 300)}",ok_cylinder_inside_confirmed
2026-09-29 07:57:44,2026-09-29,11302191,12572,28,97.35821533203125,,37.88722229003906,0.8146292567253113,842.1441040039062,188.2816925048828,1022.8933715820312,298.06195068359375,180.749267578125,109.78025817871094,19842.70126033947,932.5187377929688,243.17181396484375,1920,1080,853.1550903320312,218.45669555664062,950.1446533203125,226.92117309570312,96.98956298828125,8.4644775390625,4.987682738797751,left,False,"{'safe_roi': (450, 80, 1500, 420), 'cylinder_roi': (800, 190, 1000, 300)}",ok_cylinder_inside_confirmed
2026-09-29 07:57:49,2026-09-29,11302268,12572,28,94.33381652832031,,37.87910461425781,0.8192057609558105,841.8516845703125,187.9017333984375,1025.119384765625,298.9302062988281,183.2677001953125,111.02847290039062,20347.932884652168,933.4855346679688,243.4159698486328,1920,1080,854.9849853515625,218.45449829101562,948.916748046875,227.15469360351562,93.9317626953125,8.7001953125,5.291780579051561,left,False,"{'safe_roi': (450, 80, 1500, 420), 'cylinder_roi': (800, 190, 1000, 300)}",ok_cylinder_inside_confirmed
2026-09-29 07:57:55,2026-09-29,11302346,12572,28,95.01419067382812,,38.69706726074219,0.8224952220916748,843.10595703125,188.846435546875,1024.4625244140625,299.6640625,181.3565673828125,110.817626953125,20097.504429727793,933.7842407226562,244.2552490234375,1920,1080,854.0220947265625,217.8818817138672,948.6514892578125,226.42437744140625,94.62939453125,8.542495727539062,5.158290093547432,left,False,"{'safe_roi': (450, 80, 1500, 420), 'cylinder_roi': (800, 190, 1000, 300)}",ok_cylinder_inside_confirmed
2026-09-29 07:58:00,2026-09-29,11302422,12572,28,94.34159088134766,,38.888916015625,0.8186076879501343,843.0189208984375,188.4154052734375,1025.2835693359375,298.47174072265625,182.2646484375,110.05633544921875,20059.379288971424,934.1512451171875,243.44357299804688,1920,1080,855.1346435546875,218.18377685546875,949.13818359375,226.16317749023438,94.0035400390625,7.979400634765625,4.851866725753972,left,False,"{'safe_roi': (450, 80, 1500, 420), 'cylinder_roi': (800, 190, 1000, 300)}",ok_cylinder_inside_confirmed
2026-09-29 07:58:05,2026-09-29,11302503,12572,28,94.3987808227539,,38.12913513183594,0.8245314359664917,841.8758544921875,188.29220581054688,1024.251953125,297.92755126953125,182.3760986328125,109.63534545898438,19994.866577070206,933.0639038085938,243.10987854003906,1920,1080,855.1044921875,217.3914794921875,949.197998046875,224.97714233398438,94.093505859375,7.585662841796875,4.609122858262141,left,False,"{'safe_roi': (450, 80, 1500, 420), 'cylinder_roi': (800, 190, 1000, 300)}",ok_cylinder_inside_confirmed
2026-09-29 07:58:10,2026-09-29,11302581,12572,28,94.72703552246094,,37.77775573730469,0.8132602572441101,842.8269653320312,188.3062744140625,1024.383544921875,297.7937927246094,181.55657958984375,109.48751831054688,19878.17933224328,933.605224609375,243.05003356933594,1920,1080,854.18701171875,217.46234130859375,948.5107421875,226.1942138671875,94.32373046875,8.73187255859375,5.28899338296919,left,False,"{'safe_roi': (450, 80, 1500, 420), 'cylinder_roi': (800, 190, 1000, 300)}",ok_cylinder_inside_confirmed
2026-09-29 07:58:15,2026-09-29,11302662,12572,28,94.78502655029297,,37.84111022949219,0.8226516842842102,842.5841674804688,188.43331909179688,1027.2525634765625,300.1198425292969,184.66839599609375,111.6865234375,20624.971137583256,934.9183349609375,244.27658081054688,1920,1080,854.797607421875,217.86788940429688,949.21728515625,226.18211364746094,94.419677734375,8.314224243164062,5.032260545010364,left,False,"{'safe_roi': (450, 80, 1500, 420), 'cylinder_roi': (800, 190, 1000, 300)}",ok_cylinder_inside_confirmed
2026-09-29 07:58:20,2026-09-29,11302738,12572,28,95.84732055664062,,37.92799377441406,0.8198414444923401,841.5836181640625,188.29843139648438,1022.436767578125,300.02435302734375,180.8531494140625,111.72592163085938,20205.984798129648,932.0101928710938,244.16139221191406,1920,1080,854.6378784179688,218.925048828125,950.1146850585938,227.34457397460938,95.476806640625,8.419525146484375,5.039533888776285,left,False,"{'safe_roi': (450, 80, 1500, 420), 'cylinder_roi': (800, 190, 1000, 300)}",ok_cylinder_inside_confirmed
2026-09-29 07:58:25,2026-09-29,11302818,12572,28,93.33709716796875,,36.81797790527344,0.8210330605506897,842.928955078125,188.24232482910156,1022.8740234375,298.78057861328125,179.945068359375,110.53825378417969,19890.813633520156,932.9014892578125,243.51144409179688,1920,1080,855.1890869140625,219.6702880859375,948.2005615234375,227.46002197265625,93.011474609375,7.78973388671875,4.787363471373948,left,False,"{'safe_roi': (450, 80, 1500, 420), 'cylinder_roi': (800, 190, 1000, 300)}",ok_cylinder_inside_confirmed
2026-09-29 07:58:30,2026-09-29,11302897,12572,28,96.07341003417969,,38.0078125,0.8253437876701355,842.0469360351562,188.1724853515625,1023.7918090820312,299.4212951660156,181.744873046875,111.24880981445312,20218.900816343725,932.9193725585938,243.79689025878906,1920,1080,854.4649047851562,218.4913330078125,950.1287841796875,227.35264587402344,95.66387939453125,8.861312866210938,5.292187095438482,left,False,"{'safe_roi': (450, 80, 1500, 420), 'cylinder_roi': (800, 190, 1000, 300)}",ok_cylinder_inside_confirmed
2026-09-29 07:58:35,2026-09-29,11302973,12572,28,93.93893432617188,,38.373291015625,0.8234013319015503,839.1219482421875,188.0020751953125,1024.59423828125,299.42193603515625,185.4722900390625,111.41986083984375,20665.296745799482,931.8580932617188,243.71200561523438,1920,1080,854.183349609375,218.23231506347656,947.7904052734375,226.1217498779297,93.6070556640625,7.889434814453125,4.817644492686336,left,False,"{'safe_roi': (450, 80, 1500, 420), 'cylinder_roi': (800, 190, 1000, 300)}",ok_cylinder_inside_confirmed
2026-09-29 07:58:40,2026-09-29,11303049,12572,28,96.53716278076172,,37.62422180175781,0.8199368119239807,840.4639892578125,187.72149658203125,1024.157470703125,299.2481994628906,183.6934814453125,111.52670288085938,20486.72832630202,932.3107299804688,243.48484802246094,1920,1080,854.484619140625,218.4686279296875,950.485107421875,228.63375854492188,96.00048828125,10.165130615234375,6.044312330082358,left,False,"{'safe_roi': (450, 80, 1500, 420), 'cylinder_roi': (800, 190, 1000, 300)}",ok_cylinder_inside_confirmed
2026-09-29 07:58:45,2026-09-29,11303132,12572,28,95.31991577148438,,38.320648193359375,0.820247232913971,840.1809692382812,187.62322998046875,1025.51416015625,299.270751953125,185.33319091796875,111.64752197265625,20691.99150527641,932.8475341796875,243.44699096679688,1920,1080,855.4601440429688,218.88583374023438,950.3538818359375,227.889404296875,94.89373779296875,9.003570556640625,5.420029969063307,left,False,"{'safe_roi': (450, 80, 1500, 420), 'cylinder_roi': (800, 190, 1000, 300)}",ok_cylinder_inside_confirmed
2026-09-29 07:58:50,2026-09-29,11303206,12572,28,96.04507446289062,,37.99510192871094,0.8228567838668823,839.68212890625,188.0579376220703,1025.2479248046875,299.432373046875,185.5657958984375,111.37443542480469,20667.285752343014,932.4650268554688,243.74514770507812,1920,1080,854.47119140625,217.44586181640625,950.07080078125,226.68548583984375,95.599609375,9.2396240234375,5.520443876788508,left,False,"{'safe_roi': (450, 80, 1500, 420), 'cylinder_roi': (800, 190, 1000, 300)}",ok_cylinder_inside_confirmed
2026-09-29 07:58:55,2026-09-29,11303284,12572,28,95.24922943115234,,38.32859802246094,0.8251545429229736,838.8082275390625,188.537841796875,1024.990234375,299.18096923828125,186.1820068359375,110.64312744140625,20599.759509645402,931.8992309570312,243.85940551757812,1920,1080,854.1260986328125,217.35574340820312,948.9120483398438,226.73866271972656,94.78594970703125,9.382919311523438,5.653326456104212,left,False,"{'safe_roi': (450, 80, 1500, 420), 'cylinder_roi': (800, 190, 1000, 300)}",ok_cylinder_inside_confirmed
2026-09-29 07:59:00,2026-09-29,11303361,12572,28,93.69047546386719,,38.48243713378906,0.8174489736557007,840.850341796875,188.60267639160156,1024.97900390625,298.6956481933594,184.128662109375,110.09297180175781,20271.271605502814,932.9146728515625,243.649169921875,1920,1080,855.3203125,216.76283264160156,948.4320678710938,227.1602783203125,93.11175537109375,10.397445678710938,6.371612167339846,left,False,"{'safe_roi': (450, 80, 1500, 420), 'cylinder_roi': (800, 190, 1000, 300)}",ok_cylinder_inside_confirmed
2026-09-29 07:59:05,2026-09-29,11303440,12572,28,92.71311950683594,,36.47210693359375,0.8095813989639282,837.8904418945312,188.90338134765625,1021.2786254882812,296.3811950683594,183.38818359375,107.47781372070312,19710.161034867167,929.5845336914062,242.6422882080078,1920,1080,857.09814453125,215.67462158203125,949.0707397460938,227.36923217773438,91.97259521484375,11.694610595703125,7.246455759777649,left,False,"{'safe_roi': (450, 80, 1500, 420), 'cylinder_roi': (800, 190, 1000, 300)}",ok_cylinder_inside_confirmed
2026-09-29 07:59:24,2026-09-29,11303730,12572,28,92.4954833984375,,38.43634033203125,0.8092454671859741,840.6015014648438,188.7152862548828,1024.9923095703125,299.03070068359375,184.39080810546875,110.31541442871094,20341.148412999697,932.796875,243.87298583984375,1920,1080,856.2738037109375,218.14962768554688,948.4290771484375,226.07553100585938,92.1552734375,7.9259033203125,4.915682207921275,left,False,"{'safe_roi': (450, 80, 1500, 420), 'cylinder_roi': (800, 190, 1000, 300)}",ok_cylinder_inside_confirmed
2026-09-29 07:59:51,2026-09-29,11304153,12572,29,93.72679138183594,,34.16523742675781,0.7870435118675232,838.3849487304688,190.70388793945312,1017.2817993164062,295.7650451660156,178.8968505859375,105.0611572265625,18795.11014674604,927.8333740234375,243.23446655273438,1920,1080,856.5850830078125,214.8255615234375,949.70703125,225.45639038085938,93.1219482421875,10.630828857421875,6.51270816681394,left,False,"{'safe_roi': (450, 80, 1500, 420), 'cylinder_roi': (800, 190, 1000, 300)}",ok_cylinder_inside_confirmed
2026-09-29 07:59:56,2026-09-29,11304231,12572,29,89.88168334960938,,37.563262939453125,0.7963895797729492,842.94189453125,189.9455108642578,1016.86181640625,297.87457275390625,173.919921875,107.92906188964844,18771.014011889696,929.90185546875,243.9100341796875,1920,1080,855.7191772460938,215.2705078125,945.262939453125,223.05715942382812,89.54376220703125,7.786651611328125,4.96989155921733,left,False,"{'safe_roi': (450, 80, 1500, 420), 'cylinder_roi': (800, 190, 1000, 300)}",ok_cylinder_inside_confirmed
2026-09-29 08:00:01,2026-09-29,11304312,12572,29,98.00800323486328,,34.45623779296875,0.7832965850830078,843.49365234375,188.8471221923828,1026.984619140625,298.0440673828125,183.490966796875,109.19694519042969,20036.653044257313,935.2391357421875,243.44558715820312,1920,1080,852.361572265625,218.43797302246094,950.3443603515625,220.66114807128906,97.9827880859375,2.223175048828125,1.299786401595083,left,False,"{'safe_roi': (450, 80, 1500, 420), 'cylinder_roi': (800, 190, 1000, 300)}",ok_cylinder_inside_confirmed
2026-09-29 08:00:32,2026-09-29,11304789,12572,30,96.242431640625,,33.26527404785156,0.8029771447181702,839.9266357421875,188.70693969726562,1023.4322509765625,299.7378845214844,183.505615234375,111.03094482421875,20374.801840022206,931.679443359375,244.222412109375,1920,1080,855.348876953125,220.89077758789062,951.5655517578125,223.11724853515625,96.2166748046875,2.226470947265625,1.3255979449275819,left,False,"{'safe_roi': (450, 80, 1500, 420), 'cylinder_roi': (800, 190, 1000, 300)}",ok_cylinder_inside_confirmed
2026-09-29 08:00:37,2026-09-29,11304868,12572,30,90.29104614257812,,35.42408752441406,0.7956227660179138,848.7968139648438,188.49156188964844,1029.10986328125,300.93255615234375,180.31304931640625,112.44099426269531,20274.578543675132,938.953369140625,244.71206665039062,1920,1080,861.4315795898438,221.2373046875,951.7213745117188,221.71261596679688,90.289794921875,0.475311279296875,0.3016185684847219,left,False,"{'safe_roi': (450, 80, 1500, 420), 'cylinder_roi': (800, 190, 1000, 300)}",ok_cylinder_inside_confirmed
2026-09-29 08:03:33,2026-09-29,11307639,12572,31,101.29780578613281,,31.203659057617188,0.7868788242340088,793.9833984375,189.30099487304688,982.4149169921875,299.0450744628906,188.4315185546875,109.74407958984375,20679.243569500744,888.1991577148438,244.17303466796875,1920,1080,978.26611328125,203.40676879882812,878.5289306640625,221.11947631835938,99.7371826171875,17.71270751953125,10.070380716271712,right,False,"{'safe_roi': (450, 80, 1500, 420), 'cylinder_roi': (800, 190, 1000, 300)}",ok_cylinder_inside_confirmed
2026-09-29 08:03:38,2026-09-29,11307718,12572,31,96.27680206298828,,33.130584716796875,0.7811211943626404,791.9749755859375,189.11587524414062,984.0,296.9691467285156,192.0250244140625,107.853271484375,20710.52708992362,887.9874877929688,243.04251098632812,1920,1080,970.8790283203125,206.1809844970703,875.6531982421875,220.36773681640625,95.225830078125,14.186752319335938,8.473606182982914,right,False,"{'safe_roi': (450, 80, 1500, 420), 'cylinder_roi': (800, 190, 1000, 300)}",ok_cylinder_inside_confirmed
2026-09-29 08:03:46,2026-09-29,11307832,12572,31,96.5439682006836,,31.572219848632812,0.7637261748313904,793.9605712890625,188.83432006835938,982.79150390625,296.63616943359375,188.8309326171875,107.80184936523438,20356.32375349477,888.3760375976562,242.73524475097656,1920,1080,975.9571533203125,203.34552001953125,881.1038208007812,221.33395385742188,94.85333251953125,17.988433837890625,10.73831910196247,right,False,"{'safe_roi': (450, 80, 1500, 420), 'cylinder_roi': (800, 190, 1000, 300)}",ok_cylinder_inside_confirmed
2026-09-29 08:04:08,2026-09-29,11308173,12572,31,97.67496490478516,,39.278839111328125,0.7554839253425598,796.8153076171875,188.9186248779297,981.0650634765625,296.10943603515625,184.249755859375,107.19081115722656,19749.880786087364,888.940185546875,242.5140380859375,1920,1080,972.0726318359375,212.23300170898438,874.6724243164062,219.5540771484375,97.40020751953125,7.321075439453125,4.298547609204917,right,False,"{'safe_roi': (450, 80, 1500, 420), 'cylinder_roi': (800, 190, 1000, 300)}",ok_cylinder_inside_confirmed
2026-09-29 08:04:14,2026-09-29,11308274,12572,31,95.4359130859375,,40.19737243652344,0.7526549100875854,798.1686401367188,188.877197265625,981.0492553710938,294.46612548828125,182.880615234375,105.58892822265625,19310.168155297637,889.6089477539062,241.67166137695312,1920,1080,968.390869140625,214.4713134765625,873.1280517578125,220.21665954589844,95.2628173828125,5.7453460693359375,3.4513553113423274,right,False,"{'safe_roi': (450, 80, 1500, 420), 'cylinder_roi': (800, 190, 1000, 300)}",ok_cylinder_inside_confirmed
2026-09-29 08:04:19,2026-09-29,11308352,12572,31,96.18523406982422,,40.05226135253906,0.7637898325920105,800.0073852539062,189.42074584960938,982.0133666992188,295.2728576660156,182.0059814453125,105.85211181640625,19265.71749920398,891.0103759765625,242.3468017578125,1920,1080,967.9698486328125,213.1301727294922,872.0076904296875,219.67718505859375,95.962158203125,6.5470123291015625,3.902952907779644,right,False,"{'safe_roi': (450, 80, 1500, 420), 'cylinder_roi': (800, 190, 1000, 300)}",ok_cylinder_inside_confirmed
2026-09-29 08:04:25,2026-09-29,11308430,12572,31,95.9578857421875,,38.2613525390625,0.7739896774291992,797.413818359375,189.67877197265625,981.2034912109375,295.8958435058594,183.7896728515625,106.21707153320312,19521.600828338414,889.3086547851562,242.7873077392578,1920,1080,969.7423095703125,211.60987854003906,874.1262817382812,219.7025604248047,95.61602783203125,8.092681884765625,4.837829850332865,right,False,"{'safe_roi': (450, 80, 1500, 420), 'cylinder_roi': (800, 190, 1000, 300)}",ok_cylinder_inside_confirmed
2026-09-29 08:04:30,2026-09-29,11308509,12572,31,94.7596664428711,,38.38685607910156,0.775501549243927,794.0399780273438,189.05130004882812,980.4207153320312,294.3323669433594,186.3807373046875,105.28106689453125,19622.36287202686,887.2303466796875,241.69183349609375,1920,1080,970.935302734375,212.36224365234375,876.5634765625,220.9268341064453,94.371826171875,8.564590454101562,5.185597345950251,right,False,"{'safe_roi': (450, 80, 1500, 420), 'cylinder_roi': (800, 190, 1000, 300)}",ok_cylinder_inside_confirmed
2026-09-29 08:04:45,2026-09-29,11308740,12572,31,93.9237060546875,,37.703033447265625,0.7742865681648254,794.6181030273438,189.20761108398438,981.6848754882812,294.9340515136719,187.0667724609375,105.7264404296875,19777.903974965215,888.1514892578125,242.07083129882812,1920,1080,969.9237670898438,209.9795684814453,876.375,218.363525390625,93.54876708984375,8.383956909179688,5.12123709436734,right,False,"{'safe_roi': (450, 80, 1500, 420), 'cylinder_roi': (800, 190, 1000, 300)}",ok_cylinder_inside_confirmed
2026-09-29 08:04:52,2026-09-29,11308857,12572,31,92.412109375,,36.071533203125,0.7735742330551147,796.8502807617188,189.24957275390625,981.4314575195312,294.782470703125,184.5811767578125,105.53289794921875,19479.386490128934,889.140869140625,242.01602172851562,1920,1080,968.536376953125,211.37203979492188,876.5050048828125,219.75204467773438,92.0313720703125,8.3800048828125,5.202774769375912,right,False,"{'safe_roi': (450, 80, 1500, 420), 'cylinder_roi': (800, 190, 1000, 300)}",ok_cylinder_inside_confirmed
2026-09-29 08:04:59,2026-09-29,11308968,12572,31,92.7520751953125,,35.83952331542969,0.766387939453125,798.2046508789062,189.25759887695312,981.6199340820312,295.7271423339844,183.415283203125,106.46954345703125,19528.14146567881,889.9122924804688,242.49237060546875,1920,1080,968.2227783203125,212.4036865234375,875.931640625,221.63909912109375,92.2911376953125,9.23541259765625,5.7144648052555915,right,False,"{'safe_roi': (450, 80, 1500, 420), 'cylinder_roi': (800, 190, 1000, 300)}",ok_cylinder_inside_confirmed
2026-09-29 08:05:04,2026-09-29,11309052,12572,31,93.1921615600586,,36.70881652832031,0.7678911685943604,798.973388671875,188.94891357421875,979.3565673828125,294.70025634765625,180.3831787109375,105.7513427734375,19075.763362422585,889.1649780273438,241.8245849609375,1920,1080,969.3048095703125,212.62106323242188,876.6036376953125,222.17465209960938,92.701171875,9.5535888671875,5.88401063576575,right,False,"{'safe_roi': (450, 80, 1500, 420), 'cylinder_roi': (800, 190, 1000, 300)}",ok_cylinder_inside_confirmed
2026-09-29 08:05:09,2026-09-29,11309130,12572,31,94.01551055908203,,36.55145263671875,0.7725315690040588,800.4081420898438,189.1172637939453,979.7869262695312,294.4164733886719,179.3787841796875,105.29920959472656,18888.444192184135,890.0975341796875,241.76687622070312,1920,1080,968.5546264648438,211.1939697265625,875.0194702148438,220.68560791015625,93.53515625,9.49163818359375,5.794351310494826,right,False,"{'safe_roi': (450, 80, 1500, 420), 'cylinder_roi': (800, 190, 1000, 300)}",ok_cylinder_inside_confirmed
2026-09-29 08:05:14,2026-09-29,11309210,12572,31,93.2201156616211,,38.00645446777344,0.7831523418426514,797.165771484375,188.92617797851562,976.2781982421875,295.6033630371094,179.1124267578125,106.67718505859375,19107.209495536983,886.7219848632812,242.2647705078125,1920,1080,966.580078125,212.61936950683594,873.677734375,220.30990600585938,92.90234375,7.6905364990234375,4.7322045321350705,right,False,"{'safe_roi': (450, 80, 1500, 420), 'cylinder_roi': (800, 190, 1000, 300)}",ok_cylinder_inside_confirmed
2026-09-29 08:05:21,2026-09-29,11309304,12572,31,91.06910705566406,,36.6610107421875,0.7689940333366394,799.997314453125,189.10287475585938,976.5484619140625,294.9632263183594,176.5511474609375,105.8603515625,18689.766538977623,888.2728881835938,242.03305053710938,1920,1080,965.6632080078125,215.42001342773438,874.857177734375,222.33721923828125,90.8060302734375,6.917205810546875,4.356128817617004,right,False,"{'safe_roi': (450, 80, 1500, 420), 'cylinder_roi': (800, 190, 1000, 300)}",ok_cylinder_inside_confirmed
2026-09-29 08:05:26,2026-09-29,11309383,12572,31,91.42601776123047,,36.988189697265625,0.7684030532836914,798.4137573242188,189.30484008789062,977.9053344726562,294.2388000488281,179.4915771484375,104.9339599609375,18834.761969819665,888.1595458984375,241.77182006835938,1920,1080,966.3056640625,212.59080505371094,875.3380737304688,221.73486328125,90.96759033203125,9.144058227539062,5.74008796873802,right,False,"{'safe_roi': (450, 80, 1500, 420), 'cylinder_roi': (800, 190, 1000, 300)}",ok_cylinder_inside_confirmed
2026-09-29 08:05:31,2026-09-29,11309463,12572,31,94.52334594726562,,38.12333679199219,0.7669205665588379,796.8837890625,189.41180419921875,978.075927734375,296.2123107910156,181.192138671875,106.80050659179688,19351.41220060736,887.4798583984375,242.8120574951172,1920,1080,967.8167724609375,211.83189392089844,873.8040771484375,221.64390563964844,94.0126953125,9.81201171875,5.958331655680482,right,False,"{'safe_roi': (450, 80, 1500, 420), 'cylinder_roi': (800, 190, 1000, 300)}",ok_cylinder_inside_confirmed
2026-09-29 08:05:36,2026-09-29,11309544,12572,31,95.87894439697266,,38.688690185546875,0.7752267718315125,797.0283203125,189.233154296875,978.738525390625,296.6824035644531,181.710205078125,107.44924926757812,19524.625119902194,887.8834228515625,242.95777893066406,1920,1080,967.57958984375,213.49880981445312,872.1016235351562,222.25836181640625,95.47796630859375,8.759552001953125,5.24188275921846,right,False,"{'safe_roi': (450, 80, 1500, 420), 'cylinder_roi': (800, 190, 1000, 300)}",ok_cylinder_inside_confirmed
2026-09-29 08:05:41,2026-09-29,11309623,12572,31,96.47601318359375,,39.07127380371094,0.7648918032646179,796.60888671875,189.1547088623047,976.170654296875,297.0442810058594,179.561767578125,107.88957214355469,19372.842277344316,886.3897705078125,243.0994873046875,1920,1080,966.90185546875,213.554443359375,870.7918701171875,221.95034790039062,96.1099853515625,8.395904541015625,4.992527978457367,right,False,"{'safe_roi': (450, 80, 1500, 420), 'cylinder_roi': (800, 190, 1000, 300)}",ok_cylinder_inside_confirmed
2026-09-29 08:05:46,2026-09-29,11309703,12572,31,96.88829803466797,,39.59474182128906,0.7493205070495605,797.3485717773438,188.85317993164062,977.7379760742188,295.8547058105469,180.389404296875,107.00152587890625,19301.941512152553,887.5432739257812,242.35394287109375,1920,1080,968.0128784179688,212.26763916015625,871.6201782226562,222.05487060546875,96.3927001953125,9.7872314453125,5.797657272049411,right,False,"{'safe_roi': (450, 80, 1500, 420), 'cylinder_roi': (800, 190, 1000, 300)}",ok_cylinder_inside_confirmed
2026-09-29 08:05:51,2026-09-29,11309780,12572,31,94.78080749511719,,38.382080078125,0.7520096898078918,796.5803833007812,188.88607788085938,977.6846313476562,296.4397888183594,181.104248046875,107.5537109375,19478.433943986893,887.1325073242188,242.66293334960938,1920,1080,968.969970703125,212.25601196289062,874.8277587890625,223.23989868164062,94.1422119140625,10.98388671875,6.6548025172079885,right,False,"{'safe_roi': (450, 80, 1500, 420), 'cylinder_roi': (800, 190, 1000, 300)}",ok_cylinder_inside_confirmed
2026-09-29 08:05:56,2026-09-29,11309857,12572,31,93.6873550415039,,38.68312072753906,0.7349128127098083,797.8372192382812,188.70364379882812,977.9275512695312,296.3033447265625,180.09033203125,107.59970092773438,19377.665866538882,887.8823852539062,242.5034942626953,1920,1080,966.4473266601562,213.40208435058594,873.3536376953125,223.93228149414062,93.09368896484375,10.530197143554688,6.453522835455034,right,False,"{'safe_roi': (450, 80, 1500, 420), 'cylinder_roi': (800, 190, 1000, 300)}",ok_cylinder_inside_confirmed
2026-09-29 08:06:01,2026-09-29,11309937,12572,31,95.98603057861328,,39.60554504394531,0.7356131076812744,795.9494018554688,189.02810668945312,978.8242797851562,296.7996520996094,182.8748779296875,107.77154541015625,19708.708211176097,887.3868408203125,242.91387939453125,1920,1080,967.7064208984375,213.72915649414062,872.2813110351562,224.09095764160156,95.42510986328125,10.361801147460938,6.197220879169237,right,False,"{'safe_roi': (450, 80, 1500, 420), 'cylinder_roi': (800, 190, 1000, 300)}",ok_cylinder_inside_confirmed
2026-09-29 08:06:06,2026-09-29,11310014,12572,31,95.95198822021484,,39.476409912109375,0.7602061033248901,798.2777709960938,188.47042846679688,979.8319702148438,296.22833251953125,181.55419921875,107.75790405273438,19563.899979785085,889.0548706054688,242.34938049316406,1920,1080,967.01904296875,214.7120819091797,871.448974609375,223.26461791992188,95.570068359375,8.552536010742188,5.113759690322426,right,False,"{'safe_roi': (450, 80, 1500, 420), 'cylinder_roi': (800, 190, 1000, 300)}",ok_cylinder_inside_confirmed
2026-09-29 08:06:11,2026-09-29,11310095,12572,31,95.81705474853516,,39.25245666503906,0.7407333254814148,796.8280029296875,188.6227264404297,979.0218505859375,296.7057189941406,182.19384765625,108.08299255371094,19692.056279562414,887.9249267578125,242.66421508789062,1920,1080,967.6063232421875,213.56243896484375,872.328125,223.7099609375,95.2781982421875,10.14752197265625,6.079320311443794,right,False,"{'safe_roi': (450, 80, 1500, 420), 'cylinder_roi': (800, 190, 1000, 300)}",ok_cylinder_inside_confirmed
2026-09-29 08:06:16,2026-09-29,11310175,12572,31,95.58285522460938,,38.366485595703125,0.751885175704956,797.5599365234375,188.47052001953125,977.4599609375,297.05023193359375,179.9000244140625,108.5797119140625,19533.492824211717,887.5099487304688,242.7603759765625,1920,1080,963.3919677734375,215.7515411376953,868.011962890625,221.97543334960938,95.3800048828125,6.2238922119140625,3.733464921882151,right,False,"{'safe_roi': (450, 80, 1500, 420), 'cylinder_roi': (800, 190, 1000, 300)}",ok_cylinder_inside_confirmed
2026-09-29 08:06:21,2026-09-29,11310255,12572,31,94.17715454101562,,35.81047058105469,0.7400835752487183,797.3560791015625,189.05816650390625,977.044921875,296.949951171875,179.6888427734375,107.89178466796875,19386.94993174821,887.2005004882812,243.00405883789062,1920,1080,964.5953369140625,211.84584045410156,870.938720703125,221.73394775390625,93.6566162109375,9.888107299804688,6.026864396996028,right,False,"{'safe_roi': (450, 80, 1500, 420), 'cylinder_roi': (800, 190, 1000, 300)}",ok_cylinder_inside_confirmed
2026-09-29 08:06:26,2026-09-29,11310334,12572,31,95.98161315917969,,37.946563720703125,0.7476393580436707,796.3612060546875,189.07325744628906,978.2965087890625,297.7466735839844,181.935302734375,108.67341613769531,19771.53086419031,887.328857421875,243.40997314453125,1920,1080,965.81591796875,214.10601806640625,870.096923828125,221.20138549804688,95.718994140625,7.095367431640625,4.239413977173387,right,False,"{'safe_roi': (450, 80, 1500, 420), 'cylinder_roi': (800, 190, 1000, 300)}",ok_cylinder_inside_confirmed
2026-09-29 08:06:31,2026-09-29,11310413,12572,31,97.22615814208984,,37.859588623046875,0.7564975619316101,794.940673828125,188.36610412597656,974.5765380859375,297.69970703125,179.6358642578125,109.33360290527344,19640.236250309274,884.7586059570312,243.03289794921875,1920,1080,966.0950927734375,213.96168518066406,869.4229125976562,224.32583618164062,96.67218017578125,10.364151000976562,6.119263851398242,right,False,"{'safe_roi': (450, 80, 1500, 420), 'cylinder_roi': (800, 190, 1000, 300)}",ok_cylinder_inside_confirmed
2026-09-29 08:06:46,2026-09-29,11310641,12572,31,94.87848663330078,,38.43333435058594,0.7959184646606445,793.7315673828125,188.84750366210938,982.083740234375,297.7215270996094,188.3521728515625,108.8740234375,20506.658881545067,887.9076538085938,243.28451538085938,1920,1080,970.1097412109375,209.54957580566406,875.6857299804688,218.82498168945312,94.42401123046875,9.275405883789062,5.61024749610138,right,False,"{'safe_roi': (450, 80, 1500, 420), 'cylinder_roi': (800, 190, 1000, 300)}",ok_cylinder_inside_confirmed
2026-09-29 08:06:51,2026-09-29,11310723,12572,31,94.65777587890625,,39.44281005859375,0.7754849195480347,798.4070434570312,189.11981201171875,978.7871704101562,296.410888671875,180.380126953125,107.29107666015625,19353.17802889645,888.5971069335938,242.76535034179688,1920,1080,970.8513793945312,211.58505249023438,876.4404296875,218.41641235351562,94.41094970703125,6.83135986328125,4.138578599633565,right,False,"{'safe_roi': (450, 80, 1500, 420), 'cylinder_roi': (800, 190, 1000, 300)}",ok_cylinder_inside_confirmed
2026-09-29 08:06:56,2026-09-29,11310801,12572,31,92.02039337158203,,38.12220764160156,0.7803762555122375,796.2566528320312,189.54168701171875,977.8466186523438,296.5360107421875,181.5899658203125,106.99432373046875,19429.09558918327,887.0516357421875,243.03884887695312,1920,1080,969.2283935546875,212.03173828125,877.5137329101562,219.52667236328125,91.71466064453125,7.49493408203125,4.671837273421133,right,False,"{'safe_roi': (450, 80, 1500, 420), 'cylinder_roi': (800, 190, 1000, 300)}",ok_cylinder_inside_confirmed
2026-09-29 08:08:20,2026-09-29,11312104,12572,32,97.0411148071289,,27.580551147460938,0.7614416480064392,785.2337036132812,188.823486328125,974.1196899414062,297.6358947753906,188.885986328125,108.81240844726562,20553.139094300568,879.6766967773438,243.2296905517578,1920,1080,967.408935546875,212.1687469482422,870.7550048828125,220.82875061035156,96.6539306640625,8.660003662109375,5.119918715617475,right,False,"{'safe_roi': (450, 80, 1500, 420), 'cylinder_roi': (800, 190, 1000, 300)}",ok_cylinder_inside_confirmed
2026-09-29 08:08:59,2026-09-29,11312727,12572,33,92.77310180664062,,37.53410339355469,0.7803745865821838,789.1670532226562,189.31529235839844,971.2100219726562,296.0610046386719,182.04296875,106.74571228027344,19432.30636483431,880.1885375976562,242.68814086914062,1920,1080,960.9288940429688,213.77047729492188,868.2765502929688,218.50247192382812,92.65234375,4.73199462890625,2.9237032190223977,right,False,"{'safe_roi': (450, 80, 1500, 420), 'cylinder_roi': (800, 190, 1000, 300)}",ok_cylinder_inside_confirmed
2026-09-29 08:09:09,2026-09-29,11312869,12572,33,91.13163757324219,,37.17352294921875,0.7824988961219788,790.0132446289062,188.39076232910156,970.5033569335938,295.98809814453125,180.4901123046875,107.59733581542969,19420.25522501208,880.25830078125,242.18942260742188,1920,1080,961.365234375,213.89263916015625,870.2841186523438,216.9266357421875,91.08111572265625,3.03399658203125,1.9078701848739907,right,False,"{'safe_roi': (450, 80, 1500, 420), 'cylinder_roi': (800, 190, 1000, 300)}",ok_cylinder_inside_confirmed
2026-09-29 08:09:34,2026-09-29,11313267,12572,34,89.97398376464844,,40.23515319824219,0.770340621471405,789.9978637695312,189.48538208007812,968.6857299804688,297.64703369140625,178.6878662109375,108.16165161132812,19327.174732279032,879.341796875,243.5662078857422,1920,1080,957.4461669921875,216.1832733154297,867.4766845703125,217.08302307128906,89.969482421875,0.899749755859375,0.5729736766159191,right,False,"{'safe_roi': (450, 80, 1500, 420), 'cylinder_roi': (800, 190, 1000, 300)}",ok_cylinder_inside_confirmed
2026-09-29 08:09:39,2026-09-29,11313348,12572,34,89.94046783447266,,38.67578125,0.7670519351959229,792.2752685546875,188.8292236328125,969.9615478515625,297.9354248046875,177.686279296875,109.106201171875,19386.67493444681,881.118408203125,243.38232421875,1920,1080,957.101806640625,217.7508544921875,867.169189453125,218.93905639648438,89.9326171875,1.188201904296875,0.7569555470551634,right,False,"{'safe_roi': (450, 80, 1500, 420), 'cylinder_roi': (800, 190, 1000, 300)}",ok_cylinder_inside_confirmed
2026-09-29 08:09:46,2026-09-29,11313461,12572,34,90.47463989257812,,38.03138732910156,0.747661292552948,792.8370361328125,188.9138946533203,970.009033203125,298.7196350097656,177.1719970703125,109.80574035644531,19454.502308735624,881.4230346679688,243.8167724609375,1920,1080,958.0249633789062,217.7693328857422,867.657470703125,222.17127990722656,90.36749267578125,4.401947021484375,2.788765921558255,right,False,"{'safe_roi': (450, 80, 1500, 420), 'cylinder_roi': (800, 190, 1000, 300)}",ok_cylinder_inside_confirmed
2026-09-29 08:09:51,2026-09-29,11313544,12572,34,91.49251556396484,,37.2130126953125,0.7680291533470154,792.158203125,189.01483154296875,968.690185546875,299.89459228515625,176.531982421875,110.8797607421875,19573.82397428155,880.4241943359375,244.4547119140625,1920,1080,959.2470092773438,218.6352081298828,867.828125,222.30506896972656,91.41888427734375,3.66986083984375,2.2988105829868264,right,False,"{'safe_roi': (450, 80, 1500, 420), 'cylinder_roi': (800, 190, 1000, 300)}",ok_cylinder_inside_confirmed
2026-09-29 08:09:56,2026-09-29,11313624,12572,34,94.17047882080078,,38.24871826171875,0.7582554817199707,793.8897705078125,188.579833984375,968.4627685546875,297.5419006347656,174.572998046875,108.96206665039062,19021.834648542106,881.17626953125,243.0608673095703,1920,1080,962.590087890625,219.47381591796875,868.4375610351562,221.3125,94.15252685546875,1.83868408203125,1.118774523945826,right,False,"{'safe_roi': (450, 80, 1500, 420), 'cylinder_roi': (800, 190, 1000, 300)}",ok_cylinder_inside_confirmed
2026-09-29 08:19:50,2026-09-29,11322889,12572,35,95.13421630859375,,35.549163818359375,0.7727645635604858,793.0267944335938,189.21151733398438,976.8845825195312,297.10235595703125,183.8577880859375,107.89083862304688,19836.570943970233,884.9556884765625,243.1569366455078,1920,1080,970.9453125,206.51637268066406,876.8198852539062,220.3338623046875,94.12542724609375,13.817489624023438,8.351296656053696,right,False,"{'safe_roi': (450, 80, 1500, 420), 'cylinder_roi': (800, 190, 1000, 300)}",ok_cylinder_inside_confirmed
2026-09-29 08:19:55,2026-09-29,11322963,12572,35,94.98299407958984,,36.68194580078125,0.7871996164321899,792.8248901367188,189.44784545898438,975.7584838867188,298.5816345214844,182.93359375,109.1337890625,19964.23623275757,884.2916870117188,244.01473999023438,1920,1080,971.157958984375,206.19992065429688,876.9305419921875,218.1566619873047,94.2274169921875,11.956741333007812,7.231748748489797,right,False,"{'safe_roi': (450, 80, 1500, 420), 'cylinder_roi': (800, 190, 1000, 300)}",ok_cylinder_inside_confirmed
2026-09-29 08:20:00,2026-09-29,11323045,12572,35,90.70394134521484,,38.33720397949219,0.7763800024986267,794.3440551757812,189.52301025390625,975.7412719726562,298.1472473144531,181.397216796875,108.62423706054688,19704.134279467165,885.0426635742188,243.8351287841797,1920,1080,969.4385986328125,208.6862335205078,879.5250244140625,220.63421630859375,89.91357421875,11.947982788085938,7.569288681163614,right,False,"{'safe_roi': (450, 80, 1500, 420), 'cylinder_roi': (800, 190, 1000, 300)}",ok_cylinder_inside_confirmed
2026-09-29 08:20:05,2026-09-29,11323127,12572,35,93.81158447265625,,38.81709289550781,0.7846575975418091,795.56005859375,189.65748596191406,979.1527099609375,297.8154296875,183.5926513671875,108.15794372558594,19857.003655003384,887.3563842773438,243.7364501953125,1920,1080,966.1654052734375,210.662109375,872.934326171875,221.08224487304688,93.2310791015625,10.420135498046875,6.377296776184454,right,False,"{'safe_roi': (450, 80, 1500, 420), 'cylinder_roi': (800, 190, 1000, 300)}",ok_cylinder_inside_confirmed
2026-09-29 08:20:10,2026-09-29,11323209,12572,35,93.38853454589844,,36.58174133300781,0.7815902233123779,796.2254028320312,188.74942016601562,971.8135375976562,294.9717712402344,175.588134765625,106.22235107421875,18651.384495541453,884.0194702148438,241.860595703125,1920,1080,964.933349609375,210.62783813476562,872.2923583984375,222.42044067382812,92.6409912109375,11.7926025390625,7.254369798270068,right,False,"{'safe_roi': (450, 80, 1500, 420), 'cylinder_roi': (800, 190, 1000, 300)}",ok_cylinder_inside_confirmed
2026-09-29 08:20:15,2026-09-29,11323285,12572,35,94.93888092041016,,37.248260498046875,0.7816678881645203,798.030029296875,188.89942932128906,971.0755615234375,296.4521484375,173.0455322265625,107.55271911621094,18611.517521878704,884.5527954101562,242.67578125,1920,1080,966.28759765625,209.3563232421875,872.1408081054688,221.594482421875,94.14678955078125,12.2381591796875,7.406359468023469,right,False,"{'safe_roi': (450, 80, 1500, 420), 'cylinder_roi': (800, 190, 1000, 300)}",ok_cylinder_inside_confirmed
2026-09-29 08:20:20,2026-09-29,11323365,12572,35,95.96304321289062,,38.35710144042969,0.7771958112716675,799.5459594726562,189.03652954101562,970.9577026367188,296.6234130859375,171.4117431640625,107.58688354492188,18441.65525002405,885.2518310546875,242.82997131347656,1920,1080,965.4984741210938,212.48876953125,870.2052612304688,223.80731201171875,95.293212890625,11.31854248046875,6.773626462424645,right,False,"{'safe_roi': (450, 80, 1500, 420), 'cylinder_roi': (800, 190, 1000, 300)}",ok_cylinder_inside_confirmed
2026-09-29 08:20:25,2026-09-29,11323446,12572,35,97.29853057861328,,39.17176818847656,0.7728713154792786,799.3115234375,188.94223022460938,972.0914306640625,296.4303283691406,172.7799072265625,107.48809814453125,18571.783625371754,885.7014770507812,242.686279296875,1920,1080,967.1146240234375,211.94615173339844,870.4482421875,223.01931762695312,96.6663818359375,11.073165893554688,6.534767168620554,right,False,"{'safe_roi': (450, 80, 1500, 420), 'cylinder_roi': (800, 190, 1000, 300)}",ok_cylinder_inside_confirmed
2026-09-29 08:20:30,2026-09-29,11323527,12572,35,97.59967041015625,,38.89593505859375,0.7740809321403503,799.0040893554688,188.7557373046875,971.6766967773438,295.5029602050781,172.672607421875,106.74722290039062,18432.321313254535,885.3403930664062,242.1293487548828,1920,1080,966.4478759765625,213.41688537597656,869.3553466796875,223.35350036621094,97.092529296875,9.936614990234375,5.843403506153663,right,False,"{'safe_roi': (450, 80, 1500, 420), 'cylinder_roi': (800, 190, 1000, 300)}",ok_cylinder_inside_confirmed
2026-09-29 08:20:35,2026-09-29,11323606,12572,35,92.83753204345703,,38.31034851074219,0.7672686576843262,799.5499267578125,189.03720092773438,966.0098876953125,295.0345764160156,166.4599609375,105.99737548828125,17644.318983256817,882.7799072265625,242.035888671875,1920,1080,967.5789794921875,210.20216369628906,875.5563354492188,222.47573852539062,92.02264404296875,12.273574829101562,7.597022430066561,right,False,"{'safe_roi': (450, 80, 1500, 420), 'cylinder_roi': (800, 190, 1000, 300)}",ok_cylinder_inside_confirmed
2026-09-29 08:20:40,2026-09-29,11323689,12572,35,93.1689453125,,37.70741271972656,0.7672524452209473,799.5526733398438,188.55894470214844,971.0186157226562,295.90155029296875,171.4659423828125,107.34260559082031,18405.601025456563,885.28564453125,242.23025512695312,1920,1080,966.0692138671875,210.0310821533203,873.787841796875,222.86074829101562,92.2813720703125,12.829666137695312,7.914964858162622,right,False,"{'safe_roi': (450, 80, 1500, 420), 'cylinder_roi': (800, 190, 1000, 300)}",ok_cylinder_inside_confirmed
2026-09-29 08:20:45,2026-09-29,11323766,12572,35,90.13192749023438,,35.96638488769531,0.7619006037712097,800.5991821289062,190.12750244140625,968.8303833007812,298.1585693359375,168.231201171875,108.03106689453125,18174.196147546172,884.7147827148438,244.14303588867188,1920,1080,963.0762939453125,213.8182373046875,873.4000854492188,222.87045288085938,89.67620849609375,9.052215576171875,5.764102111569551,right,False,"{'safe_roi': (450, 80, 1500, 420), 'cylinder_roi': (800, 190, 1000, 300)}",ok_cylinder_inside_confirmed
2026-09-29 08:20:50,2026-09-29,11323848,12572,35,94.31330871582031,,36.83140563964844,0.7615756988525391,800.6476440429688,189.24302673339844,967.9966430664062,297.1150817871094,167.3489990234375,107.87205505371094,18052.280435839668,884.3221435546875,243.17904663085938,1920,1080,965.477294921875,212.03611755371094,871.6222534179688,221.3222198486328,93.85504150390625,9.286102294921875,5.650505721557812,right,False,"{'safe_roi': (450, 80, 1500, 420), 'cylinder_roi': (800, 190, 1000, 300)}",ok_cylinder_inside_confirmed
2026-09-29 08:20:55,2026-09-29,11323925,12572,35,93.22795867919922,,37.10401916503906,0.7589139342308044,800.4585571289062,188.18917846679688,968.1439819335938,295.3718566894531,167.6854248046875,107.18267822265625,17972.97292947024,884.30126953125,241.780517578125,1920,1080,963.8271484375,212.77330017089844,871.0792846679688,222.222412109375,92.74786376953125,9.449111938476562,5.817198021543628,right,False,"{'safe_roi': (450, 80, 1500, 420), 'cylinder_roi': (800, 190, 1000, 300)}",ok_cylinder_inside_confirmed
2026-09-29 08:21:00,2026-09-29,11324006,12572,35,91.99281311035156,,37.59002685546875,0.7730290293693542,797.728759765625,188.50775146484375,968.6993408203125,298.4631652832031,170.9705810546875,109.95541381835938,18799.140990633518,883.2140502929688,243.48545837402344,1920,1080,961.47216796875,210.85614013671875,870.146484375,221.91494750976562,91.32568359375,11.058807373046875,6.904442813443749,right,False,"{'safe_roi': (450, 80, 1500, 420), 'cylinder_roi': (800, 190, 1000, 300)}",ok_cylinder_inside_confirmed
2026-09-29 08:21:06,2026-09-29,11324085,12572,35,95.6895980834961,,37.46153259277344,0.7794057726860046,800.3485107421875,187.69680786132812,968.2120361328125,294.7442321777344,167.863525390625,107.04742431640625,17969.35802973807,884.2802734375,241.22052001953125,1920,1080,963.3115844726562,210.09291076660156,868.2571411132812,221.09982299804688,95.054443359375,11.006912231445312,6.605197287683675,right,False,"{'safe_roi': (450, 80, 1500, 420), 'cylinder_roi': (800, 190, 1000, 300)}",ok_cylinder_inside_confirmed
2026-09-29 08:21:11,2026-09-29,11324166,12572,35,93.1328125,,36.11700439453125,0.7655642032623291,798.7720947265625,188.44143676757812,967.5477294921875,297.77252197265625,168.775634765625,109.33108520507812,18452.423305101693,883.159912109375,243.1069793701172,1920,1080,963.2158203125,210.14959716796875,870.8812255859375,222.31692504882812,92.3345947265625,12.167327880859375,7.506860548058212,right,False,"{'safe_roi': (450, 80, 1500, 420), 'cylinder_roi': (800, 190, 1000, 300)}",ok_cylinder_inside_confirmed
2026-09-29 09:03:46,2026-09-29,11364294,12572,36,91.2551040649414,,36.82960510253906,0.7864897847175598,790.8948974609375,187.90036010742188,966.0794677734375,293.72174072265625,175.1845703125,105.82138061523438,18538.27309295535,878.4871826171875,240.81105041503906,1920,1080,803.3128662109375,212.81646728515625,893.7899169921875,224.70755004882812,90.47705078125,11.891082763671875,7.4872719323884525,left,False,"{'safe_roi': (450, 80, 1500, 420), 'cylinder_roi': (800, 190, 1000, 300)}",ok_cylinder_inside_confirmed
2026-09-29 09:03:51,2026-09-29,11364372,12572,36,93.57563018798828,,36.21354675292969,0.790313720703125,791.4848022460938,188.0056915283203,965.6546020507812,293.6196594238281,174.1697998046875,105.61396789550781,18394.76364493929,878.5697021484375,240.81268310546875,1920,1080,802.7798461914062,212.339111328125,895.4278564453125,225.48233032226562,92.64801025390625,13.143218994140625,8.074209546938077,left,False,"{'safe_roi': (450, 80, 1500, 420), 'cylinder_roi': (800, 190, 1000, 300)}",ok_cylinder_inside_confirmed
2026-09-29 09:03:57,2026-09-29,11364468,12572,36,91.5354995727539,,36.60638427734375,0.7868712544441223,790.0606689453125,188.382568359375,965.8272705078125,292.76055908203125,175.7666015625,104.37799072265625,18346.164707243443,877.9439697265625,240.57156372070312,1920,1080,803.8943481445312,212.98057556152344,894.5537719726562,225.61453247070312,90.659423828125,12.633956909179688,7.933431813603833,left,False,"{'safe_roi': (450, 80, 1500, 420), 'cylinder_roi': (800, 190, 1000, 300)}",ok_cylinder_inside_confirmed
2026-09-29 09:04:02,2026-09-29,11364549,12572,36,92.84662628173828,,36.82745361328125,0.785581111907959,790.4819946289062,188.24664306640625,966.3167114257812,293.84326171875,175.834716796875,105.59661865234375,18567.55153544247,878.3993530273438,241.04495239257812,1920,1080,803.4449462890625,212.92518615722656,895.5155639648438,224.90420532226562,92.07061767578125,11.979019165039062,7.412933043437898,left,False,"{'safe_roi': (450, 80, 1500, 420), 'cylinder_roi': (800, 190, 1000, 300)}",ok_cylinder_inside_confirmed
2026-09-29 09:04:07,2026-09-29,11364626,12572,36,89.6759262084961,,36.61195373535156,0.7880942821502686,791.4688110351562,188.40870666503906,967.0770874023438,294.06744384765625,175.6082763671875,105.65873718261719,18554.54871977307,879.27294921875,241.23806762695312,1920,1080,803.7877197265625,213.42556762695312,892.8412475585938,223.97267150878906,89.05352783203125,10.547103881835938,6.754393396442594,left,False,"{'safe_roi': (450, 80, 1500, 420), 'cylinder_roi': (800, 190, 1000, 300)}",ok_cylinder_inside_confirmed
2026-09-29 09:04:12,2026-09-29,11364707,12572,36,92.8963623046875,,36.13539123535156,0.7878071665763855,790.328369140625,188.69168090820312,964.9881591796875,294.18023681640625,174.6597900390625,105.48855590820312,18424.609026450664,877.6582641601562,241.4359588623047,1920,1080,804.1805419921875,213.31417846679688,896.2606201171875,225.60211181640625,92.080078125,12.287933349609375,7.60111743252676,left,False,"{'safe_roi': (450, 80, 1500, 420), 'cylinder_roi': (800, 190, 1000, 300)}",ok_cylinder_inside_confirmed
2026-09-29 09:04:18,2026-09-29,11364811,12572,36,88.49474334716797,,37.16461181640625,0.7891508936882019,792.2676391601562,188.06956481933594,966.6377563476562,292.0146179199219,174.3701171875,103.94505310058594,18124.91109021008,879.4526977539062,240.04208374023438,1920,1080,807.3497314453125,213.52536010742188,894.9517822265625,226.0633087158203,87.60205078125,12.537948608398438,8.145081102713732,left,False,"{'safe_roi': (450, 80, 1500, 420), 'cylinder_roi': (800, 190, 1000, 300)}",ok_cylinder_inside_confirmed
2026-09-29 09:04:59,2026-09-29,11365461,12572,37,85.20735931396484,,34.97703552246094,0.7772479057312012,794.1302490234375,188.92942810058594,957.9254150390625,293.8661804199219,163.795166015625,104.93675231933594,17188.13276728615,876.02783203125,241.39779663085938,1920,1080,808.1294555664062,213.45712280273438,892.6058349609375,224.59423828125,84.47637939453125,11.137115478515625,7.510392890889361,left,False,"{'safe_roi': (450, 80, 1500, 420), 'cylinder_roi': (800, 190, 1000, 300)}",ok_cylinder_inside_confirmed
2026-09-29 09:34:15,2026-09-29,11392936,12572,38,94.48116302490234,,40.25025939941406,0.7943760752677917,823.5355224609375,187.34603881835938,1007.0467529296875,294.34161376953125,183.51123046875,106.99557495117188,19634.889614000916,915.2911376953125,240.8438262939453,1920,1080,838.6500244140625,217.37188720703125,933.101318359375,219.747314453125,94.4512939453125,2.37542724609375,1.440671330627554,left,False,"{'safe_roi': (450, 80, 1500, 420), 'cylinder_roi': (800, 190, 1000, 300)}",ok_cylinder_inside_confirmed
2026-09-29 09:34:20,2026-09-29,11393014,12572,38,90.73080444335938,,38.50825500488281,0.7754400968551636,824.8302612304688,189.22872924804688,1004.8749389648438,294.8946228027344,180.044677734375,105.6658935546875,19024.581752568483,914.8526000976562,242.06167602539062,1920,1080,840.4269409179688,217.15765380859375,931.155029296875,217.85980224609375,90.72808837890625,0.7021484375,0.44340556098264805,left,False,"{'safe_roi': (450, 80, 1500, 420), 'cylinder_roi': (800, 190, 1000, 300)}",ok_cylinder_inside_confirmed
2026-09-29 09:34:25,2026-09-29,11393092,12572,38,101.27720642089844,,38.003265380859375,0.7757548689842224,826.8068237304688,188.34568786621094,1006.0436401367188,296.0350646972656,179.23681640625,107.68937683105469,19301.90106397122,916.4252319335938,242.19036865234375,1920,1080,833.8467407226562,215.95823669433594,935.094970703125,218.3807373046875,101.24822998046875,2.4225006103515625,1.370617381175296,left,False,"{'safe_roi': (450, 80, 1500, 420), 'cylinder_roi': (800, 190, 1000, 300)}",ok_cylinder_inside_confirmed
2026-09-29 09:34:30,2026-09-29,11393169,12572,38,106.89143371582031,,36.140594482421875,0.7773634195327759,827.5248413085938,188.71990966796875,1004.8678588867188,296.38690185546875,177.343017578125,107.6669921875,19093.98928809166,916.1963500976562,242.55340576171875,1920,1080,828.529052734375,212.0916748046875,935.3311157226562,216.46173095703125,106.80206298828125,4.37005615234375,2.343083762839308,left,False,"{'safe_roi': (450, 80, 1500, 420), 'cylinder_roi': (800, 190, 1000, 300)}",ok_cylinder_inside_confirmed
2026-09-29 09:34:35,2026-09-29,11393248,12572,38,99.14212799072266,,37.32542419433594,0.7771570682525635,830.2782592773438,188.15640258789062,1005.1456909179688,296.2125549316406,174.867431640625,108.05615234375,18895.501833319664,917.7119750976562,242.18447875976562,1920,1080,834.8411254882812,212.3343048095703,933.8968505859375,216.4725799560547,99.05572509765625,4.138275146484375,2.3922686063464322,left,False,"{'safe_roi': (450, 80, 1500, 420), 'cylinder_roi': (800, 190, 1000, 300)}",ok_cylinder_inside_confirmed
2026-09-29 09:35:18,2026-09-29,11393917,12572,39,91.83308410644531,,38.38874816894531,0.7941346764564514,825.3995361328125,188.60675048828125,1008.3153076171875,293.7808837890625,182.915771484375,105.17413330078125,19238.007732912898,916.857421875,241.19381713867188,1920,1080,841.2479248046875,216.614501953125,933.0360107421875,219.48892211914062,91.7880859375,2.874420166015625,1.7936787460089245,left,False,"{'safe_roi': (450, 80, 1500, 420), 'cylinder_roi': (800, 190, 1000, 300)}",ok_cylinder_inside_confirmed
2026-09-29 09:35:32,2026-09-29,11394147,12572,39,99.35762786865234,,37.452362060546875,0.7800092697143555,824.9073486328125,188.4471893310547,1007.329833984375,296.76092529296875,182.4224853515625,108.31373596191406,19758.860911885276,916.1185913085938,242.60406494140625,1920,1080,834.3261108398438,213.68936157226562,933.60693359375,217.5952911376953,99.28082275390625,3.9059295654296875,2.252982165211374,left,False,"{'safe_roi': (450, 80, 1500, 420), 'cylinder_roi': (800, 190, 1000, 300)}",ok_cylinder_inside_confirmed
2026-09-29 09:35:38,2026-09-29,11394231,12572,39,95.1039047241211,,36.14045715332031,0.779684841632843,825.4603271484375,188.1843719482422,1007.59765625,297.36688232421875,182.1373291015625,109.18251037597656,19886.210824484006,916.5289916992188,242.775634765625,1920,1080,836.27880859375,212.2585906982422,931.29541015625,216.33267211914062,95.0166015625,4.0740814208984375,2.4552001793998928,left,False,"{'safe_roi': (450, 80, 1500, 420), 'cylinder_roi': (800, 190, 1000, 300)}",ok_cylinder_inside_confirmed
2026-09-29 09:35:43,2026-09-29,11394310,12572,39,104.14189910888672,,34.028533935546875,0.7824992537498474,828.3128662109375,187.86453247070312,1007.8594970703125,297.63427734375,179.546630859375,109.76974487304688,19708.78786224872,918.086181640625,242.74940490722656,1920,1080,831.605712890625,211.77352905273438,935.650390625,216.27252197265625,104.044677734375,4.498992919921875,2.4759827417546574,left,False,"{'safe_roi': (450, 80, 1500, 420), 'cylinder_roi': (800, 190, 1000, 300)}",ok_cylinder_inside_confirmed
2026-09-29 09:35:48,2026-09-29,11394387,12572,39,112.11102294921875,,32.72505187988281,0.7804720401763916,829.22021484375,188.0548858642578,1007.2022705078125,297.5960388183594,177.9820556640625,109.54115295410156,19496.35958258249,918.2112426757812,242.82546997070312,1920,1080,825.225341796875,209.73043823242188,937.1909790039062,215.43814086914062,111.96563720703125,5.70770263671875,2.9182563583377856,left,False,"{'safe_roi': (450, 80, 1500, 420), 'cylinder_roi': (800, 190, 1000, 300)}",ok_cylinder_inside_confirmed
2026-09-29 09:35:53,2026-09-29,11394469,12572,39,92.84050750732422,,36.25318908691406,0.7852451801300049,828.065673828125,187.8966064453125,1007.372314453125,297.6971130371094,179.306640625,109.80050659179688,19687.959975898266,917.718994140625,242.79685974121094,1920,1080,839.5914306640625,214.50357055664062,932.376953125,217.69833374023438,92.7855224609375,3.19476318359375,1.9720119810845325,left,False,"{'safe_roi': (450, 80, 1500, 420), 'cylinder_roi': (800, 190, 1000, 300)}",ok_cylinder_inside_confirmed
2026-09-29 09:35:58,2026-09-29,11394549,12572,39,112.21265411376953,,32.0635986328125,0.779796302318573,828.9301147460938,187.5823974609375,1006.6231079101562,297.2068786621094,177.6929931640625,109.62448120117188,19479.502188693732,917.776611328125,242.39463806152344,1920,1080,825.0244750976562,211.1062774658203,937.1365966796875,215.85513305664062,112.11212158203125,4.7488555908203125,2.4254899976620137,left,False,"{'safe_roi': (450, 80, 1500, 420), 'cylinder_roi': (800, 190, 1000, 300)}",ok_cylinder_inside_confirmed
2026-09-29 09:36:03,2026-09-29,11394629,12572,39,110.9121322631836,,34.434539794921875,0.7777963280677795,829.3232421875,188.37326049804688,1007.335693359375,297.7921142578125,178.012451171875,109.41885375976562,19477.91836219281,918.3294677734375,243.0826873779297,1920,1080,824.8140869140625,211.36013793945312,935.6502075195312,215.4657745361328,110.83612060546875,4.1056365966796875,2.121403603284371,left,False,"{'safe_roi': (450, 80, 1500, 420), 'cylinder_roi': (800, 190, 1000, 300)}",ok_cylinder_inside_confirmed
2026-09-29 09:36:08,2026-09-29,11394704,12572,39,110.24337005615234,,33.01982116699219,0.7833212614059448,827.941162109375,188.49546813964844,1006.8779296875,297.75732421875,178.936767578125,109.26185607910156,19550.96334638074,917.4095458984375,243.12640380859375,1920,1080,824.6146850585938,212.16188049316406,934.8246459960938,214.87576293945312,110.2099609375,2.7138824462890625,1.4106038257712863,left,False,"{'safe_roi': (450, 80, 1500, 420), 'cylinder_roi': (800, 190, 1000, 300)}",ok_cylinder_inside_confirmed
2026-09-29 09:36:17,2026-09-29,11394841,12572,39,91.52274322509766,,37.11021423339844,0.8012638688087463,828.826171875,188.37655639648438,1006.52197265625,296.189208984375,177.69580078125,107.81265258789062,19157.85563595593,917.674072265625,242.2828826904297,1920,1080,840.2966918945312,216.3264617919922,931.7547607421875,219.76644897460938,91.45806884765625,3.4399871826171875,2.1540349918020114,left,False,"{'safe_roi': (450, 80, 1500, 420), 'cylinder_roi': (800, 190, 1000, 300)}",ok_cylinder_inside_confirmed
2026-09-29 09:36:22,2026-09-29,11394922,12572,39,91.56855773925781,,36.77716064453125,0.7940471768379211,827.5250244140625,187.97442626953125,1006.7532958984375,297.03057861328125,179.228271484375,109.05615234375,19545.945679306984,917.13916015625,242.50250244140625,1920,1080,841.3483276367188,214.71939086914062,932.8201904296875,218.92637634277344,91.47186279296875,4.2069854736328125,2.633299060647342,left,False,"{'safe_roi': (450, 80, 1500, 420), 'cylinder_roi': (800, 190, 1000, 300)}",ok_cylinder_inside_confirmed
2026-09-29 09:36:28,2026-09-29,11395018,12572,39,91.61758422851562,,36.988739013671875,0.7897982001304626,827.2892456054688,188.01734924316406,1008.2640991210938,295.435546875,180.974853515625,107.41819763183594,19439.992581333965,917.7766723632812,241.7264404296875,1920,1080,840.6968383789062,215.71600341796875,932.2745361328125,218.41903686523438,91.57769775390625,2.703033447265625,1.6906677082259276,left,False,"{'safe_roi': (450, 80, 1500, 420), 'cylinder_roi': (800, 190, 1000, 300)}",ok_cylinder_inside_confirmed
2026-09-29 09:36:34,2026-09-29,11395101,12572,39,92.32878112792969,,37.75529479980469,0.7963988780975342,826.6134033203125,188.28164672851562,1007.918212890625,295.80487060546875,181.3048095703125,107.52322387695312,19494.477629397064,917.2658081054688,242.0432586669922,1920,1080,841.1292724609375,216.00575256347656,933.4012451171875,219.24403381347656,92.27197265625,3.23828125,2.0099682019649405,left,False,"{'safe_roi': (450, 80, 1500, 420), 'cylinder_roi': (800, 190, 1000, 300)}",ok_cylinder_inside_confirmed
2026-09-29 09:36:39,2026-09-29,11395182,12572,39,91.2040786743164,,36.633758544921875,0.7991975545883179,827.9371948242188,187.9876708984375,1009.1843872070312,295.2850036621094,181.2471923828125,107.29733276367188,19447.340313579887,918.560791015625,241.63633728027344,1920,1080,842.4662475585938,215.7265167236328,933.6201171875,218.7523651123047,91.15386962890625,3.025848388671875,1.9012325687993328,left,False,"{'safe_roi': (450, 80, 1500, 420), 'cylinder_roi': (800, 190, 1000, 300)}",ok_cylinder_inside_confirmed
2026-09-29 09:36:56,2026-09-29,11395455,12572,39,90.7746810913086,,37.05262756347656,0.7870896458625793,829.3919677734375,187.97213745117188,1010.1514892578125,298.29998779296875,180.759521484375,110.32785034179688,19942.809434182942,919.771728515625,243.1360626220703,1920,1080,841.8770751953125,214.271484375,932.606689453125,217.13150024414062,90.7296142578125,2.860015869140625,1.805503045787183,left,False,"{'safe_roi': (450, 80, 1500, 420), 'cylinder_roi': (800, 190, 1000, 300)}",ok_cylinder_inside_confirmed
2026-09-29 09:37:01,2026-09-29,11395534,12572,39,111.75900268554688,,34.33604431152344,0.7817118763923645,828.7301025390625,188.22259521484375,1010.491455078125,297.9366760253906,181.7613525390625,109.71408081054688,19941.779720705003,919.6107788085938,243.0796356201172,1920,1080,825.904296875,210.94509887695312,937.4424438476562,217.96768188476562,111.53814697265625,7.0225830078125,3.6026594115464583,left,False,"{'safe_roi': (450, 80, 1500, 420), 'cylinder_roi': (800, 190, 1000, 300)}",ok_cylinder_inside_confirmed
2026-09-29 09:37:06,2026-09-29,11395613,12572,39,111.53654479980469,,33.4708251953125,0.780663013458252,830.4449462890625,188.00631713867188,1009.7298583984375,298.34674072265625,179.284912109375,110.34042358398438,19782.373144365847,920.08740234375,243.17652893066406,1920,1080,826.774658203125,208.79734802246094,937.9022216796875,218.34014892578125,111.1275634765625,9.542800903320312,4.9080908240508485,left,False,"{'safe_roi': (450, 80, 1500, 420), 'cylinder_roi': (800, 190, 1000, 300)}",ok_cylinder_inside_confirmed
2026-09-29 09:37:11,2026-09-29,11395691,12572,39,109.24763488769531,,32.01454162597656,0.7907673716545105,830.827880859375,188.0346221923828,1010.3773193359375,299.21026611328125,179.5494384765625,111.17564392089844,19961.524438267574,920.6026000976562,243.6224365234375,1920,1080,828.1021728515625,208.87582397460938,936.8761596679688,219.03778076171875,108.77398681640625,10.161956787109375,5.337233517355881,left,False,"{'safe_roi': (450, 80, 1500, 420), 'cylinder_roi': (800, 190, 1000, 300)}",ok_cylinder_inside_confirmed
2026-09-29 09:37:17,2026-09-29,11395773,12572,39,110.90167999267578,,32.26972961425781,0.7892447710037231,829.50830078125,188.00401306152344,1010.7366943359375,298.5531005859375,181.2283935546875,110.54908752441406,20034.633540986106,920.1224975585938,243.278564453125,1920,1080,827.5929565429688,209.6132354736328,938.04443359375,219.5959014892578,110.45147705078125,9.982666015625,5.164392935300472,left,False,"{'safe_roi': (450, 80, 1500, 420), 'cylinder_roi': (800, 190, 1000, 300)}",ok_cylinder_inside_confirmed
2026-09-29 09:37:22,2026-09-29,11395854,12572,39,110.19883728027344,,34.57171630859375,0.7912892699241638,829.7698364257812,187.49276733398438,1010.2721557617188,299.0293273925781,180.5023193359375,111.53656005859375,20132.60778132826,920.02099609375,243.26104736328125,1920,1080,827.5054931640625,209.28128051757812,937.0999755859375,220.8065948486328,109.594482421875,11.525314331054688,6.003345559336113,left,False,"{'safe_roi': (450, 80, 1500, 420), 'cylinder_roi': (800, 190, 1000, 300)}",ok_cylinder_inside_confirmed
2026-09-29 09:37:27,2026-09-29,11395934,12572,39,110.14852905273438,,35.687835693359375,0.7864425182342529,830.7923583984375,187.92251586914062,1011.7415771484375,298.5970458984375,180.94921875,110.67453002929688,20026.469744324684,921.2669677734375,243.25978088378906,1920,1080,827.2391357421875,209.49960327148438,936.94580078125,219.3559112548828,109.7066650390625,9.856307983398438,5.133806083069928,left,False,"{'safe_roi': (450, 80, 1500, 420), 'cylinder_roi': (800, 190, 1000, 300)}",ok_cylinder_inside_confirmed
2026-09-29 09:37:32,2026-09-29,11396009,12572,39,110.3946533203125,,35.37480163574219,0.7843480706214905,831.1050415039062,187.8152618408203,1009.4602661132812,299.2006530761719,178.355224609375,111.38539123535156,19866.166471984237,920.2826538085938,243.50796508789062,1920,1080,826.640380859375,208.7098846435547,936.385986328125,220.66322326660156,109.74560546875,11.953338623046875,6.216072883983297,left,False,"{'safe_roi': (450, 80, 1500, 420), 'cylinder_roi': (800, 190, 1000, 300)}",ok_cylinder_inside_confirmed
2026-09-29 09:37:37,2026-09-29,11396086,12572,39,110.59324645996094,,35.19435119628906,0.78160560131073,830.7848510742188,188.220458984375,1011.9357299804688,298.1146545410156,181.15087890625,109.89419555664062,19907.430111780763,921.3602905273438,243.1675567626953,1920,1080,825.939697265625,210.00120544433594,936.1480712890625,219.21969604492188,110.2083740234375,9.218490600585938,4.781432650986712,left,False,"{'safe_roi': (450, 80, 1500, 420), 'cylinder_roi': (800, 190, 1000, 300)}",ok_cylinder_inside_confirmed
2026-09-29 09:37:42,2026-09-29,11396165,12572,39,109.70050048828125,,33.488067626953125,0.7824276685714722,828.2779541015625,188.18182373046875,1011.414306640625,298.5208740234375,183.1363525390625,110.33905029296875,20207.091213278472,919.8461303710938,243.35134887695312,1920,1080,827.6854858398438,209.5286865234375,936.9630126953125,219.15274047851562,109.27752685546875,9.624053955078125,5.033044162574957,left,False,"{'safe_roi': (450, 80, 1500, 420), 'cylinder_roi': (800, 190, 1000, 300)}",ok_cylinder_inside_confirmed
2026-09-29 09:37:47,2026-09-29,11396243,12572,39,107.75804138183594,,33.811248779296875,0.7842406630516052,831.311279296875,188.18165588378906,1011.2122802734375,299.2554931640625,179.9010009765625,111.07383728027344,19982.294509029016,921.2617797851562,243.71856689453125,1920,1080,829.4917602539062,210.54022216796875,936.8463134765625,219.85665893554688,107.35455322265625,9.316436767578125,4.959813046255604,left,False,"{'safe_roi': (450, 80, 1500, 420), 'cylinder_roi': (800, 190, 1000, 300)}",ok_cylinder_inside_confirmed
2026-09-29 09:37:52,2026-09-29,11396318,12572,39,109.16407775878906,,34.28289794921875,0.780256450176239,831.6819458007812,188.3554229736328,1009.2252807617188,299.641357421875,177.5433349609375,111.28593444824219,19758.075936185196,920.45361328125,243.99838256835938,1920,1080,829.43505859375,210.2858428955078,938.0595092773438,221.126708984375,108.62445068359375,10.840866088867188,5.699323418062394,left,False,"{'safe_roi': (450, 80, 1500, 420), 'cylinder_roi': (800, 190, 1000, 300)}",ok_cylinder_inside_confirmed
2026-09-29 09:37:57,2026-09-29,11396399,12572,39,108.82582092285156,,33.811065673828125,0.7810598611831665,832.0596313476562,188.1652374267578,1009.2916870117188,299.47247314453125,177.2320556640625,111.30723571777344,19727.210196545348,920.6756591796875,243.81884765625,1920,1080,829.1480102539062,209.4469451904297,937.4356689453125,220.25628662109375,108.28765869140625,10.809341430664062,5.700417105207622,left,False,"{'safe_roi': (450, 80, 1500, 420), 'cylinder_roi': (800, 190, 1000, 300)}",ok_cylinder_inside_confirmed
2026-09-29 09:38:02,2026-09-29,11396481,12572,39,109.46836853027344,,33.49725341796875,0.787168562412262,830.7647705078125,187.87451171875,1011.905029296875,299.578125,181.1402587890625,111.70361328125,20234.021417438984,921.3348999023438,243.726318359375,1920,1080,828.3660888671875,208.54490661621094,937.0028686523438,222.01243591308594,108.63677978515625,13.467529296875,7.06681277340011,left,False,"{'safe_roi': (450, 80, 1500, 420), 'cylinder_roi': (800, 190, 1000, 300)}",ok_cylinder_inside_confirmed
2026-09-29 09:38:07,2026-09-29,11396559,12572,39,111.12329864501953,,35.093109130859375,0.784753680229187,830.8887329101562,188.02435302734375,1011.7814331054688,299.3821105957031,180.8927001953125,111.35775756835938,20143.805454235524,921.3350830078125,243.70323181152344,1920,1080,827.0333862304688,209.48199462890625,937.5404052734375,221.16903686523438,110.50701904296875,11.687042236328125,6.037067143711762,left,False,"{'safe_roi': (450, 80, 1500, 420), 'cylinder_roi': (800, 190, 1000, 300)}",ok_cylinder_inside_confirmed
2026-09-29 09:38:12,2026-09-29,11396634,12572,39,109.61390686035156,,33.69270324707031,0.7931154370307922,831.1702880859375,188.17584228515625,1011.778076171875,298.40594482421875,180.6077880859375,110.2301025390625,19908.41500006616,921.4741821289062,243.2908935546875,1920,1080,827.7796020507812,209.8259735107422,936.9585571289062,219.58120727539062,109.178955078125,9.755233764648438,5.105868407043531,left,False,"{'safe_roi': (450, 80, 1500, 420), 'cylinder_roi': (800, 190, 1000, 300)}",ok_cylinder_inside_confirmed
2026-09-29 09:38:17,2026-09-29,11396709,12572,39,110.4333267211914,,36.727142333984375,0.7902655005455017,832.3524169921875,188.91986083984375,1010.61669921875,298.16192626953125,178.2642822265625,109.2420654296875,19473.95838277042,921.4845581054688,243.5408935546875,1920,1080,826.3846435546875,209.26564025878906,936.19189453125,221.00819396972656,109.8072509765625,11.7425537109375,6.103891805965261,left,False,"{'safe_roi': (450, 80, 1500, 420), 'cylinder_roi': (800, 190, 1000, 300)}",ok_cylinder_inside_confirmed
2026-09-29 09:38:22,2026-09-29,11396787,12572,39,109.94297790527344,,36.32585144042969,0.7781360745429993,831.0361938476562,188.62652587890625,1007.3026733398438,298.4431457519531,176.2664794921875,109.81661987304688,19356.988974753767,919.16943359375,243.5348358154297,1920,1080,825.644287109375,209.58131408691406,935.0242309570312,220.6937255859375,109.37994384765625,11.112411499023438,5.801037965486437,left,False,"{'safe_roi': (450, 80, 1500, 420), 'cylinder_roi': (800, 190, 1000, 300)}",ok_cylinder_inside_confirmed
2026-09-29 09:38:27,2026-09-29,11396865,12572,39,111.33844757080078,,35.424896240234375,0.7883378863334656,830.0531005859375,188.88446044921875,1008.8931884765625,299.0794982910156,178.840087890625,110.19503784179688,19707.2902527377,919.47314453125,243.9819793701172,1920,1080,826.01611328125,209.58041381835938,936.6793823242188,221.82339477539062,110.66326904296875,12.24298095703125,6.313116078406676,left,False,"{'safe_roi': (450, 80, 1500, 420), 'cylinder_roi': (800, 190, 1000, 300)}",ok_cylinder_inside_confirmed
2026-09-29 09:38:32,2026-09-29,11396942,12572,39,110.21802520751953,,37.13786315917969,0.7839052677154541,826.8097534179688,188.45361328125,1006.1091918945312,297.2628479003906,179.2994384765625,108.80923461914062,19509.43466827646,916.45947265625,242.8582305908203,1920,1080,824.491943359375,211.34848022460938,934.2658081054688,221.23336791992188,109.77386474609375,9.8848876953125,5.145477487786125,left,False,"{'safe_roi': (450, 80, 1500, 420), 'cylinder_roi': (800, 190, 1000, 300)}",ok_cylinder_inside_confirmed
2026-09-29 09:38:37,2026-09-29,11397018,12572,39,113.95095825195312,,37.480377197265625,0.7827990651130676,827.0221557617188,189.3486328125,1011.6770629882812,298.1656188964844,184.6549072265625,108.81698608398438,20093.590470012277,919.349609375,243.7571258544922,1920,1080,822.69580078125,211.65943908691406,936.421875,218.81497192382812,113.72607421875,7.1555328369140625,3.6002482594177887,left,False,"{'safe_roi': (450, 80, 1500, 420), 'cylinder_roi': (800, 190, 1000, 300)}",ok_cylinder_inside_confirmed
2026-09-29 09:38:42,2026-09-29,11397102,12572,39,113.15348052978516,,36.66947937011719,0.7833614945411682,826.2408447265625,189.36788940429688,1011.2611083984375,297.6965637207031,185.020263671875,108.32867431640625,20042.999885246158,918.7509765625,243.5322265625,1920,1080,824.1722412109375,211.8992156982422,937.046142578125,219.84861755371094,112.8739013671875,7.94940185546875,4.028534180781752,left,False,"{'safe_roi': (450, 80, 1500, 420), 'cylinder_roi': (800, 190, 1000, 300)}",ok_cylinder_inside_confirmed
2026-09-29 09:38:47,2026-09-29,11397181,12572,39,115.26543426513672,,35.647003173828125,0.7842015624046326,826.660888671875,188.94773864746094,1012.6517333984375,297.8037414550781,185.9908447265625,108.85600280761719,20246.21991574578,919.6563110351562,243.375732421875,1920,1080,824.0121459960938,211.97933959960938,938.9259033203125,220.97650146484375,114.91375732421875,8.997161865234375,4.47683479226258,left,False,"{'safe_roi': (450, 80, 1500, 420), 'cylinder_roi': (800, 190, 1000, 300)}",ok_cylinder_inside_confirmed
2026-09-29 09:38:52,2026-09-29,11397260,12572,39,114.54800415039062,,33.5836181640625,0.7880624532699585,826.5057983398438,188.93588256835938,1012.4711303710938,297.9888610839844,185.96533203125,109.052978515625,20280.073358654976,919.4884643554688,243.46237182617188,1920,1080,824.6005249023438,210.5100860595703,938.7613525390625,219.92019653320312,114.16082763671875,9.410110473632812,4.712154595936055,left,False,"{'safe_roi': (450, 80, 1500, 420), 'cylinder_roi': (800, 190, 1000, 300)}",ok_cylinder_inside_confirmed
2026-09-29 09:38:57,2026-09-29,11397338,12572,39,113.81414031982422,,36.597076416015625,0.7896298170089722,825.768310546875,189.21221923828125,1012.199951171875,298.92205810546875,186.431640625,109.7098388671875,20453.385252714157,918.984130859375,244.067138671875,1920,1080,824.7420654296875,210.7490997314453,938.17041015625,220.1122589111328,113.4283447265625,9.3631591796875,4.7188907070286,left,False,"{'safe_roi': (450, 80, 1500, 420), 'cylinder_roi': (800, 190, 1000, 300)}",ok_cylinder_inside_confirmed
2026-09-29 09:39:02,2026-09-29,11397419,12572,39,113.39674377441406,,34.39714050292969,0.7803558111190796,826.5247802734375,189.17578125,1013.9610595703125,298.48443603515625,187.436279296875,109.30865478515625,20488.40754787624,920.242919921875,243.83010864257812,1920,1080,825.2518920898438,210.44601440429688,938.3389892578125,218.82040405273438,113.08709716796875,8.3743896484375,4.23516916058396,left,False,"{'safe_roi': (450, 80, 1500, 420), 'cylinder_roi': (800, 190, 1000, 300)}",ok_cylinder_inside_confirmed
2026-09-29 09:39:07,2026-09-29,11397496,12572,39,112.43409729003906,,35.48527526855469,0.7704785466194153,827.2808837890625,189.4324493408203,1010.232421875,298.9238586425781,182.9515380859375,109.49140930175781,20031.621738953516,918.7566528320312,244.17816162109375,1920,1080,826.1702270507812,211.37322998046875,938.24072265625,220.40814208984375,112.07049560546875,9.034912109375,4.60910969353336,left,False,"{'safe_roi': (450, 80, 1500, 420), 'cylinder_roi': (800, 190, 1000, 300)}",ok_cylinder_inside_confirmed
2026-09-29 09:39:12,2026-09-29,11397574,12572,39,112.5224838256836,,35.17095947265625,0.7766757011413574,827.0260009765625,189.40005493164062,1011.1700439453125,298.73187255859375,184.14404296875,109.33181762695312,20132.802922949195,919.0980224609375,244.0659637451172,1920,1080,825.8021240234375,211.56988525390625,937.9617919921875,220.59860229492188,112.15966796875,9.028717041015625,4.602316691361914,left,False,"{'safe_roi': (450, 80, 1500, 420), 'cylinder_roi': (800, 190, 1000, 300)}",ok_cylinder_inside_confirmed
2026-09-29 09:39:17,2026-09-29,11397652,12572,39,113.25089263916016,,34.80682373046875,0.7835555672645569,827.105712890625,189.22592163085938,1012.029541015625,297.5724182128906,184.923828125,108.34649658203125,20035.848911881447,919.567626953125,243.399169921875,1920,1080,827.2863159179688,210.58848571777344,940.052978515625,221.05007934570312,112.76666259765625,10.461593627929688,5.300275366231471,left,False,"{'safe_roi': (450, 80, 1500, 420), 'cylinder_roi': (800, 190, 1000, 300)}",ok_cylinder_inside_confirmed
2026-09-29 09:39:22,2026-09-29,11397735,12572,39,112.94740295410156,,36.23191833496094,0.7780354022979736,825.5015869140625,189.3350067138672,1010.977294921875,298.0973205566406,185.4757080078125,108.76231384277344,20172.76716455631,918.2394409179688,243.71615600585938,1920,1080,826.5690307617188,212.58123779296875,939.23388671875,220.56539916992188,112.66485595703125,7.984161376953125,4.0535733217721335,left,False,"{'safe_roi': (450, 80, 1500, 420), 'cylinder_roi': (800, 190, 1000, 300)}",ok_cylinder_inside_confirmed
2026-09-29 09:39:27,2026-09-29,11397813,12572,39,110.69874572753906,,35.671661376953125,0.7839319705963135,829.337646484375,188.9486083984375,1011.7430419921875,299.385986328125,182.4053955078125,110.4373779296875,20144.37360011041,920.5403442382812,244.16729736328125,1920,1080,827.5550537109375,211.9749755859375,937.974365234375,219.83554077148438,110.4193115234375,7.860565185546875,4.07192097834376,left,False,"{'safe_roi': (450, 80, 1500, 420), 'cylinder_roi': (800, 190, 1000, 300)}",ok_cylinder_inside_confirmed
2026-09-29 09:39:32,2026-09-29,11397893,12572,39,113.19490051269531,,35.41304016113281,0.7835339307785034,828.27685546875,189.52731323242188,1010.8529052734375,299.09625244140625,182.5760498046875,109.56893920898438,20004.66410206631,919.5648803710938,244.31178283691406,1920,1080,825.4481201171875,213.1019287109375,938.4429931640625,219.82830810546875,112.994873046875,6.72637939453125,3.4066934083724556,left,False,"{'safe_roi': (450, 80, 1500, 420), 'cylinder_roi': (800, 190, 1000, 300)}",ok_cylinder_inside_confirmed
2026-09-29 09:39:38,2026-09-29,11397972,12572,39,113.25629425048828,,35.96821594238281,0.779513955116272,828.4052734375,188.97325134277344,1012.1627197265625,299.33349609375,183.7574462890625,110.36024475097656,20279.516747275367,920.2839965820312,244.15338134765625,1920,1080,825.5610961914062,213.11553955078125,938.5897216796875,220.2930908203125,113.02862548828125,7.17755126953125,3.633521556689466,left,False,"{'safe_roi': (450, 80, 1500, 420), 'cylinder_roi': (800, 190, 1000, 300)}",ok_cylinder_inside_confirmed
2026-09-29 09:39:43,2026-09-29,11398051,12572,39,110.40301513671875,,34.70283508300781,0.7780990600585938,830.48095703125,188.85537719726562,1011.2109375,299.33966064453125,180.72998046875,110.48428344726562,19967.822389528155,920.845947265625,244.09751892089844,1920,1080,827.953857421875,213.48170471191406,938.2005615234375,219.35455322265625,110.2467041015625,5.8728485107421875,3.0492674740279924,left,False,"{'safe_roi': (450, 80, 1500, 420), 'cylinder_roi': (800, 190, 1000, 300)}",ok_cylinder_inside_confirmed
2026-09-29 09:39:48,2026-09-29,11398128,12572,39,112.57585144042969,,34.80705261230469,0.7786213755607605,828.4227905273438,188.8411102294922,1010.4320678710938,298.72589111328125,182.00927734375,109.88478088378906,20000.04955973476,919.4274291992188,243.78350830078125,1920,1080,826.1427612304688,212.73800659179688,938.5158081054688,219.4923553466797,112.373046875,6.7543487548828125,3.4397095279144447,left,False,"{'safe_roi': (450, 80, 1500, 420), 'cylinder_roi': (800, 190, 1000, 300)}",ok_cylinder_inside_confirmed
2026-09-29 09:39:53,2026-09-29,11398204,12572,39,113.50391387939453,,34.380218505859375,0.7858610153198242,828.2376708984375,188.94595336914062,1012.2557373046875,298.8578796386719,184.01806640625,109.91192626953125,20225.780147105455,920.2467041015625,243.90191650390625,1920,1080,825.4046630859375,213.11746215820312,938.7529296875,219.05953979492188,113.3482666015625,5.94207763671875,3.0008805097546194,left,False,"{'safe_roi': (450, 80, 1500, 420), 'cylinder_roi': (800, 190, 1000, 300)}",ok_cylinder_inside_confirmed
2026-09-29 09:39:58,2026-09-29,11398284,12572,39,113.08869934082031,,35.72212219238281,0.782744824886322,827.8433837890625,189.07777404785156,1011.380859375,298.5548400878906,183.5374755859375,109.47706604003906,20093.144335543737,919.6121215820312,243.81631469726562,1920,1080,825.6650390625,212.091552734375,938.5411376953125,219.02267456054688,112.8760986328125,6.931121826171875,3.513817676264305,left,False,"{'safe_roi': (450, 80, 1500, 420), 'cylinder_roi': (800, 190, 1000, 300)}",ok_cylinder_inside_confirmed
2026-09-29 09:40:03,2026-09-29,11398368,12572,39,111.26861572265625,,35.609771728515625,0.7856233716011047,830.9139404296875,189.23207092285156,1011.441650390625,299.5980529785156,180.5277099609375,110.36598205566406,19924.117998098955,921.1777954101562,244.41506958007812,1920,1080,826.1593017578125,212.4023895263672,937.0630493164062,221.4059295654297,110.90374755859375,9.0035400390625,4.641285858865932,left,False,"{'safe_roi': (450, 80, 1500, 420), 'cylinder_roi': (800, 190, 1000, 300)}",ok_cylinder_inside_confirmed
2026-09-29 09:40:08,2026-09-29,11398449,12572,39,112.98236083984375,,35.610107421875,0.7820980548858643,827.1931762695312,189.6614990234375,1012.7096557617188,299.2637634277344,185.5164794921875,109.60226440429688,20333.026236657053,919.951416015625,244.46263122558594,1920,1080,826.599365234375,212.09600830078125,939.2844848632812,220.28614807128906,112.68511962890625,8.190139770507812,4.15704171765369,left,False,"{'safe_roi': (450, 80, 1500, 420), 'cylinder_roi': (800, 190, 1000, 300)}",ok_cylinder_inside_confirmed
2026-09-29 09:40:13,2026-09-29,11398528,12572,39,113.12212371826172,,34.9263916015625,0.7853109836578369,831.1090087890625,188.9086151123047,1014.167236328125,299.402587890625,183.0582275390625,110.49397277832031,20226.830810548738,922.6381225585938,244.15560913085938,1920,1080,825.435546875,210.8768768310547,938.2158203125,219.66468811035156,112.7802734375,8.787811279296875,4.455470545046562,left,False,"{'safe_roi': (450, 80, 1500, 420), 'cylinder_roi': (800, 190, 1000, 300)}",ok_cylinder_inside_confirmed
2026-09-29 09:40:18,2026-09-29,11398605,12572,39,113.6552505493164,,34.46623229980469,0.7839794158935547,826.8910522460938,189.5938262939453,1013.7782592773438,299.08612060546875,186.88720703125,109.49229431152344,20462.709075324237,920.3346557617188,244.3399658203125,1920,1080,825.0258178710938,212.4361572265625,938.45703125,219.56884765625,113.43121337890625,7.1326904296875,3.598089830046264,left,False,"{'safe_roi': (450, 80, 1500, 420), 'cylinder_roi': (800, 190, 1000, 300)}",ok_cylinder_inside_confirmed
2026-09-29 09:40:23,2026-09-29,11398686,12572,39,113.21192932128906,,35.09544372558594,0.7791672348976135,828.5055541992188,189.50662231445312,1012.6721801757812,299.7757873535156,184.1666259765625,110.2691650390625,20307.900074496865,920.5888671875,244.64120483398438,1920,1080,825.4337158203125,211.39410400390625,938.251708984375,220.830322265625,112.8179931640625,9.43621826171875,4.781151958060424,left,False,"{'safe_roi': (450, 80, 1500, 420), 'cylinder_roi': (800, 190, 1000, 300)}",ok_cylinder_inside_confirmed
2026-09-29 09:40:28,2026-09-29,11398764,12572,39,110.22811889648438,,36.53959655761719,0.7871457934379578,831.8217163085938,189.425048828125,1015.0519409179688,299.1141357421875,183.230224609375,109.6890869140625,20098.356032460928,923.4368286132812,244.26959228515625,1920,1080,828.4668579101562,211.49009704589844,938.3133544921875,220.65447998046875,109.84649658203125,9.164382934570312,4.7690849197087815,left,False,"{'safe_roi': (450, 80, 1500, 420), 'cylinder_roi': (800, 190, 1000, 300)}",ok_cylinder_inside_confirmed
2026-09-29 09:40:33,2026-09-29,11398842,12572,39,113.48841094970703,,35.40809631347656,0.7892034649848938,831.3887939453125,189.1114044189453,1014.1278076171875,299.3086853027344,182.739013671875,110.19728088378906,20137.34241802618,922.75830078125,244.21005249023438,1920,1080,826.1741943359375,209.5783233642578,939.2310180664062,219.46636962890625,113.05682373046875,9.888046264648438,4.9984186862046895,left,False,"{'safe_roi': (450, 80, 1500, 420), 'cylinder_roi': (800, 190, 1000, 300)}",ok_cylinder_inside_confirmed
2026-09-29 09:40:38,2026-09-29,11398926,12572,39,113.35462188720703,,36.33949279785156,0.7894577980041504,833.2032470703125,189.73306274414062,1013.411865234375,299.0557556152344,180.2086181640625,109.32269287109375,19700.89141627401,923.3075561523438,244.3944091796875,1920,1080,828.815185546875,209.85101318359375,941.621826171875,220.9835205078125,112.806640625,11.13250732421875,5.6360780469139256,left,False,"{'safe_roi': (450, 80, 1500, 420), 'cylinder_roi': (800, 190, 1000, 300)}",ok_cylinder_inside_confirmed
2026-09-29 09:40:43,2026-09-29,11399007,12572,39,112.67487335205078,,35.5823974609375,0.7896163463592529,828.7418823242188,189.83969116210938,1015.3777465820312,299.7478942871094,186.6358642578125,109.908203125,20512.812479257584,922.059814453125,244.79379272460938,1920,1080,828.07763671875,211.07154846191406,940.3232421875,220.89761352539062,112.24560546875,9.826065063476562,5.00296194441553,left,False,"{'safe_roi': (450, 80, 1500, 420), 'cylinder_roi': (800, 190, 1000, 300)}",ok_cylinder_inside_confirmed
2026-09-29 09:40:48,2026-09-29,11399085,12572,39,111.40654754638672,,34.675994873046875,0.7882965207099915,830.4659423828125,189.08241271972656,1015.0830078125,299.3768310546875,184.6170654296875,110.29441833496094,20362.231846274808,922.7744750976562,244.2296142578125,1920,1080,829.2335205078125,211.38084411621094,940.390625,218.8318634033203,111.1571044921875,7.451019287109375,3.8348810581083885,left,False,"{'safe_roi': (450, 80, 1500, 420), 'cylinder_roi': (800, 190, 1000, 300)}",ok_cylinder_inside_confirmed
2026-09-29 09:40:53,2026-09-29,11399163,12572,39,112.02096557617188,,35.51344299316406,0.7876584529876709,829.5098876953125,188.6087188720703,1016.212890625,298.62603759765625,186.7030029296875,110.01731872558594,20540.563780339435,922.8613891601562,243.61737060546875,1920,1080,829.3269653320312,211.94786071777344,941.1151123046875,219.16639709472656,111.78814697265625,7.218536376953125,3.69465153586835,left,False,"{'safe_roi': (450, 80, 1500, 420), 'cylinder_roi': (800, 190, 1000, 300)}",ok_cylinder_inside_confirmed
2026-09-29 09:40:58,2026-09-29,11399243,12572,39,111.97584533691406,,35.47283935546875,0.7888352274894714,831.926025390625,189.11383056640625,1015.890869140625,298.4401550292969,183.96484375,109.32632446289062,20112.200197577477,923.908447265625,243.77699279785156,1920,1080,828.9935302734375,212.38873291015625,940.71044921875,219.99923706054688,111.7169189453125,7.610504150390625,3.8971456609534036,left,False,"{'safe_roi': (450, 80, 1500, 420), 'cylinder_roi': (800, 190, 1000, 300)}",ok_cylinder_inside_confirmed
2026-09-29 09:41:03,2026-09-29,11399321,12572,39,113.96522521972656,,35.24620056152344,0.7876976132392883,831.4229125976562,188.9928436279297,1014.9684448242188,298.5588684082031,183.5455322265625,109.56602478027344,20110.354332244024,923.1956787109375,243.77584838867188,1920,1080,826.7965698242188,211.3711395263672,940.55029296875,218.3111572265625,113.75372314453125,6.9400177001953125,3.4912393682361134,left,False,"{'safe_roi': (450, 80, 1500, 420), 'cylinder_roi': (800, 190, 1000, 300)}",ok_cylinder_inside_confirmed
2026-09-29 09:41:08,2026-09-29,11399400,12572,39,114.81372833251953,,34.19294738769531,0.7911255359649658,832.5669555664062,189.69876098632812,1016.3248901367188,299.328857421875,183.7579345703125,109.63009643554688,20145.400087740272,924.4459228515625,244.51380920410156,1920,1080,826.404541015625,211.15748596191406,940.9327392578125,219.249755859375,114.5281982421875,8.092269897460938,4.0416563798293925,left,False,"{'safe_roi': (450, 80, 1500, 420), 'cylinder_roi': (800, 190, 1000, 300)}",ok_cylinder_inside_confirmed
2026-09-29 09:41:14,2026-09-29,11399478,12572,39,112.39608001708984,,36.9437255859375,0.7871003150939941,820.5403442382812,190.187744140625,1011.2949829101562,297.2591552734375,190.754638671875,107.0714111328125,20424.368342727423,915.9176635742188,243.72344970703125,1920,1080,821.2041625976562,216.96810913085938,933.46240234375,222.53289794921875,112.25823974609375,5.564788818359375,2.837904243592875,left,False,"{'safe_roi': (450, 80, 1500, 420), 'cylinder_roi': (800, 190, 1000, 300)}",ok_cylinder_inside_confirmed
2026-09-29 09:41:19,2026-09-29,11399557,12572,39,94.56552124023438,,39.47288513183594,0.7800804376602173,807.2012329101562,189.59764099121094,987.7367553710938,296.9492492675781,180.5355224609375,107.35160827636719,19380.778687195852,897.468994140625,243.2734375,1920,1080,820.2403564453125,228.99508666992188,914.7633056640625,226.1578369140625,94.52294921875,2.837249755859375,1.7193035311166693,left,False,"{'safe_roi': (450, 80, 1500, 420), 'cylinder_roi': (800, 190, 1000, 300)}",ok_cylinder_inside_confirmed
2026-09-29 09:41:26,2026-09-29,11399670,12572,39,105.65745544433594,,45.58343505859375,0.7708261609077454,805.21337890625,189.65411376953125,986.1868896484375,296.3741149902344,180.9735107421875,106.72000122070312,19313.49328732118,895.7001342773438,243.0141143798828,1920,1080,807.7200927734375,223.6904296875,913.2060546875,229.70782470703125,105.4859619140625,6.01739501953125,3.2648713607956314,left,False,"{'safe_roi': (450, 80, 1500, 420), 'cylinder_roi': (800, 190, 1000, 300)}",ok_cylinder_inside_confirmed
2026-09-29 09:41:31,2026-09-29,11399750,12572,39,106.24523162841797,,45.91777038574219,0.7710874676704407,802.4908447265625,189.6491241455078,984.605224609375,296.2112731933594,182.1143798828125,106.56214904785156,19406.499692829326,893.5480346679688,242.93020629882812,1920,1080,805.253662109375,226.35906982421875,911.4571533203125,229.33694458007812,106.2034912109375,2.977874755859375,1.6061144564192693,left,False,"{'safe_roi': (450, 80, 1500, 420), 'cylinder_roi': (800, 190, 1000, 300)}",ok_cylinder_inside_confirmed
2026-09-29 09:41:36,2026-09-29,11399825,12572,39,104.71385192871094,,44.34844970703125,0.7751941084861755,804.234375,190.2963104248047,986.8004150390625,295.60577392578125,182.5660400390625,105.30946350097656,19225.931730011478,895.5173950195312,242.9510498046875,1920,1080,804.6549072265625,225.7611541748047,909.309814453125,229.27423095703125,104.6549072265625,3.5130767822265625,1.9225942201382633,left,False,"{'safe_roi': (450, 80, 1500, 420), 'cylinder_roi': (800, 190, 1000, 300)}",ok_cylinder_inside_confirmed
2026-09-29 09:41:41,2026-09-29,11399899,12572,39,104.9267349243164,,45.47906494140625,0.7735855579376221,803.3148193359375,189.922607421875,985.520263671875,295.44512939453125,182.2054443359375,105.52252197265625,19226.77800347656,894.4175415039062,242.68386840820312,1920,1080,804.8907470703125,225.907470703125,909.7330932617188,230.11483764648438,104.84234619140625,4.207366943359375,2.2980703406212504,left,False,"{'safe_roi': (450, 80, 1500, 420), 'cylinder_roi': (800, 190, 1000, 300)}",ok_cylinder_inside_confirmed
2026-09-29 09:41:46,2026-09-29,11399980,12572,39,104.10611724853516,,43.910797119140625,0.7787988781929016,803.217529296875,190.467041015625,985.7425537109375,294.727294921875,182.5250244140625,104.26025390625,19030.105389654636,894.4800415039062,242.59716796875,1920,1080,805.0732421875,225.9609375,909.0615234375,230.9127655029297,103.98828125,4.9518280029296875,2.726313790010557,left,False,"{'safe_roi': (450, 80, 1500, 420), 'cylinder_roi': (800, 190, 1000, 300)}",ok_cylinder_inside_confirmed
2026-09-29 09:42:31,2026-09-29,11400696,12572,40,89.07585906982422,,36.74189758300781,0.7923189401626587,852.470947265625,192.4907989501953,1029.3961181640625,305.834716796875,176.9251708984375,113.34391784667969,20053.392035322264,940.9335327148438,249.16275024414062,1920,1080,866.1982421875,220.57717895507812,955.156005859375,225.1625213623047,88.957763671875,4.5853424072265625,2.9507088795123084,left,False,"{'safe_roi': (450, 80, 1500, 420), 'cylinder_roi': (800, 190, 1000, 300)}",ok_cylinder_inside_confirmed
2026-09-29 09:42:36,2026-09-29,11400774,12572,40,94.24376678466797,,38.63246154785156,0.77431720495224,859.6634521484375,190.37393188476562,1039.5806884765625,302.257568359375,179.917236328125,111.88363647460938,20129.79466485232,949.6220703125,246.3157501220703,1920,1080,865.0440063476562,219.52279663085938,959.16552734375,224.32144165039062,94.12152099609375,4.79864501953125,2.918612601001495,left,False,"{'safe_roi': (450, 80, 1500, 420), 'cylinder_roi': (800, 190, 1000, 300)}",ok_cylinder_inside_confirmed
2026-09-29 09:42:41,2026-09-29,11400853,12572,40,91.27519989013672,,38.402099609375,0.7849855422973633,858.7315673828125,190.09104919433594,1040.5880126953125,304.0760192871094,181.8564453125,113.98497009277344,20728.9014801234,949.6597900390625,247.08352661132812,1920,1080,871.1205444335938,219.77499389648438,962.1676025390625,226.2244415283203,91.04705810546875,6.4494476318359375,4.051859797909522,left,False,"{'safe_roi': (450, 80, 1500, 420), 'cylinder_roi': (800, 190, 1000, 300)}",ok_cylinder_inside_confirmed
2026-09-29 09:42:56,2026-09-29,11401085,12572,40,108.81478881835938,,39.73735046386719,0.7777546644210815,815.536865234375,190.71682739257812,1006.5482177734375,297.2266845703125,191.0113525390625,106.50985717773438,20344.591878261417,911.0425415039062,243.9717559814453,1920,1080,822.470947265625,207.04888916015625,930.5582275390625,219.61068725585938,108.0872802734375,12.561798095703125,6.629120053659893,left,False,"{'safe_roi': (450, 80, 1500, 420), 'cylinder_roi': (800, 190, 1000, 300)}",ok_cylinder_inside_confirmed
2026-09-29 09:43:01,2026-09-29,11401164,12572,40,100.89791870117188,,39.719451904296875,0.768027126789093,819.1254272460938,190.12216186523438,1005.9096069335938,296.86724853515625,186.7841796875,106.74508666992188,19938.29344931245,912.5175170898438,243.4947052001953,1920,1080,825.4583740234375,208.8097686767578,925.76123046875,219.75173950195312,100.3028564453125,10.941970825195312,6.225739324964764,left,False,"{'safe_roi': (450, 80, 1500, 420), 'cylinder_roi': (800, 190, 1000, 300)}",ok_cylinder_inside_confirmed
2026-09-29 09:43:06,2026-09-29,11401242,12572,40,110.08650970458984,,39.40032958984375,0.7713918685913086,820.0809936523438,190.57327270507812,1007.2245483398438,297.1446228027344,187.1435546875,106.57135009765625,19944.14128512144,913.6527709960938,243.85894775390625,1920,1080,820.994140625,208.51632690429688,930.4840087890625,219.96221923828125,109.4898681640625,11.445892333984375,5.967930663275301,left,False,"{'safe_roi': (450, 80, 1500, 420), 'cylinder_roi': (800, 190, 1000, 300)}",ok_cylinder_inside_confirmed
2026-09-29 09:43:11,2026-09-29,11401320,12572,40,108.99542236328125,,39.019683837890625,0.762395441532135,820.1148681640625,190.21449279785156,1005.58984375,297.1014709472656,185.4749755859375,106.88697814941406,19824.85966271721,912.8523559570312,243.65798950195312,1920,1080,820.29736328125,209.08566284179688,928.7186279296875,220.25845336914062,108.4212646484375,11.17279052734375,5.883551413466291,left,False,"{'safe_roi': (450, 80, 1500, 420), 'cylinder_roi': (800, 190, 1000, 300)}",ok_cylinder_inside_confirmed
2026-09-29 09:43:16,2026-09-29,11401398,12572,40,93.04175567626953,,39.69389343261719,0.7695320844650269,820.1790771484375,191.64993286132812,1003.17626953125,297.7480773925781,182.9971923828125,106.09814453125,19415.662566244602,911.6776733398438,244.69900512695312,1920,1080,832.527587890625,209.07679748535156,924.303955078125,224.36947631835938,91.7763671875,15.292678833007812,9.460267663292369,left,False,"{'safe_roi': (450, 80, 1500, 420), 'cylinder_roi': (800, 190, 1000, 300)}",ok_cylinder_inside_confirmed
2026-09-29 09:43:24,2026-09-29,11401527,12572,40,101.55906677246094,,39.244842529296875,0.7703791856765747,821.9884643554688,191.81834411621094,1002.6752319335938,298.09356689453125,180.686767578125,106.27522277832031,19202.526477459818,912.3318481445312,244.95596313476562,1920,1080,826.3121337890625,205.77096557617188,926.5335693359375,222.1998291015625,100.221435546875,16.428863525390625,9.30945024804286,left,False,"{'safe_roi': (450, 80, 1500, 420), 'cylinder_roi': (800, 190, 1000, 300)}",ok_cylinder_inside_confirmed
2026-09-29 09:43:30,2026-09-29,11401608,12572,40,96.10078430175781,,38.955596923828125,0.7707436084747314,821.1839599609375,191.87234497070312,1002.161865234375,297.746826171875,180.9779052734375,105.87448120117188,19160.941829700023,911.6729125976562,244.80958557128906,1920,1080,830.8984985351562,208.72238159179688,925.9588623046875,222.8251495361328,95.06036376953125,14.102767944335938,8.438617585428288,left,False,"{'safe_roi': (450, 80, 1500, 420), 'cylinder_roi': (800, 190, 1000, 300)}",ok_cylinder_inside_confirmed
2026-09-29 09:43:38,2026-09-29,11401740,12572,40,97.94109344482422,,37.39825439453125,0.7647929787635803,821.9765014648438,191.07156372070312,1005.3944702148438,298.86602783203125,183.41796875,107.79446411132812,19771.44164979458,913.6854858398438,244.9687957763672,1920,1080,829.5491333007812,207.2374267578125,926.3450927734375,222.17059326171875,96.79595947265625,14.93316650390625,8.770146243601028,left,False,"{'safe_roi': (450, 80, 1500, 420), 'cylinder_roi': (800, 190, 1000, 300)}",ok_cylinder_inside_confirmed
2026-09-29 09:43:43,2026-09-29,11401818,12572,40,105.28623962402344,,38.364501953125,0.7698302268981934,822.5038452148438,190.78244018554688,1004.3948364257812,297.7008361816406,181.8909912109375,106.91839599609375,19447.493026413023,913.4493408203125,244.24163818359375,1920,1080,823.9570922851562,205.13604736328125,927.7833251953125,222.60903930664062,103.82623291015625,17.472991943359375,9.55283503684713,left,False,"{'safe_roi': (450, 80, 1500, 420), 'cylinder_roi': (800, 190, 1000, 300)}",ok_cylinder_inside_confirmed
2026-09-29 09:43:49,2026-09-29,11401907,12572,40,104.76610565185547,,33.75114440917969,0.7668464183807373,823.5604248046875,189.93289184570312,1003.2327880859375,297.12408447265625,179.67236328125,107.19119262695312,19259.29490222037,913.3966064453125,243.5284881591797,1920,1080,826.0740966796875,202.61965942382812,928.4610595703125,224.81982421875,102.386962890625,22.200164794921875,12.233847076387082,left,False,"{'safe_roi': (450, 80, 1500, 420), 'cylinder_roi': (800, 190, 1000, 300)}",ok_cylinder_inside_confirmed
2026-09-29 09:43:54,2026-09-29,11401985,12572,40,107.70712280273438,,33.98704528808594,0.765496551990509,823.6968994140625,190.70193481445312,999.2989501953125,296.3523864746094,175.60205078125,105.65045166015625,18552.435977488756,911.4979248046875,243.52716064453125,1920,1080,825.55908203125,205.2667236328125,931.23095703125,226.10609436035156,105.671875,20.839370727539062,11.15604957424358,left,False,"{'safe_roi': (450, 80, 1500, 420), 'cylinder_roi': (800, 190, 1000, 300)}",ok_cylinder_inside_confirmed
2026-09-29 09:43:59,2026-09-29,11402062,12572,40,85.70113372802734,,33.9375,0.7743021845817566,819.7481079101562,189.9217529296875,990.5503540039062,296.7261047363281,170.80224609375,106.80435180664062,18242.423181161284,905.1492309570312,243.3239288330078,1920,1080,839.9965209960938,208.73928833007812,922.5433349609375,231.77639770507812,82.54681396484375,23.037109375,15.593319142297403,left,False,"{'safe_roi': (450, 80, 1500, 420), 'cylinder_roi': (800, 190, 1000, 300)}",ok_cylinder_inside_confirmed
2026-09-29 09:44:06,2026-09-29,11402179,12572,40,89.595947265625,,35.83001708984375,0.7705804109573364,819.0694580078125,190.53253173828125,995.7640380859375,295.4714660644531,176.694580078125,104.93893432617188,18542.140934608877,907.416748046875,243.0019989013672,1920,1080,833.2322998046875,210.12741088867188,921.2426147460938,226.90890502929688,88.01031494140625,16.781494140625,10.795369595728667,left,False,"{'safe_roi': (450, 80, 1500, 420), 'cylinder_roi': (800, 190, 1000, 300)}",ok_cylinder_inside_confirmed
2026-09-29 09:44:11,2026-09-29,11402258,12572,40,102.37982177734375,,31.897933959960938,0.7801944613456726,800.0010375976562,189.4029541015625,985.3425903320312,297.24822998046875,185.341552734375,107.84527587890625,19988.210886463523,892.6718139648438,243.32559204101562,1920,1080,800.938232421875,210.3306427001953,902.5299072265625,223.00973510742188,101.5916748046875,12.679092407226562,7.113983882057641,left,False,"{'safe_roi': (450, 80, 1500, 420), 'cylinder_roi': (800, 190, 1000, 300)}",ok_cylinder_inside_confirmed
2026-09-29 09:44:16,2026-09-29,11402336,12572,40,100.35321807861328,,35.723388671875,0.7817710041999817,796.7020263671875,189.63925170898438,984.9652099609375,296.5263977050781,188.26318359375,106.88714599609375,20122.914390474558,890.8336181640625,243.08282470703125,1920,1080,802.30322265625,212.3037109375,902.19189453125,221.94851684570312,99.888671875,9.644805908203125,5.5151289180943275,left,False,"{'safe_roi': (450, 80, 1500, 420), 'cylinder_roi': (800, 190, 1000, 300)}",ok_cylinder_inside_confirmed
2026-09-29 09:44:21,2026-09-29,11402415,12572,40,102.23963165283203,,35.36189270019531,0.7794066667556763,796.637939453125,189.66940307617188,984.621337890625,296.9039001464844,187.9833984375,107.2344970703125,20158.30518901348,890.629638671875,243.28665161132812,1920,1080,802.3173217773438,210.37875366210938,903.8736572265625,222.1793212890625,101.55633544921875,11.800567626953125,6.627889588495962,left,False,"{'safe_roi': (450, 80, 1500, 420), 'cylinder_roi': (800, 190, 1000, 300)}",ok_cylinder_inside_confirmed
2026-09-29 09:44:26,2026-09-29,11402492,12572,40,102.43363189697266,,34.51332092285156,0.7845643162727356,799.4425659179688,189.6118927001953,983.1787719726562,297.107666015625,183.7362060546875,107.49577331542969,19750.865555891767,891.3106689453125,243.35977172851562,1920,1080,801.9985961914062,209.54776000976562,903.39208984375,224.10824584960938,101.39349365234375,14.56048583984375,8.172019813624273,left,False,"{'safe_roi': (450, 80, 1500, 420), 'cylinder_roi': (800, 190, 1000, 300)}",ok_cylinder_inside_confirmed
2026-09-29 09:44:31,2026-09-29,11402570,12572,40,100.81674194335938,,36.44818115234375,0.784203052520752,798.3291625976562,189.90261840820312,982.3776245117188,297.15875244140625,184.0484619140625,107.25613403320312,19740.326499659568,890.3533935546875,243.5306854248047,1920,1080,802.5958251953125,210.1857147216797,902.7059326171875,222.10130310058594,100.110107421875,11.91558837890625,6.787687023174229,left,False,"{'safe_roi': (450, 80, 1500, 420), 'cylinder_roi': (800, 190, 1000, 300)}",ok_cylinder_inside_confirmed
2026-09-29 09:44:36,2026-09-29,11402643,12572,40,98.67707824707031,,37.42189025878906,0.7887632846832275,799.2286376953125,189.52474975585938,982.050537109375,295.6968078613281,182.8218994140625,106.17205810546875,19410.577327542007,890.6395874023438,242.61077880859375,1920,1080,803.6734619140625,211.07057189941406,901.525390625,223.80502319335938,97.8519287109375,12.734451293945312,7.414800831135235,left,False,"{'safe_roi': (450, 80, 1500, 420), 'cylinder_roi': (800, 190, 1000, 300)}",ok_cylinder_inside_confirmed
2026-09-29 09:44:41,2026-09-29,11402724,12572,40,98.28572082519531,,36.14720153808594,0.7794222235679626,800.352783203125,188.88136291503906,981.41064453125,295.89385986328125,181.057861328125,107.01249694824219,19375.453832831234,890.8817138671875,242.38760375976562,1920,1080,802.9869384765625,211.2503662109375,900.5806884765625,222.89263916015625,97.59375,11.64227294921875,6.802849577840463,left,False,"{'safe_roi': (450, 80, 1500, 420), 'cylinder_roi': (800, 190, 1000, 300)}",ok_cylinder_inside_confirmed
2026-09-29 09:44:46,2026-09-29,11402804,12572,40,99.86941528320312,,36.71385192871094,0.7840775847434998,799.8179321289062,189.78421020507812,979.7933959960938,297.490234375,179.9754638671875,107.70602416992188,19384.441661272198,889.8056640625,243.63722229003906,1920,1080,801.1620483398438,211.0747833251953,900.1719360351562,224.1492462158203,99.0098876953125,13.074462890625,7.522503895343314,left,False,"{'safe_roi': (450, 80, 1500, 420), 'cylinder_roi': (800, 190, 1000, 300)}",ok_cylinder_inside_confirmed
2026-09-29 09:44:52,2026-09-29,11402883,12572,40,100.4058609008789,,36.78028869628906,0.7725508809089661,797.6661376953125,189.11685180664062,977.1519775390625,294.69635009765625,179.48583984375,105.57949829101562,18950.024921044707,887.4090576171875,241.90660095214844,1920,1080,801.6668090820312,213.97769165039062,901.5103759765625,224.5889892578125,99.84356689453125,10.611297607421875,6.06657861265286,left,False,"{'safe_roi': (450, 80, 1500, 420), 'cylinder_roi': (800, 190, 1000, 300)}",ok_cylinder_inside_confirmed
2026-09-29 09:44:57,2026-09-29,11402964,12572,40,100.39276123046875,,37.25537109375,0.7708677649497986,798.6046142578125,189.2489013671875,981.166259765625,296.91387939453125,182.5616455078125,107.66497802734375,19655.49555223435,889.8854370117188,243.08139038085938,1920,1080,807.0982055664062,215.2735595703125,907.0947875976562,224.18365478515625,99.99658203125,8.91009521484375,5.091835836646956,left,False,"{'safe_roi': (450, 80, 1500, 420), 'cylinder_roi': (800, 190, 1000, 300)}",ok_cylinder_inside_confirmed
2026-09-29 09:45:02,2026-09-29,11403042,12572,40,99.0750503540039,,35.871917724609375,0.771597683429718,800.1670532226562,190.08116149902344,978.9689331054688,296.98974609375,178.8018798828125,106.90858459472656,19115.455901147798,889.5679931640625,243.53546142578125,1920,1080,806.2438354492188,214.80685424804688,904.8673095703125,224.25546264648438,98.62347412109375,9.4486083984375,5.472511794921353,left,False,"{'safe_roi': (450, 80, 1500, 420), 'cylinder_roi': (800, 190, 1000, 300)}",ok_cylinder_inside_confirmed
2026-09-29 09:45:07,2026-09-29,11403122,12572,40,96.97305297851562,,36.3377685546875,0.7693541646003723,802.186279296875,188.94444274902344,976.46142578125,293.593017578125,174.275146484375,104.64857482910156,18237.645707722753,889.3238525390625,241.26873779296875,1920,1080,807.4559326171875,216.552978515625,903.9903564453125,225.7659454345703,96.534423828125,9.212966918945312,5.451632318420212,left,False,"{'safe_roi': (450, 80, 1500, 420), 'cylinder_roi': (800, 190, 1000, 300)}",ok_cylinder_inside_confirmed
2026-09-29 09:45:12,2026-09-29,11403195,12572,40,98.51643371582031,,36.79502868652344,0.7681077718734741,800.7926025390625,189.38597106933594,975.8359375,296.05035400390625,175.0433349609375,106.66438293457031,18670.889310417697,888.3142700195312,242.71817016601562,1920,1080,807.1741333007812,212.02902221679688,904.514404296875,227.2066192626953,97.34027099609375,15.177597045898438,8.862374762798417,left,False,"{'safe_roi': (450, 80, 1500, 420), 'cylinder_roi': (800, 190, 1000, 300)}",ok_cylinder_inside_confirmed
2026-09-29 09:45:17,2026-09-29,11403272,12572,40,97.19286346435547,,35.81825256347656,0.7725530862808228,802.1962890625,190.8603057861328,977.841064453125,295.09210205078125,175.644775390625,104.23179626464844,18307.77044346556,890.0186767578125,242.9761962890625,1920,1080,809.3027954101562,213.13140869140625,905.817138671875,224.59585571289062,96.51434326171875,11.464447021484375,6.77413201423502,left,False,"{'safe_roi': (450, 80, 1500, 420), 'cylinder_roi': (800, 190, 1000, 300)}",ok_cylinder_inside_confirmed
2026-09-29 09:45:22,2026-09-29,11403349,12572,40,100.30396270751953,,38.310821533203125,0.7721796631813049,801.0919799804688,190.110595703125,978.6550903320312,295.7520751953125,177.5631103515625,105.6414794921875,18758.029680773616,889.87353515625,242.93133544921875,1920,1080,807.805419921875,214.5457000732422,907.3395385742188,226.94908142089844,99.53411865234375,12.40338134765625,7.103260188214078,left,False,"{'safe_roi': (450, 80, 1500, 420), 'cylinder_roi': (800, 190, 1000, 300)}",ok_cylinder_inside_confirmed
2026-09-29 09:45:27,2026-09-29,11403429,12572,40,98.09910583496094,,39.141448974609375,0.7627828121185303,800.4296264648438,189.5614471435547,975.2803344726562,293.6259460449219,174.8507080078125,104.06449890136719,18195.75131138228,887.85498046875,241.59368896484375,1920,1080,807.591796875,215.56163024902344,904.603271484375,230.12899780273438,97.011474609375,14.567367553710938,8.539802922723275,left,False,"{'safe_roi': (450, 80, 1500, 420), 'cylinder_roi': (800, 190, 1000, 300)}",ok_cylinder_inside_confirmed
2026-09-29 09:45:32,2026-09-29,11403508,12572,40,100.81361389160156,,36.71754455566406,0.7721436619758606,799.1699829101562,189.70428466796875,973.1547241210938,291.5307922363281,173.9847412109375,101.82650756835938,17716.258567694575,886.162353515625,240.61753845214844,1920,1080,806.4005126953125,213.20896911621094,905.9585571289062,229.07025146484375,99.55804443359375,15.861282348632812,9.052112928691471,left,False,"{'safe_roi': (450, 80, 1500, 420), 'cylinder_roi': (800, 190, 1000, 300)}",ok_cylinder_inside_confirmed
2026-09-29 09:45:37,2026-09-29,11403588,12572,40,101.74919128417969,,37.14549255371094,0.7708888053894043,799.3824462890625,189.68641662597656,972.9150390625,292.945556640625,173.5325927734375,103.25914001464844,17918.826294297352,886.1487426757812,241.31597900390625,1920,1080,807.5103759765625,213.28195190429688,908.2447509765625,227.61666870117188,100.734375,14.334716796875,8.0989364127534,left,False,"{'safe_roi': (450, 80, 1500, 420), 'cylinder_roi': (800, 190, 1000, 300)}",ok_cylinder_inside_confirmed
2026-09-29 09:45:42,2026-09-29,11403667,12572,40,99.4280014038086,,38.574615478515625,0.763536274433136,800.4207153320312,190.22962951660156,973.6646118164062,296.3822021484375,173.243896484375,106.15257263183594,18390.285304579884,887.0426635742188,243.305908203125,1920,1080,807.967041015625,215.19204711914062,906.5382080078125,228.21713256835938,98.5711669921875,13.02508544921875,7.527392202224775,left,False,"{'safe_roi': (450, 80, 1500, 420), 'cylinder_roi': (800, 190, 1000, 300)}",ok_cylinder_inside_confirmed
2026-09-29 09:45:47,2026-09-29,11403744,12572,40,100.66368103027344,,36.87055969238281,0.7752867937088013,799.829833984375,189.34739685058594,974.419189453125,294.0888671875,174.58935546875,104.74147033691406,18286.745796971023,887.12451171875,241.7181396484375,1920,1080,804.7919921875,212.7467498779297,904.4508056640625,226.9346923828125,99.6588134765625,14.187942504882812,8.102475445657673,left,False,"{'safe_roi': (450, 80, 1500, 420), 'cylinder_roi': (800, 190, 1000, 300)}",ok_cylinder_inside_confirmed
2026-09-29 09:45:52,2026-09-29,11403825,12572,40,100.06571960449219,,39.00042724609375,0.7675491571426392,801.2516479492188,189.17991638183594,975.4541625976562,294.2366943359375,174.2025146484375,105.05677795410156,18301.154900467023,888.3529052734375,241.70831298828125,1920,1080,808.60791015625,211.90504455566406,907.3609619140625,228.05999755859375,98.7530517578125,16.154953002929688,9.29068822682358,left,False,"{'safe_roi': (450, 80, 1500, 420), 'cylinder_roi': (800, 190, 1000, 300)}",ok_cylinder_inside_confirmed
2026-09-29 09:45:57,2026-09-29,11403899,12572,40,92.62662506103516,,34.34742736816406,0.7873243689537048,804.177001953125,188.45016479492188,980.458251953125,294.0458679199219,176.28125,105.595703125,18614.542541503906,892.317626953125,241.24801635742188,1920,1080,815.8885498046875,229.98129272460938,908.50634765625,228.70230102539062,92.6177978515625,1.27899169921875,0.7911672535598224,left,False,"{'safe_roi': (450, 80, 1500, 420), 'cylinder_roi': (800, 190, 1000, 300)}",ok_cylinder_inside_confirmed
2026-09-29 10:16:08,2026-09-29,11432203,12572,41,96.3323974609375,,35.648956298828125,0.8085245490074158,845.3214721679688,198.29214477539062,1028.69384765625,311.4875793457031,183.37237548828125,113.1954345703125,20756.915731586516,937.0076904296875,254.88986206054688,1920,1080,855.1299438476562,231.25563049316406,951.4595947265625,230.52853393554688,96.32965087890625,0.7270965576171875,0.4324605409551755,left,False,"{'safe_roi': (450, 80, 1500, 420), 'cylinder_roi': (800, 190, 1000, 300)}",ok_cylinder_inside_confirmed
2026-09-29 10:20:47,2026-09-29,11436414,12572,42,94.84695434570312,,33.354949951171875,0.8151751756668091,790.8899536132812,199.6622314453125,968.3916625976562,296.3965759277344,177.501708984375,96.73434448242188,17170.51146311313,879.6408081054688,248.02940368652344,1920,1080,804.1705322265625,223.5987548828125,898.8050537109375,229.94317626953125,94.634521484375,6.34442138671875,3.835444258371003,left,False,"{'safe_roi': (450, 80, 1500, 420), 'cylinder_roi': (800, 190, 1000, 300)}",ok_cylinder_inside_confirmed
2026-09-29 10:28:34,2026-09-29,4552,1,43,91.79011535644531,,32.7911376953125,0.7824886441230774,927.5010986328125,198.6028594970703,1105.1461181640625,301.0584411621094,177.64501953125,102.45558166503906,18200.723805971444,1016.3236083984375,249.83065795898438,1920,1080,940.2613525390625,234.03065490722656,1031.8438720703125,227.86082458496094,91.58251953125,6.169830322265625,3.8541403505649354,left,False,"{'safe_roi': (450, 80, 1500, 420), 'cylinder_roi': (830, 175, 1260, 335)}",ok_cylinder_inside_confirmed
2026-09-29 10:28:39,2026-09-29,4671,1,43,99.94017028808594,,32.1973876953125,0.7541253566741943,924.925048828125,198.01661682128906,1104.965576171875,301.3724365234375,180.04052734375,103.35581970214844,18608.23628322035,1014.9453125,249.69451904296875,1920,1080,934.6795654296875,234.4279022216797,1034.472412109375,229.00341796875,99.7928466796875,5.4244842529296875,3.111390198009093,left,False,"{'safe_roi': (450, 80, 1500, 420), 'cylinder_roi': (830, 175, 1260, 335)}",ok_cylinder_inside_confirmed
2026-09-29 10:30:57,2026-09-29,2215,1,44,107.00923156738281,,27.416763305664062,0.7612467408180237,804.379638671875,187.43934631347656,985.076904296875,294.0213623046875,180.697265625,106.58201599121094,19259.07885441184,894.728271484375,240.7303466796875,1920,1080,811.3983154296875,212.9924774169922,917.9964599609375,222.36322021484375,106.59814453125,9.370742797851562,5.023796489142472,left,False,"{'safe_roi': (450, 80, 1500, 420), 'cylinder_roi': (800, 190, 1000, 300)}",ok_cylinder_inside_confirmed
2026-09-29 10:53:34,2026-09-29,22288,1,45,93.41825866699219,,35.734893798828125,0.800028383731842,810.9464721679688,194.12533569335938,995.8490600585938,295.9817199707031,184.902587890625,101.85638427734375,18833.509046062827,903.3977661132812,245.05352783203125,1920,1080,823.2802124023438,229.1013946533203,916.662353515625,226.50393676757812,93.38214111328125,2.5974578857421875,1.5932919194839867,left,False,"{'safe_roi': (450, 80, 1500, 420), 'cylinder_roi': (780, 180, 1020, 310)}",ok_cylinder_inside_confirmed
2026-09-29 11:21:54,2026-09-29,53808,3,46,90.00491333007812,,40.25901794433594,0.7927730679512024,772.2686157226562,191.03378295898438,939.3692016601562,305.7688293457031,167.1005859375,114.73504638671875,19172.293478786945,855.8189086914062,248.40130615234375,1920,1080,935.8023681640625,214.977294921875,846.243408203125,223.92587280273438,89.5589599609375,8.948577880859375,5.705957654703675,right,False,"{'safe_roi': (450, 80, 1500, 420), 'cylinder_roi': (780, 180, 1020, 310)}",ok_cylinder_inside_confirmed
2026-09-29 11:21:59,2026-09-29,53898,3,46,87.50591278076172,,39.65321350097656,0.7945545315742493,776.2833862304688,189.6711883544922,938.7135620117188,304.99432373046875,162.43017578125,115.32313537597656,18731.957150764763,857.4984741210938,247.332763671875,1920,1080,935.577880859375,216.03851318359375,848.546142578125,225.1358642578125,87.03173828125,9.09735107421875,5.967406452824102,right,False,"{'safe_roi': (450, 80, 1500, 420), 'cylinder_roi': (780, 180, 1020, 310)}",ok_cylinder_inside_confirmed
2026-09-29 11:22:04,2026-09-29,53992,3,46,87.21812438964844,,38.12049865722656,0.7945098280906677,771.2324829101562,190.83065795898438,939.4744262695312,304.1478271484375,168.241943359375,113.31716918945312,19064.700760416687,855.3534545898438,247.48924255371094,1920,1080,931.95654296875,213.72207641601562,845.4039306640625,224.47598266601562,86.5526123046875,10.75390625,7.082534943164821,right,False,"{'safe_roi': (450, 80, 1500, 420), 'cylinder_roi': (780, 180, 1020, 310)}",ok_cylinder_inside_confirmed
2026-09-29 11:22:09,2026-09-29,54087,3,46,83.72695922851562,,36.868988037109375,0.8043159246444702,774.0711669921875,190.32659912109375,936.842041015625,306.01422119140625,162.7708740234375,115.6876220703125,18830.575358077884,855.4566040039062,248.17041015625,1920,1080,931.6678466796875,210.6768341064453,849.3284912109375,225.85690307617188,82.33935546875,15.180068969726562,10.445748437340871,right,False,"{'safe_roi': (450, 80, 1500, 420), 'cylinder_roi': (780, 180, 1020, 310)}",ok_cylinder_inside_confirmed
2026-09-29 11:22:14,2026-09-29,54177,3,46,87.84614562988281,,37.87403869628906,0.797435462474823,778.7393188476562,191.3509979248047,934.4379272460938,303.5715026855469,155.6986083984375,112.22050476074219,17472.57642501779,856.588623046875,247.46124267578125,1920,1080,935.8616943359375,206.907470703125,849.3148193359375,221.9601593017578,86.546875,15.052688598632812,9.866486901628562,right,False,"{'safe_roi': (450, 80, 1500, 420), 'cylinder_roi': (780, 180, 1020, 310)}",ok_cylinder_inside_confirmed
2026-09-29 11:22:19,2026-09-29,54271,3,46,83.99388885498047,,36.46763610839844,0.7981756925582886,777.7041015625,192.38702392578125,926.1539306640625,306.2287902832031,148.4498291015625,113.84176635742188,16899.790760379285,851.9290161132812,249.3079071044922,1920,1080,933.0690307617188,208.86669921875,850.6229858398438,224.91734313964844,82.446044921875,16.050643920898438,11.016576998066562,right,False,"{'safe_roi': (450, 80, 1500, 420), 'cylinder_roi': (780, 180, 1020, 310)}",ok_cylinder_inside_confirmed
2026-09-29 11:22:24,2026-09-29,54367,3,46,88.84122467041016,,37.65010070800781,0.8003591299057007,776.263427734375,189.8297576904297,936.2740478515625,304.1756591796875,160.0106201171875,114.34590148925781,18296.558605154976,856.2687377929688,247.00271606445312,1920,1080,932.8204345703125,208.5791473388672,845.313232421875,223.9171142578125,87.5072021484375,15.337966918945312,9.941623176144352,right,False,"{'safe_roi': (450, 80, 1500, 420), 'cylinder_roi': (780, 180, 1020, 310)}",ok_cylinder_inside_confirmed
2026-09-29 11:22:29,2026-09-29,54462,3,46,89.07878112792969,,35.11961364746094,0.8043748140335083,770.3196411132812,191.01446533203125,937.6290893554688,308.7732849121094,167.3094482421875,117.75881958007812,19702.163129594177,853.974365234375,249.8938751220703,1920,1080,932.9005126953125,208.5745849609375,845.4271850585938,225.41043090820312,87.47332763671875,16.835845947265625,10.894402826828244,right,False,"{'safe_roi': (450, 80, 1500, 420), 'cylinder_roi': (780, 180, 1020, 310)}",ok_cylinder_inside_confirmed
2026-09-29 11:22:34,2026-09-29,54553,3,46,88.78045654296875,,35.80718994140625,0.8045849800109863,770.23876953125,189.8389892578125,935.59228515625,304.9313049316406,165.353515625,115.09231567382812,19030.91901808977,852.91552734375,247.38514709472656,1920,1080,931.6209716796875,209.39466857910156,844.0484619140625,223.99005126953125,87.572509765625,14.595382690429688,9.462299543194051,right,False,"{'safe_roi': (450, 80, 1500, 420), 'cylinder_roi': (780, 180, 1020, 310)}",ok_cylinder_inside_confirmed
2026-09-29 11:22:41,2026-09-29,54675,3,46,87.7269515991211,,37.43055725097656,0.8041785359382629,769.0894165039062,193.99551391601562,934.0060424804688,309.7669677734375,164.9166259765625,115.77145385742188,19092.637554567307,851.5477294921875,251.88124084472656,1920,1080,930.007080078125,206.47769165039062,843.7465209960938,222.45062255859375,86.26055908203125,15.972930908203125,10.490676386711696,right,False,"{'safe_roi': (450, 80, 1500, 420), 'cylinder_roi': (780, 180, 1020, 310)}",ok_cylinder_inside_confirmed
2026-09-29 11:45:48,2026-09-29,81164,3,47,90.61937713623047,,35.08180236816406,0.7985453009605408,784.4331665039062,190.5579833984375,963.2421264648438,294.5183410644531,178.8089599609375,103.96035766601562,18589.04343142733,873.837646484375,242.5381622314453,1920,1080,803.0530395507812,211.9328155517578,892.4444580078125,226.8004150390625,89.39141845703125,14.867599487304688,9.443007117275748,left,False,"{'safe_roi': (450, 80, 1500, 420), 'cylinder_roi': (780, 180, 1020, 310)}",ok_cylinder_inside_confirmed
2026-09-29 11:46:00,2026-09-29,81398,3,47,89.46390533447266,,35.995574951171875,0.7726446390151978,784.89111328125,190.4051971435547,959.783203125,292.15728759765625,174.89208984375,101.75209045410156,17795.635745488107,872.337158203125,241.28125,1920,1080,811.9761352539062,207.17654418945312,898.20263671875,231.0256805419922,86.22650146484375,23.849136352539062,15.460756629392286,left,False,"{'safe_roi': (450, 80, 1500, 420), 'cylinder_roi': (780, 180, 1020, 310)}",ok_cylinder_inside_confirmed
2026-09-29 11:46:05,2026-09-29,81497,3,47,90.81238555908203,,34.14727783203125,0.797998309135437,795.9527587890625,193.50814819335938,960.644287109375,294.0493469238281,164.6915283203125,100.54119873046875,16558.28367807716,878.2985229492188,243.77874755859375,1920,1080,811.140869140625,215.85781860351562,901.4613647460938,225.29696655273438,90.32049560546875,9.43914794921875,5.966167733497629,left,False,"{'safe_roi': (450, 80, 1500, 420), 'cylinder_roi': (780, 180, 1020, 310)}",ok_cylinder_inside_confirmed
2026-09-29 11:51:51,2026-09-29,88237,3,48,99.50779724121094,,38.8736572265625,0.7873749732971191,795.0979614257812,192.19985961914062,974.3825073242188,294.9814453125,179.2845458984375,102.78158569335938,18427.149917755276,884.740234375,243.5906524658203,1920,1080,800.2732543945312,214.25709533691406,899.4353637695312,222.54434204101562,99.162109375,8.287246704101562,4.777262388903411,left,False,"{'safe_roi': (450, 80, 1500, 420), 'cylinder_roi': (780, 180, 1020, 310)}",ok_cylinder_inside_confirmed
2026-09-29 11:55:55,2026-09-29,92967,3,49,95.9508285522461,,35.169769287109375,0.7922046780586243,834.2859497070312,191.5430450439453,1016.0498657226562,299.1704406738281,181.763916015625,107.62739562988281,19562.776900250465,925.1679077148438,245.35675048828125,1920,1080,842.6377563476562,219.83157348632812,938.53857421875,222.92898559570312,95.90081787109375,3.097412109375,1.8499004916892592,left,False,"{'safe_roi': (450, 80, 1500, 420), 'cylinder_roi': (780, 180, 1020, 310)}",ok_cylinder_inside_confirmed
2026-09-29 11:56:10,2026-09-29,93264,3,49,91.37603759765625,,34.79107666015625,0.7762253284454346,776.7471313476562,190.82395935058594,957.6734008789062,293.3746337890625,180.92626953125,102.55067443847656,18554.11096406728,867.2102661132812,242.09930419921875,1920,1080,790.5711059570312,215.710205078125,881.8829956054688,219.13360595703125,91.3118896484375,3.42340087890625,2.147087298022424,left,False,"{'safe_roi': (450, 80, 1500, 420), 'cylinder_roi': (780, 180, 1020, 310)}",ok_cylinder_inside_confirmed
2026-09-29 11:56:18,2026-09-29,93415,3,49,109.14417266845703,,35.512115478515625,0.7860186696052551,782.5100708007812,189.58456420898438,963.8483276367188,293.7970886230469,181.3382568359375,104.2125244140625,18897.717517718673,873.17919921875,241.69082641601562,1920,1080,780.906982421875,209.1552734375,889.577392578125,219.3135986328125,108.67041015625,10.1583251953125,5.34039301652659,left,False,"{'safe_roi': (450, 80, 1500, 420), 'cylinder_roi': (780, 180, 1020, 310)}",ok_cylinder_inside_confirmed
2026-09-29 11:56:26,2026-09-29,93565,3,49,104.2746353149414,,33.525146484375,0.7705059051513672,784.3704833984375,190.3251953125,957.598876953125,288.7806396484375,173.2283935546875,98.4554443359375,17055.27845902741,870.9846801757812,239.55291748046875,1920,1080,787.1429443359375,209.57867431640625,889.745849609375,228.175537109375,102.6029052734375,18.59686279296875,10.273377253176218,left,False,"{'safe_roi': (450, 80, 1500, 420), 'cylinder_roi': (780, 180, 1020, 310)}",ok_cylinder_inside_confirmed
2026-09-29 11:56:31,2026-09-29,93663,3,49,100.90005493164062,,32.744110107421875,0.769257664680481,785.96484375,190.86141967773438,952.99853515625,290.13165283203125,167.03369140625,99.27023315429688,16581.47349052131,869.481689453125,240.4965362548828,1920,1080,788.655517578125,214.19284057617188,888.6315307617188,227.81698608398438,99.97601318359375,13.6241455078125,7.760131967997831,left,False,"{'safe_roi': (450, 80, 1500, 420), 'cylinder_roi': (780, 180, 1020, 310)}",ok_cylinder_inside_confirmed
2026-09-29 11:56:36,2026-09-29,93757,3,49,98.25558471679688,,33.06471252441406,0.7589901685714722,786.1490478515625,190.707275390625,953.536865234375,288.1624755859375,167.3878173828125,97.4552001953125,16312.813253298402,869.8429565429688,239.43487548828125,1920,1080,795.1673583984375,213.57174682617188,892.1143798828125,229.55406188964844,96.947021484375,15.982315063476562,9.361362705307785,left,False,"{'safe_roi': (450, 80, 1500, 420), 'cylinder_roi': (780, 180, 1020, 310)}",ok_cylinder_inside_confirmed
2026-09-29 11:56:43,2026-09-29,93901,3,49,94.52084350585938,,35.19184875488281,0.7623941898345947,785.9501953125,191.6313018798828,958.1153564453125,290.7352600097656,172.1651611328125,99.10395812988281,17062.248920330778,872.0327758789062,241.18328857421875,1920,1080,800.2142333984375,213.57708740234375,893.8969116210938,226.13677978515625,93.68267822265625,12.5596923828125,7.635903149008152,left,False,"{'safe_roi': (450, 80, 1500, 420), 'cylinder_roi': (780, 180, 1020, 310)}",ok_cylinder_inside_confirmed
2026-09-29 11:56:48,2026-09-29,94003,3,49,107.01824951171875,,37.565032958984375,0.7725739479064941,786.6517333984375,192.10919189453125,959.2015380859375,292.4832458496094,172.5498046875,100.37405395507812,17319.523405641317,872.9266357421875,242.2962188720703,1920,1080,791.77978515625,214.0391845703125,897.7174682617188,229.20864868164062,105.93768310546875,15.169464111328125,8.148922412093286,left,False,"{'safe_roi': (450, 80, 1500, 420), 'cylinder_roi': (780, 180, 1020, 310)}",ok_cylinder_inside_confirmed
2026-09-29 11:56:53,2026-09-29,94102,3,49,105.33526611328125,,34.52607727050781,0.7753716707229614,787.1361083984375,192.36309814453125,955.428466796875,289.771484375,168.2923583984375,97.40838623046875,16393.08704651147,871.2822875976562,241.06729125976562,1920,1080,794.7586669921875,215.27871704101562,899.263427734375,228.47994995117188,104.5047607421875,13.20123291015625,7.199574455518775,left,False,"{'safe_roi': (450, 80, 1500, 420), 'cylinder_roi': (780, 180, 1020, 310)}",ok_cylinder_inside_confirmed
2026-09-29 11:56:58,2026-09-29,94201,3,49,105.4820556640625,,33.09263610839844,0.7693215012550354,789.5462646484375,192.4134063720703,955.20263671875,290.73974609375,165.6563720703125,98.32633972167969,16288.384717246518,872.3744506835938,241.57656860351562,1920,1080,797.7192993164062,215.8549041748047,902.240966796875,230.05650329589844,104.52166748046875,14.20159912109375,7.737526495666758,left,False,"{'safe_roi': (450, 80, 1500, 420), 'cylinder_roi': (780, 180, 1020, 310)}",ok_cylinder_inside_confirmed
2026-09-29 11:57:03,2026-09-29,94298,3,49,105.07808685302734,,33.625640869140625,0.7782936096191406,787.621337890625,192.8884735107422,954.9276123046875,292.2422180175781,167.3062744140625,99.35374450683594,16622.504842525348,871.2744750976562,242.56533813476562,1920,1080,798.505615234375,216.07135009765625,902.5802001953125,230.55874633789062,104.0745849609375,14.487396240234375,7.924765549415245,left,False,"{'safe_roi': (450, 80, 1500, 420), 'cylinder_roi': (780, 180, 1020, 310)}",ok_cylinder_inside_confirmed
2026-09-29 11:57:08,2026-09-29,94397,3,49,104.39413452148438,,34.55180358886719,0.7749075293540955,787.7793579101562,192.4104461669922,954.8053588867188,289.5467529296875,167.0260009765625,97.13630676269531,16224.288868205622,871.2923583984375,240.97860717773438,1920,1080,796.67822265625,216.7235107421875,900.1239013671875,230.76370239257812,103.4456787109375,14.040191650390625,7.729254409884131,left,False,"{'safe_roi': (450, 80, 1500, 420), 'cylinder_roi': (780, 180, 1020, 310)}",ok_cylinder_inside_confirmed
2026-09-29 11:57:13,2026-09-29,94495,3,49,104.84503936767578,,34.5224609375,0.7814865708351135,789.2274169921875,193.20240783691406,955.1849365234375,291.9867248535156,165.95751953125,98.78431701660156,16394.000220663846,872.2061767578125,242.59457397460938,1920,1080,795.5733642578125,217.1126708984375,899.5750732421875,230.3839569091797,104.001708984375,13.271286010742188,7.2720083854982684,left,False,"{'safe_roi': (450, 80, 1500, 420), 'cylinder_roi': (780, 180, 1020, 310)}",ok_cylinder_inside_confirmed
2026-09-29 11:57:18,2026-09-29,94594,3,49,100.4166030883789,,34.231109619140625,0.7737884521484375,790.4651489257812,192.88638305664062,955.7142944335938,290.8502502441406,165.2491455078125,97.9638671875,16188.445343375206,873.0897216796875,241.86831665039062,1920,1080,795.7091064453125,220.03562927246094,895.8004760742188,228.11102294921875,100.09136962890625,8.075393676757812,4.612645024002253,left,False,"{'safe_roi': (450, 80, 1500, 420), 'cylinder_roi': (780, 180, 1020, 310)}",ok_cylinder_inside_confirmed
2026-09-29 11:57:24,2026-09-29,94692,3,49,114.12737274169922,,35.181610107421875,0.7875052094459534,786.1058349609375,192.01773071289062,955.73828125,291.7908020019531,169.6324462890625,99.7730712890625,16924.7501565367,870.9220581054688,241.90426635742188,1920,1080,790.1632080078125,213.32858276367188,902.6171875,232.80062866210938,112.4539794921875,19.4720458984375,9.823682080691631,left,False,"{'safe_roi': (450, 80, 1500, 420), 'cylinder_roi': (780, 180, 1020, 310)}",ok_cylinder_inside_confirmed
2026-09-29 11:57:29,2026-09-29,94795,3,49,108.42201232910156,,34.4171142578125,0.7756617665290833,789.8631591796875,192.62075805664062,956.100830078125,296.4079895019531,166.2376708984375,103.7872314453125,17253.347624465823,872.9819946289062,244.51437377929688,1920,1080,794.6551513671875,212.98345947265625,901.353271484375,232.24075317382812,106.6981201171875,19.257293701171875,10.230827216813845,left,False,"{'safe_roi': (450, 80, 1500, 420), 'cylinder_roi': (780, 180, 1020, 310)}",ok_cylinder_inside_confirmed
2026-09-29 11:57:34,2026-09-29,94896,3,49,111.31928253173828,,38.93971252441406,0.7590249180793762,783.911865234375,192.64674377441406,952.177490234375,287.3137512207031,168.265625,94.66700744628906,15929.203174829483,868.044677734375,239.98025512695312,1920,1080,782.64599609375,210.00511169433594,892.0369873046875,230.63504028320312,109.3909912109375,20.629928588867188,10.679914812901329,left,False,"{'safe_roi': (450, 80, 1500, 420), 'cylinder_roi': (780, 180, 1020, 310)}",ok_cylinder_inside_confirmed
2026-09-29 11:57:47,2026-09-29,95161,3,49,106.68447875976562,,33.80363464355469,0.7409908771514893,786.4586181640625,192.45278930664062,950.8948974609375,286.3143615722656,164.436279296875,93.861572265625,15434.247712314129,868.6767578125,239.38357543945312,1920,1080,787.5778198242188,211.65829467773438,892.6409912109375,230.1868896484375,105.06317138671875,18.528594970703125,10.00165184523334,left,False,"{'safe_roi': (450, 80, 1500, 420), 'cylinder_roi': (780, 180, 1020, 310)}",ok_cylinder_inside_confirmed
2026-09-29 11:57:56,2026-09-29,95335,3,49,110.80693817138672,,35.49073791503906,0.7539253830909729,783.3777465820312,192.06015014648438,951.6586303710938,286.08416748046875,168.2808837890625,94.02401733398438,15822.444734361023,867.5181884765625,239.07215881347656,1920,1080,785.2227783203125,211.5369873046875,894.1876220703125,231.65762329101562,108.96484375,20.120635986328125,10.461968175825113,left,False,"{'safe_roi': (450, 80, 1500, 420), 'cylinder_roi': (780, 180, 1020, 310)}",ok_cylinder_inside_confirmed
2026-09-29 11:58:02,2026-09-29,95460,3,49,85.23003387451172,,33.67523193359375,0.7986879348754883,782.6007080078125,194.10025024414062,943.2086181640625,287.4664306640625,160.60791015625,93.36618041992188,14995.34711651504,862.9046630859375,240.78334045410156,1920,1080,798.2525634765625,212.1274871826172,881.9661865234375,228.13336181640625,83.713623046875,16.005874633789062,10.82419951142225,left,False,"{'safe_roi': (450, 80, 1500, 420), 'cylinder_roi': (780, 180, 1020, 310)}",ok_cylinder_inside_confirmed
2026-09-29 12:12:44,2026-09-29,112596,3,50,93.17384338378906,,33.56744384765625,0.8175446391105652,786.86376953125,190.4237518310547,967.33544921875,299.0091247558594,180.4716796875,108.58537292480469,19596.584641233087,877.099609375,244.7164306640625,1920,1080,960.5938720703125,213.6162872314453,867.66162109375,220.32167053222656,92.9322509765625,6.70538330078125,4.126936778578123,right,False,"{'safe_roi': (450, 80, 1500, 420), 'cylinder_roi': (780, 180, 1020, 310)}",ok_cylinder_inside_confirmed
2026-09-29 12:12:49,2026-09-29,112693,3,50,91.45458221435547,,33.494476318359375,0.8159117102622986,787.1015014648438,191.00648498535156,968.0966186523438,298.9704284667969,180.9951171875,107.96394348144531,19540.94660244882,877.5990600585938,244.98846435546875,1920,1080,960.6170654296875,211.58926391601562,869.8245239257812,222.57354736328125,90.79254150390625,10.984283447265625,6.898245259462615,right,False,"{'safe_roi': (450, 80, 1500, 420), 'cylinder_roi': (780, 180, 1020, 310)}",ok_cylinder_inside_confirmed
2026-09-29 12:16:31,2026-09-29,117021,3,51,108.0307388305664,,32.04936218261719,0.7759127020835876,797.2460327148438,188.75784301757812,982.6477661132812,296.4930725097656,185.4017333984375,107.7352294921875,19974.298295930028,889.9468994140625,242.62545776367188,1920,1080,803.05419921875,215.74929809570312,910.5908813476562,226.06932067871094,107.53668212890625,10.320022583007812,5.48174324022601,left,False,"{'safe_roi': (450, 80, 1500, 420), 'cylinder_roi': (780, 180, 1020, 310)}",ok_cylinder_inside_confirmed
2026-09-29 12:16:36,2026-09-29,117122,3,51,105.27620697021484,,29.525634765625,0.7773959040641785,798.9256591796875,189.93399047851562,988.95703125,297.04876708984375,190.0313720703125,107.11477661132812,20355.167968455702,893.9413452148438,243.4913787841797,1920,1080,804.8590698242188,213.06661987304688,909.5189208984375,224.44180297851562,104.65985107421875,11.37518310546875,6.20296762638456,left,False,"{'safe_roi': (450, 80, 1500, 420), 'cylinder_roi': (780, 180, 1020, 310)}",ok_cylinder_inside_confirmed
2026-09-29 12:16:41,2026-09-29,117220,3,51,107.12274169921875,,35.9613037109375,0.7724599838256836,797.4144287109375,189.19874572753906,986.92431640625,294.66259765625,189.5098876953125,105.46385192871094,19986.442734925076,892.1693725585938,241.9306640625,1920,1080,803.4541625976562,218.00100708007812,910.50830078125,221.8341064453125,107.05413818359375,3.833099365234375,2.0506132661698575,left,False,"{'safe_roi': (450, 80, 1500, 420), 'cylinder_roi': (780, 180, 1020, 310)}",ok_cylinder_inside_confirmed
2026-09-29 12:19:51,2026-09-29,120935,3,52,100.82962799072266,,39.01811218261719,0.7935887575149536,802.9178466796875,188.53936767578125,989.651123046875,296.603271484375,186.7332763671875,108.06390380859375,20179.126815207303,896.2844848632812,242.57131958007812,1920,1080,978.068359375,221.36456298828125,877.2388916015625,221.1834716796875,100.8294677734375,0.18109130859375,0.10290400972841442,right,False,"{'safe_roi': (450, 80, 1500, 420), 'cylinder_roi': (780, 180, 1020, 310)}",ok_cylinder_inside_confirmed
2026-09-29 12:19:56,2026-09-29,121030,3,52,98.87372589111328,,41.62214660644531,0.7792306542396545,803.7687377929688,188.51577758789062,986.1182250976562,296.72467041015625,182.3494873046875,108.20889282226562,19731.836127948016,894.9434814453125,242.62022399902344,1920,1080,975.4848022460938,220.65919494628906,876.611083984375,220.69044494628906,98.87371826171875,0.03125,0.018108887595636905,right,False,"{'safe_roi': (450, 80, 1500, 420), 'cylinder_roi': (780, 180, 1020, 310)}",ok_cylinder_inside_confirmed
2026-09-29 12:20:02,2026-09-29,121129,3,52,95.07655334472656,,39.102783203125,0.7840717434883118,802.4094848632812,190.5048828125,990.8003540039062,297.58770751953125,188.390869140625,107.08282470703125,20173.42641659081,896.6049194335938,244.04629516601562,1920,1080,973.43408203125,215.87197875976562,878.45068359375,220.0797576904297,94.9833984375,4.2077789306640625,2.5365532426740693,right,False,"{'safe_roi': (450, 80, 1500, 420), 'cylinder_roi': (780, 180, 1020, 310)}",ok_cylinder_inside_confirmed
2026-09-29 12:20:07,2026-09-29,121239,3,52,94.96845245361328,,38.69464111328125,0.7906455993652344,803.485595703125,190.17906188964844,989.2213134765625,297.07470703125,185.7357177734375,106.89564514160156,19854.339377230033,896.3534545898438,243.62689208984375,1920,1080,974.863525390625,215.26039123535156,880.0451049804688,220.59649658203125,94.81842041015625,5.3361053466796875,3.2210424834823486,right,False,"{'safe_roi': (450, 80, 1500, 420), 'cylinder_roi': (780, 180, 1020, 310)}",ok_cylinder_inside_confirmed
2026-09-29 12:20:12,2026-09-29,121336,3,52,94.505859375,,38.33320617675781,0.7994713187217712,804.6078491210938,190.4098663330078,988.4243774414062,298.95184326171875,183.8165283203125,108.54197692871094,19951.8093760591,896.51611328125,244.68084716796875,1920,1080,974.467529296875,215.46910095214844,880.2076416015625,222.28317260742188,94.2598876953125,6.8140716552734375,4.134734182827955,right,False,"{'safe_roi': (450, 80, 1500, 420), 'cylinder_roi': (780, 180, 1020, 310)}",ok_cylinder_inside_confirmed
2026-09-29 12:20:20,2026-09-29,121486,3,52,99.58041381835938,,39.36029052734375,0.789247989654541,844.3375244140625,190.04421997070312,1034.6502685546875,293.326416015625,190.312744140625,103.28219604492188,19655.918150179088,939.493896484375,241.68531799316406,1920,1080,1018.9344482421875,223.06149291992188,919.383544921875,220.6373291015625,99.5509033203125,2.424163818359375,1.3949337206015584,right,False,"{'safe_roi': (450, 80, 1500, 420), 'cylinder_roi': (780, 180, 1020, 310)}",ok_cylinder_inside_confirmed
2026-09-29 12:24:18,2026-09-29,126093,3,53,101.2839126586914,,35.553070068359375,0.7851852178573608,829.3159790039062,189.0200958251953,1011.4889526367188,300.2126770019531,182.1729736328125,111.19258117675781,20256.283158877864,920.4024658203125,244.61639404296875,1920,1080,832.5068359375,213.5015106201172,933.6138916015625,219.484375,101.1070556640625,5.9828643798828125,3.386446346473166,left,False,"{'safe_roi': (450, 80, 1500, 420), 'cylinder_roi': (780, 180, 1020, 310)}",ok_cylinder_inside_confirmed
2026-09-29 12:24:23,2026-09-29,126188,3,53,110.83191680908203,,34.23736572265625,0.7802368998527527,825.8595581054688,190.11959838867188,1010.6719360351562,299.3691101074219,184.8123779296875,109.24951171875,20190.66204839945,918.2657470703125,244.74435424804688,1920,1080,824.12939453125,211.72047424316406,934.7689819335938,218.24697875976562,110.63958740234375,6.5265045166015625,3.3759013668264397,left,False,"{'safe_roi': (450, 80, 1500, 420), 'cylinder_roi': (780, 180, 1020, 310)}",ok_cylinder_inside_confirmed
2026-09-29 12:24:28,2026-09-29,126286,3,53,111.60742950439453,,34.42942810058594,0.7790228724479675,827.5791625976562,189.59910583496094,1008.3187866210938,298.1663818359375,180.7396240234375,108.56727600097656,19622.408645665273,917.948974609375,243.88275146484375,1920,1080,823.777587890625,211.9550018310547,935.1171875,219.68231201171875,111.339599609375,7.7273101806640625,3.970136809777343,left,False,"{'safe_roi': (450, 80, 1500, 420), 'cylinder_roi': (780, 180, 1020, 310)}",ok_cylinder_inside_confirmed
2026-09-29 12:24:33,2026-09-29,126384,3,53,112.19523620605469,,35.71064758300781,0.7845118045806885,828.5070190429688,188.9456329345703,1010.7586059570312,296.51849365234375,182.2515869140625,107.57286071777344,19605.324574699625,919.6328125,242.7320556640625,1920,1080,825.350341796875,211.45372009277344,937.124267578125,221.16766357421875,111.77392578125,9.713943481445312,4.966928140499734,left,False,"{'safe_roi': (450, 80, 1500, 420), 'cylinder_roi': (780, 180, 1020, 310)}",ok_cylinder_inside_confirmed
2026-09-29 12:24:40,2026-09-29,126542,3,53,110.97506713867188,,31.079986572265625,0.7726065516471863,781.2429809570312,190.6800079345703,964.3914184570312,291.4141845703125,183.1484375,100.73417663574219,18449.30705368519,872.8171997070312,241.04708862304688,1920,1080,786.4722290039062,214.97747802734375,897.183349609375,222.6269073486328,110.71112060546875,7.6494293212890625,3.952489738195889,left,False,"{'safe_roi': (450, 80, 1500, 420), 'cylinder_roi': (780, 180, 1020, 310)}",ok_cylinder_inside_confirmed
2026-09-29 12:24:45,2026-09-29,126640,3,53,105.97697448730469,,31.238235473632812,0.7757143974304199,778.8052978515625,191.4751739501953,963.341552734375,295.7755126953125,184.5362548828125,104.30033874511719,19247.19389503263,871.0734252929688,243.62533569335938,1920,1080,785.4173583984375,214.7252960205078,891.07763671875,222.91220092773438,105.6602783203125,8.186904907226562,4.430612437063145,left,False,"{'safe_roi': (450, 80, 1500, 420), 'cylinder_roi': (780, 180, 1020, 310)}",ok_cylinder_inside_confirmed
2026-09-29 12:24:50,2026-09-29,126734,3,53,103.82575988769531,,34.462890625,0.7653641104698181,776.2839965820312,190.6840057373047,961.5827026367188,297.19915771484375,185.2987060546875,106.51515197753906,19737.119836656377,868.933349609375,243.94158935546875,1920,1080,787.0732421875,214.9453125,890.4906005859375,224.14524841308594,103.4173583984375,9.199935913085938,5.0836105250306955,left,False,"{'safe_roi': (450, 80, 1500, 420), 'cylinder_roi': (780, 180, 1020, 310)}",ok_cylinder_inside_confirmed
2026-09-29 12:24:59,2026-09-29,126898,3,53,91.2226791381836,,37.30070495605469,0.7807725667953491,779.0957641601562,191.99832153320312,961.1199340820312,296.19293212890625,182.024169921875,104.19461059570312,18965.937504015863,870.1078491210938,244.0956268310547,1920,1080,798.923095703125,216.10968017578125,889.905029296875,222.73272705078125,90.98193359375,6.623046875,4.1635130060094845,left,False,"{'safe_roi': (450, 80, 1500, 420), 'cylinder_roi': (780, 180, 1020, 310)}",ok_cylinder_inside_confirmed
2026-09-29 12:25:04,2026-09-29,126994,3,53,96.56666564941406,,35.38182067871094,0.7759614586830139,779.95556640625,192.0557403564453,961.5186767578125,296.76605224609375,181.5631103515625,104.71031188964844,19011.529912566766,870.7371215820312,244.410888671875,1920,1080,795.6993408203125,214.41046142578125,891.828125,223.5962371826172,96.1287841796875,9.185775756835938,5.4584376798910075,left,False,"{'safe_roi': (450, 80, 1500, 420), 'cylinder_roi': (780, 180, 1020, 310)}",ok_cylinder_inside_confirmed
2026-09-29 12:25:17,2026-09-29,127256,3,53,106.24272918701172,,39.52455139160156,0.775473415851593,787.482177734375,193.14442443847656,953.2919921875,289.8419189453125,165.809814453125,96.69749450683594,16033.39362226054,870.3870849609375,241.4931640625,1920,1080,793.7322998046875,213.47610473632812,898.2254638671875,232.67758178710938,104.4931640625,19.20147705078125,10.41240821007116,left,False,"{'safe_roi': (450, 80, 1500, 420), 'cylinder_roi': (780, 180, 1020, 310)}",ok_cylinder_inside_confirmed
2026-09-29 12:25:38,2026-09-29,127659,3,53,105.9299545288086,,36.03706359863281,0.7718226909637451,786.318603515625,191.70127868652344,955.56787109375,292.9216003417969,169.249267578125,101.22032165527344,17131.465304177254,870.9432373046875,242.31143188476562,1920,1080,792.77197265625,213.48207092285156,896.95703125,232.629638671875,104.18505859375,19.147567749023438,10.413848594270878,left,False,"{'safe_roi': (450, 80, 1500, 420), 'cylinder_roi': (780, 180, 1020, 310)}",ok_cylinder_inside_confirmed
2026-09-29 12:25:43,2026-09-29,127760,3,53,97.38334655761719,,30.378829956054688,0.771945595741272,790.6795043945312,191.851806640625,966.0014038085938,293.9374084472656,175.3218994140625,102.08560180664062,17897.841611567885,878.3404541015625,242.8946075439453,1920,1080,804.185546875,215.57717895507812,900.7213134765625,228.3975372314453,96.5357666015625,12.820358276367188,7.5648555181597885,left,False,"{'safe_roi': (450, 80, 1500, 420), 'cylinder_roi': (780, 180, 1020, 310)}",ok_cylinder_inside_confirmed
2026-09-29 12:25:48,2026-09-29,127858,3,53,91.83290100097656,,30.815841674804688,0.8194831609725952,791.8538818359375,192.24639892578125,971.35546875,292.0445556640625,179.5015869140625,99.79815673828125,17913.927505619824,881.6046752929688,242.14547729492188,1920,1080,817.4335327148438,210.1727294921875,907.6248779296875,227.45864868164062,90.19134521484375,17.285919189453125,10.849641806211736,left,False,"{'safe_roi': (450, 80, 1500, 420), 'cylinder_roi': (780, 180, 1020, 310)}",ok_cylinder_inside_confirmed
2026-09-29 12:26:03,2026-09-29,128140,3,53,84.5912094116211,,25.74212646484375,0.7921890616416931,794.2747802734375,191.12088012695312,960.676513671875,297.2505187988281,166.4017333984375,106.129638671875,17660.155839949846,877.4756469726562,244.18569946289062,1920,1080,811.080078125,222.99839782714844,895.385986328125,229.94003295898438,84.305908203125,6.9416351318359375,4.7070392479791066,left,False,"{'safe_roi': (450, 80, 1500, 420), 'cylinder_roi': (780, 180, 1020, 310)}",ok_cylinder_inside_confirmed
2026-09-29 12:26:08,2026-09-29,128236,3,53,84.20243835449219,,32.74989318847656,0.7790245413780212,794.4298095703125,191.19287109375,960.1400146484375,294.7402038574219,165.710205078125,103.54733276367188,17158.84974756092,877.284912109375,242.96653747558594,1920,1080,818.511474609375,213.1037139892578,900.8514404296875,230.7156524658203,82.3399658203125,17.6119384765625,12.073239768727227,left,False,"{'safe_roi': (450, 80, 1500, 420), 'cylinder_roi': (780, 180, 1020, 310)}",ok_cylinder_inside_confirmed
2026-09-29 12:26:13,2026-09-29,128333,3,53,86.19355010986328,,31.576156616210938,0.7917114496231079,790.8408203125,193.66590881347656,961.50439453125,295.83294677734375,170.66357421875,102.16703796386719,17436.191866256297,876.172607421875,244.74942016601562,1920,1080,816.6259765625,213.9794464111328,901.3743896484375,229.69679260253906,84.7484130859375,15.71734619140625,10.506638154917988,left,False,"{'safe_roi': (450, 80, 1500, 420), 'cylinder_roi': (780, 180, 1020, 310)}",ok_cylinder_inside_confirmed
2026-09-29 12:26:37,2026-09-29,128784,3,54,95.0359878540039,,33.66731262207031,0.7682908773422241,796.0255126953125,190.72604370117188,957.927001953125,291.3289794921875,161.9014892578125,100.60293579101562,16287.765128273517,876.9762573242188,241.0275115966797,1920,1080,807.0615234375,212.71340942382812,899.871337890625,233.1627960205078,92.809814453125,20.449386596679688,12.42580536757205,left,False,"{'safe_roi': (450, 80, 1500, 420), 'cylinder_roi': (780, 180, 1020, 310)}",ok_cylinder_inside_confirmed
2026-09-29 12:26:42,2026-09-29,128881,3,54,96.65276336669922,,30.965103149414062,0.7824170589447021,792.8333740234375,192.19586181640625,961.33154296875,294.98822021484375,168.4981689453125,102.7923583984375,17320.324171707034,877.0824584960938,243.592041015625,1920,1080,805.1904296875,211.65200805664062,899.8751220703125,231.0573272705078,94.6846923828125,19.405319213867188,11.58219779704418,left,False,"{'safe_roi': (450, 80, 1500, 420), 'cylinder_roi': (780, 180, 1020, 310)}",ok_cylinder_inside_confirmed
2026-09-29 12:26:47,2026-09-29,128986,3,54,104.09904479980469,,24.235641479492188,0.7839695811271667,793.9473876953125,191.53717041015625,961.8819580078125,294.2677917480469,167.9345703125,102.73062133789062,17252.022752314806,877.9146728515625,242.90248107910156,1920,1080,804.6478271484375,208.76150512695312,906.1964721679688,231.66311645507812,101.54864501953125,22.901611328125,12.708932278217812,left,False,"{'safe_roi': (450, 80, 1500, 420), 'cylinder_roi': (780, 180, 1020, 310)}",ok_cylinder_inside_confirmed
2026-09-29 12:26:54,2026-09-29,129114,3,54,102.31515502929688,,26.9864501953125,0.7789461612701416,792.8755493164062,191.7610626220703,962.0480346679688,296.07904052734375,169.1724853515625,104.31797790527344,17647.73158908449,877.4617919921875,243.9200439453125,1920,1080,805.2918090820312,210.01724243164062,905.4180908203125,231.067626953125,100.12628173828125,21.050384521484375,11.872858271719245,left,False,"{'safe_roi': (450, 80, 1500, 420), 'cylinder_roi': (780, 180, 1020, 310)}",ok_cylinder_inside_confirmed
2026-09-29 12:27:19,2026-09-29,129587,3,55,99.85245513916016,,36.43377685546875,0.7762340903282166,790.2947998046875,193.60206604003906,961.2076416015625,299.11090087890625,170.912841796875,105.50883483886719,18032.81479698792,875.751220703125,246.35647583007812,1920,1080,803.4592895507812,209.37864685058594,901.4033203125,228.80746459960938,97.94403076171875,19.428817749023438,11.219913115729781,left,False,"{'safe_roi': (450, 80, 1500, 420), 'cylinder_roi': (780, 180, 1020, 310)}",ok_cylinder_inside_confirmed
2026-09-29 12:28:13,2026-09-29,130633,3,56,93.01852416992188,,35.53173828125,0.7538790106773376,792.89404296875,194.84474182128906,959.519775390625,295.16961669921875,166.625732421875,100.32487487792969,16716.705756668,876.2069091796875,245.00717163085938,1920,1080,803.7937622070312,211.4112548828125,894.814697265625,230.58505249023438,91.02093505859375,19.173797607421875,11.895586928780356,left,False,"{'safe_roi': (450, 80, 1500, 420), 'cylinder_roi': (780, 180, 1020, 310)}",ok_cylinder_inside_confirmed
2026-09-29 12:28:18,2026-09-29,130734,3,56,85.51972961425781,,34.417022705078125,0.7691156268119812,791.615966796875,194.6184844970703,958.9654541015625,296.27960205078125,167.3494873046875,101.66111755371094,17012.935901435092,875.2907104492188,245.44903564453125,1920,1080,808.4287719726562,212.32723999023438,892.4837646484375,228.08737182617188,84.05499267578125,15.7601318359375,10.619537213835194,left,False,"{'safe_roi': (450, 80, 1500, 420), 'cylinder_roi': (780, 180, 1020, 310)}",ok_cylinder_inside_confirmed
2026-09-29 12:28:25,2026-09-29,130877,3,56,94.86124420166016,,37.26667785644531,0.7604533433914185,792.4037475585938,194.36204528808594,961.1471557617188,296.7197265625,168.743408203125,102.35768127441406,17272.183994013816,876.7754516601562,245.5408935546875,1920,1080,803.69775390625,212.97488403320312,896.9940185546875,230.1348114013672,93.2962646484375,17.159927368164062,10.421896685428411,left,False,"{'safe_roi': (450, 80, 1500, 420), 'cylinder_roi': (780, 180, 1020, 310)}",ok_cylinder_inside_confirmed
2026-09-29 12:28:31,2026-09-29,130990,3,56,87.63785552978516,,37.11772155761719,0.7461267113685608,793.4852905273438,194.16151428222656,957.9740600585938,294.28155517578125,164.48876953125,100.12004089355469,16468.622331999242,875.7296752929688,244.22152709960938,1920,1080,807.3001098632812,214.46401977539062,893.1909790039062,231.87530517578125,85.890869140625,17.411285400390625,11.459376490614591,left,False,"{'safe_roi': (450, 80, 1500, 420), 'cylinder_roi': (780, 180, 1020, 310)}",ok_cylinder_inside_confirmed
2026-09-29 12:30:04,2026-09-29,132801,3,57,90.38639068603516,,38.74269104003906,0.7312771081924438,795.9323120117188,193.65647888183594,958.2905883789062,295.8338317871094,162.3582763671875,102.17735290527344,16589.338901462033,877.1114501953125,244.74514770507812,1920,1080,805.0545654296875,221.80075073242188,894.932373046875,231.37567138671875,89.8778076171875,9.574920654296875,6.080935608432885,left,False,"{'safe_roi': (450, 80, 1500, 420), 'cylinder_roi': (780, 180, 1020, 310)}",ok_cylinder_inside_confirmed
2026-09-29 12:30:09,2026-09-29,132894,3,57,91.10114288330078,,40.81126403808594,0.7327324748039246,795.8848876953125,193.678955078125,958.8057861328125,295.8106994628906,162.9208984375,102.13174438476562,16639.39555415511,877.3453369140625,244.7448272705078,1920,1080,806.2255249023438,223.495849609375,896.729248046875,233.91189575195312,90.50372314453125,10.416046142578125,6.565268571676422,left,False,"{'safe_roi': (450, 80, 1500, 420), 'cylinder_roi': (780, 180, 1020, 310)}",ok_cylinder_inside_confirmed
2026-09-29 12:30:14,2026-09-29,132991,3,57,94.72901153564453,,41.11639404296875,0.7257858514785767,796.1046752929688,195.0062713623047,960.4357299804688,295.96502685546875,164.3310546875,100.95875549316406,16590.658770129085,878.2702026367188,245.48565673828125,1920,1080,803.8109130859375,221.7062225341797,897.7733154296875,233.7333984375,93.96240234375,12.027175903320312,7.294189351182568,left,False,"{'safe_roi': (450, 80, 1500, 420), 'cylinder_roi': (780, 180, 1020, 310)}",ok_cylinder_inside_confirmed
2026-09-29 12:30:19,2026-09-29,133087,3,57,93.35206604003906,,35.48193359375,0.757243275642395,796.8175048828125,193.90126037597656,961.5284423828125,295.0227966308594,164.7109375,101.12153625488281,16655.823037981987,879.1729736328125,244.4620361328125,1920,1080,804.4598388671875,220.48028564453125,897.0184936523438,232.62539672851562,92.55865478515625,12.145111083984375,7.47537545595202,left,False,"{'safe_roi': (450, 80, 1500, 420), 'cylinder_roi': (780, 180, 1020, 310)}",ok_cylinder_inside_confirmed
2026-09-29 12:30:34,2026-09-29,133386,3,57,94.22899627685547,,46.54347229003906,0.745667576789856,793.3085327148438,194.17779541015625,961.0977172851562,295.99273681640625,167.7891845703125,101.81494140625,17083.445995628834,877.203125,245.08526611328125,1920,1080,800.4358520507812,225.45559692382812,894.0635986328125,236.08335876464844,93.62774658203125,10.627761840820312,6.475971903659194,left,False,"{'safe_roi': (450, 80, 1500, 420), 'cylinder_roi': (780, 180, 1020, 310)}",ok_cylinder_inside_confirmed
2026-09-29 12:47:14,2026-09-29,152896,4,58,89.9065933227539,,37.959991455078125,0.7881766557693481,860.0737915039062,191.25999450683594,1035.1614990234375,307.54083251953125,175.08770751953125,116.28083801269531,20359.34535609279,947.61767578125,249.40042114257812,1920,1080,867.3773193359375,220.1741943359375,957.0452880859375,226.72030639648438,89.66796875,6.546112060546875,4.175408566332115,left,False,"{'safe_roi': (450, 80, 1500, 420), 'cylinder_roi': (780, 180, 1020, 310)}",ok_cylinder_inside_confirmed
2026-09-29 12:47:59,2026-09-29,153786,4,59,98.50282287597656,,38.252166748046875,0.7726832032203674,786.4950561523438,191.65052795410156,953.6487426757812,292.3587341308594,167.1536865234375,100.70820617675781,16833.747925607488,870.0718994140625,242.004638671875,1920,1080,793.8697509765625,212.0800018310547,891.4727172851562,225.36407470703125,97.60296630859375,13.284072875976562,7.750514185534062,left,False,"{'safe_roi': (450, 80, 1500, 420), 'cylinder_roi': (780, 180, 1020, 310)}",ok_cylinder_inside_confirmed
2026-09-29 12:48:21,2026-09-29,154193,4,59,89.55484771728516,,35.98524475097656,0.7802897691726685,792.833740234375,190.87615966796875,958.2603759765625,293.09295654296875,165.4266357421875,102.216796875,16909.380823373795,875.5470581054688,241.98455810546875,1920,1080,809.9083251953125,216.50119018554688,898.24365234375,231.2301025390625,88.3353271484375,14.728912353515625,9.466334501999063,left,False,"{'safe_roi': (450, 80, 1500, 420), 'cylinder_roi': (780, 180, 1020, 310)}",ok_cylinder_inside_confirmed
2026-09-29 12:50:22,2026-09-29,156559,4,60,94.27278900146484,,34.363677978515625,0.7939944863319397,784.5753784179688,190.5026092529297,968.4080200195312,295.1474914550781,183.8326416015625,104.64488220214844,19237.14512530528,876.49169921875,242.82504272460938,1920,1080,803.7576904296875,222.31239318847656,898.0277099609375,221.58953857421875,94.27001953125,0.7228546142578125,0.43933062824838015,left,False,"{'safe_roi': (450, 80, 1500, 420), 'cylinder_roi': (780, 180, 1020, 310)}",ok_cylinder_inside_confirmed
2026-09-29 12:50:27,2026-09-29,156657,4,60,94.61531066894531,,34.87213134765625,0.8121246099472046,784.3828125,190.2865447998047,965.8414306640625,296.9754638671875,181.4586181640625,106.68891906738281,19359.623827384785,875.1121215820312,243.63101196289062,1920,1080,800.7310791015625,224.81985473632812,895.3462524414062,224.65948486328125,94.61517333984375,0.160369873046875,0.09711452997444223,left,False,"{'safe_roi': (450, 80, 1500, 420), 'cylinder_roi': (780, 180, 1020, 310)}",ok_cylinder_inside_confirmed
2026-09-29 12:50:32,2026-09-29,156753,4,60,89.0140151977539,,35.49992370605469,0.7936570048332214,785.851806640625,191.13125610351562,960.9549560546875,297.340087890625,175.1031494140625,106.20883178710938,18597.500941511244,873.4033813476562,244.2356719970703,1920,1080,801.7427368164062,223.18545532226562,890.7567138671875,223.1046142578125,89.01397705078125,0.080841064453125,0.05203509251608737,left,False,"{'safe_roi': (450, 80, 1500, 420), 'cylinder_roi': (780, 180, 1020, 310)}",ok_cylinder_inside_confirmed
2026-09-29 12:51:00,2026-09-29,157306,4,61,85.34361267089844,,33.451171875,0.7790995240211487,782.9445190429688,191.76080322265625,951.3038940429688,293.52557373046875,168.359375,101.7647705078125,17133.053159713745,867.1242065429688,242.6431884765625,1920,1080,798.9528198242188,217.3778076171875,884.0145263671875,224.30877685546875,85.06170654296875,6.93096923828125,4.658264395518626,left,False,"{'safe_roi': (450, 80, 1500, 420), 'cylinder_roi': (780, 180, 1020, 310)}",ok_cylinder_inside_confirmed
2026-09-29 12:51:05,2026-09-29,157402,4,61,87.67160034179688,,34.34785461425781,0.7678393721580505,783.6930541992188,191.3140869140625,949.1245727539062,291.285400390625,165.4315185546875,99.9713134765625,16538.40620033443,866.4088134765625,241.29974365234375,1920,1080,799.5963745117188,214.26585388183594,886.4471435546875,226.23468017578125,86.85076904296875,11.968826293945312,7.846457276516034,left,False,"{'safe_roi': (450, 80, 1500, 420), 'cylinder_roi': (780, 180, 1020, 310)}",ok_cylinder_inside_confirmed
2026-09-29 12:51:19,2026-09-29,157657,4,61,83.51473236083984,,34.163055419921875,0.7808412313461304,779.4511108398438,192.60595703125,942.0072631835938,289.9605712890625,162.55615234375,97.3546142578125,15825.591506659985,860.7291870117188,241.28326416015625,1920,1080,798.103271484375,217.54867553710938,881.34521484375,224.29330444335938,83.241943359375,6.74462890625,4.6322373032864865,left,False,"{'safe_roi': (450, 80, 1500, 420), 'cylinder_roi': (780, 180, 1020, 310)}",ok_cylinder_inside_confirmed
2026-09-29 12:51:24,2026-09-29,157750,4,61,84.93211364746094,,34.01280212402344,0.7912734746932983,781.0809326171875,193.31275939941406,945.0693359375,290.335693359375,163.9884033203125,97.02293395996094,15910.636025546119,863.0751342773438,241.82421875,1920,1080,799.4052734375,218.960205078125,884.0855712890625,225.49559020996094,84.6802978515625,6.5353851318359375,4.41317748534962,left,False,"{'safe_roi': (450, 80, 1500, 420), 'cylinder_roi': (780, 180, 1020, 310)}",ok_cylinder_inside_confirmed
2026-09-29 12:51:29,2026-09-29,157844,4,61,83.6248779296875,,34.491455078125,0.7944898009300232,779.8150024414062,192.75303649902344,942.0946655273438,290.91595458984375,162.2796630859375,98.16291809082031,15929.8452753108,860.954833984375,241.83450317382812,1920,1080,798.834228515625,218.29319763183594,882.2354736328125,224.40489196777344,83.4012451171875,6.1116943359375,4.191178260423596,left,False,"{'safe_roi': (450, 80, 1500, 420), 'cylinder_roi': (780, 180, 1020, 310)}",ok_cylinder_inside_confirmed
2026-09-29 12:51:34,2026-09-29,157944,4,61,86.25300598144531,,35.36979675292969,0.7830246686935425,781.4185180664062,193.09725952148438,946.2080688476562,292.5738220214844,164.78955078125,99.4765625,16392.69804763794,863.8132934570312,242.83554077148438,1920,1080,800.1640014648438,216.4442138671875,886.044189453125,224.45510864257812,85.88018798828125,8.010894775390625,5.329123422551698,left,False,"{'safe_roi': (450, 80, 1500, 420), 'cylinder_roi': (780, 180, 1020, 310)}",ok_cylinder_inside_confirmed
2026-09-29 12:52:02,2026-09-29,158498,4,62,84.6451187133789,,36.08171081542969,0.8001537322998047,793.265625,191.84344482421875,957.239013671875,290.9844665527344,163.973388671875,99.14102172851562,16256.489289216697,875.2523193359375,241.41395568847656,1920,1080,813.3910522460938,215.02749633789062,897.2098388671875,226.82608032226562,83.81878662109375,11.798583984375,8.012482281592675,left,False,"{'safe_roi': (450, 80, 1500, 420), 'cylinder_roi': (780, 180, 1020, 310)}",ok_cylinder_inside_confirmed
2026-09-29 12:52:09,2026-09-29,158642,4,62,84.9449691772461,,36.83943176269531,0.7933574914932251,794.0545654296875,193.029052734375,956.623779296875,294.0297546386719,162.5692138671875,101.00070190429688,16419.60470861569,875.3391723632812,243.52940368652344,1920,1080,814.78271484375,213.90020751953125,898.4088134765625,228.81069946289062,83.6260986328125,14.910491943359375,10.109572301226718,left,False,"{'safe_roi': (450, 80, 1500, 420), 'cylinder_roi': (780, 180, 1020, 310)}",ok_cylinder_inside_confirmed
2026-09-29 12:52:14,2026-09-29,158740,4,62,81.91944885253906,,36.63787841796875,0.7896917462348938,794.0137329101562,192.55917358398438,956.3186645507812,292.8424377441406,162.304931640625,100.28326416015625,16276.4683342129,875.1661987304688,242.7008056640625,1920,1080,815.9232177734375,214.5167236328125,896.77294921875,227.7120819091797,80.8497314453125,13.195358276367188,9.269427969167056,left,False,"{'safe_roi': (450, 80, 1500, 420), 'cylinder_roi': (780, 180, 1020, 310)}",ok_cylinder_inside_confirmed
2026-09-29 12:52:26,2026-09-29,158961,4,62,82.69696807861328,,36.44291687011719,0.7825232744216919,794.2362060546875,192.16156005859375,956.9603271484375,291.5774841308594,162.72412109375,99.41592407226562,16177.368867382407,875.5982666015625,241.86952209472656,1920,1080,815.8457641601562,216.01097106933594,897.54931640625,228.79055786132812,81.70355224609375,12.779586791992188,8.88983653474691,left,False,"{'safe_roi': (450, 80, 1500, 420), 'cylinder_roi': (780, 180, 1020, 310)}",ok_cylinder_inside_confirmed
2026-09-29 12:52:33,2026-09-29,159098,4,62,84.15028381347656,,35.372589111328125,0.7990168929100037,798.2889404296875,190.6945037841797,964.0146484375,288.740966796875,165.7257080078125,98.04646301269531,16248.819500440732,881.1517944335938,239.71774291992188,1920,1080,817.0318603515625,215.85662841796875,900.3214721679688,227.86123657226562,83.28961181640625,12.004608154296875,8.201611827586245,left,False,"{'safe_roi': (450, 80, 1500, 420), 'cylinder_roi': (780, 180, 1020, 310)}",ok_cylinder_inside_confirmed
2026-09-29 12:52:39,2026-09-29,159216,4,62,88.21949005126953,,36.78094482421875,0.7917459011077881,801.8260498046875,191.50755310058594,972.6212158203125,289.87078857421875,170.795166015625,98.36323547363281,16799.96513255313,887.2236328125,240.68917846679688,1920,1080,817.6144409179688,216.6381378173828,905.1895751953125,227.28118896484375,87.57513427734375,10.643051147460938,6.929204893911827,left,False,"{'safe_roi': (450, 80, 1500, 420), 'cylinder_roi': (780, 180, 1020, 310)}",ok_cylinder_inside_confirmed
2026-09-29 12:52:45,2026-09-29,159339,4,62,85.78534698486328,,35.037353515625,0.7938238978385925,800.64208984375,191.0013427734375,964.51904296875,289.6044006347656,163.876953125,98.60305786132812,16158.768691122532,882.58056640625,240.30287170410156,1920,1080,818.99365234375,214.36886596679688,903.7891845703125,227.36282348632812,84.7955322265625,12.99395751953125,8.71215961093947,left,False,"{'safe_roi': (450, 80, 1500, 420), 'cylinder_roi': (780, 180, 1020, 310)}",ok_cylinder_inside_confirmed
2026-09-29 12:52:50,2026-09-29,159436,4,62,84.08802795410156,,35.44493103027344,0.7861897349357605,800.93701171875,191.48338317871094,963.375,289.25042724609375,162.43798828125,97.76704406738281,15881.081958509982,882.156005859375,240.36691284179688,1920,1080,818.7460327148438,213.66160583496094,901.5438842773438,228.3351287841797,82.7978515625,14.67352294921875,10.049674633027525,left,False,"{'safe_roi': (450, 80, 1500, 420), 'cylinder_roi': (780, 180, 1020, 310)}",ok_cylinder_inside_confirmed
2026-09-29 12:53:03,2026-09-29,159676,4,62,85.12360382080078,,34.30818176269531,0.7946298718452454,799.45703125,191.4561767578125,966.880859375,292.31695556640625,167.423828125,100.86077880859375,16886.497695803642,883.1689453125,241.88656616210938,1920,1080,816.548583984375,216.02069091796875,901.1023559570312,225.85369873046875,84.55377197265625,9.8330078125,6.63329944115919,left,False,"{'safe_roi': (450, 80, 1500, 420), 'cylinder_roi': (780, 180, 1020, 310)}",ok_cylinder_inside_confirmed
2026-09-29 12:53:08,2026-09-29,159776,4,62,84.82400512695312,,36.45542907714844,0.7861789464950562,798.5478515625,193.26730346679688,962.820068359375,293.5210266113281,164.272216796875,100.25372314453125,16468.901343092322,880.6839599609375,243.3941650390625,1920,1080,817.0186767578125,213.2525634765625,900.9842529296875,225.28973388671875,83.965576171875,12.03717041015625,8.158245733490556,left,False,"{'safe_roi': (450, 80, 1500, 420), 'cylinder_roi': (780, 180, 1020, 310)}",ok_cylinder_inside_confirmed
2026-09-29 12:53:13,2026-09-29,159877,4,62,87.13067626953125,,35.55314636230469,0.7835962772369385,800.9273071289062,191.41246032714844,963.6979370117188,288.97686767578125,162.7706298828125,97.56440734863281,15880.620038280264,882.3126220703125,240.19467163085938,1920,1080,818.300048828125,213.38536071777344,904.4053344726562,226.71331787109375,86.10528564453125,13.327957153320312,8.798800824226731,left,False,"{'safe_roi': (450, 80, 1500, 420), 'cylinder_roi': (780, 180, 1020, 310)}",ok_cylinder_inside_confirmed
2026-09-29 12:53:18,2026-09-29,159976,4,62,88.46763610839844,,36.275421142578125,0.788443386554718,801.274169921875,191.96214294433594,963.768798828125,286.9728088378906,162.49462890625,95.01066589355469,15438.722896508873,882.521484375,239.46746826171875,1920,1080,819.9120483398438,213.0288848876953,907.17919921875,227.5535888671875,87.26715087890625,14.524703979492188,9.449659755748579,left,False,"{'safe_roi': (450, 80, 1500, 420), 'cylinder_roi': (780, 180, 1020, 310)}",ok_cylinder_inside_confirmed
2026-09-29 12:53:23,2026-09-29,160073,4,62,86.90897369384766,,34.97467041015625,0.7979885339736938,802.60302734375,190.87261962890625,964.6280517578125,286.97613525390625,162.0250244140625,96.103515625,15571.174465417862,883.6155395507812,238.92437744140625,1920,1080,819.6925048828125,213.4717254638672,905.6632080078125,226.20779418945312,85.970703125,12.736068725585938,8.42675268086631,left,False,"{'safe_roi': (450, 80, 1500, 420), 'cylinder_roi': (780, 180, 1020, 310)}",ok_cylinder_inside_confirmed
2026-09-29 12:53:28,2026-09-29,160171,4,62,85.15489959716797,,33.08973693847656,0.8044821619987488,801.1175537109375,188.95980834960938,965.2664794921875,287.8753356933594,164.14892578125,98.91552734375,16236.877556562424,883.1920166015625,238.41757202148438,1920,1080,819.8524169921875,213.3566131591797,904.0146484375,226.3209991455078,84.1622314453125,12.964385986328125,8.757035556796424,left,False,"{'safe_roi': (450, 80, 1500, 420), 'cylinder_roi': (780, 180, 1020, 310)}",ok_cylinder_inside_confirmed
2026-09-29 12:53:33,2026-09-29,160272,4,62,85.12548828125,,34.05755615234375,0.8007466197013855,801.9103393554688,190.53256225585938,965.1122436523438,288.72906494140625,163.201904296875,98.19650268554688,16025.85623357445,883.5112915039062,239.6308135986328,1920,1080,819.9213256835938,212.51832580566406,904.0139770507812,225.73855590820312,84.0926513671875,13.220230102539062,8.93436056720094,left,False,"{'safe_roi': (450, 80, 1500, 420), 'cylinder_roi': (780, 180, 1020, 310)}",ok_cylinder_inside_confirmed
2026-09-29 12:53:43,2026-09-29,160488,4,62,84.22167205810547,,31.601531982421875,0.815622866153717,803.4905395507812,190.21920776367188,966.0238647460938,289.54315185546875,162.5333251953125,99.32394409179688,16143.45090475306,884.7572021484375,239.8811798095703,1920,1080,821.7091674804688,213.53758239746094,904.8900146484375,226.73744201660156,83.18084716796875,13.199859619140625,9.01700479130622,left,False,"{'safe_roi': (450, 80, 1500, 420), 'cylinder_roi': (780, 180, 1020, 310)}",ok_cylinder_inside_confirmed
2026-09-29 12:53:49,2026-09-29,160589,4,62,82.03382873535156,,30.484176635742188,0.804014265537262,801.7529907226562,194.4605255126953,965.2648315429688,293.0220947265625,163.5118408203125,98.56156921386719,16115.983616298065,883.5089111328125,243.74130249023438,1920,1080,823.1553955078125,214.66897583007812,904.39208984375,226.0772247314453,81.2366943359375,11.408248901367188,7.99389698484418,left,False,"{'safe_roi': (450, 80, 1500, 420), 'cylinder_roi': (780, 180, 1020, 310)}",ok_cylinder_inside_confirmed
2026-09-29 12:53:54,2026-09-29,160683,4,62,81.94304656982422,,31.0458984375,0.8040179014205933,805.4483032226562,191.63934326171875,965.0779418945312,290.2442321777344,159.629638671875,98.60488891601562,15740.262788943946,885.2631225585938,240.94178771972656,1920,1080,822.6410522460938,214.24847412109375,903.6435546875,226.62820434570312,81.00250244140625,12.379730224609375,8.689359831084682,left,False,"{'safe_roi': (450, 80, 1500, 420), 'cylinder_roi': (780, 180, 1020, 310)}",ok_cylinder_inside_confirmed
2026-09-29 12:54:27,2026-09-29,161326,4,63,83.9229736328125,,32.255584716796875,0.7762155532836914,805.9592895507812,193.7318115234375,969.2280883789062,294.4167785644531,163.268798828125,100.68496704101562,16438.713628835976,887.5936889648438,244.0742950439453,1920,1080,819.9345703125,213.52305603027344,902.92138671875,226.02320861816406,82.98681640625,12.500152587890625,8.565962064668268,left,False,"{'safe_roi': (450, 80, 1500, 420), 'cylinder_roi': (780, 180, 1020, 310)}",ok_cylinder_inside_confirmed
2026-09-29 12:54:32,2026-09-29,161425,4,63,86.02300262451172,,33.008148193359375,0.7832191586494446,804.4747924804688,194.508056640625,968.2042846679688,293.9377746582031,163.7294921875,99.42971801757812,16279.577239364386,886.3395385742188,244.22291564941406,1920,1080,819.6891479492188,213.5872802734375,904.666015625,226.96221923828125,84.97686767578125,13.37493896484375,8.944691336949061,left,False,"{'safe_roi': (450, 80, 1500, 420), 'cylinder_roi': (780, 180, 1020, 310)}",ok_cylinder_inside_confirmed
2026-09-29 12:54:37,2026-09-29,161524,4,63,83.47286224365234,,33.4896240234375,0.7745599150657654,806.3143920898438,193.41065979003906,971.0591430664062,291.8347473144531,164.7447509765625,98.42408752441406,16214.851789304987,888.686767578125,242.62271118164062,1920,1080,819.470947265625,212.91180419921875,901.9411010742188,225.8111114501953,82.47015380859375,12.899307250976562,8.889709837180758,left,False,"{'safe_roi': (450, 80, 1500, 420), 'cylinder_roi': (780, 180, 1020, 310)}",ok_cylinder_inside_confirmed
2026-09-29 12:54:42,2026-09-29,161621,4,63,86.07821655273438,,32.87709045410156,0.7899875044822693,803.129150390625,194.72276306152344,966.7830810546875,294.35906982421875,163.6539306640625,99.63630676269531,16305.8732385654,884.9561157226562,244.54092407226562,1920,1080,818.9769897460938,212.40023803710938,903.822021484375,226.91848754882812,84.84503173828125,14.51824951171875,9.710118926874033,left,False,"{'safe_roi': (450, 80, 1500, 420), 'cylinder_roi': (780, 180, 1020, 310)}",ok_cylinder_inside_confirmed
2026-09-29 12:54:47,2026-09-29,161716,4,63,87.72215270996094,,34.382080078125,0.7656956911087036,804.12109375,194.9000244140625,968.1649169921875,294.5740051269531,164.0438232421875,99.67398071289062,16350.900873910636,886.1430053710938,244.7370147705078,1920,1080,818.0800170898438,213.56991577148438,905.00537109375,225.366455078125,86.92535400390625,11.796539306640625,7.728330847533863,left,False,"{'safe_roi': (450, 80, 1500, 420), 'cylinder_roi': (780, 180, 1020, 310)}",ok_cylinder_inside_confirmed
2026-09-29 12:54:53,2026-09-29,161812,4,63,85.2067642211914,,33.60789489746094,0.7725507616996765,803.1287231445312,191.4891815185547,968.7341918945312,294.2073974609375,165.60546875,102.71821594238281,17010.69830030203,885.9314575195312,242.84829711914062,1920,1080,819.86962890625,213.3231964111328,904.1347045898438,225.95606994628906,84.26507568359375,12.63287353515625,8.526185261358307,left,False,"{'safe_roi': (450, 80, 1500, 420), 'cylinder_roi': (780, 180, 1020, 310)}",ok_cylinder_inside_confirmed
2026-09-29 12:54:58,2026-09-29,161914,4,63,90.7542495727539,,33.53388977050781,0.7708590030670166,805.9716186523438,191.3707733154297,972.8529663085938,292.96624755859375,166.88134765625,101.59547424316406,16954.389657475054,889.4122924804688,242.16851806640625,1920,1080,818.2230224609375,217.37477111816406,908.610595703125,225.52464294433594,90.3875732421875,8.149871826171875,5.152190228961445,left,False,"{'safe_roi': (450, 80, 1500, 420), 'cylinder_roi': (780, 180, 1020, 310)}",ok_cylinder_inside_confirmed
2026-09-29 12:55:14,2026-09-29,162240,4,63,91.74909210205078,,35.304962158203125,0.7568362951278687,803.37353515625,191.60440063476562,971.216064453125,295.1092834472656,167.842529296875,103.5048828125,17372.521325826645,887.2947998046875,243.35684204101562,1920,1080,818.0304565429688,217.1531982421875,909.4472045898438,224.9553680419922,91.416748046875,7.8021697998046875,4.878216670595132,left,False,"{'safe_roi': (450, 80, 1500, 420), 'cylinder_roi': (780, 180, 1020, 310)}",ok_cylinder_inside_confirmed
2026-09-29 12:55:26,2026-09-29,162464,4,63,95.60419464111328,,30.824188232421875,0.7600628137588501,806.7860107421875,190.53353881835938,975.2027587890625,293.0927429199219,168.416748046875,102.5592041015625,17272.68763706088,890.994384765625,241.81314086914062,1920,1080,815.1744384765625,215.14288330078125,910.1451416015625,226.1304931640625,94.970703125,10.98760986328125,6.59947884687175,left,False,"{'safe_roi': (450, 80, 1500, 420), 'cylinder_roi': (780, 180, 1020, 310)}",ok_cylinder_inside_confirmed
2026-09-29 12:55:31,2026-09-29,162559,4,63,97.97616577148438,,30.18267822265625,0.7704440355300903,806.3634643554688,190.11282348632812,974.7736206054688,291.8795471191406,168.41015625,101.7667236328125,17138.54982805252,890.5685424804688,240.99618530273438,1920,1080,814.2907104492188,216.55282592773438,911.822265625,225.87615966796875,97.53155517578125,9.323333740234375,5.4604829933466315,left,False,"{'safe_roi': (450, 80, 1500, 420), 'cylinder_roi': (780, 180, 1020, 310)}",ok_cylinder_inside_confirmed
2026-09-29 12:55:45,2026-09-29,162837,4,63,99.37528991699219,,30.930923461914062,0.7721330523490906,807.0892333984375,190.80569458007812,976.005126953125,293.1859436035156,168.9158935546875,102.3802490234375,17293.651246145368,891.5471801757812,241.99581909179688,1920,1080,814.2041015625,215.70748901367188,912.936279296875,226.994873046875,98.732177734375,11.287384033203125,6.5219249937205435,left,False,"{'safe_roi': (450, 80, 1500, 420), 'cylinder_roi': (780, 180, 1020, 310)}",ok_cylinder_inside_confirmed
2026-09-29 12:56:44,2026-09-29,163976,4,64,96.79008483886719,,31.805419921875,0.7663639187812805,807.6561279296875,191.9580841064453,979.4547119140625,295.24627685546875,171.798583984375,103.28819274902344,17744.765256587416,893.555419921875,243.6021728515625,1920,1080,812.4292602539062,211.98179626464844,908.2705078125,225.50128173828125,95.84124755859375,13.519485473632812,8.029237543629705,left,False,"{'safe_roi': (450, 80, 1500, 420), 'cylinder_roi': (780, 180, 1020, 310)}",ok_cylinder_inside_confirmed
2026-09-29 12:56:50,2026-09-29,164097,4,64,86.8516616821289,,35.8623046875,0.769919753074646,807.3438110351562,192.45782470703125,967.8446655273438,297.6510314941406,160.5008544921875,105.19320678710938,16883.599576104432,887.59423828125,245.05442810058594,1920,1080,815.6884765625,237.23013305664062,902.2552490234375,230.2012939453125,86.5667724609375,7.028839111328125,4.6419807016846,left,False,"{'safe_roi': (450, 80, 1500, 420), 'cylinder_roi': (780, 180, 1020, 310)}",ok_cylinder_inside_confirmed
2026-09-29 12:56:55,2026-09-29,164194,4,64,90.77022552490234,,37.33158874511719,0.796604573726654,783.4869384765625,189.06484985351562,961.249267578125,294.0321960449219,177.7623291015625,104.96734619140625,18659.2399385944,872.3681030273438,241.54852294921875,1920,1080,799.696044921875,227.16195678710938,890.3978271484375,223.6376953125,90.7017822265625,3.524261474609375,2.225135786571378,left,False,"{'safe_roi': (450, 80, 1500, 420), 'cylinder_roi': (780, 180, 1020, 310)}",ok_cylinder_inside_confirmed
2026-09-29 13:12:04,2026-09-29,181881,4,65,96.48826599121094,,39.95124816894531,0.8017933964729309,776.2677001953125,192.48056030273438,957.6593017578125,296.9015808105469,181.3916015625,104.4210205078125,18941.096146702766,866.9635009765625,244.69107055664062,1920,1080,946.4824829101562,215.18182373046875,850.1431274414062,220.54043579101562,96.33935546875,5.358612060546875,3.183639863130736,right,False,"{'safe_roi': (450, 80, 1500, 420), 'cylinder_roi': (780, 180, 1020, 310)}",ok_cylinder_inside_confirmed
2026-09-29 13:12:09,2026-09-29,181977,4,65,101.13444519042969,,43.144683837890625,0.7937172055244446,772.7864379882812,192.35562133789062,958.3274536132812,296.98663330078125,185.541015625,104.63101196289062,19413.34422546625,865.5569458007812,244.67112731933594,1920,1080,944.927978515625,214.82241821289062,843.9080810546875,219.63449096679688,101.0198974609375,4.81207275390625,2.727217235658091,right,False,"{'safe_roi': (450, 80, 1500, 420), 'cylinder_roi': (780, 180, 1020, 310)}",ok_cylinder_inside_confirmed
2026-09-29 13:12:14,2026-09-29,182074,4,65,101.59016418457031,,42.568267822265625,0.7910922765731812,771.3770751953125,192.04095458984375,958.571044921875,297.3171691894531,187.1939697265625,105.27621459960938,19707.072528686374,864.9740600585938,244.67906188964844,1920,1080,947.4154052734375,212.7137451171875,846.0516357421875,219.49221801757812,101.36376953125,6.778472900390625,3.825829502646553,right,False,"{'safe_roi': (450, 80, 1500, 420), 'cylinder_roi': (780, 180, 1020, 310)}",ok_cylinder_inside_confirmed
2026-09-29 13:12:19,2026-09-29,182173,4,65,97.38089752197266,,40.79315185546875,0.7929002642631531,772.18994140625,192.8488006591797,956.5704345703125,298.7447509765625,184.3804931640625,105.89595031738281,19525.147543596104,864.3801879882812,245.79678344726562,1920,1080,946.4962768554688,213.30056762695312,849.31298828125,219.5011444091797,97.18328857421875,6.2005767822265625,3.650689172829459,right,False,"{'safe_roi': (450, 80, 1500, 420), 'cylinder_roi': (780, 180, 1020, 310)}",ok_cylinder_inside_confirmed
2026-09-29 13:14:04,2026-09-29,184240,4,66,90.22594451904297,,35.368316650390625,0.7874307036399841,831.1329345703125,195.26040649414062,1009.0931396484375,298.12835693359375,177.960205078125,102.86795043945312,18306.401556171477,920.113037109375,246.6943817138672,1920,1080,841.56640625,225.92689514160156,931.7664794921875,223.76638793945312,90.2000732421875,2.1605072021484375,1.3721084130917307,left,False,"{'safe_roi': (450, 80, 1500, 420), 'cylinder_roi': (780, 180, 1020, 310)}",ok_cylinder_inside_confirmed
2026-09-29 13:14:09,2026-09-29,184336,4,66,113.13529968261719,,35.799285888671875,0.7932184338569641,833.9199829101562,194.185546875,1019.2925415039062,299.38409423828125,185.37255859375,105.19854736328125,19500.923885077238,926.6062622070312,246.78482055664062,1920,1080,827.9931640625,225.15257263183594,941.0533447265625,221.03045654296875,113.0601806640625,4.1221160888671875,2.0880497954717256,left,False,"{'safe_roi': (450, 80, 1500, 420), 'cylinder_roi': (780, 180, 1020, 310)}",ok_cylinder_inside_confirmed
2026-09-29 13:15:17,2026-09-29,185662,4,67,98.17205810546875,,35.47340393066406,0.7961446046829224,844.1903686523438,192.76541137695312,1017.2045288085938,302.6037292480469,173.01416015625,109.83831787109375,19003.58431944251,930.6974487304688,247.6845703125,1920,1080,842.9940795898438,215.16371154785156,940.9241943359375,222.05174255371094,97.93011474609375,6.888031005859375,4.0233407460575865,left,False,"{'safe_roi': (450, 80, 1500, 420), 'cylinder_roi': (780, 180, 1020, 310)}",ok_cylinder_inside_confirmed
2026-09-29 13:15:22,2026-09-29,185755,4,67,99.89644622802734,,39.388092041015625,0.7961128354072571,850.7902221679688,190.61744689941406,1031.9278564453125,302.37725830078125,181.13763427734375,111.75981140136719,20243.907844525762,941.3590087890625,246.49734497070312,1920,1080,850.6297607421875,216.6336669921875,950.2706298828125,223.77490234375,99.640869140625,7.1412353515625,4.099364439022607,left,False,"{'safe_roi': (450, 80, 1500, 420), 'cylinder_roi': (780, 180, 1020, 310)}",ok_cylinder_inside_confirmed
2026-09-29 13:15:27,2026-09-29,185852,4,67,96.00939178466797,,36.61151123046875,0.7828637361526489,856.5611572265625,191.45547485351562,1031.8997802734375,306.8407287597656,175.338623046875,115.38525390625,20231.49153983593,944.23046875,249.14810180664062,1920,1080,857.8416748046875,213.80715942382812,953.3526611328125,223.57723999023438,95.510986328125,9.77008056640625,5.840627129012458,left,False,"{'safe_roi': (450, 80, 1500, 420), 'cylinder_roi': (780, 180, 1020, 310)}",ok_cylinder_inside_confirmed
2026-09-29 13:16:17,2026-09-29,186823,4,68,102.80561828613281,,36.34373474121094,0.7842229008674622,782.9031982421875,192.7334442138672,961.2071533203125,295.95928955078125,178.303955078125,103.22584533691406,18405.576489854604,872.05517578125,244.34637451171875,1920,1080,786.5849609375,214.83216857910156,889.1756591796875,221.47625732421875,102.5906982421875,6.6440887451171875,3.7054758870039355,left,False,"{'safe_roi': (450, 80, 1500, 420), 'cylinder_roi': (780, 180, 1020, 310)}",ok_cylinder_inside_confirmed
2026-09-29 13:16:22,2026-09-29,186919,4,68,105.27079010009766,,34.36763000488281,0.7940075993537903,778.4226684570312,193.0767059326172,965.9678344726562,295.73028564453125,187.545166015625,102.65357971191406,19252.182649169117,872.1952514648438,244.40350341796875,1920,1080,786.27685546875,212.00982666015625,891.042724609375,222.30795288085938,104.765869140625,10.298126220703125,5.613944250986715,left,False,"{'safe_roi': (450, 80, 1500, 420), 'cylinder_roi': (780, 180, 1020, 310)}",ok_cylinder_inside_confirmed
2026-09-29 13:16:27,2026-09-29,187018,4,68,101.82421875,,37.360321044921875,0.7924251556396484,776.7709350585938,192.30038452148438,964.1226196289062,294.11810302734375,187.3516845703125,101.81771850585938,19075.721081178635,870.44677734375,243.20924377441406,1920,1080,787.4443969726562,213.6318359375,888.9664916992188,221.46990966796875,101.5220947265625,7.83807373046875,4.414796882991042,left,False,"{'safe_roi': (450, 80, 1500, 420), 'cylinder_roi': (780, 180, 1020, 310)}",ok_cylinder_inside_confirmed
2026-09-29 13:16:39,2026-09-29,187262,4,68,103.12297821044922,,36.16908264160156,0.785802960395813,782.0478515625,193.96141052246094,961.484619140625,295.370849609375,179.436767578125,101.40943908691406,18196.581951666623,871.7662353515625,244.6661376953125,1920,1080,786.5029296875,215.83009338378906,889.33447265625,223.5775146484375,102.83154296875,7.7474212646484375,4.308575860853189,left,False,"{'safe_roi': (450, 80, 1500, 420), 'cylinder_roi': (780, 180, 1020, 310)}",ok_cylinder_inside_confirmed
2026-09-29 13:19:48,2026-09-29,190965,4,69,99.4190902709961,,37.25482177734375,0.7830447554588318,755.8307495117188,191.09591674804688,949.0684204101562,300.4848937988281,193.2376708984375,109.38897705078125,21138.0711472556,852.4495849609375,245.7904052734375,1920,1080,937.7034912109375,217.6900634765625,838.4736938476562,223.8221893310547,99.22979736328125,6.1321258544921875,3.5362231128641075,right,False,"{'safe_roi': (450, 80, 1500, 420), 'cylinder_roi': (780, 180, 1020, 310)}",ok_cylinder_inside_confirmed
2026-09-29 13:20:04,2026-09-29,191276,4,69,101.58373260498047,,41.77769470214844,0.7817085981369019,756.7031860351562,191.4029541015625,946.4266967773438,302.2978515625,189.7235107421875,110.8948974609375,21039.369269683957,851.56494140625,246.85040283203125,1920,1080,938.6431884765625,214.91558837890625,837.498291015625,224.34768676757812,101.1448974609375,9.432098388671875,5.3276145173673,right,False,"{'safe_roi': (450, 80, 1500, 420), 'cylinder_roi': (780, 180, 1020, 310)}",ok_cylinder_inside_confirmed
2026-09-29 13:20:09,2026-09-29,191372,4,69,99.15638732910156,,40.334930419921875,0.7719637155532837,759.6638793945312,193.31288146972656,945.2946166992188,302.9479675292969,185.6307373046875,109.63508605957031,20351.641859700903,852.479248046875,248.13043212890625,1920,1080,937.932373046875,215.01666259765625,839.2020263671875,224.1986083984375,98.7303466796875,9.18194580078125,5.313238193407074,right,False,"{'safe_roi': (450, 80, 1500, 420), 'cylinder_roi': (780, 180, 1020, 310)}",ok_cylinder_inside_confirmed
2026-09-29 13:20:14,2026-09-29,191467,4,69,98.02976989746094,,37.41004943847656,0.7712440490722656,760.61083984375,193.193115234375,945.94189453125,302.5419006347656,185.3310546875,109.34878540039062,20265.725727051497,853.2763671875,247.8675079345703,1920,1080,935.38818359375,217.22091674804688,837.6390380859375,224.63307189941406,97.7491455078125,7.4121551513671875,4.336345148951108,right,False,"{'safe_roi': (450, 80, 1500, 420), 'cylinder_roi': (780, 180, 1020, 310)}",ok_cylinder_inside_confirmed
2026-09-29 13:20:19,2026-09-29,191563,4,69,92.3247299194336,,35.78132629394531,0.784804105758667,762.6285400390625,194.2302703857422,944.3570556640625,302.19256591796875,181.728515625,107.96229553222656,19619.827710539103,853.4927978515625,248.21142578125,1920,1080,933.793212890625,218.24868774414062,841.6596069335938,224.186279296875,92.13360595703125,5.937591552734375,3.687353055105704,right,False,"{'safe_roi': (450, 80, 1500, 420), 'cylinder_roi': (780, 180, 1020, 310)}",ok_cylinder_inside_confirmed
2026-09-29 13:20:24,2026-09-29,191661,4,69,92.36761474609375,,36.2154541015625,0.7756273746490479,761.6052856445312,194.84957885742188,944.3782348632812,302.628173828125,182.77294921875,107.77859497070312,19699.011665448546,852.9917602539062,248.73887634277344,1920,1080,932.4984741210938,215.85504150390625,840.8071899414062,227.01231384277344,91.6912841796875,11.157272338867188,6.937815449408617,right,False,"{'safe_roi': (450, 80, 1500, 420), 'cylinder_roi': (780, 180, 1020, 310)}",ok_cylinder_inside_confirmed
2026-09-29 13:20:29,2026-09-29,191756,4,69,94.54874420166016,,35.93791198730469,0.7844875454902649,763.4678344726562,193.5319366455078,942.9358520507812,303.51446533203125,179.468017578125,109.98252868652344,19738.346391599625,853.2018432617188,248.523193359375,1920,1080,933.97802734375,217.91888427734375,839.7660522460938,225.8918914794922,94.21197509765625,7.9730072021484375,4.837322957745814,right,False,"{'safe_roi': (450, 80, 1500, 420), 'cylinder_roi': (780, 180, 1020, 310)}",ok_cylinder_inside_confirmed
2026-09-29 13:20:34,2026-09-29,191850,4,69,94.39606475830078,,37.17535400390625,0.7821892499923706,764.4004516601562,194.098876953125,942.2786254882812,304.88116455078125,177.878173828125,110.78228759765625,19705.751010373235,853.3395385742188,249.49002075195312,1920,1080,934.6253051757812,217.9263916015625,840.4591064453125,224.510009765625,94.16619873046875,6.5836181640625,3.9993194821480316,right,False,"{'safe_roi': (450, 80, 1500, 420), 'cylinder_roi': (780, 180, 1020, 310)}",ok_cylinder_inside_confirmed
2026-09-29 13:20:40,2026-09-29,191950,4,69,94.31585693359375,,35.02854919433594,0.7885955572128296,765.9810791015625,194.62774658203125,941.815673828125,304.14227294921875,175.8345947265625,109.5145263671875,19256.442360445857,853.8983764648438,249.385009765625,1920,1080,934.1207275390625,216.63128662109375,840.2650756835938,225.9370880126953,93.85565185546875,9.305801391601562,5.662378037309686,right,False,"{'safe_roi': (450, 80, 1500, 420), 'cylinder_roi': (780, 180, 1020, 310)}",ok_cylinder_inside_confirmed
2026-09-29 13:20:45,2026-09-29,192047,4,69,93.16033172607422,,35.03529357910156,0.7925379276275635,769.495849609375,192.63510131835938,942.8795166015625,300.577392578125,173.3836669921875,107.94229125976562,18715.430282156914,856.1876831054688,246.6062469482422,1920,1080,934.7542724609375,216.25485229492188,842.0230712890625,225.18634033203125,92.731201171875,8.931488037109375,5.5015237077564505,right,False,"{'safe_roi': (450, 80, 1500, 420), 'cylinder_roi': (780, 180, 1020, 310)}",ok_cylinder_inside_confirmed
2026-09-29 13:20:50,2026-09-29,192143,4,69,95.01417541503906,,35.972747802734375,0.7896886467933655,764.1283569335938,193.73558044433594,939.6027221679688,308.40191650390625,175.474365234375,114.66633605957031,20121.002533804625,851.8655395507812,251.06875610351562,1920,1080,932.4847412109375,214.80224609375,837.8524780273438,223.31275939941406,94.63226318359375,8.510513305664062,5.13892652093836,right,False,"{'safe_roi': (450, 80, 1500, 420), 'cylinder_roi': (780, 180, 1020, 310)}",ok_cylinder_inside_confirmed
2026-09-29 13:20:55,2026-09-29,192231,4,69,95.67694091796875,,36.46043395996094,0.7883037328720093,761.73828125,192.96185302734375,938.346923828125,307.7389831542969,176.608642578125,114.77713012695312,20270.633150734007,850.0426025390625,250.3504180908203,1920,1080,934.3661499023438,214.12310791015625,839.1043090820312,223.02587890625,95.2618408203125,8.90277099609375,5.339114703177792,right,False,"{'safe_roi': (450, 80, 1500, 420), 'cylinder_roi': (780, 180, 1020, 310)}",ok_cylinder_inside_confirmed
2026-09-29 13:21:00,2026-09-29,192329,4,69,95.61917877197266,,35.43263244628906,0.7997791171073914,765.7521362304688,193.05856323242188,939.4596557617188,310.655517578125,173.70751953125,117.59695434570312,20427.47524382174,852.6058959960938,251.85704040527344,1920,1080,934.9064331054688,215.6608428955078,839.6206665039062,223.638916015625,95.2857666015625,7.9780731201171875,4.786089652028918,right,False,"{'safe_roi': (450, 80, 1500, 420), 'cylinder_roi': (780, 180, 1020, 310)}",ok_cylinder_inside_confirmed
2026-09-29 13:21:05,2026-09-29,192427,4,69,94.15413665771484,,34.246673583984375,0.7798056602478027,763.6381225585938,195.71311950683594,933.5426635742188,311.70831298828125,169.904541015625,115.99519348144531,19708.110108483583,848.5903930664062,253.71072387695312,1920,1080,934.4205322265625,214.88150024414062,840.7125244140625,224.03631591796875,93.7080078125,9.154815673828125,5.5798115135897985,right,False,"{'safe_roi': (450, 80, 1500, 420), 'cylinder_roi': (780, 180, 1020, 310)}",ok_cylinder_inside_confirmed
2026-09-29 13:21:10,2026-09-29,192523,4,69,94.19752502441406,,33.78717041015625,0.8002536296844482,767.6988525390625,192.76881408691406,937.7333984375,311.17486572265625,170.0345458984375,118.40605163574219,20133.119221510366,852.7161254882812,251.97183227539062,1920,1080,933.968994140625,213.6458740234375,840.2937622070312,223.5516357421875,93.67523193359375,9.90576171875,6.0363545099834175,right,False,"{'safe_roi': (450, 80, 1500, 420), 'cylinder_roi': (780, 180, 1020, 310)}",ok_cylinder_inside_confirmed
2026-09-29 13:21:15,2026-09-29,192621,4,69,94.19830322265625,,32.828338623046875,0.7808336019515991,767.4603881835938,193.40419006347656,936.6461791992188,311.1263427734375,169.185791015625,117.72215270996094,19916.915526296943,852.0532836914062,252.2652587890625,1920,1080,934.283447265625,213.60775756835938,840.483642578125,222.26318359375,93.7998046875,8.655426025390625,5.272068353080737,right,False,"{'safe_roi': (450, 80, 1500, 420), 'cylinder_roi': (780, 180, 1020, 310)}",ok_cylinder_inside_confirmed
2026-09-29 13:22:34,2026-09-29,194160,4,70,83.72402954101562,,33.26289367675781,0.7894474864006042,764.4097290039062,196.16053771972656,930.0836791992188,314.8633117675781,165.6739501953125,118.70277404785156,19665.957475649193,847.2467041015625,255.51193237304688,1920,1080,924.369384765625,218.36178588867188,841.643798828125,231.2532958984375,82.7255859375,12.891510009765625,8.857425192674308,right,False,"{'safe_roi': (450, 80, 1500, 420), 'cylinder_roi': (780, 180, 1020, 310)}",ok_cylinder_inside_confirmed
2026-09-29 13:23:01,2026-09-29,194677,4,71,90.33870697021484,,32.627410888671875,0.7854198217391968,766.271728515625,197.61402893066406,931.579833984375,314.4446716308594,165.30810546875,116.83064270019531,19313.052205465734,848.92578125,256.02935791015625,1920,1080,928.0084838867188,212.42173767089844,838.1964721679688,222.16259765625,89.81201171875,9.740859985351562,6.190008259366028,right,False,"{'safe_roi': (450, 80, 1500, 420), 'cylinder_roi': (780, 180, 1020, 310)}",ok_cylinder_inside_confirmed
2026-09-29 13:43:07,2026-09-29,218161,5,72,91.41083526611328,,36.02105712890625,0.7767727971076965,773.7166748046875,191.98406982421875,952.067138671875,291.8739929199219,178.3504638671875,99.88992309570312,17815.41411977634,862.8919067382812,241.9290313720703,1920,1080,796.91796875,216.33279418945312,888.2962036132812,218.77378845214844,91.37823486328125,2.4409942626953125,1.5301829404239173,left,False,"{'safe_roi': (450, 80, 1500, 420), 'cylinder_roi': (780, 180, 1020, 310)}",ok_cylinder_inside_confirmed
2026-09-29 13:43:12,2026-09-29,218260,5,72,107.3243179321289,,49.31880187988281,0.7789372801780701,774.3287963867188,192.1986541748047,950.1030883789062,291.9579162597656,175.7742919921875,99.75926208496094,17535.113662647083,862.2159423828125,242.07827758789062,1920,1080,780.0863037109375,215.93084716796875,887.0345458984375,224.90762329101562,106.9482421875,8.976776123046875,4.797915317907127,left,False,"{'safe_roi': (450, 80, 1500, 420), 'cylinder_roi': (780, 180, 1020, 310)}",ok_cylinder_inside_confirmed
2026-09-29 13:43:18,2026-09-29,218374,5,72,103.01898956298828,,46.92054748535156,0.7784034609794617,776.4675903320312,192.14361572265625,952.6272583007812,291.9225769042969,176.15966796875,99.77896118164062,17577.028672024608,864.5474243164062,242.03309631347656,1920,1080,782.8322143554688,216.769775390625,885.5426025390625,224.73773193359375,102.71038818359375,7.96795654296875,4.435946110191358,left,False,"{'safe_roi': (450, 80, 1500, 420), 'cylinder_roi': (780, 180, 1020, 310)}",ok_cylinder_inside_confirmed
2026-09-29 13:43:31,2026-09-29,218642,5,72,91.74966430664062,,35.77862548828125,0.793518602848053,778.817138671875,194.16192626953125,956.274658203125,295.6270751953125,177.45751953125,101.46514892578125,18005.753647238016,867.5458984375,244.89450073242188,1920,1080,797.5062255859375,216.03207397460938,889.1524047851562,220.38861083984375,91.64617919921875,4.356536865234375,2.7215909652036205,left,False,"{'safe_roi': (450, 80, 1500, 420), 'cylinder_roi': (780, 180, 1020, 310)}",ok_cylinder_inside_confirmed
2026-09-29 13:43:36,2026-09-29,218740,5,72,91.3344955444336,,35.57789611816406,0.7852596640586853,778.8307495117188,193.12733459472656,957.3109741210938,293.9683837890625,178.480224609375,100.84104919433594,17998.133110050112,868.0708618164062,243.5478515625,1920,1080,794.5532836914062,215.4099884033203,885.8072509765625,219.24449157714844,91.25396728515625,3.834503173828125,2.4061603435585988,left,False,"{'safe_roi': (450, 80, 1500, 420), 'cylinder_roi': (780, 180, 1020, 310)}",ok_cylinder_inside_confirmed
2026-09-29 13:43:41,2026-09-29,218839,5,72,101.5922622680664,,36.64057922363281,0.7572142481803894,778.8038940429688,192.5966796875,952.6209106445312,293.9021301269531,173.8170166015625,101.30545043945312,17608.61116086319,865.71240234375,243.24940490722656,1920,1080,782.5231323242188,211.58016967773438,883.3231201171875,224.24313354492188,100.79998779296875,12.6629638671875,7.1602532126111065,left,False,"{'safe_roi': (450, 80, 1500, 420), 'cylinder_roi': (780, 180, 1020, 310)}",ok_cylinder_inside_confirmed
2026-09-29 13:43:47,2026-09-29,218940,5,72,86.716796875,,34.86198425292969,0.7747500538825989,778.888427734375,193.38876342773438,952.1875,292.08978271484375,173.299072265625,98.70101928710938,17104.795074127614,865.5379638671875,242.73927307128906,1920,1080,798.1168212890625,212.87010192871094,884.5664672851562,219.67172241210938,86.44964599609375,6.8016204833984375,4.498607398554941,left,False,"{'safe_roi': (450, 80, 1500, 420), 'cylinder_roi': (780, 180, 1020, 310)}",ok_cylinder_inside_confirmed
2026-09-29 13:44:02,2026-09-29,219230,5,72,98.93020629882812,,35.35662841796875,0.7916269302368164,792.5464477539062,192.93016052246094,968.4639282226562,294.6348876953125,175.91748046875,101.70472717285156,17891.639356009662,880.5051879882812,243.78253173828125,1920,1080,802.8438110351562,213.39443969726562,901.217041015625,223.87747192382812,98.37322998046875,10.4830322265625,6.0827046130570945,left,False,"{'safe_roi': (450, 80, 1500, 420), 'cylinder_roi': (780, 180, 1020, 310)}",ok_cylinder_inside_confirmed
2026-09-29 13:45:01,2026-09-29,220366,5,73,98.20892333984375,,39.383056640625,0.7804883122444153,791.3322143554688,194.44171142578125,961.6588745117188,295.2421569824219,170.32666015625,100.80044555664062,17169.003233924508,876.4955444335938,244.84193420410156,1920,1080,800.4037475585938,213.66131591796875,896.9403686523438,231.70773315429688,96.53662109375,18.046417236328125,10.588576652224699,left,False,"{'safe_roi': (450, 80, 1500, 420), 'cylinder_roi': (780, 180, 1020, 310)}",ok_cylinder_inside_confirmed
2026-09-29 13:45:09,2026-09-29,220518,5,73,92.31674194335938,,36.80841064453125,0.7768846750259399,794.8536987304688,194.3640899658203,963.5901489257812,294.8661193847656,168.7364501953125,100.50202941894531,16958.355681577697,879.221923828125,244.6151123046875,1920,1080,808.0989990234375,213.67752075195312,899.333251953125,227.7733154296875,91.2342529296875,14.095794677734375,8.78281803036877,left,False,"{'safe_roi': (450, 80, 1500, 420), 'cylinder_roi': (780, 180, 1020, 310)}",ok_cylinder_inside_confirmed
2026-09-29 13:45:34,2026-09-29,221001,5,74,94.88624572753906,,34.863037109375,0.7804585695266724,789.6839599609375,194.76556396484375,963.3251953125,299.3731994628906,173.6412353515625,104.60763549804688,18164.19905508682,876.5045776367188,247.0693817138672,1920,1080,806.394775390625,212.84219360351562,900.3155517578125,226.34356689453125,93.9207763671875,13.501373291015625,8.180386291648393,left,False,"{'safe_roi': (450, 80, 1500, 420), 'cylinder_roi': (780, 180, 1020, 310)}",ok_cylinder_inside_confirmed
2026-09-29 13:45:39,2026-09-29,221101,5,74,95.52361297607422,,38.63972473144531,0.788690447807312,792.047607421875,192.7617645263672,963.51513671875,297.6461181640625,171.467529296875,104.88435363769531,17984.26098015532,877.7813720703125,245.20394897460938,1920,1080,806.0440063476562,213.10643005371094,900.7691650390625,225.431396484375,94.72515869140625,12.324966430664062,7.413274017357894,left,False,"{'safe_roi': (450, 80, 1500, 420), 'cylinder_roi': (780, 180, 1020, 310)}",ok_cylinder_inside_confirmed
2026-09-29 13:47:58,2026-09-29,223794,5,75,102.1432876586914,,21.7279052734375,0.7786494493484497,786.6655883789062,195.67672729492188,960.5501098632812,294.88037109375,173.884521484375,99.20364379882812,17249.978131465614,873.6078491210938,245.27854919433594,1920,1080,787.2621459960938,206.80259704589844,887.3909912109375,226.98837280273438,100.12884521484375,20.185775756835938,11.397942977981677,left,False,"{'safe_roi': (450, 80, 1500, 420), 'cylinder_roi': (780, 180, 1020, 310)}",ok_cylinder_inside_confirmed
2026-09-29 13:48:03,2026-09-29,223893,5,75,95.49295806884766,,25.393829345703125,0.7689020037651062,782.2037963867188,193.7505645751953,959.3755493164062,294.18670654296875,177.1717529296875,100.43614196777344,17794.447329925373,870.7896728515625,243.9686279296875,1920,1080,792.3079223632812,210.7665557861328,886.84716796875,224.22894287109375,94.53924560546875,13.462387084960938,8.10443131913135,left,False,"{'safe_roi': (450, 80, 1500, 420), 'cylinder_roi': (780, 180, 1020, 310)}",ok_cylinder_inside_confirmed
2026-09-29 13:48:10,2026-09-29,224029,5,75,99.18133544921875,,26.731674194335938,0.7921806573867798,784.37890625,193.8699493408203,960.1187744140625,294.9342041015625,175.7398681640625,101.06425476074219,17761.018807752058,872.2488403320312,244.40206909179688,1920,1080,788.40673828125,210.7071533203125,886.44189453125,225.741943359375,98.03515625,15.0347900390625,8.719017400382763,left,False,"{'safe_roi': (450, 80, 1500, 420), 'cylinder_roi': (780, 180, 1020, 310)}",ok_cylinder_inside_confirmed
2026-09-29 13:48:29,2026-09-29,224400,5,75,106.56755828857422,,51.11656188964844,0.7739246487617493,774.1163940429688,195.6671142578125,953.7692260742188,292.83935546875,179.65283203125,97.1722412109375,17457.268328368664,863.9428100585938,244.25323486328125,1920,1080,780.62109375,235.00067138671875,886.8846435546875,226.95687866210938,106.2635498046875,8.043792724609375,4.3288420194934005,left,False,"{'safe_roi': (450, 80, 1500, 420), 'cylinder_roi': (780, 180, 1020, 310)}",ok_cylinder_inside_confirmed
2026-09-29 13:48:56,2026-09-29,224922,5,76,97.26829528808594,,47.92950439453125,0.7575858235359192,776.5382690429688,198.68621826171875,946.6005249023438,295.4771728515625,170.062255859375,96.79095458984375,16460.488084331155,861.5693969726562,247.08169555664062,1920,1080,781.4110107421875,235.73019409179688,878.5748901367188,231.22451782226562,97.16387939453125,4.50567626953125,2.6550136894232783,left,False,"{'safe_roi': (450, 80, 1500, 420), 'cylinder_roi': (780, 180, 1020, 310)}",ok_cylinder_inside_confirmed
2026-09-29 13:55:18,2026-09-29,232361,5,77,103.4556884765625,,31.433853149414062,0.8240126967430115,744.0601196289062,195.12783813476562,925.6033325195312,308.9710388183594,181.543212890625,113.84320068359375,20667.460417851806,834.8317260742188,252.0494384765625,1920,1080,927.3812255859375,215.34446716308594,824.6748657226562,227.77359008789062,102.70635986328125,12.429122924804688,6.900158190324098,right,False,"{'safe_roi': (450, 80, 1500, 420), 'cylinder_roi': (780, 180, 1020, 310)}",ok_cylinder_inside_confirmed
2026-09-29 13:55:23,2026-09-29,232462,5,77,94.93473052978516,,32.46086120605469,0.808341383934021,752.689697265625,195.11221313476562,925.2706298828125,311.8526916503906,172.5809326171875,116.740478515625,20147.180656403303,838.9801635742188,253.48245239257812,1920,1080,922.971435546875,217.8633270263672,828.73486328125,229.35557556152344,94.236572265625,11.49224853515625,6.952947657908973,right,False,"{'safe_roi': (450, 80, 1500, 420), 'cylinder_roi': (780, 180, 1020, 310)}",ok_cylinder_inside_confirmed
2026-09-29 13:56:12,2026-09-29,233435,5,78,100.20143127441406,,31.392547607421875,0.8166349530220032,744.7543334960938,195.19754028320312,923.4110717773438,302.6689147949219,178.65673828125,107.47137451171875,19200.48522886634,834.0827026367188,248.9332275390625,1920,1080,924.7400512695312,216.98397827148438,825.429443359375,230.31549072265625,99.31060791015625,13.331512451171875,7.645710063909468,right,False,"{'safe_roi': (450, 80, 1500, 420), 'cylinder_roi': (780, 180, 1020, 310)}",ok_cylinder_inside_confirmed
2026-09-29 13:56:17,2026-09-29,233533,5,78,101.28353881835938,,32.26544189453125,0.8135807514190674,743.9063110351562,194.5781707763672,924.0305786132812,307.59332275390625,180.124267578125,113.01515197753906,20356.77147518471,833.9684448242188,251.08575439453125,1920,1080,922.6796264648438,213.7525177001953,822.59130859375,229.26649475097656,100.08831787109375,15.51397705078125,8.810893861611488,right,False,"{'safe_roi': (450, 80, 1500, 420), 'cylinder_roi': (780, 180, 1020, 310)}",ok_cylinder_inside_confirmed
2026-09-29 13:59:12,2026-09-29,236926,5,79,90.62559509277344,,45.309539794921875,0.7448335886001587,764.2814331054688,193.51931762695312,935.5877075195312,287.75860595703125,171.3062744140625,94.23928833007812,16143.781387258321,849.9345703125,240.6389617919922,1920,1080,782.0089111328125,226.64730834960938,872.6314697265625,227.388916015625,90.62255859375,0.741607666015625,0.46886825404235477,left,False,"{'safe_roi': (450, 80, 1500, 420), 'cylinder_roi': (780, 180, 1020, 310)}",ok_cylinder_inside_confirmed
2026-09-29 13:59:39,2026-09-29,237451,5,80,87.99420928955078,,48.27281188964844,0.7169381380081177,765.5051879882812,193.53384399414062,939.5850219726562,287.2710266113281,174.079833984375,93.7371826171875,16317.753188163042,852.5451049804688,240.40243530273438,1920,1080,783.2154541015625,228.14776611328125,871.1529541015625,224.98904418945312,87.9375,3.158721923828125,2.0571844533930808,left,False,"{'safe_roi': (450, 80, 1500, 420), 'cylinder_roi': (780, 180, 1020, 310)}",ok_cylinder_inside_confirmed
2026-09-29 14:00:07,2026-09-29,238002,5,81,85.07263946533203,,36.70550537109375,0.745001494884491,771.51318359375,192.47055053710938,939.9908447265625,288.0118408203125,168.4776611328125,95.54129028320312,16096.573128525168,855.7520141601562,240.24119567871094,1920,1080,797.5717163085938,217.5933837890625,882.1121826171875,227.09408569335938,84.54046630859375,9.500701904296875,6.41202672606202,left,False,"{'safe_roi': (450, 80, 1500, 420), 'cylinder_roi': (780, 180, 1020, 310)}",ok_cylinder_inside_confirmed
2026-09-29 14:00:30,2026-09-29,238443,5,82,96.35258483886719,,39.605560302734375,0.790995180606842,816.611328125,190.73541259765625,993.4217529296875,298.1549377441406,176.8104248046875,107.41952514648438,18992.891873467714,905.0165405273438,244.44517517089844,1920,1080,825.7825927734375,218.50360107421875,921.94775390625,224.51048278808594,96.1651611328125,6.0068817138671875,3.574292264237642,left,False,"{'safe_roi': (450, 80, 1500, 420), 'cylinder_roi': (780, 180, 1020, 310)}",ok_cylinder_inside_confirmed
2026-09-29 14:08:51,2026-09-29,248267,6,83,108.36388397216797,,44.696624755859375,0.7783864140510559,780.3223876953125,191.43406677246094,960.8275146484375,289.122314453125,180.505126953125,97.68824768066406,17633.229549426585,870.574951171875,240.2781982421875,1920,1080,780.3818969726562,213.68414306640625,888.448486328125,221.70558166503906,108.06658935546875,8.021438598632812,4.245098282487032,left,False,"{'safe_roi': (450, 80, 1500, 420), 'cylinder_roi': (780, 180, 1020, 310)}",ok_cylinder_inside_confirmed
2026-09-29 14:08:57,2026-09-29,248371,6,83,104.08422088623047,,40.363800048828125,0.7745271325111389,779.5047607421875,192.2497100830078,959.1544189453125,292.3203125,179.649658203125,100.07060241699219,17977.64952039346,869.32958984375,242.28500366210938,1920,1080,787.8624877929688,217.27420043945312,891.7686157226562,223.36032104492188,103.9061279296875,6.08612060546875,3.3521704964587964,left,False,"{'safe_roi': (450, 80, 1500, 420), 'cylinder_roi': (780, 180, 1020, 310)}",ok_cylinder_inside_confirmed
2026-09-29 14:09:02,2026-09-29,248469,6,83,91.8707504272461,,36.51445007324219,0.7873013615608215,781.1939697265625,191.99673461914062,961.559326171875,291.4225769042969,180.3653564453125,99.42584228515625,17932.97748363763,871.3766479492188,241.70965576171875,1920,1080,800.7186279296875,219.33351135253906,892.4698486328125,224.01846313476562,91.751220703125,4.6849517822265625,2.9230678154240155,left,False,"{'safe_roi': (450, 80, 1500, 420), 'cylinder_roi': (780, 180, 1020, 310)}",ok_cylinder_inside_confirmed
2026-09-29 14:09:07,2026-09-29,248572,6,83,89.83084106445312,,37.021759033203125,0.7920027375221252,785.0896606445312,191.89730834960938,961.5906372070312,292.12420654296875,176.5009765625,100.22689819335938,17690.145408958197,873.3401489257812,242.01075744628906,1920,1080,805.6587524414062,217.7086944580078,895.2275390625,224.56524658203125,89.56878662109375,6.8565521240234375,4.3774938728006765,left,False,"{'safe_roi': (450, 80, 1500, 420), 'cylinder_roi': (780, 180, 1020, 310)}",ok_cylinder_inside_confirmed
2026-09-29 14:10:34,2026-09-29,250303,6,84,92.09612274169922,,34.8905029296875,0.7355507016181946,784.6480712890625,199.3409881591797,959.9976806640625,291.350341796875,175.349609375,92.00935363769531,16133.804219216108,872.3228759765625,245.34567260742188,1920,1080,813.3580322265625,222.15013122558594,904.5791015625,234.8155517578125,91.2210693359375,12.665420532226562,7.90459158774866,left,False,"{'safe_roi': (450, 80, 1500, 420), 'cylinder_roi': (780, 180, 1020, 310)}",ok_cylinder_inside_confirmed
2026-09-29 14:10:39,2026-09-29,250397,6,84,105.82646942138672,,45.31312561035156,0.7506760954856873,781.5628662109375,200.29368591308594,960.36474609375,292.92950439453125,178.8018798828125,92.63581848144531,16563.458488965407,870.9638061523438,246.61160278320312,1920,1080,797.2359619140625,226.16673278808594,902.2667236328125,239.1197509765625,105.03076171875,12.953018188476562,7.030556453039,left,False,"{'safe_roi': (450, 80, 1500, 420), 'cylinder_roi': (780, 180, 1020, 310)}",ok_cylinder_inside_confirmed
2026-09-29 14:10:47,2026-09-29,250543,6,84,90.45585632324219,,35.10554504394531,0.7955664992332458,787.1957397460938,199.85658264160156,962.2013549804688,291.8542785644531,175.005615234375,91.99769592285156,16100.11337512359,874.6985473632812,245.85543823242188,1920,1080,809.576904296875,224.5867462158203,899.5807495117188,233.61834716796875,90.00384521484375,9.031600952148438,5.730267855109282,left,False,"{'safe_roi': (450, 80, 1500, 420), 'cylinder_roi': (780, 180, 1020, 310)}",ok_cylinder_inside_confirmed
2026-09-29 14:10:56,2026-09-29,250731,6,84,89.76344299316406,,36.47906494140625,0.7905208468437195,788.7395629882812,199.33871459960938,963.7263793945312,292.74853515625,174.98681640625,93.40982055664062,16345.48712028563,876.2329711914062,246.0436248779297,1920,1080,810.1679077148438,224.51507568359375,899.4435424804688,233.8604736328125,89.275634765625,9.34539794921875,5.975973187337146,left,False,"{'safe_roi': (450, 80, 1500, 420), 'cylinder_roi': (780, 180, 1020, 310)}",ok_cylinder_inside_confirmed
2026-09-29 14:11:07,2026-09-29,250934,6,84,90.16535186767578,,36.89125061035156,0.7454964518547058,789.4957275390625,198.25718688964844,964.974365234375,290.53680419921875,175.4786376953125,92.27961730957031,16193.101532528177,877.2350463867188,244.39700317382812,1920,1080,810.0174560546875,224.43365478515625,899.8936157226562,231.6494140625,89.87615966796875,7.21575927734375,4.5901791559820415,left,False,"{'safe_roi': (450, 80, 1500, 420), 'cylinder_roi': (780, 180, 1020, 310)}",ok_cylinder_inside_confirmed
2026-09-29 14:11:12,2026-09-29,251034,6,84,88.3487777709961,,37.37565612792969,0.7405257821083069,789.1009521484375,199.2609405517578,963.680908203125,293.7586669921875,174.5799560546875,94.49772644042969,16497.408929238096,876.3909301757812,246.50979614257812,1920,1080,814.6400756835938,226.38616943359375,902.5840454101562,234.8339385986328,87.9439697265625,8.447769165039062,5.486913782922361,left,False,"{'safe_roi': (450, 80, 1500, 420), 'cylinder_roi': (780, 180, 1020, 310)}",ok_cylinder_inside_confirmed
2026-09-29 14:11:27,2026-09-29,251334,6,84,90.80502319335938,,39.43702697753906,0.7200177311897278,785.5867309570312,200.7321014404297,958.7980346679688,291.9664611816406,173.2113037109375,91.23435974121094,15802.822394007817,872.1923828125,246.34927368164062,1920,1080,807.2117919921875,231.82986450195312,897.8909912109375,236.60845947265625,90.67919921875,4.778594970703125,3.016571616397537,left,False,"{'safe_roi': (450, 80, 1500, 420), 'cylinder_roi': (780, 180, 1020, 310)}",ok_cylinder_inside_confirmed
2026-09-29 14:11:32,2026-09-29,251434,6,84,101.6849136352539,,50.87413024902344,0.7498036623001099,783.1776123046875,201.18746948242188,959.0894775390625,292.4429626464844,175.911865234375,91.2554931640625,16052.924015372992,871.133544921875,246.81521606445312,1920,1080,798.11669921875,230.5726318359375,899.3970947265625,239.63369750976562,101.2803955078125,9.061065673828125,5.112364631250326,left,False,"{'safe_roi': (450, 80, 1500, 420), 'cylinder_roi': (780, 180, 1020, 310)}",ok_cylinder_inside_confirmed
2026-09-29 14:11:37,2026-09-29,251533,6,84,92.29776000976562,,40.44415283203125,0.7352228164672852,792.6673583984375,198.9617156982422,964.0079345703125,292.5663146972656,171.340576171875,93.60459899902344,16038.26592482999,878.337646484375,245.76400756835938,1920,1080,809.2835693359375,229.40011596679688,901.370849609375,235.62982177734375,92.0872802734375,6.229705810546875,3.8701635150217433,left,False,"{'safe_roi': (450, 80, 1500, 420), 'cylinder_roi': (780, 180, 1020, 310)}",ok_cylinder_inside_confirmed
2026-09-29 14:11:43,2026-09-29,251640,6,84,87.78362274169922,,35.84111022949219,0.7597589492797852,792.716552734375,200.05978393554688,966.1536865234375,292.1708679199219,173.4371337890625,92.111083984375,15975.482396453619,879.4351196289062,246.11532592773438,1920,1080,810.1337280273438,229.8663330078125,897.823486328125,233.92466735839844,87.68975830078125,4.0583343505859375,2.649792093813781,left,False,"{'safe_roi': (450, 80, 1500, 420), 'cylinder_roi': (780, 180, 1020, 310)}",ok_cylinder_inside_confirmed
2026-09-29 14:11:50,2026-09-29,251781,6,84,98.3493881225586,,43.224639892578125,0.7566226124763489,785.4405517578125,199.88314819335938,956.5472412109375,295.63385009765625,171.106689453125,95.75070190429688,16383.58561565727,870.993896484375,247.7584991455078,1920,1080,795.7822265625,226.44345092773438,893.8164672851562,234.3105010986328,98.03424072265625,7.8670501708984375,4.588039056341264,left,False,"{'safe_roi': (450, 80, 1500, 420), 'cylinder_roi': (780, 180, 1020, 310)}",ok_cylinder_inside_confirmed
2026-09-29 14:11:55,2026-09-29,251880,6,84,106.00997161865234,,48.84112548828125,0.7727019190788269,784.192138671875,198.98153686523438,955.6585693359375,294.4514465332031,171.4664306640625,95.46990966796875,16369.884646587074,869.9253540039062,246.71649169921875,1920,1080,789.7837524414062,223.82131958007812,894.6822509765625,239.132080078125,104.89849853515625,15.310760498046875,8.304131190432027,left,False,"{'safe_roi': (450, 80, 1500, 420), 'cylinder_roi': (780, 180, 1020, 310)}",ok_cylinder_inside_confirmed
2026-09-29 14:12:00,2026-09-29,251981,6,84,107.12223815917969,,49.49980163574219,0.7739766836166382,781.6714477539062,199.97999572753906,957.1591186523438,294.201904296875,175.4876708984375,94.22190856933594,16534.783282438293,869.415283203125,247.0909423828125,1920,1080,787.0810546875,225.52053833007812,893.5220947265625,237.5819854736328,106.4410400390625,12.061447143554688,6.464937879692622,left,False,"{'safe_roi': (450, 80, 1500, 420), 'cylinder_roi': (780, 180, 1020, 310)}",ok_cylinder_inside_confirmed
2026-09-29 14:20:14,2026-09-29,261582,7,85,100.63218688964844,,33.703338623046875,0.8074156641960144,751.5946044921875,194.415771484375,930.7998046875,305.9103088378906,179.2052001953125,111.49453735351562,19980.400887120515,841.1972045898438,250.1630401611328,1920,1080,924.9274291992188,213.70840454101562,824.973876953125,225.37564086914062,99.95355224609375,11.667236328125,6.6578117160592,right,False,"{'safe_roi': (450, 80, 1500, 420), 'cylinder_roi': (780, 180, 1020, 310)}",ok_cylinder_inside_confirmed
2026-09-29 14:20:19,2026-09-29,261680,7,85,93.02606964111328,,34.41004943847656,0.8000150918960571,753.1290893554688,191.3926544189453,927.0244750976562,308.51873779296875,173.8953857421875,117.12608337402344,20367.68544879742,840.0767822265625,249.9556884765625,1920,1080,924.5911865234375,210.8857879638672,832.560302734375,224.4565887451172,92.0308837890625,13.57080078125,8.388339280007294,right,False,"{'safe_roi': (450, 80, 1500, 420), 'cylinder_roi': (780, 180, 1020, 310)}",ok_cylinder_inside_confirmed
2026-09-29 14:20:48,2026-09-29,262246,7,86,84.57073974609375,,34.612030029296875,0.7776221036911011,763.6776733398438,192.03692626953125,931.6561889648438,303.65386962890625,167.978515625,111.616943359375,18749.248464107513,847.6669311523438,247.84539794921875,1920,1080,927.843994140625,216.62384033203125,843.562744140625,223.61529541015625,84.28125,6.991455078125,4.742048783424654,right,False,"{'safe_roi': (450, 80, 1500, 420), 'cylinder_roi': (780, 180, 1020, 310)}",ok_cylinder_inside_confirmed
2026-09-29 14:28:26,2026-09-29,270917,7,87,93.12162017822266,,34.880462646484375,0.7940331697463989,848.0082397460938,193.2916259765625,1030.4139404296875,307.0120544433594,182.40570068359375,113.72042846679688,20743.254436524585,939.2110595703125,250.15184020996094,1920,1080,862.98193359375,226.96701049804688,956.1023559570312,227.4390106201172,93.12042236328125,0.4720001220703125,0.2904130226422333,left,False,"{'safe_roi': (450, 80, 1500, 420), 'cylinder_roi': (780, 180, 1020, 310)}",ok_cylinder_inside_confirmed
2026-09-29 14:28:31,2026-09-29,271009,7,87,93.44410705566406,,35.37641906738281,0.7846015095710754,851.8690185546875,192.91757202148438,1035.3585205078125,309.27215576171875,183.489501953125,116.35458374023438,21349.84462045878,943.61376953125,251.09486389160156,1920,1080,863.3280029296875,225.6547088623047,956.7674560546875,226.5873260498047,93.439453125,0.9326171875,0.5718489638595357,left,False,"{'safe_roi': (450, 80, 1500, 420), 'cylinder_roi': (780, 180, 1020, 310)}",ok_cylinder_inside_confirmed
2026-09-29 15:06:37,2026-09-29,314137,7,88,96.01871490478516,,35.14750671386719,0.772310197353363,755.2940063476562,197.82318115234375,923.4789428710938,317.362548828125,168.1849365234375,119.53936767578125,20104.720964603126,839.386474609375,257.5928649902344,1920,1080,918.8450927734375,221.18182373046875,823.8179321289062,234.9452667236328,95.02716064453125,13.763442993164062,8.24123665034455,right,False,"{'safe_roi': (450, 80, 1500, 420), 'cylinder_roi': (780, 180, 1020, 310)}",ok_cylinder_inside_confirmed
2026-09-29 15:06:45,2026-09-29,314305,7,88,95.34021759033203,,40.392791748046875,0.7668634653091431,756.8175659179688,197.17593383789062,922.9452514648438,315.4582824707031,166.127685546875,118.2823486328125,19649.972819417715,839.8814086914062,256.3171081542969,1920,1080,920.8999633789062,216.6063232421875,827.2324829101562,234.38722229003906,93.66748046875,17.780899047851562,10.748566612208036,right,False,"{'safe_roi': (450, 80, 1500, 420), 'cylinder_roi': (780, 180, 1020, 310)}",ok_cylinder_inside_confirmed
2026-09-29 15:07:03,2026-09-29,314679,7,88,98.69371032714844,,35.233306884765625,0.7985439300537109,822.9048461914062,190.8521270751953,1013.1932983398438,295.798095703125,190.2884521484375,104.94596862792969,19970.00592942722,918.049072265625,243.32510375976562,1920,1080,998.356201171875,224.21278381347656,899.6654663085938,223.44630432128906,98.69073486328125,0.7664794921875,0.4449775057380936,right,False,"{'safe_roi': (450, 80, 1500, 420), 'cylinder_roi': (780, 180, 1020, 310)}",ok_cylinder_inside_confirmed
2026-09-29 15:07:08,2026-09-29,314774,7,88,97.39083862304688,,37.15547180175781,0.7968930602073669,830.8209838867188,191.34652709960938,1016.0811157226562,293.9115295410156,185.2601318359375,102.56500244140625,19001.205874048173,923.4510498046875,242.6290283203125,1920,1080,999.1242065429688,222.302734375,901.7506103515625,224.13525390625,97.37359619140625,1.83251953125,1.0781489668073028,right,False,"{'safe_roi': (450, 80, 1500, 420), 'cylinder_roi': (780, 180, 1020, 310)}",ok_cylinder_inside_confirmed
2026-09-29 15:07:13,2026-09-29,314869,7,88,94.2186050415039,,36.22428894042969,0.7778626084327698,830.7413330078125,192.54052734375,1017.5626220703125,299.1773681640625,186.8212890625,106.6368408203125,19922.0320636034,924.1519775390625,245.85894775390625,1920,1080,997.1331787109375,225.17578125,902.9334716796875,223.28860473632812,94.19970703125,1.887176513671875,1.1476977010482643,right,False,"{'safe_roi': (450, 80, 1500, 420), 'cylinder_roi': (780, 180, 1020, 310)}",ok_cylinder_inside_confirmed
2026-09-29 15:07:21,2026-09-29,315027,7,88,104.09461975097656,,38.38142395019531,0.7842798829078674,824.5554809570312,190.46890258789062,1021.0913696289062,294.7098083496094,196.535888671875,104.24090576171875,20487.07904984057,922.8234252929688,242.58935546875,1920,1080,1001.4723510742188,225.18226623535156,897.4629516601562,220.97103881835938,104.0093994140625,4.2112274169921875,2.3185773382683985,right,False,"{'safe_roi': (450, 80, 1500, 420), 'cylinder_roi': (780, 180, 1020, 310)}",ok_cylinder_inside_confirmed
2026-09-29 15:07:26,2026-09-29,315130,7,88,96.85227966308594,,35.85186767578125,0.7692146897315979,826.1868896484375,190.3988800048828,1019.55224609375,292.5252685546875,193.3653564453125,102.12638854980469,19747.705524405465,922.8695678710938,241.46206665039062,1920,1080,998.7060546875,222.30250549316406,901.8538818359375,222.16012573242188,96.8521728515625,0.1423797607421875,0.08422891569508442,right,False,"{'safe_roi': (450, 80, 1500, 420), 'cylinder_roi': (780, 180, 1020, 310)}",ok_cylinder_inside_confirmed
2026-09-29 15:07:31,2026-09-29,315227,7,88,96.50629425048828,,36.962188720703125,0.7863526344299316,830.0634155273438,190.909423828125,1019.7168579101562,296.7979736328125,189.6534423828125,105.8885498046875,20082.127979382873,924.89013671875,243.85369873046875,1920,1080,998.5712890625,225.38449096679688,902.0711059570312,224.29873657226562,96.50018310546875,1.08575439453125,0.6446259222310414,right,False,"{'safe_roi': (450, 80, 1500, 420), 'cylinder_roi': (780, 180, 1020, 310)}",ok_cylinder_inside_confirmed
2026-09-29 15:11:41,2026-09-29,320051,7,89,104.85795593261719,,43.17002868652344,0.7839339971542358,775.6072387695312,189.73158264160156,970.5834350585938,297.2182312011719,194.9761962890625,107.48664855957031,20957.33788800426,873.0953369140625,243.47491455078125,1920,1080,956.63623046875,211.70077514648438,851.91845703125,217.12094116210938,104.7177734375,5.420166015625,2.962971239350638,right,False,"{'safe_roi': (450, 80, 1500, 420), 'cylinder_roi': (780, 180, 1020, 310)}",ok_cylinder_inside_confirmed
2026-09-29 15:11:46,2026-09-29,320145,7,89,98.84535217285156,,40.61991882324219,0.7776268720626831,777.2850952148438,192.26683044433594,965.1843872070312,296.67303466796875,187.8992919921875,104.40620422363281,19617.85185321234,871.2347412109375,244.46994018554688,1920,1080,960.1887817382812,209.93508911132812,861.6554565429688,217.7828369140625,98.5333251953125,7.847747802734375,4.553745351850545,right,False,"{'safe_roi': (450, 80, 1500, 420), 'cylinder_roi': (780, 180, 1020, 310)}",ok_cylinder_inside_confirmed
2026-09-29 15:11:51,2026-09-29,320241,7,89,98.77086639404297,,40.78242492675781,0.789746105670929,780.5647583007812,192.25656127929688,966.9929809570312,297.9201965332031,186.42822265625,105.66363525390625,19698.68371978402,873.7788696289062,245.08837890625,1920,1080,957.3297729492188,207.6239013671875,858.9983520507812,216.93063354492188,98.3314208984375,9.306732177734375,5.406743175654904,right,False,"{'safe_roi': (450, 80, 1500, 420), 'cylinder_roi': (780, 180, 1020, 310)}",ok_cylinder_inside_confirmed
2026-09-29 15:11:56,2026-09-29,320335,7,89,95.09158325195312,,38.70404052734375,0.7905079126358032,782.5538940429688,191.85179138183594,967.2160034179688,295.91943359375,184.662109375,104.06764221191406,19217.35032853484,874.8849487304688,243.8856201171875,1920,1080,955.5399169921875,208.8576202392578,860.925048828125,218.36740112304688,94.6148681640625,9.509780883789062,5.739547477460171,right,False,"{'safe_roi': (450, 80, 1500, 420), 'cylinder_roi': (780, 180, 1020, 310)}",ok_cylinder_inside_confirmed
2026-09-29 15:12:01,2026-09-29,320433,7,89,94.67900848388672,,38.460723876953125,0.7962477803230286,785.4651489257812,191.42970275878906,966.2926635742188,294.65509033203125,180.8275146484375,103.22538757324219,18665.99028349109,875.87890625,243.04238891601562,1920,1080,955.3218383789062,206.90606689453125,861.240234375,217.5252227783203,94.08160400390625,10.619155883789062,6.439819720489784,right,False,"{'safe_roi': (450, 80, 1500, 420), 'cylinder_roi': (780, 180, 1020, 310)}",ok_cylinder_inside_confirmed
2026-09-29 15:12:06,2026-09-29,320527,7,89,95.17495727539062,,37.76042175292969,0.806328535079956,785.436279296875,191.55245971679688,966.8499755859375,294.5511779785156,181.4136962890625,102.99871826171875,18685.37819289416,876.1431274414062,243.05181884765625,1920,1080,954.0074462890625,209.0985870361328,859.5823974609375,221.02264404296875,94.425048828125,11.924057006835938,7.197252183372849,right,False,"{'safe_roi': (450, 80, 1500, 420), 'cylinder_roi': (780, 180, 1020, 310)}",ok_cylinder_inside_confirmed
2026-09-29 15:13:02,2026-09-29,321593,7,90,102.70762634277344,,32.491851806640625,0.8172786235809326,749.0198974609375,195.85162353515625,925.3245849609375,314.8585205078125,176.3046875,119.00689697265625,20981.473781108856,837.1722412109375,255.35507202148438,1920,1080,927.5364990234375,212.80514526367188,825.8314208984375,227.12066650390625,101.705078125,14.315521240234375,8.01204542609045,right,False,"{'safe_roi': (450, 80, 1500, 420), 'cylinder_roi': (780, 180, 1020, 310)}",ok_cylinder_inside_confirmed
2026-09-29 15:13:07,2026-09-29,321694,7,90,99.71734619140625,,35.98492431640625,0.8010378479957581,753.0538330078125,196.80322265625,921.84423828125,316.283203125,168.7904052734375,119.47998046875,20167.07432538271,837.4490356445312,256.543212890625,1920,1080,924.88916015625,212.6484375,826.1688232421875,226.71412658691406,98.7203369140625,14.065689086914062,8.108933524363705,right,False,"{'safe_roi': (450, 80, 1500, 420), 'cylinder_roi': (780, 180, 1020, 310)}",ok_cylinder_inside_confirmed
2026-09-29 15:13:14,2026-09-29,321838,7,90,99.51516723632812,,31.31365966796875,0.793409526348114,751.7234497070312,197.2345428466797,926.7431030273438,314.270263671875,175.0196533203125,117.03572082519531,20483.55128491856,839.2332763671875,255.75241088867188,1920,1080,922.7674560546875,217.8448486328125,823.962890625,229.7161102294922,98.8045654296875,11.871261596679688,6.85118449632325,right,False,"{'safe_roi': (450, 80, 1500, 420), 'cylinder_roi': (780, 180, 1020, 310)}",ok_cylinder_inside_confirmed
2026-09-29 15:13:19,2026-09-29,321931,7,90,98.642822265625,,32.11247253417969,0.8067189455032349,741.8311767578125,197.51651000976562,928.5489501953125,312.8131103515625,186.7177734375,115.29660034179688,21527.924500733614,835.1900634765625,255.16481018066406,1920,1080,919.464111328125,214.9967498779297,821.759033203125,228.56600952148438,97.705078125,13.569259643554688,7.90665061438834,right,False,"{'safe_roi': (450, 80, 1500, 420), 'cylinder_roi': (780, 180, 1020, 310)}",ok_cylinder_inside_confirmed
2026-09-29 15:13:24,2026-09-29,322028,7,90,100.89884948730469,,29.1063232421875,0.8045565485954285,734.8231201171875,197.54510498046875,917.305908203125,314.6263427734375,182.4827880859375,117.08123779296875,21365.310705013573,826.0645141601562,256.0857238769531,1920,1080,917.984375,216.40765380859375,817.9554443359375,229.62850952148438,100.0289306640625,13.220855712890625,7.529161573081301,right,False,"{'safe_roi': (450, 80, 1500, 420), 'cylinder_roi': (780, 180, 1020, 310)}",ok_cylinder_inside_confirmed
2026-09-29 15:41:11,2026-09-29,354574,7,91,103.23539733886719,,34.61065673828125,0.8093657493591309,747.503173828125,194.47862243652344,934.02001953125,307.5576477050781,186.516845703125,113.07902526855469,21091.143108274788,840.7615966796875,251.01812744140625,1920,1080,930.1195678710938,212.40724182128906,827.520263671875,223.84970092773438,102.59930419921875,11.442459106445312,6.3636551223877085,right,False,"{'safe_roi': (450, 80, 1500, 420), 'cylinder_roi': (780, 180, 1020, 310)}",ok_cylinder_inside_confirmed
2026-09-29 15:41:16,2026-09-29,354672,7,91,104.52452850341797,,31.942031860351562,0.8240443468093872,744.2477416992188,194.97451782226562,933.9962768554688,309.6070861816406,189.74853515625,114.632568359375,21751.3619273901,839.1220092773438,252.29080200195312,1920,1080,930.07275390625,217.28369140625,825.8599243164062,225.34988403320312,104.21282958984375,8.066192626953125,4.425934675566598,right,False,"{'safe_roi': (450, 80, 1500, 420), 'cylinder_roi': (780, 180, 1020, 310)}",ok_cylinder_inside_confirmed
2026-09-29 15:41:21,2026-09-29,354768,7,91,104.6801986694336,,32.398681640625,0.8241986632347107,743.7255249023438,195.5437469482422,931.0497436523438,310.77557373046875,187.32421875,115.23182678222656,21585.711927115917,837.3876342773438,253.15966796875,1920,1080,929.356689453125,218.32958984375,825.0530395507812,227.200439453125,104.30364990234375,8.870849609375,4.861211261855819,right,False,"{'safe_roi': (450, 80, 1500, 420), 'cylinder_roi': (780, 180, 1020, 310)}",ok_cylinder_inside_confirmed
2026-09-29 15:55:04,2026-09-29,370677,10,92,108.54779052734375,,38.842742919921875,0.7881780862808228,821.2562866210938,193.68936157226562,1002.6149291992188,297.7933044433594,181.358642578125,104.10394287109375,18880.149766132236,911.9356079101562,245.7413330078125,1920,1080,822.4566650390625,214.52401733398438,930.75048828125,221.94500732421875,108.2938232421875,7.420989990234375,3.920147190542273,left,False,"{'safe_roi': (450, 80, 1500, 420), 'cylinder_roi': (780, 180, 1020, 310)}",ok_cylinder_inside_confirmed
2026-09-29 15:55:09,2026-09-29,370770,10,92,97.26519012451172,,40.01393127441406,0.7792125344276428,820.5792846679688,191.47715759277344,1002.6426391601562,297.9648132324219,182.0633544921875,106.48765563964844,19387.499797763303,911.6109619140625,244.72097778320312,1920,1080,827.7944946289062,215.85275268554688,924.7841796875,223.16836547851562,96.98968505859375,7.31561279296875,4.313464448889981,left,False,"{'safe_roi': (450, 80, 1500, 420), 'cylinder_roi': (780, 180, 1020, 310)}",ok_cylinder_inside_confirmed
2026-09-29 15:55:14,2026-09-29,370868,10,92,100.29515838623047,,42.43077087402344,0.800078272819519,813.8677978515625,190.5885009765625,1000.090087890625,300.47174072265625,186.2222900390625,109.88323974609375,20462.70854242891,906.9789428710938,245.53012084960938,1920,1080,823.9794921875,218.57420349121094,924.0224609375,225.68218994140625,100.04296875,7.1079864501953125,4.063997877226457,left,False,"{'safe_roi': (450, 80, 1500, 420), 'cylinder_roi': (780, 180, 1020, 310)}",ok_cylinder_inside_confirmed
2026-09-29 15:55:19,2026-09-29,370968,10,92,97.95257568359375,,42.31709289550781,0.7857110500335693,811.6022338867188,193.0366973876953,992.7866821289062,297.69439697265625,181.1844482421875,104.65769958496094,18962.347553597763,902.1944580078125,245.36553955078125,1920,1080,825.8704833984375,217.62442016601562,923.58203125,224.49172973632812,97.7115478515625,6.8673095703125,4.020220069517963,left,False,"{'safe_roi': (450, 80, 1500, 420), 'cylinder_roi': (780, 180, 1020, 310)}",ok_cylinder_inside_confirmed
2026-09-29 15:55:24,2026-09-29,371067,10,92,100.44183349609375,,36.70208740234375,0.7980281710624695,813.7392578125,192.71029663085938,993.7305908203125,297.36981201171875,179.9913330078125,104.65951538085938,18837.805685352534,903.7349243164062,245.04005432128906,1920,1080,825.2495727539062,215.0072021484375,925.2467041015625,224.4483642578125,99.99713134765625,9.441162109375,5.393554359495436,left,False,"{'safe_roi': (450, 80, 1500, 420), 'cylinder_roi': (780, 180, 1020, 310)}",ok_cylinder_inside_confirmed
2026-09-29 15:55:29,2026-09-29,371163,10,92,106.24462127685547,,38.97419738769531,0.7780889272689819,814.4305419921875,191.32772827148438,993.7320556640625,295.71173095703125,179.301513671875,104.38400268554688,18716.20968464762,904.081298828125,243.5197296142578,1920,1080,825.0073852539062,216.0736083984375,930.6785278320312,227.09765625,105.671142578125,11.0240478515625,5.955786888827415,left,False,"{'safe_roi': (450, 80, 1500, 420), 'cylinder_roi': (780, 180, 1020, 310)}",ok_cylinder_inside_confirmed
2026-09-29 15:55:34,2026-09-29,371259,10,92,99.20425415039062,,37.94245910644531,0.7763842344284058,820.2203369140625,192.65835571289062,1002.7508544921875,297.82635498046875,182.530517578125,105.16799926757812,19196.369338966906,911.485595703125,245.2423553466797,1920,1080,828.932861328125,215.046630859375,927.5133056640625,226.154296875,98.5804443359375,11.107666015625,6.4287536692941325,left,False,"{'safe_roi': (450, 80, 1500, 420), 'cylinder_roi': (780, 180, 1020, 310)}",ok_cylinder_inside_confirmed
2026-09-29 15:55:45,2026-09-29,371466,10,92,100.44233703613281,,38.81105041503906,0.7832013368606567,793.9764404296875,190.9268798828125,983.952880859375,297.6064147949219,189.9764404296875,106.67953491210938,20266.598309297115,888.9646606445312,244.2666473388672,1920,1080,804.0218505859375,219.82920837402344,904.4473876953125,221.66610717773438,100.425537109375,1.8368988037109375,1.0478889823774213,left,False,"{'safe_roi': (450, 80, 1500, 420), 'cylinder_roi': (780, 180, 1020, 310)}",ok_cylinder_inside_confirmed
2026-09-29 15:55:50,2026-09-29,371559,10,92,95.25299835205078,,37.317626953125,0.7712117433547974,794.4779052734375,191.66636657714844,982.4918212890625,298.40826416015625,188.013916015625,106.74189758300781,20068.962167520076,888.48486328125,245.03732299804688,1920,1080,810.3544311523438,220.4556884765625,905.5925903320312,222.13682556152344,95.2381591796875,1.6811370849609375,1.0112759224134857,left,False,"{'safe_roi': (450, 80, 1500, 420), 'cylinder_roi': (780, 180, 1020, 310)}",ok_cylinder_inside_confirmed
2026-09-29 15:55:59,2026-09-29,371722,10,92,104.37030792236328,,40.240753173828125,0.7740940451622009,795.7679443359375,190.06610107421875,973.293701171875,298.45391845703125,177.5257568359375,108.3878173828125,19241.62931267917,884.5308227539062,244.260009765625,1920,1080,802.7127685546875,216.83470153808594,906.7415161132812,225.2715606689453,104.02874755859375,8.436859130859375,4.636610195506265,left,False,"{'safe_roi': (450, 80, 1500, 420), 'cylinder_roi': (780, 180, 1020, 310)}",ok_cylinder_inside_confirmed
2026-09-29 15:59:38,2026-09-29,375750,10,93,93.0312728881836,,39.01914978027344,0.7737690806388855,765.4293212890625,191.6849365234375,940.7801513671875,292.44573974609375,175.350830078125,100.76080322265625,17668.490484431386,853.104736328125,242.06533813476562,1920,1080,780.98828125,219.88931274414062,873.8569946289062,225.38653564453125,92.86871337890625,5.497222900390625,3.3875840718606924,left,False,"{'safe_roi': (450, 80, 1500, 420), 'cylinder_roi': (780, 180, 1020, 310)}",ok_cylinder_inside_confirmed
2026-09-29 15:59:43,2026-09-29,375848,10,93,94.68704223632812,,39.12548828125,0.7848306894302368,765.1680297851562,191.67303466796875,944.7131958007812,293.5369567871094,179.545166015625,101.86392211914062,18289.1748078838,854.9406127929688,242.60499572753906,1920,1080,784.1859130859375,219.98599243164062,878.6119995117188,227.0109100341797,94.42608642578125,7.0249176025390625,4.254735372517377,left,False,"{'safe_roi': (450, 80, 1500, 420), 'cylinder_roi': (780, 180, 1020, 310)}",ok_cylinder_inside_confirmed
2026-09-29 15:59:48,2026-09-29,375941,10,93,93.81902313232422,,38.97685241699219,0.7705228328704834,766.3755493164062,192.5507354736328,943.1560668945312,293.4537048339844,176.780517578125,100.90296936035156,17837.679148692638,854.7658081054688,243.00222778320312,1920,1080,786.0145874023438,220.36984252929688,879.644775390625,226.31936645507812,93.63018798828125,5.94952392578125,3.635845812501698,left,False,"{'safe_roi': (450, 80, 1500, 420), 'cylinder_roi': (780, 180, 1020, 310)}",ok_cylinder_inside_confirmed
2026-09-29 15:59:54,2026-09-29,376049,10,93,89.88532257080078,,37.3299560546875,0.7824760675430298,765.8681030273438,191.82411193847656,942.3657836914062,291.68896484375,176.4976806640625,99.86485290527344,17625.914917638525,854.116943359375,241.75653076171875,1920,1080,786.5360717773438,217.09103393554688,876.0643920898438,225.09422302246094,89.5283203125,8.003189086914062,5.1082534062744696,left,False,"{'safe_roi': (450, 80, 1500, 420), 'cylinder_roi': (780, 180, 1020, 310)}",ok_cylinder_inside_confirmed
2026-09-29 15:59:59,2026-09-29,376153,10,93,90.54387664794922,,38.65007019042969,0.7830319404602051,766.94677734375,191.5125274658203,940.5693359375,292.776611328125,173.62255859375,101.26408386230469,17581.72933382541,853.758056640625,242.14456176757812,1920,1080,787.2545166015625,217.84039306640625,877.499267578125,225.19424438476562,90.2447509765625,7.353851318359375,4.658616962650851,left,False,"{'safe_roi': (450, 80, 1500, 420), 'cylinder_roi': (780, 180, 1020, 310)}",ok_cylinder_inside_confirmed
2026-09-29 16:00:04,2026-09-29,376247,10,93,89.24075317382812,,38.247955322265625,0.7708757519721985,768.29443359375,191.339599609375,942.427490234375,291.1168518066406,174.133056640625,99.77725219726562,17374.51790831238,855.3609619140625,241.2282257080078,1920,1080,785.625244140625,215.43484497070312,874.4605712890625,223.93174743652344,88.8353271484375,8.496902465820312,5.463593751023606,left,False,"{'safe_roi': (450, 80, 1500, 420), 'cylinder_roi': (780, 180, 1020, 310)}",ok_cylinder_inside_confirmed
2026-09-29 16:08:45,2026-09-29,385919,15,94,94.91678619384766,,37.271209716796875,0.7942627668380737,843.29541015625,194.21591186523438,1010.1552734375,301.0359191894531,166.85986328125,106.82000732421875,17823.971817821264,926.725341796875,247.62591552734375,1920,1080,847.9344482421875,220.1390380859375,942.6665649414062,226.05697631835938,94.73211669921875,5.917938232421875,3.574635984489268,left,False,"{'safe_roi': (450, 80, 1500, 420), 'cylinder_roi': (780, 180, 1020, 310)}",ok_cylinder_inside_confirmed
2026-09-29 16:08:50,2026-09-29,386009,15,94,102.13716888427734,,39.8853759765625,0.781392514705658,851.9187622070312,191.7942352294922,1031.25830078125,304.2757263183594,179.33953857421875,112.48149108886719,20172.37871001754,941.5885009765625,248.03497314453125,1920,1080,854.9672241210938,219.6136932373047,956.7835083007812,227.7034912109375,101.8162841796875,8.089797973632812,4.542883971354292,left,False,"{'safe_roi': (450, 80, 1500, 420), 'cylinder_roi': (780, 180, 1020, 310)}",ok_cylinder_inside_confirmed
2026-09-29 16:08:55,2026-09-29,386103,15,94,99.52606964111328,,39.847808837890625,0.7835888266563416,852.6676635742188,192.19143676757812,1030.6868896484375,307.5193176269531,178.01922607421875,115.327880859375,20530.580095365644,941.67724609375,249.85537719726562,1920,1080,859.0149536132812,219.66455078125,958.1380615234375,228.61154174804688,99.12310791015625,8.946990966796875,5.157621259762074,left,False,"{'safe_roi': (450, 80, 1500, 420), 'cylinder_roi': (780, 180, 1020, 310)}",ok_cylinder_inside_confirmed
2026-09-29 16:09:01,2026-09-29,386200,15,94,85.09178161621094,,32.788299560546875,0.7899916172027588,858.9557495117188,192.03823852539062,1025.971923828125,308.824951171875,167.01617431640625,116.78671264648438,19505.26995720528,942.4638671875,250.4315948486328,1920,1080,870.72021484375,223.057373046875,955.4382934570312,231.02346801757812,84.71807861328125,7.966094970703125,5.371763900709824,left,False,"{'safe_roi': (450, 80, 1500, 420), 'cylinder_roi': (780, 180, 1020, 310)}",ok_cylinder_inside_confirmed
2026-09-29 16:09:26,2026-09-29,386672,15,95,106.593994140625,,37.95465087890625,0.7670257091522217,778.7540893554688,194.368896484375,958.0736694335938,295.97589111328125,179.319580078125,101.60699462890625,18220.12360985577,868.4138793945312,245.17239379882812,1920,1080,782.3358154296875,208.77749633789062,887.9403076171875,223.26785278320312,105.6044921875,14.4903564453125,7.81296228667597,left,False,"{'safe_roi': (450, 80, 1500, 420), 'cylinder_roi': (780, 180, 1020, 310)}",ok_cylinder_inside_confirmed
2026-09-29 16:09:40,2026-09-29,386949,15,95,89.08516693115234,,37.38832092285156,0.76283198595047,784.4068603515625,192.2672576904297,959.9141845703125,289.404052734375,175.50732421875,97.13679504394531,17048.218981347978,872.1605224609375,240.83566284179688,1920,1080,807.6364135742188,215.24215698242188,895.729736328125,228.4985809326172,88.09332275390625,13.256423950195312,8.557750021989754,left,False,"{'safe_roi': (450, 80, 1500, 420), 'cylinder_roi': (780, 180, 1020, 310)}",ok_cylinder_inside_confirmed
2026-09-29 16:09:45,2026-09-29,387042,15,95,108.16241455078125,,40.62455749511719,0.7606900930404663,781.6622924804688,192.7017364501953,951.3580932617188,290.0641784667969,169.69580078125,97.36244201660156,16521.997564025223,866.5101928710938,241.38296508789062,1920,1080,790.7232055664062,216.67787170410156,897.6333618164062,233.08901977539062,106.91015625,16.411148071289062,8.727016571264283,left,False,"{'safe_roi': (450, 80, 1500, 420), 'cylinder_roi': (780, 180, 1020, 310)}",ok_cylinder_inside_confirmed
2026-09-29 16:09:52,2026-09-29,387153,15,95,85.74575805664062,,35.79969787597656,0.7662222385406494,781.4427490234375,194.8413543701172,951.738525390625,288.174072265625,170.2957763671875,93.33271789550781,15894.167654475197,866.5906372070312,241.50772094726562,1920,1080,807.1680908203125,216.57647705078125,891.6522216796875,231.23141479492188,84.484130859375,14.654937744140625,9.84082053941519,left,False,"{'safe_roi': (450, 80, 1500, 420), 'cylinder_roi': (780, 180, 1020, 310)}",ok_cylinder_inside_confirmed
2026-09-29 16:11:47,2026-09-29,389262,15,96,81.42870330810547,,36.52711486816406,0.7746255397796631,792.8037109375,193.82264709472656,955.0843505859375,287.53485107421875,162.2806396484375,93.71220397949219,15207.676404656842,873.9440307617188,240.67874145507812,1920,1080,818.302978515625,213.8194580078125,898.1767578125,229.65652465820312,79.873779296875,15.837066650390625,11.214931389857602,left,False,"{'safe_roi': (450, 80, 1500, 420), 'cylinder_roi': (780, 180, 1020, 310)}",ok_cylinder_inside_confirmed
2026-09-29 16:13:13,2026-09-29,390810,15,97,89.08113861083984,,37.14533996582031,0.7402898669242859,798.060302734375,196.79913330078125,959.853271484375,290.6943664550781,161.79296875,93.89523315429688,15191.588523507118,878.956787109375,243.7467498779297,1920,1080,814.0864868164062,221.49594116210938,902.6715087890625,230.8843994140625,88.58502197265625,9.388458251953125,6.049764034937249,left,False,"{'safe_roi': (450, 80, 1500, 420), 'cylinder_roi': (780, 180, 1020, 310)}",ok_cylinder_inside_confirmed
2026-09-29 16:13:18,2026-09-29,390905,15,97,94.97643280029297,,37.284942626953125,0.7509129047393799,797.5086059570312,196.03610229492188,961.0182495117188,291.7479553222656,163.5096435546875,95.71185302734375,15649.810972459614,879.263427734375,243.89202880859375,1920,1080,811.34423828125,222.23794555664062,905.5950317382812,233.9559326171875,94.25079345703125,11.717987060546875,7.087087486487539,left,False,"{'safe_roi': (450, 80, 1500, 420), 'cylinder_roi': (780, 180, 1020, 310)}",ok_cylinder_inside_confirmed
2026-09-29 16:13:25,2026-09-29,391028,15,97,100.33609008789062,,39.5882568359375,0.7441907525062561,797.0377807617188,196.2605743408203,961.3120727539062,292.44171142578125,164.2742919921875,96.18113708496094,15800.088197635487,879.1749267578125,244.35113525390625,1920,1080,808.3907470703125,221.20736694335938,907.7293090820312,235.32052612304688,99.33856201171875,14.1131591796875,8.085972840529006,left,False,"{'safe_roi': (450, 80, 1500, 420), 'cylinder_roi': (780, 180, 1020, 310)}",ok_cylinder_inside_confirmed
2026-09-29 16:13:31,2026-09-29,391136,15,97,84.12299346923828,,35.04351806640625,0.7411683201789856,795.513671875,196.96536254882812,958.4774169921875,293.9375,162.9637451171875,96.97213745117188,15802.942691061646,876.9955444335938,245.45143127441406,1920,1080,820.9813232421875,218.49502563476562,903.7523803710938,233.51600646972656,82.77105712890625,15.020980834960938,10.285880849732248,left,False,"{'safe_roi': (450, 80, 1500, 420), 'cylinder_roi': (780, 180, 1020, 310)}",ok_cylinder_inside_confirmed
2026-09-29 16:13:36,2026-09-29,391229,15,97,96.00983428955078,,39.39802551269531,0.7464102506637573,797.158447265625,196.7133331298828,963.9306640625,293.3143615722656,166.772216796875,96.60102844238281,16110.367658194155,880.5445556640625,245.01385498046875,1920,1080,809.8265380859375,221.26492309570312,905.1962890625,232.33282470703125,95.3697509765625,11.067901611328125,6.6197080957018954,left,False,"{'safe_roi': (450, 80, 1500, 420), 'cylinder_roi': (780, 180, 1020, 310)}",ok_cylinder_inside_confirmed
2026-09-29 16:13:42,2026-09-29,391349,15,97,103.5235595703125,,38.299102783203125,0.7561495900154114,797.04052734375,195.72186279296875,961.57080078125,292.6031494140625,164.5302734375,96.88128662109375,15939.904578745365,879.3056640625,244.16250610351562,1920,1080,807.2047729492188,221.22247314453125,909.6410522460938,236.18698120117188,102.436279296875,14.964508056640625,8.311320684763759,left,False,"{'safe_roi': (450, 80, 1500, 420), 'cylinder_roi': (780, 180, 1020, 310)}",ok_cylinder_inside_confirmed
2026-09-29 16:13:47,2026-09-29,391444,15,97,102.88468933105469,,39.84580993652344,0.7553057074546814,797.006103515625,194.98362731933594,961.52587890625,293.546630859375,164.519775390625,98.56300354003906,16215.563204232603,879.2659912109375,244.26513671875,1920,1080,808.0148315429688,221.83474731445312,909.8919677734375,236.19821166992188,101.87713623046875,14.36346435546875,8.02512876878878,left,False,"{'safe_roi': (450, 80, 1500, 420), 'cylinder_roi': (780, 180, 1020, 310)}",ok_cylinder_inside_confirmed
2026-09-29 16:13:55,2026-09-29,391582,15,97,96.79037475585938,,38.35675048828125,0.7504146099090576,799.2175903320312,195.705810546875,963.0352172851562,290.48858642578125,163.817626953125,94.78277587890625,15527.089420512319,881.1264038085938,243.09719848632812,1920,1080,810.5792846679688,222.02230834960938,906.6823120117188,233.53683471679688,96.10302734375,11.5145263671875,6.832289930148597,left,False,"{'safe_roi': (450, 80, 1500, 420), 'cylinder_roi': (780, 180, 1020, 310)}",ok_cylinder_inside_confirmed
2026-09-29 16:14:00,2026-09-29,391671,15,97,104.9365234375,,39.75315856933594,0.7614328265190125,797.6368408203125,195.8370819091797,962.70654296875,290.6022033691406,165.0697021484375,94.76512145996094,15642.850373456255,880.1716918945312,243.21963500976562,1920,1080,806.095703125,223.73492431640625,910.1165771484375,237.5671844482422,104.0208740234375,13.832260131835938,7.574515739927218,left,False,"{'safe_roi': (450, 80, 1500, 420), 'cylinder_roi': (780, 180, 1020, 310)}",ok_cylinder_inside_confirmed
2026-09-29 16:14:05,2026-09-29,391767,15,97,99.48339080810547,,43.21058654785156,0.746128261089325,799.8209838867188,195.70315551757812,961.9476928710938,295.2822570800781,162.126708984375,99.5791015625,16144.43201994896,880.8843383789062,245.49270629882812,1920,1080,805.8829345703125,224.72573852539062,904.7512817382812,235.77084350585938,98.86834716796875,11.04510498046875,6.374383590676075,left,False,"{'safe_roi': (450, 80, 1500, 420), 'cylinder_roi': (780, 180, 1020, 310)}",ok_cylinder_inside_confirmed
2026-09-29 16:14:10,2026-09-29,391862,15,97,95.43013763427734,,42.6475830078125,0.7441551685333252,800.7513427734375,197.4481201171875,963.031005859375,294.68634033203125,162.2796630859375,97.23822021484375,15779.78561554104,881.8911743164062,246.06723022460938,1920,1080,808.4638671875,224.14288330078125,903.426513671875,233.5771942138672,94.962646484375,9.434310913085938,5.673581019428618,left,False,"{'safe_roi': (450, 80, 1500, 420), 'cylinder_roi': (780, 180, 1020, 310)}",ok_cylinder_inside_confirmed
2026-09-29 16:14:15,2026-09-29,391953,15,97,95.80268859863281,,36.74798583984375,0.7380009889602661,796.0028686523438,197.3924560546875,961.3678588867188,297.09552001953125,165.364990234375,99.70306396484375,16487.396198883653,878.6853637695312,247.24398803710938,1920,1080,810.75830078125,225.75552368164062,906.1319580078125,234.81202697753906,95.3736572265625,9.056503295898438,5.4244344685531,left,False,"{'safe_roi': (450, 80, 1500, 420), 'cylinder_roi': (780, 180, 1020, 310)}",ok_cylinder_inside_confirmed
2026-09-29 16:14:20,2026-09-29,392044,15,97,99.1396484375,,41.221893310546875,0.7585574388504028,801.671142578125,196.10781860351562,965.86376953125,295.40301513671875,164.192626953125,99.29519653320312,16303.539162613451,883.7674560546875,245.7554168701172,1920,1080,806.0546264648438,223.68624877929688,904.84716796875,231.97500610351562,98.79254150390625,8.28875732421875,4.795920204249886,left,False,"{'safe_roi': (450, 80, 1500, 420), 'cylinder_roi': (780, 180, 1020, 310)}",ok_cylinder_inside_confirmed
2026-09-29 16:14:25,2026-09-29,392134,15,97,98.57012176513672,,41.57145690917969,0.7563822865486145,799.16162109375,196.51284790039062,963.04052734375,291.8655700683594,163.87890625,95.35272216796875,15626.299816846848,881.10107421875,244.189208984375,1920,1080,806.1253051757812,223.2835693359375,904.1084594726562,234.02459716796875,97.983154296875,10.74102783203125,6.255851637061375,left,False,"{'safe_roi': (450, 80, 1500, 420), 'cylinder_roi': (780, 180, 1020, 310)}",ok_cylinder_inside_confirmed
2026-09-29 16:14:30,2026-09-29,392225,15,97,99.47454071044922,,47.988739013671875,0.7472348213195801,798.5584716796875,196.61181640625,962.947021484375,293.9454040527344,164.3885498046875,97.33358764648438,16000.527320493013,880.7527465820312,245.2786102294922,1920,1080,803.7066040039062,226.63385009765625,902.615966796875,237.22259521484375,98.90936279296875,10.5887451171875,6.110528687562772,left,False,"{'safe_roi': (450, 80, 1500, 420), 'cylinder_roi': (780, 180, 1020, 310)}",ok_cylinder_inside_confirmed
2026-09-29 16:14:35,2026-09-29,392314,15,97,96.10030364990234,,43.12446594238281,0.743735134601593,799.6554565429688,195.88873291015625,959.9972534179688,297.1190490722656,160.341796875,101.23031616210938,16231.450791656971,879.8263549804688,246.50389099121094,1920,1080,806.101318359375,226.9508056640625,901.7757568359375,235.98797607421875,95.6744384765625,9.03717041015625,5.396007251200304,left,False,"{'safe_roi': (450, 80, 1500, 420), 'cylinder_roi': (780, 180, 1020, 310)}",ok_cylinder_inside_confirmed
2026-09-29 16:14:40,2026-09-29,392407,15,97,98.14847564697266,,40.602935791015625,0.7622219324111938,801.2329711914062,196.07342529296875,965.2775268554688,295.201416015625,164.0445556640625,99.12799072265625,16261.407191969454,883.2552490234375,245.63742065429688,1920,1080,809.2999877929688,224.61520385742188,906.9662475585938,234.3324432373047,97.666259765625,9.717239379882812,5.681905980569176,left,False,"{'safe_roi': (450, 80, 1500, 420), 'cylinder_roi': (780, 180, 1020, 310)}",ok_cylinder_inside_confirmed
2026-09-29 16:14:45,2026-09-29,392508,15,97,86.07476806640625,,37.825225830078125,0.7559599876403809,801.4163208007812,196.00454711914062,965.0308227539062,289.8558349609375,163.614501953125,93.85128784179688,15355.431717894971,883.2235717773438,242.93019104003906,1920,1080,815.6094360351562,220.0751953125,901.1959228515625,229.23043823242188,85.58648681640625,9.155242919921875,6.105749152131336,left,False,"{'safe_roi': (450, 80, 1500, 420), 'cylinder_roi': (780, 180, 1020, 310)}",ok_cylinder_inside_confirmed
2026-09-29 16:14:53,2026-09-29,392649,15,97,93.35840606689453,,41.359954833984375,0.7538002729415894,802.4293212890625,195.50949096679688,965.2532958984375,290.6437683105469,162.823974609375,95.13427734375,15490.14115869999,883.84130859375,243.07662963867188,1920,1080,812.831298828125,227.52410888671875,905.9645385742188,234.00421142578125,93.13323974609375,6.4801025390625,3.980159059163287,left,False,"{'safe_roi': (450, 80, 1500, 420), 'cylinder_roi': (780, 180, 1020, 310)}",ok_cylinder_inside_confirmed
2026-09-29 16:14:58,2026-09-29,392737,15,97,97.56697082519531,,40.95806884765625,0.7614357471466064,802.97021484375,195.27618408203125,964.88720703125,289.793212890625,161.9169921875,94.51702880859375,15303.913015186787,883.9287109375,242.53469848632812,1920,1080,809.6654663085938,227.258544921875,907.084228515625,232.63421630859375,97.41876220703125,5.37567138671875,3.158439167276442,left,False,"{'safe_roi': (450, 80, 1500, 420), 'cylinder_roi': (780, 180, 1020, 310)}",ok_cylinder_inside_confirmed
2026-09-29 16:15:03,2026-09-29,392830,15,97,99.20642852783203,,42.76606750488281,0.7585130333900452,801.6394653320312,194.37939453125,963.4260864257812,289.3954162597656,161.78662109375,95.01602172851562,15372.321105226874,882.5327758789062,241.8874053955078,1920,1080,807.52001953125,228.9364471435547,906.51904296875,235.34803771972656,98.9990234375,6.411590576171875,3.7055391245898677,left,False,"{'safe_roi': (450, 80, 1500, 420), 'cylinder_roi': (780, 180, 1020, 310)}",ok_cylinder_inside_confirmed
2026-09-29 16:15:08,2026-09-29,392921,15,97,99.3165054321289,,41.82331848144531,0.7563701868057251,800.1842651367188,195.15350341796875,961.3495483398438,291.6153259277344,161.165283203125,96.46182250976562,15546.296943075955,880.7669067382812,243.38441467285156,1920,1080,804.1986083984375,224.33197021484375,902.8493041992188,235.812744140625,98.65069580078125,11.48077392578125,6.6381090812649255,left,False,"{'safe_roi': (450, 80, 1500, 420), 'cylinder_roi': (780, 180, 1020, 310)}",ok_cylinder_inside_confirmed
2026-09-29 16:15:13,2026-09-29,393015,15,97,98.05094146728516,,41.43315124511719,0.7582826018333435,801.7440795898438,196.53201293945312,966.1560668945312,291.89605712890625,164.4119873046875,95.36404418945312,15678.992022600025,883.9500732421875,244.2140350341797,1920,1080,806.9851684570312,225.35623168945312,904.6396484375,234.16473388671875,97.65447998046875,8.808502197265625,5.154171072204229,left,False,"{'safe_roi': (450, 80, 1500, 420), 'cylinder_roi': (780, 180, 1020, 310)}",ok_cylinder_inside_confirmed
2026-09-29 16:15:18,2026-09-29,393109,15,97,102.4426040649414,,43.801483154296875,0.757801353931427,797.2721557617188,197.17892456054688,961.7636108398438,292.85650634765625,164.491455078125,95.67758178710938,15738.144646517932,879.5178833007812,245.01771545410156,1920,1080,800.7197875976562,227.50445556640625,902.550537109375,238.68414306640625,101.83074951171875,11.1796875,6.265237334662355,left,False,"{'safe_roi': (450, 80, 1500, 420), 'cylinder_roi': (780, 180, 1020, 310)}",ok_cylinder_inside_confirmed
2026-09-29 16:15:23,2026-09-29,393202,15,97,100.7835464477539,,42.97532653808594,0.758489191532135,799.4403686523438,197.611572265625,963.7268676757812,292.966064453125,164.2864990234375,95.3544921875,15665.455687642097,881.5836181640625,245.288818359375,1920,1080,801.6280517578125,228.05409240722656,902.005615234375,237.09109497070312,100.3775634765625,9.037002563476562,5.144475574345296,left,False,"{'safe_roi': (450, 80, 1500, 420), 'cylinder_roi': (780, 180, 1020, 310)}",ok_cylinder_inside_confirmed
2026-09-29 16:15:28,2026-09-29,393294,15,97,101.99173736572266,,41.525177001953125,0.7578611969947815,798.488525390625,198.818115234375,963.684814453125,292.98040771484375,165.1962890625,94.16229248046875,15555.261287391186,881.086669921875,245.89926147460938,1920,1080,801.767333984375,227.88900756835938,903.5057373046875,235.07308959960938,101.7384033203125,7.18408203125,4.039138275454621,left,False,"{'safe_roi': (450, 80, 1500, 420), 'cylinder_roi': (780, 180, 1020, 310)}",ok_cylinder_inside_confirmed
2026-09-29 16:15:33,2026-09-29,393390,15,97,100.97523498535156,,44.47441101074219,0.7495846748352051,796.8289184570312,198.2775421142578,963.5922241210938,295.15447998046875,166.7633056640625,96.87693786621094,16155.518401181325,880.2105712890625,246.71600341796875,1920,1080,801.600830078125,229.74722290039062,902.2492065429688,237.86529541015625,100.64837646484375,8.118072509765625,4.611366459249897,left,False,"{'safe_roi': (450, 80, 1500, 420), 'cylinder_roi': (780, 180, 1020, 310)}",ok_cylinder_inside_confirmed
2026-09-29 16:15:38,2026-09-29,393482,15,97,90.5517807006836,,43.0345458984375,0.7395179271697998,795.3602294921875,198.57928466796875,964.059326171875,297.0677795410156,168.6990966796875,98.48849487304688,16614.92011842504,879.7097778320312,247.8235321044922,1920,1080,811.8527221679688,241.69427490234375,902.3997802734375,240.7692413330078,90.54705810546875,0.9250335693359375,0.5853163736846104,left,False,"{'safe_roi': (450, 80, 1500, 420), 'cylinder_roi': (780, 180, 1020, 310)}",ok_cylinder_inside_confirmed
2026-09-29 16:15:43,2026-09-29,393572,15,97,99.30812072753906,,42.410858154296875,0.7520838379859924,799.3602905273438,198.7955322265625,968.9323120117188,297.1036071777344,169.572021484375,98.30807495117188,16670.298997707665,884.1463012695312,247.94956970214844,1920,1080,804.9873657226562,227.66416931152344,903.88818359375,236.6492462158203,98.90081787109375,8.985076904296875,5.191035127872352,left,False,"{'safe_roi': (450, 80, 1500, 420), 'cylinder_roi': (780, 180, 1020, 310)}",ok_cylinder_inside_confirmed
2026-09-29 16:15:48,2026-09-29,393659,15,97,100.20543670654297,,40.59710693359375,0.7501171827316284,799.6981201171875,198.90447998046875,971.73486328125,295.8984069824219,172.0367431640625,96.99392700195312,16686.519308108836,885.7164916992188,247.4014434814453,1920,1080,806.8840942382812,226.79046630859375,906.6229858398438,236.44874572753906,99.7388916015625,9.658279418945312,5.531028098019119,left,False,"{'safe_roi': (450, 80, 1500, 420), 'cylinder_roi': (780, 180, 1020, 310)}",ok_cylinder_inside_confirmed
2026-09-29 16:15:53,2026-09-29,393749,15,97,101.0369644165039,,45.16923522949219,0.7603657841682434,799.349365234375,198.572265625,968.068115234375,294.6873779296875,168.71875,96.1151123046875,16216.421604156494,883.708740234375,246.62982177734375,1920,1080,805.4447021484375,229.375732421875,906.1524658203125,237.5252227783203,100.707763671875,8.149490356445312,4.6264176081317165,left,False,"{'safe_roi': (450, 80, 1500, 420), 'cylinder_roi': (780, 180, 1020, 310)}",ok_cylinder_inside_confirmed
2026-09-29 16:15:58,2026-09-29,393841,15,97,101.27505493164062,,42.752044677734375,0.7589020729064941,801.2711181640625,197.77420043945312,971.55615234375,294.33575439453125,170.2850341796875,96.56155395507812,16442.987515684217,886.4136352539062,246.0549774169922,1920,1080,805.8603515625,228.8408203125,906.947265625,235.01113891601562,101.0869140625,6.170318603515625,3.492985476306309,left,False,"{'safe_roi': (450, 80, 1500, 420), 'cylinder_roi': (780, 180, 1020, 310)}",ok_cylinder_inside_confirmed
2026-09-29 16:16:03,2026-09-29,393936,15,97,99.6513671875,,41.52595520019531,0.7588130235671997,803.3789672851562,197.6390380859375,973.5485229492188,293.6075134277344,170.1695556640625,95.96847534179688,16330.912806671113,888.4637451171875,245.62327575683594,1920,1080,807.6100463867188,227.5231170654297,907.072021484375,233.66400146484375,99.46197509765625,6.1408843994140625,3.53301554077857,left,False,"{'safe_roi': (450, 80, 1500, 420), 'cylinder_roi': (780, 180, 1020, 310)}",ok_cylinder_inside_confirmed
2026-09-29 16:16:08,2026-09-29,394029,15,97,99.29916381835938,,42.97483825683594,0.7610921859741211,802.9268188476562,195.92630004882812,975.9793090820312,292.6270446777344,173.052490234375,96.70074462890625,16734.30466555059,889.4530639648438,244.27667236328125,1920,1080,810.1715698242188,227.89614868164062,909.3692626953125,232.38417053222656,99.19769287109375,4.4880218505859375,2.590478308487155,left,False,"{'safe_roi': (450, 80, 1500, 420), 'cylinder_roi': (780, 180, 1020, 310)}",ok_cylinder_inside_confirmed
2026-09-29 16:16:28,2026-09-29,394391,15,97,88.29947662353516,,35.75791931152344,0.7755656242370605,805.02099609375,197.54519653320312,978.4078369140625,293.402099609375,173.3868408203125,95.85690307617188,16620.325595196337,891.7144165039062,245.47364807128906,1920,1080,824.478271484375,226.95010375976562,912.7312622070312,229.81503295898438,88.25299072265625,2.86492919921875,1.859321996206515,left,False,"{'safe_roi': (450, 80, 1500, 420), 'cylinder_roi': (780, 180, 1020, 310)}",ok_cylinder_inside_confirmed
2026-09-29 16:16:33,2026-09-29,394484,15,97,101.91336059570312,,40.478118896484375,0.762744128704071,803.5833129882812,198.35850524902344,976.6604614257812,295.20672607421875,173.0771484375,96.84822082519531,16762.213891670108,890.1218872070312,246.78262329101562,1920,1080,807.3790893554688,227.861572265625,909.0396118164062,235.03591918945312,101.6605224609375,7.174346923828125,4.036762884591517,left,False,"{'safe_roi': (450, 80, 1500, 420), 'cylinder_roi': (780, 180, 1020, 310)}",ok_cylinder_inside_confirmed
2026-09-29 16:16:42,2026-09-29,394654,15,97,100.15962219238281,,38.28218078613281,0.7647337913513184,806.28271484375,199.63180541992188,977.8929443359375,296.12188720703125,171.6102294921875,96.49008178710938,16558.68507920578,892.0878295898438,247.87684631347656,1920,1080,807.9121704101562,226.40301513671875,907.7622680664062,234.2711639404297,99.85009765625,7.8681488037109375,4.505574893769939,left,False,"{'safe_roi': (450, 80, 1500, 420), 'cylinder_roi': (780, 180, 1020, 310)}",ok_cylinder_inside_confirmed
2026-09-29 16:20:13,2026-09-29,398675,15,98,96.42416381835938,,39.54673767089844,0.785564124584198,747.051513671875,194.52430725097656,927.1561279296875,307.6451416015625,180.1046142578125,113.12083435058594,20373.584235234186,837.1038208007812,251.084716796875,1920,1080,920.9517822265625,212.2767333984375,824.688232421875,217.8397979736328,96.2635498046875,5.5630645751953125,3.3074408912253683,right,False,"{'safe_roi': (450, 80, 1500, 420), 'cylinder_roi': (780, 180, 1020, 310)}",ok_cylinder_inside_confirmed
2026-09-29 16:20:18,2026-09-29,398772,15,98,103.62138366699219,,34.00543212890625,0.7973554730415344,745.2340087890625,194.7347412109375,929.6708984375,310.42340087890625,184.4368896484375,115.68865966796875,21337.256556756794,837.4524536132812,252.57907104492188,1920,1080,923.8193359375,217.10354614257812,820.6228637695312,226.4779510498047,103.19647216796875,9.374404907226562,5.190523294905548,right,False,"{'safe_roi': (450, 80, 1500, 420), 'cylinder_roi': (780, 180, 1020, 310)}",ok_cylinder_inside_confirmed
2026-09-29 16:20:23,2026-09-29,398866,15,98,102.41619873046875,,32.765594482421875,0.8156655430793762,740.0586547851562,193.47976684570312,928.0479125976562,310.5473937988281,187.9892578125,117.067626953125,22007.45630478859,834.0532836914062,252.01358032226562,1920,1080,923.9861450195312,217.97474670410156,822.1004638671875,228.38558959960938,101.88568115234375,10.410842895507812,5.834325647207093,right,False,"{'safe_roi': (450, 80, 1500, 420), 'cylinder_roi': (780, 180, 1020, 310)}",ok_cylinder_inside_confirmed
2026-09-29 16:20:28,2026-09-29,398954,15,98,103.39846801757812,,35.71876525878906,0.808481752872467,737.1646728515625,195.8328857421875,924.6514892578125,315.1013488769531,187.48681640625,119.26846313476562,22361.2644508034,830.9080810546875,255.4671173095703,1920,1080,920.5731811523438,217.4815673828125,817.82666015625,229.07449340820312,102.74652099609375,11.592926025390625,6.437477200277012,right,False,"{'safe_roi': (450, 80, 1500, 420), 'cylinder_roi': (780, 180, 1020, 310)}",ok_cylinder_inside_confirmed
2026-09-29 16:28:28,2026-09-29,407693,15,99,100.66688537597656,,32.702362060546875,0.7795982360839844,829.6644287109375,193.53250122070312,1018.064208984375,296.1875,188.3997802734375,102.65499877929688,19340.179213989526,923.8643188476562,244.86000061035156,1920,1080,1004.4051513671875,228.3763885498047,903.7889404296875,225.1825408935547,100.6162109375,3.19384765625,1.8181221926835156,right,False,"{'safe_roi': (450, 80, 1500, 420), 'cylinder_roi': (780, 180, 1020, 310)}",ok_cylinder_inside_confirmed
2026-09-29 16:28:34,2026-09-29,407784,15,99,108.13385772705078,,22.735931396484375,0.7772842049598694,828.269775390625,192.74545288085938,1017.8853759765625,296.6766052246094,189.6156005859375,103.93115234375,19706.967871248722,923.0775756835938,244.71102905273438,1920,1080,1011.9615478515625,224.86074829101562,903.8359375,226.1962127685547,108.1256103515625,1.3354644775390625,0.7076268752509578,right,False,"{'safe_roi': (450, 80, 1500, 420), 'cylinder_roi': (780, 180, 1020, 310)}",ok_cylinder_inside_confirmed
2026-09-29 16:28:39,2026-09-29,407871,15,99,93.00907897949219,,33.67327880859375,0.7580329179763794,834.385009765625,192.74310302734375,1017.82763671875,296.9109191894531,183.442626953125,104.16781616210938,19108.817840747535,926.1063232421875,244.82701110839844,1920,1080,1001.757568359375,223.59854125976562,908.787841796875,226.30377197265625,92.9697265625,2.705230712890625,1.666720825339599,right,False,"{'safe_roi': (450, 80, 1500, 420), 'cylinder_roi': (780, 180, 1020, 310)}",ok_cylinder_inside_confirmed
2026-09-29 16:28:57,2026-09-29,408224,15,99,91.11164093017578,,34.57307434082031,0.7556345462799072,841.7518310546875,193.81472778320312,1017.5450439453125,293.0194396972656,175.793212890625,99.2047119140625,17439.51504126191,929.6484375,243.41708374023438,1920,1080,1000.8594970703125,227.54690551757812,909.75,228.17221069335938,91.1094970703125,0.62530517578125,0.393227776599654,right,False,"{'safe_roi': (450, 80, 1500, 420), 'cylinder_roi': (780, 180, 1020, 310)}",ok_cylinder_inside_confirmed
2026-09-29 16:29:02,2026-09-29,408318,15,99,90.11943817138672,,33.336395263671875,0.7623867988586426,842.6240844726562,192.89663696289062,1016.0172729492188,292.79095458984375,173.3931884765625,99.89431762695312,17320.994244027883,929.3206787109375,242.8437957763672,1920,1080,1000.7476806640625,226.3098907470703,910.6917724609375,229.693115234375,90.055908203125,3.3832244873046875,2.1514786827660073,right,False,"{'safe_roi': (450, 80, 1500, 420), 'cylinder_roi': (780, 180, 1020, 310)}",ok_cylinder_inside_confirmed
2026-09-29 16:29:08,2026-09-29,408417,15,99,90.52093505859375,,36.0194091796875,0.7819575667381287,842.1793212890625,193.4918212890625,1013.1270751953125,294.95599365234375,170.94775390625,101.46417236328125,17345.072367459536,927.6531982421875,244.22390747070312,1920,1080,1000.0247802734375,227.49868774414062,909.5137939453125,228.84063720703125,90.510986328125,1.341949462890625,0.8494262467979266,right,False,"{'safe_roi': (450, 80, 1500, 420), 'cylinder_roi': (780, 180, 1020, 310)}",ok_cylinder_inside_confirmed
2026-09-29 16:29:14,2026-09-29,408534,15,99,86.19339752197266,,36.10121154785156,0.7473772764205933,845.2551879882812,192.7531280517578,1017.0192260742188,294.167724609375,171.7640380859375,101.41459655761719,17419.380625592545,931.13720703125,243.46041870117188,1920,1080,995.953857421875,229.92929077148438,909.7706298828125,228.60504150390625,86.1832275390625,1.324249267578125,0.8803096126689258,right,False,"{'safe_roi': (450, 80, 1500, 420), 'cylinder_roi': (780, 180, 1020, 310)}",ok_cylinder_inside_confirmed
2026-09-29 16:33:23,2026-09-29,413092,15,100,96.66899108886719,,39.04255676269531,0.7966424822807312,789.25146484375,191.9510040283203,979.0401611328125,304.07159423828125,189.7886962890625,112.12059020996094,21279.22064310871,884.1458129882812,248.01129150390625,1920,1080,965.7830200195312,213.98712158203125,869.1309814453125,215.79739379882812,96.65203857421875,1.810272216796875,1.0730123571656165,right,False,"{'safe_roi': (450, 80, 1500, 420), 'cylinder_roi': (780, 180, 1020, 310)}",ok_cylinder_inside_confirmed
2026-09-29 16:33:28,2026-09-29,413179,15,100,98.85733032226562,,36.134246826171875,0.7784444689750671,795.3079223632812,191.57701110839844,983.2029418945312,300.7678527832031,187.89501953125,109.19084167480469,20516.415329121053,889.2554321289062,246.17242431640625,1920,1080,975.636962890625,212.12545776367188,877.4876708984375,223.9359588623047,98.1492919921875,11.810501098632812,6.861525127718497,right,False,"{'safe_roi': (450, 80, 1500, 420), 'cylinder_roi': (780, 180, 1020, 310)}",ok_cylinder_inside_confirmed
2026-09-29 16:33:45,2026-09-29,413483,15,100,95.30838775634766,,34.54887390136719,0.7621451020240784,798.6041259765625,192.24972534179688,983.017822265625,298.95159912109375,184.4136962890625,106.70187377929688,19677.286944609135,890.8109741210938,245.6006622314453,1920,1080,972.718994140625,212.54827880859375,878.0374755859375,223.4615020751953,94.6815185546875,10.913223266601562,6.575036645658433,right,False,"{'safe_roi': (450, 80, 1500, 420), 'cylinder_roi': (780, 180, 1020, 310)}",ok_cylinder_inside_confirmed
