datetime,date,frame_id,track_id,event_id,body_length_px,body_length_cm,body_height_px,pose_conf,bbox_x1,bbox_y1,bbox_x2,bbox_y2,bbox_w,bbox_h,bbox_area,center_x,center_y,frame_w,frame_h,head_x,head_y,tail_x,tail_y,head_tail_dx,head_tail_dy,side_tilt_deg,facing,flipped,growth_roi,save_reason
2026-09-19 02:27:57,2026-09-19,17362391,28499,1,104.5596923828125,,13.330245971679688,0.7863107323646545,789.3626708984375,180.19552612304688,973.8743896484375,293.18145751953125,184.51171875,112.98593139648438,20847.22839653492,881.6185302734375,236.68849182128906,1920,1080,971.0943603515625,207.99514770507812,867.2344970703125,220.07229614257812,103.85986328125,12.0771484375,6.632743304164602,right,False,"{'safe_roi': (450, 80, 1500, 420), 'cylinder_roi': (800, 190, 1000, 300)}",ok_cylinder_inside_confirmed
2026-09-19 02:28:02,2026-09-19,17362459,28499,1,106.71504974365234,,17.266403198242188,0.780935525894165,802.74658203125,180.61749267578125,970.692626953125,292.6300354003906,167.946044921875,112.01254272460938,18812.06353224069,886.7196044921875,236.62376403808594,1920,1080,972.3296508789062,208.13189697265625,866.3749389648438,220.84805297851562,105.9547119140625,12.716156005859375,6.843621316891825,right,False,"{'safe_roi': (450, 80, 1500, 420), 'cylinder_roi': (800, 190, 1000, 300)}",ok_cylinder_inside_confirmed
2026-09-19 02:29:39,2026-09-19,17363781,28499,2,90.65974426269531,,26.002777099609375,0.5791940093040466,797.353759765625,178.21426391601562,966.890625,289.7181701660156,169.536865234375,111.50390625,18904.022727012634,882.1221923828125,233.96621704101562,1920,1080,964.541259765625,241.5506591796875,874.4313354492188,231.58114624023438,90.10992431640625,9.969512939453125,6.313370404781927,right,False,"{'safe_roi': (450, 80, 1500, 420), 'cylinder_roi': (800, 190, 1000, 300)}",ok_cylinder_inside_confirmed
2026-09-19 06:40:21,2026-09-19,17567757,28826,3,111.27730560302734,,35.92900085449219,0.7061706185340881,813.1167602539062,184.11744689941406,1011.6936645507812,299.4134216308594,198.576904296875,115.29597473144531,22895.117740061134,912.4052124023438,241.76544189453125,1920,1080,828.7803955078125,207.22613525390625,938.649658203125,224.87220764160156,109.8692626953125,17.646072387695312,9.124336504795078,left,False,"{'safe_roi': (450, 80, 1500, 420), 'cylinder_roi': (800, 190, 1000, 300)}",ok_cylinder_inside_confirmed
2026-09-19 06:40:26,2026-09-19,17567827,28826,3,116.63441467285156,,30.073211669921875,0.6929208636283875,815.9668579101562,183.77040100097656,1008.9708862304688,300.27032470703125,193.0040283203125,116.49992370605469,22484.954574277624,912.4688720703125,242.02035522460938,1920,1080,827.3770751953125,202.44569396972656,942.8580322265625,218.8083038330078,115.48095703125,16.36260986328125,8.064611751349725,left,False,"{'safe_roi': (450, 80, 1500, 420), 'cylinder_roi': (800, 190, 1000, 300)}",ok_cylinder_inside_confirmed
2026-09-19 06:40:31,2026-09-19,17567897,28826,3,113.94830322265625,,28.022201538085938,0.7230725288391113,817.61962890625,184.28799438476562,1010.1717529296875,296.83135986328125,192.5521240234375,112.54336547851562,21670.464067634195,913.8956909179688,240.55967712402344,1920,1080,826.9484252929688,202.04396057128906,939.2349853515625,221.43325805664062,112.28656005859375,19.389297485351562,9.797047293884601,left,False,"{'safe_roi': (450, 80, 1500, 420), 'cylinder_roi': (800, 190, 1000, 300)}",ok_cylinder_inside_confirmed
2026-09-19 06:40:36,2026-09-19,17567964,28826,3,115.07019805908203,,26.754104614257812,0.6274290084838867,816.0562133789062,184.5478515625,1011.7551879882812,298.82733154296875,195.698974609375,114.27947998046875,22364.377051070333,913.9057006835938,241.68759155273438,1920,1080,826.8092041015625,205.44895935058594,940.7930908203125,221.22311401367188,113.98388671875,15.774154663085938,7.87908033049042,left,False,"{'safe_roi': (450, 80, 1500, 420), 'cylinder_roi': (800, 190, 1000, 300)}",ok_cylinder_inside_confirmed
2026-09-19 06:40:42,2026-09-19,17568033,28826,3,115.2181396484375,,29.4354248046875,0.7296685576438904,815.7117919921875,184.80516052246094,1011.69873046875,299.01513671875,195.9869384765625,114.20997619628906,22383.663578191772,913.7052612304688,241.91015625,1920,1080,827.0849609375,206.34474182128906,941.271728515625,221.72662353515625,114.186767578125,15.381881713867188,7.67202145728469,left,False,"{'safe_roi': (450, 80, 1500, 420), 'cylinder_roi': (800, 190, 1000, 300)}",ok_cylinder_inside_confirmed
2026-09-19 06:40:47,2026-09-19,17568101,28826,3,116.13677215576172,,31.516067504882812,0.5886436700820923,814.1006469726562,185.51300048828125,1011.7354125976562,300.3445129394531,197.634765625,114.83151245117188,22694.699049651623,912.9180297851562,242.9287567138672,1920,1080,827.30908203125,204.37484741210938,942.1942138671875,221.37942504882812,114.8851318359375,17.00457763671875,8.419433052489099,left,False,"{'safe_roi': (450, 80, 1500, 420), 'cylinder_roi': (800, 190, 1000, 300)}",ok_cylinder_inside_confirmed
2026-09-19 06:40:52,2026-09-19,17568169,28826,3,111.93415069580078,,37.610595703125,0.7266348004341125,816.3743896484375,185.33135986328125,1010.9248046875,300.7286376953125,194.5504150390625,115.39727783203125,22450.588296599686,913.6495971679688,243.02999877929688,1920,1080,825.3948974609375,205.5692138671875,936.2967529296875,220.73605346679688,110.90185546875,15.166839599609375,7.787410435388806,left,False,"{'safe_roi': (450, 80, 1500, 420), 'cylinder_roi': (800, 190, 1000, 300)}",ok_cylinder_inside_confirmed
2026-09-19 06:40:57,2026-09-19,17568238,28826,3,109.187744140625,,31.774871826171875,0.6899537444114685,817.0926513671875,184.21900939941406,1011.563232421875,296.13580322265625,194.4705810546875,111.91679382324219,21764.52392458357,914.3279418945312,240.17739868164062,1920,1080,829.9495239257812,207.4521026611328,938.38916015625,220.2117462158203,108.43963623046875,12.7596435546875,6.7108995876517445,left,False,"{'safe_roi': (450, 80, 1500, 420), 'cylinder_roi': (800, 190, 1000, 300)}",ok_cylinder_inside_confirmed
2026-09-19 06:41:02,2026-09-19,17568307,28826,3,114.0216064453125,,28.192352294921875,0.6559032797813416,815.40478515625,184.98233032226562,1011.5074462890625,298.50628662109375,196.1026611328125,113.52395629882812,22262.349932525307,913.4561157226562,241.7443084716797,1920,1080,826.9429931640625,203.19845581054688,939.7467651367188,219.8188018798828,112.80377197265625,16.620346069335938,8.381574298312714,left,False,"{'safe_roi': (450, 80, 1500, 420), 'cylinder_roi': (800, 190, 1000, 300)}",ok_cylinder_inside_confirmed
2026-09-19 06:41:07,2026-09-19,17568376,28826,3,113.67183685302734,,34.30335998535156,0.673197865486145,815.5073852539062,183.93898010253906,1009.8515014648438,297.3153991699219,194.3441162109375,113.37641906738281,22034.039962811396,912.679443359375,240.627197265625,1920,1080,827.2594604492188,206.59378051757812,940.2596435546875,218.9325408935547,113.00018310546875,12.338760375976562,6.2315752031090605,left,False,"{'safe_roi': (450, 80, 1500, 420), 'cylinder_roi': (800, 190, 1000, 300)}",ok_cylinder_inside_confirmed
2026-09-19 06:41:12,2026-09-19,17568444,28826,3,99.35193634033203,,34.38154602050781,0.6769775748252869,817.2486572265625,183.92320251464844,1012.997314453125,297.78875732421875,195.7486572265625,113.86555480957031,22289.029458330944,915.1229858398438,240.85598754882812,1920,1080,833.7805786132812,207.79910278320312,932.2734985351562,220.83566284179688,98.492919921875,13.03656005859375,7.539863872042031,left,False,"{'safe_roi': (450, 80, 1500, 420), 'cylinder_roi': (800, 190, 1000, 300)}",ok_cylinder_inside_confirmed
2026-09-19 06:41:17,2026-09-19,17568516,28826,3,113.93392944335938,,32.9222412109375,0.7130579948425293,818.4134521484375,184.456787109375,1012.1273193359375,299.4288635253906,193.7138671875,114.97207641601562,22271.68554112315,915.2703857421875,241.9428253173828,1920,1080,827.3218383789062,206.240966796875,940.2529296875,221.3243408203125,112.93109130859375,15.0833740234375,7.607551460908003,left,False,"{'safe_roi': (450, 80, 1500, 420), 'cylinder_roi': (800, 190, 1000, 300)}",ok_cylinder_inside_confirmed
2026-09-19 06:41:22,2026-09-19,17568588,28826,3,114.62108612060547,,34.493072509765625,0.5777457356452942,814.8287963867188,184.82830810546875,1012.2245483398438,300.77508544921875,197.395751953125,115.94677734375,22887.40130031109,913.5266723632812,242.80169677734375,1920,1080,828.1903686523438,206.25039672851562,941.4476318359375,223.87950134277344,113.25726318359375,17.629104614257812,8.84739999039593,left,False,"{'safe_roi': (450, 80, 1500, 420), 'cylinder_roi': (800, 190, 1000, 300)}",ok_cylinder_inside_confirmed
2026-09-19 06:41:27,2026-09-19,17568658,28826,3,108.98682403564453,,33.936279296875,0.5837470889091492,814.8143310546875,182.88400268554688,1011.925537109375,297.6861267089844,197.1112060546875,114.8021240234375,22628.78512389958,913.3699340820312,240.28506469726562,1920,1080,829.04296875,205.95657348632812,937.196044921875,219.41165161132812,108.153076171875,13.455078125,7.091601116429959,left,False,"{'safe_roi': (450, 80, 1500, 420), 'cylinder_roi': (800, 190, 1000, 300)}",ok_cylinder_inside_confirmed
2026-09-19 06:41:51,2026-09-19,17568983,28826,4,108.40853118896484,,34.28425598144531,0.6294320225715637,811.4517822265625,184.072998046875,1008.1424560546875,298.3190612792969,196.690673828125,114.24606323242188,22471.135159395635,909.797119140625,241.19602966308594,1920,1080,828.4117431640625,208.05494689941406,934.1867065429688,231.8050537109375,105.77496337890625,23.750106811523438,12.654983752386615,left,False,"{'safe_roi': (450, 80, 1500, 420), 'cylinder_roi': (800, 190, 1000, 300)}",ok_cylinder_inside_confirmed
2026-09-19 06:41:56,2026-09-19,17569051,28826,4,107.71372985839844,,28.742401123046875,0.5079033970832825,810.3822021484375,184.28164672851562,1011.81884765625,295.92431640625,201.4366455078125,111.64266967773438,22488.924875419587,911.1005249023438,240.1029815673828,1920,1080,829.0352172851562,205.7686309814453,934.2169799804688,228.9859619140625,105.1817626953125,23.217330932617188,12.447598523829239,left,False,"{'safe_roi': (450, 80, 1500, 420), 'cylinder_roi': (800, 190, 1000, 300)}",ok_cylinder_inside_confirmed
2026-09-19 06:42:07,2026-09-19,17569192,28826,4,108.14028930664062,,36.713653564453125,0.5221312642097473,812.6295776367188,184.30645751953125,1012.2034301757812,295.04876708984375,199.5738525390625,110.7423095703125,22101.269360020757,912.41650390625,239.6776123046875,1920,1080,828.6066284179688,210.9082794189453,934.2288818359375,234.1087646484375,105.62225341796875,23.200485229492188,12.388577763661102,left,False,"{'safe_roi': (450, 80, 1500, 420), 'cylinder_roi': (800, 190, 1000, 300)}",ok_cylinder_inside_confirmed
2026-09-19 06:42:12,2026-09-19,17569263,28826,4,111.9030532836914,,32.3966064453125,0.5290749669075012,810.1647338867188,184.35458374023438,1012.3512573242188,295.1761169433594,202.1865234375,110.821533203125,22406.620520353317,911.2579956054688,239.76535034179688,1920,1080,828.5258178710938,210.22442626953125,937.7620849609375,234.50880432128906,109.23626708984375,24.284378051757812,12.533631988987821,left,False,"{'safe_roi': (450, 80, 1500, 420), 'cylinder_roi': (800, 190, 1000, 300)}",ok_cylinder_inside_confirmed
2026-09-19 06:48:10,2026-09-19,17574124,28826,5,114.24711608886719,,34.87626647949219,0.6433712840080261,809.6249389648438,185.62051391601562,1018.0150756835938,297.43011474609375,208.39013671875,111.80960083007812,23300.018003448844,913.8200073242188,241.5253143310547,1920,1080,827.603271484375,197.43247985839844,940.232666015625,216.59033203125,112.62939453125,19.157852172851562,9.653412231244742,left,False,"{'safe_roi': (450, 80, 1500, 420), 'cylinder_roi': (800, 190, 1000, 300)}",ok_cylinder_inside_confirmed
2026-09-19 06:48:15,2026-09-19,17574189,28826,5,117.33975982666016,,36.19769287109375,0.7295698523521423,815.8587036132812,184.3016357421875,1019.9833374023438,302.1978759765625,204.1246337890625,117.896240234375,24065.526862949133,917.9210205078125,243.249755859375,1920,1080,826.3388061523438,201.912353515625,942.32666015625,219.67288208007812,115.98785400390625,17.760528564453125,8.705740321002287,left,False,"{'safe_roi': (450, 80, 1500, 420), 'cylinder_roi': (800, 190, 1000, 300)}",ok_cylinder_inside_confirmed
2026-09-19 06:48:20,2026-09-19,17574259,28826,5,120.15243530273438,,34.25823974609375,0.7514251470565796,813.037109375,183.34608459472656,1020.72802734375,299.114013671875,207.69091796875,115.76792907714844,24043.947461374104,916.882568359375,241.23004150390625,1920,1080,826.6949462890625,203.09817504882812,945.5631103515625,220.61866760253906,118.8681640625,17.520492553710938,8.38470099572471,left,False,"{'safe_roi': (450, 80, 1500, 420), 'cylinder_roi': (800, 190, 1000, 300)}",ok_cylinder_inside_confirmed
2026-09-19 06:48:25,2026-09-19,17574328,28826,5,120.74168395996094,,38.24932861328125,0.7683693170547485,814.984130859375,182.78427124023438,1024.1201171875,300.4171447753906,209.135986328125,117.63287353515625,24601.267031386495,919.5521240234375,241.6007080078125,1920,1080,826.6284790039062,206.73353576660156,946.28759765625,222.86578369140625,119.65911865234375,16.132247924804688,7.678227436249106,left,False,"{'safe_roi': (450, 80, 1500, 420), 'cylinder_roi': (800, 190, 1000, 300)}",ok_cylinder_inside_confirmed
2026-09-19 06:48:30,2026-09-19,17574399,28826,5,119.85645294189453,,41.4566650390625,0.723916232585907,816.0223999023438,185.09161376953125,1017.3529663085938,300.74609375,201.33056640625,115.65447998046875,23284.781961888075,916.6876831054688,242.91885375976562,1920,1080,826.1002197265625,199.72140502929688,945.115478515625,213.89663696289062,119.0152587890625,14.17523193359375,6.7921781009139215,left,False,"{'safe_roi': (450, 80, 1500, 420), 'cylinder_roi': (800, 190, 1000, 300)}",ok_cylinder_inside_confirmed
2026-09-19 06:48:35,2026-09-19,17574468,28826,5,120.30745697021484,,40.15324401855469,0.7425591945648193,813.8594970703125,184.6497039794922,1014.9437255859375,294.6043701171875,201.084228515625,109.95466613769531,22110.14921199158,914.401611328125,239.62704467773438,1920,1080,826.8336181640625,199.94924926757812,946.6480102539062,210.83023071289062,119.81439208984375,10.8809814453125,5.189099790707102,left,False,"{'safe_roi': (450, 80, 1500, 420), 'cylinder_roi': (800, 190, 1000, 300)}",ok_cylinder_inside_confirmed
2026-09-19 06:48:40,2026-09-19,17574538,28826,5,120.9659423828125,,39.140045166015625,0.766908586025238,811.49853515625,183.45477294921875,1015.8204345703125,294.6609802246094,204.3218994140625,111.20620727539062,22721.86349714175,913.6594848632812,239.05787658691406,1920,1080,824.345703125,203.9733428955078,944.6359252929688,216.74134826660156,120.29022216796875,12.76800537109375,6.058879156347014,left,False,"{'safe_roi': (450, 80, 1500, 420), 'cylinder_roi': (800, 190, 1000, 300)}",ok_cylinder_inside_confirmed
2026-09-19 06:48:46,2026-09-19,17574607,28826,5,119.02944946289062,,40.41548156738281,0.751580536365509,814.1141357421875,184.6346435546875,1016.2684326171875,296.4399719238281,202.154296875,111.80532836914062,22601.927543342113,915.1912841796875,240.5373077392578,1920,1080,825.5760498046875,202.46847534179688,943.831787109375,216.01803588867188,118.2557373046875,13.549560546875,6.536358179764319,left,False,"{'safe_roi': (450, 80, 1500, 420), 'cylinder_roi': (800, 190, 1000, 300)}",ok_cylinder_inside_confirmed
2026-09-19 06:48:51,2026-09-19,17574676,28826,5,117.52076721191406,,34.50959777832031,0.7282668948173523,814.7656860351562,185.34170532226562,1018.3110961914062,298.9391784667969,203.54541015625,113.59747314453125,23122.244263917208,916.5383911132812,242.14044189453125,1920,1080,826.345947265625,200.2445068359375,942.3011474609375,219.36314392089844,115.9552001953125,19.118637084960938,9.362664604333613,left,False,"{'safe_roi': (450, 80, 1500, 420), 'cylinder_roi': (800, 190, 1000, 300)}",ok_cylinder_inside_confirmed
2026-09-19 06:48:56,2026-09-19,17574746,28826,5,115.27008056640625,,36.075164794921875,0.7226438522338867,817.1226806640625,184.40509033203125,1016.78466796875,298.27178955078125,199.6619873046875,113.86669921875,22734.851453840733,916.9536743164062,241.33843994140625,1920,1080,827.9765625,203.22018432617188,941.7603759765625,221.67105102539062,113.7838134765625,18.45086669921875,9.21075054511016,left,False,"{'safe_roi': (450, 80, 1500, 420), 'cylinder_roi': (800, 190, 1000, 300)}",ok_cylinder_inside_confirmed
2026-09-19 06:49:01,2026-09-19,17574814,28826,5,119.8122787475586,,38.25520324707031,0.6798812747001648,815.430908203125,185.36544799804688,1017.1246337890625,298.9669494628906,201.6937255859375,113.60150146484375,22912.710062600672,916.2777709960938,242.16619873046875,1920,1080,828.6611328125,199.3649139404297,947.08447265625,217.55545043945312,118.42333984375,18.190536499023438,8.732720574812207,left,False,"{'safe_roi': (450, 80, 1500, 420), 'cylinder_roi': (800, 190, 1000, 300)}",ok_cylinder_inside_confirmed
2026-09-19 06:49:06,2026-09-19,17574879,28826,5,115.30117797851562,,37.44331359863281,0.68056720495224,816.8942260742188,184.65927124023438,1015.0907592773438,299.1061706542969,198.196533203125,114.4468994140625,22682.978699713945,915.9924926757812,241.88272094726562,1920,1080,827.8139038085938,201.44235229492188,941.9130859375,218.04769897460938,114.09918212890625,16.6053466796875,8.280368720862338,left,False,"{'safe_roi': (450, 80, 1500, 420), 'cylinder_roi': (800, 190, 1000, 300)}",ok_cylinder_inside_confirmed
2026-09-19 06:49:11,2026-09-19,17574949,28826,5,116.3789291381836,,35.757049560546875,0.7581402659416199,815.4581298828125,184.22946166992188,1018.494384765625,297.4163818359375,203.0362548828125,113.18692016601562,22981.0483722277,916.9762573242188,240.8229217529297,1920,1080,826.449951171875,202.93988037109375,941.93408203125,217.34375,115.484130859375,14.40386962890625,7.109556316551498,left,False,"{'safe_roi': (450, 80, 1500, 420), 'cylinder_roi': (800, 190, 1000, 300)}",ok_cylinder_inside_confirmed
2026-09-19 06:49:16,2026-09-19,17575018,28826,5,111.07275390625,,40.273406982421875,0.75944584608078,815.6204223632812,183.85923767089844,1017.1397094726562,298.1451110839844,201.519287109375,114.28587341308594,23030.807736877352,916.3800659179688,241.00216674804688,1920,1080,827.1387329101562,205.10317993164062,937.2694091796875,219.5389404296875,110.13067626953125,14.435760498046875,7.467668558214193,left,False,"{'safe_roi': (450, 80, 1500, 420), 'cylinder_roi': (800, 190, 1000, 300)}",ok_cylinder_inside_confirmed
2026-09-19 06:49:21,2026-09-19,17575090,28826,5,119.73109436035156,,34.43894958496094,0.7566695213317871,813.6736450195312,184.39785766601562,1015.4514770507812,297.8929748535156,201.77783203125,113.4951171875,22900.79869222641,914.5625610351562,241.14541625976562,1920,1080,826.96240234375,203.06341552734375,945.6407470703125,218.9059295654297,118.6783447265625,15.842514038085938,7.603529994560076,left,False,"{'safe_roi': (450, 80, 1500, 420), 'cylinder_roi': (800, 190, 1000, 300)}",ok_cylinder_inside_confirmed
2026-09-19 06:49:26,2026-09-19,17575159,28826,5,118.9673080444336,,33.5643310546875,0.5930802822113037,809.4403686523438,184.5606689453125,1019.7190551757812,297.00048828125,210.2786865234375,112.4398193359375,23643.697522893548,914.5797119140625,240.78057861328125,1920,1080,827.9344482421875,200.35244750976562,945.5928955078125,217.95101928710938,117.658447265625,17.59857177734375,8.506858530698567,left,False,"{'safe_roi': (450, 80, 1500, 420), 'cylinder_roi': (800, 190, 1000, 300)}",ok_cylinder_inside_confirmed
2026-09-19 06:49:31,2026-09-19,17575227,28826,5,115.07183837890625,,38.03045654296875,0.6878507733345032,816.7274780273438,184.06085205078125,1017.3224487304688,298.59375,200.594970703125,114.53289794921875,22974.72330866754,917.0249633789062,241.32730102539062,1920,1080,828.89599609375,199.87701416015625,943.1168823242188,213.84547424316406,114.22088623046875,13.968460083007812,6.972274648802398,left,False,"{'safe_roi': (450, 80, 1500, 420), 'cylinder_roi': (800, 190, 1000, 300)}",ok_cylinder_inside_confirmed
2026-09-19 06:49:36,2026-09-19,17575296,28826,5,113.68785858154297,,36.21858215332031,0.6809104084968567,818.427490234375,184.62387084960938,1018.0953369140625,297.9451599121094,199.6678466796875,113.3212890625,22626.617770075798,918.2614135742188,241.28451538085938,1920,1080,828.329345703125,199.8690185546875,940.83349609375,216.23196411132812,112.504150390625,16.362945556640625,8.27524722579202,left,False,"{'safe_roi': (450, 80, 1500, 420), 'cylinder_roi': (800, 190, 1000, 300)}",ok_cylinder_inside_confirmed
2026-09-19 06:49:41,2026-09-19,17575367,28826,5,116.83273315429688,,35.367462158203125,0.6540198922157288,813.4488525390625,183.5037384033203,1018.39501953125,296.16351318359375,204.9461669921875,112.65977478027344,23089.189015420154,915.9219360351562,239.8336181640625,1920,1080,827.5394287109375,200.68910217285156,943.575439453125,214.31008911132812,116.0360107421875,13.620986938476562,6.69507509178028,left,False,"{'safe_roi': (450, 80, 1500, 420), 'cylinder_roi': (800, 190, 1000, 300)}",ok_cylinder_inside_confirmed
2026-09-19 06:49:46,2026-09-19,17575436,28826,5,115.20692443847656,,35.695098876953125,0.6141266822814941,813.3018798828125,184.134521484375,1014.88916015625,296.94049072265625,201.5872802734375,112.80596923828125,22740.24853735417,914.0955200195312,240.53750610351562,1920,1080,827.3243408203125,200.0660400390625,941.45849609375,215.75137329101562,114.1341552734375,15.685333251953125,7.825079238327343,left,False,"{'safe_roi': (450, 80, 1500, 420), 'cylinder_roi': (800, 190, 1000, 300)}",ok_cylinder_inside_confirmed
2026-09-19 06:49:51,2026-09-19,17575507,28826,5,117.94955444335938,,35.19499206542969,0.6474094986915588,812.1083984375,184.26588439941406,1018.1119384765625,297.4613037109375,206.0035400390625,113.19541931152344,23318.657094379887,915.1101684570312,240.86358642578125,1920,1080,827.090576171875,199.75991821289062,943.509521484375,218.70001220703125,116.4189453125,18.940093994140625,9.240442085701547,left,False,"{'safe_roi': (450, 80, 1500, 420), 'cylinder_roi': (800, 190, 1000, 300)}",ok_cylinder_inside_confirmed
2026-09-19 06:49:56,2026-09-19,17575576,28826,5,115.95260620117188,,32.83641052246094,0.538225531578064,815.8919067382812,183.43502807617188,1017.6943969726562,295.82037353515625,201.802490234375,112.38534545898438,22679.642579473555,916.7931518554688,239.62770080566406,1920,1080,827.243408203125,200.836669921875,941.7330322265625,219.19784545898438,114.4896240234375,18.361175537109375,9.111177529028351,left,False,"{'safe_roi': (450, 80, 1500, 420), 'cylinder_roi': (800, 190, 1000, 300)}",ok_cylinder_inside_confirmed
2026-09-19 06:50:01,2026-09-19,17575644,28826,5,109.35037231445312,,33.1387939453125,0.6874114871025085,813.7822265625,183.90823364257812,1018.6436767578125,298.1116638183594,204.8614501953125,114.20343017578125,23395.88032308966,916.2129516601562,241.00994873046875,1920,1080,828.7877807617188,200.168212890625,937.0316162109375,215.6851806640625,108.24383544921875,15.5169677734375,8.157885278238984,left,False,"{'safe_roi': (450, 80, 1500, 420), 'cylinder_roi': (800, 190, 1000, 300)}",ok_cylinder_inside_confirmed
2026-09-19 06:50:06,2026-09-19,17575713,28826,5,115.1869888305664,,29.085556030273438,0.6789049506187439,811.3448486328125,183.94314575195312,1019.4326171875,297.3407287597656,208.0877685546875,113.3975830078125,23596.65000759065,915.3887329101562,240.64193725585938,1920,1080,826.5235595703125,200.37672424316406,940.468994140625,217.24327087402344,113.9454345703125,16.866546630859375,8.419953202245459,left,False,"{'safe_roi': (450, 80, 1500, 420), 'cylinder_roi': (800, 190, 1000, 300)}",ok_cylinder_inside_confirmed
2026-09-19 06:50:11,2026-09-19,17575783,28826,5,116.53134155273438,,30.64111328125,0.7132078409194946,811.8864135742188,184.75537109375,1017.5967407226562,296.68682861328125,205.7103271484375,111.93145751953125,23025.456744544208,914.7415771484375,240.72109985351562,1920,1080,825.4664306640625,203.53636169433594,940.6380615234375,221.28598022460938,115.171630859375,17.749618530273438,8.761181374795086,left,False,"{'safe_roi': (450, 80, 1500, 420), 'cylinder_roi': (800, 190, 1000, 300)}",ok_cylinder_inside_confirmed
2026-09-19 06:50:16,2026-09-19,17575851,28826,5,116.96292114257812,,29.84881591796875,0.730808436870575,808.9016723632812,184.5194091796875,1017.1965942382812,296.00372314453125,208.294921875,111.48431396484375,23221.6164675951,913.0491333007812,240.26156616210938,1920,1080,824.6912231445312,205.7528076171875,940.105224609375,224.7247314453125,115.41400146484375,18.971923828125,9.334882068161093,left,False,"{'safe_roi': (450, 80, 1500, 420), 'cylinder_roi': (800, 190, 1000, 300)}",ok_cylinder_inside_confirmed
2026-09-19 06:50:22,2026-09-19,17575923,28826,5,116.26409149169922,,33.12628173828125,0.6894826292991638,812.4393310546875,183.80630493164062,1018.8153076171875,296.14312744140625,206.3759765625,112.33682250976562,23183.621449381113,915.6273193359375,239.97471618652344,1920,1080,824.99560546875,205.11004638671875,940.173095703125,220.96832275390625,115.177490234375,15.8582763671875,7.839510348489938,left,False,"{'safe_roi': (450, 80, 1500, 420), 'cylinder_roi': (800, 190, 1000, 300)}",ok_cylinder_inside_confirmed
2026-09-19 06:50:27,2026-09-19,17575993,28826,5,113.98167419433594,,30.085205078125,0.7366425395011902,813.3824462890625,184.79945373535156,1019.07763671875,297.0749206542969,205.6951904296875,112.27546691894531,23094.523548474535,916.2300415039062,240.93719482421875,1920,1080,825.0510864257812,204.58441162109375,937.5587158203125,222.85610961914062,112.50762939453125,18.271697998046875,9.224531718240659,left,False,"{'safe_roi': (450, 80, 1500, 420), 'cylinder_roi': (800, 190, 1000, 300)}",ok_cylinder_inside_confirmed
2026-09-19 06:50:32,2026-09-19,17576064,28826,5,117.36205291748047,,29.0350341796875,0.7204118371009827,814.3662719726562,183.38999938964844,1019.8460083007812,296.0218200683594,205.479736328125,112.63182067871094,23143.55681521818,917.1061401367188,239.70590209960938,1920,1080,824.5897216796875,203.88729858398438,940.3656616210938,223.1170654296875,115.77593994140625,19.229766845703125,9.430432162973021,left,False,"{'safe_roi': (450, 80, 1500, 420), 'cylinder_roi': (800, 190, 1000, 300)}",ok_cylinder_inside_confirmed
2026-09-19 06:50:37,2026-09-19,17576131,28826,5,113.96028137207031,,29.43450927734375,0.7108966708183289,814.7548828125,184.84730529785156,1020.977783203125,297.8515930175781,206.222900390625,113.00428771972656,23304.0719701387,917.8663330078125,241.34945678710938,1920,1080,824.5764770507812,204.1660614013672,937.241943359375,221.29611206054688,112.66546630859375,17.130050659179688,8.645238067083582,left,False,"{'safe_roi': (450, 80, 1500, 420), 'cylinder_roi': (800, 190, 1000, 300)}",ok_cylinder_inside_confirmed
2026-09-19 06:50:42,2026-09-19,17576198,28826,5,114.41647338867188,,30.34393310546875,0.7217089533805847,814.052734375,183.5216522216797,1017.604736328125,296.271484375,203.552001953125,112.74983215332031,22950.454054687172,915.8287353515625,239.89657592773438,1920,1080,825.0726928710938,205.50836181640625,938.0723876953125,223.458251953125,112.99969482421875,17.94989013671875,9.025964869412775,left,False,"{'safe_roi': (450, 80, 1500, 420), 'cylinder_roi': (800, 190, 1000, 300)}",ok_cylinder_inside_confirmed
2026-09-19 06:50:47,2026-09-19,17576262,28826,5,115.05078887939453,,30.669158935546875,0.7179123759269714,815.4044189453125,184.03173828125,1016.8857421875,296.6241760253906,201.4813232421875,112.59243774414062,22685.27334375307,916.1450805664062,240.3279571533203,1920,1080,826.0839233398438,205.46575927734375,939.658447265625,223.83726501464844,113.57452392578125,18.371505737304688,9.188421292565323,left,False,"{'safe_roi': (450, 80, 1500, 420), 'cylinder_roi': (800, 190, 1000, 300)}",ok_cylinder_inside_confirmed
2026-09-19 06:50:52,2026-09-19,17576332,28826,5,113.8811264038086,,31.880523681640625,0.68766850233078,813.0836791992188,184.73992919921875,1018.1372680664062,295.7247009277344,205.0535888671875,110.98477172851562,22757.825752537698,915.6104736328125,240.23231506347656,1920,1080,826.0408325195312,204.0416717529297,938.5469970703125,221.68463134765625,112.50616455078125,17.642959594726562,8.912408838163392,left,False,"{'safe_roi': (450, 80, 1500, 420), 'cylinder_roi': (800, 190, 1000, 300)}",ok_cylinder_inside_confirmed
2026-09-19 07:00:42,2026-09-19,17584406,28826,6,123.50607299804688,,27.587020874023438,0.7123738527297974,787.7857055664062,183.310302734375,1008.7240600585938,294.6656799316406,220.9383544921875,111.35537719726562,24602.673801820725,898.2548828125,238.9879913330078,1920,1080,821.4916381835938,201.9268798828125,942.27392578125,227.7220001220703,120.78228759765625,25.795120239257812,12.055384136641948,left,False,"{'safe_roi': (450, 80, 1500, 420), 'cylinder_roi': (800, 190, 1000, 300)}",ok_cylinder_inside_confirmed
2026-09-19 07:13:22,2026-09-19,17594765,28826,7,117.00801086425781,,46.31639099121094,0.7742637395858765,798.5626220703125,186.14479064941406,1011.5523681640625,305.9117431640625,212.98974609375,119.76695251464844,25509.132806517184,905.0574951171875,246.02825927734375,1920,1080,815.5714721679688,225.87649536132812,932.5734252929688,227.06686401367188,117.001953125,1.19036865234375,0.5829026350793541,left,False,"{'safe_roi': (450, 80, 1500, 420), 'cylinder_roi': (800, 190, 1000, 300)}",ok_cylinder_inside_confirmed
2026-09-19 07:13:27,2026-09-19,17594832,28826,7,112.68826293945312,,44.28253173828125,0.7700691819190979,802.6353759765625,185.4014892578125,1007.959716796875,300.7826232910156,205.3243408203125,115.38113403320312,23690.555288467556,905.2975463867188,243.09205627441406,1920,1080,820.2887573242188,220.90478515625,932.933349609375,224.0416259765625,112.64459228515625,3.1368408203125,1.595116997826196,left,False,"{'safe_roi': (450, 80, 1500, 420), 'cylinder_roi': (800, 190, 1000, 300)}",ok_cylinder_inside_confirmed
2026-09-19 07:13:43,2026-09-19,17595045,28826,7,108.5087890625,,37.07427978515625,0.7570198178291321,802.2882080078125,186.3966522216797,993.6298828125,297.0521240234375,191.3416748046875,110.65547180175781,21173.00330085121,897.9590454101562,241.72439575195312,1920,1080,820.8003540039062,207.68386840820312,927.8572998046875,225.37477111816406,107.05694580078125,17.690902709960938,9.383194655572122,left,False,"{'safe_roi': (450, 80, 1500, 420), 'cylinder_roi': (800, 190, 1000, 300)}",ok_cylinder_inside_confirmed
2026-09-19 07:13:48,2026-09-19,17595111,28826,7,104.72193145751953,,35.7529296875,0.7515619397163391,802.2362060546875,186.75698852539062,986.3360595703125,294.6866455078125,184.099853515625,107.92965698242188,19869.83404045552,894.2861328125,240.72181701660156,1920,1080,818.830810546875,209.45884704589844,922.1600341796875,226.4810028076172,103.3292236328125,17.02215576171875,9.35472016242815,left,False,"{'safe_roi': (450, 80, 1500, 420), 'cylinder_roi': (800, 190, 1000, 300)}",ok_cylinder_inside_confirmed
2026-09-19 07:13:53,2026-09-19,17595183,28826,7,112.96815490722656,,40.40840148925781,0.7660939693450928,800.76220703125,187.07713317871094,988.9793701171875,294.330078125,188.2171630859375,107.25294494628906,20186.845030402765,894.8707885742188,240.70361328125,1920,1080,817.9837646484375,209.3798828125,929.549560546875,227.12466430664062,111.5657958984375,17.744781494140625,9.037317773696648,left,False,"{'safe_roi': (450, 80, 1500, 420), 'cylinder_roi': (800, 190, 1000, 300)}",ok_cylinder_inside_confirmed
2026-09-19 07:13:59,2026-09-19,17595251,28826,7,111.69725036621094,,36.83808898925781,0.764816403388977,799.7589721679688,186.38638305664062,991.2345581054688,292.42523193359375,191.4755859375,106.03884887695312,20303.850720852613,895.4967651367188,239.4058074951172,1920,1080,817.8529052734375,208.66995239257812,928.6060791015625,223.1616973876953,110.753173828125,14.491744995117188,7.454642397475195,left,False,"{'safe_roi': (450, 80, 1500, 420), 'cylinder_roi': (800, 190, 1000, 300)}",ok_cylinder_inside_confirmed
2026-09-19 07:14:04,2026-09-19,17595321,28826,7,113.90321350097656,,39.87684631347656,0.7751266360282898,800.7583618164062,186.15773010253906,996.8812866210938,292.3431396484375,196.1229248046875,106.18540954589844,20825.393091725186,898.81982421875,239.25042724609375,1920,1080,819.2752075195312,210.20260620117188,932.4642944335938,222.93728637695312,113.1890869140625,12.73468017578125,6.419240559690585,left,False,"{'safe_roi': (450, 80, 1500, 420), 'cylinder_roi': (800, 190, 1000, 300)}",ok_cylinder_inside_confirmed
2026-09-19 07:14:09,2026-09-19,17595391,28826,7,113.29493713378906,,34.86286926269531,0.7691017389297485,799.294677734375,185.74105834960938,997.4169921875,293.359130859375,198.122314453125,107.61807250976562,21321.541602618992,898.3558349609375,239.5500946044922,1920,1080,818.1908569335938,209.50416564941406,930.7386474609375,222.49407958984375,112.54779052734375,12.989913940429688,6.583768537546451,left,False,"{'safe_roi': (450, 80, 1500, 420), 'cylinder_roi': (800, 190, 1000, 300)}",ok_cylinder_inside_confirmed
2026-09-19 07:14:14,2026-09-19,17595459,28826,7,116.31233215332031,,36.51628112792969,0.7705514430999756,797.8880615234375,186.41001892089844,996.21533203125,294.5991516113281,198.3272705078125,108.18913269042969,21456.85538510047,897.0516967773438,240.50457763671875,1920,1080,817.53515625,208.98240661621094,933.16943359375,221.52325439453125,115.63427734375,12.540847778320312,6.18968906365748,left,False,"{'safe_roi': (450, 80, 1500, 420), 'cylinder_roi': (800, 190, 1000, 300)}",ok_cylinder_inside_confirmed
2026-09-19 07:14:19,2026-09-19,17595528,28826,7,113.22856903076172,,37.9381103515625,0.7732382416725159,800.5071411132812,185.95962524414062,1001.1585083007812,295.8668212890625,200.6513671875,109.90719604492188,22053.029150158167,900.8328247070312,240.91322326660156,1920,1080,819.771484375,206.59716796875,932.1429443359375,220.50271606445312,112.3714599609375,13.905548095703125,7.054276695082261,left,False,"{'safe_roi': (450, 80, 1500, 420), 'cylinder_roi': (800, 190, 1000, 300)}",ok_cylinder_inside_confirmed
2026-09-19 07:14:24,2026-09-19,17595598,28826,7,112.53915405273438,,35.16361999511719,0.7700977921485901,799.9937744140625,187.2769775390625,998.5972900390625,297.5012512207031,198.603515625,110.22427368164062,21890.92826038599,899.2955322265625,242.3891143798828,1920,1080,818.2400512695312,208.94439697265625,930.1800537109375,220.54165649414062,111.94000244140625,11.597259521484375,5.914881486015122,left,False,"{'safe_roi': (450, 80, 1500, 420), 'cylinder_roi': (800, 190, 1000, 300)}",ok_cylinder_inside_confirmed
2026-09-19 07:14:29,2026-09-19,17595666,28826,7,113.36673736572266,,36.90806579589844,0.7707979083061218,799.107177734375,186.5276641845703,999.7237548828125,299.7210693359375,200.6165771484375,113.19340515136719,22708.473497243598,899.4154663085938,243.12435913085938,1920,1080,818.391357421875,207.91392517089844,931.0711669921875,220.37496948242188,112.6798095703125,12.461044311523438,6.31058829030836,left,False,"{'safe_roi': (450, 80, 1500, 420), 'cylinder_roi': (800, 190, 1000, 300)}",ok_cylinder_inside_confirmed
2026-09-19 07:14:34,2026-09-19,17595736,28826,7,115.53045654296875,,38.22068786621094,0.7726601958274841,796.40380859375,185.7867889404297,996.8843994140625,295.0447998046875,200.4805908203125,109.25801086425781,21904.11056991853,896.6441040039062,240.41580200195312,1920,1080,817.5601196289062,209.7751922607422,932.739013671875,218.78123474121094,115.17889404296875,9.00604248046875,4.470961912021619,left,False,"{'safe_roi': (450, 80, 1500, 420), 'cylinder_roi': (800, 190, 1000, 300)}",ok_cylinder_inside_confirmed
2026-09-19 07:14:39,2026-09-19,17595805,28826,7,112.54357147216797,,39.253692626953125,0.7735913991928101,797.822265625,187.2305145263672,1000.7305908203125,296.6539306640625,202.9083251953125,109.42341613769531,22202.922105649486,899.2764282226562,241.94223022460938,1920,1080,819.8727416992188,209.04299926757812,931.923828125,219.5601348876953,112.05108642578125,10.517135620117188,5.36208306991083,left,False,"{'safe_roi': (450, 80, 1500, 420), 'cylinder_roi': (800, 190, 1000, 300)}",ok_cylinder_inside_confirmed
2026-09-19 07:14:44,2026-09-19,17595873,28826,7,114.6151123046875,,38.955352783203125,0.7711682915687561,802.5043334960938,185.35816955566406,1000.4840698242188,295.5729675292969,197.979736328125,110.21479797363281,21820.29664227739,901.4942016601562,240.465576171875,1920,1080,819.1768798828125,208.40016174316406,933.2176513671875,219.85995483398438,114.040771484375,11.459793090820312,5.738307159113903,left,False,"{'safe_roi': (450, 80, 1500, 420), 'cylinder_roi': (800, 190, 1000, 300)}",ok_cylinder_inside_confirmed
2026-09-19 07:14:49,2026-09-19,17595940,28826,7,114.16716003417969,,37.67454528808594,0.7737928032875061,802.4931030273438,185.3843536376953,1002.6603393554688,299.0119934082031,200.167236328125,113.62763977050781,22744.530623350292,902.5767211914062,242.19818115234375,1920,1080,820.7034912109375,205.5411376953125,934.089599609375,218.87271118164062,113.3861083984375,13.331573486328125,6.705865049246755,left,False,"{'safe_roi': (450, 80, 1500, 420), 'cylinder_roi': (800, 190, 1000, 300)}",ok_cylinder_inside_confirmed
2026-09-19 07:14:54,2026-09-19,17596012,28826,7,117.85965728759766,,42.40997314453125,0.7608574032783508,805.8662719726562,186.34007263183594,998.3660278320312,295.82275390625,192.499755859375,109.48268127441406,21075.389416154474,902.1161499023438,241.0814208984375,1920,1080,820.4429931640625,204.73239135742188,937.6760864257812,216.86917114257812,117.23309326171875,12.13677978515625,5.9105987246565475,left,False,"{'safe_roi': (450, 80, 1500, 420), 'cylinder_roi': (800, 190, 1000, 300)}",ok_cylinder_inside_confirmed
2026-09-19 07:14:59,2026-09-19,17596082,28826,7,113.3277359008789,,39.86302185058594,0.763702392578125,805.4342041015625,182.26585388183594,999.4412841796875,293.6650085449219,194.007080078125,111.39915466308594,21612.224719356745,902.437744140625,237.96542358398438,1920,1080,819.4947509765625,204.9982452392578,931.71142578125,220.828369140625,112.2166748046875,15.830123901367188,8.029588133758093,left,False,"{'safe_roi': (450, 80, 1500, 420), 'cylinder_roi': (800, 190, 1000, 300)}",ok_cylinder_inside_confirmed
2026-09-19 07:15:04,2026-09-19,17596151,28826,7,118.79422760009766,,32.86247253417969,0.775750994682312,792.84765625,184.8243865966797,1001.17138671875,292.66552734375,208.32373046875,107.84114074707031,22465.86873843521,897.009521484375,238.74496459960938,1920,1080,813.9168701171875,204.1090850830078,931.5286254882812,220.82861328125,117.61175537109375,16.719528198242188,8.090878164806387,left,False,"{'safe_roi': (450, 80, 1500, 420), 'cylinder_roi': (800, 190, 1000, 300)}",ok_cylinder_inside_confirmed
2026-09-19 07:15:09,2026-09-19,17596220,28826,7,115.16909790039062,,29.566482543945312,0.7796759605407715,793.5848999023438,185.08265686035156,997.4076538085938,293.1890563964844,203.82275390625,108.10639953613281,22034.544068343937,895.4962768554688,239.1358642578125,1920,1080,815.2230224609375,205.51121520996094,929.0364379882812,223.13015747070312,113.81341552734375,17.618942260742188,8.79984987579024,left,False,"{'safe_roi': (450, 80, 1500, 420), 'cylinder_roi': (800, 190, 1000, 300)}",ok_cylinder_inside_confirmed
2026-09-19 07:15:14,2026-09-19,17596290,28826,7,118.15721893310547,,34.03167724609375,0.7773951888084412,794.7879028320312,185.3382110595703,999.0756225585938,293.5650634765625,204.2877197265625,108.22685241699219,22109.416893450543,896.9317626953125,239.45162963867188,1920,1080,812.1193237304688,208.05816650390625,929.3171997070312,223.08433532714844,117.1978759765625,15.026168823242188,7.306144365168076,left,False,"{'safe_roi': (450, 80, 1500, 420), 'cylinder_roi': (800, 190, 1000, 300)}",ok_cylinder_inside_confirmed
2026-09-19 07:15:20,2026-09-19,17596359,28826,7,118.36860656738281,,32.7052001953125,0.7774092555046082,793.5062866210938,184.9980926513672,998.1661987304688,291.6294250488281,204.659912109375,106.63133239746094,21823.159116569906,895.8362426757812,238.31375122070312,1920,1080,810.91650390625,207.67666625976562,928.200439453125,223.66433715820312,117.283935546875,15.9876708984375,7.762483558613616,left,False,"{'safe_roi': (450, 80, 1500, 420), 'cylinder_roi': (800, 190, 1000, 300)}",ok_cylinder_inside_confirmed
2026-09-19 07:15:25,2026-09-19,17596428,28826,7,117.34986877441406,,37.21513366699219,0.7766388058662415,791.9806518554688,184.73751831054688,997.7816772460938,292.52276611328125,205.801025390625,107.78524780273438,22182.314519785345,894.8811645507812,238.63014221191406,1920,1080,809.8697509765625,206.0042266845703,925.8936767578125,223.59512329101562,116.02392578125,17.590896606445312,8.621206385805742,left,False,"{'safe_roi': (450, 80, 1500, 420), 'cylinder_roi': (800, 190, 1000, 300)}",ok_cylinder_inside_confirmed
2026-09-19 07:15:30,2026-09-19,17596497,28826,7,117.88491821289062,,36.521484375,0.7733553051948547,790.9453125,183.9818115234375,998.1561279296875,293.77545166015625,207.2108154296875,109.79364013671875,22750.42970172316,894.5507202148438,238.87863159179688,1920,1080,808.4971923828125,206.58139038085938,924.9337768554688,225.0035400390625,116.43658447265625,18.422149658203125,8.990594135770575,left,False,"{'safe_roi': (450, 80, 1500, 420), 'cylinder_roi': (800, 190, 1000, 300)}",ok_cylinder_inside_confirmed
2026-09-19 07:17:47,2026-09-19,17598359,28826,8,107.26657104492188,,37.60505676269531,0.6357370615005493,810.322021484375,182.6107177734375,1016.6202392578125,298.5107116699219,206.2982177734375,115.89999389648438,23909.96218079701,913.4711303710938,240.5607147216797,1920,1080,826.6987915039062,200.9874725341797,932.123046875,220.78253173828125,105.42425537109375,19.795059204101562,10.634361083682231,left,False,"{'safe_roi': (450, 80, 1500, 420), 'cylinder_roi': (800, 190, 1000, 300)}",ok_cylinder_inside_confirmed
2026-09-19 07:17:52,2026-09-19,17598431,28826,8,108.36414337158203,,39.080841064453125,0.7372871041297913,813.3186645507812,184.12924194335938,1012.0654907226562,297.8073425292969,198.746826171875,113.6781005859375,22593.161696702242,912.6920776367188,240.96829223632812,1920,1080,824.5761108398438,201.21763610839844,931.5385131835938,218.59095764160156,106.96240234375,17.373321533203125,9.225675208273362,left,False,"{'safe_roi': (450, 80, 1500, 420), 'cylinder_roi': (800, 190, 1000, 300)}",ok_cylinder_inside_confirmed
2026-09-19 07:17:57,2026-09-19,17598498,28826,8,113.12059783935547,,36.58982849121094,0.7394720315933228,814.125732421875,184.88658142089844,1008.8822021484375,298.8240966796875,194.7564697265625,113.93751525878906,22190.068241218105,911.5039672851562,241.8553466796875,1920,1080,825.8802490234375,200.76564025878906,937.4487915039062,219.43997192382812,111.56854248046875,18.674331665039062,9.502078487466894,left,False,"{'safe_roi': (450, 80, 1500, 420), 'cylinder_roi': (800, 190, 1000, 300)}",ok_cylinder_inside_confirmed
2026-09-19 07:18:02,2026-09-19,17598567,28826,8,112.03497314453125,,39.767669677734375,0.7769489884376526,813.5474853515625,184.7512969970703,1011.97705078125,298.1226501464844,198.4295654296875,113.37135314941406,22496.228337613866,912.7622680664062,241.43698120117188,1920,1080,825.3900146484375,202.30517578125,936.556640625,216.22695922851562,111.1666259765625,13.921783447265625,7.138187590644903,left,False,"{'safe_roi': (450, 80, 1500, 420), 'cylinder_roi': (800, 190, 1000, 300)}",ok_cylinder_inside_confirmed
2026-09-19 07:18:08,2026-09-19,17598637,28826,8,113.35458374023438,,29.782516479492188,0.7548365592956543,814.5394287109375,184.3942413330078,1009.9503173828125,298.9293212890625,195.410888671875,114.53507995605469,22381.401758316904,912.244873046875,241.66177368164062,1920,1080,827.3180541992188,202.22879028320312,939.2523193359375,220.1168212890625,111.93426513671875,17.888031005859375,9.079570347077397,left,False,"{'safe_roi': (450, 80, 1500, 420), 'cylinder_roi': (800, 190, 1000, 300)}",ok_cylinder_inside_confirmed
2026-09-19 07:18:13,2026-09-19,17598709,28826,8,115.74357604980469,,30.621353149414062,0.748203694820404,816.0655517578125,184.38743591308594,1007.85595703125,298.38623046875,191.7904052734375,113.99879455566406,21863.87500851415,911.9607543945312,241.3868408203125,1920,1080,825.6837768554688,201.21511840820312,940.173828125,218.20343017578125,114.49005126953125,16.988311767578125,8.440103526813143,left,False,"{'safe_roi': (450, 80, 1500, 420), 'cylinder_roi': (800, 190, 1000, 300)}",ok_cylinder_inside_confirmed
2026-09-19 07:18:18,2026-09-19,17598777,28826,8,108.1180648803711,,39.38975524902344,0.7729628086090088,815.1336669921875,185.3845672607422,1008.5283203125,299.6856994628906,193.3946533203125,114.30113220214844,22105.227836353704,911.8309936523438,242.53512573242188,1920,1080,826.3818969726562,206.88226318359375,934.0647583007812,216.57333374023438,107.682861328125,9.691070556640625,5.142560317373158,left,False,"{'safe_roi': (450, 80, 1500, 420), 'cylinder_roi': (800, 190, 1000, 300)}",ok_cylinder_inside_confirmed
2026-09-19 07:18:23,2026-09-19,17598845,28826,8,113.63739013671875,,32.131561279296875,0.7590445876121521,817.5047607421875,186.0679473876953,1013.0391845703125,298.001953125,195.534423828125,111.93400573730469,21886.95131861791,915.27197265625,242.03494262695312,1920,1080,825.8770141601562,204.92404174804688,938.727294921875,218.27586364746094,112.85028076171875,13.351821899414062,6.747552050763256,left,False,"{'safe_roi': (450, 80, 1500, 420), 'cylinder_roi': (800, 190, 1000, 300)}",ok_cylinder_inside_confirmed
2026-09-19 07:18:28,2026-09-19,17598912,28826,8,114.1044692993164,,34.63114929199219,0.7408852577209473,815.8256225585938,185.29702758789062,1011.0405883789062,298.81646728515625,195.2149658203125,113.51943969726562,22160.693540442735,913.43310546875,242.05674743652344,1920,1080,824.546875,202.90335083007812,937.8048706054688,216.77618408203125,113.25799560546875,13.872833251953125,6.9833038780762635,left,False,"{'safe_roi': (450, 80, 1500, 420), 'cylinder_roi': (800, 190, 1000, 300)}",ok_cylinder_inside_confirmed
2026-09-19 07:18:33,2026-09-19,17598981,28826,8,114.85224914550781,,36.80470275878906,0.7549567818641663,814.4579467773438,186.3256378173828,1009.7351684570312,298.63720703125,195.2772216796875,112.31156921386719,21931.89119856991,912.0965576171875,242.48141479492188,1920,1080,824.1365966796875,204.72129821777344,938.1897583007812,218.24594116210938,114.05316162109375,13.524642944335938,6.762663446553342,left,False,"{'safe_roi': (450, 80, 1500, 420), 'cylinder_roi': (800, 190, 1000, 300)}",ok_cylinder_inside_confirmed
2026-09-19 07:18:38,2026-09-19,17599050,28826,8,113.30565643310547,,39.6241455078125,0.7721681594848633,815.8349609375,183.92897033691406,1007.3941650390625,297.16119384765625,191.5592041015625,113.23222351074219,21690.674614368007,911.6145629882812,240.54507446289062,1920,1080,822.9564819335938,205.3984375,935.5878295898438,217.74151611328125,112.63134765625,12.34307861328125,6.253991136468232,left,False,"{'safe_roi': (450, 80, 1500, 420), 'cylinder_roi': (800, 190, 1000, 300)}",ok_cylinder_inside_confirmed
2026-09-19 07:18:43,2026-09-19,17599120,28826,8,110.42658233642578,,36.58100891113281,0.7096697688102722,812.6372680664062,188.1814727783203,1011.8429565429688,298.12799072265625,199.2056884765625,109.94651794433594,21901.971802702174,912.2401123046875,243.15472412109375,1920,1080,825.340576171875,201.36282348632812,934.5748901367188,217.54598999023438,109.23431396484375,16.18316650390625,8.427125654994821,left,False,"{'safe_roi': (450, 80, 1500, 420), 'cylinder_roi': (800, 190, 1000, 300)}",ok_cylinder_inside_confirmed
2026-09-19 07:18:48,2026-09-19,17599186,28826,8,112.8401870727539,,40.08201599121094,0.7506352663040161,813.8386840820312,184.08909606933594,1008.2485961914062,296.42041015625,194.409912109375,112.33131408691406,21838.32089876756,911.0436401367188,240.2547607421875,1920,1080,824.824462890625,203.02838134765625,936.9749755859375,215.485107421875,112.1505126953125,12.45672607421875,6.337950067677857,left,False,"{'safe_roi': (450, 80, 1500, 420), 'cylinder_roi': (800, 190, 1000, 300)}",ok_cylinder_inside_confirmed
2026-09-19 07:18:53,2026-09-19,17599254,28826,8,112.23506164550781,,38.114288330078125,0.7438029050827026,817.521484375,184.62840270996094,1009.2205810546875,294.5816650390625,191.6990966796875,109.95326232910156,21077.941065473482,913.3710327148438,239.60504150390625,1920,1080,824.5303955078125,201.2117919921875,935.682373046875,216.76644897460938,111.1519775390625,15.554656982421875,7.966263601539235,left,False,"{'safe_roi': (450, 80, 1500, 420), 'cylinder_roi': (800, 190, 1000, 300)}",ok_cylinder_inside_confirmed
2026-09-19 07:18:58,2026-09-19,17599327,28826,8,112.18742370605469,,41.45436096191406,0.7753730416297913,815.1465454101562,186.24591064453125,1011.4810180664062,297.676025390625,196.33447265625,111.43011474609375,21877.572816699743,913.3137817382812,241.96096801757812,1920,1080,823.7867431640625,205.83486938476562,935.5308837890625,215.798095703125,111.744140625,9.963226318359375,5.095079644532547,left,False,"{'safe_roi': (450, 80, 1500, 420), 'cylinder_roi': (800, 190, 1000, 300)}",ok_cylinder_inside_confirmed
2026-09-19 07:19:03,2026-09-19,17599398,28826,8,109.84326934814453,,39.29156494140625,0.784140944480896,815.4100341796875,185.25015258789062,1011.6666259765625,296.872802734375,196.256591796875,111.62265014648438,21906.680885083973,913.538330078125,241.0614776611328,1920,1080,825.1202392578125,205.13421630859375,934.2861938476562,217.3135986328125,109.16595458984375,12.17938232421875,6.366025736287343,left,False,"{'safe_roi': (450, 80, 1500, 420), 'cylinder_roi': (800, 190, 1000, 300)}",ok_cylinder_inside_confirmed
2026-09-19 07:19:08,2026-09-19,17599465,28826,8,111.4583740234375,,41.09126281738281,0.7733585238456726,816.5340576171875,185.1194610595703,1010.3760986328125,296.31201171875,193.842041015625,111.19255065917969,21553.79096550867,913.455078125,240.71572875976562,1920,1080,824.7098388671875,203.77743530273438,935.5223388671875,215.75906372070312,110.8125,11.98162841796875,6.1711454718619745,left,False,"{'safe_roi': (450, 80, 1500, 420), 'cylinder_roi': (800, 190, 1000, 300)}",ok_cylinder_inside_confirmed
2026-09-19 07:19:13,2026-09-19,17599533,28826,8,112.11571502685547,,38.954376220703125,0.746666669845581,812.4364013671875,186.087158203125,1011.399658203125,296.1338195800781,198.9632568359375,110.04666137695312,21895.242151480168,911.9180297851562,241.11048889160156,1920,1080,824.818359375,204.48464965820312,936.249267578125,216.857421875,111.430908203125,12.372772216796875,6.33590503505784,left,False,"{'safe_roi': (450, 80, 1500, 420), 'cylinder_roi': (800, 190, 1000, 300)}",ok_cylinder_inside_confirmed
2026-09-19 07:19:18,2026-09-19,17599599,28826,8,106.70156860351562,,36.820831298828125,0.7761624455451965,814.39599609375,185.45303344726562,1010.05224609375,296.5404052734375,195.65625,111.08737182617188,21734.93859386444,912.22412109375,240.99671936035156,1920,1080,828.8088989257812,207.44554138183594,934.88525390625,218.97946166992188,106.07635498046875,11.533920288085938,6.205520063497681,left,False,"{'safe_roi': (450, 80, 1500, 420), 'cylinder_roi': (800, 190, 1000, 300)}",ok_cylinder_inside_confirmed
2026-09-19 07:19:23,2026-09-19,17599669,28826,8,112.21792602539062,,39.946685791015625,0.7715533375740051,814.6919555664062,185.13165283203125,1007.6415405273438,296.22161865234375,192.9495849609375,111.0899658203125,21434.76279835403,911.166748046875,240.6766357421875,1920,1080,825.1728515625,203.86453247070312,936.7072143554688,216.2318115234375,111.53436279296875,12.367279052734375,6.327288265179819,left,False,"{'safe_roi': (450, 80, 1500, 420), 'cylinder_roi': (800, 190, 1000, 300)}",ok_cylinder_inside_confirmed
2026-09-19 07:31:14,2026-09-19,17610239,28890,9,116.36017608642578,,31.564346313476562,0.7321004867553711,826.9624633789062,189.27346801757812,953.4188842773438,284.0827331542969,126.4564208984375,94.80926513671875,11989.240337200463,890.190673828125,236.6781005859375,1920,1080,827.5302734375,198.59646606445312,942.2289428710938,218.18997192382812,114.69866943359375,19.593505859375,9.694031639854362,left,False,"{'safe_roi': (450, 80, 1500, 420), 'cylinder_roi': (800, 190, 1000, 300)}",ok_cylinder_inside_confirmed
2026-09-19 07:31:32,2026-09-19,17610485,28890,9,105.63037109375,,17.547943115234375,0.7181301712989807,805.95166015625,187.3690643310547,973.8795166015625,293.940185546875,167.9278564453125,106.57112121582031,17896.25994474627,889.9155883789062,240.65463256835938,1920,1080,820.710693359375,198.23568725585938,924.363525390625,218.57937622070312,103.65283203125,20.34368896484375,11.104158000874467,left,False,"{'safe_roi': (450, 80, 1500, 420), 'cylinder_roi': (800, 190, 1000, 300)}",ok_cylinder_inside_confirmed
2026-09-19 07:31:37,2026-09-19,17610555,28890,9,89.25234985351562,,34.546112060546875,0.789676308631897,804.3959350585938,188.58738708496094,964.2451782226562,293.0585021972656,159.8492431640625,104.47111511230469,16699.628683207557,884.320556640625,240.82293701171875,1920,1080,824.930419921875,208.1038818359375,913.1546630859375,221.61183166503906,88.2242431640625,13.507949829101562,8.704913789574746,left,False,"{'safe_roi': (450, 80, 1500, 420), 'cylinder_roi': (800, 190, 1000, 300)}",ok_cylinder_inside_confirmed
2026-09-19 07:31:43,2026-09-19,17610625,28890,9,90.31018829345703,,34.537384033203125,0.7655810713768005,806.509765625,188.73609924316406,970.54638671875,292.87286376953125,164.03662109375,104.13676452636719,17082.24298454076,888.528076171875,240.80447387695312,1920,1080,826.6094970703125,207.61514282226562,915.8819580078125,221.2664337158203,89.2724609375,13.651290893554688,8.694158093876927,left,False,"{'safe_roi': (450, 80, 1500, 420), 'cylinder_roi': (800, 190, 1000, 300)}",ok_cylinder_inside_confirmed
2026-09-19 07:31:48,2026-09-19,17610690,28890,9,91.30264282226562,,35.979034423828125,0.7786534428596497,806.2384643554688,188.6265869140625,972.7572631835938,293.6269836425781,166.518798828125,105.00039672851562,17484.539939709008,889.4978637695312,241.1267852783203,1920,1080,826.4356079101562,205.8738555908203,916.4974975585938,220.8748016357422,90.0618896484375,15.000946044921875,9.456522874055123,left,False,"{'safe_roi': (450, 80, 1500, 420), 'cylinder_roi': (800, 190, 1000, 300)}",ok_cylinder_inside_confirmed
2026-09-19 07:31:53,2026-09-19,17610763,28890,9,93.58092498779297,,35.21595764160156,0.7832794189453125,802.9241333007812,188.594482421875,966.7692260742188,293.605224609375,163.8450927734375,105.0107421875,17205.494795918465,884.8466796875,241.099853515625,1920,1080,822.9797973632812,207.8097381591797,915.7725830078125,219.92947387695312,92.79278564453125,12.119735717773438,7.441321511911261,left,False,"{'safe_roi': (450, 80, 1500, 420), 'cylinder_roi': (800, 190, 1000, 300)}",ok_cylinder_inside_confirmed
2026-09-19 07:31:58,2026-09-19,17610833,28890,9,91.73308563232422,,34.401092529296875,0.7837954163551331,803.8214111328125,189.1234893798828,971.55322265625,293.1588439941406,167.7318115234375,104.03535461425781,17450.038491932675,887.6873168945312,241.14117431640625,1920,1080,826.396240234375,208.86306762695312,917.24755859375,221.55152893066406,90.851318359375,12.688461303710938,7.950606215348302,left,False,"{'safe_roi': (450, 80, 1500, 420), 'cylinder_roi': (800, 190, 1000, 300)}",ok_cylinder_inside_confirmed
2026-09-19 07:32:03,2026-09-19,17610902,28890,9,100.95164489746094,,30.175689697265625,0.7500326633453369,797.499755859375,187.53964233398438,960.858642578125,290.7857971191406,163.35888671875,103.24615478515625,16866.176903694868,879.17919921875,239.1627197265625,1920,1080,817.0916748046875,202.38616943359375,916.0001220703125,222.59393310546875,98.908447265625,20.207763671875,11.547058410046075,left,False,"{'safe_roi': (450, 80, 1500, 420), 'cylinder_roi': (800, 190, 1000, 300)}",ok_cylinder_inside_confirmed
2026-09-19 07:32:08,2026-09-19,17610970,28890,9,109.30973052978516,,25.057205200195312,0.6614916920661926,793.6819458007812,191.73887634277344,961.6832885742188,290.9063415527344,168.0013427734375,99.16746520996094,16660.267314711586,877.6826171875,241.32260131835938,1920,1080,808.4827880859375,201.90728759765625,914.26416015625,229.4557647705078,105.7813720703125,27.548477172851562,14.597206972545402,left,False,"{'safe_roi': (450, 80, 1500, 420), 'cylinder_roi': (800, 190, 1000, 300)}",ok_cylinder_inside_confirmed
2026-09-19 07:32:13,2026-09-19,17611040,28890,9,106.85440063476562,,30.28057861328125,0.567275881767273,792.7808837890625,195.195068359375,950.3878173828125,288.53216552734375,157.60693359375,93.33709716796875,14710.573675185442,871.5843505859375,241.86361694335938,1920,1080,806.059814453125,203.25851440429688,909.72021484375,229.18887329101562,103.660400390625,25.93035888671875,14.044181006278007,left,False,"{'safe_roi': (450, 80, 1500, 420), 'cylinder_roi': (800, 190, 1000, 300)}",ok_cylinder_inside_confirmed
2026-09-19 07:32:18,2026-09-19,17611108,28890,9,109.59918975830078,,29.913711547851562,0.6905450224876404,794.3800048828125,191.6220703125,954.233154296875,287.01739501953125,159.8531494140625,95.39532470703125,15249.243093796074,874.3065795898438,239.31973266601562,1920,1080,803.8075561523438,204.61587524414062,910.4832763671875,229.7609100341797,106.67572021484375,25.145034790039062,13.263350926678406,left,False,"{'safe_roi': (450, 80, 1500, 420), 'cylinder_roi': (800, 190, 1000, 300)}",ok_cylinder_inside_confirmed
2026-09-19 07:32:23,2026-09-19,17611178,28890,9,111.91053009033203,,29.90008544921875,0.4055385887622833,791.6550903320312,190.77725219726562,954.4199829101562,286.38153076171875,162.764892578125,95.60427856445312,15561.020130552351,873.0375366210938,238.5793914794922,1920,1080,803.0243530273438,203.55136108398438,911.6077880859375,230.63650512695312,108.58343505859375,27.08514404296875,14.006086947646402,left,False,"{'safe_roi': (450, 80, 1500, 420), 'cylinder_roi': (800, 190, 1000, 300)}",ok_cylinder_inside_confirmed
2026-09-19 07:42:25,2026-09-19,17619494,28895,10,112.40467834472656,,30.214401245117188,0.6643210649490356,821.52392578125,187.3094024658203,1000.291259765625,301.14630126953125,178.767333984375,113.83689880371094,20350.318908188492,910.9075927734375,244.22784423828125,1920,1080,824.8781127929688,193.2445068359375,934.6993408203125,217.205078125,109.82122802734375,23.9605712890625,12.307804701714238,left,False,"{'safe_roi': (450, 80, 1500, 420), 'cylinder_roi': (800, 190, 1000, 300)}",ok_cylinder_inside_confirmed
2026-09-19 08:25:05,2026-09-19,17662222,28912,11,113.58715057373047,,29.691085815429688,0.5498268604278564,811.332275390625,187.15443420410156,947.2637939453125,295.7030029296875,135.9315185546875,108.54856872558594,14755.171783806756,879.2980346679688,241.4287109375,1920,1080,827.0743408203125,194.79588317871094,939.0679931640625,213.75538635253906,111.99365234375,18.959503173828125,9.608551935042616,left,False,"{'safe_roi': (450, 80, 1500, 420), 'cylinder_roi': (800, 190, 1000, 300)}",ok_cylinder_inside_confirmed
2026-09-19 08:29:13,2026-09-19,17666241,28915,12,121.94499206542969,,33.969757080078125,0.7549526691436768,813.4486083984375,189.82032775878906,951.525390625,292.9957580566406,138.0767822265625,103.17543029785156,14246.131420368329,882.4869995117188,241.40805053710938,1920,1080,821.3610229492188,196.73663330078125,941.58544921875,217.14910888671875,120.22442626953125,20.4124755859375,9.636151688921519,left,False,"{'safe_roi': (450, 80, 1500, 420), 'cylinder_roi': (800, 190, 1000, 300)}",ok_cylinder_inside_confirmed
2026-09-19 08:29:20,2026-09-19,17666359,28915,12,125.71888732910156,,37.60662841796875,0.7638851404190063,815.4243774414062,189.51821899414062,954.0110473632812,293.86138916015625,138.586669921875,104.34317016601562,14460.572482399642,884.7177124023438,241.68980407714844,1920,1080,820.376708984375,197.45425415039062,944.2818603515625,218.73223876953125,123.9051513671875,21.277984619140625,9.744244283462667,left,False,"{'safe_roi': (450, 80, 1500, 420), 'cylinder_roi': (800, 190, 1000, 300)}",ok_cylinder_inside_confirmed
2026-09-19 08:29:25,2026-09-19,17666443,28915,12,123.82207489013672,,37.70977783203125,0.76167893409729,813.4697875976562,190.19020080566406,947.6155395507812,292.96539306640625,134.145751953125,102.77519226074219,13786.855447944254,880.5426635742188,241.57778930664062,1920,1080,818.5849609375,203.8522491455078,941.56884765625,218.23519897460938,122.98388671875,14.382949829101562,6.670433108469241,left,False,"{'safe_roi': (450, 80, 1500, 420), 'cylinder_roi': (800, 190, 1000, 300)}",ok_cylinder_inside_confirmed
2026-09-19 08:30:24,2026-09-19,17667394,28915,13,117.30918884277344,,32.34648132324219,0.7452224493026733,811.4376220703125,188.92068481445312,946.508544921875,292.1246643066406,135.0709228515625,103.2039794921875,13939.856751963496,878.9730834960938,240.52267456054688,1920,1080,819.8773803710938,199.72897338867188,935.6156005859375,218.8629913330078,115.73822021484375,19.134017944335938,9.387317407298497,left,False,"{'safe_roi': (450, 80, 1500, 420), 'cylinder_roi': (800, 190, 1000, 300)}",ok_cylinder_inside_confirmed
2026-09-19 08:30:35,2026-09-19,17667572,28915,13,118.83426666259766,,32.97471618652344,0.7179535031318665,807.0968017578125,189.54116821289062,943.0784912109375,292.7776794433594,135.981689453125,103.23651123046875,14038.275210365653,875.087646484375,241.159423828125,1920,1080,819.4718017578125,199.45858764648438,936.326416015625,221.05911254882812,116.8546142578125,21.60052490234375,10.472883999247992,left,False,"{'safe_roi': (450, 80, 1500, 420), 'cylinder_roi': (800, 190, 1000, 300)}",ok_cylinder_inside_confirmed
2026-09-19 08:44:58,2026-09-19,17682852,28924,14,64.96199035644531,,33.08500671386719,0.5807793736457825,779.3519287109375,183.56744384765625,899.679931640625,281.0110778808594,120.3280029296875,97.44363403320312,11725.197881426662,839.5159301757812,232.2892608642578,1920,1080,802.0957641601562,197.6423797607422,865.6378784179688,211.15016174316406,63.5421142578125,13.507781982421875,12.00128428560725,left,False,"{'safe_roi': (450, 80, 1500, 420), 'cylinder_roi': (800, 190, 1000, 300)}",ok_cylinder_inside_confirmed
2026-09-19 08:48:28,2026-09-19,17686202,28926,15,115.86004638671875,,30.098861694335938,0.6012628078460693,809.271484375,182.66526794433594,944.3162841796875,290.10455322265625,135.0447998046875,107.43928527832031,14509.116771569476,876.7938842773438,236.38491821289062,1920,1080,821.8656616210938,194.63522338867188,936.6971435546875,210.03915405273438,114.83148193359375,15.4039306640625,7.640263385568291,left,False,"{'safe_roi': (450, 80, 1500, 420), 'cylinder_roi': (800, 190, 1000, 300)}",ok_cylinder_inside_confirmed
2026-09-19 08:48:33,2026-09-19,17686282,28926,15,114.58367156982422,,28.969985961914062,0.7126885652542114,802.2332153320312,183.15277099609375,935.0247192382812,289.1202697753906,132.79150390625,105.96749877929688,14071.583528086543,868.6289672851562,236.1365203857422,1920,1080,820.4862670898438,197.24429321289062,933.781494140625,214.3793487548828,113.29522705078125,17.135055541992188,8.600377435551641,left,False,"{'safe_roi': (450, 80, 1500, 420), 'cylinder_roi': (800, 190, 1000, 300)}",ok_cylinder_inside_confirmed
2026-09-19 08:48:39,2026-09-19,17686363,28926,15,114.06624603271484,,29.74462890625,0.7354171872138977,802.9921264648438,183.7205047607422,940.6165161132812,290.1994323730469,137.6243896484375,106.47892761230469,14654.097423063591,871.8043212890625,236.9599609375,1920,1080,819.2747192382812,198.83865356445312,932.1611328125,215.20223999023438,112.88641357421875,16.36358642578125,8.247929774030217,left,False,"{'safe_roi': (450, 80, 1500, 420), 'cylinder_roi': (800, 190, 1000, 300)}",ok_cylinder_inside_confirmed
2026-09-19 08:48:44,2026-09-19,17686443,28926,15,112.27708435058594,,32.299224853515625,0.7501693964004517,807.6791381835938,183.9349365234375,943.1118774414062,291.8682556152344,135.4327392578125,107.93331909179688,14617.705061789602,875.3955078125,237.90159606933594,1920,1080,819.6566162109375,200.00045776367188,930.8271484375,215.724853515625,111.1705322265625,15.724395751953125,8.050734372817157,left,False,"{'safe_roi': (450, 80, 1500, 420), 'cylinder_roi': (800, 190, 1000, 300)}",ok_cylinder_inside_confirmed
2026-09-19 08:48:49,2026-09-19,17686522,28926,15,114.2073974609375,,33.14372253417969,0.7341139316558838,805.2353515625,184.36814880371094,943.114013671875,291.14874267578125,137.878662109375,106.78059387207031,14722.765422325581,874.1746826171875,237.75845336914062,1920,1080,818.6019287109375,198.9952392578125,931.8499755859375,213.76715087890625,113.248046875,14.77191162109375,7.431620512406952,left,False,"{'safe_roi': (450, 80, 1500, 420), 'cylinder_roi': (800, 190, 1000, 300)}",ok_cylinder_inside_confirmed
2026-09-19 08:48:54,2026-09-19,17686603,28926,15,114.9095230102539,,31.580841064453125,0.7049684524536133,799.4951171875,181.4183349609375,942.3958740234375,289.93084716796875,142.9007568359375,108.51251220703125,15506.520120553672,870.9454956054688,235.67459106445312,1920,1080,819.0018310546875,196.5106658935547,932.9044189453125,211.68954467773438,113.902587890625,15.178878784179688,7.590623726207696,left,False,"{'safe_roi': (450, 80, 1500, 420), 'cylinder_roi': (800, 190, 1000, 300)}",ok_cylinder_inside_confirmed
2026-09-19 08:48:59,2026-09-19,17686682,28926,15,115.888671875,,32.46244812011719,0.7070066332817078,799.1770629882812,181.4055633544922,937.5025024414062,288.0208740234375,138.325439453125,106.61531066894531,14747.609700713307,868.3397827148438,234.71322631835938,1920,1080,819.3372192382812,197.34580993652344,934.17236328125,212.93661499023438,114.83514404296875,15.590805053710938,7.731593865489632,left,False,"{'safe_roi': (450, 80, 1500, 420), 'cylinder_roi': (800, 190, 1000, 300)}",ok_cylinder_inside_confirmed
2026-09-19 08:49:46,2026-09-19,17687434,28926,16,105.97247314453125,,33.720855712890625,0.7303499579429626,792.618896484375,184.31631469726562,934.93115234375,291.6806640625,142.312255859375,107.36434936523438,15279.26275704056,863.7750244140625,237.9984893798828,1920,1080,818.7542114257812,197.41195678710938,923.256591796875,215.00221252441406,104.50238037109375,17.590255737304688,9.55468750551008,left,False,"{'safe_roi': (450, 80, 1500, 420), 'cylinder_roi': (800, 190, 1000, 300)}",ok_cylinder_inside_confirmed
2026-09-19 09:26:17,2026-09-19,17723991,28948,17,115.78755950927734,,25.944961547851562,0.6982231736183167,817.439453125,190.57266235351562,949.071533203125,290.79833984375,131.632080078125,100.22567749023438,13192.914405278862,883.2554931640625,240.6855010986328,1920,1080,823.7687377929688,198.37168884277344,937.861328125,218.11099243164062,114.09259033203125,19.739303588867188,9.8156481828004,left,False,"{'safe_roi': (450, 80, 1500, 420), 'cylinder_roi': (800, 190, 1000, 300)}",ok_cylinder_inside_confirmed
2026-09-19 09:27:41,2026-09-19,17725314,28948,18,109.80998992919922,,29.947463989257812,0.6391353607177734,814.9991455078125,189.39254760742188,945.05712890625,287.1182861328125,130.0579833984375,97.72573852539062,12710.012478735298,880.0281372070312,238.2554168701172,1920,1080,824.1870727539062,194.2838134765625,930.9515380859375,219.96615600585938,106.76446533203125,25.682342529296875,13.525602260296438,left,False,"{'safe_roi': (450, 80, 1500, 420), 'cylinder_roi': (800, 190, 1000, 300)}",ok_cylinder_inside_confirmed
2026-09-19 09:35:32,2026-09-19,17733242,28965,19,113.65042114257812,,29.555816650390625,0.7266295552253723,785.5778198242188,188.1982879638672,924.8179321289062,287.98822021484375,139.2401123046875,99.78993225097656,13894.761373503134,855.1978759765625,238.09326171875,1920,1080,810.5028076171875,197.8802032470703,921.3515625,222.9595184326172,110.8487548828125,25.079315185546875,12.748427884201323,left,False,"{'safe_roi': (450, 80, 1500, 420), 'cylinder_roi': (800, 190, 1000, 300)}",ok_cylinder_inside_confirmed
2026-09-19 09:35:40,2026-09-19,17733374,28965,19,107.09061431884766,,29.457626342773438,0.7361012101173401,785.3185424804688,186.6466522216797,916.6838989257812,288.3726806640625,131.3653564453125,101.72602844238281,13363.275986099616,851.001220703125,237.50967407226562,1920,1080,811.0862426757812,196.6920166015625,915.1953735351562,221.78561401367188,104.109130859375,25.093597412109375,13.551611059753224,left,False,"{'safe_roi': (450, 80, 1500, 420), 'cylinder_roi': (800, 190, 1000, 300)}",ok_cylinder_inside_confirmed
2026-09-19 09:35:45,2026-09-19,17733454,28965,19,106.98019409179688,,27.2760009765625,0.7592683434486389,787.72900390625,189.49441528320312,913.89501953125,283.04229736328125,126.166015625,93.54788208007812,11802.563552200794,850.81201171875,236.2683563232422,1920,1080,805.866455078125,197.9715576171875,910.3298950195312,221.03997802734375,104.46343994140625,23.06842041015625,12.452644635074263,left,False,"{'safe_roi': (450, 80, 1500, 420), 'cylinder_roi': (800, 190, 1000, 300)}",ok_cylinder_inside_confirmed
2026-09-19 09:35:50,2026-09-19,17733535,28965,19,106.47483825683594,,23.246444702148438,0.7556565403938293,786.7295532226562,186.5758056640625,921.1964721679688,285.6016845703125,134.4669189453125,99.02587890625,13315.70483237505,853.9630126953125,236.0887451171875,1920,1080,803.9174194335938,198.45094299316406,908.0560302734375,220.6329345703125,104.13861083984375,22.181991577148438,12.024552702555873,left,False,"{'safe_roi': (450, 80, 1500, 420), 'cylinder_roi': (800, 190, 1000, 300)}",ok_cylinder_inside_confirmed
2026-09-19 14:08:33,2026-09-19,18012669,29235,20,110.71117401123047,,21.726959228515625,0.7956968545913696,857.1642456054688,196.62757873535156,1024.805419921875,315.98687744140625,167.64117431640625,119.35929870605469,20009.533000665717,940.98486328125,256.3072204589844,1920,1080,854.8323364257812,207.16421508789062,962.843505859375,231.46548461914062,108.01116943359375,24.30126953125,12.679755599772614,left,False,"{'safe_roi': (450, 80, 1500, 420), 'cylinder_roi': (800, 190, 1000, 300)}",ok_cylinder_inside_confirmed
2026-09-19 14:08:47,2026-09-19,18012882,29235,20,97.28376007080078,,34.41523742675781,0.8062642812728882,860.9181518554688,196.19412231445312,1030.4644775390625,314.54669189453125,169.54632568359375,118.35256958007812,20066.243307514116,945.6912841796875,255.3704071044922,1920,1080,865.548828125,210.74986267089844,960.904296875,230.02328491210938,95.35546875,19.273422241210938,11.426780923259775,left,False,"{'safe_roi': (450, 80, 1500, 420), 'cylinder_roi': (800, 190, 1000, 300)}",ok_cylinder_inside_confirmed
2026-09-19 14:08:52,2026-09-19,18012967,29235,20,106.96479797363281,,21.6883544921875,0.7612694501876831,859.312255859375,197.6070098876953,1028.3175048828125,316.9136047363281,169.0052490234375,119.30659484863281,20163.440772531554,943.8148803710938,257.26031494140625,1920,1080,859.0003662109375,205.61627197265625,961.67529296875,235.60507202148438,102.6749267578125,29.988800048828125,16.281774591652578,left,False,"{'safe_roi': (450, 80, 1500, 420), 'cylinder_roi': (800, 190, 1000, 300)}",ok_cylinder_inside_confirmed
2026-09-19 14:08:57,2026-09-19,18013047,29235,20,93.04084014892578,,32.87178039550781,0.8048598766326904,860.4791870117188,197.09149169921875,1031.5260009765625,315.0950927734375,171.04681396484375,118.00360107421875,20184.14000012353,946.0025634765625,256.0932922363281,1920,1080,869.247802734375,212.4601593017578,960.762939453125,229.24044799804688,91.51513671875,16.780288696289062,10.390380366894691,left,False,"{'safe_roi': (450, 80, 1500, 420), 'cylinder_roi': (800, 190, 1000, 300)}",ok_cylinder_inside_confirmed
2026-09-19 14:09:55,2026-09-19,18013959,29235,21,97.63092041015625,,27.159469604492188,0.6646518111228943,833.2423095703125,188.54698181152344,1007.34326171875,297.63580322265625,174.1009521484375,109.08882141113281,18992.467676429078,920.2927856445312,243.09140014648438,1920,1080,845.1975708007812,214.13937377929688,942.3621215820312,223.67076110839844,97.16455078125,9.531387329101562,5.602523039020745,left,False,"{'safe_roi': (450, 80, 1500, 420), 'cylinder_roi': (800, 190, 1000, 300)}",ok_cylinder_inside_confirmed
2026-09-19 14:10:02,2026-09-19,18014076,29235,21,109.43790435791016,,30.213699340820312,0.6430598497390747,833.8657836914062,188.0878448486328,1010.2523803710938,299.32415771484375,176.3865966796875,111.23631286621094,19620.594653667882,922.05908203125,243.70599365234375,1920,1080,835.8223266601562,214.25367736816406,944.33544921875,228.4507598876953,108.51312255859375,14.19708251953125,7.453833610973109,left,False,"{'safe_roi': (450, 80, 1500, 420), 'cylinder_roi': (800, 190, 1000, 300)}",ok_cylinder_inside_confirmed
2026-09-19 14:10:07,2026-09-19,18014155,29235,21,109.90376281738281,,28.436798095703125,0.564935028553009,832.6305541992188,189.9570770263672,1012.2135620117188,298.6627502441406,179.5830078125,108.70567321777344,19521.69176273048,922.4220581054688,244.30990600585938,1920,1080,836.200439453125,213.50352478027344,945.037109375,228.781494140625,108.836669921875,15.277969360351562,7.990693462006364,left,False,"{'safe_roi': (450, 80, 1500, 420), 'cylinder_roi': (800, 190, 1000, 300)}",ok_cylinder_inside_confirmed
2026-09-19 14:15:48,2026-09-19,18019514,29235,22,112.1662826538086,,35.292205810546875,0.7779766321182251,796.1590576171875,183.62628173828125,990.5504150390625,292.84600830078125,194.391357421875,109.2197265625,21231.370903730392,893.354736328125,238.23614501953125,1920,1080,811.748046875,201.8397674560547,923.7938232421875,207.03782653808594,112.0457763671875,5.19805908203125,2.656177384679447,left,False,"{'safe_roi': (450, 80, 1500, 420), 'cylinder_roi': (800, 190, 1000, 300)}",ok_cylinder_inside_confirmed
2026-09-19 14:15:53,2026-09-19,18019593,29235,22,112.37289428710938,,36.77085876464844,0.780146062374115,795.14306640625,184.33023071289062,987.787841796875,294.4854431152344,192.644775390625,110.15521240234375,21220.8261513561,891.4654541015625,239.4078369140625,1920,1080,812.3714599609375,197.75657653808594,924.2362060546875,208.43113708496094,111.86474609375,10.674560546875,5.450877008620849,left,False,"{'safe_roi': (450, 80, 1500, 420), 'cylinder_roi': (800, 190, 1000, 300)}",ok_cylinder_inside_confirmed
2026-09-19 14:16:03,2026-09-19,18019747,29235,22,105.76155090332031,,24.651718139648438,0.7088925242424011,791.7061157226562,181.5384063720703,982.8417358398438,293.80731201171875,191.1356201171875,112.26890563964844,21458.586899312213,887.27392578125,237.6728515625,1920,1080,807.4837646484375,193.20974731445312,912.4711303710938,205.98309326171875,104.98736572265625,12.773345947265625,6.936829302014377,left,False,"{'safe_roi': (450, 80, 1500, 420), 'cylinder_roi': (800, 190, 1000, 300)}",ok_cylinder_inside_confirmed
2026-09-19 14:16:08,2026-09-19,18019828,29235,22,112.76353454589844,,16.646224975585938,0.6706073880195618,790.0360717773438,184.69635009765625,967.7849731445312,291.0494384765625,177.7489013671875,106.35308837890625,18904.144616357982,878.9105224609375,237.87289428710938,1920,1080,804.3922119140625,196.5655517578125,914.0172729492188,222.9844970703125,109.62506103515625,26.4189453125,13.549553250243221,left,False,"{'safe_roi': (450, 80, 1500, 420), 'cylinder_roi': (800, 190, 1000, 300)}",ok_cylinder_inside_confirmed
2026-09-19 14:24:03,2026-09-19,18027302,29235,23,103.98468017578125,,38.4571533203125,0.7782340049743652,808.8505249023438,183.41831970214844,997.2481079101562,297.467529296875,188.3975830078125,114.04920959472656,21486.595431597903,903.04931640625,240.44293212890625,1920,1080,823.2713623046875,211.37014770507812,927.2560424804688,211.37728881835938,103.98468017578125,0.00714111328125,0.003934768570769887,left,False,"{'safe_roi': (450, 80, 1500, 420), 'cylinder_roi': (800, 190, 1000, 300)}",ok_cylinder_inside_confirmed
2026-09-19 14:24:08,2026-09-19,18027384,29235,23,110.8926773071289,,39.16648864746094,0.7894946336746216,810.5672607421875,184.16580200195312,996.2078857421875,298.177978515625,185.640625,114.01217651367188,21165.291705608368,903.3875732421875,241.17189025878906,1920,1080,817.6589965820312,209.679931640625,928.497802734375,213.135986328125,110.83880615234375,3.4560546875,1.7859558180178257,left,False,"{'safe_roi': (450, 80, 1500, 420), 'cylinder_roi': (800, 190, 1000, 300)}",ok_cylinder_inside_confirmed
2026-09-19 14:24:13,2026-09-19,18027466,29235,23,107.96672821044922,,35.01800537109375,0.7440230250358582,805.41943359375,181.88894653320312,986.1746826171875,297.1144104003906,180.7552490234375,115.2254638671875,20827.607415154576,895.7970581054688,239.50167846679688,1920,1080,819.1304321289062,203.3773651123047,926.7846069335938,211.586669921875,107.6541748046875,8.209304809570312,4.360722403008682,left,False,"{'safe_roi': (450, 80, 1500, 420), 'cylinder_roi': (800, 190, 1000, 300)}",ok_cylinder_inside_confirmed
2026-09-19 14:36:27,2026-09-19,18038893,29235,24,108.58644104003906,,33.75706481933594,0.7924361824989319,862.581787109375,200.03070068359375,1037.6396484375,318.31219482421875,175.057861328125,118.281494140625,20706.10539895296,950.1107177734375,259.17144775390625,1920,1080,865.681396484375,218.13665771484375,973.152099609375,233.6628875732422,107.470703125,15.526229858398438,8.220610840574045,left,False,"{'safe_roi': (450, 80, 1500, 420), 'cylinder_roi': (800, 190, 1000, 300)}",ok_cylinder_inside_confirmed
2026-09-19 14:37:56,2026-09-19,18040278,29235,25,111.71477508544922,,30.771621704101562,0.7630464434623718,817.8433837890625,186.72720336914062,1008.311279296875,296.92755126953125,190.4678955078125,110.20034790039062,20989.628348816186,913.0773315429688,241.82737731933594,1920,1080,827.5868530273438,246.88876342773438,937.8905639648438,229.18896484375,110.3037109375,17.699798583984375,9.116208799351496,left,False,"{'safe_roi': (450, 80, 1500, 420), 'cylinder_roi': (800, 190, 1000, 300)}",ok_cylinder_inside_confirmed
2026-09-19 14:38:01,2026-09-19,18040355,29235,25,110.75556945800781,,39.76397705078125,0.7747328877449036,829.1945190429688,187.86009216308594,1012.9954223632812,297.1822814941406,183.8009033203125,109.32218933105469,20093.51715200208,921.094970703125,242.52117919921875,1920,1080,829.706787109375,240.54443359375,940.073486328125,231.27145385742188,110.36669921875,9.272979736328125,4.802695598444686,left,False,"{'safe_roi': (450, 80, 1500, 420), 'cylinder_roi': (800, 190, 1000, 300)}",ok_cylinder_inside_confirmed
2026-09-19 14:38:06,2026-09-19,18040435,29235,25,108.98017120361328,,35.24848937988281,0.778681218624115,825.9747924804688,187.63380432128906,1013.3370971679688,295.7985534667969,187.3623046875,108.16474914550781,20265.99668584764,919.6559448242188,241.7161865234375,1920,1080,832.3969116210938,238.70263671875,941.061279296875,230.41213989257812,108.66436767578125,8.290496826171875,4.362902377028556,left,False,"{'safe_roi': (450, 80, 1500, 420), 'cylinder_roi': (800, 190, 1000, 300)}",ok_cylinder_inside_confirmed
2026-09-19 14:38:11,2026-09-19,18040515,29235,25,101.8595962524414,,26.493377685546875,0.7973331212997437,825.3179321289062,188.67977905273438,1007.9213256835938,297.264892578125,182.6033935546875,108.58511352539062,19828.010219257325,916.61962890625,242.9723358154297,1920,1080,839.4765625,238.37020874023438,940.937744140625,229.369873046875,101.461181640625,9.000335693359375,5.069278377071542,left,False,"{'safe_roi': (450, 80, 1500, 420), 'cylinder_roi': (800, 190, 1000, 300)}",ok_cylinder_inside_confirmed
2026-09-19 14:38:16,2026-09-19,18040594,29235,25,100.29344177246094,,27.533554077148438,0.7937644720077515,821.8440551757812,187.47268676757812,1010.9607543945312,298.4301452636719,189.11669921875,110.95745849609375,20983.9083044827,916.4024047851562,242.951416015625,1920,1080,840.7826538085938,236.65023803710938,940.6531982421875,227.44973754882812,99.87054443359375,9.20050048828125,5.2634749574114865,left,False,"{'safe_roi': (450, 80, 1500, 420), 'cylinder_roi': (800, 190, 1000, 300)}",ok_cylinder_inside_confirmed
2026-09-19 14:38:21,2026-09-19,18040672,29235,25,99.33427429199219,,27.773330688476562,0.7962440848350525,817.8616333007812,186.505615234375,1010.1793823242188,297.30364990234375,192.3177490234375,110.79803466796875,21308.42862356454,914.0205078125,241.90463256835938,1920,1080,842.7529296875,235.80587768554688,941.795166015625,228.19442749023438,99.042236328125,7.6114501953125,4.394574209175257,left,False,"{'safe_roi': (450, 80, 1500, 420), 'cylinder_roi': (800, 190, 1000, 300)}",ok_cylinder_inside_confirmed
2026-09-19 14:38:26,2026-09-19,18040751,29235,25,100.46414184570312,,25.387069702148438,0.7834006547927856,820.1756591796875,186.32894897460938,1011.7015380859375,295.3627624511719,191.52587890625,109.0338134765625,20882.79695659876,915.9385986328125,240.84585571289062,1920,1080,844.0645141601562,233.37405395507812,944.1142578125,224.258544921875,100.04974365234375,9.115509033203125,5.205832463235008,left,False,"{'safe_roi': (450, 80, 1500, 420), 'cylinder_roi': (800, 190, 1000, 300)}",ok_cylinder_inside_confirmed
2026-09-19 14:38:34,2026-09-19,18040873,29235,25,104.84837341308594,,41.123291015625,0.7515648603439331,818.278076171875,186.74835205078125,1009.52587890625,297.5912170410156,191.247802734375,110.84286499023438,21198.454378165305,913.9019775390625,242.16978454589844,1920,1080,831.0792846679688,234.1539764404297,935.8988647460938,231.69705200195312,104.819580078125,2.4569244384765625,1.3427417736384564,left,False,"{'safe_roi': (450, 80, 1500, 420), 'cylinder_roi': (800, 190, 1000, 300)}",ok_cylinder_inside_confirmed
2026-09-19 14:38:39,2026-09-19,18040953,29235,25,110.71627807617188,,32.75364685058594,0.7085846662521362,819.4390869140625,187.65301513671875,1012.7899169921875,296.5943908691406,193.350830078125,108.94137573242188,21063.905427716672,916.114501953125,242.1237030029297,1920,1080,831.1866455078125,229.8575439453125,941.899658203125,230.70797729492188,110.7130126953125,0.850433349609375,0.4401043941074678,left,False,"{'safe_roi': (450, 80, 1500, 420), 'cylinder_roi': (800, 190, 1000, 300)}",ok_cylinder_inside_confirmed
2026-09-19 14:38:44,2026-09-19,18041031,29235,25,104.63880157470703,,39.55955505371094,0.7551376223564148,824.866455078125,188.7357940673828,1013.571533203125,297.4697570800781,188.705078125,108.73396301269531,20518.65098515153,919.218994140625,243.102783203125,1920,1080,833.70849609375,231.07974243164062,938.3455810546875,231.67877197265625,104.6370849609375,0.599029541015625,0.3280050239622607,left,False,"{'safe_roi': (450, 80, 1500, 420), 'cylinder_roi': (800, 190, 1000, 300)}",ok_cylinder_inside_confirmed
2026-09-19 14:38:49,2026-09-19,18041105,29235,25,110.50547790527344,,48.559783935546875,0.7868825197219849,826.097900390625,188.0877685546875,1013.9954833984375,296.0035705566406,187.8975830078125,107.91580200195312,20277.118364516646,920.0466918945312,242.04566955566406,1920,1080,827.4762573242188,231.65347290039062,937.9732055664062,230.28042602539062,110.4969482421875,1.373046875,0.711926831940285,left,False,"{'safe_roi': (450, 80, 1500, 420), 'cylinder_roi': (800, 190, 1000, 300)}",ok_cylinder_inside_confirmed
2026-09-19 14:38:54,2026-09-19,18041186,29235,25,107.46993255615234,,42.564178466796875,0.7765693068504333,829.9879150390625,188.85325622558594,1012.49072265625,296.4294128417969,182.5028076171875,107.57615661621094,19632.950615124777,921.2393188476562,242.64132690429688,1920,1080,832.8043212890625,228.37777709960938,939.836669921875,238.06602478027344,107.0323486328125,9.688247680664062,5.172147415149665,left,False,"{'safe_roi': (450, 80, 1500, 420), 'cylinder_roi': (800, 190, 1000, 300)}",ok_cylinder_inside_confirmed
2026-09-19 14:38:59,2026-09-19,18041260,29235,25,96.95586395263672,,26.328399658203125,0.7347469329833984,828.8424072265625,188.6509246826172,1006.8392333984375,297.2177734375,177.996826171875,108.56684875488281,19324.55450585112,917.8408203125,242.93435668945312,1920,1080,845.149169921875,227.84396362304688,942.0916748046875,226.23440551757812,96.9425048828125,1.60955810546875,0.9512072516690082,left,False,"{'safe_roi': (450, 80, 1500, 420), 'cylinder_roi': (800, 190, 1000, 300)}",ok_cylinder_inside_confirmed
2026-09-19 14:39:04,2026-09-19,18041335,29235,25,92.4876480102539,,26.487869262695312,0.7434318661689758,828.65185546875,189.53515625,1004.9368896484375,296.6065673828125,176.2850341796875,107.0714111328125,18875.087371215224,916.7943725585938,243.07086181640625,1920,1080,846.7626342773438,227.09686279296875,939.2386474609375,225.62991333007812,92.47601318359375,1.466949462890625,0.9088082537442049,left,False,"{'safe_roi': (450, 80, 1500, 420), 'cylinder_roi': (800, 190, 1000, 300)}",ok_cylinder_inside_confirmed
2026-09-19 14:39:10,2026-09-19,18041413,29235,25,93.7615966796875,,25.948196411132812,0.7186381816864014,827.5464477539062,189.31565856933594,1002.3910522460938,296.56903076171875,174.8446044921875,107.25337219238281,18752.673441430554,914.96875,242.94235229492188,1920,1080,842.943115234375,230.12918090820312,936.5878295898438,225.44895935058594,93.64471435546875,4.6802215576171875,2.8611759499827194,left,False,"{'safe_roi': (450, 80, 1500, 420), 'cylinder_roi': (800, 190, 1000, 300)}",ok_cylinder_inside_confirmed
2026-09-19 14:39:15,2026-09-19,18041490,29235,25,93.97515869140625,,26.487045288085938,0.6929799318313599,829.4778442382812,190.96734619140625,1001.7941284179688,296.7997741699219,172.3162841796875,105.83242797851562,18236.65073497221,915.635986328125,243.88356018066406,1920,1080,844.7981567382812,228.82199096679688,938.7490234375,226.68551635742188,93.95086669921875,2.136474609375,1.3027009594057637,left,False,"{'safe_roi': (450, 80, 1500, 420), 'cylinder_roi': (800, 190, 1000, 300)}",ok_cylinder_inside_confirmed
2026-09-19 14:39:20,2026-09-19,18041568,29235,25,88.4588623046875,,26.73529052734375,0.7846760153770447,830.3328857421875,190.69180297851562,1001.010009765625,296.9586181640625,170.6771240234375,106.26681518554688,18137.314394999295,915.6714477539062,243.82521057128906,1920,1080,847.5819702148438,228.47640991210938,935.96044921875,224.70614624023438,88.37847900390625,3.770263671875,2.442781268395807,left,False,"{'safe_roi': (450, 80, 1500, 420), 'cylinder_roi': (800, 190, 1000, 300)}",ok_cylinder_inside_confirmed
2026-09-19 14:39:25,2026-09-19,18041647,29235,25,95.26538848876953,,34.15162658691406,0.7583256959915161,828.137939453125,191.18035888671875,998.097900390625,296.4683532714844,169.9599609375,105.28799438476562,17894.743412822485,913.117919921875,243.82435607910156,1920,1080,841.4434204101562,227.732666015625,936.6348876953125,231.48492431640625,95.19146728515625,3.75225830078125,2.2573170244807907,left,False,"{'safe_roi': (450, 80, 1500, 420), 'cylinder_roi': (800, 190, 1000, 300)}",ok_cylinder_inside_confirmed
2026-09-19 14:53:51,2026-09-19,18055217,29235,26,115.97061157226562,,26.871002197265625,0.7952223420143127,836.6282958984375,185.36697387695312,1032.3243408203125,302.8066101074219,195.696044921875,117.43963623046875,22982.47232736647,934.476318359375,244.0867919921875,1920,1080,840.4429321289062,204.4899444580078,955.1986083984375,221.23260498046875,114.75567626953125,16.742660522460938,8.300790929102993,left,False,"{'safe_roi': (450, 80, 1500, 420), 'cylinder_roi': (800, 190, 1000, 300)}",ok_cylinder_inside_confirmed
2026-09-19 14:53:56,2026-09-19,18055297,29235,26,113.16842651367188,,33.954681396484375,0.7867363095283508,837.2736206054688,186.909423828125,1029.6458740234375,304.2721862792969,192.37225341796875,117.36276245117188,22577.339080089703,933.459716796875,245.59080505371094,1920,1080,838.5657958984375,211.78684997558594,951.5308837890625,218.56787109375,112.965087890625,6.7810211181640625,3.4352050443161115,left,False,"{'safe_roi': (450, 80, 1500, 420), 'cylinder_roi': (800, 190, 1000, 300)}",ok_cylinder_inside_confirmed
2026-09-19 14:54:05,2026-09-19,18055431,29235,26,110.81121063232422,,38.150146484375,0.786650538444519,845.5135498046875,186.06082153320312,1032.46435546875,305.8691101074219,186.9508056640625,119.80828857421875,22398.25607418269,938.9889526367188,245.9649658203125,1920,1080,850.3671264648438,209.62753295898438,961.1388549804688,212.585205078125,110.771728515625,2.957672119140625,1.5294685565390442,left,False,"{'safe_roi': (450, 80, 1500, 420), 'cylinder_roi': (800, 190, 1000, 300)}",ok_cylinder_inside_confirmed
2026-09-19 14:54:10,2026-09-19,18055507,29235,26,116.88037109375,,42.006988525390625,0.8057365417480469,834.4974975585938,185.19825744628906,1026.270263671875,300.65380859375,191.77276611328125,115.45555114746094,22141.230406682007,930.3839111328125,242.926025390625,1920,1080,836.4486083984375,205.7075958251953,953.2774047851562,209.1795196533203,116.82879638671875,3.471923828125,1.702217756344133,left,False,"{'safe_roi': (450, 80, 1500, 420), 'cylinder_roi': (800, 190, 1000, 300)}",ok_cylinder_inside_confirmed
2026-09-19 14:54:15,2026-09-19,18055586,29235,26,115.70082092285156,,41.82861328125,0.8035812377929688,836.3258666992188,185.5100555419922,1026.0255126953125,300.70477294921875,189.69964599609375,115.19471740722656,21852.397112770937,931.1756591796875,243.107421875,1920,1080,839.8251342773438,205.3634796142578,955.5008544921875,207.7733154296875,115.67572021484375,2.4098358154296875,1.1934522804836105,left,False,"{'safe_roi': (450, 80, 1500, 420), 'cylinder_roi': (800, 190, 1000, 300)}",ok_cylinder_inside_confirmed
2026-09-19 14:54:20,2026-09-19,18055662,29235,26,107.15968322753906,,35.11822509765625,0.7971236705780029,839.149169921875,186.31271362304688,1027.3299560546875,301.5400085449219,188.1807861328125,115.227294921875,21683.56294235587,933.2395629882812,243.92636108398438,1920,1080,847.0805053710938,211.55393981933594,954.2041015625,214.33480834960938,107.12359619140625,2.7808685302734375,1.4870323570754234,left,False,"{'safe_roi': (450, 80, 1500, 420), 'cylinder_roi': (800, 190, 1000, 300)}",ok_cylinder_inside_confirmed
2026-09-19 14:54:25,2026-09-19,18055739,29235,26,107.46405792236328,,31.87982177734375,0.7869565486907959,838.2005004882812,185.9835205078125,1022.9298706054688,302.6829528808594,184.7293701171875,116.69943237304688,21557.81263530627,930.565185546875,244.33323669433594,1920,1080,844.6223754882812,208.36024475097656,951.859130859375,215.34609985351562,107.23675537109375,6.9858551025390625,3.727222497970321,left,False,"{'safe_roi': (450, 80, 1500, 420), 'cylinder_roi': (800, 190, 1000, 300)}",ok_cylinder_inside_confirmed
2026-09-19 14:54:30,2026-09-19,18055812,29235,26,104.21039581298828,,35.833404541015625,0.7947627305984497,837.1181640625,186.1382293701172,1018.92822265625,303.14892578125,181.81005859375,117.01069641113281,21273.72157060355,928.023193359375,244.64358520507812,1920,1080,843.0367431640625,209.4408721923828,946.9910278320312,216.74244689941406,103.95428466796875,7.30157470703125,4.017761079851662,left,False,"{'safe_roi': (450, 80, 1500, 420), 'cylinder_roi': (800, 190, 1000, 300)}",ok_cylinder_inside_confirmed
2026-09-19 14:54:35,2026-09-19,18055891,29235,26,105.68104553222656,,27.415435791015625,0.78715980052948,837.8400268554688,186.05987548828125,1012.8843383789062,303.98992919921875,175.0443115234375,117.9300537109375,20642.98505975306,925.3621826171875,245.02490234375,1920,1080,843.3624267578125,208.00167846679688,948.4886474609375,218.8165283203125,105.126220703125,10.814849853515625,5.873635259318435,left,False,"{'safe_roi': (450, 80, 1500, 420), 'cylinder_roi': (800, 190, 1000, 300)}",ok_cylinder_inside_confirmed
2026-09-19 14:54:40,2026-09-19,18055971,29235,26,109.84994506835938,,32.005035400390625,0.791808545589447,837.0015258789062,186.04124450683594,1017.2490844726562,302.9096374511719,180.24755859375,116.86839294433594,21065.24250499159,927.1253051757812,244.47543334960938,1920,1080,841.5684814453125,207.90634155273438,951.1806640625,215.12991333007812,109.6121826171875,7.22357177734375,3.770407328017941,left,False,"{'safe_roi': (450, 80, 1500, 420), 'cylinder_roi': (800, 190, 1000, 300)}",ok_cylinder_inside_confirmed
2026-09-19 14:54:45,2026-09-19,18056046,29235,26,107.08566284179688,,31.872573852539062,0.7881254553794861,837.2413330078125,186.09637451171875,1017.6429443359375,302.4271240234375,180.401611328125,116.33074951171875,20986.254658922553,927.442138671875,244.26174926757812,1920,1080,843.4964599609375,209.30636596679688,950.416015625,215.2685546875,106.9195556640625,5.962188720703125,3.191697020009544,left,False,"{'safe_roi': (450, 80, 1500, 420), 'cylinder_roi': (800, 190, 1000, 300)}",ok_cylinder_inside_confirmed
2026-09-19 14:54:50,2026-09-19,18056127,29235,26,107.80977630615234,,31.397186279296875,0.7806660532951355,836.1165161132812,186.45462036132812,1013.3327026367188,302.7724304199219,177.2161865234375,116.31781005859375,20613.398723341525,924.724609375,244.613525390625,1920,1080,840.60546875,209.5350799560547,948.3140869140625,214.20423889160156,107.7086181640625,4.669158935546875,2.4822128103773595,left,False,"{'safe_roi': (450, 80, 1500, 420), 'cylinder_roi': (800, 190, 1000, 300)}",ok_cylinder_inside_confirmed
2026-09-19 14:54:55,2026-09-19,18056206,29235,26,105.10748291015625,,38.10240173339844,0.8082524538040161,836.9658203125,186.64279174804688,1013.779296875,301.6893615722656,176.8134765625,115.04656982421875,20341.78397721052,925.37255859375,244.16607666015625,1920,1080,840.9619750976562,207.1795654296875,945.6705932617188,216.3276824951172,104.7086181640625,9.148117065429688,4.99310337107479,left,False,"{'safe_roi': (450, 80, 1500, 420), 'cylinder_roi': (800, 190, 1000, 300)}",ok_cylinder_inside_confirmed
2026-09-19 14:55:00,2026-09-19,18056286,29235,26,115.33623504638672,,35.7076416015625,0.7941071391105652,837.6820068359375,186.95730590820312,1018.7127685546875,302.53497314453125,181.03076171875,115.57766723632812,20923.113137468696,928.1973876953125,244.7461395263672,1920,1080,837.4813232421875,207.12353515625,952.6445922851562,213.4376983642578,115.16326904296875,6.3141632080078125,3.138266634265075,left,False,"{'safe_roi': (450, 80, 1500, 420), 'cylinder_roi': (800, 190, 1000, 300)}",ok_cylinder_inside_confirmed
2026-09-19 14:55:05,2026-09-19,18056365,29235,26,107.36226654052734,,33.38764953613281,0.7855311036109924,837.9226684570312,187.0397491455078,1015.2144165039062,302.8759765625,177.291748046875,115.83622741699219,20536.807245913893,926.5685424804688,244.95785522460938,1920,1080,844.7667846679688,208.17987060546875,951.865478515625,215.6982421875,107.09869384765625,7.51837158203125,4.015599098729513,left,False,"{'safe_roi': (450, 80, 1500, 420), 'cylinder_roi': (800, 190, 1000, 300)}",ok_cylinder_inside_confirmed
2026-09-19 14:55:10,2026-09-19,18056442,29235,26,108.55712890625,,33.43247985839844,0.7852144837379456,838.2483520507812,186.00486755371094,1016.1842651367188,301.85406494140625,177.9359130859375,115.84919738769531,20613.73271745257,927.21630859375,243.92947387695312,1920,1080,843.28076171875,210.23703002929688,951.649658203125,216.62705993652344,108.368896484375,6.3900299072265625,3.374568833426642,left,False,"{'safe_roi': (450, 80, 1500, 420), 'cylinder_roi': (800, 190, 1000, 300)}",ok_cylinder_inside_confirmed
2026-09-19 14:55:15,2026-09-19,18056518,29235,26,110.502197265625,,33.328399658203125,0.7824879884719849,836.0581665039062,184.91445922851562,1019.7328491210938,301.735595703125,183.6746826171875,116.82113647460938,21457.085164953023,927.8955078125,243.3250274658203,1920,1080,841.646728515625,210.6051483154297,952.0712890625,214.7467498779297,110.424560546875,4.1416015625,2.147938043866959,left,False,"{'safe_roi': (450, 80, 1500, 420), 'cylinder_roi': (800, 190, 1000, 300)}",ok_cylinder_inside_confirmed
2026-09-19 14:55:21,2026-09-19,18056598,29235,26,105.92051696777344,,28.979843139648438,0.7773721218109131,843.5192260742188,187.5448760986328,1026.5567626953125,303.3017272949219,183.03753662109375,115.75685119628906,21187.84888998326,935.0379638671875,245.42330932617188,1920,1080,850.8404541015625,216.80154418945312,956.72216796875,219.66845703125,105.8817138671875,2.866912841796875,1.5509937963375264,left,False,"{'safe_roi': (450, 80, 1500, 420), 'cylinder_roi': (800, 190, 1000, 300)}",ok_cylinder_inside_confirmed
2026-09-19 14:55:26,2026-09-19,18056673,29235,26,106.06396484375,,33.59562683105469,0.7887119650840759,843.2723388671875,186.75503540039062,1025.3260498046875,304.9510192871094,182.0537109375,118.19598388671875,21518.017484486103,934.2991943359375,245.85302734375,1920,1080,847.1893920898438,214.29257202148438,953.2465209960938,215.49700927734375,106.05712890625,1.204437255859375,0.6506512639599056,left,False,"{'safe_roi': (450, 80, 1500, 420), 'cylinder_roi': (800, 190, 1000, 300)}",ok_cylinder_inside_confirmed
2026-09-19 14:55:31,2026-09-19,18056751,29235,26,114.50645446777344,,37.244964599609375,0.7905417084693909,841.6419677734375,185.38739013671875,1024.947021484375,305.3656005859375,183.3050537109375,119.97821044921875,21992.612310536206,933.2944946289062,245.37649536132812,1920,1080,841.0433349609375,210.15660095214844,955.4702758789062,214.42306518554688,114.42694091796875,4.2664642333984375,2.1353119075302507,left,False,"{'safe_roi': (450, 80, 1500, 420), 'cylinder_roi': (800, 190, 1000, 300)}",ok_cylinder_inside_confirmed
2026-09-19 14:55:36,2026-09-19,18056833,29235,26,101.2625503540039,,27.390625,0.8060338497161865,844.4044799804688,187.5708465576172,1028.443115234375,305.8539123535156,184.03863525390625,118.28306579589844,21768.654002725147,936.423828125,246.71237182617188,1920,1080,855.18505859375,218.0998992919922,956.34375,222.68502807617188,101.15869140625,4.5851287841796875,2.5952178504706063,left,False,"{'safe_roi': (450, 80, 1500, 420), 'cylinder_roi': (800, 190, 1000, 300)}",ok_cylinder_inside_confirmed
2026-09-19 14:55:41,2026-09-19,18056912,29235,26,101.10094451904297,,27.871322631835938,0.7899251580238342,844.123046875,187.2372589111328,1026.1822509765625,306.43475341796875,182.0592041015625,119.19749450683594,21701.00098081492,935.1526489257812,246.83599853515625,1920,1080,854.4249267578125,216.68960571289062,955.4721069335938,219.98626708984375,101.04718017578125,3.296661376953125,1.868610387807783,left,False,"{'safe_roi': (450, 80, 1500, 420), 'cylinder_roi': (800, 190, 1000, 300)}",ok_cylinder_inside_confirmed
2026-09-19 14:55:46,2026-09-19,18056990,29235,26,105.1625747680664,,37.232147216796875,0.7790732979774475,844.215087890625,186.23037719726562,1024.50927734375,305.15625,180.294189453125,118.92587280273438,21441.643841974437,934.3621826171875,245.6933135986328,1920,1080,849.5397338867188,212.99974060058594,954.68896484375,214.6749725341797,105.14923095703125,1.67523193359375,0.9127560779994285,left,False,"{'safe_roi': (450, 80, 1500, 420), 'cylinder_roi': (800, 190, 1000, 300)}",ok_cylinder_inside_confirmed
2026-09-19 14:55:51,2026-09-19,18057057,29235,26,112.33138275146484,,41.39013671875,0.7799491286277771,844.532470703125,186.09751892089844,1024.116455078125,305.4979553222656,179.583984375,119.40043640136719,21442.406105071306,934.324462890625,245.7977294921875,1920,1080,842.8997802734375,209.0843048095703,955.1968994140625,211.85855102539062,112.297119140625,2.7742462158203125,1.4151767702649436,left,False,"{'safe_roi': (450, 80, 1500, 420), 'cylinder_roi': (800, 190, 1000, 300)}",ok_cylinder_inside_confirmed
2026-09-19 14:56:01,2026-09-19,18057212,29235,26,107.23934173583984,,33.867431640625,0.7950030565261841,845.3687133789062,186.25782775878906,1021.7642211914062,305.7137145996094,176.3955078125,119.45588684082031,21071.481820479035,933.5664672851562,245.98577880859375,1920,1080,842.6041259765625,212.9848175048828,949.5568237304688,220.82046508789062,106.95269775390625,7.8356475830078125,4.190159646907728,left,False,"{'safe_roi': (450, 80, 1500, 420), 'cylinder_roi': (800, 190, 1000, 300)}",ok_cylinder_inside_confirmed
2026-09-19 14:56:09,2026-09-19,18057321,29235,26,110.33901977539062,,36.340087890625,0.7784738540649414,844.8204956054688,186.49876403808594,1024.29541015625,306.1230773925781,179.47491455078125,119.62431335449219,21469.563417493366,934.5579833984375,246.3109130859375,1920,1080,844.0440673828125,210.51480102539062,954.1838989257812,217.14178466796875,110.13983154296875,6.626983642578125,3.4432682126529777,left,False,"{'safe_roi': (450, 80, 1500, 420), 'cylinder_roi': (800, 190, 1000, 300)}",ok_cylinder_inside_confirmed
2026-09-19 14:56:15,2026-09-19,18057422,29235,26,112.44754791259766,,34.299468994140625,0.7836126089096069,844.0285034179688,185.6612091064453,1025.6026611328125,305.42877197265625,181.57415771484375,119.76756286621094,21746.69434899185,934.8155517578125,245.54498291015625,1920,1080,844.5939331054688,208.9758758544922,956.7515258789062,217.0458984375,112.1575927734375,8.070022583007812,4.115483903347646,left,False,"{'safe_roi': (450, 80, 1500, 420), 'cylinder_roi': (800, 190, 1000, 300)}",ok_cylinder_inside_confirmed
2026-09-19 14:56:31,2026-09-19,18057657,29235,26,109.50540924072266,,35.7005615234375,0.7930641770362854,844.57861328125,187.17459106445312,1024.8082275390625,304.6317443847656,180.2296142578125,117.4571533203125,21169.257434740663,934.6934204101562,245.90316772460938,1920,1080,840.7640991210938,214.55081176757812,950.102783203125,220.59121704101562,109.33868408203125,6.0404052734375,3.1620856460067057,left,False,"{'safe_roi': (450, 80, 1500, 420), 'cylinder_roi': (800, 190, 1000, 300)}",ok_cylinder_inside_confirmed
2026-09-19 14:56:36,2026-09-19,18057735,29235,26,105.077880859375,,32.168365478515625,0.7914489507675171,845.9002075195312,186.65560913085938,1025.4306640625,304.9924011230469,179.53045654296875,118.3367919921875,21245.05829218775,935.6654052734375,245.82400512695312,1920,1080,846.8350219726562,212.5335693359375,951.4110717773438,222.79083251953125,104.5760498046875,10.25726318359375,5.601894912231148,left,False,"{'safe_roi': (450, 80, 1500, 420), 'cylinder_roi': (800, 190, 1000, 300)}",ok_cylinder_inside_confirmed
2026-09-19 14:56:41,2026-09-19,18057818,29235,26,110.4560546875,,31.688873291015625,0.7894924879074097,847.4076538085938,186.46414184570312,1029.47509765625,306.189697265625,182.06744384765625,119.72555541992188,21798.125838546082,938.44140625,246.32691955566406,1920,1080,850.5211181640625,209.4219970703125,960.404541015625,220.6547088623047,109.8834228515625,11.232711791992188,5.836723537906896,left,False,"{'safe_roi': (450, 80, 1500, 420), 'cylinder_roi': (800, 190, 1000, 300)}",ok_cylinder_inside_confirmed
2026-09-19 14:56:46,2026-09-19,18057895,29235,26,105.14452362060547,,33.01911926269531,0.7105203866958618,845.1378173828125,187.144775390625,1027.06201171875,306.2835693359375,181.9241943359375,119.1387939453125,21674.229102656245,936.0999145507812,246.71417236328125,1920,1080,850.6393432617188,213.85108947753906,955.662353515625,218.90463256835938,105.02301025390625,5.0535430908203125,2.754858476661801,left,False,"{'safe_roi': (450, 80, 1500, 420), 'cylinder_roi': (800, 190, 1000, 300)}",ok_cylinder_inside_confirmed
2026-09-19 14:56:51,2026-09-19,18057973,29235,26,105.54740142822266,,35.023345947265625,0.7958590984344482,844.3116455078125,186.0230712890625,1024.5335693359375,305.6586608886719,180.221923828125,119.63558959960938,21560.956115953624,934.422607421875,245.8408660888672,1920,1080,847.31787109375,209.79872131347656,952.318603515625,220.5272216796875,105.000732421875,10.728500366210938,5.833978146264158,left,False,"{'safe_roi': (450, 80, 1500, 420), 'cylinder_roi': (800, 190, 1000, 300)}",ok_cylinder_inside_confirmed
2026-09-19 14:56:56,2026-09-19,18058050,29235,26,103.78739166259766,,31.339645385742188,0.7444220185279846,843.4176635742188,187.4603271484375,1021.9691772460938,306.3092041015625,178.551513671875,118.848876953125,21220.646878182888,932.6934204101562,246.884765625,1920,1080,849.5109252929688,213.17794799804688,952.7295532226562,224.02867126464844,103.2186279296875,10.850723266601562,6.001102614612083,left,False,"{'safe_roi': (450, 80, 1500, 420), 'cylinder_roi': (800, 190, 1000, 300)}",ok_cylinder_inside_confirmed
2026-09-19 14:57:01,2026-09-19,18058129,29235,26,105.25264739990234,,32.41648864746094,0.7945266366004944,845.9378051757812,187.92721557617188,1025.472900390625,306.07940673828125,179.53509521484375,118.15219116210938,21212.464890131727,935.705322265625,247.00331115722656,1920,1080,847.729248046875,214.49420166015625,952.3434448242188,226.06956481933594,104.61419677734375,11.575363159179688,6.313985922336138,left,False,"{'safe_roi': (450, 80, 1500, 420), 'cylinder_roi': (800, 190, 1000, 300)}",ok_cylinder_inside_confirmed
2026-09-19 14:57:06,2026-09-19,18058207,29235,26,108.67280578613281,,30.023880004882812,0.7888911962509155,845.6244506835938,186.85406494140625,1024.51611328125,305.83782958984375,178.89166259765625,118.9837646484375,21285.20348008722,935.0703125,246.345947265625,1920,1080,846.4417724609375,212.36209106445312,954.541748046875,223.50543212890625,108.0999755859375,11.143341064453125,5.885470557494147,left,False,"{'safe_roi': (450, 80, 1500, 420), 'cylinder_roi': (800, 190, 1000, 300)}",ok_cylinder_inside_confirmed
2026-09-19 14:57:11,2026-09-19,18058287,29235,26,108.18903350830078,,31.353836059570312,0.7509628534317017,845.5873413085938,187.2618408203125,1023.2094116210938,305.43243408203125,177.6220703125,118.17059326171875,20989.705425202847,934.3983764648438,246.34713745117188,1920,1080,846.65185546875,212.4873046875,954.338134765625,222.90521240234375,107.686279296875,10.41790771484375,5.525776848629038,left,False,"{'safe_roi': (450, 80, 1500, 420), 'cylinder_roi': (800, 190, 1000, 300)}",ok_cylinder_inside_confirmed
2026-09-19 14:57:16,2026-09-19,18058368,29235,26,109.33711242675781,,31.23846435546875,0.7786241769790649,847.3470458984375,188.09521484375,1027.259033203125,306.7306823730469,179.9119873046875,118.63546752929688,21343.942728016526,937.3030395507812,247.41294860839844,1920,1080,849.385986328125,209.67613220214844,957.6207275390625,225.16305541992188,108.2347412109375,15.486923217773438,8.142976639810625,left,False,"{'safe_roi': (450, 80, 1500, 420), 'cylinder_roi': (800, 190, 1000, 300)}",ok_cylinder_inside_confirmed
2026-09-19 14:57:22,2026-09-19,18058449,29235,26,109.2518539428711,,30.559417724609375,0.7424224019050598,848.5540161132812,187.32907104492188,1025.8570556640625,306.7335205078125,177.30303955078125,119.40444946289062,21170.771825658157,937.20556640625,247.0312957763672,1920,1080,849.6463012695312,207.8199462890625,958.055908203125,221.3596954345703,108.40960693359375,13.539749145507812,7.119057012652914,left,False,"{'safe_roi': (450, 80, 1500, 420), 'cylinder_roi': (800, 190, 1000, 300)}",ok_cylinder_inside_confirmed
2026-09-19 14:57:27,2026-09-19,18058530,29235,26,105.73137664794922,,26.70440673828125,0.77748703956604,846.43115234375,187.39404296875,1025.5013427734375,305.7278137207031,179.0701904296875,118.33377075195312,21190.05086281523,935.9662475585938,246.56092834472656,1920,1080,850.419677734375,209.96458435058594,955.211181640625,224.03103637695312,104.79150390625,14.066452026367188,7.645270183941436,left,False,"{'safe_roi': (450, 80, 1500, 420), 'cylinder_roi': (800, 190, 1000, 300)}",ok_cylinder_inside_confirmed
2026-09-19 14:57:32,2026-09-19,18058611,29235,26,104.42340850830078,,30.596710205078125,0.726323127746582,846.0903930664062,186.8021240234375,1023.3113403320312,306.1327819824219,177.220947265625,119.33065795898438,21147.892241321504,934.7008666992188,246.4674530029297,1920,1080,849.8916015625,210.5393524169922,953.119140625,226.29762268066406,103.2275390625,15.758270263671875,8.67951838227109,left,False,"{'safe_roi': (450, 80, 1500, 420), 'cylinder_roi': (800, 190, 1000, 300)}",ok_cylinder_inside_confirmed
2026-09-19 14:57:37,2026-09-19,18058690,29235,26,104.88348388671875,,29.606857299804688,0.782882809638977,844.1477661132812,188.1193084716797,1024.942626953125,306.01849365234375,180.79486083984375,117.89918518066406,21315.566777869128,934.545166015625,247.06890869140625,1920,1080,847.3482055664062,212.35556030273438,951.5963745117188,223.88226318359375,104.2481689453125,11.526702880859375,6.30955531992281,left,False,"{'safe_roi': (450, 80, 1500, 420), 'cylinder_roi': (800, 190, 1000, 300)}",ok_cylinder_inside_confirmed
2026-09-19 14:57:42,2026-09-19,18058770,29235,26,102.05094146728516,,29.9517822265625,0.7098268270492554,847.1654663085938,188.04763793945312,1024.212646484375,305.7161560058594,177.04718017578125,117.66851806640625,20832.8793191202,935.6890869140625,246.88189697265625,1920,1080,848.9082641601562,214.6547393798828,950.5780029296875,223.4671630859375,101.66973876953125,8.812423706054688,4.953842747522316,left,False,"{'safe_roi': (450, 80, 1500, 420), 'cylinder_roi': (800, 190, 1000, 300)}",ok_cylinder_inside_confirmed
2026-09-19 14:57:47,2026-09-19,18058848,29235,26,107.592041015625,,30.114608764648438,0.7699404954910278,847.8328247070312,187.46237182617188,1025.19189453125,305.6966857910156,177.35906982421875,118.23431396484375,20969.927946109325,936.5123291015625,246.57952880859375,1920,1080,846.9560546875,212.27305603027344,953.986572265625,223.25099182128906,107.030517578125,10.977935791015625,5.856250281874179,left,False,"{'safe_roi': (450, 80, 1500, 420), 'cylinder_roi': (800, 190, 1000, 300)}",ok_cylinder_inside_confirmed
2026-09-19 14:57:52,2026-09-19,18058929,29235,26,108.12068939208984,,28.166168212890625,0.7930973172187805,847.18408203125,186.21273803710938,1026.0679931640625,306.02996826171875,178.8839111328125,119.81723022460938,21433.37476367876,936.6260375976562,246.12135314941406,1920,1080,849.7432861328125,209.91537475585938,956.9749755859375,223.75186157226562,107.231689453125,13.83648681640625,7.352452829031593,left,False,"{'safe_roi': (450, 80, 1500, 420), 'cylinder_roi': (800, 190, 1000, 300)}",ok_cylinder_inside_confirmed
2026-09-19 14:58:08,2026-09-19,18059189,29235,26,112.49681854248047,,34.05082702636719,0.7941606640815735,846.24755859375,188.3878936767578,1027.9569091796875,307.8653259277344,181.7093505859375,119.47743225097656,21710.166624000296,937.1022338867188,248.12661743164062,1920,1080,843.4039306640625,211.53988647460938,955.170654296875,224.33575439453125,111.7667236328125,12.795867919921875,6.531201326243704,left,False,"{'safe_roi': (450, 80, 1500, 420), 'cylinder_roi': (800, 190, 1000, 300)}",ok_cylinder_inside_confirmed
2026-09-19 14:58:13,2026-09-19,18059268,29235,26,108.24140930175781,,35.38916015625,0.7970534563064575,847.1358642578125,188.64443969726562,1024.3826904296875,307.56976318359375,177.246826171875,118.92532348632812,21079.136139415205,935.75927734375,248.1071014404297,1920,1080,842.6017456054688,211.53131103515625,950.36474609375,221.69683837890625,107.76300048828125,10.16552734375,5.388893613380381,left,False,"{'safe_roi': (450, 80, 1500, 420), 'cylinder_roi': (800, 190, 1000, 300)}",ok_cylinder_inside_confirmed
2026-09-19 14:58:19,2026-09-19,18059349,29235,26,114.33467864990234,,30.40679931640625,0.7917295098304749,845.31591796875,189.11618041992188,1022.3826904296875,307.3409118652344,177.0667724609375,118.2247314453125,20933.67162208259,933.8493041992188,248.22854614257812,1920,1080,842.9443359375,205.39157104492188,956.177490234375,221.2241668701172,113.233154296875,15.832595825195312,7.9596620081830585,left,False,"{'safe_roi': (450, 80, 1500, 420), 'cylinder_roi': (800, 190, 1000, 300)}",ok_cylinder_inside_confirmed
2026-09-19 14:58:24,2026-09-19,18059430,29235,26,114.23924255371094,,30.8922119140625,0.7946770787239075,844.4130249023438,187.80563354492188,1028.225830078125,306.88323974609375,183.81280517578125,119.07760620117188,21887.988829454407,936.3194580078125,247.3444366455078,1920,1080,845.5650024414062,207.333251953125,958.7703857421875,222.66769409179688,113.20538330078125,15.334442138671875,7.714152041077649,left,False,"{'safe_roi': (450, 80, 1500, 420), 'cylinder_roi': (800, 190, 1000, 300)}",ok_cylinder_inside_confirmed
2026-09-19 14:58:51,2026-09-19,18059853,29235,27,106.31375885009766,,35.45103454589844,0.7695171236991882,847.2052612304688,187.9207000732422,1024.540283203125,307.28570556640625,177.33502197265625,119.36500549316406,21167.595871896483,935.872802734375,247.60321044921875,1920,1080,843.6096801757812,212.5330810546875,949.448486328125,222.57113647460938,105.83880615234375,10.038055419921875,5.417889622615912,left,False,"{'safe_roi': (450, 80, 1500, 420), 'cylinder_roi': (800, 190, 1000, 300)}",ok_cylinder_inside_confirmed
2026-09-19 14:58:56,2026-09-19,18059935,29235,27,110.34178924560547,,29.439712524414062,0.8106284737586975,842.6259765625,189.50482177734375,1017.6085205078125,308.0145568847656,174.9825439453125,118.50973510742188,20737.134931381792,930.1172485351562,248.7596893310547,1920,1080,841.4070434570312,206.93453979492188,950.337158203125,224.52830505371094,108.93011474609375,17.593765258789062,9.174851124636119,left,False,"{'safe_roi': (450, 80, 1500, 420), 'cylinder_roi': (800, 190, 1000, 300)}",ok_cylinder_inside_confirmed
2026-09-19 14:59:02,2026-09-19,18060028,29235,27,109.50857543945312,,37.6392822265625,0.8084692358970642,842.2219848632812,188.52584838867188,1022.6129760742188,306.3160705566406,180.3909912109375,117.79022216796875,21248.294931836426,932.41748046875,247.42095947265625,1920,1080,841.6173095703125,205.93612670898438,949.7960815429688,222.9502716064453,108.17877197265625,17.014144897460938,8.938148526419843,left,False,"{'safe_roi': (450, 80, 1500, 420), 'cylinder_roi': (800, 190, 1000, 300)}",ok_cylinder_inside_confirmed
2026-09-19 14:59:07,2026-09-19,18060105,29235,27,107.2762680053711,,37.41522216796875,0.7909088134765625,843.2535400390625,188.32391357421875,1022.651611328125,306.1076965332031,179.3980712890625,117.78378295898438,21130.183491971344,932.9525756835938,247.21580505371094,1920,1080,843.6732177734375,204.71885681152344,949.9735107421875,219.156494140625,106.30029296875,14.437637329101562,7.734548119873046,left,False,"{'safe_roi': (450, 80, 1500, 420), 'cylinder_roi': (800, 190, 1000, 300)}",ok_cylinder_inside_confirmed
2026-09-19 14:59:12,2026-09-19,18060180,29235,27,102.75717163085938,,38.12428283691406,0.8064088821411133,843.603759765625,188.66912841796875,1020.0823974609375,306.0816650390625,176.4786376953125,117.41253662109375,20720.804511241615,931.8430786132812,247.37539672851562,1920,1080,844.2681274414062,205.84722900390625,945.947265625,220.6927490234375,101.67913818359375,14.84552001953125,8.306697033965278,left,False,"{'safe_roi': (450, 80, 1500, 420), 'cylinder_roi': (800, 190, 1000, 300)}",ok_cylinder_inside_confirmed
2026-09-19 14:59:17,2026-09-19,18060262,29235,27,112.70740509033203,,43.41490173339844,0.7803748250007629,816.9405517578125,182.25070190429688,1004.928466796875,296.675048828125,187.9879150390625,114.42434692382812,21510.394407916814,910.9345092773438,239.46287536621094,1920,1080,833.833984375,207.84579467773438,946.24267578125,216.0460968017578,112.40869140625,8.200302124023438,4.172380939420039,left,False,"{'safe_roi': (450, 80, 1500, 420), 'cylinder_roi': (800, 190, 1000, 300)}",ok_cylinder_inside_confirmed
2026-09-19 14:59:29,2026-09-19,18060448,29235,27,103.15313720703125,,41.630218505859375,0.7723264694213867,812.0806274414062,182.82781982421875,999.6411743164062,297.4100646972656,187.560546875,114.58224487304688,21491.108510553837,905.8609008789062,240.1189422607422,1920,1080,823.8973388671875,214.24566650390625,927.039306640625,212.72775268554688,103.1419677734375,1.517913818359375,0.8431463876287676,left,False,"{'safe_roi': (450, 80, 1500, 420), 'cylinder_roi': (800, 190, 1000, 300)}",ok_cylinder_inside_confirmed
2026-09-19 14:59:34,2026-09-19,18060530,29235,27,107.29267883300781,,41.41328430175781,0.7789419889450073,810.039306640625,185.28013610839844,996.7547607421875,299.7225341796875,186.7154541015625,114.44239807128906,21368.164324352518,903.3970336914062,242.5013427734375,1920,1080,817.1011962890625,215.81072998046875,924.3839111328125,214.34869384765625,107.28271484375,1.4620361328125,0.7807717655218381,left,False,"{'safe_roi': (450, 80, 1500, 420), 'cylinder_roi': (800, 190, 1000, 300)}",ok_cylinder_inside_confirmed
2026-09-19 14:59:39,2026-09-19,18060610,29235,27,102.1688232421875,,42.045013427734375,0.7903433442115784,810.7173461914062,182.9689178466797,998.6360473632812,299.1138916015625,187.918701171875,116.14497375488281,21825.812615659088,904.6766967773438,241.04141235351562,1920,1080,824.8905029296875,213.12953186035156,927.0557250976562,212.2720947265625,102.16522216796875,0.8574371337890625,0.48085223632282476,left,False,"{'safe_roi': (450, 80, 1500, 420), 'cylinder_roi': (800, 190, 1000, 300)}",ok_cylinder_inside_confirmed
2026-09-19 14:59:46,2026-09-19,18060730,29235,27,105.35094451904297,,35.1632080078125,0.7600928544998169,789.9297485351562,188.5421600341797,982.8655395507812,291.53131103515625,192.935791015625,102.98915100097656,19870.29331440106,886.3976440429688,240.0367431640625,1920,1080,811.973388671875,215.57037353515625,917.29833984375,217.91053771972656,105.324951171875,2.3401641845703125,1.2728178129776901,left,False,"{'safe_roi': (450, 80, 1500, 420), 'cylinder_roi': (800, 190, 1000, 300)}",ok_cylinder_inside_confirmed
2026-09-19 14:59:51,2026-09-19,18060808,29235,27,98.51187896728516,,35.14813232421875,0.7672824263572693,790.8252563476562,189.53573608398438,975.6874389648438,290.7926940917969,184.8621826171875,101.2569580078125,18718.58226250112,883.25634765625,240.16421508789062,1920,1080,818.8334350585938,216.55178833007812,917.219482421875,221.52935791015625,98.38604736328125,4.977569580078125,2.8962519078000164,left,False,"{'safe_roi': (450, 80, 1500, 420), 'cylinder_roi': (800, 190, 1000, 300)}",ok_cylinder_inside_confirmed
2026-09-19 14:59:56,2026-09-19,18060887,29235,27,99.2068099975586,,37.060821533203125,0.7593057751655579,789.80810546875,189.06959533691406,976.64306640625,290.0892028808594,186.8349609375,101.01960754394531,18873.994429394603,883.2255859375,239.57940673828125,1920,1080,818.428466796875,216.32107543945312,917.6163940429688,218.25672912597656,99.18792724609375,1.9356536865234375,1.1179859716451885,left,False,"{'safe_roi': (450, 80, 1500, 420), 'cylinder_roi': (800, 190, 1000, 300)}",ok_cylinder_inside_confirmed
2026-09-19 15:00:01,2026-09-19,18060966,29235,27,103.02464294433594,,35.6427001953125,0.767466127872467,788.5532836914062,188.7113037109375,978.4827270507812,290.4866943359375,189.929443359375,101.775390625,19330.143289089203,883.5180053710938,239.5989990234375,1920,1080,818.3560791015625,214.9052734375,921.3042602539062,218.87371826171875,102.94818115234375,3.96844482421875,2.2075437850892987,left,False,"{'safe_roi': (450, 80, 1500, 420), 'cylinder_roi': (800, 190, 1000, 300)}",ok_cylinder_inside_confirmed
2026-09-19 15:00:07,2026-09-19,18061044,29235,27,100.88717651367188,,36.0008544921875,0.7608554363250732,791.119140625,188.99771118164062,975.4095458984375,290.8196105957031,184.2904052734375,101.8218994140625,18764.799108728766,883.2643432617188,239.90866088867188,1920,1080,816.4317016601562,214.86636352539062,917.236572265625,218.94073486328125,100.80487060546875,4.074371337890625,2.3145437620957865,left,False,"{'safe_roi': (450, 80, 1500, 420), 'cylinder_roi': (800, 190, 1000, 300)}",ok_cylinder_inside_confirmed
2026-09-19 15:00:12,2026-09-19,18061124,29235,27,96.59917449951172,,37.142059326171875,0.7635080814361572,791.9208984375,189.33633422851562,976.528076171875,290.9429931640625,184.607177734375,101.60665893554688,18757.318545110524,884.2244873046875,240.13966369628906,1920,1080,817.3907470703125,215.8539276123047,913.9188232421875,219.55941772460938,96.528076171875,3.7054901123046875,2.198373341496738,left,False,"{'safe_roi': (450, 80, 1500, 420), 'cylinder_roi': (800, 190, 1000, 300)}",ok_cylinder_inside_confirmed
2026-09-19 15:00:17,2026-09-19,18061206,29235,27,97.5107650756836,,32.52610778808594,0.7591002583503723,794.5238647460938,190.48873901367188,974.9917602539062,291.8124694824219,180.4678955078125,101.32373046875,18285.680402696133,884.7578125,241.15060424804688,1920,1080,816.7116088867188,212.008056640625,914.1107788085938,216.671875,97.399169921875,4.663818359375,2.7414315840764845,left,False,"{'safe_roi': (450, 80, 1500, 420), 'cylinder_roi': (800, 190, 1000, 300)}",ok_cylinder_inside_confirmed
2026-09-19 15:00:22,2026-09-19,18061297,29235,27,102.52210998535156,,32.24940490722656,0.762082576751709,794.2627563476562,190.22271728515625,975.8541870117188,292.0335693359375,181.5914306640625,101.81085205078125,18487.97828102857,885.0584716796875,241.12814331054688,1920,1080,811.83642578125,212.38189697265625,914.20703125,217.9534912109375,102.37060546875,5.57159423828125,3.1152906671963683,left,False,"{'safe_roi': (450, 80, 1500, 420), 'cylinder_roi': (800, 190, 1000, 300)}",ok_cylinder_inside_confirmed
2026-09-19 15:00:27,2026-09-19,18061377,29235,27,106.9400405883789,,32.96624755859375,0.7620396614074707,796.4403686523438,188.748046875,975.3867797851562,293.1002197265625,178.9464111328125,104.3521728515625,18673.446825698018,885.91357421875,240.92413330078125,1920,1080,804.28662109375,215.43597412109375,911.2149047851562,217.0218048095703,106.92828369140625,1.5858306884765625,0.8496792568858407,left,False,"{'safe_roi': (450, 80, 1500, 420), 'cylinder_roi': (800, 190, 1000, 300)}",ok_cylinder_inside_confirmed
2026-09-19 15:10:03,2026-09-19,18070442,29235,28,89.6501693725586,,37.34776306152344,0.7852931022644043,856.5677490234375,193.96841430664062,1020.7239990234375,312.2330322265625,164.15625,118.26461791992188,19413.876185417175,938.6458740234375,253.10072326660156,1920,1080,861.2259521484375,215.82923889160156,950.611572265625,222.71139526367188,89.3856201171875,6.8821563720703125,4.402744982276414,left,False,"{'safe_roi': (450, 80, 1500, 420), 'cylinder_roi': (800, 190, 1000, 300)}",ok_cylinder_inside_confirmed
2026-09-19 15:10:09,2026-09-19,18070541,29235,28,105.29112243652344,,31.12127685546875,0.7871503829956055,855.5110473632812,195.0350799560547,1020.2518920898438,313.1653747558594,164.7408447265625,118.13029479980469,19460.884553117678,937.8814697265625,254.1002197265625,1920,1080,854.4852294921875,218.24046325683594,959.1763916015625,229.46458435058594,104.691162109375,11.22412109375,6.119405140282128,left,False,"{'safe_roi': (450, 80, 1500, 420), 'cylinder_roi': (800, 190, 1000, 300)}",ok_cylinder_inside_confirmed
2026-09-19 15:10:14,2026-09-19,18070618,29235,28,103.734375,,31.987548828125,0.7867611646652222,856.5072021484375,194.98606872558594,1021.0457763671875,313.7991638183594,164.53857421875,118.81309509277344,19549.337265081704,938.7764892578125,254.39260864257812,1920,1080,856.020263671875,215.75425720214844,959.03125,227.98361206054688,103.010986328125,12.229354858398438,6.770404963714855,left,False,"{'safe_roi': (450, 80, 1500, 420), 'cylinder_roi': (800, 190, 1000, 300)}",ok_cylinder_inside_confirmed
2026-09-19 15:10:22,2026-09-19,18070731,29235,28,103.75686645507812,,32.13922119140625,0.7878479361534119,858.035888671875,194.8396453857422,1022.834716796875,314.4747314453125,164.798828125,119.63508605957031,19715.72198525071,940.435302734375,254.65719604492188,1920,1080,854.1781616210938,213.87509155273438,957.340087890625,224.97032165527344,103.16192626953125,11.095230102539062,6.138655941443516,left,False,"{'safe_roi': (450, 80, 1500, 420), 'cylinder_roi': (800, 190, 1000, 300)}",ok_cylinder_inside_confirmed
2026-09-19 15:10:43,2026-09-19,18071069,29235,29,84.87419128417969,,38.61393737792969,0.7885154485702515,863.6773071289062,196.54884338378906,1029.4635009765625,316.11029052734375,165.78619384765625,119.56144714355469,19821.637252847664,946.5704345703125,256.3295593261719,1920,1080,867.6365966796875,214.80606079101562,952.2252807617188,221.76181030273438,84.58868408203125,6.95574951171875,4.700870428966085,left,False,"{'safe_roi': (450, 80, 1500, 420), 'cylinder_roi': (800, 190, 1000, 300)}",ok_cylinder_inside_confirmed
2026-09-19 15:10:49,2026-09-19,18071159,29235,29,88.44761657714844,,36.835052490234375,0.7823734283447266,863.4801635742188,197.4017791748047,1026.8443603515625,315.0924987792969,163.36419677734375,117.69071960449219,19226.44987633545,945.1622314453125,256.24713134765625,1920,1080,868.0872802734375,214.5384979248047,955.9452514648438,224.7344970703125,87.85797119140625,10.195999145507812,6.619617134230935,left,False,"{'safe_roi': (450, 80, 1500, 420), 'cylinder_roi': (800, 190, 1000, 300)}",ok_cylinder_inside_confirmed
2026-09-19 15:10:54,2026-09-19,18071242,29235,29,94.46805572509766,,29.024856567382812,0.8018894195556641,823.4077758789062,189.84649658203125,999.0361938476562,296.770751953125,175.62841796875,106.92425537109375,18778.937813311815,911.2219848632812,243.30862426757812,1920,1080,842.4248657226562,219.06484985351562,936.888671875,218.1687469482422,94.46380615234375,0.8961029052734375,0.5435031317585811,left,False,"{'safe_roi': (450, 80, 1500, 420), 'cylinder_roi': (800, 190, 1000, 300)}",ok_cylinder_inside_confirmed
2026-09-19 15:10:59,2026-09-19,18071321,29235,29,92.74383544921875,,30.767303466796875,0.7995460033416748,824.3101196289062,189.38551330566406,997.2643432617188,297.7515563964844,172.9542236328125,108.36604309082031,18742.364850932732,910.7872314453125,243.56854248046875,1920,1080,842.65869140625,217.15853881835938,935.3428344726562,213.83148193359375,92.68414306640625,3.327056884765625,2.055847914147813,left,False,"{'safe_roi': (450, 80, 1500, 420), 'cylinder_roi': (800, 190, 1000, 300)}",ok_cylinder_inside_confirmed
2026-09-19 15:11:04,2026-09-19,18071396,29235,29,93.03597259521484,,29.85675048828125,0.8032265305519104,824.6285400390625,190.09683227539062,998.2911376953125,296.1993408203125,173.66259765625,106.10250854492188,18426.037251755595,911.4598388671875,243.14808654785156,1920,1080,844.057373046875,219.891845703125,937.05517578125,217.22708129882812,92.997802734375,2.664764404296875,1.6413074684412587,left,False,"{'safe_roi': (450, 80, 1500, 420), 'cylinder_roi': (800, 190, 1000, 300)}",ok_cylinder_inside_confirmed
2026-09-19 15:11:09,2026-09-19,18071477,29235,29,94.77898406982422,,31.21026611328125,0.8082008957862854,824.8890991210938,190.34555053710938,1000.7077026367188,296.19866943359375,175.818603515625,105.85311889648438,18610.9475421533,912.7984008789062,243.27210998535156,1920,1080,842.0903930664062,218.9868927001953,936.8262329101562,216.12750244140625,94.73583984375,2.8593902587890625,1.728820594806136,left,False,"{'safe_roi': (450, 80, 1500, 420), 'cylinder_roi': (800, 190, 1000, 300)}",ok_cylinder_inside_confirmed
2026-09-19 15:11:14,2026-09-19,18071555,29235,29,97.01726531982422,,29.958511352539062,0.8183378577232361,824.66064453125,190.15130615234375,1005.06689453125,296.849609375,180.40625,106.69830322265625,19249.04076576233,914.86376953125,243.50045776367188,1920,1080,843.4005737304688,218.57176208496094,940.4176025390625,218.35720825195312,97.01702880859375,0.2145538330078125,0.12670980775189808,left,False,"{'safe_roi': (450, 80, 1500, 420), 'cylinder_roi': (800, 190, 1000, 300)}",ok_cylinder_inside_confirmed
2026-09-19 15:28:10,2026-09-19,18087461,29236,30,120.31703186035156,,30.55755615234375,0.6261351704597473,819.3692626953125,190.2860565185547,999.0858154296875,286.8004150390625,179.716552734375,96.51435852050781,17345.227802675217,909.2275390625,238.54324340820312,1920,1080,826.7003173828125,198.88990783691406,945.4935302734375,217.9781494140625,118.793212890625,19.088241577148438,9.128519224504117,left,False,"{'safe_roi': (450, 80, 1500, 420), 'cylinder_roi': (800, 190, 1000, 300)}",ok_cylinder_inside_confirmed
2026-09-19 15:28:15,2026-09-19,18087539,29236,30,106.48932647705078,,34.498748779296875,0.7973035573959351,800.0484008789062,187.17581176757812,992.2123413085938,292.45330810546875,192.1639404296875,105.27749633789062,20230.538534861058,896.13037109375,239.81455993652344,1920,1080,823.4625854492188,204.33665466308594,929.0614013671875,218.07952880859375,105.59881591796875,13.742874145507812,7.414930401155797,left,False,"{'safe_roi': (450, 80, 1500, 420), 'cylinder_roi': (800, 190, 1000, 300)}",ok_cylinder_inside_confirmed
2026-09-19 15:28:20,2026-09-19,18087616,29236,30,111.58179473876953,,35.62431335449219,0.7831122875213623,804.4203491210938,188.63363647460938,986.5296020507812,292.85089111328125,182.1092529296875,104.21725463867188,18978.926384631544,895.4749755859375,240.7422637939453,1920,1080,812.5567626953125,201.79849243164062,922.6531372070312,219.94473266601562,110.09637451171875,18.146240234375,9.359423832214118,left,False,"{'safe_roi': (450, 80, 1500, 420), 'cylinder_roi': (800, 190, 1000, 300)}",ok_cylinder_inside_confirmed
2026-09-19 15:28:25,2026-09-19,18087696,29236,30,104.82450103759766,,38.481170654296875,0.7860332131385803,806.0792236328125,187.49661254882812,987.4229736328125,291.2922668457031,181.34375,103.795654296875,18822.693183898926,896.7510986328125,239.39443969726562,1920,1080,817.9053344726562,205.64183044433594,921.6722412109375,220.49461364746094,103.76690673828125,14.852783203125,8.145761286338752,left,False,"{'safe_roi': (450, 80, 1500, 420), 'cylinder_roi': (800, 190, 1000, 300)}",ok_cylinder_inside_confirmed
2026-09-19 15:28:30,2026-09-19,18087781,29236,30,108.20462799072266,,37.235076904296875,0.7928851842880249,808.7010498046875,185.47695922851562,993.4005126953125,294.3140869140625,184.699462890625,108.83712768554688,20102.15902607888,901.05078125,239.89552307128906,1920,1080,817.82666015625,204.39385986328125,925.1763916015625,217.96871948242188,107.3497314453125,13.574859619140625,7.207057792614709,left,False,"{'safe_roi': (450, 80, 1500, 420), 'cylinder_roi': (800, 190, 1000, 300)}",ok_cylinder_inside_confirmed
2026-09-19 15:28:35,2026-09-19,18087858,29236,30,106.5421142578125,,35.06939697265625,0.78024822473526,807.4779663085938,186.6904754638672,993.2637329101562,294.8841247558594,185.7857666015625,108.19364929199219,20100.84007513337,900.370849609375,240.78729248046875,1920,1080,818.8614501953125,201.72911071777344,924.32421875,216.85614013671875,105.4627685546875,15.127029418945312,8.162534194852405,left,False,"{'safe_roi': (450, 80, 1500, 420), 'cylinder_roi': (800, 190, 1000, 300)}",ok_cylinder_inside_confirmed
2026-09-19 15:28:40,2026-09-19,18087938,29236,30,101.26595306396484,,37.70677185058594,0.7750630974769592,804.3926391601562,186.56788635253906,987.5076293945312,292.25054931640625,183.114990234375,105.68266296386719,19352.079796571285,895.9501342773438,239.40921020507812,1920,1080,820.7747192382812,201.8796844482422,920.9525146484375,216.68519592285156,100.17779541015625,14.805511474609375,8.407019892522625,left,False,"{'safe_roi': (450, 80, 1500, 420), 'cylinder_roi': (800, 190, 1000, 300)}",ok_cylinder_inside_confirmed
2026-09-19 15:28:45,2026-09-19,18088015,29236,30,104.3908462524414,,37.11285400390625,0.7732051610946655,806.6946411132812,187.21487426757812,986.9238891601562,292.97906494140625,180.229248046875,105.76419067382812,19061.800555430353,896.8092651367188,240.0969696044922,1920,1080,821.1099853515625,201.87579345703125,924.47265625,216.49110412597656,103.3626708984375,14.615310668945312,8.048174414090049,left,False,"{'safe_roi': (450, 80, 1500, 420), 'cylinder_roi': (800, 190, 1000, 300)}",ok_cylinder_inside_confirmed
2026-09-19 15:28:51,2026-09-19,18088090,29236,30,97.18649291992188,,34.4515380859375,0.7754638195037842,798.1043090820312,187.94676208496094,982.2279663085938,293.1551513671875,184.1236572265625,105.20838928222656,19371.353405559435,890.1661376953125,240.55096435546875,1920,1080,827.547607421875,210.52243041992188,924.4290771484375,218.2162322998047,96.8814697265625,7.6938018798828125,4.540591304665843,left,False,"{'safe_roi': (450, 80, 1500, 420), 'cylinder_roi': (800, 190, 1000, 300)}",ok_cylinder_inside_confirmed
2026-09-19 15:28:56,2026-09-19,18088167,29236,30,107.29840087890625,,31.161209106445312,0.7699307203292847,796.9815063476562,189.20498657226562,978.6005249023438,291.4350280761719,181.6190185546875,102.23004150390625,18566.919804744422,887.791015625,240.32000732421875,1920,1080,810.34033203125,200.58404541015625,915.6387329101562,221.20428466796875,105.29840087890625,20.6202392578125,11.079833669995082,left,False,"{'safe_roi': (450, 80, 1500, 420), 'cylinder_roi': (800, 190, 1000, 300)}",ok_cylinder_inside_confirmed
2026-09-19 15:29:01,2026-09-19,18088242,29236,30,96.19622802734375,,34.11158752441406,0.7886061072349548,797.5009155273438,189.11102294921875,978.0864868164062,291.7457580566406,180.5855712890625,102.63473510742188,18534.35227347538,887.793701171875,240.4283905029297,1920,1080,826.044189453125,210.87449645996094,921.9044189453125,218.90756225585938,95.8602294921875,8.033065795898438,4.790181570865846,left,False,"{'safe_roi': (450, 80, 1500, 420), 'cylinder_roi': (800, 190, 1000, 300)}",ok_cylinder_inside_confirmed
2026-09-19 15:29:06,2026-09-19,18088321,29236,30,114.2271957397461,,31.091400146484375,0.7773125767707825,796.7330322265625,189.2830352783203,979.1005859375,291.41253662109375,182.3675537109375,102.12950134277344,18625.1073215995,887.9168090820312,240.3477783203125,1920,1080,807.2295532226562,199.944091796875,919.20166015625,222.52947998046875,111.97210693359375,22.58538818359375,11.403860350043143,left,False,"{'safe_roi': (450, 80, 1500, 420), 'cylinder_roi': (800, 190, 1000, 300)}",ok_cylinder_inside_confirmed
2026-09-19 15:29:11,2026-09-19,18088399,29236,30,101.13944244384766,,33.94789123535156,0.7767629027366638,797.34814453125,189.19625854492188,975.4930419921875,289.7507629394531,178.1448974609375,100.55450439453125,17913.27187459916,886.4205932617188,239.4735107421875,1920,1080,814.4564208984375,206.6800994873047,914.9486083984375,218.10409545898438,100.4921875,11.423995971679688,6.48556680752455,left,False,"{'safe_roi': (450, 80, 1500, 420), 'cylinder_roi': (800, 190, 1000, 300)}",ok_cylinder_inside_confirmed
2026-09-19 15:29:16,2026-09-19,18088479,29236,30,105.50706481933594,,28.511810302734375,0.7755097150802612,796.873291015625,189.4132537841797,976.0001220703125,290.5778503417969,179.1268310546875,101.16459655761719,18121.293596291915,886.4367065429688,239.99554443359375,1920,1080,810.2596435546875,202.32740783691406,914.154296875,220.70245361328125,103.8946533203125,18.375045776367188,10.029743112276183,left,False,"{'safe_roi': (450, 80, 1500, 420), 'cylinder_roi': (800, 190, 1000, 300)}",ok_cylinder_inside_confirmed
2026-09-19 15:29:21,2026-09-19,18088561,29236,30,110.00860595703125,,27.95452880859375,0.7769989967346191,797.0689086914062,189.4883575439453,977.9561157226562,291.6087646484375,180.88720703125,102.12040710449219,18472.27522202581,887.5125122070312,240.54855346679688,1920,1080,807.1190185546875,198.57374572753906,914.57666015625,222.1268310546875,107.4576416015625,23.553085327148438,12.362861528492479,left,False,"{'safe_roi': (450, 80, 1500, 420), 'cylinder_roi': (800, 190, 1000, 300)}",ok_cylinder_inside_confirmed
2026-09-19 15:29:26,2026-09-19,18088636,29236,30,99.67424774169922,,32.57365417480469,0.7787957191467285,795.3442993164062,190.24349975585938,973.7787475585938,292.3205261230469,178.4344482421875,102.0770263671875,18214.057878032327,884.5615234375,241.28201293945312,1920,1080,816.30078125,206.40554809570312,914.8648681640625,221.2405242919922,98.5640869140625,14.834976196289062,8.559395586236807,left,False,"{'safe_roi': (450, 80, 1500, 420), 'cylinder_roi': (800, 190, 1000, 300)}",ok_cylinder_inside_confirmed
2026-09-19 15:29:31,2026-09-19,18088714,29236,30,97.08576202392578,,34.384552001953125,0.7788655757904053,797.1698608398438,190.24925231933594,972.8858032226562,291.02362060546875,175.7159423828125,100.77436828613281,17707.66309143044,885.02783203125,240.63644409179688,1920,1080,816.9140625,210.0478515625,913.6248168945312,218.57286071777344,96.71075439453125,8.525009155273438,5.037576018381449,left,False,"{'safe_roi': (450, 80, 1500, 420), 'cylinder_roi': (800, 190, 1000, 300)}",ok_cylinder_inside_confirmed
2026-09-19 15:29:36,2026-09-19,18088787,29236,30,99.27870178222656,,33.024017333984375,0.7891051769256592,796.3306274414062,190.52940368652344,971.0199584960938,290.64349365234375,174.6893310546875,100.11408996582031,17488.863405277953,883.67529296875,240.58645629882812,1920,1080,815.3377075195312,210.57247924804688,914.3203125,218.2343292236328,98.98260498046875,7.6618499755859375,4.426212442055438,left,False,"{'safe_roi': (450, 80, 1500, 420), 'cylinder_roi': (800, 190, 1000, 300)}",ok_cylinder_inside_confirmed
2026-09-19 15:29:41,2026-09-19,18088861,29236,30,98.6596450805664,,32.67903137207031,0.7792664170265198,796.1231689453125,190.54315185546875,971.2686767578125,290.62054443359375,175.1455078125,100.077392578125,17528.10574364662,883.6959228515625,240.58184814453125,1920,1080,815.3973388671875,209.36163330078125,913.4736328125,220.07455444335938,98.0762939453125,10.712921142578125,6.233731996084206,left,False,"{'safe_roi': (450, 80, 1500, 420), 'cylinder_roi': (800, 190, 1000, 300)}",ok_cylinder_inside_confirmed
2026-09-19 15:29:46,2026-09-19,18088939,29236,30,95.45116424560547,,31.427993774414062,0.8003955483436584,797.161865234375,192.0656280517578,971.218505859375,289.7683410644531,174.056640625,97.70271301269531,17005.80600693822,884.190185546875,240.9169921875,1920,1080,817.030517578125,213.24850463867188,912.0894165039062,221.8931884765625,95.05889892578125,8.644683837890625,5.1962018282106115,left,False,"{'safe_roi': (450, 80, 1500, 420), 'cylinder_roi': (800, 190, 1000, 300)}",ok_cylinder_inside_confirmed
2026-09-19 15:29:51,2026-09-19,18089018,29236,30,109.75806427001953,,26.497451782226562,0.7668008208274841,797.829833984375,191.39068603515625,971.8758544921875,292.8543395996094,174.0460205078125,101.46365356445312,17659.34512907639,884.8528442382812,242.1225128173828,1920,1080,806.1234741210938,200.3127899169922,912.9898071289062,225.34115600585938,106.8663330078125,25.028366088867188,13.181243376045742,left,False,"{'safe_roi': (450, 80, 1500, 420), 'cylinder_roi': (800, 190, 1000, 300)}",ok_cylinder_inside_confirmed
2026-09-19 15:29:56,2026-09-19,18089097,29236,30,98.64973449707031,,33.61912536621094,0.7819784283638,798.3359985351562,191.16212463378906,971.3076782226562,290.92919921875,172.9716796875,99.76707458496094,17256.878468468785,884.8218383789062,241.045654296875,1920,1080,817.5045776367188,209.19236755371094,915.5043334960938,220.49801635742188,97.999755859375,11.305648803710938,6.580781863828422,left,False,"{'safe_roi': (450, 80, 1500, 420), 'cylinder_roi': (800, 190, 1000, 300)}",ok_cylinder_inside_confirmed
2026-09-19 15:30:01,2026-09-19,18089175,29236,30,102.26211547851562,,33.046844482421875,0.7849571704864502,796.708740234375,190.0748291015625,974.6168212890625,293.1293029785156,177.9080810546875,103.05447387695312,18334.223691549152,885.6627807617188,241.60206604003906,1920,1080,814.7125854492188,205.98678588867188,915.9589233398438,220.3645477294922,101.246337890625,14.377761840820312,8.082401847180455,left,False,"{'safe_roi': (450, 80, 1500, 420), 'cylinder_roi': (800, 190, 1000, 300)}",ok_cylinder_inside_confirmed
2026-09-19 15:30:06,2026-09-19,18089254,29236,30,95.631103515625,,31.751739501953125,0.7757425308227539,798.3911743164062,190.53648376464844,975.4501342773438,292.056884765625,177.0589599609375,101.52040100097656,17975.09661605023,886.920654296875,241.29669189453125,1920,1080,824.02880859375,208.33468627929688,918.988037109375,219.65072631835938,94.959228515625,11.3160400390625,6.795738942045885,left,False,"{'safe_roi': (450, 80, 1500, 420), 'cylinder_roi': (800, 190, 1000, 300)}",ok_cylinder_inside_confirmed
2026-09-19 15:30:12,2026-09-19,18089334,29236,30,102.79827880859375,,30.58514404296875,0.7833437919616699,798.2822875976562,190.89976501464844,975.5138549804688,291.91314697265625,177.2315673828125,101.01338195800781,17902.760011056438,886.8980712890625,241.40646362304688,1920,1080,814.2579956054688,204.2392578125,915.396240234375,222.6387481689453,101.13824462890625,18.399490356445312,10.310724241262916,left,False,"{'safe_roi': (450, 80, 1500, 420), 'cylinder_roi': (800, 190, 1000, 300)}",ok_cylinder_inside_confirmed
2026-09-19 15:30:17,2026-09-19,18089412,29236,30,109.10257720947266,,31.340179443359375,0.7706614136695862,797.47021484375,191.74099731445312,972.8480224609375,291.7676696777344,175.3778076171875,100.02667236328125,17542.458502314985,885.1591186523438,241.75433349609375,1920,1080,807.4256591796875,203.00326538085938,914.3316650390625,224.78579711914062,106.906005859375,21.78253173828125,11.516600896859819,left,False,"{'safe_roi': (450, 80, 1500, 420), 'cylinder_roi': (800, 190, 1000, 300)}",ok_cylinder_inside_confirmed
2026-09-19 15:30:22,2026-09-19,18089492,29236,30,106.33551788330078,,30.086761474609375,0.7700350880622864,799.054443359375,191.68826293945312,974.86181640625,293.3324890136719,175.807373046875,101.64422607421875,17869.804371491075,886.9581298828125,242.5103759765625,1920,1080,813.1720581054688,203.51380920410156,917.510498046875,224.02557373046875,104.33843994140625,20.511764526367188,11.121877421737421,left,False,"{'safe_roi': (450, 80, 1500, 420), 'cylinder_roi': (800, 190, 1000, 300)}",ok_cylinder_inside_confirmed
2026-09-19 15:30:27,2026-09-19,18089571,29236,30,109.52642822265625,,32.43342590332031,0.7768222093582153,796.8339233398438,190.5093231201172,974.2669067382812,291.0081787109375,177.4329833984375,100.49885559082031,17831.81177560799,885.5504150390625,240.75875854492188,1920,1080,806.5753784179688,204.7601318359375,913.8351440429688,226.92724609375,107.259765625,22.1671142578125,11.676787026129574,left,False,"{'safe_roi': (450, 80, 1500, 420), 'cylinder_roi': (800, 190, 1000, 300)}",ok_cylinder_inside_confirmed
2026-09-19 15:30:32,2026-09-19,18089646,29236,30,108.05799865722656,,32.80418395996094,0.7794868350028992,797.4678344726562,190.68283081054688,974.2861938476562,290.469970703125,176.818359375,99.78713989257812,17644.198362529278,885.8770141601562,240.57640075683594,1920,1080,806.7734985351562,204.45018005371094,912.99267578125,224.30003356933594,106.21917724609375,19.849853515625,10.585133139707082,left,False,"{'safe_roi': (450, 80, 1500, 420), 'cylinder_roi': (800, 190, 1000, 300)}",ok_cylinder_inside_confirmed
2026-09-19 15:30:37,2026-09-19,18089725,29236,30,110.05452728271484,,26.894577026367188,0.7703767418861389,796.37890625,193.58738708496094,972.7666015625,290.4099426269531,176.3876953125,96.82255554199219,17078.307426318526,884.57275390625,241.9986572265625,1920,1080,806.5782470703125,203.60227966308594,913.8466796875,228.2088165283203,107.2684326171875,24.606536865234375,12.919682925142228,left,False,"{'safe_roi': (450, 80, 1500, 420), 'cylinder_roi': (800, 190, 1000, 300)}",ok_cylinder_inside_confirmed
2026-09-19 15:30:42,2026-09-19,18089803,29236,30,111.39702606201172,,24.552337646484375,0.7669326663017273,796.4820556640625,194.17633056640625,972.0067138671875,290.36151123046875,175.524658203125,96.1851806640625,16882.870960265398,884.244384765625,242.2689208984375,1920,1080,808.0404663085938,201.65892028808594,916.5372314453125,226.91262817382812,108.49676513671875,25.253707885742188,13.102865325483675,left,False,"{'safe_roi': (450, 80, 1500, 420), 'cylinder_roi': (800, 190, 1000, 300)}",ok_cylinder_inside_confirmed
2026-09-19 15:30:47,2026-09-19,18089879,29236,30,110.11985778808594,,25.64324951171875,0.7655430436134338,795.9102783203125,193.25770568847656,971.010498046875,291.05938720703125,175.1002197265625,97.80168151855469,17125.095923526213,883.4603881835938,242.15853881835938,1920,1080,806.5436401367188,202.16993713378906,913.73974609375,227.3766326904297,107.19610595703125,25.206695556640625,13.232458081142985,left,False,"{'safe_roi': (450, 80, 1500, 420), 'cylinder_roi': (800, 190, 1000, 300)}",ok_cylinder_inside_confirmed
2026-09-19 15:30:52,2026-09-19,18089955,29236,30,112.14007568359375,,31.203445434570312,0.7806158065795898,798.411376953125,189.45742797851562,977.4539794921875,292.2196960449219,179.0426025390625,102.76226806640625,18398.82391742617,887.9326782226562,240.83856201171875,1920,1080,810.1902465820312,205.2253875732422,920.194091796875,227.00958251953125,110.00384521484375,21.784194946289062,11.201426942213692,left,False,"{'safe_roi': (450, 80, 1500, 420), 'cylinder_roi': (800, 190, 1000, 300)}",ok_cylinder_inside_confirmed
2026-09-19 15:30:57,2026-09-19,18090030,29236,30,107.77212524414062,,31.53497314453125,0.7789970636367798,799.0579833984375,190.3134002685547,977.392333984375,291.9158630371094,178.3343505859375,101.60246276855469,18119.209215762094,888.2251586914062,241.1146240234375,1920,1080,813.01953125,203.9140625,918.59619140625,225.5565948486328,105.57666015625,21.642532348632812,11.584770522062707,left,False,"{'safe_roi': (450, 80, 1500, 420), 'cylinder_roi': (800, 190, 1000, 300)}",ok_cylinder_inside_confirmed
2026-09-19 15:31:02,2026-09-19,18090109,29236,30,112.83294677734375,,29.77740478515625,0.7714065313339233,797.6077270507812,190.0696258544922,977.0285034179688,291.52093505859375,179.4207763671875,101.45130920410156,18202.472660867497,887.318115234375,240.7952880859375,1920,1080,808.8201293945312,202.43649291992188,919.8499145507812,222.52781677246094,111.02978515625,20.091323852539062,10.256929706883396,left,False,"{'safe_roi': (450, 80, 1500, 420), 'cylinder_roi': (800, 190, 1000, 300)}",ok_cylinder_inside_confirmed
2026-09-19 15:31:07,2026-09-19,18090187,29236,30,111.87998962402344,,26.682266235351562,0.7763003706932068,795.7924194335938,188.38336181640625,975.2698364257812,292.5600891113281,179.4774169921875,104.17672729492188,18697.369925592095,885.5311279296875,240.4717254638672,1920,1080,808.1829223632812,196.88436889648438,917.4090576171875,221.10797119140625,109.22613525390625,24.223602294921875,12.504375359977255,left,False,"{'safe_roi': (450, 80, 1500, 420), 'cylinder_roi': (800, 190, 1000, 300)}",ok_cylinder_inside_confirmed
2026-09-19 15:31:12,2026-09-19,18090271,29236,30,111.42329406738281,,23.88916015625,0.773777186870575,794.542724609375,189.93775939941406,970.522216796875,292.77532958984375,175.9794921875,102.83757019042969,18097.303379908204,882.532470703125,241.35653686523438,1920,1080,805.4271850585938,198.91522216796875,913.2816162109375,226.88970947265625,107.85443115234375,27.9744873046875,14.540541387987782,left,False,"{'safe_roi': (450, 80, 1500, 420), 'cylinder_roi': (800, 190, 1000, 300)}",ok_cylinder_inside_confirmed
2026-09-19 15:31:17,2026-09-19,18090348,29236,30,106.65505981445312,,27.631088256835938,0.7752364277839661,796.1002197265625,190.0755157470703,971.1988525390625,291.2100830078125,175.0986328125,101.13456726074219,17708.52445743978,883.6495361328125,240.64279174804688,1920,1080,809.6185913085938,203.94044494628906,914.4114379882812,223.7838592529297,104.7928466796875,19.843414306640625,10.722487280118422,left,False,"{'safe_roi': (450, 80, 1500, 420), 'cylinder_roi': (800, 190, 1000, 300)}",ok_cylinder_inside_confirmed
2026-09-19 15:31:22,2026-09-19,18090427,29236,30,109.02102661132812,,24.689041137695312,0.7769885063171387,795.9338989257812,189.8540802001953,972.2368774414062,292.6896057128906,176.302978515625,102.83552551269531,18130.20944510773,884.0853881835938,241.2718505859375,1920,1080,805.655517578125,199.0952911376953,911.524658203125,225.12045288085938,105.869140625,26.025161743164062,13.810823421464868,left,False,"{'safe_roi': (450, 80, 1500, 420), 'cylinder_roi': (800, 190, 1000, 300)}",ok_cylinder_inside_confirmed
2026-09-19 15:31:28,2026-09-19,18090504,29236,30,110.02983093261719,,25.348007202148438,0.775392472743988,798.1135864257812,189.29771423339844,974.0394897460938,291.79046630859375,175.9259033203125,102.49275207519531,18031.12999261357,886.0765380859375,240.54409790039062,1920,1080,808.2032470703125,196.22140502929688,914.3006591796875,225.37451171875,106.097412109375,29.153106689453125,15.364360929500458,left,False,"{'safe_roi': (450, 80, 1500, 420), 'cylinder_roi': (800, 190, 1000, 300)}",ok_cylinder_inside_confirmed
2026-09-19 15:31:33,2026-09-19,18090579,29236,30,110.91160583496094,,23.640548706054688,0.7731115221977234,796.9820556640625,188.93833923339844,973.104736328125,291.64093017578125,176.1226806640625,102.70259094238281,18088.255627917126,885.0433959960938,240.28964233398438,1920,1080,809.5873413085938,196.19639587402344,916.3729248046875,226.16676330566406,106.78558349609375,29.970367431640625,15.677269461368432,left,False,"{'safe_roi': (450, 80, 1500, 420), 'cylinder_roi': (800, 190, 1000, 300)}",ok_cylinder_inside_confirmed
2026-09-19 15:31:38,2026-09-19,18090657,29236,30,108.65872955322266,,23.89349365234375,0.7731373906135559,798.2040405273438,189.80084228515625,971.8800659179688,291.6806640625,173.676025390625,101.87982177734375,17694.082513794303,885.0420532226562,240.74075317382812,1920,1080,809.00048828125,198.52940368652344,914.1016845703125,226.10580444335938,105.1011962890625,27.576400756835938,14.70184536435856,left,False,"{'safe_roi': (450, 80, 1500, 420), 'cylinder_roi': (800, 190, 1000, 300)}",ok_cylinder_inside_confirmed
2026-09-19 15:31:43,2026-09-19,18090733,29236,30,111.4273452758789,,20.33447265625,0.7689262628555298,797.492431640625,189.6470947265625,969.3760986328125,291.33099365234375,171.8836669921875,101.68389892578125,17477.801421426237,883.4342651367188,240.48904418945312,1920,1080,807.0882568359375,197.03213500976562,914.4228515625,226.95433044433594,107.3345947265625,29.922195434570312,15.577138011318064,left,False,"{'safe_roi': (450, 80, 1500, 420), 'cylinder_roi': (800, 190, 1000, 300)}",ok_cylinder_inside_confirmed
2026-09-19 15:31:48,2026-09-19,18090814,29236,30,109.97919464111328,,23.169281005859375,0.7677139639854431,796.0350952148438,190.4590301513672,968.4859008789062,291.3550720214844,172.4508056640625,100.89604187011719,17399.603708816692,882.260498046875,240.90704345703125,1920,1080,807.4364013671875,199.69427490234375,913.5490112304688,228.5999298095703,106.11260986328125,28.905654907226562,15.237955607131735,left,False,"{'safe_roi': (450, 80, 1500, 420), 'cylinder_roi': (800, 190, 1000, 300)}",ok_cylinder_inside_confirmed
2026-09-19 15:31:53,2026-09-19,18090894,29236,30,108.41316986083984,,22.692001342773438,0.76811683177948,797.5752563476562,190.75308227539062,970.0309448242188,291.3514099121094,172.4556884765625,100.59832763671875,17348.753852181137,883.8031005859375,241.05224609375,1920,1080,809.3583374023438,200.06661987304688,913.2654418945312,230.99765014648438,103.9071044921875,30.9310302734375,16.577197314587075,left,False,"{'safe_roi': (450, 80, 1500, 420), 'cylinder_roi': (800, 190, 1000, 300)}",ok_cylinder_inside_confirmed
2026-09-19 15:31:58,2026-09-19,18090973,29236,30,109.6972427368164,,19.982650756835938,0.7603031396865845,796.1842651367188,190.4784393310547,970.7095336914062,291.37567138671875,174.5252685546875,100.89723205566406,17609.116520939395,883.4468994140625,240.92706298828125,1920,1080,809.417724609375,198.6836700439453,915.2661743164062,227.4862823486328,105.84844970703125,28.8026123046875,15.222291005602298,left,False,"{'safe_roi': (450, 80, 1500, 420), 'cylinder_roi': (800, 190, 1000, 300)}",ok_cylinder_inside_confirmed
2026-09-19 15:32:03,2026-09-19,18091054,29236,30,107.79979705810547,,22.057601928710938,0.7693198919296265,795.806396484375,189.5104217529297,970.8985595703125,291.32318115234375,175.0921630859375,101.81275939941406,17826.616272991523,883.3524780273438,240.41680908203125,1920,1080,808.9511108398438,198.45095825195312,912.9963989257812,226.65335083007812,104.0452880859375,28.202392578125,15.166103686536887,left,False,"{'safe_roi': (450, 80, 1500, 420), 'cylinder_roi': (800, 190, 1000, 300)}",ok_cylinder_inside_confirmed
2026-09-19 15:32:08,2026-09-19,18091134,29236,30,109.2845230102539,,27.787155151367188,0.7711254358291626,796.7586669921875,189.73123168945312,973.89990234375,291.56207275390625,177.1412353515625,101.83084106445312,18038.440983045846,885.3292846679688,240.6466522216797,1920,1080,809.0845336914062,198.56568908691406,915.1705932617188,224.8117218017578,106.0860595703125,26.24603271484375,13.896125621043455,left,False,"{'safe_roi': (450, 80, 1500, 420), 'cylinder_roi': (800, 190, 1000, 300)}",ok_cylinder_inside_confirmed
2026-09-19 15:32:13,2026-09-19,18091214,29236,30,107.41172790527344,,23.806167602539062,0.7770147919654846,796.9031982421875,190.00479125976562,970.2818603515625,291.0404968261719,173.378662109375,101.03570556640625,17517.435456380248,883.592529296875,240.52264404296875,1920,1080,809.1793212890625,200.909423828125,913.1365966796875,227.93096923828125,103.957275390625,27.02154541015625,14.570423669199265,left,False,"{'safe_roi': (450, 80, 1500, 420), 'cylinder_roi': (800, 190, 1000, 300)}",ok_cylinder_inside_confirmed
2026-09-19 15:32:18,2026-09-19,18091296,29236,30,109.46040344238281,,21.532089233398438,0.7757030725479126,796.0564575195312,190.11322021484375,970.6312866210938,291.2398376464844,174.5748291015625,101.12661743164062,17654.161955747753,883.3438720703125,240.67652893066406,1920,1080,807.920166015625,199.33413696289062,914.040283203125,226.1688232421875,106.1201171875,26.834686279296875,14.190951473410111,left,False,"{'safe_roi': (450, 80, 1500, 420), 'cylinder_roi': (800, 190, 1000, 300)}",ok_cylinder_inside_confirmed
2026-09-19 15:32:23,2026-09-19,18091372,29236,30,109.43212127685547,,16.191192626953125,0.741173267364502,796.210693359375,189.7421875,970.5157470703125,291.40106201171875,174.3050537109375,101.65887451171875,17719.655581958592,883.3632202148438,240.57162475585938,1920,1080,810.713134765625,198.08319091796875,915.7572631835938,228.76087951660156,105.04412841796875,30.677688598632812,16.280218363867377,left,False,"{'safe_roi': (450, 80, 1500, 420), 'cylinder_roi': (800, 190, 1000, 300)}",ok_cylinder_inside_confirmed
2026-09-19 15:32:28,2026-09-19,18091448,29236,30,110.16537475585938,,23.223602294921875,0.7694982886314392,796.21923828125,190.03924560546875,972.0377197265625,291.1665954589844,175.8184814453125,101.12734985351562,17780.057083833963,884.1284790039062,240.60292053222656,1920,1080,808.8814086914062,200.7061767578125,915.8582153320312,227.0191650390625,106.976806640625,26.31298828125,13.818669814302849,left,False,"{'safe_roi': (450, 80, 1500, 420), 'cylinder_roi': (800, 190, 1000, 300)}",ok_cylinder_inside_confirmed
2026-09-19 15:32:33,2026-09-19,18091527,29236,30,109.0999526977539,,25.92767333984375,0.7695605754852295,797.2340698242188,189.69949340820312,974.5314331054688,291.8311462402344,177.29736328125,102.13165283203125,18107.67275467515,885.8827514648438,240.76531982421875,1920,1080,809.2528076171875,199.46075439453125,915.1810913085938,225.5758514404297,105.92828369140625,26.115097045898438,13.84927450314327,left,False,"{'safe_roi': (450, 80, 1500, 420), 'cylinder_roi': (800, 190, 1000, 300)}",ok_cylinder_inside_confirmed
2026-09-19 15:32:38,2026-09-19,18091608,29236,30,109.9435043334961,,23.124664306640625,0.7765647172927856,796.92626953125,189.9867401123047,972.350341796875,290.80816650390625,175.424072265625,100.82142639160156,17686.505189243704,884.6383056640625,240.3974609375,1920,1080,807.9779052734375,200.6534423828125,914.761962890625,226.82095336914062,106.7840576171875,26.167510986328125,13.769042533847118,left,False,"{'safe_roi': (450, 80, 1500, 420), 'cylinder_roi': (800, 190, 1000, 300)}",ok_cylinder_inside_confirmed
2026-09-19 15:32:43,2026-09-19,18091687,29236,30,110.85448455810547,,27.170883178710938,0.7753982543945312,797.9037475585938,189.864501953125,972.9212036132812,291.3193054199219,175.0174560546875,101.45480346679688,17756.36160728708,885.4124755859375,240.59190368652344,1920,1080,806.8134765625,202.66891479492188,914.953125,227.05197143554688,108.1396484375,24.383056640625,12.706420791039193,left,False,"{'safe_roi': (450, 80, 1500, 420), 'cylinder_roi': (800, 190, 1000, 300)}",ok_cylinder_inside_confirmed
2026-09-19 15:32:48,2026-09-19,18091764,29236,30,109.27020263671875,,18.460647583007812,0.7664697766304016,795.13330078125,189.70925903320312,970.0372314453125,291.4075927734375,174.9039306640625,101.69833374023438,17787.43831315264,882.5852661132812,240.5584259033203,1920,1080,808.9657592773438,198.45062255859375,914.270751953125,227.61972045898438,105.30499267578125,29.169097900390625,15.482536955259583,left,False,"{'safe_roi': (450, 80, 1500, 420), 'cylinder_roi': (800, 190, 1000, 300)}",ok_cylinder_inside_confirmed
2026-09-19 15:32:53,2026-09-19,18091845,29236,30,106.1592025756836,,23.696151733398438,0.7647193074226379,797.5880737304688,190.00328063964844,971.9727172851562,291.6199951171875,174.3846435546875,101.61671447753906,17720.394533364102,884.7803955078125,240.8116455078125,1920,1080,811.3609008789062,201.62814331054688,914.489990234375,226.81082153320312,103.12908935546875,25.18267822265625,13.722293784152958,left,False,"{'safe_roi': (450, 80, 1500, 420), 'cylinder_roi': (800, 190, 1000, 300)}",ok_cylinder_inside_confirmed
2026-09-19 15:32:58,2026-09-19,18091924,29236,30,106.69072723388672,,23.012557983398438,0.7567643523216248,798.0525512695312,190.16624450683594,973.3732299804688,291.2574462890625,175.3206787109375,101.09120178222656,17723.378108164296,885.712890625,240.71185302734375,1920,1080,811.9314575195312,201.3807830810547,915.53662109375,226.8539276123047,103.60516357421875,25.47314453125,13.813181849845083,left,False,"{'safe_roi': (450, 80, 1500, 420), 'cylinder_roi': (800, 190, 1000, 300)}",ok_cylinder_inside_confirmed
2026-09-19 15:33:04,2026-09-19,18092004,29236,30,108.68328094482422,,25.7088623046875,0.7609667778015137,796.8104248046875,189.67855834960938,971.516357421875,291.3873291015625,174.7059326171875,101.70877075195312,17769.125649567693,884.1633911132812,240.53294372558594,1920,1080,809.4434204101562,197.8456573486328,914.3893432617188,226.10177612304688,104.9459228515625,28.256118774414062,15.06922488217432,left,False,"{'safe_roi': (450, 80, 1500, 420), 'cylinder_roi': (800, 190, 1000, 300)}",ok_cylinder_inside_confirmed
2026-09-19 15:33:09,2026-09-19,18092085,29236,30,107.99677276611328,,21.58892822265625,0.7554232478141785,795.9238891601562,190.0384063720703,969.3386840820312,291.42041015625,173.414794921875,101.38200378417969,17581.139395002276,882.6312866210938,240.72940063476562,1920,1080,810.3128051757812,196.37489318847656,914.2723388671875,225.6275634765625,103.95953369140625,29.252670288085938,15.715814143117266,left,False,"{'safe_roi': (450, 80, 1500, 420), 'cylinder_roi': (800, 190, 1000, 300)}",ok_cylinder_inside_confirmed
2026-09-19 15:33:14,2026-09-19,18092165,29236,30,106.9010238647461,,23.08367919921875,0.7702367305755615,798.4708251953125,190.26400756835938,970.6724853515625,291.7099304199219,172.20166015625,101.4459228515625,17469.15633112192,884.5716552734375,240.98696899414062,1920,1080,809.7657470703125,199.66419982910156,913.00830078125,227.39151000976562,103.2425537109375,27.727310180664062,15.03290098805873,left,False,"{'safe_roi': (450, 80, 1500, 420), 'cylinder_roi': (800, 190, 1000, 300)}",ok_cylinder_inside_confirmed
2026-09-19 15:33:19,2026-09-19,18092245,29236,30,109.57978057861328,,19.491561889648438,0.7626328468322754,796.384765625,190.44029235839844,970.6395263671875,291.459716796875,174.2547607421875,101.01942443847656,17603.115635840222,883.5121459960938,240.95001220703125,1920,1080,809.9346923828125,198.47268676757812,915.4889526367188,227.9010009765625,105.55426025390625,29.428314208984375,15.578362624918555,left,False,"{'safe_roi': (450, 80, 1500, 420), 'cylinder_roi': (800, 190, 1000, 300)}",ok_cylinder_inside_confirmed
2026-09-19 15:33:24,2026-09-19,18092322,29236,30,108.29275512695312,,17.328506469726562,0.741205096244812,796.486572265625,189.56283569335938,970.3363037109375,291.394287109375,173.8497314453125,101.83145141601562,17703.370481360704,883.4114379882812,240.4785614013672,1920,1080,810.6495361328125,197.65660095214844,914.5010375976562,228.35165405273438,103.85150146484375,30.695053100585938,16.465928520647182,left,False,"{'safe_roi': (450, 80, 1500, 420), 'cylinder_roi': (800, 190, 1000, 300)}",ok_cylinder_inside_confirmed
2026-09-19 15:33:29,2026-09-19,18092403,29236,30,110.17756652832031,,16.350601196289062,0.7576371431350708,795.6688232421875,190.08802795410156,969.33837890625,290.43145751953125,173.6695556640625,100.34342956542969,17426.598826436326,882.5036010742188,240.25973510742188,1920,1080,809.9557495117188,196.38616943359375,915.5001220703125,228.00074768066406,105.54437255859375,31.614578247070312,16.674970085355525,left,False,"{'safe_roi': (450, 80, 1500, 420), 'cylinder_roi': (800, 190, 1000, 300)}",ok_cylinder_inside_confirmed
2026-09-19 15:33:34,2026-09-19,18092482,29236,30,111.89408874511719,,20.89794921875,0.7625860571861267,797.8831176757812,190.67056274414062,971.8013305664062,292.0675354003906,173.918212890625,101.39697265625,17634.78027689457,884.8422241210938,241.36904907226562,1920,1080,808.7835693359375,197.8330535888672,916.1613159179688,229.30218505859375,107.37774658203125,31.469131469726562,16.334246241561473,left,False,"{'safe_roi': (450, 80, 1500, 420), 'cylinder_roi': (800, 190, 1000, 300)}",ok_cylinder_inside_confirmed
2026-09-19 15:33:39,2026-09-19,18092562,29236,30,103.12824249267578,,25.72833251953125,0.7385314702987671,789.121826171875,187.64556884765625,968.427978515625,288.6710510253906,179.30615234375,101.02548217773438,18114.49049796164,878.77490234375,238.15830993652344,1920,1080,805.8118896484375,206.70408630371094,908.3161010742188,218.03195190429688,102.50421142578125,11.327865600585938,6.306237524512317,left,False,"{'safe_roi': (450, 80, 1500, 420), 'cylinder_roi': (800, 190, 1000, 300)}",ok_cylinder_inside_confirmed
2026-09-19 15:33:47,2026-09-19,18092684,29236,30,110.326171875,,33.172088623046875,0.7523047924041748,790.9517211914062,186.9300079345703,972.1452026367188,289.0947570800781,181.1934814453125,102.16474914550781,18511.586578661576,881.5484619140625,238.01239013671875,1920,1080,801.6971435546875,201.36575317382812,910.8634033203125,217.32171630859375,109.166259765625,15.955963134765625,8.31558536326096,left,False,"{'safe_roi': (450, 80, 1500, 420), 'cylinder_roi': (800, 190, 1000, 300)}",ok_cylinder_inside_confirmed
2026-09-19 15:33:53,2026-09-19,18092788,29236,30,93.54920196533203,,29.967514038085938,0.7689218521118164,789.5103149414062,188.25411987304688,970.2201538085938,290.78515625,180.7098388671875,102.53103637695312,18528.36706256494,879.865234375,239.51963806152344,1920,1080,814.3494262695312,209.43875122070312,907.7096557617188,215.3818817138672,93.3602294921875,5.9431304931640625,3.6424229873001273,left,False,"{'safe_roi': (450, 80, 1500, 420), 'cylinder_roi': (800, 190, 1000, 300)}",ok_cylinder_inside_confirmed
2026-09-19 15:33:58,2026-09-19,18092867,29236,30,109.94564056396484,,32.61895751953125,0.7583719491958618,788.322265625,188.6754608154297,970.3251953125,292.3465576171875,182.0029296875,103.67109680175781,18868.443341836333,879.32373046875,240.51101684570312,1920,1080,800.4461669921875,202.40951538085938,909.574951171875,215.78680419921875,109.1287841796875,13.377288818359375,6.9885994131830635,left,False,"{'safe_roi': (450, 80, 1500, 420), 'cylinder_roi': (800, 190, 1000, 300)}",ok_cylinder_inside_confirmed
2026-09-19 15:34:04,2026-09-19,18092955,29236,30,111.59954071044922,,35.62910461425781,0.7658859491348267,785.7572021484375,186.41921997070312,974.40625,292.79852294921875,188.6490478515625,106.37930297851562,20068.35421800986,880.0817260742188,239.60887145996094,1920,1080,800.18603515625,205.4384765625,911.14306640625,217.39651489257812,110.95703125,11.958038330078125,6.151127646593994,left,False,"{'safe_roi': (450, 80, 1500, 420), 'cylinder_roi': (800, 190, 1000, 300)}",ok_cylinder_inside_confirmed
2026-09-19 15:34:32,2026-09-19,18093392,29236,31,93.97437286376953,,30.127227783203125,0.7932824492454529,779.108154296875,185.9578399658203,960.5172119140625,289.55572509765625,181.4090576171875,103.59788513183594,18793.594712899998,869.8126831054688,237.75677490234375,1920,1080,811.6526489257812,204.15802001953125,904.7294921875,217.11502075195312,93.07684326171875,12.957000732421875,7.925075186542476,left,False,"{'safe_roi': (450, 80, 1500, 420), 'cylinder_roi': (800, 190, 1000, 300)}",ok_cylinder_inside_confirmed
2026-09-19 15:34:37,2026-09-19,18093469,29236,31,96.95256805419922,,30.810745239257812,0.8088293075561523,780.3873901367188,186.76048278808594,960.1334838867188,288.89776611328125,179.74609375,102.13728332519531,18358.77770394087,870.2604370117188,237.82913208007812,1920,1080,808.8287353515625,202.83816528320312,904.695068359375,217.3104248046875,95.8663330078125,14.472259521484375,8.584713996260422,left,False,"{'safe_roi': (450, 80, 1500, 420), 'cylinder_roi': (800, 190, 1000, 300)}",ok_cylinder_inside_confirmed
2026-09-19 15:34:42,2026-09-19,18093546,29236,31,97.2058334350586,,30.343521118164062,0.7890410423278809,778.4603271484375,186.0704803466797,962.81982421875,290.0022277832031,184.3594970703125,103.93174743652344,19160.8046870362,870.6400756835938,238.03634643554688,1920,1080,807.3088989257812,202.59190368652344,903.5579223632812,216.19700622558594,96.2490234375,13.6051025390625,8.045635572658721,left,False,"{'safe_roi': (450, 80, 1500, 420), 'cylinder_roi': (800, 190, 1000, 300)}",ok_cylinder_inside_confirmed
2026-09-19 15:35:00,2026-09-19,18093832,29236,31,99.03654479980469,,34.0294189453125,0.8032196164131165,779.8297729492188,185.93539428710938,960.5183715820312,290.7236328125,180.6885986328125,104.78823852539062,18934.039972353727,870.174072265625,238.3295135498047,1920,1080,807.344970703125,203.67416381835938,905.6881713867188,215.37255859375,98.34320068359375,11.698394775390625,6.783730124219402,left,False,"{'safe_roi': (450, 80, 1500, 420), 'cylinder_roi': (800, 190, 1000, 300)}",ok_cylinder_inside_confirmed
2026-09-19 15:35:05,2026-09-19,18093912,29236,31,96.47156524658203,,29.907745361328125,0.818996787071228,779.4691772460938,186.5943603515625,959.3206176757812,288.66204833984375,179.8514404296875,102.06768798828125,18357.020706020296,869.3948974609375,237.62820434570312,1920,1080,806.0569458007812,203.14151000976562,901.643798828125,216.17669677734375,95.58685302734375,13.035186767578125,7.765528455728942,left,False,"{'safe_roi': (450, 80, 1500, 420), 'cylinder_roi': (800, 190, 1000, 300)}",ok_cylinder_inside_confirmed
2026-09-19 15:35:10,2026-09-19,18093993,29236,31,94.94490814208984,,31.151885986328125,0.7911162376403809,777.9698486328125,186.59051513671875,959.1466064453125,289.8590393066406,181.1767578125,103.26852416992188,18709.856393188238,868.5582275390625,238.2247772216797,1920,1080,807.2181396484375,202.91177368164062,901.3772583007812,215.10177612304688,94.15911865234375,12.19000244140625,7.376582016307701,left,False,"{'safe_roi': (450, 80, 1500, 420), 'cylinder_roi': (800, 190, 1000, 300)}",ok_cylinder_inside_confirmed
2026-09-19 15:35:16,2026-09-19,18094072,29236,31,96.35646057128906,,32.079437255859375,0.7595493197441101,778.0579833984375,186.73294067382812,959.25537109375,289.78338623046875,181.1973876953125,103.05044555664062,18672.471535701305,868.6566772460938,238.25816345214844,1920,1080,804.2352294921875,202.8317413330078,900.0259399414062,213.25799560546875,95.79071044921875,10.426254272460938,6.211854243141413,left,False,"{'safe_roi': (450, 80, 1500, 420), 'cylinder_roi': (800, 190, 1000, 300)}",ok_cylinder_inside_confirmed
2026-09-19 15:35:21,2026-09-19,18094151,29236,31,94.84244537353516,,32.93475341796875,0.7960114479064941,779.5399169921875,187.1953887939453,959.332275390625,289.73370361328125,179.7923583984375,102.53831481933594,18435.605447569862,869.4360961914062,238.46453857421875,1920,1080,805.505615234375,206.612060546875,899.88525390625,215.97010803222656,94.379638671875,9.358047485351562,5.6625540143955035,left,False,"{'safe_roi': (450, 80, 1500, 420), 'cylinder_roi': (800, 190, 1000, 300)}",ok_cylinder_inside_confirmed
2026-09-19 15:35:26,2026-09-19,18094230,29236,31,102.31101989746094,,31.30841064453125,0.7347097396850586,779.2076416015625,186.988525390625,958.8936767578125,290.9352111816406,179.68603515625,103.94668579101562,18677.767837420106,869.0506591796875,238.9618682861328,1920,1080,800.7483520507812,203.99790954589844,902.31005859375,216.35772705078125,101.56170654296875,12.359817504882812,6.938639519817844,left,False,"{'safe_roi': (450, 80, 1500, 420), 'cylinder_roi': (800, 190, 1000, 300)}",ok_cylinder_inside_confirmed
2026-09-19 15:35:31,2026-09-19,18094309,29236,31,95.56060028076172,,32.746002197265625,0.7700209021568298,779.8416748046875,186.59596252441406,961.4110107421875,289.9602355957031,181.5693359375,103.36427307128906,18767.78242121637,870.6263427734375,238.27810668945312,1920,1080,806.096435546875,205.55929565429688,901.1731567382812,215.1637725830078,95.07672119140625,9.604476928710938,5.76834687192221,left,False,"{'safe_roi': (450, 80, 1500, 420), 'cylinder_roi': (800, 190, 1000, 300)}",ok_cylinder_inside_confirmed
2026-09-19 15:35:36,2026-09-19,18094387,29236,31,96.66497039794922,,31.788619995117188,0.7979701161384583,779.7620849609375,186.78671264648438,960.5615234375,290.26318359375,180.7994384765625,103.47647094726562,18708.48784280196,870.1618041992188,238.5249481201172,1920,1080,804.8067016601562,206.79055786132812,900.9814453125,216.51348876953125,96.17474365234375,9.722930908203125,5.7727897073936845,left,False,"{'safe_roi': (450, 80, 1500, 420), 'cylinder_roi': (800, 190, 1000, 300)}",ok_cylinder_inside_confirmed
2026-09-19 15:35:41,2026-09-19,18094463,29236,31,97.3080825805664,,32.8804931640625,0.7923098802566528,780.0010375976562,186.6324462890625,961.0662231445312,290.73907470703125,181.065185546875,104.10662841796875,18850.08599115908,870.5336303710938,238.68576049804688,1920,1080,804.25634765625,206.09286499023438,901.1588134765625,214.9684295654297,96.9024658203125,8.875564575195312,5.233276948058474,left,False,"{'safe_roi': (450, 80, 1500, 420), 'cylinder_roi': (800, 190, 1000, 300)}",ok_cylinder_inside_confirmed
2026-09-19 15:35:46,2026-09-19,18094542,29236,31,96.30330657958984,,31.3955078125,0.8061529994010925,780.0143432617188,186.9387969970703,960.4624633789062,291.1041259765625,180.4481201171875,104.16532897949219,18796.43779573776,870.2384033203125,239.02145385742188,1920,1080,805.0598754882812,206.97462463378906,901.0025634765625,215.30096435546875,95.94268798828125,8.326339721679688,4.959959329011336,left,False,"{'safe_roi': (450, 80, 1500, 420), 'cylinder_roi': (800, 190, 1000, 300)}",ok_cylinder_inside_confirmed
2026-09-19 15:35:51,2026-09-19,18094623,29236,31,95.37022399902344,,32.593963623046875,0.7994808554649353,775.0817260742188,185.69937133789062,957.4254760742188,291.0347900390625,182.34375,105.33541870117188,19207.25525379181,866.2536010742188,238.36708068847656,1920,1080,805.0375366210938,207.8163604736328,900.033203125,216.26048278808594,94.99566650390625,8.444122314453125,5.079645601703904,left,False,"{'safe_roi': (450, 80, 1500, 420), 'cylinder_roi': (800, 190, 1000, 300)}",ok_cylinder_inside_confirmed
2026-09-19 15:35:56,2026-09-19,18094702,29236,31,98.12467956542969,,31.462509155273438,0.7899590134620667,777.6961059570312,187.78965759277344,958.6679077148438,291.8409118652344,180.9718017578125,104.05125427246094,18830.34296084754,868.1820068359375,239.81527709960938,1920,1080,806.6013793945312,202.5061492919922,903.9502563476562,214.82070922851562,97.348876953125,12.314559936523438,7.209579839702739,left,False,"{'safe_roi': (450, 80, 1500, 420), 'cylinder_roi': (800, 190, 1000, 300)}",ok_cylinder_inside_confirmed
2026-09-19 15:36:01,2026-09-19,18094784,29236,31,83.74658966064453,,29.331756591796875,0.7261569499969482,785.704833984375,187.36239624023438,952.1964111328125,289.7789001464844,166.4915771484375,102.41650390625,17051.485261380672,868.9506225585938,238.57064819335938,1920,1080,810.1016845703125,204.28411865234375,893.2259521484375,214.47470092773438,83.124267578125,10.190582275390625,6.989274689656238,left,False,"{'safe_roi': (450, 80, 1500, 420), 'cylinder_roi': (800, 190, 1000, 300)}",ok_cylinder_inside_confirmed
2026-09-19 15:36:06,2026-09-19,18094863,29236,31,90.03952026367188,,32.51202392578125,0.7918199896812439,785.6211547851562,187.17575073242188,955.6320190429688,290.84185791015625,170.0108642578125,103.66610717773438,17624.36447552964,870.6265869140625,239.00880432128906,1920,1080,810.9542236328125,204.5848388671875,900.2445678710938,216.17578125,89.29034423828125,11.5909423828125,7.396309322206044,left,False,"{'safe_roi': (450, 80, 1500, 420), 'cylinder_roi': (800, 190, 1000, 300)}",ok_cylinder_inside_confirmed
2026-09-19 15:38:23,2026-09-19,18097012,29236,32,120.0812759399414,,41.82215881347656,0.7901409268379211,828.4137573242188,184.9864959716797,1024.4078369140625,297.90789794921875,195.99407958984375,112.92140197753906,22131.92624658253,926.4107666015625,241.44720458984375,1920,1080,828.6273803710938,205.92355346679688,948.577392578125,211.5367431640625,119.95001220703125,5.613189697265625,2.67926295435574,left,False,"{'safe_roi': (450, 80, 1500, 420), 'cylinder_roi': (800, 190, 1000, 300)}",ok_cylinder_inside_confirmed
2026-09-19 15:38:28,2026-09-19,18097090,29236,32,107.21979522705078,,45.0107421875,0.7988987565040588,832.78857421875,186.90032958984375,1016.47802734375,299.5232238769531,183.689453125,112.62289428710938,20687.637860953808,924.63330078125,243.21177673339844,1920,1080,834.5816650390625,214.1809844970703,941.7827758789062,216.182373046875,107.20111083984375,2.0013885498046875,1.069557918849101,left,False,"{'safe_roi': (450, 80, 1500, 420), 'cylinder_roi': (800, 190, 1000, 300)}",ok_cylinder_inside_confirmed
2026-09-19 15:38:33,2026-09-19,18097168,29236,32,104.11737823486328,,41.01878356933594,0.7743411660194397,833.84033203125,188.04931640625,1004.77734375,299.7130126953125,170.93701171875,111.6636962890625,19087.458561122417,919.308837890625,243.88116455078125,1920,1080,838.217041015625,209.35818481445312,941.880126953125,219.07382202148438,103.6630859375,9.71563720703125,5.354303477283875,left,False,"{'safe_roi': (450, 80, 1500, 420), 'cylinder_roi': (800, 190, 1000, 300)}",ok_cylinder_inside_confirmed
2026-09-19 15:38:38,2026-09-19,18097248,29236,32,114.09154510498047,,37.74449157714844,0.7444658875465393,825.9306030273438,191.8457794189453,994.6395874023438,297.6448974609375,168.708984375,105.79911804199219,17849.26175263524,910.2850952148438,244.74533081054688,1920,1080,829.9601440429688,204.75051879882812,941.1019287109375,230.52618408203125,111.14178466796875,25.775665283203125,13.057036387866201,left,False,"{'safe_roi': (450, 80, 1500, 420), 'cylinder_roi': (800, 190, 1000, 300)}",ok_cylinder_inside_confirmed
2026-09-19 15:38:43,2026-09-19,18097328,29236,32,96.23028564453125,,34.692779541015625,0.7640683054924011,826.5032348632812,189.4931182861328,1000.5092163085938,296.8851623535156,174.0059814453125,107.39204406738281,18686.858027363196,913.5062255859375,243.18914794921875,1920,1080,841.7005615234375,213.47146606445312,937.5462646484375,222.06614685058594,95.845703125,8.594680786132812,5.124124900429851,left,False,"{'safe_roi': (450, 80, 1500, 420), 'cylinder_roi': (800, 190, 1000, 300)}",ok_cylinder_inside_confirmed
2026-09-19 15:38:48,2026-09-19,18097406,29236,32,110.163818359375,,40.495635986328125,0.7586525678634644,822.1495971679688,189.28358459472656,997.3817749023438,295.7934265136719,175.232177734375,106.50984191894531,18663.95154960081,909.7656860351562,242.53851318359375,1920,1080,827.0025634765625,201.78518676757812,934.5101318359375,225.83074951171875,107.507568359375,24.045562744140625,12.607498900484545,left,False,"{'safe_roi': (450, 80, 1500, 420), 'cylinder_roi': (800, 190, 1000, 300)}",ok_cylinder_inside_confirmed
2026-09-19 15:38:53,2026-09-19,18097484,29236,32,114.6879653930664,,38.515106201171875,0.7468662858009338,822.9908447265625,189.89572143554688,992.8399658203125,294.7542724609375,169.84912109375,104.85855102539062,17810.132730826735,907.9154052734375,242.3249969482422,1920,1080,823.6886596679688,197.29995727539062,935.7130126953125,221.87380981445312,112.02435302734375,24.5738525390625,12.372530334194124,left,False,"{'safe_roi': (450, 80, 1500, 420), 'cylinder_roi': (800, 190, 1000, 300)}",ok_cylinder_inside_confirmed
2026-09-19 15:38:58,2026-09-19,18097558,29236,32,103.65303802490234,,39.055267333984375,0.7619452476501465,822.7698974609375,190.14218139648438,993.565185546875,293.48602294921875,170.7952880859375,103.34384155273438,17650.641189906746,908.1675415039062,241.81410217285156,1920,1080,824.4847412109375,201.89295959472656,926.0076904296875,222.79855346679688,101.52294921875,20.905593872070312,11.635696882987205,left,False,"{'safe_roi': (450, 80, 1500, 420), 'cylinder_roi': (800, 190, 1000, 300)}",ok_cylinder_inside_confirmed
2026-09-19 15:39:03,2026-09-19,18097636,29236,32,109.25860595703125,,41.0164794921875,0.7587239742279053,822.1753540039062,187.86402893066406,993.9060668945312,294.6732177734375,171.730712890625,106.80918884277344,18342.418143238872,908.0407104492188,241.26861572265625,1920,1080,822.5348510742188,203.76504516601562,929.7817993164062,224.634521484375,107.2469482421875,20.869476318359375,11.011727172112241,left,False,"{'safe_roi': (450, 80, 1500, 420), 'cylinder_roi': (800, 190, 1000, 300)}",ok_cylinder_inside_confirmed
2026-09-19 15:39:08,2026-09-19,18097708,29236,32,109.92431640625,,36.05473327636719,0.7472521066665649,819.3582153320312,189.20361328125,991.6664428710938,293.6291198730469,172.3082275390625,104.42550659179688,17993.373950701207,905.5123291015625,241.41636657714844,1920,1080,826.0420532226562,199.02012634277344,934.1142578125,219.11375427246094,108.07220458984375,20.0936279296875,10.532609818335768,left,False,"{'safe_roi': (450, 80, 1500, 420), 'cylinder_roi': (800, 190, 1000, 300)}",ok_cylinder_inside_confirmed
2026-09-19 15:39:13,2026-09-19,18097782,29236,32,112.76171112060547,,39.03752136230469,0.7491611838340759,820.0003051757812,189.5452117919922,992.7007446289062,294.4664611816406,172.700439453125,104.92124938964844,18119.94587756321,906.3505249023438,242.00582885742188,1920,1080,821.854736328125,197.15066528320312,932.5394287109375,218.69369506835938,110.6846923828125,21.54302978515625,11.014018195821903,left,False,"{'safe_roi': (450, 80, 1500, 420), 'cylinder_roi': (800, 190, 1000, 300)}",ok_cylinder_inside_confirmed
2026-09-19 15:39:18,2026-09-19,18097861,29236,32,113.7808609008789,,38.43220520019531,0.7584216594696045,821.8038330078125,188.556884765625,994.08984375,294.3279724121094,172.2860107421875,105.77108764648438,18222.878742475063,907.9468383789062,241.4424285888672,1920,1080,821.523193359375,196.11837768554688,932.9321899414062,219.22940063476562,111.40899658203125,23.11102294921875,11.719393077114901,left,False,"{'safe_roi': (450, 80, 1500, 420), 'cylinder_roi': (800, 190, 1000, 300)}",ok_cylinder_inside_confirmed
2026-09-19 15:39:23,2026-09-19,18097944,29236,32,116.45943450927734,,38.768035888671875,0.7535039186477661,820.398193359375,187.6903533935547,1006.76416015625,294.4211120605469,186.365966796875,106.73075866699219,19890.981025937945,913.5811767578125,241.05572509765625,1920,1080,823.9529418945312,200.9919891357422,939.1202392578125,218.2921142578125,115.16729736328125,17.300125122070312,8.542943894494226,left,False,"{'safe_roi': (450, 80, 1500, 420), 'cylinder_roi': (800, 190, 1000, 300)}",ok_cylinder_inside_confirmed
2026-09-19 15:39:28,2026-09-19,18098025,29236,32,99.11368560791016,,35.02935791015625,0.766616940498352,816.6995849609375,187.4049072265625,1003.7275390625,299.466552734375,187.0279541015625,112.0616455078125,20958.660292580724,910.2135620117188,243.43572998046875,1920,1080,839.404296875,216.616455078125,938.5112915039062,217.7679443359375,99.10699462890625,1.1514892578125,0.6656695258785778,left,False,"{'safe_roi': (450, 80, 1500, 420), 'cylinder_roi': (800, 190, 1000, 300)}",ok_cylinder_inside_confirmed
2026-09-19 15:39:35,2026-09-19,18098137,29236,32,93.05013275146484,,29.06512451171875,0.7976033091545105,822.8196411132812,186.08465576171875,997.6039428710938,296.07403564453125,174.7843017578125,109.9893798828125,19224.41696359217,910.2117919921875,241.079345703125,1920,1080,843.9063720703125,216.5126953125,936.8433837890625,221.0995330810547,92.93701171875,4.5868377685546875,2.8254983327535337,left,False,"{'safe_roi': (450, 80, 1500, 420), 'cylinder_roi': (800, 190, 1000, 300)}",ok_cylinder_inside_confirmed
2026-09-19 15:39:41,2026-09-19,18098236,29236,32,101.12128448486328,,38.826171875,0.7860419750213623,821.81982421875,185.3775634765625,999.0096435546875,294.55548095703125,177.1898193359375,109.17791748046875,19345.21547383815,910.4147338867188,239.96652221679688,1920,1080,828.0244750976562,212.01556396484375,928.7061767578125,221.43408203125,100.68170166015625,9.41851806640625,5.344321587775548,left,False,"{'safe_roi': (450, 80, 1500, 420), 'cylinder_roi': (800, 190, 1000, 300)}",ok_cylinder_inside_confirmed
2026-09-19 15:39:46,2026-09-19,18098313,29236,32,114.3130111694336,,31.83062744140625,0.7357181310653687,820.891357421875,186.88221740722656,993.8121337890625,292.8438720703125,172.9207763671875,105.96165466308594,18322.971589492634,907.3517456054688,239.863037109375,1920,1080,822.6839599609375,202.49728393554688,936.1253662109375,216.58673095703125,113.44140625,14.089447021484375,7.079892588490892,left,False,"{'safe_roi': (450, 80, 1500, 420), 'cylinder_roi': (800, 190, 1000, 300)}",ok_cylinder_inside_confirmed
2026-09-19 15:39:51,2026-09-19,18098393,29236,32,114.83122253417969,,31.23419189453125,0.7610306739807129,819.03857421875,187.03176879882812,992.3570556640625,292.4477233886719,173.3184814453125,105.41595458984375,18270.53316961974,905.6978149414062,239.73974609375,1920,1080,820.501953125,207.1553955078125,934.5272216796875,220.736572265625,114.0252685546875,13.5811767578125,6.792313973106876,left,False,"{'safe_roi': (450, 80, 1500, 420), 'cylinder_roi': (800, 190, 1000, 300)}",ok_cylinder_inside_confirmed
2026-09-19 15:39:56,2026-09-19,18098469,29236,32,116.6551742553711,,32.26756286621094,0.7506029605865479,816.805908203125,186.9182891845703,992.805419921875,292.563232421875,175.99951171875,105.64494323730469,18593.458425320685,904.8056640625,239.74075317382812,1920,1080,820.2752685546875,207.55435180664062,935.9252319335938,222.83558654785156,115.64996337890625,15.281234741210938,7.527088336541838,left,False,"{'safe_roi': (450, 80, 1500, 420), 'cylinder_roi': (800, 190, 1000, 300)}",ok_cylinder_inside_confirmed
2026-09-19 15:40:01,2026-09-19,18098547,29236,32,114.0387191772461,,33.04473876953125,0.7533329725265503,816.1129150390625,186.58363342285156,992.0531005859375,293.41082763671875,175.940185546875,106.82719421386719,18795.196371439844,904.0830078125,239.99722290039062,1920,1080,819.512451171875,207.56056213378906,932.4237060546875,223.5567626953125,112.9112548828125,15.996200561523438,8.06346477466922,left,False,"{'safe_roi': (450, 80, 1500, 420), 'cylinder_roi': (800, 190, 1000, 300)}",ok_cylinder_inside_confirmed
2026-09-19 15:40:06,2026-09-19,18098627,29236,32,97.54701232910156,,32.411529541015625,0.7719370126724243,817.7802734375,187.51904296875,993.1534423828125,292.8803405761719,175.3731689453125,105.36129760742188,18477.544645603746,905.4668579101562,240.19969177246094,1920,1080,824.458984375,212.10610961914062,921.0394287109375,225.80419921875,96.5804443359375,13.698089599609375,8.072469683029599,left,False,"{'safe_roi': (450, 80, 1500, 420), 'cylinder_roi': (800, 190, 1000, 300)}",ok_cylinder_inside_confirmed
2026-09-19 15:40:12,2026-09-19,18098700,29236,32,104.97023010253906,,33.48394775390625,0.7780871391296387,815.5721435546875,187.59495544433594,989.255859375,293.68511962890625,173.6837158203125,106.09016418457031,18426.133927563205,902.4140014648438,240.64004516601562,1920,1080,817.7440795898438,209.8717041015625,921.5901489257812,225.19302368164062,103.8460693359375,15.321319580078125,8.392800109231269,left,False,"{'safe_roi': (450, 80, 1500, 420), 'cylinder_roi': (800, 190, 1000, 300)}",ok_cylinder_inside_confirmed
2026-09-19 15:40:20,2026-09-19,18098842,29236,32,87.11892700195312,,27.8353271484375,0.7802343964576721,811.7537231445312,189.22344970703125,979.8861694335938,293.0771179199219,168.1324462890625,103.85366821289062,17461.17129272595,895.8199462890625,241.15028381347656,1920,1080,834.3067626953125,211.2694091796875,920.7761840820312,221.88763427734375,86.46942138671875,10.61822509765625,7.000727944814222,left,False,"{'safe_roi': (450, 80, 1500, 420), 'cylinder_roi': (800, 190, 1000, 300)}",ok_cylinder_inside_confirmed
2026-09-19 15:40:33,2026-09-19,18099035,29236,32,86.25334930419922,,29.676193237304688,0.7697350382804871,812.7664794921875,187.90159606933594,983.66845703125,291.6274719238281,170.9019775390625,103.72587585449219,17726.95730550401,898.2174682617188,239.7645263671875,1920,1080,835.4161376953125,216.60305786132812,921.3533935546875,223.98062133789062,85.937255859375,7.3775634765625,4.906712272920001,left,False,"{'safe_roi': (450, 80, 1500, 420), 'cylinder_roi': (800, 190, 1000, 300)}",ok_cylinder_inside_confirmed
2026-09-19 15:40:38,2026-09-19,18099113,29236,32,96.0820083618164,,31.014236450195312,0.7719433903694153,811.5455932617188,188.48898315429688,981.6563110351562,291.68505859375,170.1107177734375,103.19607543945312,17554.758464407176,896.6009521484375,240.08702087402344,1920,1080,821.0272216796875,214.25146484375,916.3134765625,226.59173583984375,95.2862548828125,12.34027099609375,7.379153096482292,left,False,"{'safe_roi': (450, 80, 1500, 420), 'cylinder_roi': (800, 190, 1000, 300)}",ok_cylinder_inside_confirmed
2026-09-19 15:40:43,2026-09-19,18099192,29236,32,85.43275451660156,,27.67291259765625,0.7961584329605103,811.4097900390625,188.6761474609375,981.1885986328125,292.1587829589844,169.77880859375,103.48263549804688,17569.1585649997,896.2991943359375,240.41746520996094,1920,1080,836.8546142578125,211.59124755859375,921.7869873046875,220.82421875,84.932373046875,9.23297119140625,6.204242314579398,left,False,"{'safe_roi': (450, 80, 1500, 420), 'cylinder_roi': (800, 190, 1000, 300)}",ok_cylinder_inside_confirmed
2026-09-19 15:40:48,2026-09-19,18099270,29236,32,91.39942169189453,,29.640045166015625,0.7722771763801575,809.424072265625,188.43679809570312,979.6058349609375,291.50323486328125,170.1817626953125,103.06643676757812,17540.02788383141,894.5149536132812,239.9700164794922,1920,1080,827.9577026367188,212.78004455566406,918.69189453125,223.787353515625,90.73419189453125,11.007308959960938,6.916968056018316,left,False,"{'safe_roi': (450, 80, 1500, 420), 'cylinder_roi': (800, 190, 1000, 300)}",ok_cylinder_inside_confirmed
2026-09-19 15:40:53,2026-09-19,18099351,29236,32,88.80657196044922,,27.857025146484375,0.7894991040229797,809.0848999023438,188.84503173828125,979.4750366210938,292.0544738769531,170.39013671875,103.20944213867188,17585.870956674218,894.2799682617188,240.4497528076172,1920,1080,833.0171508789062,214.21591186523438,921.413330078125,222.74368286132812,88.39617919921875,8.52777099609375,5.5103953915903725,left,False,"{'safe_roi': (450, 80, 1500, 420), 'cylinder_roi': (800, 190, 1000, 300)}",ok_cylinder_inside_confirmed
2026-09-19 15:40:59,2026-09-19,18099445,29236,32,91.22386169433594,,28.53216552734375,0.7531737089157104,802.4854125976562,190.81678771972656,980.1480102539062,290.02593994140625,177.66259765625,99.20915222167969,17625.75569497794,891.3167114257812,240.42135620117188,1920,1080,827.9292602539062,219.8818359375,918.9249267578125,226.33021545410156,90.99566650390625,6.4483795166015625,4.053471355587283,left,False,"{'safe_roi': (450, 80, 1500, 420), 'cylinder_roi': (800, 190, 1000, 300)}",ok_cylinder_inside_confirmed
2026-09-19 15:41:09,2026-09-19,18099603,29236,32,96.10832977294922,,29.379058837890625,0.7473312020301819,801.571533203125,191.06808471679688,981.06982421875,291.2072448730469,179.498291015625,100.13916015625,17974.808111786842,891.3206787109375,241.13766479492188,1920,1080,818.2719116210938,217.51486206054688,913.6536865234375,229.31011962890625,95.38177490234375,11.795257568359375,7.049614224480564,left,False,"{'safe_roi': (450, 80, 1500, 420), 'cylinder_roi': (800, 190, 1000, 300)}",ok_cylinder_inside_confirmed
2026-09-19 15:41:23,2026-09-19,18099832,29236,32,94.66744232177734,,27.377517700195312,0.7785078883171082,800.6851806640625,190.3452606201172,985.170654296875,292.1964111328125,184.4854736328125,101.85115051269531,18790.05774238147,892.9279174804688,241.27084350585938,1920,1080,821.8629760742188,219.56349182128906,916.0318603515625,229.266357421875,94.16888427734375,9.702865600585938,5.8828170022727555,left,False,"{'safe_roi': (450, 80, 1500, 420), 'cylinder_roi': (800, 190, 1000, 300)}",ok_cylinder_inside_confirmed
2026-09-19 15:41:35,2026-09-19,18100020,29236,32,106.1524658203125,,25.859207153320312,0.7569596767425537,801.0594482421875,189.00308227539062,982.9888916015625,292.5207214355469,181.929443359375,103.51763916015625,18832.906470283866,892.024169921875,240.76190185546875,1920,1080,811.7161254882812,211.3677215576172,915.735595703125,232.54071044921875,104.01947021484375,21.172988891601562,11.505283055420565,left,False,"{'safe_roi': (450, 80, 1500, 420), 'cylinder_roi': (800, 190, 1000, 300)}",ok_cylinder_inside_confirmed
2026-09-19 15:41:52,2026-09-19,18100282,29236,32,95.33248138427734,,27.805511474609375,0.7685928344726562,803.0543823242188,187.9111785888672,986.2217407226562,290.926513671875,183.1673583984375,103.01533508300781,18869.046801684424,894.6380615234375,239.41885375976562,1920,1080,825.209228515625,218.409423828125,920.206787109375,226.39356994628906,94.99755859375,7.9841461181640625,4.8041792848971925,left,False,"{'safe_roi': (450, 80, 1500, 420), 'cylinder_roi': (800, 190, 1000, 300)}",ok_cylinder_inside_confirmed
2026-09-19 15:41:57,2026-09-19,18100361,29236,32,108.13619995117188,,19.655975341796875,0.730417788028717,801.27685546875,188.90061950683594,982.845703125,292.17681884765625,181.56884765625,103.27619934082031,18751.74050462991,892.061279296875,240.53872680664062,1920,1080,813.038818359375,208.2828826904297,918.822998046875,230.71376037597656,105.7841796875,22.430877685546875,11.971887058799544,left,False,"{'safe_roi': (450, 80, 1500, 420), 'cylinder_roi': (800, 190, 1000, 300)}",ok_cylinder_inside_confirmed
2026-09-19 15:42:05,2026-09-19,18100491,29236,32,90.11644744873047,,25.7332763671875,0.7720483541488647,801.2249145507812,188.63607788085938,981.4236450195312,291.27960205078125,180.19873046875,102.64352416992188,18496.232746258378,891.3242797851562,239.9578399658203,1920,1080,826.2891235351562,217.28163146972656,916.117431640625,224.48226928710938,89.82830810546875,7.2006378173828125,4.583030576307431,left,False,"{'safe_roi': (450, 80, 1500, 420), 'cylinder_roi': (800, 190, 1000, 300)}",ok_cylinder_inside_confirmed
2026-09-19 15:42:19,2026-09-19,18100715,29236,32,91.88981628417969,,26.80029296875,0.7683238387107849,800.9351806640625,190.08131408691406,981.330322265625,292.0001220703125,180.3951416015625,101.91880798339844,18385.65779802762,891.1327514648438,241.04071044921875,1920,1080,824.4835205078125,213.35946655273438,915.804931640625,223.56427001953125,91.3214111328125,10.204803466796875,6.376122731799517,left,False,"{'safe_roi': (450, 80, 1500, 420), 'cylinder_roi': (800, 190, 1000, 300)}",ok_cylinder_inside_confirmed
2026-09-19 15:42:27,2026-09-19,18100826,29236,32,106.21864318847656,,19.661575317382812,0.76308673620224,800.1299438476562,190.09349060058594,981.8643188476562,291.336181640625,181.734375,101.24269104003906,18399.2771794796,890.9971313476562,240.71484375,1920,1080,813.3143310546875,208.4501495361328,917.1017456054688,231.04600524902344,103.78741455078125,22.595855712890625,12.282365389568998,left,False,"{'safe_roi': (450, 80, 1500, 420), 'cylinder_roi': (800, 190, 1000, 300)}",ok_cylinder_inside_confirmed
2026-09-19 15:42:32,2026-09-19,18100902,29236,32,97.86947631835938,,24.0113525390625,0.7678508758544922,799.8681030273438,189.89369201660156,980.1358032226562,291.3017578125,180.2677001953125,101.40806579589844,18280.598802281544,890.001953125,240.59771728515625,1920,1080,818.1116943359375,212.69326782226562,914.7579345703125,228.11851501464844,96.646240234375,15.425247192382812,9.068222528406173,left,False,"{'safe_roi': (450, 80, 1500, 420), 'cylinder_roi': (800, 190, 1000, 300)}",ok_cylinder_inside_confirmed
2026-09-19 15:42:37,2026-09-19,18100980,29236,32,105.21046447753906,,21.78228759765625,0.7644340991973877,800.3529052734375,189.62939453125,980.7901611328125,290.47705078125,180.437255859375,100.84765625,18196.67435359955,890.571533203125,240.05322265625,1920,1080,813.036376953125,208.3763427734375,915.726318359375,231.26776123046875,102.68994140625,22.89141845703125,12.566781715849709,left,False,"{'safe_roi': (450, 80, 1500, 420), 'cylinder_roi': (800, 190, 1000, 300)}",ok_cylinder_inside_confirmed
2026-09-19 15:42:42,2026-09-19,18101061,29236,32,104.15982818603516,,21.187149047851562,0.7624740600585938,798.547607421875,188.9369659423828,981.28271484375,290.8526306152344,182.735107421875,101.91566467285156,18623.56993196532,889.9151611328125,239.89480590820312,1920,1080,814.1229858398438,209.5397491455078,916.2763061523438,229.885986328125,102.1533203125,20.346237182617188,11.264393159930593,left,False,"{'safe_roi': (450, 80, 1500, 420), 'cylinder_roi': (800, 190, 1000, 300)}",ok_cylinder_inside_confirmed
2026-09-19 15:42:47,2026-09-19,18101140,29236,32,106.00248718261719,,19.264312744140625,0.7605436444282532,796.7999267578125,189.2954864501953,981.7158203125,291.45587158203125,184.9158935546875,102.16038513183594,18891.078902544454,889.2578735351562,240.37567138671875,1920,1080,811.0831909179688,208.568115234375,914.61767578125,231.30877685546875,103.53448486328125,22.74066162109375,12.387926179310698,left,False,"{'safe_roi': (450, 80, 1500, 420), 'cylinder_roi': (800, 190, 1000, 300)}",ok_cylinder_inside_confirmed
2026-09-19 15:42:52,2026-09-19,18101223,29236,32,106.9007797241211,,20.224014282226562,0.7559872269630432,797.1914672851562,189.61032104492188,982.3330688476562,290.654296875,185.1416015625,101.04397583007812,18707.443513423204,889.7622680664062,240.13230895996094,1920,1080,810.9446411132812,209.84063720703125,915.4732666015625,232.23580932617188,104.52862548828125,22.395172119140625,12.09275560747234,left,False,"{'safe_roi': (450, 80, 1500, 420), 'cylinder_roi': (800, 190, 1000, 300)}",ok_cylinder_inside_confirmed
2026-09-19 15:42:57,2026-09-19,18101300,29236,32,109.29365539550781,,18.573089599609375,0.7571094632148743,795.03271484375,191.1566619873047,980.6241455078125,291.335205078125,185.5914306640625,100.17854309082031,18592.279134066775,887.8284301757812,241.24594116210938,1920,1080,806.3318481445312,210.4233856201172,913.1041259765625,233.7639923095703,106.77227783203125,23.340606689453125,12.330980773521402,left,False,"{'safe_roi': (450, 80, 1500, 420), 'cylinder_roi': (800, 190, 1000, 300)}",ok_cylinder_inside_confirmed
2026-09-19 15:43:02,2026-09-19,18101379,29236,32,109.60694885253906,,20.475006103515625,0.7646927833557129,796.2876586914062,191.73782348632812,981.7413940429688,290.62799072265625,185.4537353515625,98.89016723632812,18339.550903517753,889.0145263671875,241.1829071044922,1920,1080,806.587646484375,209.0184326171875,913.64453125,232.52391052246094,107.056884765625,23.505477905273438,12.383404871730162,left,False,"{'safe_roi': (450, 80, 1500, 420), 'cylinder_roi': (800, 190, 1000, 300)}",ok_cylinder_inside_confirmed
2026-09-19 15:43:07,2026-09-19,18101459,29236,32,110.55054473876953,,19.318832397460938,0.7671203017234802,797.8894653320312,190.86566162109375,982.0408325195312,289.9993896484375,184.1513671875,99.13372802734375,18255.61155062914,889.9651489257812,240.43252563476562,1920,1080,805.9375,212.02638244628906,914.401611328125,233.40298461914062,108.464111328125,21.376602172851562,11.149225355698928,left,False,"{'safe_roi': (450, 80, 1500, 420), 'cylinder_roi': (800, 190, 1000, 300)}",ok_cylinder_inside_confirmed
2026-09-19 15:43:12,2026-09-19,18101538,29236,32,111.8143081665039,,23.408157348632812,0.7671530246734619,797.6631469726562,190.54983520507812,980.7446899414062,290.2945251464844,183.08154296875,99.74468994140625,18261.411737412214,889.2039184570312,240.42218017578125,1920,1080,805.2261352539062,211.47381591796875,914.909423828125,233.19973754882812,109.68328857421875,21.725921630859375,11.204044232690212,left,False,"{'safe_roi': (450, 80, 1500, 420), 'cylinder_roi': (800, 190, 1000, 300)}",ok_cylinder_inside_confirmed
2026-09-19 15:43:17,2026-09-19,18101618,29236,32,113.03594207763672,,20.005889892578125,0.6955986022949219,794.197998046875,191.90985107421875,978.561767578125,289.5704345703125,184.36376953125,97.66058349609375,18005.073307961226,886.3798828125,240.74014282226562,1920,1080,802.0958862304688,210.08349609375,912.3077392578125,235.19268798828125,110.21185302734375,25.10919189453125,12.834438417230668,left,False,"{'safe_roi': (450, 80, 1500, 420), 'cylinder_roi': (800, 190, 1000, 300)}",ok_cylinder_inside_confirmed
2026-09-19 15:43:22,2026-09-19,18101695,29236,32,114.34253692626953,,20.337661743164062,0.6315374970436096,794.0394287109375,193.2967529296875,978.6663818359375,289.4909362792969,184.626953125,96.19418334960938,17760.038980185986,886.3529052734375,241.3938446044922,1920,1080,802.8978271484375,205.5733642578125,914.1870727539062,231.82064819335938,111.28924560546875,26.247283935546875,13.270556259317782,left,False,"{'safe_roi': (450, 80, 1500, 420), 'cylinder_roi': (800, 190, 1000, 300)}",ok_cylinder_inside_confirmed
2026-09-19 15:43:27,2026-09-19,18101769,29236,32,112.27941131591797,,18.178543090820312,0.7451652884483337,796.7976684570312,190.739990234375,981.8384399414062,289.6310119628906,185.040771484375,98.89102172851562,18298.870953522623,889.3180541992188,240.1855010986328,1920,1080,803.8884887695312,208.33978271484375,913.2293701171875,233.859130859375,109.34088134765625,25.51934814453125,13.137240455126259,left,False,"{'safe_roi': (450, 80, 1500, 420), 'cylinder_roi': (800, 190, 1000, 300)}",ok_cylinder_inside_confirmed
2026-09-19 15:43:32,2026-09-19,18101848,29236,32,109.16461181640625,,20.45343017578125,0.7741921544075012,795.8350219726562,189.29876708984375,985.7411499023438,289.61370849609375,189.9061279296875,100.31494140625,19050.42209595442,890.7880859375,239.45623779296875,1920,1080,804.4176025390625,207.67727661132812,911.3414306640625,229.6820068359375,106.923828125,22.004730224609375,11.62900779273091,left,False,"{'safe_roi': (450, 80, 1500, 420), 'cylinder_roi': (800, 190, 1000, 300)}",ok_cylinder_inside_confirmed
2026-09-19 15:43:38,2026-09-19,18101931,29236,32,112.63605499267578,,20.217544555664062,0.7613046169281006,795.30126953125,189.30703735351562,985.2916259765625,290.10626220703125,189.9903564453125,100.79922485351562,19150.880659330636,890.2964477539062,239.70664978027344,1920,1080,800.3302612304688,208.95082092285156,910.724365234375,231.31202697753906,110.39410400390625,22.3612060546875,11.450787052627229,left,False,"{'safe_roi': (450, 80, 1500, 420), 'cylinder_roi': (800, 190, 1000, 300)}",ok_cylinder_inside_confirmed
2026-09-19 15:43:43,2026-09-19,18102012,29236,32,108.59429168701172,,21.396408081054688,0.7672986388206482,795.6428833007812,188.71524047851562,984.7224731445312,290.48248291015625,189.07958984375,101.76724243164062,19242.10845850408,890.1826782226562,239.59886169433594,1920,1080,804.494384765625,210.03428649902344,911.1760864257812,230.32553100585938,106.68170166015625,20.291244506835938,10.76922605279471,left,False,"{'safe_roi': (450, 80, 1500, 420), 'cylinder_roi': (800, 190, 1000, 300)}",ok_cylinder_inside_confirmed
2026-09-19 15:47:10,2026-09-19,18105290,29236,33,110.79331970214844,,42.81117248535156,0.8051629662513733,831.975341796875,183.956298828125,1027.2352294921875,300.2046813964844,195.2598876953125,116.24838256835938,22698.646125059575,929.6052856445312,242.0804901123047,1920,1080,839.0677490234375,201.9475555419922,948.3153076171875,220.39016723632812,109.24755859375,18.442611694335938,9.582036386941759,left,False,"{'safe_roi': (450, 80, 1500, 420), 'cylinder_roi': (800, 190, 1000, 300)}",ok_cylinder_inside_confirmed
2026-09-19 15:47:15,2026-09-19,18105367,29236,33,109.54669952392578,,33.89654541015625,0.75785231590271,833.7843017578125,186.95822143554688,1018.122314453125,299.6880798339844,184.3380126953125,112.7298583984375,20780.398068591952,925.9533081054688,243.32315063476562,1920,1080,840.7394409179688,204.55287170410156,948.3565673828125,225.023193359375,107.61712646484375,20.470321655273438,10.769820009934158,left,False,"{'safe_roi': (450, 80, 1500, 420), 'cylinder_roi': (800, 190, 1000, 300)}",ok_cylinder_inside_confirmed
2026-09-19 15:47:20,2026-09-19,18105447,29236,33,106.85094451904297,,42.0198974609375,0.8058508634567261,833.2764892578125,186.87677001953125,1025.8497314453125,301.5547790527344,192.5732421875,114.67800903320312,22083.916007131338,929.5631103515625,244.2157745361328,1920,1080,842.2006225585938,207.0498809814453,947.1494750976562,227.12132263183594,104.9488525390625,20.071441650390625,10.827061646310199,left,False,"{'safe_roi': (450, 80, 1500, 420), 'cylinder_roi': (800, 190, 1000, 300)}",ok_cylinder_inside_confirmed
2026-09-19 15:47:25,2026-09-19,18105526,29236,33,113.10059356689453,,33.98858642578125,0.7462832927703857,832.9052734375,187.22581481933594,1026.8812255859375,301.1444091796875,193.9759521484375,113.91859436035156,22097.467808460817,929.8932495117188,244.18511962890625,1920,1080,836.9190673828125,206.96571350097656,948.5106201171875,225.37954711914062,111.591552734375,18.413833618164062,9.369998600059041,left,False,"{'safe_roi': (450, 80, 1500, 420), 'cylinder_roi': (800, 190, 1000, 300)}",ok_cylinder_inside_confirmed
2026-09-19 15:47:30,2026-09-19,18105607,29236,33,113.33474731445312,,28.552490234375,0.70717853307724,834.0193481445312,187.2427215576172,1025.5238037109375,300.5257568359375,191.50445556640625,113.28303527832031,21694.205995884724,929.7716064453125,243.88424682617188,1920,1080,838.4962158203125,203.8988494873047,950.2049560546875,223.0279541015625,111.708740234375,19.129104614257812,9.717132123274546,left,False,"{'safe_roi': (450, 80, 1500, 420), 'cylinder_roi': (800, 190, 1000, 300)}",ok_cylinder_inside_confirmed
2026-09-19 15:47:35,2026-09-19,18105685,29236,33,107.9971923828125,,34.774444580078125,0.7498462796211243,833.9215698242188,186.92491149902344,1027.3616943359375,301.1983947753906,193.44012451171875,114.27348327636719,22105.07683336828,930.6416015625,244.0616455078125,1920,1080,841.2687377929688,207.61798095703125,947.80029296875,225.3499298095703,106.53155517578125,17.731948852539062,9.450123629737226,left,False,"{'safe_roi': (450, 80, 1500, 420), 'cylinder_roi': (800, 190, 1000, 300)}",ok_cylinder_inside_confirmed
2026-09-19 15:47:40,2026-09-19,18105764,29236,33,106.55155181884766,,30.011215209960938,0.7306033968925476,832.00439453125,186.62667846679688,1026.752685546875,300.54193115234375,194.748291015625,113.91525268554688,22184.80078112334,929.3785400390625,243.5843048095703,1920,1080,841.3797607421875,206.8457794189453,946.3143310546875,225.33819580078125,104.9345703125,18.492416381835938,9.99450340412804,left,False,"{'safe_roi': (450, 80, 1500, 420), 'cylinder_roi': (800, 190, 1000, 300)}",ok_cylinder_inside_confirmed
2026-09-19 15:47:45,2026-09-19,18105843,29236,33,108.07054138183594,,33.92158508300781,0.7535320520401001,830.8011474609375,187.16586303710938,1025.4996337890625,301.2444763183594,194.698486328125,114.07861328125,22210.933328270912,928.150390625,244.20516967773438,1920,1080,840.135986328125,206.5710906982422,946.3934326171875,226.283935546875,106.2574462890625,19.712844848632812,10.510004246942781,left,False,"{'safe_roi': (450, 80, 1500, 420), 'cylinder_roi': (800, 190, 1000, 300)}",ok_cylinder_inside_confirmed
2026-09-19 15:47:50,2026-09-19,18105923,29236,33,109.19686889648438,,37.3607177734375,0.7907872796058655,831.4889526367188,186.26043701171875,1022.6692504882812,299.5894775390625,191.1802978515625,113.32904052734375,21666.279723249376,927.0791015625,242.92495727539062,1920,1080,839.6754150390625,206.1275177001953,947.1041259765625,225.6986083984375,107.4287109375,19.571090698242188,10.324772128206495,left,False,"{'safe_roi': (450, 80, 1500, 420), 'cylinder_roi': (800, 190, 1000, 300)}",ok_cylinder_inside_confirmed
2026-09-19 15:47:55,2026-09-19,18106002,29236,33,115.12249755859375,,26.251312255859375,0.6320772171020508,830.64599609375,187.78179931640625,1020.2044677734375,299.1882629394531,189.5584716796875,111.40646362304688,21118.038979623467,925.4252319335938,243.4850311279297,1920,1080,835.0491943359375,200.6621856689453,948.4511108398438,220.4913330078125,113.40191650390625,19.829147338867188,9.918309416217319,left,False,"{'safe_roi': (450, 80, 1500, 420), 'cylinder_roi': (800, 190, 1000, 300)}",ok_cylinder_inside_confirmed
2026-09-19 15:48:00,2026-09-19,18106084,29236,33,118.97285461425781,,27.870925903320312,0.7789366841316223,831.9210205078125,187.1515350341797,1024.005126953125,299.26690673828125,192.0841064453125,112.11537170410156,21535.58099256642,927.9630737304688,243.209228515625,1920,1080,835.9998168945312,204.83737182617188,953.0424194335938,226.18145751953125,117.0426025390625,21.344085693359375,10.334987279711775,left,False,"{'safe_roi': (450, 80, 1500, 420), 'cylinder_roi': (800, 190, 1000, 300)}",ok_cylinder_inside_confirmed
2026-09-19 15:48:05,2026-09-19,18106164,29236,33,115.36237335205078,,33.50630187988281,0.7257617115974426,829.3423461914062,188.1470489501953,1026.2054443359375,300.2193298339844,196.86309814453125,112.07228088378906,22062.89643090684,927.77392578125,244.18319702148438,1920,1080,835.079833984375,205.7159423828125,948.6992797851562,225.69338989257812,113.61944580078125,19.977447509765625,9.972254374062292,left,False,"{'safe_roi': (450, 80, 1500, 420), 'cylinder_roi': (800, 190, 1000, 300)}",ok_cylinder_inside_confirmed
2026-09-19 15:48:10,2026-09-19,18106243,29236,33,116.73075103759766,,35.673980712890625,0.7586592435836792,831.4324340820312,187.86514282226562,1024.2266845703125,301.0221252441406,192.79425048828125,113.156982421875,21816.015613541007,927.82958984375,244.44363403320312,1920,1080,834.812255859375,205.80955505371094,949.8382568359375,225.68637084960938,115.0260009765625,19.876815795898438,9.8040510081692,left,False,"{'safe_roi': (450, 80, 1500, 420), 'cylinder_roi': (800, 190, 1000, 300)}",ok_cylinder_inside_confirmed
2026-09-19 15:48:15,2026-09-19,18106321,29236,33,115.82361602783203,,36.95906066894531,0.7809299826622009,831.0792846679688,186.90065002441406,1025.6107177734375,299.36346435546875,194.53143310546875,112.46281433105469,21877.552442894317,928.344970703125,243.13204956054688,1920,1080,834.15185546875,205.22549438476562,947.819580078125,227.4686737060547,113.667724609375,22.243179321289062,11.072067729399226,left,False,"{'safe_roi': (450, 80, 1500, 420), 'cylinder_roi': (800, 190, 1000, 300)}",ok_cylinder_inside_confirmed
2026-09-19 15:48:20,2026-09-19,18106399,29236,33,116.21906280517578,,26.37506103515625,0.7262811064720154,830.3461303710938,188.05319213867188,1023.4368286132812,300.41778564453125,193.0906982421875,112.36459350585938,21696.557817745954,926.8914794921875,244.23548889160156,1920,1080,835.3467407226562,203.99163818359375,949.9774780273438,223.14013671875,114.6307373046875,19.14849853515625,9.48341536875495,left,False,"{'safe_roi': (450, 80, 1500, 420), 'cylinder_roi': (800, 190, 1000, 300)}",ok_cylinder_inside_confirmed
2026-09-19 15:48:25,2026-09-19,18106480,29236,33,122.072509765625,,20.845123291015625,0.7168484926223755,830.8764038085938,188.15814208984375,1022.4712524414062,300.1940612792969,191.5948486328125,112.03591918945312,21465.504978541285,926.673828125,244.1761016845703,1920,1080,830.397216796875,201.99163818359375,950.3323974609375,224.73475646972656,119.9351806640625,22.743118286132812,10.737417270059847,left,False,"{'safe_roi': (450, 80, 1500, 420), 'cylinder_roi': (800, 190, 1000, 300)}",ok_cylinder_inside_confirmed
2026-09-19 15:48:30,2026-09-19,18106556,29236,33,108.19376373291016,,43.06687927246094,0.7891083359718323,832.3095092773438,188.0304718017578,1024.636474609375,299.32421875,192.32696533203125,111.29374694824219,21404.788610986434,928.4730224609375,243.67733764648438,1920,1080,838.2884521484375,206.46693420410156,944.283447265625,228.16836547851562,105.9949951171875,21.701431274414062,11.57083767259946,left,False,"{'safe_roi': (450, 80, 1500, 420), 'cylinder_roi': (800, 190, 1000, 300)}",ok_cylinder_inside_confirmed
2026-09-19 15:48:35,2026-09-19,18106636,29236,33,121.25040435791016,,27.813873291015625,0.7578754425048828,831.9771728515625,187.8994140625,1024.66845703125,300.5858154296875,192.6912841796875,112.6864013671875,21713.687389031053,928.3228149414062,244.24261474609375,1920,1080,832.3806762695312,206.45689392089844,951.7232666015625,227.88131713867188,119.34259033203125,21.424423217773438,10.177351875485245,left,False,"{'safe_roi': (450, 80, 1500, 420), 'cylinder_roi': (800, 190, 1000, 300)}",ok_cylinder_inside_confirmed
2026-09-19 15:48:40,2026-09-19,18106716,29236,33,108.90312957763672,,43.772552490234375,0.7571280002593994,834.1228637695312,188.35531616210938,1023.9889526367188,301.38214111328125,189.8660888671875,113.02682495117188,21459.961190555245,929.055908203125,244.8687286376953,1920,1080,839.975341796875,207.31983947753906,946.5731201171875,229.60897827148438,106.5977783203125,22.289138793945312,11.810146842051878,left,False,"{'safe_roi': (450, 80, 1500, 420), 'cylinder_roi': (800, 190, 1000, 300)}",ok_cylinder_inside_confirmed
2026-09-19 15:48:45,2026-09-19,18106794,29236,33,107.81964874267578,,45.064788818359375,0.7835323810577393,835.513671875,187.31234741210938,1024.487548828125,302.0088195800781,188.973876953125,114.69647216796875,21674.637018427253,930.0006103515625,244.66058349609375,1920,1080,841.5794677734375,207.4781494140625,947.1783447265625,229.24864196777344,105.598876953125,21.770492553710938,11.649012991650064,left,False,"{'safe_roi': (450, 80, 1500, 420), 'cylinder_roi': (800, 190, 1000, 300)}",ok_cylinder_inside_confirmed
2026-09-19 15:48:51,2026-09-19,18106875,29236,33,110.17549896240234,,41.06126403808594,0.7712334990501404,835.0221557617188,187.88330078125,1023.5494995117188,302.296875,188.52734375,114.41357421875,21570.08723640442,929.2858276367188,245.090087890625,1920,1080,839.6651611328125,206.49378967285156,947.6865234375,228.1738739013672,108.0213623046875,21.680084228515625,11.348592094717251,left,False,"{'safe_roi': (450, 80, 1500, 420), 'cylinder_roi': (800, 190, 1000, 300)}",ok_cylinder_inside_confirmed
2026-09-19 15:48:56,2026-09-19,18106952,29236,33,109.42217254638672,,45.23823547363281,0.790259838104248,835.4931640625,187.5385284423828,1024.547607421875,301.56890869140625,189.054443359375,114.03038024902344,21557.950064036995,930.0203857421875,244.5537109375,1920,1080,840.2666625976562,207.24063110351562,947.429931640625,229.35952758789062,107.16326904296875,22.118896484375,11.662288002317517,left,False,"{'safe_roi': (450, 80, 1500, 420), 'cylinder_roi': (800, 190, 1000, 300)}",ok_cylinder_inside_confirmed
2026-09-19 15:49:01,2026-09-19,18107033,29236,33,110.68008422851562,,46.34815979003906,0.7962458729743958,834.7706298828125,187.5190887451172,1025.8095703125,302.51251220703125,191.0389404296875,114.99342346191406,21968.22177454643,930.2901000976562,245.01580810546875,1920,1080,837.605224609375,206.36573791503906,946.25,227.4937744140625,108.644775390625,21.128036499023438,11.004894320563038,left,False,"{'safe_roi': (450, 80, 1500, 420), 'cylinder_roi': (800, 190, 1000, 300)}",ok_cylinder_inside_confirmed
2026-09-19 15:49:06,2026-09-19,18107112,29236,33,112.42265319824219,,38.90672302246094,0.7575758099555969,834.54736328125,187.4322509765625,1024.1005859375,300.6929626464844,189.55322265625,113.26071166992188,21468.932897374034,929.323974609375,244.06260681152344,1920,1080,836.0174560546875,207.75767517089844,946.8414916992188,226.6490936279297,110.82403564453125,18.89141845703125,9.673836649041236,left,False,"{'safe_roi': (450, 80, 1500, 420), 'cylinder_roi': (800, 190, 1000, 300)}",ok_cylinder_inside_confirmed
2026-09-19 15:49:11,2026-09-19,18107192,29236,33,110.55529022216797,,38.62831115722656,0.7535495162010193,836.13427734375,187.97161865234375,1023.65185546875,301.3125915527344,187.517578125,113.34097290039062,21253.424740612507,929.89306640625,244.64210510253906,1920,1080,838.382080078125,208.37672424316406,946.9716186523438,229.132080078125,108.58953857421875,20.755355834960938,10.820766942279908,left,False,"{'safe_roi': (450, 80, 1500, 420), 'cylinder_roi': (800, 190, 1000, 300)}",ok_cylinder_inside_confirmed
2026-09-19 15:49:16,2026-09-19,18107270,29236,33,109.62947845458984,,44.27606201171875,0.7382206916809082,832.7991943359375,190.09521484375,1019.5283203125,298.41827392578125,186.7291259765625,108.32305908203125,20227.070145495236,926.1637573242188,244.25674438476562,1920,1080,837.3126831054688,208.08119201660156,944.56787109375,230.77365112304688,107.25518798828125,22.692459106445312,11.946151710587054,left,False,"{'safe_roi': (450, 80, 1500, 420), 'cylinder_roi': (800, 190, 1000, 300)}",ok_cylinder_inside_confirmed
2026-09-19 15:49:21,2026-09-19,18107349,29236,33,111.31636047363281,,44.77131652832031,0.7527735233306885,833.8411865234375,189.6729278564453,1018.9334716796875,298.04571533203125,185.09228515625,108.37278747558594,20058.96688260883,926.3873291015625,243.85931396484375,1920,1080,835.4606323242188,208.16183471679688,944.5385131835938,230.37326049804688,109.077880859375,22.21142578125,11.50972446524247,left,False,"{'safe_roi': (450, 80, 1500, 420), 'cylinder_roi': (800, 190, 1000, 300)}",ok_cylinder_inside_confirmed
2026-09-19 15:49:26,2026-09-19,18107430,29236,33,112.66394805908203,,43.09498596191406,0.7592732310295105,833.35595703125,189.28968811035156,1020.525146484375,299.40814208984375,187.169189453125,110.11845397949219,20610.7817751728,926.9405517578125,244.34890747070312,1920,1080,834.3799438476562,209.2787628173828,945.2645874023438,229.22271728515625,110.8846435546875,19.943954467773438,10.196325226248542,left,False,"{'safe_roi': (450, 80, 1500, 420), 'cylinder_roi': (800, 190, 1000, 300)}",ok_cylinder_inside_confirmed
2026-09-19 15:49:31,2026-09-19,18107510,29236,33,111.8182144165039,,43.255645751953125,0.7841367125511169,833.7848510742188,187.51034545898438,1021.3159790039062,298.109130859375,187.5311279296875,110.59878540039062,20740.71497378871,927.5504150390625,242.8097381591797,1920,1080,833.692138671875,210.49124145507812,943.75927734375,230.20262145996094,110.067138671875,19.711380004882812,10.153188544189954,left,False,"{'safe_roi': (450, 80, 1500, 420), 'cylinder_roi': (800, 190, 1000, 300)}",ok_cylinder_inside_confirmed
2026-09-19 15:49:36,2026-09-19,18107592,29236,33,111.8011245727539,,42.056304931640625,0.7671629786491394,832.5685424804688,189.9207000732422,1018.4874877929688,296.80548095703125,185.9189453125,106.88478088378906,19871.905731871724,925.5280151367188,243.36309814453125,1920,1080,833.4304809570312,210.432373046875,943.625,229.31781005859375,110.19451904296875,18.88543701171875,9.725026746496441,left,False,"{'safe_roi': (450, 80, 1500, 420), 'cylinder_roi': (800, 190, 1000, 300)}",ok_cylinder_inside_confirmed
2026-09-19 15:49:41,2026-09-19,18107673,29236,33,113.39087677001953,,40.06510925292969,0.7783551216125488,829.9756469726562,189.07821655273438,1021.7333374023438,300.63922119140625,191.7576904296875,111.56100463867188,21392.680591527373,925.8544921875,244.8587188720703,1920,1080,833.9541625976562,210.04803466796875,945.48974609375,230.47607421875,111.53558349609375,20.42803955078125,10.378842669241614,left,False,"{'safe_roi': (450, 80, 1500, 420), 'cylinder_roi': (800, 190, 1000, 300)}",ok_cylinder_inside_confirmed
2026-09-19 15:49:46,2026-09-19,18107754,29236,33,111.38894653320312,,43.53590393066406,0.7779843211174011,833.1842041015625,187.01173400878906,1023.8050537109375,300.3212890625,190.620849609375,113.30955505371094,21599.16365319863,928.49462890625,243.66650390625,1920,1080,833.9212036132812,211.17039489746094,943.5817260742188,230.71694946289062,109.6605224609375,19.546554565429688,10.106603721975025,left,False,"{'safe_roi': (450, 80, 1500, 420), 'cylinder_roi': (800, 190, 1000, 300)}",ok_cylinder_inside_confirmed
2026-09-19 15:49:51,2026-09-19,18107836,29236,33,112.21528625488281,,39.582733154296875,0.7697300314903259,833.6004638671875,188.09751892089844,1024.37890625,298.3787841796875,190.7784423828125,110.28126525878906,21039.28801007755,928.9896850585938,243.2381591796875,1920,1080,834.6784057617188,209.9053955078125,945.1572265625,229.5701141357422,110.47882080078125,19.664718627929688,10.092682720581992,left,False,"{'safe_roi': (450, 80, 1500, 420), 'cylinder_roi': (800, 190, 1000, 300)}",ok_cylinder_inside_confirmed
2026-09-19 15:49:56,2026-09-19,18107913,29236,33,112.51351165771484,,37.320648193359375,0.7859963178634644,833.2821044921875,188.50540161132812,1022.3521728515625,300.6933288574219,189.070068359375,112.18792724609375,21211.379073515534,927.817138671875,244.599365234375,1920,1080,836.0978393554688,210.67547607421875,946.7099609375,231.27276611328125,110.61212158203125,20.5972900390625,10.54834084357943,left,False,"{'safe_roi': (450, 80, 1500, 420), 'cylinder_roi': (800, 190, 1000, 300)}",ok_cylinder_inside_confirmed
2026-09-19 15:50:01,2026-09-19,18107995,29236,33,110.4482650756836,,42.77522277832031,0.7672436237335205,832.4290771484375,187.6779327392578,1024.151123046875,299.0264892578125,191.7220458984375,111.34855651855469,21347.973063575104,928.2901000976562,243.35220336914062,1920,1080,835.7570190429688,211.29188537597656,944.25048828125,231.97970581054688,108.49346923828125,20.687820434570312,10.795711629237552,left,False,"{'safe_roi': (450, 80, 1500, 420), 'cylinder_roi': (800, 190, 1000, 300)}",ok_cylinder_inside_confirmed
2026-09-19 15:50:06,2026-09-19,18108072,29236,33,112.68138122558594,,40.883453369140625,0.7465242743492126,832.382568359375,189.7474365234375,1020.2791748046875,297.5244445800781,187.8966064453125,107.77700805664062,20250.934066671878,926.3308715820312,243.6359405517578,1920,1080,833.0040893554688,210.22799682617188,944.201416015625,228.4556884765625,111.19732666015625,18.227691650390625,9.309248577173458,left,False,"{'safe_roi': (450, 80, 1500, 420), 'cylinder_roi': (800, 190, 1000, 300)}",ok_cylinder_inside_confirmed
2026-09-19 15:50:11,2026-09-19,18108154,29236,33,112.94204711914062,,41.16773986816406,0.7527535557746887,833.1043090820312,189.18545532226562,1020.9651489257812,296.9695129394531,187.86083984375,107.7840576171875,20248.403585731983,927.0347290039062,243.07748413085938,1920,1080,833.833251953125,209.3865966796875,945.3446044921875,227.3065185546875,111.5113525390625,17.919921875,9.129402381062874,left,False,"{'safe_roi': (450, 80, 1500, 420), 'cylinder_roi': (800, 190, 1000, 300)}",ok_cylinder_inside_confirmed
2026-09-19 15:50:16,2026-09-19,18108230,29236,33,112.59759521484375,,38.87388610839844,0.750006914138794,831.53515625,189.48858642578125,1019.5765380859375,297.577392578125,188.0413818359375,108.08880615234375,20325.1684698835,925.5558471679688,243.53298950195312,1920,1080,833.6099853515625,208.69692993164062,944.6898193359375,227.12217712402344,111.079833984375,18.425247192382812,9.418122939861913,left,False,"{'safe_roi': (450, 80, 1500, 420), 'cylinder_roi': (800, 190, 1000, 300)}",ok_cylinder_inside_confirmed
2026-09-19 15:50:21,2026-09-19,18108308,29236,33,115.55321502685547,,39.62641906738281,0.7713983058929443,828.8958129882812,188.8238067626953,1021.6727905273438,299.9825134277344,192.7769775390625,111.15870666503906,21428.839498037472,925.2843017578125,244.40316772460938,1920,1080,832.6964111328125,207.232177734375,946.7342529296875,225.88467407226562,114.037841796875,18.652496337890625,9.289275823132671,left,False,"{'safe_roi': (450, 80, 1500, 420), 'cylinder_roi': (800, 190, 1000, 300)}",ok_cylinder_inside_confirmed
2026-09-19 15:50:26,2026-09-19,18108387,29236,33,110.39640045166016,,40.123870849609375,0.7725480794906616,830.4063720703125,189.3539276123047,1018.8455810546875,296.9440612792969,188.439208984375,107.59013366699219,20274.19968273118,924.6259765625,243.14898681640625,1920,1080,832.5995483398438,211.08587646484375,941.5899658203125,228.6487579345703,108.99041748046875,17.562881469726562,9.15403722682421,left,False,"{'safe_roi': (450, 80, 1500, 420), 'cylinder_roi': (800, 190, 1000, 300)}",ok_cylinder_inside_confirmed
2026-09-19 15:50:31,2026-09-19,18108468,29236,33,113.59585571289062,,40.38812255859375,0.7735880017280579,829.4535522460938,189.77285766601562,1019.2456665039062,297.2797546386719,189.7921142578125,107.50689697265625,20403.96127373725,924.349609375,243.52630615234375,1920,1080,831.6199340820312,210.12879943847656,943.7010498046875,228.61776733398438,112.08111572265625,18.488967895507812,9.367187358254636,left,False,"{'safe_roi': (450, 80, 1500, 420), 'cylinder_roi': (800, 190, 1000, 300)}",ok_cylinder_inside_confirmed
2026-09-19 15:50:36,2026-09-19,18108540,29236,33,111.66140747070312,,40.79173278808594,0.7897871136665344,830.1392211914062,189.48867797851562,1021.1314086914062,297.48095703125,190.9921875,107.99227905273438,20625.681609392166,925.6353149414062,243.4848175048828,1920,1080,832.0177001953125,208.958740234375,942.134765625,227.46554565429688,110.1170654296875,18.506805419921875,9.54024801206701,left,False,"{'safe_roi': (450, 80, 1500, 420), 'cylinder_roi': (800, 190, 1000, 300)}",ok_cylinder_inside_confirmed
2026-09-19 15:50:41,2026-09-19,18108617,29236,33,114.2930679321289,,40.63069152832031,0.7816286683082581,830.23681640625,190.62025451660156,1018.9256591796875,297.6158142089844,188.6888427734375,106.99555969238281,20188.868340251967,924.5812377929688,244.1180419921875,1920,1080,831.6415405273438,211.18252563476562,944.3519287109375,230.13705444335938,112.71038818359375,18.95452880859375,9.546119699336732,left,False,"{'safe_roi': (450, 80, 1500, 420), 'cylinder_roi': (800, 190, 1000, 300)}",ok_cylinder_inside_confirmed
2026-09-19 15:50:46,2026-09-19,18108696,29236,33,114.06080627441406,,42.16398620605469,0.7940682768821716,828.49267578125,189.16986083984375,1020.75390625,298.70220947265625,192.26123046875,109.5323486328125,21058.824124276638,924.623291015625,243.93603515625,1920,1080,830.9421997070312,211.15504455566406,943.5319213867188,229.41488647460938,112.5897216796875,18.259841918945312,9.212042642343112,left,False,"{'safe_roi': (450, 80, 1500, 420), 'cylinder_roi': (800, 190, 1000, 300)}",ok_cylinder_inside_confirmed
2026-09-19 15:50:52,2026-09-19,18108775,29236,33,113.77735137939453,,40.84861755371094,0.794438898563385,827.2899780273438,189.1898193359375,1020.8192749023438,298.6357421875,193.529296875,109.4459228515625,21180.992495298386,924.0546264648438,243.91278076171875,1920,1080,831.6376342773438,211.96963500976562,943.895751953125,230.50070190429688,112.25811767578125,18.53106689453125,9.373597216145784,left,False,"{'safe_roi': (450, 80, 1500, 420), 'cylinder_roi': (800, 190, 1000, 300)}",ok_cylinder_inside_confirmed
2026-09-19 15:50:57,2026-09-19,18108856,29236,33,114.15787506103516,,41.57484436035156,0.7948439121246338,829.4654541015625,188.92074584960938,1020.95458984375,299.4373779296875,191.4891357421875,110.51663208007812,21162.734362151474,925.2100219726562,244.17906188964844,1920,1080,832.63916015625,210.11558532714844,945.0882568359375,229.7935028076172,112.4490966796875,19.67791748046875,9.925912073506233,left,False,"{'safe_roi': (450, 80, 1500, 420), 'cylinder_roi': (800, 190, 1000, 300)}",ok_cylinder_inside_confirmed
2026-09-19 15:51:02,2026-09-19,18108933,29236,33,109.56827545166016,,37.119049072265625,0.7835527062416077,803.1183471679688,182.42877197265625,1001.3027954101562,295.92279052734375,198.1844482421875,113.4940185546875,22492.749446049333,902.2105712890625,239.17578125,1920,1080,819.2628173828125,206.43800354003906,928.4666748046875,215.3668975830078,109.203857421875,8.92889404296875,4.674307958940266,left,False,"{'safe_roi': (450, 80, 1500, 420), 'cylinder_roi': (800, 190, 1000, 300)}",ok_cylinder_inside_confirmed
2026-09-19 15:54:55,2026-09-19,18112575,29236,34,106.86881256103516,,36.200836181640625,0.7776631712913513,793.5799560546875,182.3906707763672,988.408447265625,294.1702880859375,194.8284912109375,111.77961730957031,21777.854188559577,890.9942016601562,238.28048706054688,1920,1080,813.8339233398438,202.6758270263672,919.9461059570312,215.37020874023438,106.1121826171875,12.694381713867188,6.821970515258736,left,False,"{'safe_roi': (450, 80, 1500, 420), 'cylinder_roi': (800, 190, 1000, 300)}",ok_cylinder_inside_confirmed
2026-09-19 15:55:00,2026-09-19,18112659,29236,34,108.13978576660156,,35.91297912597656,0.7782493233680725,791.7736206054688,183.59181213378906,984.1698608398438,293.2769470214844,192.396240234375,109.68513488769531,21103.007561992854,887.9717407226562,238.43438720703125,1920,1080,807.5150756835938,204.174072265625,915.1104125976562,215.0118408203125,107.5953369140625,10.8377685546875,5.751838658805632,left,False,"{'safe_roi': (450, 80, 1500, 420), 'cylinder_roi': (800, 190, 1000, 300)}",ok_cylinder_inside_confirmed
2026-09-19 15:55:05,2026-09-19,18112737,29236,34,110.64404296875,,37.427978515625,0.7811294794082642,790.782958984375,184.21893310546875,984.5711669921875,293.9774169921875,193.7882080078125,109.75848388671875,21269.89990606159,887.6770629882812,239.09817504882812,1920,1080,805.4561767578125,201.91336059570312,915.6403198242188,211.99099731445312,110.18414306640625,10.07763671875,5.225833943588054,left,False,"{'safe_roi': (450, 80, 1500, 420), 'cylinder_roi': (800, 190, 1000, 300)}",ok_cylinder_inside_confirmed
2026-09-19 15:55:10,2026-09-19,18112819,29236,34,100.05529022216797,,33.55780029296875,0.7795857787132263,791.5260620117188,184.2780303955078,983.5675659179688,293.643798828125,192.04150390625,109.36576843261719,21002.766645662487,887.5468139648438,238.96090698242188,1920,1080,819.758056640625,203.7756805419922,919.4097900390625,212.7530517578125,99.6517333984375,8.977371215820312,5.147735155675657,left,False,"{'safe_roi': (450, 80, 1500, 420), 'cylinder_roi': (800, 190, 1000, 300)}",ok_cylinder_inside_confirmed
2026-09-19 15:55:15,2026-09-19,18112900,29236,34,101.59416961669922,,33.889007568359375,0.7822689414024353,790.4518432617188,184.70718383789062,981.5368041992188,294.9067687988281,191.0849609375,110.1995849609375,21057.483387589455,885.9943237304688,239.80697631835938,1920,1080,816.7916259765625,204.9716796875,917.921875,214.6694793701172,101.1302490234375,9.697799682617188,5.4775812401069555,left,False,"{'safe_roi': (450, 80, 1500, 420), 'cylinder_roi': (800, 190, 1000, 300)}",ok_cylinder_inside_confirmed
2026-09-19 15:55:20,2026-09-19,18112978,29236,34,99.0669174194336,,34.38249206542969,0.7785046100616455,790.4430541992188,185.06417846679688,982.6007690429688,295.79949951171875,192.15771484375,110.73532104492188,21278.646244481206,886.5219116210938,240.4318389892578,1920,1080,819.4842529296875,206.34927368164062,918.3193969726562,213.1219482421875,98.83514404296875,6.772674560546875,3.920063044330466,left,False,"{'safe_roi': (450, 80, 1500, 420), 'cylinder_roi': (800, 190, 1000, 300)}",ok_cylinder_inside_confirmed
2026-09-19 16:00:22,2026-09-19,18117728,29236,35,112.3043441772461,,36.94770812988281,0.7647223472595215,838.6090698242188,185.74517822265625,1023.6412963867188,305.3069763183594,185.0322265625,119.56179809570312,22122.78571346402,931.1251831054688,245.5260772705078,1920,1080,838.7166748046875,209.68435668945312,950.518798828125,220.29336547851562,111.8021240234375,10.6090087890625,5.420619721603184,left,False,"{'safe_roi': (450, 80, 1500, 420), 'cylinder_roi': (800, 190, 1000, 300)}",ok_cylinder_inside_confirmed
2026-09-19 16:03:30,2026-09-19,18120699,29236,36,108.17691040039062,,37.05670166015625,0.7819570899009705,799.4421997070312,181.95614624023438,998.5131225585938,295.8150939941406,199.0709228515625,113.85894775390625,22666.005804277956,898.9776611328125,238.8856201171875,1920,1080,816.3564453125,203.715576171875,923.974853515625,214.69384765625,107.618408203125,10.978271484375,5.824656572329383,left,False,"{'safe_roi': (450, 80, 1500, 420), 'cylinder_roi': (800, 190, 1000, 300)}",ok_cylinder_inside_confirmed
2026-09-19 16:03:35,2026-09-19,18120777,29236,36,104.57378387451172,,34.36576843261719,0.789830207824707,786.535400390625,184.7599334716797,987.0777587890625,293.63836669921875,200.5423583984375,108.87843322753906,21834.737778177485,886.8065795898438,239.19915771484375,1920,1080,811.4613647460938,209.40359497070312,915.772705078125,216.80764770507812,104.31134033203125,7.404052734375,4.060063651199915,left,False,"{'safe_roi': (450, 80, 1500, 420), 'cylinder_roi': (800, 190, 1000, 300)}",ok_cylinder_inside_confirmed
2026-09-19 16:03:40,2026-09-19,18120858,29236,36,101.67230224609375,,34.731536865234375,0.7785082459449768,787.0882568359375,184.56675720214844,981.6922607421875,292.5333251953125,194.60400390625,107.96656799316406,21010.726419486105,884.3902587890625,238.550048828125,1920,1080,814.0851440429688,203.9636688232422,915.0699462890625,215.76736450195312,100.98480224609375,11.803695678710938,6.6668150654577945,left,False,"{'safe_roi': (450, 80, 1500, 420), 'cylinder_roi': (800, 190, 1000, 300)}",ok_cylinder_inside_confirmed
2026-09-19 16:12:49,2026-09-19,18129483,29237,37,101.17339324951172,,45.76556396484375,0.8104712963104248,840.5731811523438,188.4462127685547,1023.8030395507812,299.9939880371094,183.2298583984375,111.54777526855469,20438.883067118004,932.1881103515625,244.2200927734375,1920,1080,843.3958740234375,210.47137451171875,943.565185546875,224.68984985351562,100.1693115234375,14.218475341796875,8.078846843278681,left,False,"{'safe_roi': (450, 80, 1500, 420), 'cylinder_roi': (800, 190, 1000, 300)}",ok_cylinder_inside_confirmed
2026-09-19 16:12:54,2026-09-19,18129561,29237,37,100.69112396240234,,38.99977111816406,0.8040860295295715,845.9908447265625,188.44970703125,1025.21630859375,301.26971435546875,179.2254638671875,112.82000732421875,20220.218146182597,935.6035766601562,244.85971069335938,1920,1080,849.6511840820312,213.47276306152344,950.1077270507812,220.34197998046875,100.45654296875,6.8692169189453125,3.911795184196183,left,False,"{'safe_roi': (450, 80, 1500, 420), 'cylinder_roi': (800, 190, 1000, 300)}",ok_cylinder_inside_confirmed
2026-09-19 16:12:59,2026-09-19,18129642,29237,37,102.3504638671875,,40.6400146484375,0.8062170743942261,843.9161987304688,188.36187744140625,1025.614013671875,304.1108703613281,181.69781494140625,115.74899291992188,21031.339095218107,934.76513671875,246.2363739013672,1920,1080,847.2391967773438,213.39297485351562,949.3461303710938,220.4492645263672,102.10693359375,7.0562896728515625,3.953246219261243,left,False,"{'safe_roi': (450, 80, 1500, 420), 'cylinder_roi': (800, 190, 1000, 300)}",ok_cylinder_inside_confirmed
2026-09-19 16:13:05,2026-09-19,18129723,29237,37,100.39287567138672,,31.816390991210938,0.802222728729248,843.3873291015625,188.56466674804688,1026.246337890625,302.7046203613281,182.8590087890625,114.13995361328125,20871.518780954182,934.8168334960938,245.6346435546875,1920,1080,852.5774536132812,214.67005920410156,952.9463500976562,216.8641357421875,100.368896484375,2.1940765380859375,1.252293403178634,left,False,"{'safe_roi': (450, 80, 1500, 420), 'cylinder_roi': (800, 190, 1000, 300)}",ok_cylinder_inside_confirmed
2026-09-19 16:13:10,2026-09-19,18129804,29237,37,98.6681137084961,,32.713623046875,0.7777393460273743,842.887451171875,188.19703674316406,1028.2115478515625,300.9757080078125,185.3240966796875,112.77867126464844,20900.6053768564,935.5494995117188,244.58636474609375,1920,1080,851.320068359375,213.44796752929688,949.9788818359375,214.80282592773438,98.6588134765625,1.3548583984375,0.7867800755007571,left,False,"{'safe_roi': (450, 80, 1500, 420), 'cylinder_roi': (800, 190, 1000, 300)}",ok_cylinder_inside_confirmed
2026-09-19 16:13:15,2026-09-19,18129880,29237,37,95.99801635742188,,31.75067138671875,0.7896971702575684,844.0151977539062,189.02073669433594,1027.79638671875,303.559326171875,183.78118896484375,114.53858947753906,21050.03815653827,935.90576171875,246.2900390625,1920,1080,856.3309326171875,212.13319396972656,952.2824096679688,215.1221160888672,95.95147705078125,2.988922119140625,1.7842066518644986,left,False,"{'safe_roi': (450, 80, 1500, 420), 'cylinder_roi': (800, 190, 1000, 300)}",ok_cylinder_inside_confirmed
2026-09-19 16:13:20,2026-09-19,18129961,29237,37,93.1880874633789,,30.3831787109375,0.7881779670715332,846.1106567382812,187.74606323242188,1025.371337890625,304.29278564453125,179.26068115234375,116.54672241210938,20892.244845667854,935.740966796875,246.01942443847656,1920,1080,854.962646484375,212.10784912109375,948.1317138671875,213.99050903320312,93.1690673828125,1.882659912109375,1.157613704245674,left,False,"{'safe_roi': (450, 80, 1500, 420), 'cylinder_roi': (800, 190, 1000, 300)}",ok_cylinder_inside_confirmed
2026-09-19 16:13:25,2026-09-19,18130039,29237,37,106.47875213623047,,31.036941528320312,0.7655479907989502,843.7496337890625,188.73153686523438,1016.9266357421875,304.7890930175781,173.177001953125,116.05755615234375,20098.499628469348,930.338134765625,246.76031494140625,1920,1080,849.470947265625,203.21224975585938,953.2590942382812,226.99766540527344,103.78814697265625,23.785415649414062,12.907740138223629,left,False,"{'safe_roi': (450, 80, 1500, 420), 'cylinder_roi': (800, 190, 1000, 300)}",ok_cylinder_inside_confirmed
2026-09-19 16:13:30,2026-09-19,18130119,29237,37,104.82015228271484,,35.0791015625,0.7796708941459656,846.1532592773438,188.19186401367188,1025.25634765625,303.411376953125,179.10308837890625,115.21951293945312,20636.170608969405,935.704833984375,245.80162048339844,1920,1080,850.064208984375,204.21597290039062,952.32275390625,227.24755859375,102.258544921875,23.031585693359375,12.692869184777743,left,False,"{'safe_roi': (450, 80, 1500, 420), 'cylinder_roi': (800, 190, 1000, 300)}",ok_cylinder_inside_confirmed
2026-09-19 16:13:35,2026-09-19,18130200,29237,37,105.54828643798828,,34.4398193359375,0.7698302268981934,844.814208984375,188.59439086914062,1022.8687744140625,305.0264892578125,178.0545654296875,116.43209838867188,20731.26668066159,933.8414916992188,246.81044006347656,1920,1080,849.81494140625,204.34228515625,953.060546875,226.2691192626953,103.24560546875,21.926834106445312,11.990072426601985,left,False,"{'safe_roi': (450, 80, 1500, 420), 'cylinder_roi': (800, 190, 1000, 300)}",ok_cylinder_inside_confirmed
2026-09-19 16:13:42,2026-09-19,18130304,29237,37,100.27977752685547,,35.42041015625,0.7675469517707825,843.1121215820312,189.09487915039062,1021.0343627929688,304.7462158203125,177.9222412109375,115.65133666992188,20576.94501935318,932.0732421875,246.92054748535156,1920,1080,848.318359375,207.83456420898438,946.1312255859375,229.94061279296875,97.8128662109375,22.106048583984375,12.73509668707744,left,False,"{'safe_roi': (450, 80, 1500, 420), 'cylinder_roi': (800, 190, 1000, 300)}",ok_cylinder_inside_confirmed
2026-09-19 16:13:47,2026-09-19,18130386,29237,37,104.27661895751953,,37.58833312988281,0.7604971528053284,846.4808349609375,188.87094116210938,1024.9998779296875,305.8951721191406,178.51904296875,117.02423095703125,20891.053714603186,935.7403564453125,247.383056640625,1920,1080,849.7288818359375,204.42251586914062,951.649658203125,226.46267700195312,101.9207763671875,22.0401611328125,12.20220689501105,left,False,"{'safe_roi': (450, 80, 1500, 420), 'cylinder_roi': (800, 190, 1000, 300)}",ok_cylinder_inside_confirmed
2026-09-19 16:14:09,2026-09-19,18130740,29237,38,107.21892547607422,,35.19932556152344,0.7875877618789673,843.4747314453125,187.59262084960938,1026.8497314453125,305.95849609375,183.375,118.36587524414062,21705.342372894287,935.1622314453125,246.7755584716797,1920,1080,848.9119873046875,205.533203125,954.1727294921875,225.9311065673828,105.2607421875,20.397903442382812,10.967103509860241,left,False,"{'safe_roi': (450, 80, 1500, 420), 'cylinder_roi': (800, 190, 1000, 300)}",ok_cylinder_inside_confirmed
2026-09-19 16:14:16,2026-09-19,18130851,29237,38,106.13260650634766,,36.08226013183594,0.7854254841804504,845.7364501953125,188.00660705566406,1028.03173828125,304.2086486816406,182.2952880859375,116.20204162597656,21183.0846543815,936.8840942382812,246.10763549804688,1920,1080,849.8070678710938,203.43272399902344,953.52294921875,225.95262145996094,103.71588134765625,22.5198974609375,12.250512881639986,left,False,"{'safe_roi': (450, 80, 1500, 420), 'cylinder_roi': (800, 190, 1000, 300)}",ok_cylinder_inside_confirmed
2026-09-19 16:14:21,2026-09-19,18130928,29237,38,104.9001693725586,,41.72529602050781,0.7903154492378235,844.9305419921875,188.5467987060547,1029.42236328125,304.5550537109375,184.4918212890625,116.00825500488281,21402.57425041683,937.1764526367188,246.55093383789062,1920,1080,847.91259765625,207.70884704589844,951.3988647460938,224.87387084960938,103.48626708984375,17.165023803710938,9.417773399227983,left,False,"{'safe_roi': (450, 80, 1500, 420), 'cylinder_roi': (800, 190, 1000, 300)}",ok_cylinder_inside_confirmed
2026-09-19 16:14:29,2026-09-19,18131051,29237,38,101.55677795410156,,33.18914794921875,0.7473477721214294,843.46044921875,188.6986083984375,1028.921142578125,305.63494873046875,185.460693359375,116.93634033203125,21687.094756886363,936.1907958984375,247.16677856445312,1920,1080,851.0364990234375,205.041259765625,949.2180786132812,231.00579833984375,98.18157958984375,25.96453857421875,14.813007137747768,left,False,"{'safe_roi': (450, 80, 1500, 420), 'cylinder_roi': (800, 190, 1000, 300)}",ok_cylinder_inside_confirmed
2026-09-19 16:14:34,2026-09-19,18131128,29237,38,106.2271728515625,,35.693603515625,0.7992888689041138,844.352294921875,186.80227661132812,1031.379638671875,304.19805908203125,187.02734375,117.39578247070312,21956.221362948418,937.865966796875,245.5001678466797,1920,1080,848.73193359375,208.53817749023438,953.132568359375,228.15243530273438,104.400634765625,19.6142578125,10.640404005938016,left,False,"{'safe_roi': (450, 80, 1500, 420), 'cylinder_roi': (800, 190, 1000, 300)}",ok_cylinder_inside_confirmed
2026-09-19 16:15:56,2026-09-19,18132402,29237,39,104.27615356445312,,27.49395751953125,0.7868749499320984,844.0729370117188,189.5555877685547,1030.0987548828125,308.4678039550781,186.02581787109375,118.91221618652344,22120.742270962335,937.0858154296875,249.01168823242188,1920,1080,849.030029296875,207.52090454101562,951.0609130859375,229.0433349609375,102.0308837890625,21.522430419921875,11.91137181313828,left,False,"{'safe_roi': (450, 80, 1500, 420), 'cylinder_roi': (800, 190, 1000, 300)}",ok_cylinder_inside_confirmed
2026-09-19 16:39:58,2026-09-19,18154887,29237,40,107.44851684570312,,37.704742431640625,0.7804000973701477,806.6478881835938,186.28712463378906,1004.2885131835938,297.12261962890625,197.640625,110.83549499511719,21905.596503019333,905.4682006835938,241.70486450195312,1920,1080,823.0667724609375,209.6181182861328,929.9373779296875,220.74722290039062,106.87060546875,11.129104614257812,5.945139287687127,left,False,"{'safe_roi': (450, 80, 1500, 420), 'cylinder_roi': (800, 190, 1000, 300)}",ok_cylinder_inside_confirmed
2026-09-19 16:40:03,2026-09-19,18154965,29237,40,109.90824890136719,,35.32499694824219,0.7688774466514587,801.5044555664062,186.0245819091797,997.1516723632812,295.07611083984375,195.647216796875,109.05152893066406,21335.628122728318,899.3280639648438,240.55035400390625,1920,1080,815.9130859375,209.01675415039062,924.72216796875,224.52178955078125,108.80908203125,15.505035400390625,8.109914270467716,left,False,"{'safe_roi': (450, 80, 1500, 420), 'cylinder_roi': (800, 190, 1000, 300)}",ok_cylinder_inside_confirmed
2026-09-19 16:40:08,2026-09-19,18155043,29237,40,111.95850372314453,,34.69953918457031,0.7932884693145752,796.863037109375,185.0189208984375,997.757080078125,295.13616943359375,200.89404296875,110.11724853515625,22121.899258822203,897.31005859375,240.07754516601562,1920,1080,813.11474609375,206.64012145996094,924.0313720703125,221.8785400390625,110.9166259765625,15.238418579101562,7.822679581764602,left,False,"{'safe_roi': (450, 80, 1500, 420), 'cylinder_roi': (800, 190, 1000, 300)}",ok_cylinder_inside_confirmed
2026-09-19 16:40:13,2026-09-19,18155121,29237,40,112.47789764404297,,28.151519775390625,0.7580116987228394,801.9799194335938,185.05584716796875,994.5337524414062,294.6360168457031,192.5538330078125,109.58016967773438,21100.081693094224,898.2568359375,239.84593200683594,1920,1080,817.6884765625,203.47821044921875,928.6588134765625,221.8319854736328,110.9703369140625,18.353775024414062,9.39133336345299,left,False,"{'safe_roi': (450, 80, 1500, 420), 'cylinder_roi': (800, 190, 1000, 300)}",ok_cylinder_inside_confirmed
2026-09-19 16:40:19,2026-09-19,18155205,29237,40,107.39864349365234,,18.952377319335938,0.7479004263877869,798.203125,185.10348510742188,992.339599609375,294.7820129394531,194.136474609375,109.67852783203125,21292.602733656764,895.2713623046875,239.9427490234375,1920,1080,818.592529296875,197.09498596191406,923.5952758789062,219.65362548828125,105.00274658203125,22.558639526367188,12.125039070276953,left,False,"{'safe_roi': (450, 80, 1500, 420), 'cylinder_roi': (800, 190, 1000, 300)}",ok_cylinder_inside_confirmed
2026-09-19 16:40:24,2026-09-19,18155288,29237,40,110.12455749511719,,25.480911254882812,0.7720555067062378,803.919189453125,186.034912109375,990.8363037109375,295.8431091308594,186.9171142578125,109.80819702148438,20525.03130910918,897.3777465820312,240.9390106201172,1920,1080,818.1048583984375,202.54835510253906,926.0667724609375,224.26571655273438,107.9619140625,21.717361450195312,11.37369384598806,left,False,"{'safe_roi': (450, 80, 1500, 420), 'cylinder_roi': (800, 190, 1000, 300)}",ok_cylinder_inside_confirmed
2026-09-19 16:40:29,2026-09-19,18155363,29237,40,109.09625244140625,,26.499893188476562,0.7427693009376526,796.57470703125,187.531982421875,987.6971435546875,295.24591064453125,191.1224365234375,107.71392822265625,20586.548409424722,892.1359252929688,241.38894653320312,1920,1080,817.8449096679688,200.63421630859375,923.8212890625,226.53785705566406,105.97637939453125,25.903640747070312,13.735402842581738,left,False,"{'safe_roi': (450, 80, 1500, 420), 'cylinder_roi': (800, 190, 1000, 300)}",ok_cylinder_inside_confirmed
2026-09-19 16:40:34,2026-09-19,18155441,29237,40,113.59305572509766,,14.406356811523438,0.7304874658584595,792.8623657226562,186.94158935546875,989.2642211914062,293.95086669921875,196.40185546875,107.00927734375,21016.82062268257,891.0632934570312,240.44622802734375,1920,1080,812.8615112304688,195.89732360839844,922.059326171875,227.1898193359375,109.19781494140625,31.292495727539062,15.990557997419943,left,False,"{'safe_roi': (450, 80, 1500, 420), 'cylinder_roi': (800, 190, 1000, 300)}",ok_cylinder_inside_confirmed
2026-09-19 16:40:40,2026-09-19,18155532,29237,40,110.33283233642578,,9.7794189453125,0.5739305019378662,789.9409790039062,188.42149353027344,986.3350219726562,294.4790344238281,196.39404296875,106.05754089355469,20829.06924340874,888.1380004882812,241.45025634765625,1920,1080,814.2468872070312,194.7140350341797,919.6962890625,227.1756591796875,105.44940185546875,32.46162414550781,17.11049877606605,left,False,"{'safe_roi': (450, 80, 1500, 420), 'cylinder_roi': (800, 190, 1000, 300)}",ok_cylinder_inside_confirmed
2026-09-19 16:41:02,2026-09-19,18155888,29237,41,97.9171371459961,,23.118896484375,0.476807564496994,791.6343383789062,195.0458526611328,980.6786499023438,292.4581298828125,189.0443115234375,97.41227722167969,18415.23688130267,886.156494140625,243.75198364257812,1920,1080,821.1481323242188,205.92807006835938,916.41650390625,228.54891967773438,95.26837158203125,22.620849609375,13.357150639906834,left,False,"{'safe_roi': (450, 80, 1500, 420), 'cylinder_roi': (800, 190, 1000, 300)}",ok_cylinder_inside_confirmed
2026-09-19 16:45:37,2026-09-19,18160168,29237,42,92.52322387695312,,37.46623229980469,0.608808696269989,835.5953369140625,184.52635192871094,1009.483642578125,298.40301513671875,173.8883056640625,113.87666320800781,19801.820019917563,922.5394897460938,241.46469116210938,1920,1080,857.4524536132812,208.83395385742188,948.8790283203125,223.0370635986328,91.42657470703125,14.203109741210938,8.83030970142325,left,False,"{'safe_roi': (450, 80, 1500, 420), 'cylinder_roi': (800, 190, 1000, 300)}",ok_cylinder_inside_confirmed
2026-09-19 16:45:42,2026-09-19,18160250,29237,42,108.22843170166016,,28.168701171875,0.7837271690368652,837.0609741210938,185.50350952148438,1020.3783569335938,301.1400451660156,183.3173828125,115.63653564453125,21198.187071859837,928.7196655273438,243.32177734375,1920,1080,845.83837890625,203.7210235595703,952.6776733398438,221.00564575195312,106.83929443359375,17.284622192382812,9.189774229389704,left,False,"{'safe_roi': (450, 80, 1500, 420), 'cylinder_roi': (800, 190, 1000, 300)}",ok_cylinder_inside_confirmed
2026-09-19 16:45:47,2026-09-19,18160331,29237,42,105.58174133300781,,29.36602783203125,0.789948582649231,836.9461669921875,187.32977294921875,1021.571533203125,302.1214904785156,184.6253662109375,114.79171752929688,21193.46288682893,929.2588500976562,244.7256317138672,1920,1080,845.9041748046875,205.20574951171875,950.447021484375,219.98065185546875,104.5428466796875,14.77490234375,8.044260970979769,left,False,"{'safe_roi': (450, 80, 1500, 420), 'cylinder_roi': (800, 190, 1000, 300)}",ok_cylinder_inside_confirmed
2026-09-19 16:45:52,2026-09-19,18160411,29237,42,107.7182846069336,,34.00874328613281,0.7866258025169373,834.9013671875,183.75927734375,1021.6693115234375,300.4313049316406,186.7679443359375,116.67202758789062,21790.59475409612,928.2853393554688,242.0952911376953,1920,1080,844.1300048828125,205.866455078125,950.863525390625,220.39865112304688,106.7335205078125,14.532196044921875,7.753373836404167,left,False,"{'safe_roi': (450, 80, 1500, 420), 'cylinder_roi': (800, 190, 1000, 300)}",ok_cylinder_inside_confirmed
2026-09-19 16:45:57,2026-09-19,18160489,29237,42,97.47430419921875,,34.442901611328125,0.6847811937332153,836.8118286132812,185.40728759765625,1019.3422241210938,302.8349304199219,182.5303955078125,117.42764282226562,21434.114087898284,928.0770263671875,244.12110900878906,1920,1080,846.6468505859375,205.82574462890625,942.5888061523438,223.0414581298828,95.94195556640625,17.215713500976562,10.17282777909123,left,False,"{'safe_roi': (450, 80, 1500, 420), 'cylinder_roi': (800, 190, 1000, 300)}",ok_cylinder_inside_confirmed
2026-09-19 16:46:03,2026-09-19,18160566,29237,42,106.41683197021484,,31.868789672851562,0.7669930458068848,836.0056762695312,184.79286193847656,1022.4962768554688,302.6959228515625,186.4906005859375,117.90306091308594,21987.81264060177,929.2509765625,243.744384765625,1920,1080,845.7978515625,205.40615844726562,951.0623779296875,221.02413940429688,105.2645263671875,15.61798095703125,8.439344588483424,left,False,"{'safe_roi': (450, 80, 1500, 420), 'cylinder_roi': (800, 190, 1000, 300)}",ok_cylinder_inside_confirmed
2026-09-19 16:46:08,2026-09-19,18160646,29237,42,106.051025390625,,31.578811645507812,0.7743518948554993,837.4716186523438,184.67071533203125,1022.3679809570312,301.70184326171875,184.8963623046875,117.0311279296875,21638.629830613732,929.9197998046875,243.186279296875,1920,1080,848.0032958984375,205.8494873046875,952.946533203125,221.13795471191406,104.9432373046875,15.288467407226562,8.288722331367508,left,False,"{'safe_roi': (450, 80, 1500, 420), 'cylinder_roi': (800, 190, 1000, 300)}",ok_cylinder_inside_confirmed
2026-09-19 16:46:13,2026-09-19,18160722,29237,42,106.1724853515625,,30.564361572265625,0.7794697284698486,838.246337890625,186.9960479736328,1019.222412109375,302.461181640625,180.97607421875,115.46513366699219,20896.426600195467,928.734375,244.72860717773438,1920,1080,847.3211669921875,206.7960205078125,952.7420654296875,219.40676879882812,105.4208984375,12.610748291015625,6.821470097861424,left,False,"{'safe_roi': (450, 80, 1500, 420), 'cylinder_roi': (800, 190, 1000, 300)}",ok_cylinder_inside_confirmed
2026-09-19 16:46:18,2026-09-19,18160800,29237,42,108.99805450439453,,30.369415283203125,0.7864788174629211,837.323486328125,184.57147216796875,1024.9808349609375,302.7389221191406,187.6573486328125,118.16744995117188,22174.990352537483,931.1521606445312,243.6551971435547,1920,1080,846.128662109375,206.55474853515625,954.2705078125,220.18991088867188,108.141845703125,13.635162353515625,7.186268648159384,left,False,"{'safe_roi': (450, 80, 1500, 420), 'cylinder_roi': (800, 190, 1000, 300)}",ok_cylinder_inside_confirmed
2026-09-19 16:46:23,2026-09-19,18160882,29237,42,109.37889099121094,,31.331207275390625,0.7691760659217834,837.3662109375,184.3748016357422,1021.7784423828125,302.08203125,184.4122314453125,117.70722961425781,21706.652870411053,929.5723266601562,243.22842407226562,1920,1080,845.6193237304688,206.0383758544922,954.3658447265625,217.78297424316406,108.74652099609375,11.744598388671875,6.164038965094444,left,False,"{'safe_roi': (450, 80, 1500, 420), 'cylinder_roi': (800, 190, 1000, 300)}",ok_cylinder_inside_confirmed
2026-09-19 16:46:28,2026-09-19,18160958,29237,42,109.42379760742188,,29.4501953125,0.7760571241378784,838.64892578125,185.09341430664062,1024.07470703125,301.4198913574219,185.42578125,116.32647705078125,21569.92788720131,931.36181640625,243.25665283203125,1920,1080,846.1153564453125,205.92361450195312,954.7796630859375,218.79360961914062,108.664306640625,12.8699951171875,6.754537840336733,left,False,"{'safe_roi': (450, 80, 1500, 420), 'cylinder_roi': (800, 190, 1000, 300)}",ok_cylinder_inside_confirmed
2026-09-19 16:46:33,2026-09-19,18161034,29237,42,106.24241638183594,,26.24127197265625,0.770209789276123,838.9108276367188,185.3628692626953,1014.6919555664062,300.77288818359375,175.7811279296875,115.41001892089844,20286.903300302103,926.8013916015625,243.06787109375,1920,1080,843.5198974609375,205.1757354736328,948.8599853515625,218.99301147460938,105.340087890625,13.817276000976562,7.472726193779299,left,False,"{'safe_roi': (450, 80, 1500, 420), 'cylinder_roi': (800, 190, 1000, 300)}",ok_cylinder_inside_confirmed
2026-09-19 16:46:38,2026-09-19,18161111,29237,42,91.55900573730469,,32.86589050292969,0.7373190522193909,842.2622680664062,185.9734649658203,1018.4950561523438,301.8770751953125,176.2327880859375,115.90361022949219,20426.016379969195,930.378662109375,243.92526245117188,1920,1080,853.4759521484375,211.75038146972656,944.3480224609375,222.94497680664062,90.8720703125,11.194595336914062,7.022924178719804,left,False,"{'safe_roi': (450, 80, 1500, 420), 'cylinder_roi': (800, 190, 1000, 300)}",ok_cylinder_inside_confirmed
2026-09-19 16:46:43,2026-09-19,18161190,29237,42,94.85243225097656,,26.181167602539062,0.7327922582626343,840.4580078125,186.56393432617188,1006.8817138671875,303.03826904296875,166.4237060546875,116.47433471679688,19384.090443823487,923.6698608398438,244.8011016845703,1920,1080,850.7552490234375,207.36810302734375,944.0728759765625,224.36236572265625,93.317626953125,16.9942626953125,10.321143254224317,left,False,"{'safe_roi': (450, 80, 1500, 420), 'cylinder_roi': (800, 190, 1000, 300)}",ok_cylinder_inside_confirmed
2026-09-19 16:46:48,2026-09-19,18161266,29237,42,93.28907775878906,,30.508331298828125,0.7974632382392883,840.545166015625,185.15052795410156,1007.980224609375,303.5504150390625,167.43505859375,118.39988708496094,19824.29203156382,924.2626953125,244.3504638671875,1920,1080,854.1007080078125,211.6173858642578,946.31103515625,225.76332092285156,92.2103271484375,14.14593505859375,8.72171758752956,left,False,"{'safe_roi': (450, 80, 1500, 420), 'cylinder_roi': (800, 190, 1000, 300)}",ok_cylinder_inside_confirmed
2026-09-19 16:46:53,2026-09-19,18161346,29237,42,90.13005828857422,,32.94322204589844,0.7723735570907593,840.0181884765625,184.79812622070312,1008.745361328125,302.3484191894531,168.7271728515625,117.55029296875,19833.928600490093,924.3817749023438,243.57327270507812,1920,1080,854.2791748046875,211.0723876953125,943.5269165039062,223.65283203125,89.24774169921875,12.5804443359375,8.023601899795397,left,False,"{'safe_roi': (450, 80, 1500, 420), 'cylinder_roi': (800, 190, 1000, 300)}",ok_cylinder_inside_confirmed
2026-09-19 16:46:58,2026-09-19,18161425,29237,42,93.73489379882812,,28.806243896484375,0.7673152685165405,839.7346801757812,185.384521484375,1011.9020385742188,302.7623291015625,172.1673583984375,117.3778076171875,20208.627072051167,925.818359375,244.07342529296875,1920,1080,852.8265380859375,208.91375732421875,945.5181884765625,222.85964965820312,92.691650390625,13.945892333984375,8.556241739516604,left,False,"{'safe_roi': (450, 80, 1500, 420), 'cylinder_roi': (800, 190, 1000, 300)}",ok_cylinder_inside_confirmed
2026-09-19 16:47:03,2026-09-19,18161506,29237,42,94.68276977539062,,30.660140991210938,0.7706927061080933,839.7374267578125,185.86111450195312,1012.541748046875,303.5105285644531,172.8043212890625,117.6494140625,20330.327147126198,926.1395874023438,244.68582153320312,1920,1080,851.1763916015625,208.6820068359375,944.8865966796875,222.21804809570312,93.710205078125,13.536041259765625,8.219282765228748,left,False,"{'safe_roi': (450, 80, 1500, 420), 'cylinder_roi': (800, 190, 1000, 300)}",ok_cylinder_inside_confirmed
2026-09-19 16:47:08,2026-09-19,18161583,29237,42,101.47888946533203,,31.01177978515625,0.7851377725601196,838.3670043945312,185.09483337402344,1016.9407348632812,301.7422790527344,178.57373046875,116.64744567871094,20830.169524498284,927.6538696289062,243.41854858398438,1920,1080,849.197021484375,210.17138671875,949.9682006835938,222.13528442382812,100.77117919921875,11.963897705078125,6.770657472623872,left,False,"{'safe_roi': (450, 80, 1500, 420), 'cylinder_roi': (800, 190, 1000, 300)}",ok_cylinder_inside_confirmed
2026-09-19 16:47:14,2026-09-19,18161659,29237,42,100.9500732421875,,28.582550048828125,0.7951664328575134,837.875244140625,184.69482421875,1014.7855224609375,300.5964050292969,176.9102783203125,115.90158081054688,20504.180918958038,926.3303833007812,242.64561462402344,1920,1080,848.8262939453125,209.42706298828125,948.9478759765625,222.3338623046875,100.12158203125,12.90679931640625,7.3455601241801745,left,False,"{'safe_roi': (450, 80, 1500, 420), 'cylinder_roi': (800, 190, 1000, 300)}",ok_cylinder_inside_confirmed
2026-09-19 16:47:19,2026-09-19,18161737,29237,42,102.58507537841797,,32.528411865234375,0.769724428653717,838.4402465820312,185.12356567382812,1015.6582641601562,300.6391906738281,177.218017578125,115.515625,20471.450061798096,927.0492553710938,242.88137817382812,1920,1080,842.9041748046875,207.23765563964844,944.6536254882812,220.30467224121094,101.74945068359375,13.0670166015625,7.318066447365591,left,False,"{'safe_roi': (450, 80, 1500, 420), 'cylinder_roi': (800, 190, 1000, 300)}",ok_cylinder_inside_confirmed
2026-09-19 16:47:24,2026-09-19,18161817,29237,42,97.84053039550781,,31.75921630859375,0.7895690202713013,839.1506958007812,185.31141662597656,1018.7512817382812,300.5754089355469,179.6005859375,115.26399230957031,20701.480556294322,928.9509887695312,242.94342041015625,1920,1080,852.8862915039062,210.58892822265625,949.7537841796875,224.35330200195312,96.86749267578125,13.764373779296875,8.087296276908596,left,False,"{'safe_roi': (450, 80, 1500, 420), 'cylinder_roi': (800, 190, 1000, 300)}",ok_cylinder_inside_confirmed
2026-09-19 16:47:29,2026-09-19,18161894,29237,42,97.69949340820312,,30.686325073242188,0.7861665487289429,842.5753784179688,186.56431579589844,1018.2870483398438,302.5272216796875,175.711669921875,115.96290588378906,20376.0358418338,930.4312133789062,244.5457763671875,1920,1080,852.3060302734375,210.2130126953125,949.4326171875,220.77792358398438,97.1265869140625,10.564910888671875,6.207921481973602,left,False,"{'safe_roi': (450, 80, 1500, 420), 'cylinder_roi': (800, 190, 1000, 300)}",ok_cylinder_inside_confirmed
2026-09-19 16:47:34,2026-09-19,18161971,29237,42,91.07357788085938,,31.45184326171875,0.7654663324356079,839.8994140625,186.62835693359375,1009.3812255859375,304.67266845703125,169.4818115234375,118.0443115234375,20006.363757029176,924.6403198242188,245.6505126953125,1920,1080,854.3318481445312,211.06336975097656,944.7821655273438,221.699951171875,90.4503173828125,10.636581420898438,6.706942462420055,left,False,"{'safe_roi': (450, 80, 1500, 420), 'cylinder_roi': (800, 190, 1000, 300)}",ok_cylinder_inside_confirmed
2026-09-19 16:47:39,2026-09-19,18162047,29237,42,96.48262023925781,,31.127410888671875,0.8074411153793335,840.9369506835938,185.20632934570312,1015.6693725585938,302.3074035644531,174.732421875,117.10107421875,20461.35430240631,928.3031616210938,243.75686645507812,1920,1080,853.1421508789062,210.1650848388672,948.9017333984375,221.954833984375,95.75958251953125,11.789749145507812,7.018832445971971,left,False,"{'safe_roi': (450, 80, 1500, 420), 'cylinder_roi': (800, 190, 1000, 300)}",ok_cylinder_inside_confirmed
2026-09-19 16:47:44,2026-09-19,18162127,29237,42,104.23599243164062,,29.092636108398438,0.7889089584350586,840.750732421875,183.95367431640625,1017.0858154296875,302.03607177734375,176.3350830078125,118.0823974609375,20822.069358035922,928.9182739257812,242.994873046875,1920,1080,846.3912353515625,208.35891723632812,949.8151245117188,221.3450927734375,103.42388916015625,12.986175537109375,7.15675453395304,left,False,"{'safe_roi': (450, 80, 1500, 420), 'cylinder_roi': (800, 190, 1000, 300)}",ok_cylinder_inside_confirmed
2026-09-19 16:47:49,2026-09-19,18162205,29237,42,104.43106842041016,,28.650192260742188,0.7793267965316772,841.6119384765625,184.09735107421875,1014.27294921875,299.413330078125,172.6610107421875,115.31597900390625,19910.573489539325,927.9424438476562,241.75534057617188,1920,1080,845.844482421875,207.01254272460938,949.4790649414062,219.88583374023438,103.63458251953125,12.873291015625,7.080901810423262,left,False,"{'safe_roi': (450, 80, 1500, 420), 'cylinder_roi': (800, 190, 1000, 300)}",ok_cylinder_inside_confirmed
2026-09-19 16:47:54,2026-09-19,18162283,29237,42,99.24899291992188,,31.749984741210938,0.793586254119873,843.554931640625,186.68133544921875,1017.1439208984375,302.62457275390625,173.5889892578125,115.9432373046875,20126.469374999404,930.3494262695312,244.6529541015625,1920,1080,850.6435546875,210.12940979003906,949.1048583984375,222.60873413085938,98.4613037109375,12.479324340820312,7.223350110691561,left,False,"{'safe_roi': (450, 80, 1500, 420), 'cylinder_roi': (800, 190, 1000, 300)}",ok_cylinder_inside_confirmed
2026-09-19 16:47:59,2026-09-19,18162361,29237,42,105.47307586669922,,29.147048950195312,0.787253201007843,841.24267578125,185.39126586914062,1019.53125,304.1007995605469,178.28857421875,118.70953369140625,21164.553508013487,930.386962890625,244.74603271484375,1920,1080,846.6407470703125,206.68975830078125,950.9993896484375,221.98170471191406,104.358642578125,15.291946411132812,8.336373452309848,left,False,"{'safe_roi': (450, 80, 1500, 420), 'cylinder_roi': (800, 190, 1000, 300)}",ok_cylinder_inside_confirmed
2026-09-19 16:48:04,2026-09-19,18162439,29237,42,106.78852844238281,,32.30216979980469,0.7865038514137268,842.2037963867188,185.28793334960938,1020.0582885742188,303.31719970703125,177.8544921875,118.02926635742188,20992.035231262445,931.1310424804688,244.3025665283203,1920,1080,846.5336303710938,206.4316864013672,952.2625732421875,221.43768310546875,105.72894287109375,15.005996704101562,8.077977085717082,left,False,"{'safe_roi': (450, 80, 1500, 420), 'cylinder_roi': (800, 190, 1000, 300)}",ok_cylinder_inside_confirmed
2026-09-19 16:48:09,2026-09-19,18162517,29237,42,92.28557586669922,,35.06071472167969,0.4857867956161499,837.898193359375,186.038330078125,1009.0889892578125,303.1557312011719,171.1907958984375,117.11740112304688,20049.421111810952,923.4935913085938,244.59703063964844,1920,1080,852.096923828125,207.82693481445312,943.6515502929688,219.41909790039062,91.55462646484375,11.5921630859375,7.216091290454129,left,False,"{'safe_roi': (450, 80, 1500, 420), 'cylinder_roi': (800, 190, 1000, 300)}",ok_cylinder_inside_confirmed
2026-09-19 16:48:14,2026-09-19,18162594,29237,42,107.62972259521484,,26.075439453125,0.7616726160049438,840.946044921875,184.85202026367188,1016.3028564453125,301.4154052734375,175.3568115234375,116.56338500976562,20440.18353569135,928.6244506835938,243.1337127685547,1920,1080,845.4882202148438,202.09478759765625,951.5764770507812,220.24525451660156,106.0882568359375,18.150466918945312,9.7086418387494,left,False,"{'safe_roi': (450, 80, 1500, 420), 'cylinder_roi': (800, 190, 1000, 300)}",ok_cylinder_inside_confirmed
2026-09-19 16:48:19,2026-09-19,18162672,29237,42,94.120849609375,,36.073211669921875,0.7875353693962097,841.41455078125,184.91091918945312,1011.2354736328125,301.90069580078125,169.8209228515625,116.98977661132812,19867.311828333884,926.3250122070312,243.4058074951172,1920,1080,851.9620361328125,210.0920867919922,945.4384155273438,221.08758544921875,93.47637939453125,10.995498657226562,6.708795454634593,left,False,"{'safe_roi': (450, 80, 1500, 420), 'cylinder_roi': (800, 190, 1000, 300)}",ok_cylinder_inside_confirmed
2026-09-19 16:48:24,2026-09-19,18162748,29237,42,105.80109405517578,,27.4395751953125,0.7719369530677795,842.25927734375,184.81591796875,1015.071533203125,300.95501708984375,172.812255859375,116.13909912109375,20070.259712591767,928.6654052734375,242.88546752929688,1920,1080,848.4673461914062,202.83999633789062,952.6557006835938,221.24264526367188,104.1883544921875,18.40264892578125,10.016762604812062,left,False,"{'safe_roi': (450, 80, 1500, 420), 'cylinder_roi': (800, 190, 1000, 300)}",ok_cylinder_inside_confirmed
2026-09-19 16:48:29,2026-09-19,18162823,29237,42,103.75120544433594,,28.829925537109375,0.7661948204040527,842.208740234375,185.3861541748047,1015.477294921875,302.0629577636719,173.2685546875,116.67680358886719,20216.42112340033,928.843017578125,243.72454833984375,1920,1080,849.6393432617188,203.1468048095703,951.87060546875,220.84091186523438,102.23126220703125,17.694107055664062,9.819428378766904,left,False,"{'safe_roi': (450, 80, 1500, 420), 'cylinder_roi': (800, 190, 1000, 300)}",ok_cylinder_inside_confirmed
2026-09-19 16:48:35,2026-09-19,18162903,29237,42,104.02762603759766,,30.427215576171875,0.7814977765083313,842.4012451171875,184.6846923828125,1017.348876953125,300.22698974609375,174.9476318359375,115.54229736328125,20213.85130058974,929.8750610351562,242.45584106445312,1920,1080,847.4301147460938,204.34185791015625,950.2342529296875,220.24960327148438,102.80413818359375,15.907745361328125,8.796094125088818,left,False,"{'safe_roi': (450, 80, 1500, 420), 'cylinder_roi': (800, 190, 1000, 300)}",ok_cylinder_inside_confirmed
2026-09-19 16:48:40,2026-09-19,18162979,29237,42,108.36868286132812,,29.311386108398438,0.7732536196708679,842.674560546875,185.27279663085938,1014.505859375,300.1908264160156,171.831298828125,114.91802978515625,19746.514316752553,928.5902099609375,242.7318115234375,1920,1080,847.473388671875,202.868896484375,954.2800903320312,221.20191955566406,106.80670166015625,18.333023071289062,9.739721864832774,left,False,"{'safe_roi': (450, 80, 1500, 420), 'cylinder_roi': (800, 190, 1000, 300)}",ok_cylinder_inside_confirmed
2026-09-19 16:48:45,2026-09-19,18163050,29237,42,105.45850372314453,,28.83978271484375,0.7818992137908936,843.640380859375,185.12619018554688,1012.5430908203125,300.4779968261719,168.9027099609375,115.351806640625,19483.23274049163,928.0917358398438,242.80209350585938,1920,1080,847.73291015625,203.46038818359375,951.7539672851562,220.81309509277344,104.02105712890625,17.352706909179688,9.47082390442259,left,False,"{'safe_roi': (450, 80, 1500, 420), 'cylinder_roi': (800, 190, 1000, 300)}",ok_cylinder_inside_confirmed
2026-09-19 16:48:50,2026-09-19,18163130,29237,42,107.2607650756836,,30.314422607421875,0.7710795402526855,843.423583984375,183.32644653320312,1012.5115966796875,299.342529296875,169.0880126953125,116.01608276367188,19616.928875204176,927.9675903320312,241.33448791503906,1920,1080,847.6910400390625,203.39527893066406,953.3839111328125,221.66790771484375,105.69287109375,18.272628784179688,9.808579923340176,left,False,"{'safe_roi': (450, 80, 1500, 420), 'cylinder_roi': (800, 190, 1000, 300)}",ok_cylinder_inside_confirmed
2026-09-19 16:48:55,2026-09-19,18163210,29237,42,107.4377212524414,,33.05601501464844,0.7875457406044006,845.8132934570312,186.2750244140625,1018.1301879882812,301.3775634765625,172.31689453125,115.1025390625,19834.112083911896,931.9717407226562,243.8262939453125,1920,1080,848.8966674804688,206.4546661376953,955.1851806640625,222.12680053710938,106.28851318359375,15.672134399414062,8.387766820852779,left,False,"{'safe_roi': (450, 80, 1500, 420), 'cylinder_roi': (800, 190, 1000, 300)}",ok_cylinder_inside_confirmed
2026-09-19 16:49:00,2026-09-19,18163287,29237,42,106.69227600097656,,33.898712158203125,0.7862154841423035,844.62255859375,183.94500732421875,1016.69970703125,299.8618469238281,172.0771484375,115.91683959960938,19946.63921418786,930.6611328125,241.90342712402344,1920,1080,848.6226196289062,207.258544921875,954.365234375,221.46212768554688,105.74261474609375,14.203582763671875,7.6503054963916854,left,False,"{'safe_roi': (450, 80, 1500, 420), 'cylinder_roi': (800, 190, 1000, 300)}",ok_cylinder_inside_confirmed
2026-09-19 16:49:05,2026-09-19,18163366,29237,42,104.18854522705078,,33.25489807128906,0.7823586463928223,843.6857299804688,184.58917236328125,1016.3628540039062,300.9098205566406,172.6771240234375,116.32064819335938,20085.914994571358,930.0242919921875,242.74949645996094,1920,1080,849.6931762695312,205.0496826171875,952.6885986328125,220.77212524414062,102.99542236328125,15.722442626953125,8.679304354484142,left,False,"{'safe_roi': (450, 80, 1500, 420), 'cylinder_roi': (800, 190, 1000, 300)}",ok_cylinder_inside_confirmed
2026-09-19 16:49:10,2026-09-19,18163446,29237,42,105.76084899902344,,31.900466918945312,0.78510981798172,843.4325561523438,184.83734130859375,1012.4910278320312,299.6940612792969,169.0584716796875,114.85671997070312,19417.501540388912,927.9617919921875,242.2657012939453,1920,1080,848.6608276367188,203.02822875976562,952.6380615234375,222.3697052001953,103.97723388671875,19.341476440429688,10.537519211489709,left,False,"{'safe_roi': (450, 80, 1500, 420), 'cylinder_roi': (800, 190, 1000, 300)}",ok_cylinder_inside_confirmed
2026-09-19 16:49:15,2026-09-19,18163522,29237,42,104.67768096923828,,33.383026123046875,0.7666912078857422,843.7664184570312,184.79527282714844,1012.5595092773438,298.74932861328125,168.7930908203125,113.95405578613281,19234.657287651673,928.1629638671875,241.77230834960938,1920,1080,846.7833862304688,203.0240020751953,949.5936279296875,222.7082977294922,102.81024169921875,19.684295654296875,10.838815314543993,left,False,"{'safe_roi': (450, 80, 1500, 420), 'cylinder_roi': (800, 190, 1000, 300)}",ok_cylinder_inside_confirmed
2026-09-19 16:49:20,2026-09-19,18163606,29237,42,105.79158020019531,,29.570831298828125,0.7393038868904114,842.2836303710938,186.62100219726562,1011.1528930664062,300.5436096191406,168.8692626953125,113.922607421875,19238.026719659567,926.71826171875,243.58230590820312,1920,1080,847.4810180664062,203.27420043945312,951.849365234375,220.56887817382812,104.36834716796875,17.294677734375,9.408874982314945,left,False,"{'safe_roi': (450, 80, 1500, 420), 'cylinder_roi': (800, 190, 1000, 300)}",ok_cylinder_inside_confirmed
2026-09-19 16:49:25,2026-09-19,18163683,29237,42,105.68963623046875,,37.18995666503906,0.7728073596954346,844.4194946289062,185.73867797851562,1011.7372436523438,299.3315734863281,167.3177490234375,113.5928955078125,19006.107581421733,928.078369140625,242.53512573242188,1920,1080,846.543701171875,204.90753173828125,950.7679443359375,222.4462432861328,104.2242431640625,17.538711547851562,9.55216046786357,left,False,"{'safe_roi': (450, 80, 1500, 420), 'cylinder_roi': (800, 190, 1000, 300)}",ok_cylinder_inside_confirmed
2026-09-19 17:03:31,2026-09-19,18176870,29238,43,113.95670318603516,,41.08833312988281,0.7196265459060669,829.1402587890625,193.14715576171875,1018.220703125,312.42205810546875,189.0804443359375,119.27490234375,22552.551533281803,923.6804809570312,252.78460693359375,1920,1080,837.269775390625,206.78636169433594,949.6007080078125,225.96688842773438,112.3309326171875,19.180526733398438,9.689814871722332,left,False,"{'safe_roi': (450, 80, 1500, 420), 'cylinder_roi': (800, 190, 1000, 300)}",ok_cylinder_inside_confirmed
2026-09-19 17:09:44,2026-09-19,18182649,29238,44,108.66112518310547,,33.200531005859375,0.7733029723167419,789.0072631835938,190.4418487548828,987.3463745117188,299.10986328125,198.339111328125,108.66801452636719,21553.117430951446,888.1768188476562,244.77584838867188,1920,1080,815.8966674804688,205.707763671875,923.70703125,219.2785186767578,107.81036376953125,13.570755004882812,7.174439177554402,left,False,"{'safe_roi': (450, 80, 1500, 420), 'cylinder_roi': (800, 190, 1000, 300)}",ok_cylinder_inside_confirmed
2026-09-19 17:09:49,2026-09-19,18182727,29238,44,110.50785827636719,,33.57106018066406,0.7746602296829224,791.1774291992188,188.96034240722656,985.7100219726562,300.1759948730469,194.5325927734375,111.21565246582031,21635.069231165573,888.4437255859375,244.56817626953125,1920,1080,816.6423950195312,207.89390563964844,926.3615112304688,221.07351684570312,109.7191162109375,13.179611206054688,6.849628922437014,left,False,"{'safe_roi': (450, 80, 1500, 420), 'cylinder_roi': (800, 190, 1000, 300)}",ok_cylinder_inside_confirmed
2026-09-19 17:09:54,2026-09-19,18182808,29238,44,115.86962127685547,,36.7545166015625,0.7786039113998413,787.4874877929688,189.71640014648438,989.3983764648438,298.7884521484375,201.910888671875,109.07205200195312,22022.834948979318,888.4429321289062,244.25242614746094,1920,1080,816.2207641601562,207.7565155029297,931.2308349609375,221.84381103515625,115.01007080078125,14.087295532226562,6.983231597554699,left,False,"{'safe_roi': (450, 80, 1500, 420), 'cylinder_roi': (800, 190, 1000, 300)}",ok_cylinder_inside_confirmed
2026-09-19 17:09:59,2026-09-19,18182887,29238,44,111.5098876953125,,37.41853332519531,0.779047966003418,790.06201171875,187.07461547851562,996.9381103515625,302.72259521484375,206.8760986328125,115.64797973632812,23924.80286261812,893.5000610351562,244.8986053466797,1920,1080,818.5618896484375,209.82131958007812,929.34423828125,222.53851318359375,110.7823486328125,12.717193603515625,6.548570058971551,left,False,"{'safe_roi': (450, 80, 1500, 420), 'cylinder_roi': (800, 190, 1000, 300)}",ok_cylinder_inside_confirmed
2026-09-19 17:10:04,2026-09-19,18182965,29238,44,113.0885009765625,,37.669281005859375,0.7784536480903625,794.2447509765625,186.4295654296875,1000.34375,302.2872619628906,206.0989990234375,115.85769653320312,23878.15528465435,897.2942504882812,244.35841369628906,1920,1080,817.4209594726562,209.38095092773438,929.674072265625,223.10128784179688,112.25311279296875,13.7203369140625,6.968514236422506,left,False,"{'safe_roi': (450, 80, 1500, 420), 'cylinder_roi': (800, 190, 1000, 300)}",ok_cylinder_inside_confirmed
2026-09-19 17:10:09,2026-09-19,18183040,29238,44,114.4477310180664,,38.94813537597656,0.7817691564559937,793.79931640625,184.9396514892578,991.3408203125,301.2117919921875,197.54150390625,116.27214050292969,22968.573497347534,892.570068359375,243.07571411132812,1920,1080,815.1685791015625,210.01280212402344,929.0863037109375,221.014404296875,113.917724609375,11.001602172851562,5.516231842443728,left,False,"{'safe_roi': (450, 80, 1500, 420), 'cylinder_roi': (800, 190, 1000, 300)}",ok_cylinder_inside_confirmed
2026-09-19 17:10:14,2026-09-19,18183117,29238,44,106.38876342773438,,37.42134094238281,0.7747048735618591,791.691162109375,186.5430908203125,986.6092529296875,302.6460266113281,194.9180908203125,116.10293579101562,22630.562583018094,889.1502075195312,244.5945587158203,1920,1080,819.051025390625,209.00677490234375,924.7978515625,220.67626953125,105.746826171875,11.66949462890625,6.297289424587859,left,False,"{'safe_roi': (450, 80, 1500, 420), 'cylinder_roi': (800, 190, 1000, 300)}",ok_cylinder_inside_confirmed
2026-09-19 17:10:19,2026-09-19,18183198,29238,44,109.1964340209961,,37.176361083984375,0.7727131247520447,790.6126708984375,185.531982421875,984.9359130859375,300.71258544921875,194.3232421875,115.18060302734375,22382.268217384815,887.7742919921875,243.12228393554688,1920,1080,814.1148681640625,207.46348571777344,922.909912109375,216.81759643554688,108.7950439453125,9.354110717773438,4.914159817189154,left,False,"{'safe_roi': (450, 80, 1500, 420), 'cylinder_roi': (800, 190, 1000, 300)}",ok_cylinder_inside_confirmed
2026-09-19 17:10:24,2026-09-19,18183280,29238,44,109.33407592773438,,37.43644714355469,0.7740477919578552,790.8291015625,184.93524169921875,988.286865234375,301.2734069824219,197.457763671875,116.33816528320312,22971.873946510255,889.5579833984375,243.1043243408203,1920,1080,815.1834106445312,206.15362548828125,923.7913208007812,218.73387145996094,108.60791015625,12.580245971679688,6.607226565317044,left,False,"{'safe_roi': (450, 80, 1500, 420), 'cylinder_roi': (800, 190, 1000, 300)}",ok_cylinder_inside_confirmed
2026-09-19 17:10:30,2026-09-19,18183361,29238,44,111.45137786865234,,37.94657897949219,0.7753625512123108,791.2135620117188,186.23526000976562,990.3845825195312,303.9001159667969,199.1710205078125,117.66485595703125,23435.429438866675,890.799072265625,245.06768798828125,1920,1080,817.0924682617188,208.85914611816406,927.9171142578125,220.66200256347656,110.82464599609375,11.8028564453125,6.079102296919446,left,False,"{'safe_roi': (450, 80, 1500, 420), 'cylinder_roi': (800, 190, 1000, 300)}",ok_cylinder_inside_confirmed
2026-09-19 17:10:35,2026-09-19,18183440,29238,44,110.41979217529297,,37.09629821777344,0.7812323570251465,792.08984375,185.347900390625,989.5802001953125,300.8350524902344,197.4903564453125,115.48715209960938,22807.598833005875,890.8350219726562,243.0914764404297,1920,1080,816.8552856445312,205.80389404296875,926.330078125,220.21917724609375,109.47479248046875,14.415283203125,7.5013650194736865,left,False,"{'safe_roi': (450, 80, 1500, 420), 'cylinder_roi': (800, 190, 1000, 300)}",ok_cylinder_inside_confirmed
2026-09-19 17:10:40,2026-09-19,18183518,29238,44,106.50675964355469,,38.156494140625,0.7685847878456116,789.6827392578125,184.58367919921875,983.036376953125,299.9287414550781,193.3536376953125,115.34506225585938,22302.3873773627,886.3595581054688,242.25621032714844,1920,1080,816.8387451171875,205.3083953857422,922.6925659179688,217.08370971679688,105.85382080078125,11.775314331054688,6.347558715431555,left,False,"{'safe_roi': (450, 80, 1500, 420), 'cylinder_roi': (800, 190, 1000, 300)}",ok_cylinder_inside_confirmed
2026-09-19 17:10:45,2026-09-19,18183597,29238,44,105.59217834472656,,33.2938232421875,0.7723974585533142,782.97119140625,189.65567016601562,971.93310546875,297.7274475097656,188.9619140625,108.07177734375,20421.449903011322,877.4521484375,243.69155883789062,1920,1080,808.21728515625,207.22488403320312,912.9930419921875,220.3302001953125,104.7757568359375,13.105316162109375,7.129510333503174,left,False,"{'safe_roi': (450, 80, 1500, 420), 'cylinder_roi': (800, 190, 1000, 300)}",ok_cylinder_inside_confirmed
2026-09-19 17:10:50,2026-09-19,18183679,29238,44,108.39641571044922,,35.59117126464844,0.7704305648803711,787.285888671875,188.20458984375,979.9906005859375,294.5253601074219,192.7047119140625,106.32077026367188,20488.51340414211,883.6382446289062,241.36497497558594,1920,1080,805.9861450195312,205.83865356445312,913.5256958007812,219.441162109375,107.53955078125,13.602508544921875,7.20896944691815,left,False,"{'safe_roi': (450, 80, 1500, 420), 'cylinder_roi': (800, 190, 1000, 300)}",ok_cylinder_inside_confirmed
2026-09-19 17:10:55,2026-09-19,18183759,29238,44,108.97290802001953,,38.898040771484375,0.7771852612495422,782.969970703125,187.70602416992188,981.639404296875,298.1854553222656,198.66943359375,110.47943115234375,21948.88601079583,882.3046875,242.94573974609375,1920,1080,808.3160400390625,206.94461059570312,916.3292236328125,221.37539672851562,108.01318359375,14.4307861328125,7.609771995335293,left,False,"{'safe_roi': (450, 80, 1500, 420), 'cylinder_roi': (800, 190, 1000, 300)}",ok_cylinder_inside_confirmed
2026-09-19 17:24:13,2026-09-19,18196258,29277,45,122.55978393554688,,35.39593505859375,0.7642236351966858,816.0659790039062,185.53013610839844,1028.7366943359375,297.4371032714844,212.67071533203125,111.90696716308594,23799.334757211618,922.4013671875,241.48361206054688,1920,1080,824.1649169921875,193.88906860351562,945.3409423828125,212.25404357910156,121.176025390625,18.364974975585938,8.61794592461635,left,False,"{'safe_roi': (450, 80, 1500, 420), 'cylinder_roi': (800, 190, 1000, 300)}",ok_cylinder_inside_confirmed
2026-09-19 17:24:19,2026-09-19,18196334,29277,45,122.63536834716797,,39.676422119140625,0.7222554087638855,817.9952392578125,187.17840576171875,1016.12841796875,297.72174072265625,198.1331787109375,110.5433349609375,21902.302341118455,917.0618286132812,242.4500732421875,1920,1080,824.7890014648438,193.91632080078125,945.6240234375,214.85269165039062,120.83502197265625,20.936370849609375,9.82971262352609,left,False,"{'safe_roi': (450, 80, 1500, 420), 'cylinder_roi': (800, 190, 1000, 300)}",ok_cylinder_inside_confirmed
2026-09-19 17:24:24,2026-09-19,18196413,29277,45,123.33218383789062,,37.80522155761719,0.7011163830757141,815.8216552734375,187.41259765625,1016.31591796875,297.8829040527344,200.4942626953125,110.47030639648438,22148.6626306884,916.0687866210938,242.6477508544922,1920,1080,825.7811889648438,195.03424072265625,946.2552490234375,221.43174743652344,120.47406005859375,26.397506713867188,12.358967933404537,left,False,"{'safe_roi': (450, 80, 1500, 420), 'cylinder_roi': (800, 190, 1000, 300)}",ok_cylinder_inside_confirmed
2026-09-19 17:24:29,2026-09-19,18196491,29277,45,121.45429229736328,,33.917266845703125,0.7548555135726929,816.925048828125,186.6298370361328,1018.7265625,298.67083740234375,201.801513671875,112.04100036621094,22610.04346721247,917.8258056640625,242.65032958984375,1920,1080,823.6838989257812,198.52671813964844,943.3326416015625,219.39111328125,119.64874267578125,20.864395141601562,9.891796100623088,left,False,"{'safe_roi': (450, 80, 1500, 420), 'cylinder_roi': (800, 190, 1000, 300)}",ok_cylinder_inside_confirmed
2026-09-19 17:24:34,2026-09-19,18196570,29277,45,98.30884552001953,,31.085891723632812,0.7321434020996094,816.897705078125,187.6053924560547,1010.5164794921875,298.975341796875,193.6187744140625,111.36994934082031,21563.313097925857,913.7070922851562,243.29037475585938,1920,1080,840.7024536132812,206.0907745361328,938.73046875,213.51625061035156,98.02801513671875,7.42547607421875,4.331797511106604,left,False,"{'safe_roi': (450, 80, 1500, 420), 'cylinder_roi': (800, 190, 1000, 300)}",ok_cylinder_inside_confirmed
2026-09-19 17:24:39,2026-09-19,18196648,29277,45,115.32344818115234,,30.482315063476562,0.6691429615020752,815.8018798828125,190.18028259277344,998.4989013671875,300.0220947265625,182.697021484375,109.84181213378906,20067.771911289543,907.150390625,245.1011962890625,1920,1080,825.2899780273438,198.74513244628906,938.6519775390625,219.92425537109375,113.36199951171875,21.179122924804688,10.582420115885318,left,False,"{'safe_roi': (450, 80, 1500, 420), 'cylinder_roi': (800, 190, 1000, 300)}",ok_cylinder_inside_confirmed
2026-09-19 17:27:29,2026-09-19,18199315,29277,46,116.5141372680664,,41.7562255859375,0.7692838907241821,829.9805297851562,186.95193481445312,1033.91748046875,306.2596740722656,203.93695068359375,119.3077392578125,24331.25653719157,931.948974609375,246.60580444335938,1920,1080,832.4553833007812,205.32545471191406,948.1851806640625,218.82205200195312,115.72979736328125,13.496597290039062,6.651879117173101,left,False,"{'safe_roi': (450, 80, 1500, 420), 'cylinder_roi': (800, 190, 1000, 300)}",ok_cylinder_inside_confirmed
2026-09-19 17:28:07,2026-09-19,18199900,29277,47,111.46558380126953,,43.54304504394531,0.5432385802268982,827.8265991210938,195.0100860595703,1021.8699340820312,310.28228759765625,194.0433349609375,115.27220153808594,22367.802414739504,924.8482666015625,252.64617919921875,1920,1080,836.7047729492188,204.9528045654297,946.6912841796875,223.05099487304688,109.98651123046875,18.098190307617188,9.344237817249908,left,False,"{'safe_roi': (450, 80, 1500, 420), 'cylinder_roi': (800, 190, 1000, 300)}",ok_cylinder_inside_confirmed
2026-09-19 17:28:17,2026-09-19,18200060,29277,47,113.14315032958984,,37.18994140625,0.6313601732254028,829.5917358398438,194.74783325195312,1029.5595703125,310.3745422363281,199.96783447265625,115.626708984375,23121.622602805495,929.57568359375,252.56118774414062,1920,1080,833.46044921875,205.6822052001953,945.3724365234375,222.32791137695312,111.9119873046875,16.645706176757812,8.460107021394112,left,False,"{'safe_roi': (450, 80, 1500, 420), 'cylinder_roi': (800, 190, 1000, 300)}",ok_cylinder_inside_confirmed
2026-09-19 17:28:38,2026-09-19,18200374,29277,47,110.40799713134766,,39.32987976074219,0.7345178127288818,824.7884521484375,193.2110595703125,1032.48583984375,307.8564453125,207.6973876953125,114.6453857421875,23811.54712997377,928.6371459960938,250.53375244140625,1920,1080,836.5404052734375,207.21315002441406,945.7232666015625,223.615234375,109.182861328125,16.402084350585938,8.54341874442347,left,False,"{'safe_roi': (450, 80, 1500, 420), 'cylinder_roi': (800, 190, 1000, 300)}",ok_cylinder_inside_confirmed
2026-09-19 17:28:53,2026-09-19,18200617,29277,47,110.64906311035156,,35.921356201171875,0.5603252649307251,829.7921752929688,192.0020751953125,1031.072998046875,310.3502502441406,201.28082275390625,118.34817504882812,23821.218045251444,930.4326171875,251.17616271972656,1920,1080,836.7384033203125,208.1584014892578,946.0028076171875,225.60845947265625,109.264404296875,17.450057983398438,9.073788797221958,left,False,"{'safe_roi': (450, 80, 1500, 420), 'cylinder_roi': (800, 190, 1000, 300)}",ok_cylinder_inside_confirmed
2026-09-19 17:30:11,2026-09-19,18201839,29277,48,105.15668487548828,,35.04515075683594,0.5791903138160706,832.5982055664062,189.05751037597656,1029.24365234375,307.4144287109375,196.64544677734375,118.35691833496094,23274.34908516798,930.9208984375,248.2359619140625,1920,1080,840.5288696289062,209.5906982421875,943.38525390625,231.4651641845703,102.85638427734375,21.874465942382812,12.006217742961818,left,False,"{'safe_roi': (450, 80, 1500, 420), 'cylinder_roi': (800, 190, 1000, 300)}",ok_cylinder_inside_confirmed
2026-09-19 17:30:30,2026-09-19,18202126,29277,48,105.43565368652344,,41.82733154296875,0.5000072717666626,827.0972900390625,189.7985382080078,1023.809814453125,307.5978698730469,196.7125244140625,117.79933166503906,23172.603906119242,925.4535522460938,248.69821166992188,1920,1080,839.725341796875,207.64608764648438,942.4559326171875,231.37588500976562,102.7305908203125,23.72979736328125,13.006656602637557,left,False,"{'safe_roi': (450, 80, 1500, 420), 'cylinder_roi': (800, 190, 1000, 300)}",ok_cylinder_inside_confirmed
2026-09-19 17:32:27,2026-09-19,18203944,29277,49,111.69754791259766,,41.68525695800781,0.4755629897117615,829.690673828125,190.8970489501953,1029.9970703125,306.672607421875,200.306396484375,115.77555847167969,23190.584918428212,929.8438720703125,248.78482055664062,1920,1080,836.8599853515625,207.63143920898438,945.9883422851562,231.45040893554688,109.12835693359375,23.8189697265625,12.312599669095272,left,False,"{'safe_roi': (450, 80, 1500, 420), 'cylinder_roi': (800, 190, 1000, 300)}",ok_cylinder_inside_confirmed
2026-09-19 17:50:23,2026-09-19,18220575,29287,50,103.4346694946289,,40.19486999511719,0.4718458652496338,820.9553833007812,186.98013305664062,1017.0283813476562,302.4645080566406,196.072998046875,115.484375,22643.36763381958,918.9918823242188,244.72232055664062,1920,1080,831.96435546875,200.8165283203125,933.6935424804688,219.52223205566406,101.72918701171875,18.705703735351562,10.419016847573888,left,False,"{'safe_roi': (450, 80, 1500, 420), 'cylinder_roi': (800, 190, 1000, 300)}",ok_cylinder_inside_confirmed
2026-09-19 17:50:28,2026-09-19,18220654,29287,50,106.89862060546875,,41.47430419921875,0.630986750125885,819.7374267578125,185.65914916992188,1021.1590576171875,303.2134094238281,201.421630859375,117.55426025390625,23677.970814809203,920.4482421875,244.436279296875,1920,1080,833.9270629882812,203.012939453125,939.633544921875,218.9331817626953,105.70648193359375,15.920242309570312,8.564832096325313,left,False,"{'safe_roi': (450, 80, 1500, 420), 'cylinder_roi': (800, 190, 1000, 300)}",ok_cylinder_inside_confirmed
2026-09-19 17:50:33,2026-09-19,18220733,29287,50,114.81216430664062,,35.73344421386719,0.5822885036468506,820.0035400390625,188.2349395751953,1023.5546875,304.4617004394531,203.5511474609375,116.22676086425781,23658.09053958766,921.7791137695312,246.34832763671875,1920,1080,830.9946899414062,199.43971252441406,943.730712890625,221.17498779296875,112.73602294921875,21.735275268554688,10.912613079266418,left,False,"{'safe_roi': (450, 80, 1500, 420), 'cylinder_roi': (800, 190, 1000, 300)}",ok_cylinder_inside_confirmed
2026-09-19 17:50:38,2026-09-19,18220809,29287,50,112.27189636230469,,40.9281005859375,0.758064329624176,819.5569458007812,187.67123413085938,1021.9828491210938,302.3719787597656,202.4259033203125,114.70074462890625,23218.40184301883,920.7698974609375,245.0216064453125,1920,1080,831.370361328125,202.10198974609375,942.209228515625,219.98281860351562,110.8388671875,17.880828857421875,9.164156872661184,left,False,"{'safe_roi': (450, 80, 1500, 420), 'cylinder_roi': (800, 190, 1000, 300)}",ok_cylinder_inside_confirmed
2026-09-19 17:50:43,2026-09-19,18220887,29287,50,115.86663055419922,,38.90380859375,0.7309949994087219,819.7137451171875,187.6631622314453,1022.037109375,303.80841064453125,202.3233642578125,116.14524841308594,23498.897401494905,920.8754272460938,245.73577880859375,1920,1080,828.9154663085938,203.59751892089844,943.560791015625,220.376220703125,114.64532470703125,16.778701782226562,8.326304599521254,left,False,"{'safe_roi': (450, 80, 1500, 420), 'cylinder_roi': (800, 190, 1000, 300)}",ok_cylinder_inside_confirmed
2026-09-19 17:50:48,2026-09-19,18220964,29287,50,107.5061264038086,,34.20623779296875,0.6665972471237183,820.1978759765625,186.61534118652344,1012.4449462890625,301.91131591796875,192.2470703125,115.29597473144531,22165.31336094439,916.3214111328125,244.26333618164062,1920,1080,827.2799682617188,193.4143829345703,932.4000244140625,215.93862915039062,105.12005615234375,22.524246215820312,12.093985761057256,left,False,"{'safe_roi': (450, 80, 1500, 420), 'cylinder_roi': (800, 190, 1000, 300)}",ok_cylinder_inside_confirmed
2026-09-19 18:20:26,2026-09-19,18248404,29328,51,116.10682678222656,,41.74577331542969,0.6297205686569214,826.0043334960938,193.09597778320312,1017.3770141601562,311.775390625,191.3726806640625,118.67941284179688,22711.99737517163,921.690673828125,252.43568420410156,1920,1080,830.1447143554688,219.8705291748047,944.0175170898438,242.53726196289062,113.872802734375,22.666732788085938,11.257755506674508,left,False,"{'safe_roi': (450, 80, 1500, 420), 'cylinder_roi': (800, 190, 1000, 300)}",ok_cylinder_inside_confirmed
2026-09-19 18:20:32,2026-09-19,18248491,29328,51,115.95183563232422,,43.99659729003906,0.7184088230133057,824.5086669921875,188.71023559570312,1020.8280029296875,307.900146484375,196.3193359375,119.18991088867188,23399.284156113863,922.6683349609375,248.30519104003906,1920,1080,830.1158447265625,219.1351318359375,944.1568603515625,240.09878540039062,114.041015625,20.963653564453125,10.41614085082485,left,False,"{'safe_roi': (450, 80, 1500, 420), 'cylinder_roi': (800, 190, 1000, 300)}",ok_cylinder_inside_confirmed
2026-09-19 18:20:37,2026-09-19,18248570,29328,51,123.10598754882812,,38.41363525390625,0.6398672461509705,824.4015502929688,187.81048583984375,1019.2626342773438,306.4955749511719,194.861083984375,118.68508911132812,23127.10511701554,921.8320922851562,247.1530303955078,1920,1080,826.963623046875,215.68917846679688,946.729736328125,244.17007446289062,119.76611328125,28.48089599609375,13.376721149334141,left,False,"{'safe_roi': (450, 80, 1500, 420), 'cylinder_roi': (800, 190, 1000, 300)}",ok_cylinder_inside_confirmed
2026-09-19 18:21:26,2026-09-19,18249342,29328,52,108.19429016113281,,29.946685791015625,0.778408944606781,790.1268310546875,183.7291259765625,995.464599609375,303.0248107910156,205.3377685546875,119.29568481445312,24495.909718003124,892.7957153320312,243.37696838378906,1920,1080,811.843994140625,203.82786560058594,918.5736083984375,221.57029724121094,106.7296142578125,17.742431640625,9.438378649912101,left,False,"{'safe_roi': (450, 80, 1500, 420), 'cylinder_roi': (800, 190, 1000, 300)}",ok_cylinder_inside_confirmed
2026-09-19 18:21:31,2026-09-19,18249424,29328,52,105.546630859375,,31.622024536132812,0.7752704620361328,794.70166015625,184.30039978027344,994.43212890625,302.6396179199219,199.73046875,118.33921813964844,23635.947510540485,894.56689453125,243.47000122070312,1920,1080,812.5413818359375,206.24325561523438,916.8809204101562,222.16030883789062,104.33953857421875,15.91705322265625,8.673631492538082,left,False,"{'safe_roi': (450, 80, 1500, 420), 'cylinder_roi': (800, 190, 1000, 300)}",ok_cylinder_inside_confirmed
2026-09-19 18:21:36,2026-09-19,18249503,29328,52,104.7302474975586,,32.646881103515625,0.7752107381820679,795.6533203125,183.70687866210938,991.2724609375,301.3731689453125,195.619140625,117.66629028320312,23017.778585731983,893.462890625,242.54002380371094,1920,1080,813.1646118164062,206.60809326171875,917.1345825195312,219.20452880859375,103.969970703125,12.596435546875,6.9079765609291774,left,False,"{'safe_roi': (450, 80, 1500, 420), 'cylinder_roi': (800, 190, 1000, 300)}",ok_cylinder_inside_confirmed
2026-09-19 18:21:41,2026-09-19,18249583,29328,52,104.00900268554688,,34.764984130859375,0.7618247866630554,793.2461547851562,181.73008728027344,990.4774780273438,300.6437683105469,197.2313232421875,118.91368103027344,23453.50266120024,891.86181640625,241.18692016601562,1920,1080,813.4298706054688,204.21592712402344,915.8277587890625,222.45175170898438,102.39788818359375,18.235824584960938,10.09782123225096,left,False,"{'safe_roi': (450, 80, 1500, 420), 'cylinder_roi': (800, 190, 1000, 300)}",ok_cylinder_inside_confirmed
2026-09-19 18:21:47,2026-09-19,18249661,29328,52,104.42410278320312,,34.504119873046875,0.7803990244865417,792.5301513671875,184.37103271484375,984.974365234375,300.81982421875,192.4442138671875,116.44879150390625,22409.89613675326,888.7522583007812,242.59542846679688,1920,1080,812.2554321289062,205.36550903320312,915.5838623046875,220.45286560058594,103.32843017578125,15.087356567382812,8.30725841134192,left,False,"{'safe_roi': (450, 80, 1500, 420), 'cylinder_roi': (800, 190, 1000, 300)}",ok_cylinder_inside_confirmed
2026-09-19 18:21:53,2026-09-19,18249763,29328,52,101.83223724365234,,36.15809631347656,0.7757901549339294,792.9485473632812,184.6952667236328,984.0868530273438,299.74420166015625,191.1383056640625,115.04893493652344,21990.258492222056,888.5177001953125,242.2197265625,1920,1080,811.9916381835938,205.83236694335938,913.077392578125,218.13990783691406,101.08575439453125,12.307540893554688,6.941792761967454,left,False,"{'safe_roi': (450, 80, 1500, 420), 'cylinder_roi': (800, 190, 1000, 300)}",ok_cylinder_inside_confirmed
2026-09-19 18:22:01,2026-09-19,18249883,29328,52,104.58924865722656,,37.27398681640625,0.7549133896827698,793.7621459960938,184.89166259765625,983.9797973632812,301.4322204589844,190.2176513671875,116.54055786132812,22168.071205403656,888.8709716796875,243.1619415283203,1920,1080,805.5896606445312,203.4271240234375,909.499267578125,215.33111572265625,103.90960693359375,11.90399169921875,6.5353723746514305,left,False,"{'safe_roi': (450, 80, 1500, 420), 'cylinder_roi': (800, 190, 1000, 300)}",ok_cylinder_inside_confirmed
2026-09-19 18:22:06,2026-09-19,18249963,29328,52,105.27289581298828,,37.029022216796875,0.7632258534431458,790.4548950195312,183.9511260986328,984.4874877929688,302.09832763671875,194.0325927734375,118.14720153808594,22924.407843360677,887.47119140625,243.02471923828125,1920,1080,805.3400268554688,202.91468811035156,909.928466796875,214.89968872070312,104.58843994140625,11.985000610351562,6.5371249125079,left,False,"{'safe_roi': (450, 80, 1500, 420), 'cylinder_roi': (800, 190, 1000, 300)}",ok_cylinder_inside_confirmed
2026-09-19 18:22:11,2026-09-19,18250040,29328,52,109.69387817382812,,39.61915588378906,0.7540709376335144,798.0079345703125,184.7787628173828,984.028076171875,301.3112487792969,186.0201416015625,116.53248596191406,21677.389539817348,891.0180053710938,243.04501342773438,1920,1080,801.5139770507812,202.87905883789062,910.09765625,218.44607543945312,108.58367919921875,15.5670166015625,8.15857374373606,left,False,"{'safe_roi': (450, 80, 1500, 420), 'cylinder_roi': (800, 190, 1000, 300)}",ok_cylinder_inside_confirmed
2026-09-19 18:22:16,2026-09-19,18250118,29328,52,107.1556396484375,,37.63536071777344,0.7664076089859009,791.4000244140625,183.11434936523438,987.7760009765625,299.9795837402344,196.3759765625,116.865234375,22949.52452659607,889.5880126953125,241.54696655273438,1920,1080,804.2094116210938,202.83145141601562,910.6728515625,214.99148559570312,106.46343994140625,12.1600341796875,6.51596827990043,left,False,"{'safe_roi': (450, 80, 1500, 420), 'cylinder_roi': (800, 190, 1000, 300)}",ok_cylinder_inside_confirmed
2026-09-19 18:22:24,2026-09-19,18250246,29328,52,106.03230285644531,,37.6884765625,0.7668241858482361,789.7698974609375,183.41867065429688,983.524658203125,302.375244140625,193.7547607421875,118.95657348632812,23048.40243455395,886.6472778320312,242.89695739746094,1920,1080,806.5620727539062,203.93267822265625,911.7469482421875,217.31141662597656,105.18487548828125,13.378738403320312,7.248677119923167,left,False,"{'safe_roi': (450, 80, 1500, 420), 'cylinder_roi': (800, 190, 1000, 300)}",ok_cylinder_inside_confirmed
2026-09-19 18:22:35,2026-09-19,18250408,29328,52,106.15703582763672,,33.841522216796875,0.7499422430992126,787.2061767578125,184.7786407470703,982.1834716796875,301.035400390625,194.977294921875,116.25675964355469,22667.428511682898,884.69482421875,242.90701293945312,1920,1080,802.3226928710938,202.27267456054688,907.431884765625,217.15133666992188,105.10919189453125,14.878662109375,8.056936751249511,left,False,"{'safe_roi': (450, 80, 1500, 420), 'cylinder_roi': (800, 190, 1000, 300)}",ok_cylinder_inside_confirmed
2026-09-19 18:25:25,2026-09-19,18253019,29336,53,115.90574645996094,,35.374542236328125,0.5571046471595764,816.1232299804688,184.2056884765625,1017.2334594726562,301.57061767578125,201.1102294921875,117.36492919921875,23603.28784558922,916.6783447265625,242.88815307617188,1920,1080,823.4804077148438,201.5426483154297,938.3436279296875,217.05335998535156,114.86322021484375,15.510711669921875,7.690493998392878,left,False,"{'safe_roi': (450, 80, 1500, 420), 'cylinder_roi': (800, 190, 1000, 300)}",ok_cylinder_inside_confirmed
2026-09-19 18:25:48,2026-09-19,18253361,29336,54,120.41585540771484,,35.96318054199219,0.5692940950393677,814.6055297851562,185.29090881347656,1011.4970092773438,304.30902099609375,196.8914794921875,119.01811218261719,23433.652194002643,913.05126953125,244.79995727539062,1920,1080,819.7529907226562,203.68759155273438,937.70849609375,227.90487670898438,117.95550537109375,24.21728515625,11.602096132669711,left,False,"{'safe_roi': (450, 80, 1500, 420), 'cylinder_roi': (800, 190, 1000, 300)}",ok_cylinder_inside_confirmed
2026-09-19 18:25:53,2026-09-19,18253446,29336,54,117.5740966796875,,41.997650146484375,0.6658424735069275,816.7335815429688,184.82791137695312,1012.9595336914062,304.1288757324219,196.2259521484375,119.30096435546875,23409.94532287866,914.8465576171875,244.4783935546875,1920,1080,820.5703125,207.5831298828125,936.602783203125,226.56033325195312,116.032470703125,18.977203369140625,9.288533928099964,left,False,"{'safe_roi': (450, 80, 1500, 420), 'cylinder_roi': (800, 190, 1000, 300)}",ok_cylinder_inside_confirmed
2026-09-19 18:25:58,2026-09-19,18253523,29336,54,122.41551971435547,,41.23570251464844,0.6562701463699341,816.1202392578125,187.02789306640625,1006.0245361328125,304.8279113769531,189.904296875,117.80001831054688,22370.72964912653,911.0723876953125,245.9279022216797,1920,1080,820.3402099609375,203.10293579101562,939.2608642578125,232.1449432373047,118.920654296875,29.042007446289062,13.7237716846832,left,False,"{'safe_roi': (450, 80, 1500, 420), 'cylinder_roi': (800, 190, 1000, 300)}",ok_cylinder_inside_confirmed
2026-09-19 18:26:03,2026-09-19,18253600,29336,54,117.68626403808594,,41.032379150390625,0.7093381285667419,812.3694458007812,186.4121551513672,1006.2905883789062,305.1229248046875,193.921142578125,118.71076965332031,23020.528087500483,909.3300170898438,245.76754760742188,1920,1080,818.8158569335938,204.85385131835938,934.2538452148438,227.74769592285156,115.43798828125,22.893844604492188,11.21743520323756,left,False,"{'safe_roi': (450, 80, 1500, 420), 'cylinder_roi': (800, 190, 1000, 300)}",ok_cylinder_inside_confirmed
2026-09-19 18:26:08,2026-09-19,18253680,29336,54,119.41841888427734,,39.81732177734375,0.7149022221565247,812.3060913085938,187.5127716064453,1008.2744750976562,303.5672607421875,195.9683837890625,116.05448913574219,22743.01066739671,910.290283203125,245.54000854492188,1920,1080,819.1243896484375,203.97763061523438,935.6416015625,230.14053344726562,116.5172119140625,26.16290283203125,12.655354899285479,left,False,"{'safe_roi': (450, 80, 1500, 420), 'cylinder_roi': (800, 190, 1000, 300)}",ok_cylinder_inside_confirmed
2026-09-19 18:26:13,2026-09-19,18253755,29336,54,122.00099182128906,,42.173919677734375,0.7196030020713806,809.9744262695312,186.76699829101562,1007.7048950195312,304.5857238769531,197.73046875,117.8187255859375,23296.35183763504,908.8396606445312,245.67636108398438,1920,1080,819.5633544921875,202.5811004638672,938.4093627929688,230.14682006835938,118.84600830078125,27.565719604492188,13.058552590967537,left,False,"{'safe_roi': (450, 80, 1500, 420), 'cylinder_roi': (800, 190, 1000, 300)}",ok_cylinder_inside_confirmed
2026-09-19 18:26:18,2026-09-19,18253834,29336,54,121.92256164550781,,33.5048828125,0.6290364861488342,812.4600830078125,186.55490112304688,1006.78955078125,303.80145263671875,194.3294677734375,117.24655151367188,22784.45995392278,909.6248168945312,245.1781768798828,1920,1080,816.8663330078125,198.30113220214844,933.3306884765625,234.37278747558594,116.46435546875,36.0716552734375,17.208940206602424,left,False,"{'safe_roi': (450, 80, 1500, 420), 'cylinder_roi': (800, 190, 1000, 300)}",ok_cylinder_inside_confirmed
2026-09-19 19:44:35,2026-09-19,18326153,29507,55,112.09172821044922,,37.62139892578125,0.7951946258544922,822.9285278320312,194.5477294921875,1024.618896484375,309.48419189453125,201.69036865234375,114.93646240234375,23181.577473524958,923.773681640625,252.01596069335938,1920,1080,836.9351806640625,228.17950439453125,949.0155029296875,226.58035278320312,112.080322265625,1.599151611328125,0.81743538561125,left,False,"{'safe_roi': (450, 80, 1500, 420), 'cylinder_roi': (800, 190, 1000, 300)}",ok_cylinder_inside_confirmed
2026-09-19 19:45:31,2026-09-19,18327010,29507,56,119.38638305664062,,48.259796142578125,0.8124487996101379,829.4047241210938,188.13832092285156,1028.553955078125,306.81463623046875,199.14923095703125,118.67631530761719,23634.29692632612,928.9793701171875,247.47647094726562,1920,1080,832.2901000976562,219.08705139160156,951.6486206054688,221.66619873046875,119.3585205078125,2.5791473388671875,1.2378778098895127,left,False,"{'safe_roi': (450, 80, 1500, 420), 'cylinder_roi': (800, 190, 1000, 300)}",ok_cylinder_inside_confirmed
2026-09-19 19:45:44,2026-09-19,18327205,29507,56,118.02311706542969,,47.25700378417969,0.8038448095321655,826.0424194335938,188.13238525390625,1026.412109375,306.47882080078125,200.36968994140625,118.346435546875,23713.038596197963,926.227294921875,247.30560302734375,1920,1080,829.0414428710938,221.53538513183594,947.06201171875,222.31124877929688,118.02056884765625,0.7758636474609375,0.3766552944224756,left,False,"{'safe_roi': (450, 80, 1500, 420), 'cylinder_roi': (800, 190, 1000, 300)}",ok_cylinder_inside_confirmed
2026-09-19 19:45:49,2026-09-19,18327280,29507,56,118.58576202392578,,46.553466796875,0.8085978627204895,823.5775146484375,187.7047576904297,1028.171630859375,306.881591796875,204.5941162109375,119.17683410644531,24382.879046825692,925.8745727539062,247.29318237304688,1920,1080,830.5665893554688,223.7862548828125,949.1444091796875,225.15867614746094,118.57781982421875,1.3724212646484375,0.6631125059255057,left,False,"{'safe_roi': (450, 80, 1500, 420), 'cylinder_roi': (800, 190, 1000, 300)}",ok_cylinder_inside_confirmed
2026-09-19 19:56:30,2026-09-19,18337167,29507,57,117.55044555664062,,10.745849609375,0.6536934971809387,782.3607177734375,187.37701416015625,994.7091064453125,282.82818603515625,212.348388671875,95.451171875,20268.902544498444,888.534912109375,235.10260009765625,1920,1080,989.0885009765625,216.99560546875,872.39990234375,202.78720092773438,116.6885986328125,14.208404541015625,6.942355610939322,right,False,"{'safe_roi': (450, 80, 1500, 420), 'cylinder_roi': (800, 190, 1000, 300)}",ok_cylinder_inside_confirmed
2026-09-19 20:11:32,2026-09-19,18351079,29507,58,115.3756332397461,,42.45414733886719,0.8021818399429321,804.4624633789062,185.527099609375,1008.1831665039062,300.1040344238281,203.720703125,114.57693481445312,23341.693722307682,906.3228149414062,242.81556701660156,1920,1080,814.5031127929688,210.21910095214844,929.67333984375,217.10061645507812,115.17022705078125,6.8815155029296875,3.4194043997181756,left,False,"{'safe_roi': (450, 80, 1500, 420), 'cylinder_roi': (800, 190, 1000, 300)}",ok_cylinder_inside_confirmed
2026-09-19 20:11:37,2026-09-19,18351152,29507,58,114.55774688720703,,42.86061096191406,0.7853931188583374,805.79296875,184.67970275878906,1005.9066162109375,298.3670654296875,200.1136474609375,113.68736267089844,22750.392814287916,905.8497924804688,241.52337646484375,1920,1080,816.6209106445312,212.9871063232422,930.817138671875,222.08099365234375,114.19622802734375,9.093887329101562,4.553076230211796,left,False,"{'safe_roi': (450, 80, 1500, 420), 'cylinder_roi': (800, 190, 1000, 300)}",ok_cylinder_inside_confirmed
2026-09-19 21:33:21,2026-09-19,18427210,29527,59,122.10717010498047,,40.863861083984375,0.7781042456626892,799.689208984375,189.93243408203125,996.3428955078125,298.7582092285156,196.6536865234375,108.82577514648438,21400.989871326834,898.0160522460938,244.34532165527344,1920,1080,805.0540771484375,211.6746368408203,926.643310546875,222.90936279296875,121.5892333984375,11.234725952148438,5.279084369379686,left,False,"{'safe_roi': (450, 80, 1500, 420), 'cylinder_roi': (800, 190, 1000, 300)}",ok_cylinder_inside_confirmed
2026-09-19 21:33:26,2026-09-19,18427291,29527,59,125.81877136230469,,42.74140930175781,0.7673027515411377,800.61376953125,189.30303955078125,993.6629638671875,296.260986328125,193.0491943359375,106.95794677734375,20648.145453192294,897.1383666992188,242.78201293945312,1920,1080,806.067138671875,211.85366821289062,931.4932861328125,221.78567504882812,125.4261474609375,9.9320068359375,4.52758150923351,left,False,"{'safe_roi': (450, 80, 1500, 420), 'cylinder_roi': (800, 190, 1000, 300)}",ok_cylinder_inside_confirmed
2026-09-19 21:33:31,2026-09-19,18427366,29527,59,113.41826629638672,,40.354583740234375,0.7760158777236938,797.270751953125,186.6045684814453,994.42578125,293.5185546875,197.155029296875,106.91398620605469,21078.6300827004,895.8482666015625,240.06155395507812,1920,1080,815.0549926757812,210.5856475830078,927.971923828125,221.23785400390625,112.91693115234375,10.652206420898438,5.389143650573062,left,False,"{'safe_roi': (450, 80, 1500, 420), 'cylinder_roi': (800, 190, 1000, 300)}",ok_cylinder_inside_confirmed
2026-09-19 21:33:37,2026-09-19,18427466,29527,59,123.73226928710938,,43.447418212890625,0.766503632068634,793.6812744140625,187.68515014648438,991.6361083984375,297.1455993652344,197.954833984375,109.46044921875,21668.225052952766,892.65869140625,242.41537475585938,1920,1080,801.6602783203125,206.30043029785156,924.9588623046875,216.65097045898438,123.298583984375,10.350540161132812,4.798555136598415,left,False,"{'safe_roi': (450, 80, 1500, 420), 'cylinder_roi': (800, 190, 1000, 300)}",ok_cylinder_inside_confirmed
2026-09-19 21:33:42,2026-09-19,18427545,29527,59,119.1026611328125,,37.650726318359375,0.7518581748008728,793.2484741210938,187.12142944335938,990.1541137695312,296.3131103515625,196.9056396484375,109.19168090820312,21500.457773517817,891.7012939453125,241.71726989746094,1920,1080,805.4263305664062,202.6064453125,923.894775390625,214.88128662109375,118.46844482421875,12.27484130859375,5.915464827689739,left,False,"{'safe_roi': (450, 80, 1500, 420), 'cylinder_roi': (800, 190, 1000, 300)}",ok_cylinder_inside_confirmed
2026-09-19 23:38:47,2026-09-19,18543295,29528,60,126.29336547851562,,40.90281677246094,0.7970961332321167,855.2360229492188,188.13555908203125,1042.8746337890625,307.29229736328125,187.63861083984375,119.15673828125,22358.40484330058,949.0552978515625,247.71392822265625,1920,1080,847.0051879882812,213.32232666015625,973.1337890625,219.77142333984375,126.12860107421875,6.4490966796875,2.9270483563629455,left,False,"{'safe_roi': (450, 80, 1500, 420), 'cylinder_roi': (800, 190, 1000, 300)}",ok_cylinder_inside_confirmed
2026-09-19 23:38:52,2026-09-19,18543369,29528,60,122.98193359375,,41.94688415527344,0.793993353843689,856.5078125,188.34783935546875,1042.6942138671875,306.2717590332031,186.1864013671875,117.92391967773438,21955.830239910632,949.6010131835938,247.30979919433594,1920,1080,848.5638427734375,216.74835205078125,971.4959716796875,220.248046875,122.93212890625,3.49969482421875,1.6306851661906954,left,False,"{'safe_roi': (450, 80, 1500, 420), 'cylinder_roi': (800, 190, 1000, 300)}",ok_cylinder_inside_confirmed
2026-09-19 23:38:57,2026-09-19,18543456,29528,60,122.34809112548828,,42.49836730957031,0.7933540940284729,855.408447265625,187.66282653808594,1044.604248046875,306.71533203125,189.19580078125,119.05250549316406,22524.23411179334,950.00634765625,247.1890869140625,1920,1080,849.8120727539062,211.747802734375,972.0118408203125,217.77041625976562,122.19976806640625,6.022613525390625,2.8215384982487364,left,False,"{'safe_roi': (450, 80, 1500, 420), 'cylinder_roi': (800, 190, 1000, 300)}",ok_cylinder_inside_confirmed
2026-09-19 23:39:02,2026-09-19,18543532,29528,60,122.43892669677734,,41.49284362792969,0.7928279638290405,855.3444213867188,187.82305908203125,1042.316162109375,307.29327392578125,186.97174072265625,119.47021484375,22337.554033845663,948.830322265625,247.55816650390625,1920,1080,850.1541748046875,214.54005432128906,972.5193481445312,218.7891845703125,122.36517333984375,4.2491302490234375,1.988796634925265,left,False,"{'safe_roi': (450, 80, 1500, 420), 'cylinder_roi': (800, 190, 1000, 300)}",ok_cylinder_inside_confirmed
2026-09-19 23:50:12,2026-09-19,18553596,29529,61,115.78462982177734,,39.642486572265625,0.7762361168861389,845.6443481445312,188.25514221191406,1041.77197265625,306.9911804199219,196.12762451171875,118.73603820800781,23287.417117669247,943.7081298828125,247.6231689453125,1920,1080,852.4635620117188,223.5467529296875,968.229248046875,225.64096069335938,115.76568603515625,2.094207763671875,1.036370829094027,left,False,"{'safe_roi': (450, 80, 1500, 420), 'cylinder_roi': (800, 190, 1000, 300)}",ok_cylinder_inside_confirmed
2026-09-19 23:50:41,2026-09-19,18554029,29529,62,124.70177459716797,,48.78627014160156,0.7728852033615112,844.5753173828125,189.35238647460938,1042.7249755859375,309.299072265625,198.149658203125,119.94668579101562,23767.394792087376,943.650146484375,249.3257293701172,1920,1080,844.3467407226562,224.7154083251953,968.9891357421875,220.86761474609375,124.64239501953125,3.8477935791015625,1.7681972423638332,left,False,"{'safe_roi': (450, 80, 1500, 420), 'cylinder_roi': (800, 190, 1000, 300)}",ok_cylinder_inside_confirmed
2026-09-19 23:50:46,2026-09-19,18554104,29529,62,124.43632507324219,,47.3914794921875,0.7775062918663025,846.4431762695312,189.9866485595703,1040.0584716796875,309.225830078125,193.61529541015625,119.23918151855469,23086.52935418021,943.2508544921875,249.60623168945312,1920,1080,844.5005493164062,224.577880859375,968.9114990234375,222.06503295898438,124.41094970703125,2.512847900390625,1.1571007674909184,left,False,"{'safe_roi': (450, 80, 1500, 420), 'cylinder_roi': (800, 190, 1000, 300)}",ok_cylinder_inside_confirmed
2026-09-19 23:50:51,2026-09-19,18554179,29529,62,123.73281860351562,,48.4241943359375,0.7709899544715881,847.6356201171875,190.5504608154297,1041.0035400390625,309.79913330078125,193.367919921875,119.24867248535156,23058.86775193736,944.319580078125,250.1748046875,1920,1080,845.10107421875,225.9498748779297,968.6279296875,218.81358337402344,123.52685546875,7.13629150390625,3.3063693902527485,left,False,"{'safe_roi': (450, 80, 1500, 420), 'cylinder_roi': (800, 190, 1000, 300)}",ok_cylinder_inside_confirmed
2026-09-19 23:50:56,2026-09-19,18554254,29529,62,119.46636199951172,,48.871429443359375,0.7713332176208496,846.7978515625,188.5280303955078,1040.8338623046875,307.515625,194.0360107421875,118.98759460449219,23087.878184864298,943.8158569335938,248.02182006835938,1920,1080,848.4083251953125,226.80078125,967.6726684570312,219.8560791015625,119.26434326171875,6.9447021484375,3.3325410273319096,left,False,"{'safe_roi': (450, 80, 1500, 420), 'cylinder_roi': (800, 190, 1000, 300)}",ok_cylinder_inside_confirmed
2026-09-19 23:51:02,2026-09-19,18554343,29529,62,116.28166198730469,,41.76689147949219,0.7715774178504944,845.95458984375,189.35223388671875,1041.0736083984375,307.8235778808594,195.1190185546875,118.47134399414062,23116.01236699149,943.5140991210938,248.58790588378906,1920,1080,851.14453125,223.537353515625,967.425048828125,223.02105712890625,116.280517578125,0.51629638671875,0.2543969545407979,left,False,"{'safe_roi': (450, 80, 1500, 420), 'cylinder_roi': (800, 190, 1000, 300)}",ok_cylinder_inside_confirmed
2026-09-19 23:51:07,2026-09-19,18554416,29529,62,124.6632308959961,,45.64471435546875,0.7790666818618774,846.6631469726562,190.13998413085938,1039.44287109375,307.049072265625,192.77972412109375,116.90908813476562,22537.701757868752,943.052978515625,248.5945281982422,1920,1080,844.5761108398438,225.43687438964844,969.2000732421875,222.30804443359375,124.62396240234375,3.1288299560546875,1.4381752637585352,left,False,"{'safe_roi': (450, 80, 1500, 420), 'cylinder_roi': (800, 190, 1000, 300)}",ok_cylinder_inside_confirmed
