datetime,date,frame_id,track_id,event_id,body_length_px,body_length_cm,body_height_px,pose_conf,bbox_x1,bbox_y1,bbox_x2,bbox_y2,bbox_w,bbox_h,bbox_area,center_x,center_y,frame_w,frame_h,head_x,head_y,tail_x,tail_y,head_tail_dx,head_tail_dy,side_tilt_deg,facing,flipped,growth_roi,save_reason
2026-09-20 00:05:49,2026-09-20,18567639,29529,1,119.4748306274414,,42.61076354980469,0.7912135720252991,815.5740966796875,185.38742065429688,1012.0167236328125,300.49822998046875,196.442626953125,115.11080932617188,22612.669774733484,913.79541015625,242.9428253173828,1920,1080,825.7764892578125,215.18911743164062,945.0851440429688,221.48831176757812,119.30865478515625,6.2991943359375,3.022265645903218,left,False,"{'safe_roi': (450, 80, 1500, 420), 'cylinder_roi': (800, 190, 1000, 300)}",ok_cylinder_inside_confirmed
2026-09-20 00:05:54,2026-09-20,18567715,29529,1,113.41264343261719,,41.53593444824219,0.7847365736961365,814.2982788085938,185.83265686035156,1006.4437866210938,302.0939636230469,192.1455078125,116.26130676269531,22339.08782686293,910.3710327148438,243.96331787109375,1920,1080,823.1218872070312,216.96453857421875,936.42431640625,221.96328735351562,113.30242919921875,4.998748779296875,2.526173538166379,left,False,"{'safe_roi': (450, 80, 1500, 420), 'cylinder_roi': (800, 190, 1000, 300)}",ok_cylinder_inside_confirmed
2026-09-20 01:05:23,2026-09-20,18622534,29533,2,111.88595581054688,,42.22785949707031,0.7534543871879578,815.9917602539062,186.91024780273438,986.3858032226562,301.2109680175781,170.39404296875,114.30072021484375,19476.161831647158,901.1887817382812,244.06060791015625,1920,1080,821.4100952148438,205.92726135253906,932.81103515625,216.33384704589844,111.40093994140625,10.406585693359375,5.336831697917256,left,False,"{'safe_roi': (450, 80, 1500, 420), 'cylinder_roi': (800, 190, 1000, 300)}",ok_cylinder_inside_confirmed
2026-09-20 01:14:45,2026-09-20,18631137,29535,3,111.65241241455078,,43.2689208984375,0.7786435484886169,816.7257080078125,182.92657470703125,1015.5810546875,299.8652648925781,198.8553466796875,116.93869018554688,23253.883777115494,916.1533813476562,241.3959197998047,1920,1080,831.0480346679688,205.46490478515625,942.1054077148438,216.97671508789062,111.057373046875,11.511810302734375,5.917940675174624,left,False,"{'safe_roi': (450, 80, 1500, 420), 'cylinder_roi': (800, 190, 1000, 300)}",ok_cylinder_inside_confirmed
2026-09-20 01:14:50,2026-09-20,18631215,29535,3,111.22035217285156,,43.18867492675781,0.7693559527397156,817.52734375,185.64111328125,1000.1671142578125,300.45233154296875,182.6397705078125,114.81121826171875,20969.094555042684,908.8472290039062,243.04672241210938,1920,1080,824.142822265625,202.42715454101562,934.43603515625,216.75802612304688,110.293212890625,14.33087158203125,7.403210411672778,left,False,"{'safe_roi': (450, 80, 1500, 420), 'cylinder_roi': (800, 190, 1000, 300)}",ok_cylinder_inside_confirmed
2026-09-20 01:14:55,2026-09-20,18631289,29535,3,115.37384033203125,,37.415283203125,0.7707427740097046,814.5941772460938,185.6834259033203,987.5933227539062,300.46551513671875,172.9991455078125,114.78208923339844,19857.203356979415,901.09375,243.074462890625,1920,1080,815.954345703125,205.53297424316406,930.6845703125,217.70252990722656,114.730224609375,12.1695556640625,6.0547837655734265,left,False,"{'safe_roi': (450, 80, 1500, 420), 'cylinder_roi': (800, 190, 1000, 300)}",ok_cylinder_inside_confirmed
2026-09-20 01:15:00,2026-09-20,18631365,29535,3,113.10478973388672,,38.01869201660156,0.7711074352264404,815.3613891601562,185.4859619140625,987.4196166992188,300.3224792480469,172.0582275390625,114.83651733398438,19758.56762924418,901.3905029296875,242.9042205810547,1920,1080,817.1244506835938,204.25289916992188,929.5789794921875,216.36370849609375,112.45452880859375,12.110809326171875,6.1467876410008335,left,False,"{'safe_roi': (450, 80, 1500, 420), 'cylinder_roi': (800, 190, 1000, 300)}",ok_cylinder_inside_confirmed
2026-09-20 01:15:05,2026-09-20,18631443,29535,3,109.18804168701172,,42.3358154296875,0.774081289768219,817.11572265625,184.9442138671875,990.449462890625,299.0443420410156,173.333740234375,114.10012817382812,19777.401977591217,903.7825927734375,241.99427795410156,1920,1080,822.9032592773438,206.58090209960938,931.7488403320312,215.2220001220703,108.8455810546875,8.641098022460938,4.539111560024971,left,False,"{'safe_roi': (450, 80, 1500, 420), 'cylinder_roi': (800, 190, 1000, 300)}",ok_cylinder_inside_confirmed
2026-09-20 01:15:10,2026-09-20,18631522,29535,3,111.44173431396484,,41.95440673828125,0.7769357562065125,813.7930908203125,186.17018127441406,990.7462158203125,300.0778503417969,176.953125,113.90766906738281,20156.318002939224,902.2696533203125,243.1240234375,1920,1080,819.5653076171875,206.32081604003906,930.6551513671875,215.16990661621094,111.08984375,8.849090576171875,4.55439678419938,left,False,"{'safe_roi': (450, 80, 1500, 420), 'cylinder_roi': (800, 190, 1000, 300)}",ok_cylinder_inside_confirmed
2026-09-20 01:15:15,2026-09-20,18631598,29535,3,113.79716491699219,,42.36613464355469,0.7754032015800476,815.368896484375,186.69873046875,993.6551513671875,299.31536865234375,178.2862548828125,112.61663818359375,20077.99865924567,904.5120239257812,243.00704956054688,1920,1080,818.0517578125,208.83453369140625,931.5389404296875,217.22824096679688,113.4871826171875,8.393707275390625,4.2299924866164345,left,False,"{'safe_roi': (450, 80, 1500, 420), 'cylinder_roi': (800, 190, 1000, 300)}",ok_cylinder_inside_confirmed
2026-09-20 01:15:20,2026-09-20,18631674,29535,3,110.70829772949219,,43.64958190917969,0.7762100696563721,812.2562255859375,185.80311584472656,994.1361083984375,299.1971740722656,181.8798828125,113.39405822753906,20624.098022058606,903.1961669921875,242.50015258789062,1920,1080,819.1101684570312,207.8307647705078,929.6329956054688,214.23635864257812,110.5228271484375,6.4055938720703125,3.3169924484582864,left,False,"{'safe_roi': (450, 80, 1500, 420), 'cylinder_roi': (800, 190, 1000, 300)}",ok_cylinder_inside_confirmed
2026-09-20 01:15:25,2026-09-20,18631750,29535,3,110.78218841552734,,44.19293212890625,0.781408429145813,812.6245727539062,183.22369384765625,997.8908081054688,296.3783874511719,185.2662353515625,113.15469360351562,20963.74409628287,905.2576904296875,239.80104064941406,1920,1080,821.19287109375,208.36749267578125,931.8668823242188,213.2620391845703,110.67401123046875,4.8945465087890625,2.532249791279482,left,False,"{'safe_roi': (450, 80, 1500, 420), 'cylinder_roi': (800, 190, 1000, 300)}",ok_cylinder_inside_confirmed
2026-09-20 01:15:30,2026-09-20,18631827,29535,3,110.4712905883789,,41.706878662109375,0.7868458032608032,811.2999877929688,184.28016662597656,996.9827270507812,297.96820068359375,185.6827392578125,113.68803405761719,21109.90558465384,904.141357421875,241.12417602539062,1920,1080,820.053466796875,207.29568481445312,930.3687744140625,213.1641845703125,110.3153076171875,5.868499755859375,3.04512246723047,left,False,"{'safe_roi': (450, 80, 1500, 420), 'cylinder_roi': (800, 190, 1000, 300)}",ok_cylinder_inside_confirmed
2026-09-20 01:15:35,2026-09-20,18631900,29535,3,111.94966125488281,,43.52490234375,0.778483510017395,809.314208984375,185.244384765625,996.85595703125,296.8014831542969,187.541748046875,111.55709838867188,20921.613238848746,903.0850830078125,241.02293395996094,1920,1080,819.3410034179688,210.41664123535156,931.2374267578125,213.86865234375,111.89642333984375,3.4520111083984375,1.7670176697647322,left,False,"{'safe_roi': (450, 80, 1500, 420), 'cylinder_roi': (800, 190, 1000, 300)}",ok_cylinder_inside_confirmed
2026-09-20 01:15:40,2026-09-20,18631976,29535,3,103.48474884033203,,39.891845703125,0.7667639851570129,821.6863403320312,189.66238403320312,993.4832153320312,300.1005859375,171.796875,110.43820190429688,18972.937967777252,907.5847778320312,244.88148498535156,1920,1080,822.1053466796875,213.2522735595703,925.4859619140625,217.89361572265625,103.380615234375,4.6413421630859375,2.5706063119490037,left,False,"{'safe_roi': (450, 80, 1500, 420), 'cylinder_roi': (800, 190, 1000, 300)}",ok_cylinder_inside_confirmed
2026-09-20 02:05:49,2026-09-20,18678336,29541,4,122.38809204101562,,32.41339111328125,0.8066986203193665,741.7330322265625,194.40440368652344,924.4940185546875,310.77813720703125,182.760986328125,116.37373352050781,21268.57832089439,833.113525390625,252.59127807617188,1920,1080,924.9307861328125,220.11647033691406,802.6181640625,224.413818359375,122.3126220703125,4.2973480224609375,2.0122098905487444,right,False,"{'safe_roi': (450, 80, 1500, 420), 'cylinder_roi': (800, 190, 1000, 300)}",ok_cylinder_inside_confirmed
2026-09-20 02:19:44,2026-09-20,18691293,29541,5,116.87335205078125,,46.686309814453125,0.7915488481521606,819.0235595703125,183.6909637451172,1017.5228271484375,299.645263671875,198.499267578125,115.95429992675781,23016.84360799566,918.273193359375,241.66812133789062,1920,1080,826.7286987304688,210.84185791015625,943.5093994140625,215.49456787109375,116.78070068359375,4.6527099609375,2.2815390330992993,left,False,"{'safe_roi': (450, 80, 1500, 420), 'cylinder_roi': (800, 190, 1000, 300)}",ok_cylinder_inside_confirmed
2026-09-20 02:19:49,2026-09-20,18691374,29541,5,116.13117218017578,,45.77571105957031,0.7867207527160645,811.7430419921875,184.17266845703125,1012.240966796875,299.1073303222656,200.4979248046875,114.93466186523438,23044.161192107946,911.9920043945312,241.63999938964844,1920,1080,818.3179321289062,209.62228393554688,934.3319091796875,214.83831787109375,116.01397705078125,5.216033935546875,2.574307065773264,left,False,"{'safe_roi': (450, 80, 1500, 420), 'cylinder_roi': (800, 190, 1000, 300)}",ok_cylinder_inside_confirmed
2026-09-20 02:19:54,2026-09-20,18691453,29541,5,119.60958862304688,,43.87933349609375,0.7647945880889893,812.805419921875,187.80615234375,999.20166015625,303.0386962890625,186.396240234375,115.2325439453125,21478.912944048643,906.0035400390625,245.42242431640625,1920,1080,817.8787231445312,202.55224609375,936.564208984375,217.39166259765625,118.68548583984375,14.83941650390625,7.12678967616233,left,False,"{'safe_roi': (450, 80, 1500, 420), 'cylinder_roi': (800, 190, 1000, 300)}",ok_cylinder_inside_confirmed
2026-09-20 02:20:00,2026-09-20,18691534,29541,5,94.7225570678711,,32.035186767578125,0.7704402804374695,811.6519775390625,191.173583984375,984.7705078125,292.584228515625,173.1185302734375,101.41064453125,17556.061735332012,898.2112426757812,241.87890625,1920,1080,828.7930908203125,208.7454071044922,922.2582397460938,224.12814331054688,93.46514892578125,15.382736206054688,9.34610151015132,left,False,"{'safe_roi': (450, 80, 1500, 420), 'cylinder_roi': (800, 190, 1000, 300)}",ok_cylinder_inside_confirmed
2026-09-20 02:20:05,2026-09-20,18691612,29541,5,103.02032470703125,,33.18902587890625,0.764045774936676,808.9061279296875,191.30825805664062,989.3641357421875,297.65521240234375,180.4580078125,106.34695434570312,19191.159518152475,899.1351318359375,244.4817352294922,1920,1080,826.8600463867188,204.7930908203125,928.428466796875,222.02804565429688,101.56842041015625,17.234954833984375,9.630677221190622,left,False,"{'safe_roi': (450, 80, 1500, 420), 'cylinder_roi': (800, 190, 1000, 300)}",ok_cylinder_inside_confirmed
2026-09-20 02:20:10,2026-09-20,18691692,29541,5,101.25523376464844,,32.166961669921875,0.7915047407150269,810.79736328125,191.36048889160156,990.5545654296875,301.4861145019531,179.7572021484375,110.12562561035156,19795.87434456311,900.6759643554688,246.42330932617188,1920,1080,828.3942260742188,207.248046875,928.2063598632812,224.2821502685547,99.8121337890625,17.034103393554688,9.684886190176115,left,False,"{'safe_roi': (450, 80, 1500, 420), 'cylinder_roi': (800, 190, 1000, 300)}",ok_cylinder_inside_confirmed
2026-09-20 02:20:15,2026-09-20,18691770,29541,5,101.62299346923828,,33.18621826171875,0.7743521332740784,812.1348266601562,190.6018524169922,987.4668579101562,298.442138671875,175.33203125,107.84028625488281,18907.85643965006,899.8008422851562,244.52200317382812,1920,1080,828.0056762695312,205.80555725097656,928.386962890625,221.64315795898438,100.38128662109375,15.837600708007812,8.965901324103424,left,False,"{'safe_roi': (450, 80, 1500, 420), 'cylinder_roi': (800, 190, 1000, 300)}",ok_cylinder_inside_confirmed
2026-09-20 02:20:20,2026-09-20,18691848,29541,5,96.59443664550781,,30.273162841796875,0.776212215423584,810.2820434570312,191.33035278320312,983.8517456054688,297.8758850097656,173.5697021484375,106.5455322265625,18493.076293811202,897.06689453125,244.60311889648438,1920,1080,828.2765502929688,209.77212524414062,923.6541748046875,225.055908203125,95.37762451171875,15.283782958984375,9.10396084985686,left,False,"{'safe_roi': (450, 80, 1500, 420), 'cylinder_roi': (800, 190, 1000, 300)}",ok_cylinder_inside_confirmed
2026-09-20 02:20:25,2026-09-20,18691928,29541,5,95.25408935546875,,33.205841064453125,0.751769483089447,806.1312866210938,193.40411376953125,978.0812377929688,296.6843566894531,171.949951171875,103.28024291992188,17759.032727099955,892.1062622070312,245.0442352294922,1920,1080,822.3002319335938,212.6700439453125,916.9627685546875,223.26939392089844,94.66253662109375,10.599349975585938,6.388789211922227,left,False,"{'safe_roi': (450, 80, 1500, 420), 'cylinder_roi': (800, 190, 1000, 300)}",ok_cylinder_inside_confirmed
2026-09-20 02:20:32,2026-09-20,18692039,29541,5,119.63001251220703,,33.03620910644531,0.7563900351524353,798.2777099609375,192.3052520751953,978.3291015625,291.7301025390625,180.0513916015625,99.42485046386719,17901.582685796544,888.3034057617188,242.01766967773438,1920,1080,800.5462646484375,208.52061462402344,918.098388671875,230.72055053710938,117.5521240234375,22.199935913085938,10.694461573694076,left,False,"{'safe_roi': (450, 80, 1500, 420), 'cylinder_roi': (800, 190, 1000, 300)}",ok_cylinder_inside_confirmed
2026-09-20 02:20:37,2026-09-20,18692113,29541,5,123.74620819091797,,31.908721923828125,0.7413871884346008,796.57080078125,194.4212646484375,976.5098876953125,295.4149475097656,179.9390869140625,100.99368286132812,18172.711078155786,886.5403442382812,244.91810607910156,1920,1080,800.3262939453125,202.54844665527344,920.82958984375,230.69235229492188,120.5032958984375,28.143905639648438,13.145957560812471,left,False,"{'safe_roi': (450, 80, 1500, 420), 'cylinder_roi': (800, 190, 1000, 300)}",ok_cylinder_inside_confirmed
2026-09-20 02:26:07,2026-09-20,18697244,29542,6,74.95854187011719,,31.796951293945312,0.7342841625213623,755.4170532226562,200.579345703125,888.3284301757812,319.862548828125,132.911376953125,119.283203125,15854.094774723053,821.8727416992188,260.220947265625,1920,1080,882.19970703125,218.66465759277344,807.626953125,226.25990295410156,74.57275390625,7.595245361328125,5.815529405796706,right,False,"{'safe_roi': (450, 80, 1500, 420), 'cylinder_roi': (800, 190, 1000, 300)}",ok_cylinder_inside_confirmed
2026-09-20 02:51:29,2026-09-20,18720774,29542,7,113.02062225341797,,45.166961669921875,0.7794508934020996,817.6278076171875,184.02474975585938,1018.7938232421875,298.3848571777344,201.166015625,114.360107421875,23005.367156505585,918.2108154296875,241.20480346679688,1920,1080,825.8714599609375,206.7213897705078,938.5043334960938,216.07534790039062,112.63287353515625,9.353958129882812,4.747417404974655,left,False,"{'safe_roi': (450, 80, 1500, 420), 'cylinder_roi': (800, 190, 1000, 300)}",ok_cylinder_inside_confirmed
2026-09-20 02:51:34,2026-09-20,18720858,29542,7,110.00566101074219,,45.08296203613281,0.7781517505645752,821.1553344726562,185.16140747070312,1007.0000610351562,299.1671142578125,185.8447265625,114.00570678710938,21187.359404414892,914.0776977539062,242.1642608642578,1920,1080,825.033447265625,203.0777130126953,934.195556640625,216.67477416992188,109.162109375,13.597061157226562,7.100104233803117,left,False,"{'safe_roi': (450, 80, 1500, 420), 'cylinder_roi': (800, 190, 1000, 300)}",ok_cylinder_inside_confirmed
2026-09-20 02:51:40,2026-09-20,18720940,29542,7,109.16127014160156,,41.60749816894531,0.7752000689506531,814.7500610351562,187.12411499023438,993.9800415039062,298.102783203125,179.22998046875,110.97866821289062,19890.704536244273,904.3650512695312,242.6134490966797,1920,1080,821.3757934570312,202.25181579589844,929.10693359375,219.86386108398438,107.73114013671875,17.612045288085938,9.284665144466942,left,False,"{'safe_roi': (450, 80, 1500, 420), 'cylinder_roi': (800, 190, 1000, 300)}",ok_cylinder_inside_confirmed
2026-09-20 02:51:45,2026-09-20,18721019,29542,7,110.28280639648438,,40.36805725097656,0.7736924290657043,814.02783203125,189.71636962890625,994.6602783203125,297.5382385253906,180.6324462890625,107.82186889648438,19476.127942230552,904.3440551757812,243.62730407714844,1920,1080,819.173095703125,205.64437866210938,928.2593383789062,221.84591674804688,109.08624267578125,16.2015380859375,8.447841217194286,left,False,"{'safe_roi': (450, 80, 1500, 420), 'cylinder_roi': (800, 190, 1000, 300)}",ok_cylinder_inside_confirmed
2026-09-20 02:51:50,2026-09-20,18721099,29542,7,111.12820434570312,,42.14146423339844,0.7682700157165527,815.845947265625,189.1249542236328,995.31201171875,297.246337890625,179.466064453125,108.12138366699219,19404.119209941477,905.5789794921875,243.18563842773438,1920,1080,818.5869140625,202.5631561279297,928.4508056640625,219.2784881591797,109.8638916015625,16.71533203125,8.650968680830202,left,False,"{'safe_roi': (450, 80, 1500, 420), 'cylinder_roi': (800, 190, 1000, 300)}",ok_cylinder_inside_confirmed
2026-09-20 02:51:55,2026-09-20,18721180,29542,7,95.15193939208984,,32.130645751953125,0.7832794189453125,814.226806640625,187.85488891601562,996.62841796875,298.1793212890625,182.401611328125,110.32443237304688,20123.354233704507,905.4276123046875,243.01710510253906,1920,1080,837.9481201171875,205.84786987304688,932.1854858398438,219.0087890625,94.23736572265625,13.160919189453125,7.950341619718198,left,False,"{'safe_roi': (450, 80, 1500, 420), 'cylinder_roi': (800, 190, 1000, 300)}",ok_cylinder_inside_confirmed
2026-09-20 02:52:00,2026-09-20,18721259,29542,7,97.88976287841797,,34.09776306152344,0.7633366584777832,816.9829711914062,188.35269165039062,1000.1192016601562,300.6439514160156,183.13623046875,112.291259765625,20564.598028063774,908.5510864257812,244.49832153320312,1920,1080,832.10546875,207.72055053710938,929.3235473632812,219.16827392578125,97.21807861328125,11.447723388671875,6.71582558069859,left,False,"{'safe_roi': (450, 80, 1500, 420), 'cylinder_roi': (800, 190, 1000, 300)}",ok_cylinder_inside_confirmed
2026-09-20 02:52:05,2026-09-20,18721335,29542,7,110.71768188476562,,39.605438232421875,0.7616444230079651,815.5571899414062,189.06216430664062,993.5462036132812,298.3759765625,177.989013671875,109.31381225585938,19456.65762413293,904.5516967773438,243.7190704345703,1920,1080,820.6307983398438,197.40846252441406,929.45849609375,217.77847290039062,108.82769775390625,20.370010375976562,10.601760140833493,left,False,"{'safe_roi': (450, 80, 1500, 420), 'cylinder_roi': (800, 190, 1000, 300)}",ok_cylinder_inside_confirmed
2026-09-20 02:52:10,2026-09-20,18721413,29542,7,104.35205841064453,,36.4039306640625,0.7570924162864685,815.245361328125,188.3075714111328,994.44384765625,299.3326721191406,179.198486328125,111.02510070800781,19895.52999130264,904.8446044921875,243.82012939453125,1920,1080,827.0953979492188,200.4134521484375,929.6990356445312,219.43568420410156,102.6036376953125,19.022232055664062,10.503116032137662,left,False,"{'safe_roi': (450, 80, 1500, 420), 'cylinder_roi': (800, 190, 1000, 300)}",ok_cylinder_inside_confirmed
2026-09-20 02:52:15,2026-09-20,18721497,29542,7,106.26129150390625,,40.607269287109375,0.759994387626648,818.5267944335938,187.9801025390625,995.7421264648438,298.8920593261719,177.21533203125,110.91195678710938,19655.29924826324,907.1344604492188,243.4360809326172,1920,1080,822.2359619140625,204.05445861816406,927.4397583007812,219.00851440429688,105.20379638671875,14.954055786132812,8.090038059783284,left,False,"{'safe_roi': (450, 80, 1500, 420), 'cylinder_roi': (800, 190, 1000, 300)}",ok_cylinder_inside_confirmed
2026-09-20 02:52:20,2026-09-20,18721575,29542,7,105.4635009765625,,39.21531677246094,0.7652119994163513,820.3328857421875,187.2948760986328,997.938720703125,300.1832275390625,177.6058349609375,112.88835144042969,20049.629914941266,909.1358032226562,243.73904418945312,1920,1080,822.861083984375,203.7989501953125,927.515869140625,216.8345184326172,104.65478515625,13.035568237304688,7.1000677449257905,left,False,"{'safe_roi': (450, 80, 1500, 420), 'cylinder_roi': (800, 190, 1000, 300)}",ok_cylinder_inside_confirmed
2026-09-20 02:52:25,2026-09-20,18721650,29542,7,101.85982513427734,,40.603271484375,0.7790688276290894,817.1201782226562,188.04385375976562,993.2268676757812,299.8331298828125,176.106689453125,111.78927612304688,19686.839334391057,905.1735229492188,243.93849182128906,1920,1080,827.5509033203125,205.33480834960938,928.6873779296875,217.45245361328125,101.136474609375,12.117645263671875,6.832311958851065,left,False,"{'safe_roi': (450, 80, 1500, 420), 'cylinder_roi': (800, 190, 1000, 300)}",ok_cylinder_inside_confirmed
2026-09-20 02:52:30,2026-09-20,18721725,29542,7,105.57762908935547,,35.540252685546875,0.7602708339691162,815.8443603515625,189.18003845214844,991.518310546875,297.780029296875,175.6739501953125,108.59999084472656,19078.189382867888,903.6813354492188,243.48004150390625,1920,1080,824.8330688476562,209.95947265625,929.820068359375,221.11138916015625,104.98699951171875,11.15191650390625,6.063329290539496,left,False,"{'safe_roi': (450, 80, 1500, 420), 'cylinder_roi': (800, 190, 1000, 300)}",ok_cylinder_inside_confirmed
2026-09-20 02:52:35,2026-09-20,18721804,29542,7,107.93509674072266,,36.975311279296875,0.7841854095458984,816.5172729492188,189.07119750976562,992.0805053710938,297.69476318359375,175.563232421875,108.62356567382812,19070.30430688709,904.2988891601562,243.3829803466797,1920,1080,822.545654296875,209.740478515625,929.9146728515625,220.7803955078125,107.3690185546875,11.0399169921875,5.870646253592261,left,False,"{'safe_roi': (450, 80, 1500, 420), 'cylinder_roi': (800, 190, 1000, 300)}",ok_cylinder_inside_confirmed
2026-09-20 02:52:40,2026-09-20,18721886,29542,7,103.37942504882812,,36.23423767089844,0.7723255157470703,815.4660034179688,189.54689025878906,991.7935180664062,298.2088928222656,176.3275146484375,108.66200256347656,19160.100848739967,903.6297607421875,243.87789916992188,1920,1080,823.8707885742188,212.5227813720703,926.76318359375,222.54580688476562,102.89239501953125,10.023025512695312,5.563781943021268,left,False,"{'safe_roi': (450, 80, 1500, 420), 'cylinder_roi': (800, 190, 1000, 300)}",ok_cylinder_inside_confirmed
2026-09-20 02:52:45,2026-09-20,18721965,29542,7,111.81587219238281,,40.795989990234375,0.7645336985588074,815.6941528320312,189.572021484375,990.9934692382812,296.8699645996094,175.29931640625,107.29794311523438,18809.256079897285,903.3438110351562,243.2209930419922,1920,1080,813.9224853515625,210.90972900390625,925.133056640625,222.528564453125,111.2105712890625,11.61883544921875,5.964395640824752,left,False,"{'safe_roi': (450, 80, 1500, 420), 'cylinder_roi': (800, 190, 1000, 300)}",ok_cylinder_inside_confirmed
2026-09-20 02:52:51,2026-09-20,18722040,29542,7,109.10755920410156,,41.39117431640625,0.7589733600616455,815.6556396484375,190.0352020263672,990.908935546875,299.4071044921875,175.2532958984375,109.37190246582031,19167.786385817453,903.2822875976562,244.72116088867188,1920,1080,817.6589965820312,211.89633178710938,926.2294921875,222.70867919921875,108.57049560546875,10.812347412109375,5.687235144965944,left,False,"{'safe_roi': (450, 80, 1500, 420), 'cylinder_roi': (800, 190, 1000, 300)}",ok_cylinder_inside_confirmed
2026-09-20 02:52:56,2026-09-20,18722120,29542,7,112.82316589355469,,41.631011962890625,0.7563263773918152,815.0640869140625,189.44847106933594,990.659912109375,299.3582458496094,175.5958251953125,109.90977478027344,19299.69759957306,902.8619995117188,244.40335083007812,1920,1080,814.9281005859375,210.8042449951172,927.177978515625,222.16348266601562,112.2498779296875,11.359237670898438,5.778431858891731,left,False,"{'safe_roi': (450, 80, 1500, 420), 'cylinder_roi': (800, 190, 1000, 300)}",ok_cylinder_inside_confirmed
2026-09-20 02:53:01,2026-09-20,18722196,29542,7,98.93195343017578,,33.67121887207031,0.7720768451690674,812.3239135742188,189.7744903564453,989.3490600585938,300.06707763671875,177.025146484375,110.29258728027344,19524.56141943112,900.8364868164062,244.9207763671875,1920,1080,825.5838623046875,213.009765625,924.1666870117188,221.31387329101562,98.58282470703125,8.304107666015625,4.8149336914617065,left,False,"{'safe_roi': (450, 80, 1500, 420), 'cylinder_roi': (800, 190, 1000, 300)}",ok_cylinder_inside_confirmed
2026-09-20 02:53:06,2026-09-20,18722272,29542,7,112.75027465820312,,41.98187255859375,0.7542373538017273,811.3517456054688,188.33685302734375,989.8258666992188,298.7026062011719,178.47412109375,110.36575317382812,19697.430796548724,900.5888061523438,243.5197296142578,1920,1080,814.78662109375,214.009521484375,927.0128784179688,224.86727905273438,112.22625732421875,10.857757568359375,5.526099637045547,left,False,"{'safe_roi': (450, 80, 1500, 420), 'cylinder_roi': (800, 190, 1000, 300)}",ok_cylinder_inside_confirmed
2026-09-20 02:53:11,2026-09-20,18722351,29542,7,113.82154083251953,,43.806488037109375,0.7595598697662354,811.3148193359375,189.8053741455078,990.6041259765625,300.2114562988281,179.289306640625,110.40608215332031,19794.62991817668,900.95947265625,245.0084228515625,1920,1080,812.07421875,216.67135620117188,925.5211181640625,225.898681640625,113.4468994140625,9.227325439453125,4.649977742387693,left,False,"{'safe_roi': (450, 80, 1500, 420), 'cylinder_roi': (800, 190, 1000, 300)}",ok_cylinder_inside_confirmed
2026-09-20 02:53:16,2026-09-20,18722430,29542,7,107.65105438232422,,40.464385986328125,0.7673388123512268,812.0181884765625,189.19432067871094,990.57080078125,299.0362243652344,178.5526123046875,109.84190368652344,19612.558843748644,901.2944946289062,244.11526489257812,1920,1080,820.6038818359375,215.13555908203125,927.8900756835938,223.99119567871094,107.28619384765625,8.855636596679688,4.71862176890083,left,False,"{'safe_roi': (450, 80, 1500, 420), 'cylinder_roi': (800, 190, 1000, 300)}",ok_cylinder_inside_confirmed
2026-09-20 02:53:21,2026-09-20,18722508,29542,7,114.38959503173828,,43.07533264160156,0.7581611275672913,812.477294921875,188.66783142089844,992.5899658203125,299.2211608886719,180.1126708984375,110.55332946777344,19912.05544715561,902.5336303710938,243.94448852539062,1920,1080,813.1922607421875,213.39602661132812,927.0504150390625,224.40963745117188,113.858154296875,11.01361083984375,5.525087157189689,left,False,"{'safe_roi': (450, 80, 1500, 420), 'cylinder_roi': (800, 190, 1000, 300)}",ok_cylinder_inside_confirmed
2026-09-20 02:53:26,2026-09-20,18722587,29542,7,102.75926208496094,,35.72935485839844,0.7615431547164917,812.7879028320312,189.25521850585938,990.2025756835938,300.5875549316406,177.4146728515625,111.33233642578125,19751.990044780076,901.4952392578125,244.92138671875,1920,1080,826.7442626953125,210.3852081298828,928.933349609375,221.19525146484375,102.1890869140625,10.810043334960938,6.038559830223879,left,False,"{'safe_roi': (450, 80, 1500, 420), 'cylinder_roi': (800, 190, 1000, 300)}",ok_cylinder_inside_confirmed
2026-09-20 02:53:31,2026-09-20,18722663,29542,7,110.5471420288086,,42.70849609375,0.764060378074646,811.9863891601562,188.6624755859375,992.7555541992188,299.51007080078125,180.7691650390625,110.84759521484375,20037.827233575284,902.3709716796875,244.08627319335938,1920,1080,814.744873046875,214.91366577148438,924.9940795898438,223.02438354492188,110.24920654296875,8.1107177734375,4.207506502894524,left,False,"{'safe_roi': (450, 80, 1500, 420), 'cylinder_roi': (800, 190, 1000, 300)}",ok_cylinder_inside_confirmed
2026-09-20 02:53:36,2026-09-20,18722743,29542,7,102.50296020507812,,37.535858154296875,0.7676902413368225,813.10791015625,188.02392578125,994.9925537109375,298.7293701171875,181.8846435546875,110.7054443359375,20135.62028260529,904.0502319335938,243.37664794921875,1920,1080,824.0606689453125,216.227783203125,926.432861328125,221.40379333496094,102.3721923828125,5.1760101318359375,2.894450193073663,left,False,"{'safe_roi': (450, 80, 1500, 420), 'cylinder_roi': (800, 190, 1000, 300)}",ok_cylinder_inside_confirmed
2026-09-20 02:53:41,2026-09-20,18722820,29542,7,112.53536224365234,,43.04315185546875,0.7694337368011475,811.4490966796875,188.79629516601562,992.1895751953125,300.69427490234375,180.740478515625,111.89797973632812,20224.494402475655,901.8193359375,244.7452850341797,1920,1080,814.6397705078125,217.13136291503906,927.015625,223.12094116210938,112.3758544921875,5.9895782470703125,3.0509502094268974,left,False,"{'safe_roi': (450, 80, 1500, 420), 'cylinder_roi': (800, 190, 1000, 300)}",ok_cylinder_inside_confirmed
2026-09-20 02:53:46,2026-09-20,18722896,29542,7,97.2569808959961,,33.48127746582031,0.7750888466835022,811.7676391601562,188.71043395996094,994.3417358398438,300.1723937988281,182.5740966796875,111.46195983886719,20350.066631728783,903.0546875,244.44140625,1920,1080,831.6029663085938,213.8857421875,928.6915283203125,219.60690307617188,97.08856201171875,5.721160888671875,3.372382253647924,left,False,"{'safe_roi': (450, 80, 1500, 420), 'cylinder_roi': (800, 190, 1000, 300)}",ok_cylinder_inside_confirmed
2026-09-20 02:53:51,2026-09-20,18722970,29542,7,95.67057800292969,,35.307952880859375,0.7783474326133728,811.9771728515625,187.9963836669922,994.3248291015625,298.9781494140625,182.34765625,110.98176574707031,20237.2648704648,903.1510009765625,243.48727416992188,1920,1080,832.6519775390625,216.9432373046875,928.2376708984375,220.97250366210938,95.585693359375,4.029266357421875,2.413785525343212,left,False,"{'safe_roi': (450, 80, 1500, 420), 'cylinder_roi': (800, 190, 1000, 300)}",ok_cylinder_inside_confirmed
2026-09-20 02:53:56,2026-09-20,18723050,29542,7,112.78128814697266,,42.40757751464844,0.7619061470031738,811.7830810546875,187.2894287109375,993.0108642578125,298.31195068359375,181.227783203125,111.02252197265625,20120.36554272473,902.39697265625,242.80068969726562,1920,1080,815.1925659179688,216.06045532226562,927.6614990234375,224.44839477539062,112.46893310546875,8.387939453125,4.265226210920558,left,False,"{'safe_roi': (450, 80, 1500, 420), 'cylinder_roi': (800, 190, 1000, 300)}",ok_cylinder_inside_confirmed
2026-09-20 02:54:01,2026-09-20,18723124,29542,7,110.24180603027344,,41.67027282714844,0.770088791847229,812.3961791992188,188.99607849121094,995.5906372070312,299.6164245605469,183.1944580078125,110.62034606933594,20265.03434280865,903.993408203125,244.30624389648438,1920,1080,817.359619140625,217.57406616210938,927.4176025390625,223.93771362304688,110.0579833984375,6.3636474609375,3.3092068002378645,left,False,"{'safe_roi': (450, 80, 1500, 420), 'cylinder_roi': (800, 190, 1000, 300)}",ok_cylinder_inside_confirmed
2026-09-20 02:54:06,2026-09-20,18723200,29542,7,95.84102630615234,,35.92695617675781,0.7747138738632202,812.0994873046875,188.65414428710938,993.5443115234375,299.7898254394531,181.44482421875,111.13568115234375,20164.99413111806,902.8218994140625,244.22198486328125,1920,1080,832.1002197265625,214.74221801757812,927.7210693359375,221.23492431640625,95.620849609375,6.492706298828125,3.88445134557798,left,False,"{'safe_roi': (450, 80, 1500, 420), 'cylinder_roi': (800, 190, 1000, 300)}",ok_cylinder_inside_confirmed
2026-09-20 02:54:11,2026-09-20,18723279,29542,7,108.25957489013672,,42.39002990722656,0.7634016275405884,810.7674560546875,188.8745880126953,989.9100341796875,299.9415588378906,179.142578125,111.06697082519531,19896.823498159647,900.3387451171875,244.4080810546875,1920,1080,818.9920043945312,214.39675903320312,926.6431274414062,225.85850524902344,107.651123046875,11.461746215820312,6.077455535391595,left,False,"{'safe_roi': (450, 80, 1500, 420), 'cylinder_roi': (800, 190, 1000, 300)}",ok_cylinder_inside_confirmed
2026-09-20 02:54:16,2026-09-20,18723357,29542,7,109.69325256347656,,43.603302001953125,0.7655905485153198,812.193359375,187.97271728515625,992.1414794921875,300.54766845703125,179.9481201171875,112.574951171875,20257.65083566308,902.1674194335938,244.26019287109375,1920,1080,818.0660400390625,214.13998413085938,927.1748046875,225.44869995117188,109.1087646484375,11.3087158203125,5.917364656484919,left,False,"{'safe_roi': (450, 80, 1500, 420), 'cylinder_roi': (800, 190, 1000, 300)}",ok_cylinder_inside_confirmed
2026-09-20 02:54:21,2026-09-20,18723436,29542,7,92.6092529296875,,36.093994140625,0.7637749910354614,811.2560424804688,188.8804931640625,989.6076049804688,299.2333679199219,178.3515625,110.35287475585938,19681.607639074326,900.4318237304688,244.0569305419922,1920,1080,834.3781127929688,216.50827026367188,926.8814086914062,220.93704223632812,92.5032958984375,4.42877197265625,2.7410518129440176,left,False,"{'safe_roi': (450, 80, 1500, 420), 'cylinder_roi': (800, 190, 1000, 300)}",ok_cylinder_inside_confirmed
2026-09-20 02:54:26,2026-09-20,18723511,29542,7,112.21575164794922,,43.302581787109375,0.7643848061561584,811.5973510742188,188.73666381835938,989.6567993164062,300.19940185546875,178.0594482421875,111.46273803710938,19846.99363445118,900.6270751953125,244.46803283691406,1920,1080,813.056640625,215.6498565673828,924.7197265625,226.7732391357422,111.6630859375,11.123382568359375,5.688784485615182,left,False,"{'safe_roi': (450, 80, 1500, 420), 'cylinder_roi': (800, 190, 1000, 300)}",ok_cylinder_inside_confirmed
2026-09-20 02:54:31,2026-09-20,18723591,29542,7,110.17131805419922,,43.09552001953125,0.7636857032775879,812.0706787109375,189.06846618652344,988.81689453125,301.4455261230469,176.7462158203125,112.37705993652344,19862.220088792965,900.4437866210938,245.25698852539062,1920,1080,816.0111694335938,212.94174194335938,925.38671875,226.15948486328125,109.37554931640625,13.217742919921875,6.89062777017566,left,False,"{'safe_roi': (450, 80, 1500, 420), 'cylinder_roi': (800, 190, 1000, 300)}",ok_cylinder_inside_confirmed
2026-09-20 02:54:36,2026-09-20,18723669,29542,7,111.15099334716797,,44.12890625,0.7572276592254639,812.002197265625,189.05978393554688,990.3260498046875,301.0428161621094,178.3238525390625,111.9830322265625,19969.245725646615,901.1641235351562,245.05130004882812,1920,1080,816.107421875,215.03123474121094,926.5485229492188,227.57339477539062,110.44110107421875,12.542160034179688,6.478994128908981,left,False,"{'safe_roi': (450, 80, 1500, 420), 'cylinder_roi': (800, 190, 1000, 300)}",ok_cylinder_inside_confirmed
2026-09-20 02:54:41,2026-09-20,18723747,29542,7,92.12194061279297,,36.27818298339844,0.7797337174415588,811.6407470703125,188.88760375976562,991.25732421875,299.712890625,179.6165771484375,110.82528686523438,19906.058688227087,901.4490356445312,244.3002471923828,1920,1080,834.64404296875,216.9914093017578,926.6572265625,221.46649169921875,92.01318359375,4.4750823974609375,2.7843994362483735,left,False,"{'safe_roi': (450, 80, 1500, 420), 'cylinder_roi': (800, 190, 1000, 300)}",ok_cylinder_inside_confirmed
2026-09-20 02:54:46,2026-09-20,18723826,29542,7,100.87667846679688,,38.960296630859375,0.7658862471580505,812.2621459960938,188.50611877441406,992.0798950195312,300.2867126464844,179.8177490234375,111.78059387207031,20100.134774578735,902.1710205078125,244.39642333984375,1920,1080,825.7007446289062,214.97933959960938,926.2247314453125,223.40744018554688,100.52398681640625,8.4281005859375,4.792566088613825,left,False,"{'safe_roi': (450, 80, 1500, 420), 'cylinder_roi': (800, 190, 1000, 300)}",ok_cylinder_inside_confirmed
2026-09-20 02:54:52,2026-09-20,18723903,29542,7,104.94908905029297,,41.283233642578125,0.7712723612785339,810.91748046875,188.6217498779297,987.7081298828125,300.7278137207031,176.7906494140625,112.10606384277344,19819.303830018267,899.3128051757812,244.67477416992188,1920,1080,819.9923706054688,214.6254425048828,924.3720703125,225.54287719726562,104.37969970703125,10.917434692382812,5.971053361780902,left,False,"{'safe_roi': (450, 80, 1500, 420), 'cylinder_roi': (800, 190, 1000, 300)}",ok_cylinder_inside_confirmed
2026-09-20 02:54:57,2026-09-20,18723996,29542,7,101.75714111328125,,38.641326904296875,0.7707333564758301,809.0740356445312,186.2119598388672,996.9876098632812,299.260498046875,187.91357421875,113.04853820800781,21243.35487487167,903.0308227539062,242.73623657226562,1920,1080,826.415283203125,213.87608337402344,928.0877075195312,218.0274658203125,101.67242431640625,4.1513824462890625,2.3381427628553544,left,False,"{'safe_roi': (450, 80, 1500, 420), 'cylinder_roi': (800, 190, 1000, 300)}",ok_cylinder_inside_confirmed
2026-09-20 02:55:02,2026-09-20,18724078,29542,7,112.28256225585938,,43.73980712890625,0.7709977626800537,806.2886962890625,185.87387084960938,1000.6815185546875,297.15777587890625,194.392822265625,111.28390502929688,21632.7923713848,903.485107421875,241.5158233642578,1920,1080,816.522216796875,216.2911376953125,928.5737915039062,223.48963928222656,112.05157470703125,7.1985015869140625,3.675787319969797,left,False,"{'safe_roi': (450, 80, 1500, 420), 'cylinder_roi': (800, 190, 1000, 300)}",ok_cylinder_inside_confirmed
2026-09-20 02:55:08,2026-09-20,18724154,29542,7,112.58207702636719,,45.67008972167969,0.7818955779075623,809.4857177734375,187.0612335205078,999.592529296875,298.7066955566406,190.1068115234375,111.64546203613281,21224.562808750197,904.5391235351562,242.88397216796875,1920,1080,817.2718505859375,214.74502563476562,929.65771484375,221.38894653320312,112.3858642578125,6.6439208984375,3.3832199461920593,left,False,"{'safe_roi': (450, 80, 1500, 420), 'cylinder_roi': (800, 190, 1000, 300)}",ok_cylinder_inside_confirmed
2026-09-20 02:55:13,2026-09-20,18724231,29542,7,110.3787612915039,,46.16050720214844,0.7816849946975708,812.9907836914062,187.90980529785156,1000.0198364257812,301.93768310546875,187.029052734375,114.02787780761719,21326.525971669704,906.5053100585938,244.92373657226562,1920,1080,819.1880493164062,221.57760620117188,929.5233154296875,218.479248046875,110.33526611328125,3.098358154296875,1.608517489720462,left,False,"{'safe_roi': (450, 80, 1500, 420), 'cylinder_roi': (800, 190, 1000, 300)}",ok_cylinder_inside_confirmed
2026-09-20 02:55:18,2026-09-20,18724311,29542,7,109.38988494873047,,46.69720458984375,0.7906094193458557,812.3379516601562,188.07008361816406,1005.1477661132812,300.0112609863281,192.809814453125,111.94117736816406,21583.35763802007,908.7428588867188,244.04067993164062,1920,1080,820.1978759765625,217.641357421875,929.5006103515625,222.00698852539062,109.302734375,4.365631103515625,2.2872195917229003,left,False,"{'safe_roi': (450, 80, 1500, 420), 'cylinder_roi': (800, 190, 1000, 300)}",ok_cylinder_inside_confirmed
2026-09-20 02:55:26,2026-09-20,18724439,29542,7,113.36090087890625,,44.7437744140625,0.7876242399215698,808.5777587890625,186.92172241210938,1009.2608642578125,298.89422607421875,200.68310546875,111.97250366210938,22470.98976202309,908.9193115234375,242.90797424316406,1920,1080,818.7117309570312,214.0421142578125,931.9367065429688,219.5917510986328,113.2249755859375,5.5496368408203125,2.806063794378191,left,False,"{'safe_roi': (450, 80, 1500, 420), 'cylinder_roi': (800, 190, 1000, 300)}",ok_cylinder_inside_confirmed
2026-09-20 02:55:31,2026-09-20,18724518,29542,7,111.62036895751953,,43.01829528808594,0.7857065796852112,806.4791259765625,187.23095703125,1007.4840087890625,299.0078125,201.0048828125,111.77685546875,22467.693734645844,906.9815673828125,243.119384765625,1920,1080,819.1988525390625,218.2108917236328,930.7217407226562,222.874755859375,111.52288818359375,4.6638641357421875,2.394702280858844,left,False,"{'safe_roi': (450, 80, 1500, 420), 'cylinder_roi': (800, 190, 1000, 300)}",ok_cylinder_inside_confirmed
2026-09-20 02:55:36,2026-09-20,18724593,29542,7,112.15540313720703,,43.17149353027344,0.7847331166267395,804.9619140625,186.59927368164062,1007.148193359375,298.89007568359375,202.186279296875,112.29080200195312,22703.659456036985,906.0550537109375,242.7446746826172,1920,1080,816.57861328125,216.4202423095703,928.6185913085938,221.50732421875,112.03997802734375,5.0870819091796875,2.599681693034663,left,False,"{'safe_roi': (450, 80, 1500, 420), 'cylinder_roi': (800, 190, 1000, 300)}",ok_cylinder_inside_confirmed
2026-09-20 02:55:41,2026-09-20,18724671,29542,7,113.8272933959961,,42.50199890136719,0.7828629016876221,807.942138671875,189.5912628173828,1007.51416015625,299.7667236328125,199.572021484375,110.17546081542969,21987.93943290785,907.7281494140625,244.67898559570312,1920,1080,815.6405029296875,217.4635467529297,929.350341796875,222.63323974609375,113.7098388671875,5.1696929931640625,2.603097198795722,left,False,"{'safe_roi': (450, 80, 1500, 420), 'cylinder_roi': (800, 190, 1000, 300)}",ok_cylinder_inside_confirmed
2026-09-20 02:55:46,2026-09-20,18724750,29542,7,114.89502716064453,,44.25474548339844,0.7859694361686707,803.1845092773438,185.4879913330078,1008.4635620117188,297.1935729980469,205.279052734375,111.70558166503906,22930.815989341587,905.8240356445312,241.34078979492188,1920,1080,814.886962890625,219.58755493164062,929.7664794921875,221.47549438476562,114.8795166015625,1.887939453125,0.9415188118836952,left,False,"{'safe_roi': (450, 80, 1500, 420), 'cylinder_roi': (800, 190, 1000, 300)}",ok_cylinder_inside_confirmed
2026-09-20 02:56:56,2026-09-20,18725847,29542,8,109.01982116699219,,37.16361999511719,0.8014205098152161,806.2222290039062,186.97422790527344,1003.0346069335938,302.7573547363281,196.8123779296875,115.78312683105469,22787.552515754476,904.62841796875,244.86578369140625,1920,1080,816.9322509765625,202.53732299804688,925.3919677734375,213.57415771484375,108.459716796875,11.036834716796875,5.810404163833027,left,False,"{'safe_roi': (450, 80, 1500, 420), 'cylinder_roi': (800, 190, 1000, 300)}",ok_cylinder_inside_confirmed
2026-09-20 02:57:01,2026-09-20,18725925,29542,8,90.83177947998047,,35.43299865722656,0.8001137971878052,804.5736083984375,190.80271911621094,985.8028564453125,299.6805419921875,181.229248046875,108.87782287597656,19731.845968794078,895.188232421875,245.24163818359375,1920,1080,836.0802001953125,204.8618927001953,926.6578369140625,211.6519012451172,90.57763671875,6.790008544921875,4.287068613964338,left,False,"{'safe_roi': (450, 80, 1500, 420), 'cylinder_roi': (800, 190, 1000, 300)}",ok_cylinder_inside_confirmed
2026-09-20 03:43:44,2026-09-20,18769362,29546,9,114.48273468017578,,41.55281066894531,0.7904694676399231,805.3485107421875,187.00765991210938,1014.6861572265625,301.77093505859375,209.337646484375,114.76327514648438,24024.273922003806,910.017333984375,244.38929748535156,1920,1080,819.412841796875,206.26002502441406,933.520751953125,215.51641845703125,114.10791015625,9.256393432617188,4.637658673068527,left,False,"{'safe_roi': (450, 80, 1500, 420), 'cylinder_roi': (800, 190, 1000, 300)}",ok_cylinder_inside_confirmed
2026-09-20 03:43:49,2026-09-20,18769441,29546,9,112.52733612060547,,41.39060974121094,0.7911894917488098,806.0831298828125,187.15518188476562,1012.7252197265625,304.83892822265625,206.64208984375,117.68374633789062,24318.41528390348,909.4041748046875,245.99705505371094,1920,1080,819.6627197265625,205.27137756347656,931.8956298828125,213.40614318847656,112.23291015625,8.134765625,4.14561202337264,left,False,"{'safe_roi': (450, 80, 1500, 420), 'cylinder_roi': (800, 190, 1000, 300)}",ok_cylinder_inside_confirmed
2026-09-20 03:43:54,2026-09-20,18769520,29546,9,110.42709350585938,,39.43194580078125,0.7959710359573364,806.9754028320312,186.05538940429688,1012.6535034179688,303.0239562988281,205.6781005859375,116.96856689453125,24057.872667126358,909.814453125,244.5396728515625,1920,1080,822.490478515625,208.89144897460938,932.6968994140625,215.86912536621094,110.2064208984375,6.9776763916015625,3.6228240257131454,left,False,"{'safe_roi': (450, 80, 1500, 420), 'cylinder_roi': (800, 190, 1000, 300)}",ok_cylinder_inside_confirmed
2026-09-20 03:44:09,2026-09-20,18769765,29546,9,109.98908996582031,,39.41526794433594,0.7853909134864807,803.69287109375,189.45753479003906,1003.7498779296875,301.993896484375,200.0570068359375,112.53636169433594,22513.6876807753,903.7213745117188,245.7257080078125,1920,1080,817.0660400390625,214.32333374023438,927.0491943359375,215.4661865234375,109.983154296875,1.142852783203125,0.5953483046464432,left,False,"{'safe_roi': (450, 80, 1500, 420), 'cylinder_roi': (800, 190, 1000, 300)}",ok_cylinder_inside_confirmed
2026-09-20 03:44:14,2026-09-20,18769845,29546,9,108.67797088623047,,37.39208984375,0.7837785482406616,805.4207763671875,190.19439697265625,995.010009765625,298.474609375,189.5892333984375,108.28021240234375,20528.762461580336,900.2153930664062,244.33450317382812,1920,1080,816.6500244140625,214.22772216796875,925.3202514648438,215.52476501464844,108.67022705078125,1.2970428466796875,0.6838262360306919,left,False,"{'safe_roi': (450, 80, 1500, 420), 'cylinder_roi': (800, 190, 1000, 300)}",ok_cylinder_inside_confirmed
2026-09-20 03:44:20,2026-09-20,18769926,29546,9,108.94905090332031,,36.356414794921875,0.7778078317642212,802.5098266601562,188.63987731933594,989.5193481445312,295.5931396484375,187.009521484375,106.95326232910156,20001.278409358114,896.0145874023438,242.11651611328125,1920,1080,817.9581909179688,210.46359252929688,926.5045166015625,219.82257080078125,108.54632568359375,9.358978271484375,4.927914948464833,left,False,"{'safe_roi': (450, 80, 1500, 420), 'cylinder_roi': (800, 190, 1000, 300)}",ok_cylinder_inside_confirmed
2026-09-20 03:44:25,2026-09-20,18770006,29546,9,103.01151275634766,,33.732269287109375,0.7853499054908752,794.703125,186.83285522460938,986.8701171875,296.3502197265625,192.1669921875,109.51736450195312,21045.622528642416,890.78662109375,241.59153747558594,1920,1080,819.5064086914062,206.71336364746094,921.8980712890625,217.99691772460938,102.39166259765625,11.283554077148438,6.28861645309843,left,False,"{'safe_roi': (450, 80, 1500, 420), 'cylinder_roi': (800, 190, 1000, 300)}",ok_cylinder_inside_confirmed
2026-09-20 04:42:22,2026-09-20,18823762,29546,10,114.55023956298828,,46.85508728027344,0.7890692949295044,820.4263916015625,188.3784942626953,1015.367919921875,305.10052490234375,194.9415283203125,116.72203063964844,22753.97104154341,917.8971557617188,246.739501953125,1920,1080,824.3304443359375,224.23641967773438,938.7225341796875,218.21923828125,114.39208984375,6.017181396484375,3.01106181398523,left,False,"{'safe_roi': (450, 80, 1500, 420), 'cylinder_roi': (800, 190, 1000, 300)}",ok_cylinder_inside_confirmed
2026-09-20 04:44:01,2026-09-20,18825269,29546,11,107.96217346191406,,45.96498107910156,0.797578752040863,837.7593994140625,189.86878967285156,1030.672607421875,306.9824523925781,192.9132080078125,117.11366271972656,22592.772376807407,934.2160034179688,248.42562866210938,1920,1080,841.5104370117188,218.95184326171875,949.4354858398438,221.782958984375,107.925048828125,2.83111572265625,1.5026519969327707,left,False,"{'safe_roi': (450, 80, 1500, 420), 'cylinder_roi': (800, 190, 1000, 300)}",ok_cylinder_inside_confirmed
2026-09-20 04:44:06,2026-09-20,18825349,29546,11,113.9477767944336,,41.54747009277344,0.7946169972419739,810.9474487304688,186.73696899414062,1011.1078491210938,300.16351318359375,200.160400390625,113.42654418945312,22703.502499885857,911.0276489257812,243.4502410888672,1920,1080,820.8596801757812,214.77833557128906,934.7803955078125,217.26148986816406,113.92071533203125,2.483154296875,1.2486906768102348,left,False,"{'safe_roi': (450, 80, 1500, 420), 'cylinder_roi': (800, 190, 1000, 300)}",ok_cylinder_inside_confirmed
2026-09-20 04:44:11,2026-09-20,18825427,29546,11,104.5123519897461,,32.18438720703125,0.8098723292350769,798.2406005859375,188.2250213623047,987.5677490234375,294.53875732421875,189.3271484375,106.31373596191406,20128.076469406486,892.9041748046875,241.38189697265625,1920,1080,819.1705322265625,212.8160400390625,923.485107421875,219.24267578125,104.3145751953125,6.4266357421875,3.5254353895036568,left,False,"{'safe_roi': (450, 80, 1500, 420), 'cylinder_roi': (800, 190, 1000, 300)}",ok_cylinder_inside_confirmed
2026-09-20 04:58:12,2026-09-20,18838402,29546,12,94.41098022460938,,31.323699951171875,0.7771286368370056,845.385009765625,190.63421630859375,1013.425048828125,306.3643493652344,168.0400390625,115.73013305664062,19447.296079546213,929.405029296875,248.49928283691406,1920,1080,851.8284912109375,219.67237854003906,945.9586181640625,226.94918823242188,94.130126953125,7.2768096923828125,4.420507121770918,left,False,"{'safe_roi': (450, 80, 1500, 420), 'cylinder_roi': (800, 190, 1000, 300)}",ok_cylinder_inside_confirmed
2026-09-20 05:15:40,2026-09-20,18854705,29546,13,105.20653533935547,,37.9071044921875,0.760667085647583,814.355224609375,186.3770751953125,989.2484130859375,301.29736328125,174.8931884765625,114.9202880859375,20098.775603994727,901.8018188476562,243.83721923828125,1920,1080,818.68994140625,205.86630249023438,923.515380859375,214.81292724609375,104.825439453125,8.946624755859375,4.878249099116636,left,False,"{'safe_roi': (450, 80, 1500, 420), 'cylinder_roi': (800, 190, 1000, 300)}",ok_cylinder_inside_confirmed
2026-09-20 05:15:45,2026-09-20,18854782,29546,13,104.30362701416016,,36.70652770996094,0.7900528907775879,838.764892578125,195.69313049316406,1010.23779296875,301.73907470703125,171.472900390625,106.04594421386719,18184.005629014224,924.5013427734375,248.71609497070312,1920,1080,837.8422241210938,225.74398803710938,942.1402587890625,226.82400512695312,104.29803466796875,1.08001708984375,0.5932826022464206,left,False,"{'safe_roi': (450, 80, 1500, 420), 'cylinder_roi': (800, 190, 1000, 300)}",ok_cylinder_inside_confirmed
2026-09-20 05:15:50,2026-09-20,18854860,29546,13,95.20851135253906,,28.6815185546875,0.7959128618240356,839.548583984375,193.01345825195312,1002.87646484375,301.6325378417969,163.327880859375,108.61907958984375,17740.52409030497,921.2125244140625,247.322998046875,1920,1080,845.9517822265625,219.79612731933594,941.0596923828125,224.1717987060547,95.10791015625,4.37567138671875,2.6341745637979916,left,False,"{'safe_roi': (450, 80, 1500, 420), 'cylinder_roi': (800, 190, 1000, 300)}",ok_cylinder_inside_confirmed
2026-09-20 05:15:55,2026-09-20,18854935,29546,13,111.49504852294922,,43.465606689453125,0.7551736235618591,834.9725341796875,191.719482421875,1003.0880126953125,302.947509765625,168.115478515625,111.22802734375,18699.153041243553,919.0302734375,247.33349609375,1920,1080,833.3673706054688,216.62136840820312,944.3485717773438,227.3133544921875,110.981201171875,10.691986083984375,5.502921731028993,left,False,"{'safe_roi': (450, 80, 1500, 420), 'cylinder_roi': (800, 190, 1000, 300)}",ok_cylinder_inside_confirmed
2026-09-20 05:16:00,2026-09-20,18855009,29546,13,112.07122039794922,,40.88133239746094,0.7508523464202881,834.99072265625,191.28514099121094,1002.5579833984375,304.50677490234375,167.5672607421875,113.22163391113281,18972.23905124329,918.7743530273438,247.89596557617188,1920,1080,832.4596557617188,213.58143615722656,943.6399536132812,227.68463134765625,111.1802978515625,14.103195190429688,7.229345961811395,left,False,"{'safe_roi': (450, 80, 1500, 420), 'cylinder_roi': (800, 190, 1000, 300)}",ok_cylinder_inside_confirmed
2026-09-20 05:16:05,2026-09-20,18855084,29546,13,110.5176773071289,,40.12646484375,0.7762044072151184,836.8296508789062,191.6009979248047,1002.8397827148438,304.38299560546875,166.0101318359375,112.78199768066406,18722.95430368744,919.834716796875,247.99200439453125,1920,1080,831.635986328125,209.92015075683594,940.9335327148438,226.2970733642578,109.29754638671875,16.376922607421875,8.521686111511762,left,False,"{'safe_roi': (450, 80, 1500, 420), 'cylinder_roi': (800, 190, 1000, 300)}",ok_cylinder_inside_confirmed
2026-09-20 05:16:10,2026-09-20,18855163,29546,13,96.2329330444336,,32.65985107421875,0.7976577877998352,817.7283935546875,187.3417510986328,993.5452880859375,299.39544677734375,175.81689453125,112.05369567871094,19700.932794980705,905.6368408203125,243.36859130859375,1920,1080,839.4485473632812,208.3028564453125,934.8577880859375,220.86685180664062,95.40924072265625,12.563995361328125,7.501847927687682,left,False,"{'safe_roi': (450, 80, 1500, 420), 'cylinder_roi': (800, 190, 1000, 300)}",ok_cylinder_inside_confirmed
2026-09-20 05:16:15,2026-09-20,18855237,29546,13,94.36280822753906,,32.03068542480469,0.7929199934005737,819.5831909179688,191.57293701171875,988.4545288085938,298.9454345703125,168.871337890625,107.37249755859375,18132.137315377593,904.0188598632812,245.25918579101562,1920,1080,830.5687866210938,212.1124725341797,924.461669921875,221.51812744140625,93.89288330078125,9.405654907226562,5.7204813762837485,left,False,"{'safe_roi': (450, 80, 1500, 420), 'cylinder_roi': (800, 190, 1000, 300)}",ok_cylinder_inside_confirmed
2026-09-20 05:16:20,2026-09-20,18855312,29546,13,102.58784484863281,,32.069915771484375,0.779902994632721,815.2738037109375,194.70896911621094,985.67138671875,298.8359069824219,170.3975830078125,104.12693786621094,17742.978538407013,900.4725952148438,246.77243041992188,1920,1080,827.5242309570312,204.52439880371094,928.4024658203125,223.17507934570312,100.87823486328125,18.650680541992188,10.47474164806311,left,False,"{'safe_roi': (450, 80, 1500, 420), 'cylinder_roi': (800, 190, 1000, 300)}",ok_cylinder_inside_confirmed
2026-09-20 05:24:09,2026-09-20,18862336,29546,14,112.3647689819336,,34.521240234375,0.7920414805412292,846.4358520507812,189.92601013183594,1023.4138793945312,308.10650634765625,176.97802734375,118.18049621582031,20915.35109078139,934.9248657226562,249.01626586914062,1920,1080,844.353515625,203.68853759765625,955.0289306640625,223.09971618652344,110.6754150390625,19.411178588867188,9.947833795672883,left,False,"{'safe_roi': (450, 80, 1500, 420), 'cylinder_roi': (800, 190, 1000, 300)}",ok_cylinder_inside_confirmed
2026-09-20 05:27:33,2026-09-20,18865339,29546,15,114.82209014892578,,39.16058349609375,0.7848488092422485,795.5107421875,188.56692504882812,996.7783203125,297.35357666015625,201.267578125,108.78665161132812,21895.22590214014,896.14453125,242.9602508544922,1920,1080,811.6473388671875,214.4242401123047,926.2261962890625,221.89407348632812,114.578857421875,7.4698333740234375,3.730052164558729,left,False,"{'safe_roi': (450, 80, 1500, 420), 'cylinder_roi': (800, 190, 1000, 300)}",ok_cylinder_inside_confirmed
2026-09-20 05:27:38,2026-09-20,18865413,29546,15,109.11579895019531,,39.22706604003906,0.7737032771110535,794.9966430664062,190.06320190429688,991.6220092773438,296.96075439453125,196.6253662109375,106.89755249023438,21018.770405445248,893.309326171875,243.51197814941406,1920,1080,814.8369750976562,209.78192138671875,923.3854370117188,220.89447021484375,108.5484619140625,11.112548828125,5.845239174384129,left,False,"{'safe_roi': (450, 80, 1500, 420), 'cylinder_roi': (800, 190, 1000, 300)}",ok_cylinder_inside_confirmed
2026-09-20 05:27:43,2026-09-20,18865487,29546,15,121.38037872314453,,35.29975891113281,0.7786139249801636,797.245361328125,188.7091064453125,993.404296875,296.13604736328125,196.158935546875,107.42694091796875,21072.75437952578,895.3248291015625,242.42257690429688,1920,1080,803.4429321289062,206.5236053466797,923.56982421875,223.92262268066406,120.12689208984375,17.399017333984375,8.241332926846567,left,False,"{'safe_roi': (450, 80, 1500, 420), 'cylinder_roi': (800, 190, 1000, 300)}",ok_cylinder_inside_confirmed
2026-09-20 05:27:48,2026-09-20,18865560,29546,15,115.08023071289062,,39.075592041015625,0.7788289189338684,795.1705322265625,189.47164916992188,990.4642333984375,299.6600036621094,195.293701171875,110.1883544921875,21519.091574817896,892.8173828125,244.56582641601562,1920,1080,803.3367309570312,208.2520751953125,918.04833984375,217.45565795898438,114.71160888671875,9.203582763671875,4.58714943261676,left,False,"{'safe_roi': (450, 80, 1500, 420), 'cylinder_roi': (800, 190, 1000, 300)}",ok_cylinder_inside_confirmed
2026-09-20 05:27:53,2026-09-20,18865635,29546,15,108.421142578125,,37.21925354003906,0.777816653251648,792.8840942382812,189.56021118164062,996.7467651367188,298.1064453125,203.8626708984375,108.54623413085938,22128.52520588413,894.8154296875,243.8333282470703,1920,1080,813.114501953125,207.482177734375,921.0381469726562,217.85670471191406,107.92364501953125,10.374526977539062,5.490879773516258,left,False,"{'safe_roi': (450, 80, 1500, 420), 'cylinder_roi': (800, 190, 1000, 300)}",ok_cylinder_inside_confirmed
2026-09-20 05:27:59,2026-09-20,18865710,29546,15,102.72271728515625,,34.994720458984375,0.7729510068893433,794.3326416015625,189.45895385742188,987.4781494140625,297.45086669921875,193.1455078125,107.99191284179688,20858.152845472097,890.9053955078125,243.4549102783203,1920,1080,813.9064331054688,211.74920654296875,916.1353759765625,221.80905151367188,102.22894287109375,10.059844970703125,5.620100218554276,left,False,"{'safe_roi': (450, 80, 1500, 420), 'cylinder_roi': (800, 190, 1000, 300)}",ok_cylinder_inside_confirmed
2026-09-20 05:28:15,2026-09-20,18865952,29546,15,96.85086822509766,,34.9432373046875,0.7784393429756165,786.8509521484375,192.6073760986328,975.7978515625,295.46624755859375,188.9468994140625,102.85887145996094,19434.864839589223,881.3244018554688,244.03680419921875,1920,1080,812.2529296875,213.76675415039062,908.2484130859375,226.61033630371094,95.9954833984375,12.843582153320312,7.620553003207575,left,False,"{'safe_roi': (450, 80, 1500, 420), 'cylinder_roi': (800, 190, 1000, 300)}",ok_cylinder_inside_confirmed
2026-09-20 05:28:58,2026-09-20,18866594,29546,16,101.27171325683594,,35.87518310546875,0.7675479650497437,786.0914306640625,195.78350830078125,970.430419921875,295.7747497558594,184.3389892578125,99.99124145507812,18432.284384462982,878.2609252929688,245.7791290283203,1920,1080,811.5651245117188,215.36776733398438,912.1842041015625,226.84649658203125,100.61907958984375,11.478729248046875,6.508225708209637,left,False,"{'safe_roi': (450, 80, 1500, 420), 'cylinder_roi': (800, 190, 1000, 300)}",ok_cylinder_inside_confirmed
2026-09-20 05:30:13,2026-09-20,18867704,29546,17,102.33589172363281,,36.71925354003906,0.7668401002883911,784.3087768554688,195.725830078125,972.9170532226562,296.6122741699219,188.6082763671875,100.88644409179688,19028.018328968436,878.6129150390625,246.16905212402344,1920,1080,808.4122924804688,220.04782104492188,910.5880737304688,225.77005004882812,102.17578125,5.72222900390625,3.2054312894097463,left,False,"{'safe_roi': (450, 80, 1500, 420), 'cylinder_roi': (800, 190, 1000, 300)}",ok_cylinder_inside_confirmed
2026-09-20 05:30:24,2026-09-20,18867876,29546,17,101.15955352783203,,36.31622314453125,0.7640419602394104,784.5115966796875,194.9522705078125,971.004638671875,295.5492248535156,186.4930419921875,100.59695434570312,18760.63203107938,877.7581176757812,245.25074768066406,1920,1080,805.7307739257812,214.3348388671875,906.6761474609375,220.91412353515625,100.94537353515625,6.57928466796875,3.729074489526214,left,False,"{'safe_roi': (450, 80, 1500, 420), 'cylinder_roi': (800, 190, 1000, 300)}",ok_cylinder_inside_confirmed
2026-09-20 08:14:43,2026-09-20,19018195,29583,18,101.86453247070312,,34.168182373046875,0.7270764708518982,798.0542602539062,184.92117309570312,980.7665405273438,299.521240234375,182.7122802734375,114.60006713867188,20938.83958639577,889.410400390625,242.22120666503906,1920,1080,819.5152587890625,203.00099182128906,917.9942626953125,229.04458618164062,98.47900390625,26.043594360351562,14.813225004007506,left,False,"{'safe_roi': (450, 80, 1500, 420), 'cylinder_roi': (800, 190, 1000, 300)}",ok_cylinder_inside_confirmed
2026-09-20 08:57:39,2026-09-20,19057746,29585,19,102.71859741210938,,28.822067260742188,0.6996352076530457,804.6690673828125,193.14202880859375,980.2391357421875,299.1051330566406,175.570068359375,105.96310424804688,18603.94945640117,892.4541015625,246.1235809326172,1920,1080,816.5966186523438,211.7496337890625,916.382080078125,236.12118530273438,99.78546142578125,24.371551513671875,13.725187583050804,left,False,"{'safe_roi': (450, 80, 1500, 420), 'cylinder_roi': (800, 190, 1000, 300)}",ok_cylinder_inside_confirmed
2026-09-20 08:57:51,2026-09-20,19057937,29585,19,100.83894348144531,,29.648895263671875,0.7376734018325806,804.5157470703125,192.12945556640625,979.131591796875,300.669189453125,174.6158447265625,108.53973388671875,18952.757319025695,891.8236694335938,246.39932250976562,1920,1080,817.066650390625,209.53561401367188,915.0675048828125,233.2911376953125,98.0008544921875,23.755523681640625,13.62574732348924,left,False,"{'safe_roi': (450, 80, 1500, 420), 'cylinder_roi': (800, 190, 1000, 300)}",ok_cylinder_inside_confirmed
2026-09-20 08:58:25,2026-09-20,19058462,29585,20,99.86971282958984,,22.662109375,0.5293601751327515,802.3837890625,194.4546661376953,972.71728515625,297.138427734375,170.33349609375,102.68376159667969,17490.484104819596,887.550537109375,245.79653930664062,1920,1080,822.0211181640625,207.98728942871094,917.0368041992188,238.74404907226562,95.01568603515625,30.756759643554688,17.936866568018306,left,False,"{'safe_roi': (450, 80, 1500, 420), 'cylinder_roi': (800, 190, 1000, 300)}",ok_cylinder_inside_confirmed
2026-09-20 09:19:15,2026-09-20,19077624,29585,21,116.90113830566406,,32.707244873046875,0.7681791186332703,828.4973754882812,196.86045837402344,1023.7567749023438,311.7801513671875,195.2593994140625,114.91969299316406,22439.15023469366,926.1270751953125,254.3203125,1920,1080,833.58203125,215.30601501464844,949.5787353515625,229.8195037841797,115.9967041015625,14.51348876953125,7.1317767994314885,left,False,"{'safe_roi': (450, 80, 1500, 420), 'cylinder_roi': (800, 190, 1000, 300)}",ok_cylinder_inside_confirmed
2026-09-20 09:19:20,2026-09-20,19077704,29585,21,111.60832214355469,,41.89044189453125,0.7867108583450317,831.285400390625,196.09336853027344,1021.19287109375,308.548828125,189.907470703125,112.45545959472656,21356.131898391992,926.2391357421875,252.32110595703125,1920,1080,836.0324096679688,215.44024658203125,946.8394165039062,228.7903594970703,110.8070068359375,13.350112915039062,6.869926624665639,left,False,"{'safe_roi': (450, 80, 1500, 420), 'cylinder_roi': (800, 190, 1000, 300)}",ok_cylinder_inside_confirmed
2026-09-20 09:19:25,2026-09-20,19077783,29585,21,118.23628997802734,,33.96723937988281,0.7779170870780945,833.9915161132812,198.39979553222656,1025.999267578125,313.5802001953125,192.00775146484375,115.18040466308594,22115.530512169935,929.995361328125,255.989990234375,1920,1080,836.6524047851562,214.0966796875,953.8834228515625,229.4820098876953,117.23101806640625,15.385330200195312,7.476734085839975,left,False,"{'safe_roi': (450, 80, 1500, 420), 'cylinder_roi': (800, 190, 1000, 300)}",ok_cylinder_inside_confirmed
2026-09-20 09:19:30,2026-09-20,19077859,29585,21,117.26172637939453,,33.8902587890625,0.7762767672538757,832.8399047851562,198.6067657470703,1025.4111328125,312.626953125,192.57122802734375,114.02018737792969,21957.00750327576,929.12548828125,255.61685180664062,1920,1080,838.064208984375,215.0654296875,954.3197021484375,230.39422607421875,116.2554931640625,15.32879638671875,7.511369845395186,left,False,"{'safe_roi': (450, 80, 1500, 420), 'cylinder_roi': (800, 190, 1000, 300)}",ok_cylinder_inside_confirmed
2026-09-20 09:19:35,2026-09-20,19077938,29585,21,114.77549743652344,,33.88520812988281,0.7819656133651733,833.1956176757812,197.65335083007812,1022.0012817382812,312.8641052246094,188.8056640625,115.21075439453125,21752.442990601063,927.5984497070312,255.25872802734375,1920,1080,840.3726196289062,215.69509887695312,954.14990234375,230.799560546875,113.77728271484375,15.104461669921875,7.562063106846938,left,False,"{'safe_roi': (450, 80, 1500, 420), 'cylinder_roi': (800, 190, 1000, 300)}",ok_cylinder_inside_confirmed
2026-09-20 09:19:40,2026-09-20,19078015,29585,21,114.9490737915039,,31.757537841796875,0.7881471514701843,836.154296875,196.63230895996094,1021.93798828125,311.44964599609375,185.78369140625,114.81733703613281,21331.188712008297,929.046142578125,254.04098510742188,1920,1080,839.7845458984375,217.42147827148438,953.7799072265625,232.19802856445312,113.995361328125,14.77655029296875,7.385733627042457,left,False,"{'safe_roi': (450, 80, 1500, 420), 'cylinder_roi': (800, 190, 1000, 300)}",ok_cylinder_inside_confirmed
2026-09-20 09:19:46,2026-09-20,19078095,29585,21,108.30242156982422,,37.20390319824219,0.7813272476196289,830.5435180664062,198.9039306640625,1012.0442504882812,311.79962158203125,181.500732421875,112.89569091796875,20490.65058888495,921.2938842773438,255.35177612304688,1920,1080,840.1533813476562,217.19830322265625,947.823974609375,228.87979125976562,107.67059326171875,11.681488037109375,6.191962841752185,left,False,"{'safe_roi': (450, 80, 1500, 420), 'cylinder_roi': (800, 190, 1000, 300)}",ok_cylinder_inside_confirmed
2026-09-20 09:19:59,2026-09-20,19078298,29585,21,86.97107696533203,,29.866043090820312,0.8236268162727356,834.89892578125,198.6611785888672,1003.8643798828125,308.5483093261719,168.9654541015625,109.88713073730469,18567.128944946453,919.3816528320312,253.604736328125,1920,1080,854.1439819335938,218.72987365722656,940.7579345703125,226.60330200195312,86.61395263671875,7.8734283447265625,5.194056677828806,left,False,"{'safe_roi': (450, 80, 1500, 420), 'cylinder_roi': (800, 190, 1000, 300)}",ok_cylinder_inside_confirmed
2026-09-20 09:20:04,2026-09-20,19078374,29585,21,86.27754211425781,,32.03382873535156,0.7976716756820679,834.5858764648438,197.49461364746094,1006.9115600585938,308.8233337402344,172.32568359375,111.32872009277344,19184.797793604434,920.7487182617188,253.15896606445312,1920,1080,855.6694946289062,220.64791870117188,941.55126953125,228.90234375,85.88177490234375,8.254425048828125,5.490051959664357,left,False,"{'safe_roi': (450, 80, 1500, 420), 'cylinder_roi': (800, 190, 1000, 300)}",ok_cylinder_inside_confirmed
2026-09-20 09:20:09,2026-09-20,19078451,29585,21,90.36241912841797,,33.54499816894531,0.7715803980827332,835.248779296875,198.6951904296875,1010.56201171875,310.6850891113281,175.313232421875,111.98989868164062,19633.311136476696,922.9053955078125,254.6901397705078,1920,1080,854.8148193359375,218.29800415039062,944.6723022460938,227.83737182617188,89.85748291015625,9.53936767578125,6.059884684307604,left,False,"{'safe_roi': (450, 80, 1500, 420), 'cylinder_roi': (800, 190, 1000, 300)}",ok_cylinder_inside_confirmed
2026-09-20 09:20:14,2026-09-20,19078531,29585,21,88.16466522216797,,29.155258178710938,0.7994932532310486,835.1975708007812,197.81968688964844,1007.2843627929688,309.191650390625,172.0867919921875,111.37196350097656,19165.643916754052,921.240966796875,253.50567626953125,1920,1080,854.7266235351562,216.87020874023438,942.4410400390625,225.76907348632812,87.71441650390625,8.89886474609375,5.792990947964329,left,False,"{'safe_roi': (450, 80, 1500, 420), 'cylinder_roi': (800, 190, 1000, 300)}",ok_cylinder_inside_confirmed
2026-09-20 09:20:22,2026-09-20,19078657,29585,21,88.99691009521484,,33.26104736328125,0.7845814228057861,835.08544921875,197.7369384765625,1006.3623046875,309.41943359375,171.27685546875,111.6824951171875,19128.6265745759,920.723876953125,253.57818603515625,1920,1080,851.9442138671875,220.67755126953125,940.8419189453125,224.87850952148438,88.897705078125,4.200958251953125,2.7055619398402246,left,False,"{'safe_roi': (450, 80, 1500, 420), 'cylinder_roi': (800, 190, 1000, 300)}",ok_cylinder_inside_confirmed
2026-09-20 09:20:27,2026-09-20,19078733,29585,21,100.92601013183594,,39.11030578613281,0.7885051369667053,833.8631591796875,196.8502655029297,1010.767822265625,311.4530334472656,176.9046630859375,114.60276794433594,20273.764051908627,922.3154907226562,254.15164184570312,1920,1080,842.856689453125,220.36026000976562,943.476318359375,228.21832275390625,100.61962890625,7.858062744140625,4.465548426458104,left,False,"{'safe_roi': (450, 80, 1500, 420), 'cylinder_roi': (800, 190, 1000, 300)}",ok_cylinder_inside_confirmed
2026-09-20 09:20:38,2026-09-20,19078897,29585,21,109.61072540283203,,33.282135009765625,0.7795520424842834,829.4384765625,196.01052856445312,1017.4542236328125,308.1855163574219,188.0157470703125,112.17498779296875,21090.664132498205,923.4463500976562,252.0980224609375,1920,1080,839.4285278320312,217.68234252929688,948.3360595703125,230.0783233642578,108.90753173828125,12.395980834960938,6.493526150131735,left,False,"{'safe_roi': (450, 80, 1500, 420), 'cylinder_roi': (800, 190, 1000, 300)}",ok_cylinder_inside_confirmed
2026-09-20 09:20:43,2026-09-20,19078974,29585,21,110.98855590820312,,32.73243713378906,0.7955688238143921,827.364501953125,195.64163208007812,1019.14599609375,308.5254211425781,191.781494140625,112.8837890625,21649.021730661392,923.2552490234375,252.08352661132812,1920,1080,839.8868408203125,217.0869903564453,950.048828125,230.60720825195312,110.1619873046875,13.520217895507812,6.996939357135066,left,False,"{'safe_roi': (450, 80, 1500, 420), 'cylinder_roi': (800, 190, 1000, 300)}",ok_cylinder_inside_confirmed
2026-09-20 09:20:48,2026-09-20,19079053,29585,21,100.43342590332031,,36.34730529785156,0.8027822971343994,829.68994140625,198.12013244628906,1018.9339599609375,309.6517639160156,189.2440185546875,111.53163146972656,21106.694135291502,924.3119506835938,253.88595581054688,1920,1080,848.4520263671875,218.86801147460938,948.4628295898438,228.0718994140625,100.01080322265625,9.203887939453125,5.2580590070590745,left,False,"{'safe_roi': (450, 80, 1500, 420), 'cylinder_roi': (800, 190, 1000, 300)}",ok_cylinder_inside_confirmed
2026-09-20 09:21:00,2026-09-20,19079245,29585,21,89.49848937988281,,30.484786987304688,0.8205633759498596,833.8634033203125,195.59429931640625,1010.178955078125,308.7196044921875,176.3155517578125,113.12530517578125,19945.750599838793,922.0211791992188,252.15695190429688,1920,1080,853.2445068359375,218.45361328125,942.417724609375,226.0770263671875,89.1732177734375,7.6234130859375,4.886331928246249,left,False,"{'safe_roi': (450, 80, 1500, 420), 'cylinder_roi': (800, 190, 1000, 300)}",ok_cylinder_inside_confirmed
2026-09-20 09:21:09,2026-09-20,19079376,29585,21,100.34272003173828,,39.96141052246094,0.5652645230293274,825.7847900390625,196.47763061523438,998.1378173828125,301.83416748046875,172.35302734375,105.35653686523438,18158.518079176545,911.9613037109375,249.15589904785156,1920,1080,833.3842163085938,212.692626953125,932.0121459960938,231.1640167236328,98.6279296875,18.471389770507812,10.607674868086155,left,False,"{'safe_roi': (450, 80, 1500, 420), 'cylinder_roi': (800, 190, 1000, 300)}",ok_cylinder_inside_confirmed
2026-09-20 09:21:14,2026-09-20,19079453,29585,21,87.99441528320312,,31.114059448242188,0.6536031365394592,824.679931640625,197.88388061523438,996.3521728515625,301.6134033203125,171.6722412109375,103.72952270507812,17807.47964252159,910.5160522460938,249.74864196777344,1920,1080,846.8116455078125,217.69125366210938,934.5989379882812,223.7252197265625,87.78729248046875,6.033966064453125,3.931980150679899,left,False,"{'safe_roi': (450, 80, 1500, 420), 'cylinder_roi': (800, 190, 1000, 300)}",ok_cylinder_inside_confirmed
2026-09-20 09:21:21,2026-09-20,19079559,29585,21,101.97443389892578,,37.867279052734375,0.544396698474884,826.8587036132812,196.54559326171875,996.2411499023438,302.7615661621094,169.3824462890625,106.21597290039062,17991.121324840933,911.5499267578125,249.65357971191406,1920,1080,833.4458618164062,211.37464904785156,933.874267578125,229.06419372558594,100.42840576171875,17.689544677734375,9.989656698233304,left,False,"{'safe_roi': (450, 80, 1500, 420), 'cylinder_roi': (800, 190, 1000, 300)}",ok_cylinder_inside_confirmed
2026-09-20 09:21:26,2026-09-20,19079635,29585,21,84.90804290771484,,38.927337646484375,0.513171374797821,824.65625,196.81773376464844,993.77734375,299.5947265625,169.12109375,102.77699279785156,17381.75743430853,909.216796875,248.20623779296875,1920,1080,849.7868041992188,217.2713165283203,933.8560791015625,229.17648315429688,84.06927490234375,11.905166625976562,8.060141167407114,left,False,"{'safe_roi': (450, 80, 1500, 420), 'cylinder_roi': (800, 190, 1000, 300)}",ok_cylinder_inside_confirmed
2026-09-20 09:21:35,2026-09-20,19079769,29585,21,92.18702697753906,,36.85791015625,0.5768067836761475,827.9668579101562,198.2838134765625,994.2345581054688,299.34027099609375,166.2677001953125,101.05645751953125,16802.424781657755,911.1007080078125,248.81204223632812,1920,1080,843.29736328125,214.7273712158203,933.94189453125,231.52072143554688,90.64453125,16.793350219726562,10.495954070617168,left,False,"{'safe_roi': (450, 80, 1500, 420), 'cylinder_roi': (800, 190, 1000, 300)}",ok_cylinder_inside_confirmed
2026-09-20 09:21:40,2026-09-20,19079845,29585,21,99.9926528930664,,33.15693664550781,0.7068536281585693,827.125732421875,198.5854949951172,991.8785400390625,297.6516418457031,164.7528076171875,99.06614685058594,16321.42583345063,909.5021362304688,248.11856079101562,1920,1080,833.8201904296875,211.64797973632812,931.754150390625,231.83387756347656,97.9339599609375,20.185897827148438,11.646555571776771,left,False,"{'safe_roi': (450, 80, 1500, 420), 'cylinder_roi': (800, 190, 1000, 300)}",ok_cylinder_inside_confirmed
2026-09-20 09:21:46,2026-09-20,19079919,29585,21,98.32056427001953,,32.268829345703125,0.7653156518936157,827.5503540039062,195.42510986328125,1001.5377807617188,297.4275207519531,173.9874267578125,102.00241088867188,17747.136993613094,914.5440673828125,246.4263153076172,1920,1080,834.4022827148438,212.75030517578125,931.179443359375,230.10293579101562,96.77716064453125,17.352630615234375,10.165399229964626,left,False,"{'safe_roi': (450, 80, 1500, 420), 'cylinder_roi': (800, 190, 1000, 300)}",ok_cylinder_inside_confirmed
2026-09-20 09:21:51,2026-09-20,19079997,29585,21,101.4513168334961,,35.59100341796875,0.7750651836395264,826.1875,197.6825408935547,1005.8468017578125,297.92767333984375,179.6593017578125,100.24513244628906,18009.970499919727,916.0171508789062,247.80511474609375,1920,1080,835.084228515625,213.21981811523438,934.9278564453125,231.209228515625,99.8436279296875,17.989410400390625,10.213732613488745,left,False,"{'safe_roi': (450, 80, 1500, 420), 'cylinder_roi': (800, 190, 1000, 300)}",ok_cylinder_inside_confirmed
2026-09-20 09:21:56,2026-09-20,19080076,29585,21,105.34737396240234,,39.134063720703125,0.7555910348892212,818.0045776367188,197.55831909179688,996.0130004882812,299.8408203125,178.0084228515625,102.28250122070312,18207.14672761038,907.0087890625,248.69956970214844,1920,1080,823.711181640625,218.53445434570312,928.4166259765625,230.146484375,104.7054443359375,11.612030029296875,6.328349289388839,left,False,"{'safe_roi': (450, 80, 1500, 420), 'cylinder_roi': (800, 190, 1000, 300)}",ok_cylinder_inside_confirmed
2026-09-20 09:22:01,2026-09-20,19080151,29585,21,106.7390365600586,,40.07353210449219,0.7472971677780151,817.2117919921875,197.37322998046875,994.8477783203125,299.6024475097656,177.635986328125,102.22921752929688,18159.587887369096,906.02978515625,248.4878387451172,1920,1080,823.5930786132812,220.95005798339844,929.846435546875,231.12088012695312,106.25335693359375,10.170822143554688,5.4678277260514285,left,False,"{'safe_roi': (450, 80, 1500, 420), 'cylinder_roi': (800, 190, 1000, 300)}",ok_cylinder_inside_confirmed
2026-09-20 09:22:06,2026-09-20,19080225,29585,21,106.2793960571289,,40.27555847167969,0.7837790250778198,819.5759887695312,197.51124572753906,998.9856567382812,300.69403076171875,179.40966796875,103.18278503417969,18511.989203073084,909.2808227539062,249.10263061523438,1920,1080,825.2987060546875,220.23849487304688,931.1268310546875,230.02203369140625,105.828125,9.783538818359375,5.281834935876343,left,False,"{'safe_roi': (450, 80, 1500, 420), 'cylinder_roi': (800, 190, 1000, 300)}",ok_cylinder_inside_confirmed
2026-09-20 09:22:11,2026-09-20,19080301,29585,21,106.91625213623047,,38.8125,0.7822648882865906,816.3849487304688,197.6568145751953,997.1455688476562,299.899169921875,180.7606201171875,102.24235534667969,18481.39155470766,906.7652587890625,248.77798461914062,1920,1080,824.3592529296875,220.11984252929688,930.6666259765625,231.5140380859375,106.307373046875,11.394195556640625,6.117698817225475,left,False,"{'safe_roi': (450, 80, 1500, 420), 'cylinder_roi': (800, 190, 1000, 300)}",ok_cylinder_inside_confirmed
2026-09-20 09:22:16,2026-09-20,19080378,29585,21,107.37474822998047,,39.883544921875,0.7760950326919556,818.5519409179688,195.82876586914062,1001.8663940429688,300.34661865234375,183.314453125,104.51785278320312,19159.63302475214,910.2091674804688,248.0876922607422,1920,1080,824.6823120117188,217.54856872558594,931.3023071289062,230.25733947753906,106.6199951171875,12.708770751953125,6.797406934669398,left,False,"{'safe_roi': (450, 80, 1500, 420), 'cylinder_roi': (800, 190, 1000, 300)}",ok_cylinder_inside_confirmed
2026-09-20 09:22:21,2026-09-20,19080450,29585,21,106.52753448486328,,40.11262512207031,0.7782887816429138,816.980224609375,197.10824584960938,1002.81640625,301.1836242675781,185.836181640625,104.07537841796875,19340.970927998424,909.8983154296875,249.14593505859375,1920,1080,824.0563354492188,218.72036743164062,930.0308227539062,229.56118774414062,105.9744873046875,10.8408203125,5.840840912812266,left,False,"{'safe_roi': (450, 80, 1500, 420), 'cylinder_roi': (800, 190, 1000, 300)}",ok_cylinder_inside_confirmed
2026-09-20 09:22:26,2026-09-20,19080522,29585,21,106.79391479492188,,40.21839904785156,0.7721819877624512,816.900390625,196.9474639892578,1001.267333984375,299.3877258300781,184.366943359375,102.44026184082031,18886.597952526063,909.0838623046875,248.1676025390625,1920,1080,824.6751098632812,219.3361053466797,930.9421997070312,229.93075561523438,106.26708984375,10.594650268554688,5.693478742458281,left,False,"{'safe_roi': (450, 80, 1500, 420), 'cylinder_roi': (800, 190, 1000, 300)}",ok_cylinder_inside_confirmed
2026-09-20 09:22:31,2026-09-20,19080595,29585,21,110.35552215576172,,43.76890563964844,0.7622649073600769,817.5028686523438,197.34922790527344,1007.5237426757812,299.8994445800781,190.0208740234375,102.55021667480469,19486.68180383928,912.5133056640625,248.62432861328125,1920,1080,825.1459350585938,216.9359130859375,934.9254150390625,228.19674682617188,109.77947998046875,11.260833740234375,5.85673660831808,left,False,"{'safe_roi': (450, 80, 1500, 420), 'cylinder_roi': (800, 190, 1000, 300)}",ok_cylinder_inside_confirmed
2026-09-20 09:22:36,2026-09-20,19080672,29585,21,106.5925064086914,,38.73506164550781,0.7047670483589172,816.83251953125,197.691650390625,1011.1849365234375,299.18096923828125,194.3524169921875,101.48931884765625,19724.69441693276,914.0087280273438,248.43630981445312,1920,1080,826.090576171875,213.92530822753906,931.9151611328125,226.6971435546875,105.8245849609375,12.771835327148438,6.881671684936738,left,False,"{'safe_roi': (450, 80, 1500, 420), 'cylinder_roi': (800, 190, 1000, 300)}",ok_cylinder_inside_confirmed
2026-09-20 10:21:11,2026-09-20,19134988,29614,22,95.69489288330078,,26.008087158203125,0.7575730681419373,852.685546875,197.60992431640625,1011.3505859375,312.5509948730469,158.6650390625,114.94107055664062,18237.129449754953,932.01806640625,255.08045959472656,1920,1080,857.2181396484375,215.84371948242188,951.5166625976562,232.13180541992188,94.29852294921875,16.2880859375,9.799942623752742,left,False,"{'safe_roi': (450, 80, 1500, 420), 'cylinder_roi': (800, 190, 1000, 300)}",ok_cylinder_inside_confirmed
2026-09-20 10:21:16,2026-09-20,19135059,29614,22,85.9164047241211,,31.270294189453125,0.6865046620368958,850.807373046875,195.19656372070312,1006.120361328125,311.9374694824219,155.31298828125,116.74090576171875,18131.378928512335,928.4638671875,253.5670166015625,1920,1080,860.3079833984375,217.35250854492188,945.344970703125,229.61380004882812,85.0369873046875,12.26129150390625,8.204801567282686,left,False,"{'safe_roi': (450, 80, 1500, 420), 'cylinder_roi': (800, 190, 1000, 300)}",ok_cylinder_inside_confirmed
2026-09-20 10:21:26,2026-09-20,19135201,29614,22,90.38818359375,,23.932708740234375,0.734588086605072,853.7691650390625,195.23074340820312,1008.5321044921875,309.597412109375,154.762939453125,114.36666870117188,17699.72182365507,931.150634765625,252.41407775878906,1920,1080,857.113525390625,215.2594757080078,946.150390625,230.83062744140625,89.036865234375,15.571151733398438,9.919814418400955,left,False,"{'safe_roi': (450, 80, 1500, 420), 'cylinder_roi': (800, 190, 1000, 300)}",ok_cylinder_inside_confirmed
2026-09-20 10:21:31,2026-09-20,19135278,29614,22,86.69622802734375,,30.97564697265625,0.6492545008659363,850.2623291015625,196.38925170898438,1005.746337890625,314.1004638671875,155.4840087890625,117.71121215820312,18302.211145777255,928.0043334960938,255.24485778808594,1920,1080,858.8289794921875,216.77268981933594,943.9492797851562,233.227783203125,85.12030029296875,16.455093383789062,10.941213406075816,left,False,"{'safe_roi': (450, 80, 1500, 420), 'cylinder_roi': (800, 190, 1000, 300)}",ok_cylinder_inside_confirmed
2026-09-20 10:21:36,2026-09-20,19135354,29614,22,87.6434097290039,,35.87152099609375,0.748786211013794,849.8956909179688,196.71054077148438,1005.9342651367188,313.7001037597656,156.03857421875,116.98956298828125,18254.884607166052,927.9149780273438,255.205322265625,1920,1080,855.0986328125,215.9406280517578,941.5120849609375,230.57220458984375,86.4134521484375,14.631576538085938,9.610207043466255,left,False,"{'safe_roi': (450, 80, 1500, 420), 'cylinder_roi': (800, 190, 1000, 300)}",ok_cylinder_inside_confirmed
2026-09-20 10:21:41,2026-09-20,19135427,29614,22,88.16141510009766,,23.9244384765625,0.7229233980178833,850.6265258789062,195.90771484375,1007.7734985351562,313.9127502441406,157.14697265625,118.00503540039062,18544.134071365,929.2000122070312,254.9102325439453,1920,1080,857.8185424804688,211.19822692871094,943.9215698242188,230.13771057128906,86.10302734375,18.939483642578125,12.405398619097264,left,False,"{'safe_roi': (450, 80, 1500, 420), 'cylinder_roi': (800, 190, 1000, 300)}",ok_cylinder_inside_confirmed
2026-09-20 10:21:46,2026-09-20,19135500,29614,22,88.34689331054688,,24.950653076171875,0.7306826710700989,851.9083251953125,193.9490203857422,1007.771484375,312.96630859375,155.8631591796875,119.01728820800781,18550.410537099466,929.8399047851562,253.45767211914062,1920,1080,858.2125244140625,213.86312866210938,944.9243774414062,230.78140258789062,86.71185302734375,16.91827392578125,11.040232341629089,left,False,"{'safe_roi': (450, 80, 1500, 420), 'cylinder_roi': (800, 190, 1000, 300)}",ok_cylinder_inside_confirmed
2026-09-20 10:21:57,2026-09-20,19135658,29614,22,88.51117706298828,,24.657363891601562,0.7346630692481995,851.3441162109375,195.91799926757812,1007.1246337890625,314.7301025390625,155.780517578125,118.81210327148438,18508.610942177474,929.234375,255.3240509033203,1920,1080,859.2017822265625,212.78443908691406,945.7249755859375,231.4382781982422,86.523193359375,18.653839111328125,12.166379463218234,left,False,"{'safe_roi': (450, 80, 1500, 420), 'cylinder_roi': (800, 190, 1000, 300)}",ok_cylinder_inside_confirmed
2026-09-20 10:22:02,2026-09-20,19135731,29614,22,89.53326416015625,,25.70050048828125,0.7410191297531128,851.1011962890625,197.07679748535156,1006.0654296875,309.8427429199219,154.9642333984375,112.76594543457031,17474.68828771822,928.5833129882812,253.45977783203125,1920,1080,857.3681640625,215.91534423828125,945.2725830078125,232.9158935546875,87.9044189453125,17.00054931640625,10.945763591412474,left,False,"{'safe_roi': (450, 80, 1500, 420), 'cylinder_roi': (800, 190, 1000, 300)}",ok_cylinder_inside_confirmed
2026-09-20 10:22:07,2026-09-20,19135805,29614,22,80.32547760009766,,34.171600341796875,0.7453357577323914,852.3928833007812,198.17037963867188,1005.6109008789062,311.6424255371094,153.218017578125,113.4720458984375,17385.961923092604,929.0018920898438,254.90640258789062,1920,1080,862.4172973632812,219.814208984375,942.430419921875,226.89114379882812,80.01312255859375,7.076934814453125,5.05449705591426,left,False,"{'safe_roi': (450, 80, 1500, 420), 'cylinder_roi': (800, 190, 1000, 300)}",ok_cylinder_inside_confirmed
2026-09-20 10:22:12,2026-09-20,19135878,29614,22,87.31476593017578,,25.890167236328125,0.7535720467567444,851.9132080078125,198.42095947265625,1005.139892578125,311.2378845214844,153.2266845703125,112.81692504882812,17286.563388649374,928.5265502929688,254.8294219970703,1920,1080,857.5928955078125,215.74569702148438,942.265380859375,237.06326293945312,84.6724853515625,21.31756591796875,14.131380771077607,left,False,"{'safe_roi': (450, 80, 1500, 420), 'cylinder_roi': (800, 190, 1000, 300)}",ok_cylinder_inside_confirmed
2026-09-20 10:22:17,2026-09-20,19135951,29614,22,88.57638549804688,,25.424392700195312,0.7419419884681702,850.5460205078125,198.01712036132812,1006.432861328125,311.4546813964844,155.8868408203125,113.43756103515625,17683.423020131886,928.4894409179688,254.73590087890625,1920,1080,856.1343994140625,216.63482666015625,942.7547607421875,235.14669799804688,86.620361328125,18.511871337890625,12.063363496091709,left,False,"{'safe_roi': (450, 80, 1500, 420), 'cylinder_roi': (800, 190, 1000, 300)}",ok_cylinder_inside_confirmed
2026-09-20 10:22:22,2026-09-20,19136025,29614,22,86.4714126586914,,24.417221069335938,0.7418699264526367,849.7181396484375,198.70826721191406,1004.9837646484375,310.03857421875,155.265625,111.33030700683594,17285.76969885826,927.3509521484375,254.3734130859375,1920,1080,857.8001098632812,217.79351806640625,942.4490966796875,235.4529266357422,84.64898681640625,17.659408569335938,11.783988690237926,left,False,"{'safe_roi': (450, 80, 1500, 420), 'cylinder_roi': (800, 190, 1000, 300)}",ok_cylinder_inside_confirmed
2026-09-20 10:22:27,2026-09-20,19136098,29614,22,89.28315734863281,,24.989471435546875,0.7388099431991577,848.868408203125,198.62844848632812,1004.492919921875,308.65655517578125,155.62451171875,110.02810668945312,17123.070378884673,926.6806640625,253.6425018310547,1920,1080,853.919677734375,217.01516723632812,941.0150146484375,236.65911865234375,87.0953369140625,19.643951416015625,12.710122633299395,left,False,"{'safe_roi': (450, 80, 1500, 420), 'cylinder_roi': (800, 190, 1000, 300)}",ok_cylinder_inside_confirmed
2026-09-20 10:22:32,2026-09-20,19136172,29614,22,92.76907348632812,,26.335617065429688,0.7584389448165894,846.3111572265625,198.4535369873047,1005.5738525390625,306.6976318359375,159.2626953125,108.24409484863281,17239.24629725516,925.9425048828125,252.57559204101562,1920,1080,850.9627685546875,220.38563537597656,942.118408203125,237.612060546875,91.1556396484375,17.226425170898438,10.701449377752951,left,False,"{'safe_roi': (450, 80, 1500, 420), 'cylinder_roi': (800, 190, 1000, 300)}",ok_cylinder_inside_confirmed
2026-09-20 10:30:08,2026-09-20,19142912,29614,23,112.04681396484375,,33.19560241699219,0.757329523563385,814.2178955078125,194.3411102294922,1010.119140625,300.1119384765625,195.9012451171875,105.77082824707031,20720.63695067726,912.1685180664062,247.22653198242188,1920,1080,822.0510864257812,225.1995849609375,933.88623046875,232.08360290527344,111.83514404296875,6.8840179443359375,3.5224002701811146,left,False,"{'safe_roi': (450, 80, 1500, 420), 'cylinder_roi': (800, 190, 1000, 300)}",ok_cylinder_inside_confirmed
2026-09-20 10:30:37,2026-09-20,19143335,29614,24,88.38526153564453,,39.55281066894531,0.5034356713294983,815.7306518554688,199.20343017578125,989.8389282226562,301.03179931640625,174.1082763671875,101.828369140625,17729.161836355925,902.7847900390625,250.11761474609375,1920,1080,844.1265869140625,219.55621337890625,930.6885986328125,237.41603088378906,86.56201171875,17.859817504882812,11.657905507195844,left,False,"{'safe_roi': (450, 80, 1500, 420), 'cylinder_roi': (800, 190, 1000, 300)}",ok_cylinder_inside_confirmed
2026-09-20 10:30:43,2026-09-20,19143406,29614,24,91.39244842529297,,37.5841064453125,0.3855176568031311,816.6795654296875,197.52708435058594,987.7628173828125,298.6083984375,171.083251953125,101.08131408691406,17293.319925684482,902.22119140625,248.0677490234375,1920,1080,842.555419921875,227.1392822265625,933.3770751953125,237.337646484375,90.8216552734375,10.1983642578125,6.406905083524295,left,False,"{'safe_roi': (450, 80, 1500, 420), 'cylinder_roi': (800, 190, 1000, 300)}",ok_cylinder_inside_confirmed
2026-09-20 10:30:48,2026-09-20,19143479,29614,24,104.27528381347656,,38.099395751953125,0.706097424030304,814.82958984375,197.3875274658203,989.439208984375,299.0004577636719,174.609619140625,101.61293029785156,17742.595059070736,902.1343994140625,248.19400024414062,1920,1080,823.6134033203125,215.82162475585938,926.2886962890625,234.01828002929688,102.67529296875,18.1966552734375,10.049907876363665,left,False,"{'safe_roi': (450, 80, 1500, 420), 'cylinder_roi': (800, 190, 1000, 300)}",ok_cylinder_inside_confirmed
2026-09-20 10:30:53,2026-09-20,19143552,29614,24,101.25519561767578,,41.14152526855469,0.748999834060669,812.0218505859375,197.8951873779297,990.5128173828125,299.48486328125,178.490966796875,101.58967590332031,18132.839468564838,901.267333984375,248.69003295898438,1920,1080,824.5252685546875,215.609375,924.9253540039062,228.74093627929688,100.40008544921875,13.131561279296875,7.451550397363279,left,False,"{'safe_roi': (450, 80, 1500, 420), 'cylinder_roi': (800, 190, 1000, 300)}",ok_cylinder_inside_confirmed
2026-09-20 10:30:58,2026-09-20,19143627,29614,24,123.46876525878906,,43.809356689453125,0.783250093460083,795.05810546875,193.03855895996094,992.6282958984375,297.45819091796875,197.5701904296875,104.41963195800781,20630.206570541486,893.8432006835938,245.24838256835938,1920,1080,800.0308837890625,210.4150848388672,923.0848388671875,220.52743530273438,123.053955078125,10.112350463867188,4.697906657873198,left,False,"{'safe_roi': (450, 80, 1500, 420), 'cylinder_roi': (800, 190, 1000, 300)}",ok_cylinder_inside_confirmed
2026-09-20 10:53:27,2026-09-20,19163604,29614,25,110.11843872070312,,40.54399108886719,0.7606249451637268,813.3197631835938,198.10379028320312,992.6043090820312,298.7358703613281,179.2845458984375,100.632080078125,18041.77677962184,902.9620361328125,248.41983032226562,1920,1080,819.5486450195312,222.18099975585938,928.9520263671875,234.70980834960938,109.40338134765625,12.52880859375,6.533017468501087,left,False,"{'safe_roi': (450, 80, 1500, 420), 'cylinder_roi': (800, 190, 1000, 300)}",ok_cylinder_inside_confirmed
2026-09-20 10:53:32,2026-09-20,19163677,29614,25,103.55219268798828,,41.799652099609375,0.7186939120292664,815.3460083007812,198.72543334960938,986.9740600585938,298.86151123046875,171.6280517578125,100.13607788085938,17186.159957360476,901.1600341796875,248.79347229003906,1920,1080,825.2501220703125,220.39242553710938,927.947998046875,233.66659545898438,102.6978759765625,13.274169921875,7.3649080107788585,left,False,"{'safe_roi': (450, 80, 1500, 420), 'cylinder_roi': (800, 190, 1000, 300)}",ok_cylinder_inside_confirmed
2026-09-20 10:53:37,2026-09-20,19163751,29614,25,108.34349060058594,,34.502960205078125,0.5427480340003967,814.4278564453125,198.3619384765625,989.1041259765625,298.843505859375,174.67626953125,100.4815673828125,17551.745347082615,901.7659912109375,248.60272216796875,1920,1080,821.697021484375,221.74644470214844,929.1425170898438,235.6668243408203,107.44549560546875,13.920379638671875,7.381983850028687,left,False,"{'safe_roi': (450, 80, 1500, 420), 'cylinder_roi': (800, 190, 1000, 300)}",ok_cylinder_inside_confirmed
2026-09-20 10:53:42,2026-09-20,19163826,29614,25,107.85576629638672,,36.77165222167969,0.522514820098877,815.2520751953125,197.7279510498047,988.9952392578125,296.37860107421875,173.7431640625,98.65065002441406,17139.876072064042,902.1236572265625,247.05328369140625,1920,1080,823.0736083984375,219.64532470703125,929.7613525390625,235.47540283203125,106.687744140625,15.830078125,8.439836393183477,left,False,"{'safe_roi': (450, 80, 1500, 420), 'cylinder_roi': (800, 190, 1000, 300)}",ok_cylinder_inside_confirmed
2026-09-20 10:53:47,2026-09-20,19163901,29614,25,106.32044982910156,,38.689849853515625,0.7025310397148132,814.8416137695312,197.93600463867188,992.0036010742188,296.23516845703125,177.1619873046875,98.29916381835938,17414.87521244958,903.422607421875,247.08558654785156,1920,1080,822.8812255859375,217.85263061523438,928.154296875,232.73948669433594,105.2730712890625,14.886856079101562,8.048931019922549,left,False,"{'safe_roi': (450, 80, 1500, 420), 'cylinder_roi': (800, 190, 1000, 300)}",ok_cylinder_inside_confirmed
2026-09-20 10:53:52,2026-09-20,19163973,29614,25,111.18611907958984,,38.88133239746094,0.6173728704452515,814.9345703125,197.5771026611328,995.110595703125,296.6226806640625,180.176025390625,99.04557800292969,17845.63857708499,905.0225830078125,247.09988403320312,1920,1080,818.3926391601562,220.2247314453125,929.18505859375,229.57310485839844,110.79241943359375,9.348373413085938,4.82304311623282,left,False,"{'safe_roi': (450, 80, 1500, 420), 'cylinder_roi': (800, 190, 1000, 300)}",ok_cylinder_inside_confirmed
2026-09-20 11:04:09,2026-09-20,19173078,29614,26,112.27555084228516,,35.130706787109375,0.5806147456169128,811.2293701171875,197.37576293945312,991.912109375,296.82672119140625,180.6827392578125,99.45095825195312,17969.071558777243,901.5707397460938,247.1012420654297,1920,1080,819.4777221679688,216.05899047851562,930.175048828125,234.81802368164062,110.69732666015625,18.759033203125,9.618104900870726,left,False,"{'safe_roi': (450, 80, 1500, 420), 'cylinder_roi': (800, 190, 1000, 300)}",ok_cylinder_inside_confirmed
2026-09-20 11:13:44,2026-09-20,19181539,29614,27,117.55425262451172,,37.40525817871094,0.767809271812439,807.3499145507812,199.19515991210938,1007.8097534179688,301.8740539550781,200.4598388671875,102.67889404296875,20582.994554914534,907.579833984375,250.53460693359375,1920,1080,814.4073486328125,223.74258422851562,931.9135131835938,227.10470581054688,117.50616455078125,3.36212158203125,1.6389168648300325,left,False,"{'safe_roi': (450, 80, 1500, 420), 'cylinder_roi': (800, 190, 1000, 300)}",ok_cylinder_inside_confirmed
2026-09-20 11:13:54,2026-09-20,19181671,29614,27,119.7666244506836,,38.09284973144531,0.7129266262054443,806.552490234375,196.01405334472656,1009.8199462890625,302.52142333984375,203.2674560546875,106.50736999511719,21649.482149982825,908.1862182617188,249.26773071289062,1920,1080,811.1347045898438,220.05355834960938,930.8974609375,221.01583862304688,119.76275634765625,0.9622802734375,0.4603552357857522,left,False,"{'safe_roi': (450, 80, 1500, 420), 'cylinder_roi': (800, 190, 1000, 300)}",ok_cylinder_inside_confirmed
2026-09-20 11:14:02,2026-09-20,19181800,29614,27,119.01370239257812,,40.36376953125,0.7346341013908386,806.7640991210938,198.5945281982422,996.8942260742188,299.6011962890625,190.130126953125,101.00666809082031,19204.410627219826,901.8291625976562,249.09786987304688,1920,1080,810.9642333984375,223.6123046875,929.6257934570312,232.7607879638672,118.66156005859375,9.148483276367188,4.408627493985724,left,False,"{'safe_roi': (450, 80, 1500, 420), 'cylinder_roi': (800, 190, 1000, 300)}",ok_cylinder_inside_confirmed
2026-09-20 11:14:08,2026-09-20,19181873,29614,27,93.85008239746094,,39.58546447753906,0.6490356922149658,811.086669921875,198.62591552734375,987.365234375,299.48687744140625,176.278564453125,100.8609619140625,17779.625575572252,899.2259521484375,249.056396484375,1920,1080,830.26806640625,218.9203643798828,923.2689208984375,231.51715087890625,93.0008544921875,12.596786499023438,7.713659434376719,left,False,"{'safe_roi': (450, 80, 1500, 420), 'cylinder_roi': (800, 190, 1000, 300)}",ok_cylinder_inside_confirmed
2026-09-20 11:14:13,2026-09-20,19181945,29614,27,91.89090728759766,,38.45103454589844,0.5846521854400635,812.0531616210938,198.40647888183594,987.6655883789062,299.75262451171875,175.6124267578125,101.34614562988281,17797.642576614395,899.859375,249.07955932617188,1920,1080,838.6019897460938,221.49935913085938,929.90869140625,231.84461975097656,91.30670166015625,10.345260620117188,6.464177378341619,left,False,"{'safe_roi': (450, 80, 1500, 420), 'cylinder_roi': (800, 190, 1000, 300)}",ok_cylinder_inside_confirmed
2026-09-20 11:14:18,2026-09-20,19182022,29614,27,112.95793151855469,,37.569671630859375,0.7322349548339844,814.1235961914062,200.20364379882812,1001.6132202148438,302.05029296875,187.4896240234375,101.84664916992188,19095.189960915595,907.868408203125,251.12696838378906,1920,1080,819.883056640625,216.74606323242188,932.072265625,229.90187072753906,112.189208984375,13.155807495117188,6.688214062518783,left,False,"{'safe_roi': (450, 80, 1500, 420), 'cylinder_roi': (800, 190, 1000, 300)}",ok_cylinder_inside_confirmed
2026-09-20 11:14:23,2026-09-20,19182099,29614,27,116.08775329589844,,40.939056396484375,0.7775099873542786,810.7011108398438,199.3190155029297,997.3031616210938,300.72479248046875,186.60205078125,101.40577697753906,18922.525945074856,904.0021362304688,250.02191162109375,1920,1080,816.3292236328125,218.676513671875,931.5516357421875,232.8243865966797,115.222412109375,14.147872924804688,7.000166385592221,left,False,"{'safe_roi': (450, 80, 1500, 420), 'cylinder_roi': (800, 190, 1000, 300)}",ok_cylinder_inside_confirmed
2026-09-20 11:14:28,2026-09-20,19182174,29614,27,97.73851013183594,,37.948577880859375,0.6231222748756409,812.6267700195312,199.53814697265625,992.2077026367188,301.75543212890625,179.5809326171875,102.21728515625,18356.27539795637,902.417236328125,250.64678955078125,1920,1080,829.84521484375,225.6374969482422,927.097900390625,235.37051391601562,97.252685546875,9.733016967773438,5.715112831109096,left,False,"{'safe_roi': (450, 80, 1500, 420), 'cylinder_roi': (800, 190, 1000, 300)}",ok_cylinder_inside_confirmed
2026-09-20 11:14:34,2026-09-20,19182266,29614,27,102.9017105102539,,39.268890380859375,0.6682344675064087,811.5053100585938,198.8373565673828,986.9144897460938,300.086669921875,175.4091796875,101.24931335449219,17760.058999434114,899.2098999023438,249.46200561523438,1920,1080,823.2727661132812,217.59886169433594,924.6015014648438,235.52227783203125,101.3287353515625,17.923416137695312,10.03094084250087,left,False,"{'safe_roi': (450, 80, 1500, 420), 'cylinder_roi': (800, 190, 1000, 300)}",ok_cylinder_inside_confirmed
2026-09-20 11:14:39,2026-09-20,19182343,29614,27,108.15044403076172,,39.9793701171875,0.6103057861328125,813.0995483398438,199.20809936523438,988.3300170898438,300.6070556640625,175.23046875,101.39895629882812,17768.186643004417,900.7147827148438,249.90757751464844,1920,1080,819.05517578125,217.0003204345703,925.897705078125,233.76910400390625,106.842529296875,16.768783569335938,8.919726929998314,left,False,"{'safe_roi': (450, 80, 1500, 420), 'cylinder_roi': (800, 190, 1000, 300)}",ok_cylinder_inside_confirmed
2026-09-20 11:14:45,2026-09-20,19182421,29614,27,105.174560546875,,39.32591247558594,0.6986048221588135,811.1270751953125,198.45208740234375,991.1982421875,300.6343688964844,180.0711669921875,102.18228149414062,18400.082674574107,901.1626586914062,249.54322814941406,1920,1080,822.4044799804688,222.9393310546875,926.9521484375,234.40553283691406,104.54766845703125,11.466201782226562,6.2588648087889025,left,False,"{'safe_roi': (450, 80, 1500, 420), 'cylinder_roi': (800, 190, 1000, 300)}",ok_cylinder_inside_confirmed
2026-09-20 11:14:50,2026-09-20,19182495,29614,27,107.41101837158203,,42.15519714355469,0.737638533115387,810.1336059570312,198.8286590576172,987.8923950195312,300.8115539550781,177.7587890625,101.98289489746094,18128.355902060866,899.0130004882812,249.82009887695312,1920,1080,822.0499877929688,219.38772583007812,928.423583984375,234.2801513671875,106.37359619140625,14.892425537109375,7.969674880842967,left,False,"{'safe_roi': (450, 80, 1500, 420), 'cylinder_roi': (800, 190, 1000, 300)}",ok_cylinder_inside_confirmed
2026-09-20 11:14:55,2026-09-20,19182572,29614,27,107.20970153808594,,41.11091613769531,0.6538993716239929,811.0286865234375,198.91246032714844,989.581298828125,300.5443115234375,178.5526123046875,101.63185119628906,18146.63252445869,900.3049926757812,249.7283935546875,1920,1080,824.623291015625,219.8919677734375,930.570068359375,236.29928588867188,105.94677734375,16.407318115234375,8.80311094955334,left,False,"{'safe_roi': (450, 80, 1500, 420), 'cylinder_roi': (800, 190, 1000, 300)}",ok_cylinder_inside_confirmed
2026-09-20 11:15:00,2026-09-20,19182648,29614,27,112.01917266845703,,40.6705322265625,0.7532733678817749,808.0115966796875,199.10958862304688,989.498291015625,300.7767639160156,181.4866943359375,101.66717529296875,18451.239566393197,898.7549438476562,249.94317626953125,1920,1080,818.5257568359375,218.81851196289062,929.4061279296875,234.75082397460938,110.88037109375,15.93231201171875,8.176816895472298,left,False,"{'safe_roi': (450, 80, 1500, 420), 'cylinder_roi': (800, 190, 1000, 300)}",ok_cylinder_inside_confirmed
2026-09-20 11:15:05,2026-09-20,19182724,29614,27,115.22138977050781,,41.53448486328125,0.7634977102279663,808.77685546875,199.3142852783203,991.0694580078125,300.9967956542969,182.2926025390625,101.68251037597656,18535.969449141994,899.9231567382812,250.15554809570312,1920,1080,815.8131103515625,219.0545654296875,930.0852661132812,233.8140869140625,114.27215576171875,14.759521484375,7.359642491180584,left,False,"{'safe_roi': (450, 80, 1500, 420), 'cylinder_roi': (800, 190, 1000, 300)}",ok_cylinder_inside_confirmed
2026-09-20 11:15:10,2026-09-20,19182798,29614,27,117.07518768310547,,41.20301818847656,0.7625444531440735,813.9115600585938,199.3263702392578,994.0938110351562,300.66534423828125,180.1822509765625,101.33897399902344,18259.484446799383,904.002685546875,249.995849609375,1920,1080,816.02880859375,221.03558349609375,932.593017578125,231.96188354492188,116.564208984375,10.926300048828125,5.355048091267366,left,False,"{'safe_roi': (450, 80, 1500, 420), 'cylinder_roi': (800, 190, 1000, 300)}",ok_cylinder_inside_confirmed
2026-09-20 11:15:15,2026-09-20,19182874,29614,27,114.47612762451172,,40.54228210449219,0.7648827433586121,812.565185546875,199.49456787109375,990.24609375,301.2325439453125,177.680908203125,101.73797607421875,18076.89598761499,901.4056396484375,250.36355590820312,1920,1080,817.04736328125,220.06369018554688,930.8990478515625,232.00430297851562,113.8516845703125,11.94061279296875,5.98721674227662,left,False,"{'safe_roi': (450, 80, 1500, 420), 'cylinder_roi': (800, 190, 1000, 300)}",ok_cylinder_inside_confirmed
2026-09-20 11:15:20,2026-09-20,19182951,29614,27,110.70940399169922,,41.64619445800781,0.7548415660858154,808.7000732421875,199.2631072998047,988.4993896484375,300.2864685058594,179.79931640625,101.02336120605469,18163.93128591031,898.5997314453125,249.7747802734375,1920,1080,817.56982421875,219.064453125,927.5147094726562,232.05270385742188,109.94488525390625,12.988250732421875,6.7373651733783815,left,False,"{'safe_roi': (450, 80, 1500, 420), 'cylinder_roi': (800, 190, 1000, 300)}",ok_cylinder_inside_confirmed
2026-09-20 11:15:27,2026-09-20,19183062,29614,27,107.74510955810547,,37.41517639160156,0.6779435276985168,805.1383666992188,200.011962890625,985.1316528320312,297.40576171875,179.9932861328125,97.393798828125,17530.229900032282,895.135009765625,248.7088623046875,1920,1080,811.474609375,213.76747131347656,918.2371826171875,228.2851104736328,106.7625732421875,14.51763916015625,7.743619398282607,left,False,"{'safe_roi': (450, 80, 1500, 420), 'cylinder_roi': (800, 190, 1000, 300)}",ok_cylinder_inside_confirmed
2026-09-20 11:15:32,2026-09-20,19183138,29614,27,113.08728790283203,,41.56492614746094,0.6670947074890137,805.0458984375,200.2200927734375,985.873046875,298.6629333496094,180.8271484375,98.44284057617188,17801.13814547658,895.45947265625,249.44151306152344,1920,1080,810.8505859375,216.04190063476562,922.9222412109375,231.16403198242188,112.0716552734375,15.12213134765625,7.684660902732556,left,False,"{'safe_roi': (450, 80, 1500, 420), 'cylinder_roi': (800, 190, 1000, 300)}",ok_cylinder_inside_confirmed
2026-09-20 11:15:37,2026-09-20,19183215,29614,27,111.91730499267578,,40.66912841796875,0.7589460611343384,805.3311767578125,199.44052124023438,986.43017578125,299.1282958984375,181.0989990234375,99.68777465820312,18053.356205474585,895.8806762695312,249.28440856933594,1920,1080,809.8604736328125,218.62606811523438,921.1064453125,230.86605834960938,111.2459716796875,12.239990234375,6.278791206657438,left,False,"{'safe_roi': (450, 80, 1500, 420), 'cylinder_roi': (800, 190, 1000, 300)}",ok_cylinder_inside_confirmed
2026-09-20 11:15:42,2026-09-20,19183290,29614,27,114.35340118408203,,39.85101318359375,0.7439794540405273,804.006591796875,198.98829650878906,988.6298828125,299.12939453125,184.623291015625,100.14109802246094,18488.379082825035,896.3182373046875,249.058837890625,1920,1080,808.0736694335938,218.34922790527344,921.664306640625,231.5350799560547,113.59063720703125,13.18585205078125,6.621385524720053,left,False,"{'safe_roi': (450, 80, 1500, 420), 'cylinder_roi': (800, 190, 1000, 300)}",ok_cylinder_inside_confirmed
2026-09-20 11:15:47,2026-09-20,19183367,29614,27,121.37251281738281,,34.358489990234375,0.7635491490364075,797.4740600585938,198.32327270507812,990.9483032226562,299.2948913574219,193.4742431640625,100.97161865234375,19535.407499812543,894.211181640625,248.80908203125,1920,1080,802.05712890625,206.1752166748047,922.585693359375,220.46336364746094,120.528564453125,14.28814697265625,6.760618775389132,left,False,"{'safe_roi': (450, 80, 1500, 420), 'cylinder_roi': (800, 190, 1000, 300)}",ok_cylinder_inside_confirmed
2026-09-20 11:15:53,2026-09-20,19183448,29614,27,94.00106811523438,,42.96441650390625,0.5625675320625305,796.6013793945312,198.08462524414062,981.9385375976562,297.97882080078125,185.337158203125,99.89419555664062,18514.10632545501,889.2699584960938,248.03172302246094,1920,1080,815.267578125,220.5316162109375,909.1273193359375,225.6842041015625,93.8597412109375,5.152587890625,3.1421939446119915,left,False,"{'safe_roi': (450, 80, 1500, 420), 'cylinder_roi': (800, 190, 1000, 300)}",ok_cylinder_inside_confirmed
2026-09-20 12:06:44,2026-09-20,19228731,29619,28,104.88573455810547,,41.13075256347656,0.8140794634819031,836.7706909179688,194.72242736816406,1005.4319458007812,310.4753723144531,168.6612548828125,115.75294494628906,19523.036951022223,921.101318359375,252.59890747070312,1920,1080,838.8978881835938,220.55836486816406,943.77783203125,221.66036987304688,104.87994384765625,1.1020050048828125,0.6020017744915084,left,False,"{'safe_roi': (450, 80, 1500, 420), 'cylinder_roi': (800, 190, 1000, 300)}",ok_cylinder_inside_confirmed
2026-09-20 12:06:49,2026-09-20,19228804,29619,28,98.00969696044922,,41.633026123046875,0.776486873626709,837.4638671875,196.01638793945312,1005.056640625,308.5191955566406,167.5927734375,112.5028076171875,18854.657548069954,921.26025390625,252.26779174804688,1920,1080,843.7440185546875,218.77630615234375,941.22607421875,228.93258666992188,97.4820556640625,10.156280517578125,5.947967639856251,left,False,"{'safe_roi': (450, 80, 1500, 420), 'cylinder_roi': (800, 190, 1000, 300)}",ok_cylinder_inside_confirmed
2026-09-20 12:06:54,2026-09-20,19228877,29619,28,88.19568634033203,,35.87452697753906,0.7075672745704651,836.1012573242188,198.80029296875,996.8038940429688,308.3496398925781,160.70263671875,109.54934692382812,17604.868901476264,916.4525756835938,253.57496643066406,1920,1080,848.7620849609375,215.91934204101562,935.72412109375,230.61912536621094,86.9620361328125,14.699783325195312,9.59439898360283,left,False,"{'safe_roi': (450, 80, 1500, 420), 'cylinder_roi': (800, 190, 1000, 300)}",ok_cylinder_inside_confirmed
2026-09-20 12:06:59,2026-09-20,19228951,29619,28,97.7364730834961,,39.38011169433594,0.7340400218963623,836.1856079101562,197.73092651367188,994.6959838867188,308.3905944824219,158.5103759765625,110.65966796875,17540.705575168133,915.4407958984375,253.06076049804688,1920,1080,841.4673461914062,217.54248046875,937.9859008789062,232.9238739013672,96.5185546875,15.381393432617188,9.054633150285758,left,False,"{'safe_roi': (450, 80, 1500, 420), 'cylinder_roi': (800, 190, 1000, 300)}",ok_cylinder_inside_confirmed
2026-09-20 12:07:04,2026-09-20,19229025,29619,28,94.03821563720703,,38.447906494140625,0.7577401399612427,835.5535888671875,198.01486206054688,998.340576171875,307.9136962890625,162.7869873046875,109.89883422851562,17890.10013235733,916.9470825195312,252.9642791748047,1920,1080,845.034912109375,214.83433532714844,937.4080810546875,232.4520263671875,92.3731689453125,17.617691040039062,10.797945176413979,left,False,"{'safe_roi': (450, 80, 1500, 420), 'cylinder_roi': (800, 190, 1000, 300)}",ok_cylinder_inside_confirmed
2026-09-20 12:07:09,2026-09-20,19229099,29619,28,89.7475814819336,,37.069244384765625,0.7145658135414124,838.1161499023438,196.67208862304688,999.3755493164062,309.54736328125,161.2593994140625,112.87527465820312,18202.199000079185,918.745849609375,253.10972595214844,1920,1080,844.2594604492188,215.29446411132812,932.7464599609375,230.2837677001953,88.48699951171875,14.989303588867188,9.6143820611584,left,False,"{'safe_roi': (450, 80, 1500, 420), 'cylinder_roi': (800, 190, 1000, 300)}",ok_cylinder_inside_confirmed
2026-09-20 12:07:14,2026-09-20,19229173,29619,28,89.92277526855469,,26.962982177734375,0.8055329918861389,838.079345703125,197.74752807617188,995.78466796875,309.32855224609375,157.705322265625,111.58102416992188,17596.92137544602,916.9320068359375,253.5380401611328,1920,1080,851.8516235351562,214.70278930664062,939.768798828125,233.58863830566406,87.91717529296875,18.885848999023438,12.12369916944083,left,False,"{'safe_roi': (450, 80, 1500, 420), 'cylinder_roi': (800, 190, 1000, 300)}",ok_cylinder_inside_confirmed
2026-09-20 12:07:20,2026-09-20,19229247,29619,28,94.01691436767578,,33.724151611328125,0.7322043776512146,834.2623291015625,199.19679260253906,996.31201171875,309.0653076171875,162.0496826171875,109.86851501464844,17804.15798774548,915.2871704101562,254.13104248046875,1920,1080,842.2431640625,223.79885864257812,935.12158203125,238.38583374023438,92.87841796875,14.58697509765625,8.925650506942246,left,False,"{'safe_roi': (450, 80, 1500, 420), 'cylinder_roi': (800, 190, 1000, 300)}",ok_cylinder_inside_confirmed
2026-09-20 12:07:25,2026-09-20,19229325,29619,28,99.47203063964844,,38.549713134765625,0.6827080249786377,833.96728515625,197.9729461669922,1001.1806640625,309.1763610839844,167.21337890625,111.20341491699219,18594.698754183948,917.573974609375,253.57464599609375,1920,1080,837.3267822265625,215.08721923828125,934.65625,235.62156677246094,97.3294677734375,20.534347534179688,11.913420744528176,left,False,"{'safe_roi': (450, 80, 1500, 420), 'cylinder_roi': (800, 190, 1000, 300)}",ok_cylinder_inside_confirmed
2026-09-20 12:07:30,2026-09-20,19229400,29619,28,95.7764892578125,,34.07841491699219,0.7312801480293274,832.9683227539062,199.37802124023438,1000.1666870117188,309.11688232421875,167.1983642578125,109.73886108398438,18348.158068757504,916.5675048828125,254.24745178222656,1920,1080,842.515625,215.0504150390625,936.9122314453125,231.24969482421875,94.3966064453125,16.19927978515625,9.7376047289933,left,False,"{'safe_roi': (450, 80, 1500, 420), 'cylinder_roi': (800, 190, 1000, 300)}",ok_cylinder_inside_confirmed
2026-09-20 12:07:35,2026-09-20,19229473,29619,28,106.49125671386719,,42.57151794433594,0.7311784029006958,830.8316650390625,200.0394287109375,998.4539794921875,310.1954345703125,167.622314453125,110.156005859375,18464.604653060436,914.642822265625,255.117431640625,1920,1080,830.2899169921875,215.99278259277344,935.4746704101562,232.62274169921875,105.18475341796875,16.629959106445312,8.984233533826512,left,False,"{'safe_roi': (450, 80, 1500, 420), 'cylinder_roi': (800, 190, 1000, 300)}",ok_cylinder_inside_confirmed
2026-09-20 12:07:40,2026-09-20,19229548,29619,28,96.18000030517578,,36.9886474609375,0.6693028807640076,832.9112548828125,197.99716186523438,1000.5205078125,308.5687561035156,167.6092529296875,110.57159423828125,18532.82230552286,916.7158813476562,253.282958984375,1920,1080,839.0189819335938,219.1321258544922,933.8565673828125,235.14540100097656,94.83758544921875,16.013275146484375,9.58396371549114,left,False,"{'safe_roi': (450, 80, 1500, 420), 'cylinder_roi': (800, 190, 1000, 300)}",ok_cylinder_inside_confirmed
2026-09-20 12:07:45,2026-09-20,19229622,29619,28,101.62248229980469,,39.29481506347656,0.7307920455932617,839.2122802734375,196.3974151611328,998.6805419921875,312.5767517089844,159.46826171875,116.17933654785156,18526.91684692353,918.9464111328125,254.48709106445312,1920,1080,842.1157836914062,216.05990600585938,943.0899658203125,227.5204315185547,100.97418212890625,11.460525512695312,6.4753353812463486,left,False,"{'safe_roi': (450, 80, 1500, 420), 'cylinder_roi': (800, 190, 1000, 300)}",ok_cylinder_inside_confirmed
2026-09-20 12:41:54,2026-09-20,19260164,29620,29,113.59169006347656,,32.761962890625,0.6987270712852478,802.1777954101562,199.1351318359375,992.1298217773438,296.35894775390625,189.9520263671875,97.22381591796875,18467.860844768584,897.15380859375,247.74703979492188,1920,1080,812.4353637695312,210.73074340820312,925.12841796875,224.99075317382812,112.69305419921875,14.260009765625,7.211793124056225,left,False,"{'safe_roi': (450, 80, 1500, 420), 'cylinder_roi': (800, 190, 1000, 300)}",ok_cylinder_inside_confirmed
2026-09-20 12:48:53,2026-09-20,19266417,29620,30,100.86705780029297,,31.378936767578125,0.7920506596565247,847.7890014648438,199.6516571044922,1015.2903442382812,313.1258544921875,167.5013427734375,113.47419738769531,19007.08043257706,931.5396728515625,256.3887634277344,1920,1080,849.988037109375,222.14120483398438,950.4334106445312,231.3548126220703,100.44537353515625,9.213607788085938,5.24093520505487,left,False,"{'safe_roi': (450, 80, 1500, 420), 'cylinder_roi': (800, 190, 1000, 300)}",ok_cylinder_inside_confirmed
2026-09-20 12:48:58,2026-09-20,19266496,29620,30,99.99176788330078,,30.254196166992188,0.7704588174819946,849.6864013671875,198.5000762939453,1014.30126953125,313.19573974609375,164.6148681640625,114.69566345214844,18880.611518165097,931.9938354492188,255.847900390625,1920,1080,851.9044189453125,222.3751220703125,951.126220703125,234.76007080078125,99.2218017578125,12.38494873046875,7.114908989533661,left,False,"{'safe_roi': (450, 80, 1500, 420), 'cylinder_roi': (800, 190, 1000, 300)}",ok_cylinder_inside_confirmed
2026-09-20 12:49:03,2026-09-20,19266572,29620,30,101.10413360595703,,29.838882446289062,0.7832615971565247,850.21923828125,199.8814239501953,1019.5159912109375,314.9149169921875,169.2967529296875,115.03349304199219,19474.796850169078,934.8676147460938,257.3981628417969,1920,1080,853.5711059570312,220.1437530517578,953.5723876953125,235.03634643554688,100.00128173828125,14.892593383789062,8.470463864389181,left,False,"{'safe_roi': (450, 80, 1500, 420), 'cylinder_roi': (800, 190, 1000, 300)}",ok_cylinder_inside_confirmed
2026-09-20 12:49:08,2026-09-20,19266649,29620,30,94.20806884765625,,22.850799560546875,0.7679128646850586,850.4229736328125,199.719970703125,1010.198486328125,311.16778564453125,159.7755126953125,111.44781494140625,17806.631771035492,930.3107299804688,255.44387817382812,1920,1080,854.5135498046875,220.7430419921875,947.4273071289062,236.30560302734375,92.91375732421875,15.56256103515625,9.5084760535854,left,False,"{'safe_roi': (450, 80, 1500, 420), 'cylinder_roi': (800, 190, 1000, 300)}",ok_cylinder_inside_confirmed
2026-09-20 12:49:13,2026-09-20,19266727,29620,30,89.83988189697266,,21.21484375,0.755402147769928,850.7607421875,200.21038818359375,1010.7655029296875,310.8583068847656,160.0047607421875,110.64791870117188,17704.19375840202,930.7631225585938,255.5343475341797,1920,1080,856.1691284179688,221.81512451171875,945.027587890625,235.05819702148438,88.85845947265625,13.243072509765625,8.476717004896416,left,False,"{'safe_roi': (450, 80, 1500, 420), 'cylinder_roi': (800, 190, 1000, 300)}",ok_cylinder_inside_confirmed
2026-09-20 12:49:18,2026-09-20,19266801,29620,30,95.4503402709961,,25.137435913085938,0.7857645153999329,850.7483520507812,199.98019409179688,1013.9833374023438,313.8464660644531,163.2349853515625,113.86627197265625,18586.959237493575,932.3658447265625,256.913330078125,1920,1080,854.6943359375,223.321044921875,949.5133666992188,234.28091430664062,94.81903076171875,10.959869384765625,6.593400986180806,left,False,"{'safe_roi': (450, 80, 1500, 420), 'cylinder_roi': (800, 190, 1000, 300)}",ok_cylinder_inside_confirmed
2026-09-20 12:49:23,2026-09-20,19266877,29620,30,102.3788070678711,,29.998992919921875,0.7920622825622559,851.5432739257812,199.2477264404297,1016.8377075195312,312.45068359375,165.29443359375,113.20295715332031,18711.81868379563,934.1904907226562,255.84921264648438,1920,1080,851.8245849609375,223.15133666992188,953.7649536132812,232.61610412597656,101.94036865234375,9.464767456054688,5.304483305100418,left,False,"{'safe_roi': (450, 80, 1500, 420), 'cylinder_roi': (800, 190, 1000, 300)}",ok_cylinder_inside_confirmed
2026-09-20 12:49:33,2026-09-20,19267030,29620,30,99.99913787841797,,34.94183349609375,0.5730371475219727,818.4454345703125,197.89694213867188,994.09326171875,297.66632080078125,175.6478271484375,99.76937866210938,17524.274577949196,906.2693481445312,247.78163146972656,1920,1080,832.1609497070312,225.83355712890625,932.1292724609375,223.35116577148438,99.96832275390625,2.482391357421875,1.422463844904674,left,False,"{'safe_roi': (450, 80, 1500, 420), 'cylinder_roi': (800, 190, 1000, 300)}",ok_cylinder_inside_confirmed
2026-09-20 12:49:45,2026-09-20,19267216,29620,30,102.19307708740234,,29.842910766601562,0.6140932440757751,817.2672119140625,199.2528533935547,987.997314453125,295.55859375,170.7301025390625,96.30574035644531,16442.288926156238,902.6322631835938,247.40573120117188,1920,1080,828.5855712890625,215.77767944335938,930.149169921875,227.10287475585938,101.5635986328125,11.3251953125,6.362676662232835,left,False,"{'safe_roi': (450, 80, 1500, 420), 'cylinder_roi': (800, 190, 1000, 300)}",ok_cylinder_inside_confirmed
2026-09-20 12:50:01,2026-09-20,19267464,29620,30,98.00784301757812,,28.662689208984375,0.629026472568512,818.0330810546875,197.9345703125,993.3253173828125,298.724609375,175.292236328125,100.7900390625,17667.7113468647,905.67919921875,248.32958984375,1920,1080,826.0523681640625,218.3888397216797,924.0489501953125,219.87457275390625,97.99658203125,1.4857330322265625,0.868598772002666,left,False,"{'safe_roi': (450, 80, 1500, 420), 'cylinder_roi': (800, 190, 1000, 300)}",ok_cylinder_inside_confirmed
2026-09-20 12:50:07,2026-09-20,19267543,29620,30,99.69947052001953,,28.653106689453125,0.6548596024513245,820.7741088867188,195.47772216796875,1001.3518676757812,298.46221923828125,180.5777587890625,102.9844970703125,18596.709670975804,911.06298828125,246.969970703125,1920,1080,826.4520263671875,223.59548950195312,926.144287109375,222.396728515625,99.6922607421875,1.198760986328125,0.688926447943708,left,False,"{'safe_roi': (450, 80, 1500, 420), 'cylinder_roi': (800, 190, 1000, 300)}",ok_cylinder_inside_confirmed
2026-09-20 14:56:05,2026-09-20,19381818,29626,31,102.99282836914062,,41.71672058105469,0.8095642924308777,823.6610717773438,198.0686798095703,1017.4412231445312,301.8263854980469,193.7801513671875,103.75770568847656,20106.18391382508,920.5511474609375,249.94754028320312,1920,1080,832.252685546875,229.14971923828125,935.2150268554688,231.65557861328125,102.96234130859375,2.505859375,1.3941682657406191,left,False,"{'safe_roi': (450, 80, 1500, 420), 'cylinder_roi': (800, 190, 1000, 300)}",ok_cylinder_inside_confirmed
2026-09-20 14:56:10,2026-09-20,19381893,29626,31,101.39702606201172,,37.819610595703125,0.8032956123352051,825.2914428710938,199.42950439453125,1016.3510131835938,304.9114685058594,191.0595703125,105.48196411132812,20153.338738828897,920.8212280273438,252.1704864501953,1920,1080,835.866455078125,227.86412048339844,936.9990844726562,235.18182373046875,101.13262939453125,7.3177032470703125,4.138566230240088,left,False,"{'safe_roi': (450, 80, 1500, 420), 'cylinder_roi': (800, 190, 1000, 300)}",ok_cylinder_inside_confirmed
2026-09-20 14:56:15,2026-09-20,19381968,29626,31,105.52391052246094,,42.63749694824219,0.8044072389602661,826.7587280273438,199.994384765625,1018.2742309570312,306.8255920410156,191.5155029296875,106.83120727539062,20459.832389932126,922.5164794921875,253.4099884033203,1920,1080,838.0951538085938,228.83102416992188,943.4307861328125,235.13189697265625,105.33563232421875,6.300872802734375,3.4231888475537584,left,False,"{'safe_roi': (450, 80, 1500, 420), 'cylinder_roi': (800, 190, 1000, 300)}",ok_cylinder_inside_confirmed
2026-09-20 14:56:20,2026-09-20,19382044,29626,31,106.4390640258789,,38.116790771484375,0.7813088893890381,834.2138061523438,201.3550567626953,1021.2603149414062,312.2920227050781,187.0465087890625,110.93696594238281,20750.372175173834,927.737060546875,256.82354736328125,1920,1080,841.0909423828125,233.21728515625,947.4908447265625,236.10446166992188,106.39990234375,2.887176513671875,1.5543477204587233,left,False,"{'safe_roi': (450, 80, 1500, 420), 'cylinder_roi': (800, 190, 1000, 300)}",ok_cylinder_inside_confirmed
2026-09-20 14:56:26,2026-09-20,19382130,29626,31,106.7956771850586,,34.4945068359375,0.7930169701576233,839.6868286132812,203.39297485351562,1023.0670776367188,315.9773254394531,183.3802490234375,112.5843505859375,20645.74624659121,931.376953125,259.6851501464844,1920,1080,845.440673828125,234.42596435546875,952.1054077148438,239.71292114257812,106.66473388671875,5.286956787109375,2.8376070781059526,left,False,"{'safe_roi': (450, 80, 1500, 420), 'cylinder_roi': (800, 190, 1000, 300)}",ok_cylinder_inside_confirmed
2026-09-20 14:58:49,2026-09-20,19384263,29626,32,107.30107116699219,,40.71900939941406,0.8150690793991089,817.026611328125,195.5103302001953,1009.952880859375,305.44476318359375,192.92626953125,109.93443298339844,21209.240048520267,913.48974609375,250.4775390625,1920,1080,828.8591918945312,223.1270751953125,936.1499633789062,224.61351013183594,107.290771484375,1.4864349365234375,0.7937402151518671,left,False,"{'safe_roi': (450, 80, 1500, 420), 'cylinder_roi': (800, 190, 1000, 300)}",ok_cylinder_inside_confirmed
2026-09-20 14:58:54,2026-09-20,19384341,29626,32,99.85281372070312,,40.360382080078125,0.7090726494789124,823.7290649414062,200.69236755371094,995.8320922851562,304.6019592285156,172.10302734375,103.90959167480469,17883.15529728681,909.7805786132812,252.64715576171875,1920,1080,833.6188354492188,223.23602294921875,932.8978271484375,233.92556762695312,99.27899169921875,10.689544677734375,6.145462377782411,left,False,"{'safe_roi': (450, 80, 1500, 420), 'cylinder_roi': (800, 190, 1000, 300)}",ok_cylinder_inside_confirmed
2026-09-20 14:58:59,2026-09-20,19384417,29626,32,104.0099105834961,,38.59033203125,0.6842331290245056,826.5219116210938,200.31944274902344,994.4075317382812,303.3857421875,167.8856201171875,103.06629943847656,17303.34959441237,910.4647216796875,251.85260009765625,1920,1080,830.400390625,216.81666564941406,932.2626953125,237.8436279296875,101.8623046875,21.026962280273438,11.663477329724715,left,False,"{'safe_roi': (450, 80, 1500, 420), 'cylinder_roi': (800, 190, 1000, 300)}",ok_cylinder_inside_confirmed
2026-09-20 14:59:04,2026-09-20,19384488,29626,32,104.91365814208984,,41.16522216796875,0.710291862487793,828.8003540039062,201.38726806640625,1002.2627563476562,308.57427978515625,173.46240234375,107.18701171875,18592.91655278206,915.5315551757812,254.98077392578125,1920,1080,834.57421875,220.8966064453125,938.2386474609375,237.03851318359375,103.6644287109375,16.14190673828125,8.850626199616325,left,False,"{'safe_roi': (450, 80, 1500, 420), 'cylinder_roi': (800, 190, 1000, 300)}",ok_cylinder_inside_confirmed
2026-09-20 14:59:09,2026-09-20,19384566,29626,32,97.8821029663086,,39.921142578125,0.7785425186157227,835.1741943359375,200.8217010498047,1010.2884521484375,309.03643798828125,175.1142578125,108.21473693847656,18949.94334335625,922.7313232421875,254.9290771484375,1920,1080,840.954345703125,226.927978515625,938.6383666992188,233.1520233154297,97.68402099609375,6.2240447998046875,3.645735336423816,left,False,"{'safe_roi': (450, 80, 1500, 420), 'cylinder_roi': (800, 190, 1000, 300)}",ok_cylinder_inside_confirmed
2026-09-20 14:59:14,2026-09-20,19384645,29626,32,95.03723907470703,,39.982269287109375,0.7622221112251282,837.6641235351562,200.89193725585938,1013.2074584960938,314.1820983886719,175.5433349609375,113.2901611328125,19887.332703515887,925.435791015625,257.5370178222656,1920,1080,848.9229736328125,226.3283233642578,943.68115234375,233.60601806640625,94.7581787109375,7.2776947021484375,4.391855223300294,left,False,"{'safe_roi': (450, 80, 1500, 420), 'cylinder_roi': (800, 190, 1000, 300)}",ok_cylinder_inside_confirmed
2026-09-20 14:59:19,2026-09-20,19384718,29626,32,99.15340423583984,,32.32127380371094,0.7489315867424011,837.7174682617188,200.56752014160156,1016.5765991210938,316.97454833984375,178.859130859375,116.40702819824219,20820.459889460355,927.1470336914062,258.7710266113281,1920,1080,848.225830078125,224.64598083496094,946.9149169921875,234.23040771484375,98.6890869140625,9.584426879882812,5.547020965350761,left,False,"{'safe_roi': (450, 80, 1500, 420), 'cylinder_roi': (800, 190, 1000, 300)}",ok_cylinder_inside_confirmed
2026-09-20 14:59:34,2026-09-20,19384938,29626,32,84.55006408691406,,33.91596984863281,0.7488235831260681,844.69921875,205.9687957763672,1005.403564453125,315.8058776855469,160.704345703125,109.83708190917969,17651.29638215527,925.0513916015625,260.8873291015625,1920,1080,860.737548828125,220.69252014160156,944.5055541992188,232.16574096679688,83.76800537109375,11.473220825195312,7.798946893674775,left,False,"{'safe_roi': (450, 80, 1500, 420), 'cylinder_roi': (800, 190, 1000, 300)}",ok_cylinder_inside_confirmed
2026-09-20 14:59:39,2026-09-20,19385015,29626,32,91.4883041381836,,36.498382568359375,0.7936887145042419,842.2760009765625,203.19337463378906,1007.2132568359375,316.29693603515625,164.937255859375,113.10356140136719,18654.99104546383,924.74462890625,259.7451477050781,1920,1080,858.421630859375,219.67706298828125,948.7059326171875,234.47080993652344,90.2843017578125,14.793746948242188,9.305639873653702,left,False,"{'safe_roi': (450, 80, 1500, 420), 'cylinder_roi': (800, 190, 1000, 300)}",ok_cylinder_inside_confirmed
2026-09-20 14:59:44,2026-09-20,19385091,29626,32,90.05007934570312,,35.27992248535156,0.7935808300971985,843.10595703125,202.95037841796875,1009.4993896484375,318.4649658203125,166.3934326171875,115.51458740234375,19220.8687152341,926.3026733398438,260.7076721191406,1920,1080,858.1200561523438,223.7664794921875,947.465576171875,235.00900268554688,89.34552001953125,11.242523193359375,7.171946794723333,left,False,"{'safe_roi': (450, 80, 1500, 420), 'cylinder_roi': (800, 190, 1000, 300)}",ok_cylinder_inside_confirmed
2026-09-20 14:59:49,2026-09-20,19385164,29626,32,91.02399444580078,,34.57145690917969,0.7824900150299072,844.3429565429688,202.84228515625,1014.3273315429688,316.3797607421875,169.984375,113.5374755859375,19299.596826553345,929.3351440429688,259.61102294921875,1920,1080,859.198974609375,224.3243865966797,949.597900390625,234.973388671875,90.39892578125,10.649002075195312,6.718485295929521,left,False,"{'safe_roi': (450, 80, 1500, 420), 'cylinder_roi': (800, 190, 1000, 300)}",ok_cylinder_inside_confirmed
2026-09-20 14:59:54,2026-09-20,19385240,29626,32,91.45039367675781,,36.62306213378906,0.7847362756729126,846.6354370117188,202.85594177246094,1017.4496459960938,317.5081787109375,170.814208984375,114.65223693847656,19584.231160935014,932.0425415039062,260.18206787109375,1920,1080,858.2724609375,230.12924194335938,949.538330078125,235.93572998046875,91.265869140625,5.806488037109375,3.6403474123049833,left,False,"{'safe_roi': (450, 80, 1500, 420), 'cylinder_roi': (800, 190, 1000, 300)}",ok_cylinder_inside_confirmed
2026-09-20 14:59:59,2026-09-20,19385313,29626,32,95.89395904541016,,33.00555419921875,0.7787692546844482,847.4922485351562,203.19790649414062,1017.5869750976562,315.0547180175781,170.0947265625,111.8568115234375,19026.2537702322,932.5396118164062,259.1263122558594,1920,1080,856.212890625,223.80422973632812,951.1300659179688,237.45635986328125,94.91717529296875,13.652130126953125,8.184834720388974,left,False,"{'safe_roi': (450, 80, 1500, 420), 'cylinder_roi': (800, 190, 1000, 300)}",ok_cylinder_inside_confirmed
2026-09-20 15:00:04,2026-09-20,19385389,29626,32,101.31678009033203,,34.3448486328125,0.7990710735321045,847.69921875,202.76992797851562,1022.741455078125,315.8011169433594,175.042236328125,113.03118896484375,19785.232091233134,935.2203369140625,259.2855224609375,1920,1080,853.4860229492188,228.1880340576172,954.4791870117188,236.2794647216797,100.9931640625,8.0914306640625,4.580673121404073,left,False,"{'safe_roi': (450, 80, 1500, 420), 'cylinder_roi': (800, 190, 1000, 300)}",ok_cylinder_inside_confirmed
2026-09-20 15:00:09,2026-09-20,19385464,29626,32,99.58872985839844,,34.32855224609375,0.7841066122055054,844.386474609375,203.69241333007812,1021.0174560546875,318.4427795410156,176.6309814453125,114.7503662109375,20268.469805046916,932.7019653320312,261.0675964355469,1920,1080,853.96826171875,233.76927185058594,953.3932495117188,239.47779846191406,99.42498779296875,5.708526611328125,3.2860530834405384,left,False,"{'safe_roi': (450, 80, 1500, 420), 'cylinder_roi': (800, 190, 1000, 300)}",ok_cylinder_inside_confirmed
2026-09-20 15:00:14,2026-09-20,19385541,29626,32,92.00174713134766,,35.8275146484375,0.8011817932128906,848.05126953125,202.8524169921875,1017.9937744140625,316.74566650390625,169.9425048828125,113.89324951171875,19355.304111264646,933.0225219726562,259.7990417480469,1920,1080,858.2842407226562,227.82516479492188,949.8568115234375,236.70132446289062,91.57257080078125,8.87615966796875,5.536403074851006,left,False,"{'safe_roi': (450, 80, 1500, 420), 'cylinder_roi': (800, 190, 1000, 300)}",ok_cylinder_inside_confirmed
2026-09-20 15:00:21,2026-09-20,19385636,29626,32,89.67684936523438,,33.08161926269531,0.7926924824714661,846.2255859375,203.0944061279297,1015.7991943359375,317.8934631347656,169.5736083984375,114.79905700683594,19466.8903373871,931.0123901367188,260.4939270019531,1920,1080,858.8587036132812,228.78897094726562,947.8870239257812,239.55447387695312,89.0283203125,10.7655029296875,6.894857449122436,left,False,"{'safe_roi': (450, 80, 1500, 420), 'cylinder_roi': (800, 190, 1000, 300)}",ok_cylinder_inside_confirmed
2026-09-20 15:00:26,2026-09-20,19385709,29626,32,88.8631820678711,,33.936798095703125,0.7854284644126892,843.183349609375,203.21725463867188,1014.5599365234375,316.3071594238281,171.3765869140625,113.08990478515625,19380.961896516383,928.8716430664062,259.76220703125,1920,1080,860.3857421875,228.08114624023438,948.6492309570312,238.38754272460938,88.26348876953125,10.306396484375,6.660182079457207,left,False,"{'safe_roi': (450, 80, 1500, 420), 'cylinder_roi': (800, 190, 1000, 300)}",ok_cylinder_inside_confirmed
2026-09-20 15:00:31,2026-09-20,19385781,29626,32,87.7548599243164,,33.59043884277344,0.7791410684585571,843.4002075195312,203.66761779785156,1013.5946655273438,317.1514892578125,170.1944580078125,113.48387145996094,19314.325995756313,928.4974365234375,260.4095458984375,1920,1080,861.1844482421875,226.6501007080078,948.28271484375,237.36489868164062,87.0982666015625,10.714797973632812,7.0132689890168045,left,False,"{'safe_roi': (450, 80, 1500, 420), 'cylinder_roi': (800, 190, 1000, 300)}",ok_cylinder_inside_confirmed
2026-09-20 15:00:36,2026-09-20,19385856,29626,32,88.38665008544922,,30.751708984375,0.76899653673172,842.6439208984375,202.19314575195312,1011.91064453125,316.2973327636719,169.2667236328125,114.10418701171875,19314.04188825935,927.2772827148438,259.2452392578125,1920,1080,858.4589233398438,230.38604736328125,946.3452758789062,239.77694702148438,87.8863525390625,9.390899658203125,6.099070568769478,left,False,"{'safe_roi': (450, 80, 1500, 420), 'cylinder_roi': (800, 190, 1000, 300)}",ok_cylinder_inside_confirmed
2026-09-20 15:00:41,2026-09-20,19385930,29626,32,88.67542266845703,,34.33509826660156,0.7748503088951111,843.6851196289062,202.90301513671875,1015.4072875976562,317.815673828125,171.72216796875,114.91265869140625,19733.050877541304,929.5462036132812,260.3593444824219,1920,1080,859.6705322265625,230.02783203125,947.8470458984375,239.4210662841797,88.176513671875,9.393234252929688,6.080650947857186,left,False,"{'safe_roi': (450, 80, 1500, 420), 'cylinder_roi': (800, 190, 1000, 300)}",ok_cylinder_inside_confirmed
2026-09-20 15:00:46,2026-09-20,19386002,29626,32,89.1995849609375,,36.04713439941406,0.7866435050964355,842.7330322265625,202.23873901367188,1014.5697021484375,314.2962951660156,171.836669921875,112.05755615234375,19255.597288802266,928.6513671875,258.26751708984375,1920,1080,861.5928344726562,232.65586853027344,950.5160522460938,239.6720428466797,88.9232177734375,7.01617431640625,4.511376051322672,left,False,"{'safe_roi': (450, 80, 1500, 420), 'cylinder_roi': (800, 190, 1000, 300)}",ok_cylinder_inside_confirmed
2026-09-20 15:00:51,2026-09-20,19386076,29626,32,85.82505798339844,,35.87367248535156,0.7769167423248291,843.8992919921875,202.65423583984375,1009.32763671875,313.92718505859375,165.4283447265625,111.27294921875,18407.69980210066,926.6134643554688,258.29071044921875,1920,1080,860.6817626953125,236.12884521484375,946.4539794921875,239.1400909423828,85.772216796875,3.0112457275390625,2.0106841857064235,left,False,"{'safe_roi': (450, 80, 1500, 420), 'cylinder_roi': (800, 190, 1000, 300)}",ok_cylinder_inside_confirmed
2026-09-20 15:00:56,2026-09-20,19386153,29626,32,85.77482604980469,,35.02287292480469,0.7728818655014038,843.0978393554688,202.90155029296875,1008.9689331054688,313.71807861328125,165.87109375,110.8165283203125,18381.258758068085,926.0333862304688,258.309814453125,1920,1080,861.5369873046875,234.85948181152344,947.18701171875,239.48492431640625,85.6500244140625,4.6254425048828125,3.0911975773905502,left,False,"{'safe_roi': (450, 80, 1500, 420), 'cylinder_roi': (800, 190, 1000, 300)}",ok_cylinder_inside_confirmed
2026-09-20 15:01:01,2026-09-20,19386228,29626,32,85.38673400878906,,36.38092041015625,0.7747039198875427,844.0753173828125,202.52659606933594,1010.6385498046875,314.1402893066406,166.563232421875,111.61369323730469,18590.73752814904,927.35693359375,258.33343505859375,1920,1080,860.7335205078125,236.30145263671875,946.078369140625,238.9757080078125,85.3448486328125,2.67425537109375,1.7947589090174132,left,False,"{'safe_roi': (450, 80, 1500, 420), 'cylinder_roi': (800, 190, 1000, 300)}",ok_cylinder_inside_confirmed
2026-09-20 15:01:06,2026-09-20,19386306,29626,32,84.86421966552734,,36.414154052734375,0.78404301404953,843.67919921875,202.85507202148438,1010.9002685546875,315.2016906738281,167.2210693359375,112.34661865234375,18786.721707321703,927.2897338867188,259.02838134765625,1920,1080,861.0721435546875,236.44790649414062,945.8973388671875,239.0211181640625,84.8251953125,2.573211669921875,1.737561203755942,left,False,"{'safe_roi': (450, 80, 1500, 420), 'cylinder_roi': (800, 190, 1000, 300)}",ok_cylinder_inside_confirmed
2026-09-20 15:01:11,2026-09-20,19386379,29626,32,107.6819839477539,,38.937042236328125,0.7806949615478516,827.3887939453125,201.7885284423828,1008.1107177734375,310.65771484375,180.721923828125,108.86918640136719,19675.048812057823,917.749755859375,256.2231140136719,1920,1080,836.226806640625,230.24171447753906,943.8206176757812,234.59848022460938,107.59381103515625,4.3567657470703125,2.3187949966680836,left,False,"{'safe_roi': (450, 80, 1500, 420), 'cylinder_roi': (800, 190, 1000, 300)}",ok_cylinder_inside_confirmed
2026-09-20 15:01:16,2026-09-20,19386450,29626,32,101.82662963867188,,40.014068603515625,0.795200526714325,830.7063598632812,201.57675170898438,1006.4662475585938,309.0130310058594,175.7598876953125,107.436279296875,18882.988383620977,918.5863037109375,255.29489135742188,1920,1080,837.9036865234375,227.7969207763672,939.462890625,235.17189025878906,101.5592041015625,7.374969482421875,4.153382442658541,left,False,"{'safe_roi': (450, 80, 1500, 420), 'cylinder_roi': (800, 190, 1000, 300)}",ok_cylinder_inside_confirmed
2026-09-20 15:01:21,2026-09-20,19386527,29626,32,106.72773742675781,,40.83782958984375,0.7951561808586121,833.9146118164062,200.75064086914062,1014.0092163085938,308.9239501953125,180.0946044921875,108.17330932617188,19481.42935970798,923.9619140625,254.83729553222656,1920,1080,838.046630859375,228.72320556640625,944.7200927734375,232.12648010253906,106.6734619140625,3.4032745361328125,1.827325622977678,left,False,"{'safe_roi': (450, 80, 1500, 420), 'cylinder_roi': (800, 190, 1000, 300)}",ok_cylinder_inside_confirmed
2026-09-20 15:01:26,2026-09-20,19386601,29626,32,99.63089752197266,,39.36590576171875,0.7855145931243896,834.8516845703125,201.30288696289062,1016.35302734375,313.7325134277344,181.5013427734375,112.42962646484375,20406.128170885146,925.6023559570312,257.5177001953125,1920,1080,844.4880981445312,227.7653045654297,944.00048828125,232.62327575683594,99.51239013671875,4.85797119140625,2.79483237956116,left,False,"{'safe_roi': (450, 80, 1500, 420), 'cylinder_roi': (800, 190, 1000, 300)}",ok_cylinder_inside_confirmed
2026-09-20 15:01:32,2026-09-20,19386679,29626,32,103.24567413330078,,36.89097595214844,0.7923980355262756,835.685302734375,200.97247314453125,1014.6080322265625,314.71075439453125,178.9227294921875,113.73828125,20350.36372900009,925.1466674804688,257.84161376953125,1920,1080,842.507568359375,228.42420959472656,945.573974609375,234.50570678710938,103.06640625,6.0814971923828125,3.376857593290477,left,False,"{'safe_roi': (450, 80, 1500, 420), 'cylinder_roi': (800, 190, 1000, 300)}",ok_cylinder_inside_confirmed
2026-09-20 15:01:37,2026-09-20,19386754,29626,32,102.50178527832031,,39.66807556152344,0.7761375308036804,836.3662719726562,200.9163360595703,1016.1172485351562,316.10321044921875,179.7509765625,115.18687438964844,20704.953158721328,926.2417602539062,258.509765625,1920,1080,843.0801391601562,228.639892578125,945.47119140625,233.40310668945312,102.39105224609375,4.763214111328125,2.663469566826959,left,False,"{'safe_roi': (450, 80, 1500, 420), 'cylinder_roi': (800, 190, 1000, 300)}",ok_cylinder_inside_confirmed
2026-09-20 15:01:42,2026-09-20,19386829,29626,32,106.92789459228516,,34.57081604003906,0.7723513245582581,836.3131713867188,200.49057006835938,1015.7133178710938,314.2720031738281,179.400146484375,113.78143310546875,20412.40576632321,926.0132446289062,257.38128662109375,1920,1080,844.9283447265625,230.26036071777344,951.7369384765625,235.3099822998047,106.80859375,5.04962158203125,2.7067740955661397,left,False,"{'safe_roi': (450, 80, 1500, 420), 'cylinder_roi': (800, 190, 1000, 300)}",ok_cylinder_inside_confirmed
2026-09-20 15:01:47,2026-09-20,19386903,29626,32,96.769287109375,,35.22126770019531,0.7660455703735352,836.4650268554688,201.555908203125,1015.6527709960938,315.8604736328125,179.187744140625,114.3045654296875,20481.977224320173,926.0588989257812,258.70819091796875,1920,1080,849.744873046875,228.198974609375,946.4236450195312,232.38345336914062,96.67877197265625,4.184478759765625,2.4783457762487147,left,False,"{'safe_roi': (450, 80, 1500, 420), 'cylinder_roi': (800, 190, 1000, 300)}",ok_cylinder_inside_confirmed
2026-09-20 15:01:52,2026-09-20,19386975,29626,32,107.40248107910156,,33.36933898925781,0.7576067447662354,838.524169921875,201.6246795654297,1016.5325927734375,314.33123779296875,178.0084228515625,112.70655822753906,20062.716675112024,927.5283813476562,257.97796630859375,1920,1080,845.0012817382812,227.62100219726562,952.1047973632812,235.62908935546875,107.103515625,8.008087158203125,4.276026068382031,left,False,"{'safe_roi': (450, 80, 1500, 420), 'cylinder_roi': (800, 190, 1000, 300)}",ok_cylinder_inside_confirmed
2026-09-20 15:01:57,2026-09-20,19387054,29626,32,104.84088134765625,,33.94859313964844,0.7685776948928833,841.2192993164062,201.53262329101562,1017.8624877929688,313.8556213378906,176.6431884765625,112.322998046875,19841.092514246702,929.5408935546875,257.6941223144531,1920,1080,847.8114624023438,229.82205200195312,952.462890625,236.1219482421875,104.65142822265625,6.299896240234375,3.4449829574379165,left,False,"{'safe_roi': (450, 80, 1500, 420), 'cylinder_roi': (800, 190, 1000, 300)}",ok_cylinder_inside_confirmed
2026-09-20 15:02:02,2026-09-20,19387128,29626,32,105.03169250488281,,33.327239990234375,0.7563812732696533,842.0661010742188,201.5813751220703,1016.8712768554688,315.0,174.80517578125,113.41862487792969,19826.162658654153,929.4686889648438,258.2906799316406,1920,1080,849.947509765625,226.81805419921875,954.66943359375,234.87879943847656,104.721923828125,8.060745239257812,4.4015405219643275,left,False,"{'safe_roi': (450, 80, 1500, 420), 'cylinder_roi': (800, 190, 1000, 300)}",ok_cylinder_inside_confirmed
2026-09-20 15:02:07,2026-09-20,19387207,29626,32,91.2972412109375,,36.27738952636719,0.7548730373382568,841.7281494140625,201.78404235839844,1013.7969970703125,314.27593994140625,172.06884765625,112.49189758300781,19356.35118777305,927.7625732421875,258.0299987792969,1920,1080,852.46240234375,229.34246826171875,943.7001342773438,232.63829040527344,91.23773193359375,3.2958221435546875,2.0688219794298672,left,False,"{'safe_roi': (450, 80, 1500, 420), 'cylinder_roi': (800, 190, 1000, 300)}",ok_cylinder_inside_confirmed
2026-09-20 15:02:12,2026-09-20,19387287,29626,32,101.65911865234375,,35.1082763671875,0.7551715970039368,841.547607421875,201.75704956054688,1015.5555419921875,314.7577819824219,174.0079345703125,113.000732421875,19663.024053663015,928.5515747070312,258.2574157714844,1920,1080,846.3922119140625,231.204345703125,948.0189208984375,233.7712860107422,101.626708984375,2.5669403076171875,1.4468989673923354,left,False,"{'safe_roi': (450, 80, 1500, 420), 'cylinder_roi': (800, 190, 1000, 300)}",ok_cylinder_inside_confirmed
2026-09-20 15:02:17,2026-09-20,19387363,29626,32,103.34899139404297,,34.240386962890625,0.7554041147232056,841.7996215820312,201.73097229003906,1015.1939086914062,314.96270751953125,173.394287109375,113.23173522949219,19633.7360082753,928.4967651367188,258.3468322753906,1920,1080,849.627685546875,229.76051330566406,952.8052368164062,235.71087646484375,103.17755126953125,5.9503631591796875,3.3006547488256466,left,False,"{'safe_roi': (450, 80, 1500, 420), 'cylinder_roi': (800, 190, 1000, 300)}",ok_cylinder_inside_confirmed
2026-09-20 15:02:22,2026-09-20,19387437,29626,32,105.05403137207031,,30.421417236328125,0.7618903517723083,845.6309204101562,201.48126220703125,1016.1246948242188,316.4857177734375,170.4937744140625,115.00445556640625,19607.54370395094,930.8778076171875,258.9834899902344,1920,1080,849.806396484375,226.87904357910156,954.39111328125,236.7980499267578,104.584716796875,9.91900634765625,5.417831174931372,left,False,"{'safe_roi': (450, 80, 1500, 420), 'cylinder_roi': (800, 190, 1000, 300)}",ok_cylinder_inside_confirmed
2026-09-20 15:02:27,2026-09-20,19387510,29626,32,88.10739135742188,,36.419769287109375,0.7502372860908508,844.913818359375,201.57177734375,1017.827880859375,316.994140625,172.9140625,115.42236328125,19958.149738311768,931.370849609375,259.282958984375,1920,1080,858.0732421875,229.26852416992188,946.0421752929688,234.20602416992188,87.96893310546875,4.9375,3.2125136458960157,left,False,"{'safe_roi': (450, 80, 1500, 420), 'cylinder_roi': (800, 190, 1000, 300)}",ok_cylinder_inside_confirmed
2026-09-20 15:02:34,2026-09-20,19387617,29626,32,93.7160415649414,,36.36399841308594,0.7726008296012878,845.8950805664062,201.5620574951172,1015.9675903320312,317.59564208984375,170.072509765625,116.03358459472656,19734.122949127108,930.9313354492188,259.578857421875,1920,1080,852.423095703125,231.22161865234375,946.1383666992188,230.84127807617188,93.71527099609375,0.380340576171875,0.23253190131831414,left,False,"{'safe_roi': (450, 80, 1500, 420), 'cylinder_roi': (800, 190, 1000, 300)}",ok_cylinder_inside_confirmed
2026-09-20 15:02:39,2026-09-20,19387690,29626,32,87.29927825927734,,37.610687255859375,0.7726898193359375,844.5789794921875,201.16781616210938,1011.8785400390625,316.0490417480469,167.299560546875,114.8812255859375,19219.578555613756,928.228759765625,258.6084289550781,1920,1080,857.1993408203125,230.39610290527344,944.4449462890625,227.33541870117188,87.24560546875,3.0606842041015625,2.0091831508501135,left,False,"{'safe_roi': (450, 80, 1500, 420), 'cylinder_roi': (800, 190, 1000, 300)}",ok_cylinder_inside_confirmed
2026-09-20 15:02:46,2026-09-20,19387792,29626,32,85.5059814453125,,33.13763427734375,0.7692500352859497,845.0026245117188,202.39138793945312,1012.9402465820312,314.9808654785156,167.9376220703125,112.5894775390625,18908.009128049016,928.971435546875,258.6861267089844,1920,1080,861.5335083007812,223.3553466796875,946.2725830078125,234.78173828125,84.73907470703125,11.4263916015625,7.679560396444188,left,False,"{'safe_roi': (450, 80, 1500, 420), 'cylinder_roi': (800, 190, 1000, 300)}",ok_cylinder_inside_confirmed
2026-09-20 15:02:51,2026-09-20,19387865,29626,32,92.86701965332031,,30.880859375,0.7725873589515686,845.6397705078125,202.3187255859375,1013.005126953125,313.73748779296875,167.3653564453125,111.41876220703125,18647.6408514753,929.3224487304688,258.0281066894531,1920,1080,854.3252563476562,231.3748016357422,947.1455688476562,234.31982421875,92.8203125,2.9450225830078125,1.8172830141329996,left,False,"{'safe_roi': (450, 80, 1500, 420), 'cylinder_roi': (800, 190, 1000, 300)}",ok_cylinder_inside_confirmed
2026-09-20 15:02:56,2026-09-20,19387941,29626,32,93.12049865722656,,34.964080810546875,0.7572481632232666,845.489990234375,202.13931274414062,1013.2471923828125,313.3990173339844,167.7572021484375,111.25970458984375,18664.616753853858,929.3685913085938,257.7691650390625,1920,1080,851.973876953125,233.00103759765625,945.0943603515625,233.06057739257812,93.1204833984375,0.059539794921875,0.036634029084987835,left,False,"{'safe_roi': (450, 80, 1500, 420), 'cylinder_roi': (800, 190, 1000, 300)}",ok_cylinder_inside_confirmed
2026-09-20 15:03:01,2026-09-20,19388016,29626,32,96.47772216796875,,35.448944091796875,0.7599150538444519,846.43310546875,202.71302795410156,1016.7265625,313.9497375488281,170.29345703125,111.23670959472656,18942.883825667202,931.579833984375,258.3313903808594,1920,1080,852.6560668945312,233.34591674804688,949.1229248046875,234.79388427734375,96.46685791015625,1.447967529296875,0.8599450677557652,left,False,"{'safe_roi': (450, 80, 1500, 420), 'cylinder_roi': (800, 190, 1000, 300)}",ok_cylinder_inside_confirmed
2026-09-20 15:03:06,2026-09-20,19388091,29626,32,102.00102996826172,,31.682525634765625,0.7644649147987366,846.8720703125,202.2881622314453,1016.912353515625,312.89794921875,170.040283203125,110.60978698730469,18808.11950435862,931.8922119140625,257.5930480957031,1920,1080,852.6791381835938,228.40940856933594,954.32470703125,236.91757202148438,101.64556884765625,8.508163452148438,4.78474495060011,left,False,"{'safe_roi': (450, 80, 1500, 420), 'cylinder_roi': (800, 190, 1000, 300)}",ok_cylinder_inside_confirmed
2026-09-20 15:03:11,2026-09-20,19388163,29626,32,103.7015151977539,,34.20884704589844,0.7672939896583557,849.2269287109375,202.3668975830078,1024.4310302734375,314.26513671875,175.2041015625,111.89823913574219,19605.030454203486,936.8289794921875,258.3160095214844,1920,1080,852.925048828125,229.08270263671875,956.2297973632812,238.14540100097656,103.30474853515625,9.062698364257812,5.013597174916062,left,False,"{'safe_roi': (450, 80, 1500, 420), 'cylinder_roi': (800, 190, 1000, 300)}",ok_cylinder_inside_confirmed
2026-09-20 15:03:17,2026-09-20,19388239,29626,32,112.07255554199219,,30.756057739257812,0.7758745551109314,837.1349487304688,202.09979248046875,1018.2227172851562,312.827392578125,181.0877685546875,110.72760009765625,20051.414019100368,927.6788330078125,257.4635925292969,1920,1080,844.834228515625,225.50704956054688,956.5020751953125,235.0228271484375,111.6678466796875,9.515777587890625,4.870693961773257,left,False,"{'safe_roi': (450, 80, 1500, 420), 'cylinder_roi': (800, 190, 1000, 300)}",ok_cylinder_inside_confirmed
2026-09-20 15:03:22,2026-09-20,19388312,29626,32,94.75274658203125,,33.77117919921875,0.7840484976768494,846.3463134765625,201.83425903320312,1013.0924072265625,317.0695495605469,166.74609375,115.23529052734375,19215.034557580948,929.7193603515625,259.451904296875,1920,1080,854.7425537109375,223.22874450683594,948.862548828125,234.16078186035156,94.1199951171875,10.932037353515625,6.625217961189399,left,False,"{'safe_roi': (450, 80, 1500, 420), 'cylinder_roi': (800, 190, 1000, 300)}",ok_cylinder_inside_confirmed
2026-09-20 15:03:27,2026-09-20,19388385,29626,32,92.17595672607422,,35.40032958984375,0.7837886214256287,846.8990478515625,201.2053680419922,1015.18017578125,316.6436767578125,168.2811279296875,115.43830871582031,19426.088796993718,931.0396118164062,258.9245300292969,1920,1080,858.1368408203125,223.45565795898438,949.6146850585938,234.77867126464844,91.47784423828125,11.323013305664062,7.056110111256514,left,False,"{'safe_roi': (450, 80, 1500, 420), 'cylinder_roi': (800, 190, 1000, 300)}",ok_cylinder_inside_confirmed
2026-09-20 15:03:32,2026-09-20,19388460,29626,32,90.21532440185547,,36.07240295410156,0.7741628289222717,844.7737426757812,201.2269744873047,1012.9140014648438,314.968017578125,168.1402587890625,113.74104309082031,19124.448420228437,928.8438720703125,258.0975036621094,1920,1080,856.97021484375,222.4031982421875,946.5359497070312,233.20986938476562,89.56573486328125,10.806671142578125,6.879840559969226,left,False,"{'safe_roi': (450, 80, 1500, 420), 'cylinder_roi': (800, 190, 1000, 300)}",ok_cylinder_inside_confirmed
2026-09-20 15:03:37,2026-09-20,19388533,29626,32,86.54117584228516,,36.493804931640625,0.7678564786911011,846.3319091796875,200.98992919921875,1012.644287109375,315.6075439453125,166.3123779296875,114.61761474609375,19062.328061051667,929.4880981445312,258.2987365722656,1920,1080,859.6202392578125,222.3251953125,945.5226440429688,232.82049560546875,85.90240478515625,10.49530029296875,6.965705255981768,left,False,"{'safe_roi': (450, 80, 1500, 420), 'cylinder_roi': (800, 190, 1000, 300)}",ok_cylinder_inside_confirmed
2026-09-20 15:03:42,2026-09-20,19388607,29626,32,98.55896759033203,,31.984512329101562,0.7670145034790039,847.3695678710938,200.66921997070312,1014.1881713867188,316.5756530761719,166.818603515625,115.90643310546875,19335.349309131503,930.7788696289062,258.6224365234375,1920,1080,851.0966796875,224.67141723632812,949.16015625,234.54180908203125,98.0634765625,9.870391845703125,5.747639499337982,left,False,"{'safe_roi': (450, 80, 1500, 420), 'cylinder_roi': (800, 190, 1000, 300)}",ok_cylinder_inside_confirmed
2026-09-20 15:03:47,2026-09-20,19388679,29626,32,93.68795013427734,,33.56585693359375,0.76524418592453,848.5221557617188,201.47410583496094,1016.3003540039062,316.70220947265625,167.7781982421875,115.22810363769531,19332.76361519657,932.4112548828125,259.0881652832031,1920,1080,856.1519165039062,223.50115966796875,949.1253051757812,235.0502166748047,92.973388671875,11.549057006835938,7.080949902642724,left,False,"{'safe_roi': (450, 80, 1500, 420), 'cylinder_roi': (800, 190, 1000, 300)}",ok_cylinder_inside_confirmed
2026-09-20 15:03:52,2026-09-20,19388754,29626,32,100.60063934326172,,29.1517333984375,0.7819123864173889,849.743896484375,201.54330444335938,1015.9581298828125,316.7869567871094,166.2142333984375,115.24365234375,19155.13532835245,932.8510131835938,259.1651306152344,1920,1080,851.3378295898438,225.96490478515625,951.5145263671875,235.19088745117188,100.17669677734375,9.225982666015625,5.261931281868226,left,False,"{'safe_roi': (450, 80, 1500, 420), 'cylinder_roi': (800, 190, 1000, 300)}",ok_cylinder_inside_confirmed
2026-09-20 15:03:57,2026-09-20,19388829,29626,32,100.83218383789062,,30.480545043945312,0.778481662273407,849.1298828125,201.39381408691406,1016.427978515625,316.70867919921875,167.298095703125,115.31486511230469,19291.9573395513,932.7789306640625,259.0512390136719,1920,1080,850.0952758789062,229.63291931152344,950.7725830078125,235.21945190429688,100.67730712890625,5.5865325927734375,3.1760565695289364,left,False,"{'safe_roi': (450, 80, 1500, 420), 'cylinder_roi': (800, 190, 1000, 300)}",ok_cylinder_inside_confirmed
2026-09-20 15:04:02,2026-09-20,19388904,29626,32,102.76829528808594,,30.42120361328125,0.7807540893554688,848.567626953125,201.31869506835938,1017.972412109375,316.7160339355469,169.40478515625,115.3973388671875,19548.861398398876,933.27001953125,259.0173645019531,1920,1080,850.078125,226.01351928710938,952.357177734375,236.02940368652344,102.279052734375,10.015884399414062,5.5929729906123935,left,False,"{'safe_roi': (450, 80, 1500, 420), 'cylinder_roi': (800, 190, 1000, 300)}",ok_cylinder_inside_confirmed
2026-09-20 15:04:07,2026-09-20,19388979,29626,32,97.91405487060547,,30.677200317382812,0.7744154930114746,847.9302978515625,201.75775146484375,1015.9007568359375,316.5621337890625,167.970458984375,114.80438232421875,19283.74479241669,931.91552734375,259.1599426269531,1920,1080,852.289306640625,229.368408203125,950.0810546875,234.2609405517578,97.791748046875,4.8925323486328125,2.864126352517972,left,False,"{'safe_roi': (450, 80, 1500, 420), 'cylinder_roi': (800, 190, 1000, 300)}",ok_cylinder_inside_confirmed
2026-09-20 15:04:12,2026-09-20,19389052,29626,32,95.305908203125,,32.201324462890625,0.7825669050216675,848.6144409179688,201.8773956298828,1014.4335327148438,316.0816955566406,165.819091796875,114.20429992675781,18937.2532931529,931.5239868164062,258.97955322265625,1920,1080,855.0971069335938,225.4807586669922,949.8795166015625,235.45626831054688,94.78240966796875,9.975509643554688,6.008057662301292,left,False,"{'safe_roi': (450, 80, 1500, 420), 'cylinder_roi': (800, 190, 1000, 300)}",ok_cylinder_inside_confirmed
2026-09-20 15:04:17,2026-09-20,19389124,29626,32,88.30882263183594,,34.46238708496094,0.7751004695892334,848.29638671875,201.52706909179688,1014.970947265625,315.5240173339844,166.674560546875,113.9969482421875,19000.391251951456,931.6336669921875,258.5255432128906,1920,1080,859.3453979492188,226.55523681640625,947.2587890625,234.90289306640625,87.91339111328125,8.34765625,5.42415402094569,left,False,"{'safe_roi': (450, 80, 1500, 420), 'cylinder_roi': (800, 190, 1000, 300)}",ok_cylinder_inside_confirmed
2026-09-20 15:04:22,2026-09-20,19389198,29626,32,100.60548400878906,,29.630264282226562,0.7741720080375671,849.005615234375,201.92010498046875,1017.3099365234375,316.04364013671875,168.3043212890625,114.12353515625,19207.48412758112,933.1577758789062,258.98187255859375,1920,1080,852.9087524414062,226.5833740234375,953.1267700195312,235.40451049804688,100.218017578125,8.821136474609375,5.030180376427387,left,False,"{'safe_roi': (450, 80, 1500, 420), 'cylinder_roi': (800, 190, 1000, 300)}",ok_cylinder_inside_confirmed
2026-09-20 15:04:27,2026-09-20,19389271,29626,32,86.296630859375,,35.07331848144531,0.776343584060669,849.2721557617188,202.0810546875,1017.8088989257812,316.3065185546875,168.5367431640625,114.2254638671875,19251.18766658008,933.54052734375,259.19378662109375,1920,1080,859.9234008789062,233.75889587402344,946.2120361328125,234.93357849121094,86.28863525390625,1.1746826171875,0.7799427905081544,left,False,"{'safe_roi': (450, 80, 1500, 420), 'cylinder_roi': (800, 190, 1000, 300)}",ok_cylinder_inside_confirmed
2026-09-20 15:04:32,2026-09-20,19389348,29626,32,105.90542602539062,,29.722885131835938,0.7910922169685364,850.4445190429688,201.59518432617188,1028.1202392578125,316.1563415527344,177.67572021484375,114.5611572265625,20354.736118875444,939.2823486328125,258.8757629394531,1920,1080,854.582275390625,225.97470092773438,960.0758056640625,235.3060760498047,105.4935302734375,9.331375122070312,5.054912107726565,left,False,"{'safe_roi': (450, 80, 1500, 420), 'cylinder_roi': (800, 190, 1000, 300)}",ok_cylinder_inside_confirmed
2026-09-20 15:04:37,2026-09-20,19389421,29626,32,108.24296569824219,,31.423049926757812,0.7968952059745789,851.954345703125,201.70571899414062,1031.6455078125,317.5167541503906,179.691162109375,115.81103515625,20810.219492316246,941.7999267578125,259.6112365722656,1920,1080,856.4932250976562,228.6802215576172,964.63330078125,233.3986053466797,108.14007568359375,4.7183837890625,2.498353311362379,left,False,"{'safe_roi': (450, 80, 1500, 420), 'cylinder_roi': (800, 190, 1000, 300)}",ok_cylinder_inside_confirmed
2026-09-20 15:04:42,2026-09-20,19389497,29626,32,114.90109252929688,,33.2037353515625,0.8017607927322388,851.8252563476562,201.63360595703125,1034.10302734375,318.128662109375,182.27777099609375,116.49505615234375,21234.459167513996,942.964111328125,259.8811340332031,1920,1080,856.3067016601562,229.09652709960938,971.0233154296875,235.60501098632812,114.71661376953125,6.50848388671875,3.2472132705799464,left,False,"{'safe_roi': (450, 80, 1500, 420), 'cylinder_roi': (800, 190, 1000, 300)}",ok_cylinder_inside_confirmed
2026-09-20 15:04:47,2026-09-20,19389573,29626,32,112.48623657226562,,37.948883056640625,0.7906569838523865,862.1683959960938,203.53366088867188,1038.5706787109375,321.5190124511719,176.40228271484375,117.9853515625,20812.885342538357,950.3695068359375,262.5263366699219,1920,1080,859.0811767578125,233.11532592773438,971.415283203125,238.963623046875,112.3341064453125,5.848297119140625,2.9802212935482704,left,False,"{'safe_roi': (450, 80, 1500, 420), 'cylinder_roi': (800, 190, 1000, 300)}",ok_cylinder_inside_confirmed
2026-09-20 15:04:57,2026-09-20,19389716,29626,32,103.92805480957031,,31.699005126953125,0.7947529554367065,850.6726684570312,203.66165161132812,1026.7547607421875,320.9448547363281,176.08209228515625,117.283203125,20651.471796154976,938.7137451171875,262.3032531738281,1920,1080,851.6013793945312,221.0082244873047,954.7462768554688,233.74285888671875,103.1448974609375,12.734634399414062,7.038321819911375,left,False,"{'safe_roi': (450, 80, 1500, 420), 'cylinder_roi': (800, 190, 1000, 300)}",ok_cylinder_inside_confirmed
2026-09-20 15:05:58,2026-09-20,19390649,29626,33,102.04301452636719,,25.0302734375,0.8038089275360107,857.0747680664062,196.04766845703125,1025.0457763671875,314.7181396484375,167.97100830078125,118.67047119140625,19933.19870154932,941.060302734375,255.38290405273438,1920,1080,858.2972412109375,213.69821166992188,959.969482421875,222.38912963867188,101.6722412109375,8.69091796875,4.885752405075695,left,False,"{'safe_roi': (450, 80, 1500, 420), 'cylinder_roi': (800, 190, 1000, 300)}",ok_cylinder_inside_confirmed
2026-09-20 15:06:03,2026-09-20,19390728,29626,33,91.3057632446289,,26.86077880859375,0.8100805878639221,864.5848999023438,196.94973754882812,1027.84326171875,316.4114074707031,163.25836181640625,119.461669921875,19503.116531297565,946.214111328125,256.6805725097656,1920,1080,877.8834228515625,218.3221435546875,968.443115234375,229.97052001953125,90.5596923828125,11.64837646484375,7.329510807001235,left,False,"{'safe_roi': (450, 80, 1500, 420), 'cylinder_roi': (800, 190, 1000, 300)}",ok_cylinder_inside_confirmed
2026-09-20 15:06:40,2026-09-20,19391299,29626,34,88.98097229003906,,34.93757629394531,0.7864867448806763,870.4762573242188,199.89891052246094,1027.44873046875,317.99884033203125,156.97247314453125,118.09992980957031,18538.4380604038,948.9625244140625,258.9488830566406,1920,1080,870.89501953125,222.15472412109375,959.800048828125,225.83023071289062,88.905029296875,3.675506591796875,2.3673706896822755,left,False,"{'safe_roi': (450, 80, 1500, 420), 'cylinder_roi': (800, 190, 1000, 300)}",ok_cylinder_inside_confirmed
2026-09-20 15:06:46,2026-09-20,19391381,29626,34,87.09613037109375,,30.001388549804688,0.7912725806236267,870.102783203125,200.7970428466797,1025.6514892578125,319.0887451171875,155.5487060546875,118.29170227050781,18400.12122518383,947.8771362304688,259.9429016113281,1920,1080,880.81298828125,220.9649658203125,967.122802734375,232.64193725585938,86.309814453125,11.676971435546875,7.704841552922351,left,False,"{'safe_roi': (450, 80, 1500, 420), 'cylinder_roi': (800, 190, 1000, 300)}",ok_cylinder_inside_confirmed
2026-09-20 15:06:51,2026-09-20,19391450,29626,34,90.46221160888672,,29.526992797851562,0.8057783842086792,868.490478515625,200.0577392578125,1023.6285400390625,316.72369384765625,155.1380615234375,116.66595458984375,18099.330040849745,946.0595092773438,258.3907165527344,1920,1080,876.6026000976562,225.04229736328125,966.1770629882812,237.68460083007812,89.574462890625,12.642303466796875,8.033513774007819,left,False,"{'safe_roi': (450, 80, 1500, 420), 'cylinder_roi': (800, 190, 1000, 300)}",ok_cylinder_inside_confirmed
2026-09-20 15:06:56,2026-09-20,19391523,29626,34,99.11736297607422,,26.606246948242188,0.7851918935775757,873.028076171875,199.14126586914062,1028.3443603515625,317.6447448730469,155.3162841796875,118.50347900390625,18405.520021252334,950.6862182617188,258.39300537109375,1920,1080,868.520751953125,215.27285766601562,966.750244140625,228.50985717773438,98.2294921875,13.23699951171875,7.674709399433204,left,False,"{'safe_roi': (450, 80, 1500, 420), 'cylinder_roi': (800, 190, 1000, 300)}",ok_cylinder_inside_confirmed
2026-09-20 15:07:18,2026-09-20,19391854,29626,34,98.85746002197266,,28.404052734375,0.7876995801925659,865.4920043945312,201.1324920654297,1024.57958984375,317.5931091308594,159.08758544921875,116.46061706542969,18527.43836886529,945.0357666015625,259.36279296875,1920,1080,860.583251953125,220.82608032226562,958.8720703125,231.4140625,98.288818359375,10.587982177734375,6.148373135889878,left,False,"{'safe_roi': (450, 80, 1500, 420), 'cylinder_roi': (800, 190, 1000, 300)}",ok_cylinder_inside_confirmed
2026-09-20 15:07:58,2026-09-20,19392456,29626,35,96.40314483642578,,27.201263427734375,0.7872436046600342,871.0897827148438,200.7318115234375,1026.507568359375,318.1700439453125,155.41778564453125,117.438232421875,18251.99003301561,948.7987060546875,259.450927734375,1920,1080,866.022216796875,217.62222290039062,961.6021118164062,230.19403076171875,95.57989501953125,12.571807861328125,7.493209454885387,left,False,"{'safe_roi': (450, 80, 1500, 420), 'cylinder_roi': (800, 190, 1000, 300)}",ok_cylinder_inside_confirmed
2026-09-20 15:08:12,2026-09-20,19392668,29626,35,92.84170532226562,,26.873123168945312,0.802383303642273,881.628173828125,198.982177734375,1037.86474609375,318.2138671875,156.236572265625,119.231689453125,18628.350465595722,959.7464599609375,258.5980224609375,1920,1080,886.9338989257812,214.7471160888672,978.7567749023438,228.4635772705078,91.8228759765625,13.716461181640625,8.49599632504111,left,False,"{'safe_roi': (450, 80, 1500, 420), 'cylinder_roi': (800, 190, 1000, 300)}",ok_cylinder_inside_confirmed
2026-09-20 15:09:36,2026-09-20,19393933,29626,36,103.61827087402344,,27.975250244140625,0.7782679200172424,857.6979370117188,198.8577880859375,1024.0032958984375,316.8575439453125,166.30535888671875,117.999755859375,19623.991746738553,940.8505859375,257.857666015625,1920,1080,855.6757202148438,216.6498565673828,958.3308715820312,230.74472045898438,102.6551513671875,14.094863891601562,7.818000383228051,left,False,"{'safe_roi': (450, 80, 1500, 420), 'cylinder_roi': (800, 190, 1000, 300)}",ok_cylinder_inside_confirmed
2026-09-20 15:09:41,2026-09-20,19394007,29626,36,91.97885131835938,,27.151077270507812,0.7421818375587463,852.8637084960938,200.43365478515625,1010.1431274414062,314.1007080078125,157.2794189453125,113.66705322265625,17877.488084085286,931.50341796875,257.2671813964844,1920,1080,856.7900390625,222.05068969726562,948.1937255859375,232.32080078125,91.4036865234375,10.270111083984375,6.410861034083629,left,False,"{'safe_roi': (450, 80, 1500, 420), 'cylinder_roi': (800, 190, 1000, 300)}",ok_cylinder_inside_confirmed
2026-09-20 15:09:46,2026-09-20,19394085,29626,36,90.77275085449219,,34.08148193359375,0.7728250026702881,852.1245727539062,200.62318420410156,1011.6821899414062,313.9049377441406,159.5576171875,113.28175354003906,18074.966665670276,931.9033813476562,257.2640686035156,1920,1080,859.43359375,225.55616760253906,950.0287475585938,231.23153686523438,90.59515380859375,5.6753692626953125,3.5846324475930107,left,False,"{'safe_roi': (450, 80, 1500, 420), 'cylinder_roi': (800, 190, 1000, 300)}",ok_cylinder_inside_confirmed
2026-09-20 15:09:51,2026-09-20,19394159,29626,36,100.51085662841797,,29.428726196289062,0.7846116423606873,855.4036254882812,199.9951629638672,1014.6415405273438,314.9714660644531,159.2379150390625,114.97630310058594,18308.5867846366,935.0225830078125,257.4833068847656,1920,1080,856.5899047851562,222.66441345214844,956.481201171875,233.80718994140625,99.89129638671875,11.142776489257812,6.3649750581145526,left,False,"{'safe_roi': (450, 80, 1500, 420), 'cylinder_roi': (800, 190, 1000, 300)}",ok_cylinder_inside_confirmed
2026-09-20 15:11:33,2026-09-20,19395701,29626,37,103.86372375488281,,38.989501953125,0.7870880961418152,829.6568603515625,194.69210815429688,1019.79150390625,304.6009216308594,190.1346435546875,109.9088134765625,20897.473073884845,924.7241821289062,249.64651489257812,1920,1080,840.0221557617188,226.9124755859375,943.8721313476562,225.22250366210938,103.8499755859375,1.689971923828125,0.9323036647805696,left,False,"{'safe_roi': (450, 80, 1500, 420), 'cylinder_roi': (800, 190, 1000, 300)}",ok_cylinder_inside_confirmed
2026-09-20 15:12:10,2026-09-20,19396251,29626,38,80.15148162841797,,26.71563720703125,0.7758339047431946,847.3829956054688,198.81338500976562,1005.9050903320312,313.5313415527344,158.5220947265625,114.71795654296875,18185.330773942173,926.64404296875,256.17236328125,1920,1080,866.2489624023438,224.48294067382812,946.1204833984375,231.17623901367188,79.87152099609375,6.69329833984375,4.790240510902003,left,False,"{'safe_roi': (450, 80, 1500, 420), 'cylinder_roi': (800, 190, 1000, 300)}",ok_cylinder_inside_confirmed
2026-09-20 15:12:15,2026-09-20,19396326,29626,38,79.40938568115234,,33.24755859375,0.7622880339622498,847.3494262695312,200.3907470703125,1003.4240112304688,310.43878173828125,156.0745849609375,110.04803466796875,17175.701336570084,925.38671875,255.41476440429688,1920,1080,861.8840942382812,223.85342407226562,941.0975341796875,229.428466796875,79.21343994140625,5.575042724609375,4.025839189153441,left,False,"{'safe_roi': (450, 80, 1500, 420), 'cylinder_roi': (800, 190, 1000, 300)}",ok_cylinder_inside_confirmed
2026-09-20 15:12:26,2026-09-20,19396491,29626,38,83.07377624511719,,30.795684814453125,0.7824292778968811,843.1455688476562,200.22125244140625,1007.3230590820312,312.0518798828125,164.177490234375,111.83062744140625,18360.071744665504,925.2343139648438,256.1365661621094,1920,1080,862.8570556640625,221.39833068847656,945.3237915039062,231.4228057861328,82.46673583984375,10.02447509765625,6.930745544390558,left,False,"{'safe_roi': (450, 80, 1500, 420), 'cylinder_roi': (800, 190, 1000, 300)}",ok_cylinder_inside_confirmed
2026-09-20 15:12:36,2026-09-20,19396638,29626,38,86.62245178222656,,37.43736267089844,0.7525604963302612,842.0833740234375,200.30340576171875,1009.8243408203125,313.59686279296875,167.740966796875,113.29345703125,19003.95401418209,925.953857421875,256.95013427734375,1920,1080,858.0831298828125,224.7840576171875,944.468505859375,231.18838500976562,86.3853759765625,6.404327392578125,4.2399638576878536,left,False,"{'safe_roi': (450, 80, 1500, 420), 'cylinder_roi': (800, 190, 1000, 300)}",ok_cylinder_inside_confirmed
2026-09-20 15:12:41,2026-09-20,19396713,29626,38,91.15947723388672,,37.7196044921875,0.7497996091842651,843.2471313476562,201.0194854736328,1012.0126342773438,314.4853820800781,168.7655029296875,113.46589660644531,19149.129106154665,927.6298828125,257.75244140625,1920,1080,861.0723876953125,223.70849609375,951.91748046875,231.27288818359375,90.8450927734375,7.56439208984375,4.759863346348948,left,False,"{'safe_roi': (450, 80, 1500, 420), 'cylinder_roi': (800, 190, 1000, 300)}",ok_cylinder_inside_confirmed
2026-09-20 15:12:46,2026-09-20,19396788,29626,38,89.66419219970703,,36.94551086425781,0.7431880235671997,843.2208251953125,201.4454803466797,1013.2047119140625,314.40582275390625,169.98388671875,112.96034240722656,19201.43804746121,928.2127685546875,257.9256591796875,1920,1080,856.0968017578125,228.18930053710938,945.6897583007812,231.7628173828125,89.59295654296875,3.573516845703125,2.2840965057111347,left,False,"{'safe_roi': (450, 80, 1500, 420), 'cylinder_roi': (800, 190, 1000, 300)}",ok_cylinder_inside_confirmed
2026-09-20 15:12:51,2026-09-20,19396862,29626,38,87.68766021728516,,36.817230224609375,0.743662416934967,842.7518920898438,200.08949279785156,1012.0682983398438,313.6558837890625,169.31640625,113.56639099121094,19228.65319341421,927.4100952148438,256.8726806640625,1920,1080,857.28662109375,231.26849365234375,944.930908203125,228.51072692871094,87.644287109375,2.7577667236328125,1.802242720234977,left,False,"{'safe_roi': (450, 80, 1500, 420), 'cylinder_roi': (800, 190, 1000, 300)}",ok_cylinder_inside_confirmed
2026-09-20 15:12:58,2026-09-20,19396964,29626,38,87.92923736572266,,37.21575927734375,0.7615405321121216,844.6170043945312,201.7194061279297,1011.4662475585938,313.83154296875,166.8492431640625,112.11213684082031,18705.825181396678,928.0416259765625,257.7754821777344,1920,1080,855.4259643554688,233.802978515625,943.1199340820312,227.3750762939453,87.6939697265625,6.4279022216796875,4.192240405406662,left,False,"{'safe_roi': (450, 80, 1500, 420), 'cylinder_roi': (800, 190, 1000, 300)}",ok_cylinder_inside_confirmed
2026-09-20 15:13:03,2026-09-20,19397040,29626,38,87.9078598022461,,38.23750305175781,0.744606614112854,845.00927734375,201.4556884765625,1009.7901611328125,314.43292236328125,164.7808837890625,112.97723388671875,18616.488447897136,927.3997192382812,257.9443054199219,1920,1080,857.1436767578125,231.15408325195312,944.9479370117188,226.88746643066406,87.80426025390625,4.2666168212890625,2.78194931509637,left,False,"{'safe_roi': (450, 80, 1500, 420), 'cylinder_roi': (800, 190, 1000, 300)}",ok_cylinder_inside_confirmed
2026-09-20 15:13:08,2026-09-20,19397112,29626,38,88.48160552978516,,37.62199401855469,0.7502434849739075,847.176513671875,201.35643005371094,1011.3787841796875,314.89556884765625,164.2022705078125,113.53913879394531,18643.384381467476,929.2776489257812,258.1260070800781,1920,1080,855.5083618164062,229.85609436035156,943.9869995117188,230.58090209960938,88.4786376953125,0.7248077392578125,0.4693505300896218,left,False,"{'safe_roi': (450, 80, 1500, 420), 'cylinder_roi': (800, 190, 1000, 300)}",ok_cylinder_inside_confirmed
2026-09-20 15:13:13,2026-09-20,19397190,29626,38,93.37655639648438,,32.76240539550781,0.7583914399147034,847.5233154296875,201.35797119140625,1012.8516845703125,315.28887939453125,165.328369140625,113.930908203125,18836.01124793291,930.1875,258.32342529296875,1920,1080,859.4935302734375,227.5054473876953,952.693603515625,233.24371337890625,93.2000732421875,5.7382659912109375,3.5232152881614085,left,False,"{'safe_roi': (450, 80, 1500, 420), 'cylinder_roi': (800, 190, 1000, 300)}",ok_cylinder_inside_confirmed
2026-09-20 15:13:18,2026-09-20,19397264,29626,38,96.91826629638672,,25.30889892578125,0.7750566005706787,847.7424926757812,201.60589599609375,1015.7073364257812,314.9588623046875,167.96484375,113.35296630859375,19039.313274621964,931.7249145507812,258.2823791503906,1920,1080,859.8954467773438,228.40054321289062,956.6509399414062,234.0152130126953,96.7554931640625,5.6146697998046875,3.321119081969468,left,False,"{'safe_roi': (450, 80, 1500, 420), 'cylinder_roi': (800, 190, 1000, 300)}",ok_cylinder_inside_confirmed
2026-09-20 15:13:23,2026-09-20,19397340,29626,38,96.48101806640625,,30.930328369140625,0.768212616443634,846.1806030273438,202.04612731933594,1013.9931030273438,315.94384765625,167.8125,113.89772033691406,19113.46119403839,930.0868530273438,258.9949951171875,1920,1080,854.782958984375,229.11094665527344,951.207763671875,232.404052734375,96.4248046875,3.2931060791015625,1.9560088798800652,left,False,"{'safe_roi': (450, 80, 1500, 420), 'cylinder_roi': (800, 190, 1000, 300)}",ok_cylinder_inside_confirmed
2026-09-20 15:13:28,2026-09-20,19397418,29626,38,97.48772430419922,,34.97209167480469,0.7495294809341431,844.7894287109375,202.32789611816406,1013.1151123046875,315.776611328125,168.32568359375,113.44871520996094,19096.332540549338,928.9522705078125,259.05224609375,1920,1080,852.090087890625,231.2574462890625,949.5357055664062,234.12240600585938,97.44561767578125,2.864959716796875,1.6840452327775253,left,False,"{'safe_roi': (450, 80, 1500, 420), 'cylinder_roi': (800, 190, 1000, 300)}",ok_cylinder_inside_confirmed
2026-09-20 15:13:33,2026-09-20,19397495,29626,38,91.79341888427734,,38.00370788574219,0.7576030492782593,846.8634033203125,201.47215270996094,1014.3721923828125,314.4286193847656,167.5087890625,112.95646667480469,18921.20094947517,930.6177978515625,257.95037841796875,1920,1080,858.134033203125,225.73989868164062,949.6965942382812,232.24594116210938,91.56256103515625,6.50604248046875,4.064361086271102,left,False,"{'safe_roi': (450, 80, 1500, 420), 'cylinder_roi': (800, 190, 1000, 300)}",ok_cylinder_inside_confirmed
2026-09-20 15:13:38,2026-09-20,19397568,29626,38,99.74565887451172,,31.883941650390625,0.762684166431427,845.390625,201.95101928710938,1016.9852294921875,315.6673278808594,171.5946044921875,113.71630859375,19513.104997456074,931.1879272460938,258.8091735839844,1920,1080,855.943359375,226.18577575683594,955.5340576171875,231.74359130859375,99.5906982421875,5.5578155517578125,3.1941678959731186,left,False,"{'safe_roi': (450, 80, 1500, 420), 'cylinder_roi': (800, 190, 1000, 300)}",ok_cylinder_inside_confirmed
2026-09-20 15:13:44,2026-09-20,19397646,29626,38,101.23607635498047,,35.513336181640625,0.7641330361366272,845.0260009765625,202.04534912109375,1015.81787109375,315.408935546875,170.7918701171875,113.36358642578125,19361.57892885059,930.4219360351562,258.7271423339844,1920,1080,852.346435546875,226.47186279296875,953.4882202148438,230.84027099609375,101.14178466796875,4.368408203125,2.4731211943050653,left,False,"{'safe_roi': (450, 80, 1500, 420), 'cylinder_roi': (800, 190, 1000, 300)}",ok_cylinder_inside_confirmed
2026-09-20 15:13:49,2026-09-20,19397724,29626,38,102.03254699707031,,35.62022399902344,0.7660479545593262,846.6504516601562,202.18797302246094,1017.1467895507812,316.31451416015625,170.496337890625,114.12654113769531,19458.157320100814,931.8986206054688,259.2512512207031,1920,1080,851.2039794921875,230.14096069335938,953.1983642578125,232.93130493164062,101.994384765625,2.79034423828125,1.5670968588468082,left,False,"{'safe_roi': (450, 80, 1500, 420), 'cylinder_roi': (800, 190, 1000, 300)}",ok_cylinder_inside_confirmed
2026-09-20 15:13:54,2026-09-20,19397802,29626,38,107.73607635498047,,37.91047668457031,0.7741715908050537,842.9429931640625,201.71365356445312,1026.410888671875,316.6972351074219,183.4678955078125,114.98358154296875,21095.79572363943,934.6769409179688,259.2054443359375,1920,1080,849.6607666015625,233.17599487304688,957.3872680664062,234.61244201660156,107.72650146484375,1.4364471435546875,0.7639483358947516,left,False,"{'safe_roi': (450, 80, 1500, 420), 'cylinder_roi': (800, 190, 1000, 300)}",ok_cylinder_inside_confirmed
2026-09-20 15:13:59,2026-09-20,19397877,29626,38,108.52842712402344,,39.929351806640625,0.7785250544548035,843.4811401367188,201.77435302734375,1027.2213134765625,317.40087890625,183.74017333984375,115.62652587890625,21245.237907674164,935.3511962890625,259.5876159667969,1920,1080,850.882080078125,235.52621459960938,959.3981323242188,233.88748168945312,108.51605224609375,1.63873291015625,0.8651747015202067,left,False,"{'safe_roi': (450, 80, 1500, 420), 'cylinder_roi': (800, 190, 1000, 300)}",ok_cylinder_inside_confirmed
2026-09-20 15:14:04,2026-09-20,19397958,29626,38,99.59593963623047,,38.30918884277344,0.7681800127029419,844.4443969726562,202.50204467773438,1024.2578125,315.9722595214844,179.81341552734375,113.47021484375,20403.466891676188,934.35107421875,259.2371520996094,1920,1080,854.6296997070312,236.38394165039062,954.224853515625,236.78024291992188,99.59515380859375,0.39630126953125,0.22798569461237364,left,False,"{'safe_roi': (450, 80, 1500, 420), 'cylinder_roi': (800, 190, 1000, 300)}",ok_cylinder_inside_confirmed
2026-09-20 15:14:09,2026-09-20,19398035,29626,38,99.8715591430664,,33.49220275878906,0.7885973453521729,849.9105224609375,205.6720733642578,1021.8209228515625,316.89404296875,171.910400390625,111.22196960449219,19120.213326942176,935.86572265625,261.2830505371094,1920,1080,856.37841796875,237.18045043945312,956.2429809570312,238.36239624023438,99.86456298828125,1.18194580078125,0.6780918292639757,left,False,"{'safe_roi': (450, 80, 1500, 420), 'cylinder_roi': (800, 190, 1000, 300)}",ok_cylinder_inside_confirmed
2026-09-20 15:14:14,2026-09-20,19398110,29626,38,85.2606430053711,,35.02687072753906,0.7838358283042908,851.7263793945312,206.3693084716797,1021.6117553710938,320.1145935058594,169.8853759765625,113.74528503417969,19323.660513592884,936.6690673828125,263.241943359375,1920,1080,867.5426635742188,237.93609619140625,952.7952880859375,236.76678466796875,85.25262451171875,1.1693115234375,0.7858105818551027,left,False,"{'safe_roi': (450, 80, 1500, 420), 'cylinder_roi': (800, 190, 1000, 300)}",ok_cylinder_inside_confirmed
2026-09-20 15:14:19,2026-09-20,19398185,29626,38,101.28034973144531,,34.170867919921875,0.7806503772735596,853.0372924804688,207.71194458007812,1026.6409912109375,321.6274719238281,173.60369873046875,113.91552734375,19776.15688970685,939.839111328125,264.6697082519531,1920,1080,861.8619384765625,243.42822265625,963.1419067382812,243.14968872070312,101.27996826171875,0.278533935546875,0.15757092936062467,left,False,"{'safe_roi': (450, 80, 1500, 420), 'cylinder_roi': (800, 190, 1000, 300)}",ok_cylinder_inside_confirmed
2026-09-20 15:14:24,2026-09-20,19398258,29626,38,96.46588897705078,,34.87652587890625,0.7909248471260071,854.2704467773438,210.91258239746094,1027.0791015625,325.1482238769531,172.80865478515625,114.23564147949219,19740.90753259044,940.6748046875,268.0303955078125,1920,1080,870.1232299804688,244.7595977783203,966.5886840820312,245.0481719970703,96.4654541015625,0.28857421875,0.17139851404930515,left,False,"{'safe_roi': (450, 80, 1500, 420), 'cylinder_roi': (800, 190, 1000, 300)}",ok_cylinder_inside_confirmed
2026-09-20 15:14:29,2026-09-20,19398333,29626,38,92.81390380859375,,32.69319152832031,0.7969086766242981,859.61474609375,213.31578063964844,1028.365234375,328.69720458984375,168.75048828125,115.38142395019531,19470.671630181372,943.989990234375,271.0065002441406,1920,1080,873.5671997070312,246.99331665039062,966.3668212890625,248.621337890625,92.79962158203125,1.628021240234375,1.005059898968773,left,False,"{'safe_roi': (450, 80, 1500, 420), 'cylinder_roi': (800, 190, 1000, 300)}",ok_cylinder_inside_confirmed
2026-09-20 15:14:34,2026-09-20,19398409,29626,38,92.89556884765625,,33.323455810546875,0.7887459397315979,863.6691284179688,213.65036010742188,1030.517822265625,331.6357727050781,166.84869384765625,117.98541259765625,19685.711984995753,947.093505859375,272.64306640625,1920,1080,875.83740234375,249.60118103027344,968.7329711914062,249.57748413085938,92.89556884765625,0.0236968994140625,0.01461568416410022,left,False,"{'safe_roi': (450, 80, 1500, 420), 'cylinder_roi': (800, 190, 1000, 300)}",ok_cylinder_inside_confirmed
2026-09-20 15:15:08,2026-09-20,19398903,29626,39,102.49988555908203,,35.853851318359375,0.7875767350196838,857.9503173828125,204.87548828125,1027.1151123046875,321.9080810546875,169.164794921875,117.0325927734375,19797.794555693865,942.53271484375,263.39178466796875,1920,1080,857.9829711914062,233.256103515625,960.4560546875,235.59999084472656,102.47308349609375,2.3438873291015625,1.3103093427695474,left,False,"{'safe_roi': (450, 80, 1500, 420), 'cylinder_roi': (800, 190, 1000, 300)}",ok_cylinder_inside_confirmed
2026-09-20 15:15:13,2026-09-20,19398975,29626,39,104.02020263671875,,31.30609130859375,0.7937365770339966,856.7671508789062,202.034912109375,1027.45556640625,320.95538330078125,170.68841552734375,118.92047119140625,20298.34680142626,942.111328125,261.4951477050781,1920,1080,855.724365234375,228.27769470214844,959.5010375976562,235.3914337158203,103.77667236328125,7.113739013671875,3.921407407997935,left,False,"{'safe_roi': (450, 80, 1500, 420), 'cylinder_roi': (800, 190, 1000, 300)}",ok_cylinder_inside_confirmed
2026-09-20 15:15:18,2026-09-20,19399050,29626,39,99.3464126586914,,33.194091796875,0.7892193794250488,859.374267578125,201.4432373046875,1028.7547607421875,319.81365966796875,169.3804931640625,118.37042236328125,20049.64051593095,944.0645141601562,260.6284484863281,1920,1080,860.2144165039062,228.3673095703125,959.3656616210938,234.59149169921875,99.1512451171875,6.22418212890625,3.592007676487579,left,False,"{'safe_roi': (450, 80, 1500, 420), 'cylinder_roi': (800, 190, 1000, 300)}",ok_cylinder_inside_confirmed
2026-09-20 15:15:23,2026-09-20,19399128,29626,39,98.73680114746094,,35.11126708984375,0.7811717987060547,859.857666015625,201.03839111328125,1027.8363037109375,318.3004150390625,167.9786376953125,117.26202392578125,19697.515032447875,943.8469848632812,259.6694030761719,1920,1080,858.7945556640625,228.35223388671875,957.4293212890625,232.83981323242188,98.634765625,4.487579345703125,2.6049858309137632,left,False,"{'safe_roi': (450, 80, 1500, 420), 'cylinder_roi': (800, 190, 1000, 300)}",ok_cylinder_inside_confirmed
2026-09-20 15:15:28,2026-09-20,19399206,29626,39,94.8247299194336,,36.03883361816406,0.7813259363174438,860.1224365234375,200.97116088867188,1028.4722900390625,318.6462097167969,168.349853515625,117.675048828125,19810.577232658863,944.29736328125,259.8086853027344,1920,1080,861.0230712890625,228.25140380859375,955.779296875,231.85507202148438,94.7562255859375,3.603668212890625,2.1779626530911753,left,False,"{'safe_roi': (450, 80, 1500, 420), 'cylinder_roi': (800, 190, 1000, 300)}",ok_cylinder_inside_confirmed
2026-09-20 15:15:33,2026-09-20,19399282,29626,39,84.30319213867188,,39.27467346191406,0.781599223613739,860.4979248046875,201.0940704345703,1027.7833251953125,318.2777404785156,167.285400390625,117.18367004394531,19603.11716254428,944.140625,259.6859130859375,1920,1080,866.234375,229.48899841308594,950.5067138671875,231.76947021484375,84.2723388671875,2.2804718017578125,1.55008786470812,left,False,"{'safe_roi': (450, 80, 1500, 420), 'cylinder_roi': (800, 190, 1000, 300)}",ok_cylinder_inside_confirmed
2026-09-20 15:15:38,2026-09-20,19399357,29626,39,93.04059600830078,,37.66172790527344,0.7817980647087097,860.3444213867188,201.74783325195312,1027.925537109375,318.4751892089844,167.58111572265625,116.72735595703125,19561.300546634942,944.135009765625,260.11151123046875,1920,1080,862.7245483398438,229.75009155273438,955.6812744140625,233.69964599609375,92.95672607421875,3.949554443359375,2.4329253685580925,left,False,"{'safe_roi': (450, 80, 1500, 420), 'cylinder_roi': (800, 190, 1000, 300)}",ok_cylinder_inside_confirmed
2026-09-20 15:15:43,2026-09-20,19399434,29626,39,101.88851928710938,,31.864578247070312,0.7841324806213379,855.9054565429688,201.90509033203125,1026.44287109375,319.3714599609375,170.53741455078125,117.46636962890625,20032.410973180085,941.1741943359375,260.6382751464844,1920,1080,856.9478759765625,228.54354858398438,958.7008666992188,233.797119140625,101.75299072265625,5.253570556640625,2.955592536404301,left,False,"{'safe_roi': (450, 80, 1500, 420), 'cylinder_roi': (800, 190, 1000, 300)}",ok_cylinder_inside_confirmed
2026-09-20 15:15:48,2026-09-20,19399507,29626,39,95.01922607421875,,32.21307373046875,0.7855575680732727,855.4048461914062,201.53192138671875,1025.704833984375,320.30462646484375,170.29998779296875,118.772705078125,20226.990224942565,940.5548095703125,260.91827392578125,1920,1080,858.5748901367188,228.43145751953125,953.4203491210938,234.17538452148438,94.845458984375,5.743927001953125,3.4656515973417106,left,False,"{'safe_roi': (450, 80, 1500, 420), 'cylinder_roi': (800, 190, 1000, 300)}",ok_cylinder_inside_confirmed
2026-09-20 15:15:53,2026-09-20,19399582,29626,39,89.74220275878906,,34.30517578125,0.7854979038238525,856.2850341796875,200.892333984375,1025.5902099609375,319.91253662109375,169.30517578125,119.02020263671875,20150.736328929663,940.9376220703125,260.4024353027344,1920,1080,862.717529296875,229.35862731933594,952.37353515625,233.2910614013672,89.656005859375,3.93243408203125,2.5114609346063377,left,False,"{'safe_roi': (450, 80, 1500, 420), 'cylinder_roi': (800, 190, 1000, 300)}",ok_cylinder_inside_confirmed
2026-09-20 15:15:58,2026-09-20,19399656,29626,39,85.96517181396484,,37.0833740234375,0.782230794429779,855.6633911132812,200.4970703125,1024.7861328125,320.42449951171875,169.12274169921875,119.92742919921875,20282.455631110817,940.2247314453125,260.4607849121094,1920,1080,864.0639038085938,230.63284301757812,950.0162353515625,232.1185302734375,85.95233154296875,1.485687255859375,0.9902597395530626,left,False,"{'safe_roi': (450, 80, 1500, 420), 'cylinder_roi': (800, 190, 1000, 300)}",ok_cylinder_inside_confirmed
2026-09-20 15:16:03,2026-09-20,19399730,29626,39,94.8059310913086,,33.84095764160156,0.7820549607276917,856.09130859375,201.49957275390625,1025.1412353515625,319.92413330078125,169.0499267578125,118.424560546875,20019.66328677535,940.6162719726562,260.71185302734375,1920,1080,859.7987060546875,229.05865478515625,954.5452880859375,232.41268920898438,94.74658203125,3.354034423828125,2.0274272555126815,left,False,"{'safe_roi': (450, 80, 1500, 420), 'cylinder_roi': (800, 190, 1000, 300)}",ok_cylinder_inside_confirmed
2026-09-20 15:16:09,2026-09-20,19399807,29626,39,88.77125549316406,,36.77040100097656,0.7687339186668396,850.5595092773438,206.5225372314453,1017.7824096679688,318.37579345703125,167.222900390625,111.85325622558594,18704.425924178213,934.1709594726562,262.44915771484375,1920,1080,859.201416015625,235.55026245117188,947.97265625,235.5034942626953,88.771240234375,0.0467681884765625,0.030185672298668528,left,False,"{'safe_roi': (450, 80, 1500, 420), 'cylinder_roi': (800, 190, 1000, 300)}",ok_cylinder_inside_confirmed
2026-09-20 15:16:14,2026-09-20,19399885,29626,39,93.44244384765625,,36.168121337890625,0.7829625010490417,848.6382446289062,205.2125244140625,1016.5626831054688,316.09033203125,167.9244384765625,110.8778076171875,18619.093583628535,932.6004638671875,260.65142822265625,1920,1080,856.4534301757812,233.7259521484375,949.877197265625,235.59420776367188,93.42376708984375,1.868255615234375,1.1456281361403484,left,False,"{'safe_roi': (450, 80, 1500, 420), 'cylinder_roi': (800, 190, 1000, 300)}",ok_cylinder_inside_confirmed
2026-09-20 15:16:19,2026-09-20,19399961,29626,39,97.72703552246094,,33.7713623046875,0.7757366895675659,848.2424926757812,205.21385192871094,1016.0463256835938,317.42315673828125,167.8038330078125,112.20930480957031,18829.15144618787,932.1444091796875,261.3185119628906,1920,1080,856.10009765625,233.55792236328125,953.747314453125,237.50682067871094,97.647216796875,3.9488983154296875,2.31580575393302,left,False,"{'safe_roi': (450, 80, 1500, 420), 'cylinder_roi': (800, 190, 1000, 300)}",ok_cylinder_inside_confirmed
2026-09-20 15:16:24,2026-09-20,19400035,29626,39,99.6761703491211,,33.00517272949219,0.777308464050293,849.4673461914062,203.56915283203125,1017.7843627929688,319.47222900390625,168.3170166015625,115.903076171875,19508.459996193647,933.6258544921875,261.52069091796875,1920,1080,856.1666870117188,232.5904083251953,955.6475219726562,238.82754516601562,99.4808349609375,6.2371368408203125,3.5875700887572335,left,False,"{'safe_roi': (450, 80, 1500, 420), 'cylinder_roi': (800, 190, 1000, 300)}",ok_cylinder_inside_confirmed
2026-09-20 15:16:29,2026-09-20,19400112,29626,39,99.40045166015625,,34.36175537109375,0.7744283080101013,853.9470825195312,204.195556640625,1022.2703247070312,318.96240234375,168.3232421875,114.766845703125,19317.927564382553,938.1087036132812,261.5789794921875,1920,1080,855.7067260742188,235.6114501953125,955.0822143554688,237.83905029296875,99.37548828125,2.22760009765625,1.2841266524242334,left,False,"{'safe_roi': (450, 80, 1500, 420), 'cylinder_roi': (800, 190, 1000, 300)}",ok_cylinder_inside_confirmed
2026-09-20 15:16:37,2026-09-20,19400226,29626,39,84.32927703857422,,34.897430419921875,0.7730549573898315,851.5523071289062,206.29904174804688,1016.5183715820312,319.3667297363281,164.966064453125,113.06768798828125,18652.331504240632,934.0353393554688,262.8328857421875,1920,1080,861.72314453125,237.60113525390625,945.9957275390625,234.5094451904297,84.2725830078125,3.0916900634765625,2.1010556167125674,left,False,"{'safe_roi': (450, 80, 1500, 420), 'cylinder_roi': (800, 190, 1000, 300)}",ok_cylinder_inside_confirmed
2026-09-20 15:16:42,2026-09-20,19400301,29626,39,85.25336456298828,,36.11351013183594,0.7697179317474365,850.65966796875,205.61038208007812,1017.1744384765625,318.7302551269531,166.5147705078125,113.119873046875,18836.129700273275,933.9170532226562,262.1703186035156,1920,1080,862.3663330078125,237.63531494140625,947.5731811523438,234.8193359375,85.20684814453125,2.81597900390625,1.892864402285765,left,False,"{'safe_roi': (450, 80, 1500, 420), 'cylinder_roi': (800, 190, 1000, 300)}",ok_cylinder_inside_confirmed
2026-09-20 15:16:49,2026-09-20,19400412,29626,39,82.57772064208984,,33.872314453125,0.7820656895637512,852.1611938476562,205.89688110351562,1016.6224975585938,321.4747619628906,164.4613037109375,115.577880859375,19008.088966280222,934.391845703125,263.6858215332031,1920,1080,864.5260009765625,235.42396545410156,947.100341796875,234.67645263671875,82.5743408203125,0.7475128173828125,0.5186618415675995,left,False,"{'safe_roi': (450, 80, 1500, 420), 'cylinder_roi': (800, 190, 1000, 300)}",ok_cylinder_inside_confirmed
2026-09-20 15:16:54,2026-09-20,19400487,29626,39,87.13835906982422,,33.01979064941406,0.7865691781044006,853.371826171875,205.15087890625,1024.957763671875,321.95513916015625,171.5859375,116.80426025390625,20041.968499660492,939.164794921875,263.5530090332031,1920,1080,867.0242309570312,233.53561401367188,954.1471557617188,235.17572021484375,87.1229248046875,1.640106201171875,1.0784769347322918,left,False,"{'safe_roi': (450, 80, 1500, 420), 'cylinder_roi': (800, 190, 1000, 300)}",ok_cylinder_inside_confirmed
2026-09-20 15:16:59,2026-09-20,19400562,29626,39,94.32498168945312,,33.126434326171875,0.794611930847168,855.7150268554688,204.62245178222656,1028.9560546875,320.689697265625,173.24102783203125,116.06724548339844,20107.608905176632,942.3355712890625,262.65606689453125,1920,1080,863.59814453125,236.65626525878906,957.9180908203125,237.6309051513672,94.3199462890625,0.974639892578125,0.5920355886955584,left,False,"{'safe_roi': (450, 80, 1500, 420), 'cylinder_roi': (800, 190, 1000, 300)}",ok_cylinder_inside_confirmed
2026-09-20 15:17:04,2026-09-20,19400640,29626,39,97.54500579833984,,30.60125732421875,0.7925318479537964,855.267333984375,207.19647216796875,1026.0072021484375,322.99993896484375,170.7398681640625,115.803466796875,19772.268653839827,940.6372680664062,265.09820556640625,1920,1080,862.8935546875,239.52365112304688,960.4337768554688,238.5572509765625,97.54022216796875,0.966400146484375,0.5676513423175265,left,False,"{'safe_roi': (450, 80, 1500, 420), 'cylinder_roi': (800, 190, 1000, 300)}",ok_cylinder_inside_confirmed
2026-09-20 15:17:10,2026-09-20,19400718,29626,39,95.0966796875,,33.482666015625,0.7820330262184143,855.1521606445312,211.62063598632812,1023.2695922851562,326.9721374511719,168.117431640625,115.35150146484375,19392.598162159324,939.2108764648438,269.29638671875,1920,1080,869.13134765625,241.6162567138672,964.1859130859375,244.44613647460938,95.0545654296875,2.8298797607421875,1.7052551754305982,left,False,"{'safe_roi': (450, 80, 1500, 420), 'cylinder_roi': (800, 190, 1000, 300)}",ok_cylinder_inside_confirmed
2026-09-20 15:17:15,2026-09-20,19400794,29626,39,101.9195327758789,,27.495437622070312,0.7862628102302551,856.5617065429688,212.11679077148438,1024.34130859375,327.3115539550781,167.77960205078125,115.19476318359375,19327.331525277346,940.4515380859375,269.71417236328125,1920,1080,861.4788208007812,240.27166748046875,963.2073974609375,246.50762939453125,101.72857666015625,6.2359619140625,3.5078419766566404,left,False,"{'safe_roi': (450, 80, 1500, 420), 'cylinder_roi': (800, 190, 1000, 300)}",ok_cylinder_inside_confirmed
2026-09-20 15:17:20,2026-09-20,19400869,29626,39,89.42536163330078,,29.18359375,0.7922335863113403,859.027587890625,213.7533721923828,1027.099609375,330.26251220703125,168.072021484375,116.50914001464844,19581.926683668047,943.0635986328125,272.0079345703125,1920,1080,877.0812377929688,242.88059997558594,966.4542236328125,245.94082641601562,89.37298583984375,3.0602264404296875,1.9611024610173102,left,False,"{'safe_roi': (450, 80, 1500, 420), 'cylinder_roi': (800, 190, 1000, 300)}",ok_cylinder_inside_confirmed
2026-09-20 15:17:25,2026-09-20,19400949,29626,39,99.67437744140625,,33.277099609375,0.7696557641029358,846.5826416015625,204.3495635986328,1018.8399658203125,317.7757873535156,172.25732421875,113.42622375488281,19538.49780025333,932.7113037109375,261.06268310546875,1920,1080,856.1480712890625,229.74453735351562,955.2119750976562,240.75930786132812,99.06390380859375,11.0147705078125,6.344573770652683,left,False,"{'safe_roi': (450, 80, 1500, 420), 'cylinder_roi': (800, 190, 1000, 300)}",ok_cylinder_inside_confirmed
2026-09-20 15:17:30,2026-09-20,19401024,29626,39,97.54651641845703,,36.6318359375,0.7969653606414795,845.9894409179688,202.63487243652344,1018.6124877929688,316.661865234375,172.623046875,114.02699279785156,19683.686922758818,932.3009643554688,259.64837646484375,1920,1080,855.9012451171875,231.80715942382812,953.4190673828125,234.17286682128906,97.517822265625,2.3657073974609375,1.3896789918822297,left,False,"{'safe_roi': (450, 80, 1500, 420), 'cylinder_roi': (800, 190, 1000, 300)}",ok_cylinder_inside_confirmed
2026-09-20 15:17:35,2026-09-20,19401102,29626,39,98.82086181640625,,25.601959228515625,0.7791203260421753,847.46630859375,204.31349182128906,1017.5302734375,318.6882019042969,170.06396484375,114.37471008300781,19451.01667457074,932.498291015625,261.5008544921875,1920,1080,851.907958984375,225.87301635742188,949.934814453125,238.37493896484375,98.02685546875,12.501922607421875,7.268020589008829,left,False,"{'safe_roi': (450, 80, 1500, 420), 'cylinder_roi': (800, 190, 1000, 300)}",ok_cylinder_inside_confirmed
2026-09-20 15:17:40,2026-09-20,19401178,29626,39,98.47409057617188,,28.720947265625,0.7761443853378296,846.5557250976562,206.1280517578125,1016.3890991210938,318.88427734375,169.8333740234375,112.7562255859375,19149.770233407617,931.472412109375,262.50616455078125,1920,1080,853.62646484375,228.62481689453125,951.6668090820312,237.85719299316406,98.04034423828125,9.232376098632812,5.379630530326357,left,False,"{'safe_roi': (450, 80, 1500, 420), 'cylinder_roi': (800, 190, 1000, 300)}",ok_cylinder_inside_confirmed
2026-09-20 15:17:45,2026-09-20,19401255,29626,39,91.05587768554688,,38.27357482910156,0.7945984601974487,850.144287109375,208.68434143066406,1020.3355712890625,323.02734375,170.1912841796875,114.34300231933594,19460.18240168877,935.2399291992188,265.8558349609375,1920,1080,863.379638671875,237.05740356445312,954.4326171875,237.7843780517578,91.052978515625,0.7269744873046875,0.45744450751063226,left,False,"{'safe_roi': (450, 80, 1500, 420), 'cylinder_roi': (800, 190, 1000, 300)}",ok_cylinder_inside_confirmed
2026-09-20 15:17:50,2026-09-20,19401332,29626,39,89.7852783203125,,36.052581787109375,0.779138445854187,853.0629272460938,208.7242431640625,1023.5087280273438,327.2557373046875,170.44580078125,118.531494140625,20203.19543659687,938.2858276367188,267.989990234375,1920,1080,865.5568237304688,239.26832580566406,955.3228759765625,241.12628173828125,89.76605224609375,1.8579559326171875,1.1857248181394624,left,False,"{'safe_roi': (450, 80, 1500, 420), 'cylinder_roi': (800, 190, 1000, 300)}",ok_cylinder_inside_confirmed
2026-09-20 15:17:55,2026-09-20,19401408,29626,39,90.82215118408203,,32.5643310546875,0.7858133912086487,853.7401123046875,210.49844360351562,1025.1932373046875,327.9458923339844,171.453125,117.44744873046875,20136.73210811615,939.4666748046875,269.22216796875,1920,1080,868.4659423828125,236.40089416503906,959.2144775390625,240.05685424804688,90.74853515625,3.6559600830078125,2.3070109892236865,left,False,"{'safe_roi': (450, 80, 1500, 420), 'cylinder_roi': (800, 190, 1000, 300)}",ok_cylinder_inside_confirmed
2026-09-20 15:18:00,2026-09-20,19401486,29626,39,89.58525848388672,,31.843582153320312,0.7998534440994263,857.8323364257812,213.170166015625,1027.5458984375,329.4761962890625,169.71356201171875,116.3060302734375,19738.710681147873,942.6890869140625,271.32318115234375,1920,1080,874.8079223632812,241.96200561523438,964.2989501953125,246.06993103027344,89.49102783203125,4.1079254150390625,2.6282152419991456,left,False,"{'safe_roi': (450, 80, 1500, 420), 'cylinder_roi': (800, 190, 1000, 300)}",ok_cylinder_inside_confirmed
2026-09-20 15:18:05,2026-09-20,19401563,29626,39,87.49677276611328,,30.8602294921875,0.7924058437347412,860.0757446289062,214.09764099121094,1028.2462158203125,332.94976806640625,168.17047119140625,118.85212707519531,19987.418212336488,944.1610107421875,273.5237121582031,1920,1080,878.0462036132812,239.6036834716797,965.2764892578125,246.42739868164062,87.23028564453125,6.8237152099609375,4.472936169703123,left,False,"{'safe_roi': (450, 80, 1500, 420), 'cylinder_roi': (800, 190, 1000, 300)}",ok_cylinder_inside_confirmed
2026-09-20 15:18:14,2026-09-20,19401696,29626,39,99.36015319824219,,38.3731689453125,0.7818299531936646,849.0029296875,201.13287353515625,1023.0419921875,317.05303955078125,174.0390625,115.920166015625,20174.637018203735,936.0224609375,259.09295654296875,1920,1080,859.5064086914062,223.95877075195312,958.1142578125,236.16253662109375,98.60784912109375,12.203765869140625,7.0550854232802545,left,False,"{'safe_roi': (450, 80, 1500, 420), 'cylinder_roi': (800, 190, 1000, 300)}",ok_cylinder_inside_confirmed
2026-09-20 15:18:19,2026-09-20,19401772,29626,39,106.06360626220703,,32.56629943847656,0.7764303088188171,848.9807739257812,200.6691131591797,1018.5178833007812,316.12957763671875,169.537109375,115.46046447753906,19574.833394616842,933.7493286132812,258.39935302734375,1920,1080,853.0756225585938,221.22152709960938,958.3011474609375,234.52854919433594,105.22552490234375,13.307022094726562,7.207474755398672,left,False,"{'safe_roi': (450, 80, 1500, 420), 'cylinder_roi': (800, 190, 1000, 300)}",ok_cylinder_inside_confirmed
2026-09-20 15:18:24,2026-09-20,19401849,29626,39,97.33101654052734,,30.830001831054688,0.7673969864845276,848.753662109375,201.3137664794922,1016.2476806640625,315.51043701171875,167.4940185546875,114.19667053222656,19127.25925300829,932.5006713867188,258.412109375,1920,1080,856.3271484375,226.73886108398438,953.278076171875,235.3321533203125,96.950927734375,8.593292236328125,5.065202228384893,left,False,"{'safe_roi': (450, 80, 1500, 420), 'cylinder_roi': (800, 190, 1000, 300)}",ok_cylinder_inside_confirmed
2026-09-20 15:18:29,2026-09-20,19401924,29626,39,95.08385467529297,,36.06950378417969,0.7750588655471802,848.5173950195312,201.6355743408203,1015.2634887695312,314.9704895019531,166.74609375,113.33491516113281,18898.15438860655,931.8904418945312,258.30303955078125,1920,1080,856.2147827148438,227.75411987304688,951.1439208984375,233.17617797851562,94.92913818359375,5.42205810546875,3.2690055343999553,left,False,"{'safe_roi': (450, 80, 1500, 420), 'cylinder_roi': (800, 190, 1000, 300)}",ok_cylinder_inside_confirmed
2026-09-20 15:18:34,2026-09-20,19401996,29626,39,100.41043090820312,,32.54408264160156,0.7638950347900391,850.4384765625,201.01217651367188,1016.1114501953125,316.6483459472656,165.6729736328125,115.63616943359375,19157.788049571216,933.2749633789062,258.83026123046875,1920,1080,851.0961303710938,223.2310333251953,951.0089111328125,233.21559143066406,99.91278076171875,9.98455810546875,5.706777646061326,left,False,"{'safe_roi': (450, 80, 1500, 420), 'cylinder_roi': (800, 190, 1000, 300)}",ok_cylinder_inside_confirmed
2026-09-20 15:18:39,2026-09-20,19402071,29626,39,88.99343872070312,,32.61309814453125,0.81828773021698,839.3681030273438,200.58575439453125,1003.6860961914062,310.12469482421875,164.3179931640625,109.5389404296875,17999.21886472404,921.527099609375,255.355224609375,1920,1080,856.1060180664062,219.7709503173828,944.7846069335938,227.25027465820312,88.6785888671875,7.4793243408203125,4.821027319063226,left,False,"{'safe_roi': (450, 80, 1500, 420), 'cylinder_roi': (800, 190, 1000, 300)}",ok_cylinder_inside_confirmed
2026-09-20 15:18:45,2026-09-20,19402163,29626,39,94.52061462402344,,30.4036865234375,0.7958478331565857,849.9788818359375,194.73849487304688,1015.6700439453125,311.3200378417969,165.691162109375,116.58154296875,19316.531334996223,932.824462890625,253.02926635742188,1920,1080,859.196533203125,224.01837158203125,953.580078125,229.1068878173828,94.383544921875,5.0885162353515625,3.0860095330932062,left,False,"{'safe_roi': (450, 80, 1500, 420), 'cylinder_roi': (800, 190, 1000, 300)}",ok_cylinder_inside_confirmed
2026-09-20 15:18:51,2026-09-20,19402256,29626,39,95.43585968017578,,26.212921142578125,0.771112859249115,849.1572265625,192.3172607421875,1016.0372314453125,311.3666076660156,166.8800048828125,119.04934692382812,19866.955595944077,932.5972290039062,251.84193420410156,1920,1080,862.9185791015625,225.44906616210938,958.2020263671875,230.840576171875,95.283447265625,5.391510009765625,3.2385658331758367,left,False,"{'safe_roi': (450, 80, 1500, 420), 'cylinder_roi': (800, 190, 1000, 300)}",ok_cylinder_inside_confirmed
2026-09-20 15:18:56,2026-09-20,19402330,29626,39,97.21937561035156,,34.37635803222656,0.7816271781921387,841.5244140625,197.712646484375,1011.5611572265625,310.1580505371094,170.0367431640625,112.44540405273438,19119.850288894027,926.5427856445312,253.9353485107422,1920,1080,854.222412109375,224.93450927734375,951.400146484375,227.77978515625,97.177734375,2.84527587890625,1.6770893039956467,left,False,"{'safe_roi': (450, 80, 1500, 420), 'cylinder_roi': (800, 190, 1000, 300)}",ok_cylinder_inside_confirmed
2026-09-20 15:19:01,2026-09-20,19402403,29626,39,100.58006286621094,,30.684478759765625,0.7729058265686035,844.0701293945312,199.20533752441406,1019.2614135742188,310.96710205078125,175.1912841796875,111.76176452636719,19579.68704956211,931.665771484375,255.08621215820312,1920,1080,855.2185668945312,225.1031036376953,955.7877807617188,223.62579345703125,100.5692138671875,1.4773101806640625,0.8415850910367834,left,False,"{'safe_roi': (450, 80, 1500, 420), 'cylinder_roi': (800, 190, 1000, 300)}",ok_cylinder_inside_confirmed
2026-09-20 15:19:06,2026-09-20,19402479,29626,39,101.51466369628906,,27.495498657226562,0.7965091466903687,849.6884155273438,199.31057739257812,1022.7614135742188,313.2655944824219,173.072998046875,113.95501708984375,19722.536450222135,936.2249145507812,256.2880859375,1920,1080,856.8731689453125,226.07154846191406,958.1800537109375,232.56320190429688,101.306884765625,6.4916534423828125,3.6664488473273273,left,False,"{'safe_roi': (450, 80, 1500, 420), 'cylinder_roi': (800, 190, 1000, 300)}",ok_cylinder_inside_confirmed
2026-09-20 15:19:12,2026-09-20,19402554,29626,39,90.86271667480469,,28.2998046875,0.7752605080604553,856.0658569335938,200.88938903808594,1024.27197265625,316.93011474609375,168.20611572265625,116.04072570800781,19518.759736982174,940.1689453125,258.9097595214844,1920,1080,871.1583251953125,230.03500366210938,961.7415771484375,237.15589904785156,90.583251953125,7.1208953857421875,4.494869643058652,left,False,"{'safe_roi': (450, 80, 1500, 420), 'cylinder_roi': (800, 190, 1000, 300)}",ok_cylinder_inside_confirmed
2026-09-20 15:19:17,2026-09-20,19402627,29626,39,95.67881774902344,,30.164047241210938,0.775784969329834,857.5780029296875,202.1490478515625,1018.4788818359375,315.76544189453125,160.90087890625,113.61639404296875,18280.9776596725,938.0284423828125,258.9572448730469,1920,1080,858.3142700195312,223.5649871826172,953.5540771484375,232.72006225585938,95.23980712890625,9.155075073242188,5.490775516746442,left,False,"{'safe_roi': (450, 80, 1500, 420), 'cylinder_roi': (800, 190, 1000, 300)}",ok_cylinder_inside_confirmed
2026-09-20 15:19:22,2026-09-20,19402704,29626,39,96.31177520751953,,31.92236328125,0.7731573581695557,857.573486328125,202.1389923095703,1018.4366455078125,316.11065673828125,160.8631591796875,113.97166442871094,18333.841996969655,938.0050659179688,259.12481689453125,1920,1080,856.8115234375,230.37258911132812,953.0700073242188,233.57614135742188,96.25848388671875,3.20355224609375,1.9061416060328193,left,False,"{'safe_roi': (450, 80, 1500, 420), 'cylinder_roi': (800, 190, 1000, 300)}",ok_cylinder_inside_confirmed
2026-09-20 15:19:27,2026-09-20,19402781,29626,39,95.4581298828125,,28.67327880859375,0.776602566242218,856.955078125,201.8473358154297,1016.3397216796875,316.4502868652344,159.3846435546875,114.60295104980469,18265.95050338842,936.6473999023438,259.1488037109375,1920,1080,857.5244140625,228.33181762695312,952.887939453125,232.58062744140625,95.363525390625,4.248809814453125,2.551059034386851,left,False,"{'safe_roi': (450, 80, 1500, 420), 'cylinder_roi': (800, 190, 1000, 300)}",ok_cylinder_inside_confirmed
2026-09-20 15:19:32,2026-09-20,19402857,29626,39,97.28487396240234,,31.808731079101562,0.7712792158126831,859.0844116210938,202.27525329589844,1017.6808471679688,317.67919921875,158.596435546875,115.40394592285156,18302.654471408576,938.3826293945312,259.97723388671875,1920,1080,856.545654296875,232.95802307128906,953.8037109375,235.2421417236328,97.258056640625,2.28411865234375,1.345351846213409,left,False,"{'safe_roi': (450, 80, 1500, 420), 'cylinder_roi': (800, 190, 1000, 300)}",ok_cylinder_inside_confirmed
2026-09-20 15:19:37,2026-09-20,19402932,29626,39,88.29398345947266,,34.23445129394531,0.7587878704071045,857.835205078125,202.21546936035156,1012.497802734375,316.0426940917969,154.66259765625,113.82722473144531,17604.814260967076,935.16650390625,259.12908935546875,1920,1080,862.3340454101562,233.1063232421875,950.62158203125,234.17347717285156,88.28753662109375,1.0671539306640625,0.692514948307541,left,False,"{'safe_roi': (450, 80, 1500, 420), 'cylinder_roi': (800, 190, 1000, 300)}",ok_cylinder_inside_confirmed
2026-09-20 15:19:42,2026-09-20,19403008,29626,39,81.77288055419922,,38.137725830078125,0.7786953449249268,858.1605224609375,202.13967895507812,1013.024169921875,316.3462829589844,154.8636474609375,114.20660400390625,17686.45126017183,935.5923461914062,259.24298095703125,1920,1080,865.9642333984375,233.81491088867188,947.6904907226562,231.0539093017578,81.72625732421875,2.7610015869140625,1.9349178699921525,left,False,"{'safe_roi': (450, 80, 1500, 420), 'cylinder_roi': (800, 190, 1000, 300)}",ok_cylinder_inside_confirmed
2026-09-20 15:19:47,2026-09-20,19403080,29626,39,82.11527252197266,,36.683563232421875,0.7698867917060852,858.007080078125,203.00802612304688,1009.906005859375,316.1007995605469,151.89892578125,113.0927734375,17178.670798778534,933.95654296875,259.5544128417969,1920,1080,864.3291015625,233.53817749023438,946.41650390625,231.39886474609375,82.08740234375,2.139312744140625,1.4928703866646311,left,False,"{'safe_roi': (450, 80, 1500, 420), 'cylinder_roi': (800, 190, 1000, 300)}",ok_cylinder_inside_confirmed
2026-09-20 15:19:52,2026-09-20,19403155,29626,39,82.53871154785156,,35.86131286621094,0.7656505107879639,855.0216674804688,203.2341766357422,1010.5466918945312,316.349853515625,155.5250244140625,113.11567687988281,17592.31840835698,932.7841796875,259.7920227050781,1920,1080,861.4235229492188,236.3065948486328,943.7730102539062,230.72085571289062,82.3494873046875,5.5857391357421875,3.880410427501297,left,False,"{'safe_roi': (450, 80, 1500, 420), 'cylinder_roi': (800, 190, 1000, 300)}",ok_cylinder_inside_confirmed
2026-09-20 15:19:57,2026-09-20,19403228,29626,39,76.15589904785156,,39.39361572265625,0.7661529183387756,858.7216796875,202.12274169921875,1010.7352294921875,316.7606201171875,152.0135498046875,114.63787841796875,17426.510840393603,934.7284545898438,259.4416809082031,1920,1080,868.8951416015625,231.91940307617188,945.020751953125,229.77169799804688,76.1256103515625,2.147705078125,1.6160370090001996,left,False,"{'safe_roi': (450, 80, 1500, 420), 'cylinder_roi': (800, 190, 1000, 300)}",ok_cylinder_inside_confirmed
2026-09-20 15:20:02,2026-09-20,19403302,29626,39,96.87620544433594,,29.237823486328125,0.7767657041549683,861.7562255859375,201.84799194335938,1017.906005859375,317.1377258300781,156.1497802734375,115.28973388671875,18002.466614194214,939.8311157226562,259.49285888671875,1920,1080,859.4136962890625,232.31214904785156,956.1513061523438,237.4923095703125,96.73760986328125,5.1801605224609375,3.065179458670476,left,False,"{'safe_roi': (450, 80, 1500, 420), 'cylinder_roi': (800, 190, 1000, 300)}",ok_cylinder_inside_confirmed
2026-09-20 15:21:13,2026-09-20,19404366,29626,40,97.49778747558594,,29.545578002929688,0.7865318655967712,866.4141845703125,201.0466766357422,1025.8160400390625,319.9261474609375,159.40185546875,118.87947082519531,18949.608226679265,946.1151123046875,260.4864196777344,1920,1080,860.967041015625,222.99913024902344,957.8291625976562,234.11434936523438,96.86212158203125,11.115219116210938,6.5462287155167065,left,False,"{'safe_roi': (450, 80, 1500, 420), 'cylinder_roi': (800, 190, 1000, 300)}",ok_cylinder_inside_confirmed
2026-09-20 15:21:31,2026-09-20,19404624,29626,40,90.68795776367188,,25.596893310546875,0.7829316258430481,861.0038452148438,197.6296844482422,1017.1788940429688,316.9171447753906,156.175048828125,119.28746032714844,18629.72494117543,939.0913696289062,257.2734069824219,1920,1080,866.1266479492188,224.187255859375,956.3753662109375,233.10208129882812,90.24871826171875,8.914825439453125,5.641411915714157,left,False,"{'safe_roi': (450, 80, 1500, 420), 'cylinder_roi': (800, 190, 1000, 300)}",ok_cylinder_inside_confirmed
2026-09-20 15:21:47,2026-09-20,19404876,29626,40,93.91400146484375,,25.592575073242188,0.7763582468032837,861.2848510742188,197.7618408203125,1016.3540649414062,317.67144775390625,155.0692138671875,119.90960693359375,18594.28848231584,938.8194580078125,257.7166442871094,1920,1080,859.5621948242188,219.08331298828125,952.6277465820312,231.67868041992188,93.0655517578125,12.595367431640625,7.70750361826669,left,False,"{'safe_roi': (450, 80, 1500, 420), 'cylinder_roi': (800, 190, 1000, 300)}",ok_cylinder_inside_confirmed
2026-09-20 15:21:53,2026-09-20,19404952,29626,40,84.63907623291016,,32.703521728515625,0.7431737780570984,862.6277465820312,199.19937133789062,1013.8413696289062,316.6059265136719,151.213623046875,117.40655517578125,17753.470577582717,938.2345581054688,257.90264892578125,1920,1080,862.265869140625,221.67922973632812,946.4872436523438,230.07765197753906,84.22137451171875,8.398422241210938,5.6946189784414445,left,False,"{'safe_roi': (450, 80, 1500, 420), 'cylinder_roi': (800, 190, 1000, 300)}",ok_cylinder_inside_confirmed
2026-09-20 15:21:58,2026-09-20,19405024,29626,40,89.06729888916016,,25.104339599609375,0.7615704536437988,860.8806762695312,199.0543670654297,1013.0037231445312,315.69561767578125,152.123046875,116.64125061035156,17743.822434157133,936.9421997070312,257.375,1920,1080,860.3092041015625,220.9307098388672,948.5390014648438,233.11624145507812,88.22979736328125,12.185531616210938,7.8634484253843775,left,False,"{'safe_roi': (450, 80, 1500, 420), 'cylinder_roi': (800, 190, 1000, 300)}",ok_cylinder_inside_confirmed
2026-09-20 15:22:03,2026-09-20,19405095,29626,40,78.21497344970703,,36.502716064453125,0.7706809639930725,860.900634765625,199.06396484375,1011.626220703125,314.8115234375,150.7255859375,115.74755859375,17446.118589878082,936.263427734375,256.937744140625,1920,1080,866.9212036132812,220.35440063476562,945.0693969726562,223.58575439453125,78.148193359375,3.231353759765625,2.3677773857947964,left,False,"{'safe_roi': (450, 80, 1500, 420), 'cylinder_roi': (800, 190, 1000, 300)}",ok_cylinder_inside_confirmed
2026-09-20 15:22:08,2026-09-20,19405170,29626,40,79.16019439697266,,31.271209716796875,0.7540497183799744,858.674560546875,200.14794921875,1005.5582275390625,313.36322021484375,146.8836669921875,113.21527099609375,16629.4741634205,932.1163940429688,256.7555847167969,1920,1080,864.9273681640625,222.72146606445312,944.0050048828125,226.33587646484375,79.07763671875,3.614410400390625,2.6170031983267257,left,False,"{'safe_roi': (450, 80, 1500, 420), 'cylinder_roi': (800, 190, 1000, 300)}",ok_cylinder_inside_confirmed
2026-09-20 15:22:13,2026-09-20,19405247,29626,40,82.22565460205078,,36.10939025878906,0.7585253119468689,859.5702514648438,200.89871215820312,1005.7699584960938,315.0093688964844,146.19970703125,114.11065673828125,16682.944584280252,932.6701049804688,257.95404052734375,1920,1080,863.09912109375,224.45535278320312,945.3025512695312,226.36700439453125,82.20343017578125,1.911651611328125,1.3321807961770684,left,False,"{'safe_roi': (450, 80, 1500, 420), 'cylinder_roi': (800, 190, 1000, 300)}",ok_cylinder_inside_confirmed
2026-09-20 15:22:18,2026-09-20,19405327,29626,40,76.64796447753906,,34.12107849121094,0.7471229434013367,857.7803955078125,200.0015869140625,1004.913330078125,314.5511474609375,147.1329345703125,114.549560546875,16854.01299700141,931.3468627929688,257.2763671875,1920,1080,868.094482421875,226.96005249023438,944.7255859375,225.35244750976562,76.631103515625,1.60760498046875,1.2018027608617468,left,False,"{'safe_roi': (450, 80, 1500, 420), 'cylinder_roi': (800, 190, 1000, 300)}",ok_cylinder_inside_confirmed
2026-09-20 15:22:23,2026-09-20,19405402,29626,40,80.7340087890625,,30.461990356445312,0.7609474062919617,860.687744140625,198.9867706298828,1005.463134765625,312.53912353515625,144.775390625,113.55235290527344,16439.586248248816,933.075439453125,255.762939453125,1920,1080,864.1995239257812,224.18399047851562,944.869873046875,227.38937377929688,80.67034912109375,3.20538330078125,2.275413156623774,left,False,"{'safe_roi': (450, 80, 1500, 420), 'cylinder_roi': (800, 190, 1000, 300)}",ok_cylinder_inside_confirmed
2026-09-20 15:22:28,2026-09-20,19405479,29626,40,77.32784271240234,,27.802200317382812,0.7637815475463867,858.5463256835938,199.3485870361328,1006.3849487304688,313.9190673828125,147.838623046875,114.57048034667969,16937.94205627218,932.4656372070312,256.6338195800781,1920,1080,867.3141479492188,223.7740020751953,944.585693359375,226.7242431640625,77.27154541015625,2.9502410888671875,2.186500834008115,left,False,"{'safe_roi': (450, 80, 1500, 420), 'cylinder_roi': (800, 190, 1000, 300)}",ok_cylinder_inside_confirmed
2026-09-20 15:22:33,2026-09-20,19405556,29626,40,83.7403564453125,,24.622650146484375,0.7615584135055542,860.6029663085938,198.35360717773438,1006.5403442382812,313.6835021972656,145.9373779296875,115.32989501953125,16830.942476056516,933.5716552734375,256.0185546875,1920,1080,862.588623046875,223.93502807617188,946.219970703125,228.2064666748047,83.63134765625,4.2714385986328125,2.923819077059617,left,False,"{'safe_roi': (450, 80, 1500, 420), 'cylinder_roi': (800, 190, 1000, 300)}",ok_cylinder_inside_confirmed
2026-09-20 15:22:39,2026-09-20,19405647,29626,40,84.5750503540039,,19.802886962890625,0.7351726293563843,865.4804077148438,200.4040985107422,1014.0274047851562,313.6536865234375,148.5469970703125,113.24958801269531,16822.88621873595,939.75390625,257.0289001464844,1920,1080,864.1226806640625,226.44363403320312,948.2464599609375,235.16879272460938,84.123779296875,8.72515869140625,5.921436876395104,left,False,"{'safe_roi': (450, 80, 1500, 420), 'cylinder_roi': (800, 190, 1000, 300)}",ok_cylinder_inside_confirmed
2026-09-20 15:22:44,2026-09-20,19405727,29626,40,83.63555908203125,,23.91632080078125,0.7560662627220154,866.963623046875,198.25962829589844,1010.833251953125,310.9598693847656,143.86962890625,112.70024108886719,16214.14186310023,938.8984375,254.6097412109375,1920,1080,865.5836791992188,223.32662963867188,948.6421508789062,233.1346435546875,83.0584716796875,9.808013916015625,6.73462210823452,left,False,"{'safe_roi': (450, 80, 1500, 420), 'cylinder_roi': (800, 190, 1000, 300)}",ok_cylinder_inside_confirmed
2026-09-20 15:22:51,2026-09-20,19405826,29626,40,80.83915710449219,,13.493743896484375,0.6233982443809509,870.791015625,198.48829650878906,1019.256591796875,311.7345886230469,148.465576171875,113.24629211425781,16813.17600807175,945.0238037109375,255.1114501953125,1920,1080,880.7022094726562,228.93270874023438,961.4846801757812,231.95953369140625,80.782470703125,3.026824951171875,2.145802229662208,left,False,"{'safe_roi': (450, 80, 1500, 420), 'cylinder_roi': (800, 190, 1000, 300)}",ok_cylinder_inside_confirmed
2026-09-20 15:23:05,2026-09-20,19406036,29626,40,79.74879455566406,,11.95452880859375,0.6920654773712158,867.4019775390625,196.20574951171875,1017.968017578125,310.10797119140625,150.5660400390625,113.9022216796875,17149.806469962,942.6849975585938,253.1568603515625,1920,1080,874.204833984375,214.3994140625,953.2620849609375,224.87899780273438,79.0572509765625,10.479583740234375,7.550929367045592,left,False,"{'safe_roi': (450, 80, 1500, 420), 'cylinder_roi': (800, 190, 1000, 300)}",ok_cylinder_inside_confirmed
2026-09-20 15:23:10,2026-09-20,19406110,29626,40,85.59550476074219,,15.7818603515625,0.7733356952667236,867.3805541992188,195.26876831054688,1015.3463745117188,309.0516357421875,147.9658203125,113.78286743164062,16835.975317031145,941.3634643554688,252.1602020263672,1920,1080,868.0716552734375,212.0638427734375,952.8984375,223.50970458984375,84.8267822265625,11.44586181640625,7.6846309351634945,left,False,"{'safe_roi': (450, 80, 1500, 420), 'cylinder_roi': (800, 190, 1000, 300)}",ok_cylinder_inside_confirmed
2026-09-20 15:23:15,2026-09-20,19406188,29626,40,87.13528442382812,,14.46246337890625,0.7561771869659424,867.7883911132812,195.51480102539062,1017.8814086914062,308.9348449707031,150.093017578125,113.4200439453125,17023.5566495955,942.8348999023438,252.22482299804688,1920,1080,868.1055297851562,217.8988800048828,954.693359375,227.6510772705078,86.58782958984375,9.752197265625,6.4260178469215985,left,False,"{'safe_roi': (450, 80, 1500, 420), 'cylinder_roi': (800, 190, 1000, 300)}",ok_cylinder_inside_confirmed
2026-09-20 15:23:20,2026-09-20,19406263,29626,40,92.36366271972656,,28.434661865234375,0.7694829106330872,862.62890625,197.94996643066406,1021.740234375,308.6093444824219,159.111328125,110.65937805175781,17607.16061130166,942.1845703125,253.2796630859375,1920,1080,862.2977905273438,224.02554321289062,954.4700927734375,229.96795654296875,92.17230224609375,5.942413330078125,3.688794175667308,left,False,"{'safe_roi': (450, 80, 1500, 420), 'cylinder_roi': (800, 190, 1000, 300)}",ok_cylinder_inside_confirmed
2026-09-20 15:23:25,2026-09-20,19406337,29626,40,94.73439025878906,,31.4359130859375,0.7841445803642273,863.384521484375,197.47911071777344,1025.2652587890625,308.2096252441406,161.8807373046875,110.73051452636719,17925.13733365573,944.3248901367188,252.8443603515625,1920,1080,862.10693359375,227.60955810546875,956.7891845703125,230.75210571289062,94.6822509765625,3.142547607421875,1.9009755274986093,left,False,"{'safe_roi': (450, 80, 1500, 420), 'cylinder_roi': (800, 190, 1000, 300)}",ok_cylinder_inside_confirmed
2026-09-20 15:23:30,2026-09-20,19406417,29626,40,90.54412078857422,,31.850189208984375,0.7679142951965332,861.8132934570312,197.01080322265625,1025.1258544921875,308.22052001953125,163.31256103515625,111.209716796875,18161.94366209209,943.4696044921875,252.61566162109375,1920,1080,868.21923828125,226.21800231933594,958.4080810546875,234.23118591308594,90.1888427734375,8.01318359375,5.077337216334532,left,False,"{'safe_roi': (450, 80, 1500, 420), 'cylinder_roi': (800, 190, 1000, 300)}",ok_cylinder_inside_confirmed
2026-09-20 15:23:35,2026-09-20,19406494,29626,40,92.8985366821289,,33.0306396484375,0.765585720539093,860.3284912109375,198.19480895996094,1024.55419921875,310.4803466796875,164.2257080078125,112.28553771972656,18440.17193106003,942.4413452148438,254.33758544921875,1920,1080,862.8131713867188,226.78465270996094,955.5345458984375,232.5192108154297,92.72137451171875,5.73455810546875,3.5390761550335204,left,False,"{'safe_roi': (450, 80, 1500, 420), 'cylinder_roi': (800, 190, 1000, 300)}",ok_cylinder_inside_confirmed
2026-09-20 15:23:41,2026-09-20,19406596,29626,40,104.48835754394531,,34.79484558105469,0.7728132009506226,832.0534057617188,199.11708068847656,998.1834106445312,308.97906494140625,166.1300048828125,109.86198425292969,18251.37198037468,915.118408203125,254.04806518554688,1920,1080,832.6403198242188,224.17529296875,936.6367797851562,234.30215454101562,103.9964599609375,10.126861572265625,5.5617550445939195,left,False,"{'safe_roi': (450, 80, 1500, 420), 'cylinder_roi': (800, 190, 1000, 300)}",ok_cylinder_inside_confirmed
2026-09-20 15:23:46,2026-09-20,19406671,29626,40,99.50540924072266,,37.02503967285156,0.7557222247123718,831.2000122070312,200.2855682373047,999.6851196289062,306.8199157714844,168.485107421875,106.53434753417969,17949.45098841563,915.4425659179688,253.552734375,1920,1080,833.498779296875,227.39923095703125,932.5333251953125,237.0679931640625,99.0345458984375,9.66876220703125,5.576126466464901,left,False,"{'safe_roi': (450, 80, 1500, 420), 'cylinder_roi': (800, 190, 1000, 300)}",ok_cylinder_inside_confirmed
2026-09-20 15:23:51,2026-09-20,19406747,29626,40,101.45308685302734,,39.461669921875,0.7548627853393555,832.5850219726562,200.85556030273438,999.3958129882812,306.8263244628906,166.810791015625,105.97076416015625,17677.066994085908,915.9904174804688,253.8409423828125,1920,1080,834.6389770507812,227.01254272460938,935.796630859375,234.74935913085938,101.15765380859375,7.73681640625,4.373624526848534,left,False,"{'safe_roi': (450, 80, 1500, 420), 'cylinder_roi': (800, 190, 1000, 300)}",ok_cylinder_inside_confirmed
2026-09-20 15:23:57,2026-09-20,19406823,29626,40,102.46835327148438,,39.255584716796875,0.7460640072822571,834.3654174804688,200.06321716308594,997.7258911132812,307.1720886230469,163.3604736328125,107.10887145996094,17497.355971975252,916.045654296875,253.61764526367188,1920,1080,834.2911987304688,226.23480224609375,936.3751831054688,235.101806640625,102.083984375,8.86700439453125,4.964246054637077,left,False,"{'safe_roi': (450, 80, 1500, 420), 'cylinder_roi': (800, 190, 1000, 300)}",ok_cylinder_inside_confirmed
2026-09-20 15:24:02,2026-09-20,19406898,29626,40,93.79427337646484,,38.128692626953125,0.7501985430717468,833.8714599609375,200.97718811035156,999.1456298828125,308.21319580078125,165.274169921875,107.23600769042969,17723.34215677157,916.508544921875,254.59518432617188,1920,1080,842.0451049804688,228.28488159179688,935.6766967773438,233.80670166015625,93.631591796875,5.521820068359375,3.3750464403009466,left,False,"{'safe_roi': (450, 80, 1500, 420), 'cylinder_roi': (800, 190, 1000, 300)}",ok_cylinder_inside_confirmed
2026-09-20 15:24:07,2026-09-20,19406973,29626,40,96.37787628173828,,40.305633544921875,0.7568822503089905,834.0386352539062,201.24566650390625,999.9749145507812,309.2126159667969,165.936279296875,107.96694946289062,17915.633880905807,917.0067749023438,255.22914123535156,1920,1080,838.4127197265625,225.65902709960938,934.416259765625,234.14517211914062,96.0035400390625,8.48614501953125,5.0514786706984784,left,False,"{'safe_roi': (450, 80, 1500, 420), 'cylinder_roi': (800, 190, 1000, 300)}",ok_cylinder_inside_confirmed
2026-09-20 15:24:12,2026-09-20,19407047,29626,40,95.31687927246094,,40.16827392578125,0.7662827968597412,834.3756103515625,200.4947967529297,1001.160400390625,310.85107421875,166.7847900390625,110.35627746582031,18405.748566629365,917.7680053710938,255.67294311523438,1920,1080,836.1395874023438,226.909423828125,931.2515869140625,233.15560913085938,95.11199951171875,6.246185302734375,3.757327118195415,left,False,"{'safe_roi': (450, 80, 1500, 420), 'cylinder_roi': (800, 190, 1000, 300)}",ok_cylinder_inside_confirmed
2026-09-20 15:24:17,2026-09-20,19407122,29626,40,97.43030548095703,,38.93736267089844,0.7659412622451782,833.0193481445312,200.82203674316406,1000.1043090820312,308.0494079589844,167.0849609375,107.22737121582031,17916.08113102615,916.5618286132812,254.43572998046875,1920,1080,835.2002563476562,223.45486450195312,932.17333984375,232.88278198242188,96.97308349609375,9.42791748046875,5.5529586287080654,left,False,"{'safe_roi': (450, 80, 1500, 420), 'cylinder_roi': (800, 190, 1000, 300)}",ok_cylinder_inside_confirmed
2026-09-20 15:24:22,2026-09-20,19407197,29626,40,97.11026000976562,,40.884521484375,0.7624346017837524,833.3444213867188,201.59375,1001.6685180664062,311.725341796875,168.3240966796875,110.131591796875,18537.800705105066,917.5064697265625,256.6595458984375,1920,1080,837.1227416992188,225.86756896972656,933.81787109375,234.83718872070312,96.69512939453125,8.969619750976562,5.299696744395968,left,False,"{'safe_roi': (450, 80, 1500, 420), 'cylinder_roi': (800, 190, 1000, 300)}",ok_cylinder_inside_confirmed
2026-09-20 15:24:27,2026-09-20,19407274,29626,40,96.04071807861328,,40.56793212890625,0.7602315545082092,834.8031005859375,200.94467163085938,1003.6788330078125,313.7353820800781,168.875732421875,112.79071044921875,19047.613837495446,919.240966796875,257.34002685546875,1920,1080,836.9466552734375,227.62664794921875,932.76416015625,234.17074584960938,95.8175048828125,6.544097900390625,3.907092208174086,left,False,"{'safe_roi': (450, 80, 1500, 420), 'cylinder_roi': (800, 190, 1000, 300)}",ok_cylinder_inside_confirmed
2026-09-20 15:24:32,2026-09-20,19407350,29626,40,94.46770477294922,,40.77593994140625,0.7607120275497437,836.970703125,201.25186157226562,1005.1358642578125,313.9371643066406,168.1651611328125,112.685302734375,18949.74209162593,921.0532836914062,257.5945129394531,1920,1080,842.18310546875,229.73883056640625,936.6099243164062,232.51795959472656,94.42681884765625,2.7791290283203125,1.68581779281289,left,False,"{'safe_roi': (450, 80, 1500, 420), 'cylinder_roi': (800, 190, 1000, 300)}",ok_cylinder_inside_confirmed
2026-09-20 15:24:37,2026-09-20,19407424,29626,40,83.63346862792969,,39.79791259765625,0.7624644637107849,840.5302734375,200.764892578125,1006.15380859375,315.06988525390625,165.62353515625,114.30499267578125,18931.596972972155,923.342041015625,257.9173889160156,1920,1080,853.8548583984375,228.1675567626953,937.422119140625,231.49462890625,83.5672607421875,3.3270721435546875,2.2799187858352146,left,False,"{'safe_roi': (450, 80, 1500, 420), 'cylinder_roi': (800, 190, 1000, 300)}",ok_cylinder_inside_confirmed
2026-09-20 15:25:01,2026-09-20,19407791,29626,40,95.46930694580078,,38.680694580078125,0.7668483853340149,834.8006591796875,201.8289794921875,1005.1058349609375,313.7830810546875,170.30517578125,111.9541015625,19066.362946033478,919.9532470703125,257.8060302734375,1920,1080,843.0263671875,229.8219757080078,938.482421875,231.4125213623047,95.4560546875,1.590545654296875,0.9546080741749905,left,False,"{'safe_roi': (450, 80, 1500, 420), 'cylinder_roi': (800, 190, 1000, 300)}",ok_cylinder_inside_confirmed
2026-09-20 15:25:06,2026-09-20,19407871,29626,40,96.45165252685547,,39.79008483886719,0.7625003457069397,837.2747192382812,202.25047302246094,1005.2804565429688,315.399169921875,168.0057373046875,113.14869689941406,19009.630247650668,921.277587890625,258.8248291015625,1920,1080,840.6976318359375,228.58038330078125,937.058349609375,232.7676239013672,96.3607177734375,4.1872406005859375,2.4881547977285754,left,False,"{'safe_roi': (450, 80, 1500, 420), 'cylinder_roi': (800, 190, 1000, 300)}",ok_cylinder_inside_confirmed
2026-09-20 15:25:11,2026-09-20,19407949,29626,40,92.20823669433594,,38.36671447753906,0.7606804966926575,836.6831665039062,201.04884338378906,1005.3783569335938,313.1011657714844,168.6951904296875,112.05232238769531,18902.687863280997,921.03076171875,257.07501220703125,1920,1080,847.0435791015625,228.41932678222656,939.1198120117188,233.35145568847656,92.07623291015625,4.93212890625,3.0661588608070005,left,False,"{'safe_roi': (450, 80, 1500, 420), 'cylinder_roi': (800, 190, 1000, 300)}",ok_cylinder_inside_confirmed
2026-09-20 15:25:16,2026-09-20,19408023,29626,40,89.83016204833984,,37.36444091796875,0.7640293836593628,834.8299560546875,201.67576599121094,1003.9931640625,314.34661865234375,169.1632080078125,112.67085266113281,19059.762885132805,919.4115600585938,258.0111999511719,1920,1080,853.3681640625,232.81454467773438,943.1619873046875,230.2598114013672,89.7938232421875,2.5547332763671875,1.6296884699786587,left,False,"{'safe_roi': (450, 80, 1500, 420), 'cylinder_roi': (800, 190, 1000, 300)}",ok_cylinder_inside_confirmed
2026-09-20 15:25:23,2026-09-20,19408125,29626,40,84.48500061035156,,35.309906005859375,0.7690199613571167,841.9136352539062,201.5110626220703,1005.3248901367188,314.0064392089844,163.4112548828125,112.49537658691406,18383.01065658219,923.6192626953125,257.7587585449219,1920,1080,856.3792724609375,229.16563415527344,940.8604125976562,228.35813903808594,84.48114013671875,0.8074951171875,0.5476329181309428,left,False,"{'safe_roi': (450, 80, 1500, 420), 'cylinder_roi': (800, 190, 1000, 300)}",ok_cylinder_inside_confirmed
2026-09-20 15:25:28,2026-09-20,19408200,29626,40,85.9686279296875,,35.27207946777344,0.7825261950492859,843.4241943359375,201.39187622070312,1008.0035400390625,313.3953552246094,164.579345703125,112.00347900390625,18433.45929093659,925.7138671875,257.39361572265625,1920,1080,859.3172607421875,220.7034912109375,944.732421875,230.44284057617188,85.4151611328125,9.739349365234375,6.5049803385585285,left,False,"{'safe_roi': (450, 80, 1500, 420), 'cylinder_roi': (800, 190, 1000, 300)}",ok_cylinder_inside_confirmed
2026-09-20 15:25:33,2026-09-20,19408277,29626,40,86.24616241455078,,33.327972412109375,0.7793786525726318,843.97216796875,201.9810791015625,1007.5401611328125,314.8516845703125,163.5679931640625,112.87060546875,18462.018423736095,925.7561645507812,258.4163818359375,1920,1080,862.181396484375,220.57920837402344,947.6664428710938,232.01193237304688,85.48504638671875,11.432723999023438,7.617505081219036,left,False,"{'safe_roi': (450, 80, 1500, 420), 'cylinder_roi': (800, 190, 1000, 300)}",ok_cylinder_inside_confirmed
2026-09-20 15:25:38,2026-09-20,19408350,29626,40,104.7415771484375,,36.094940185546875,0.769510805606842,822.7190551757812,200.52981567382812,1003.8355102539062,302.55120849609375,181.116455078125,102.02139282226562,18477.753010101616,913.2772827148438,251.54051208496094,1920,1080,835.2958374023438,221.2190704345703,938.5362548828125,238.88865661621094,103.24041748046875,17.669586181640625,9.712066454631533,left,False,"{'safe_roi': (450, 80, 1500, 420), 'cylinder_roi': (800, 190, 1000, 300)}",ok_cylinder_inside_confirmed
2026-09-20 15:25:43,2026-09-20,19408426,29626,40,110.69110107421875,,38.87580871582031,0.7679802179336548,816.2957153320312,204.8175048828125,994.2546997070312,300.8098449707031,177.958984375,95.99234008789062,17082.699349820614,905.2752075195312,252.8136749267578,1920,1080,822.734130859375,235.176025390625,933.422607421875,235.93814086914062,110.6884765625,0.762115478515625,0.39448831333330053,left,False,"{'safe_roi': (450, 80, 1500, 420), 'cylinder_roi': (800, 190, 1000, 300)}",ok_cylinder_inside_confirmed
2026-09-20 15:25:48,2026-09-20,19408503,29626,40,109.28494262695312,,35.90028381347656,0.7444262504577637,814.5577392578125,203.22128295898438,990.7874755859375,299.84210205078125,176.229736328125,96.62081909179688,17027.46147235483,902.672607421875,251.5316925048828,1920,1080,823.2894897460938,233.89048767089844,932.498779296875,237.9562225341797,109.20928955078125,4.06573486328125,2.1320706056123937,left,False,"{'safe_roi': (450, 80, 1500, 420), 'cylinder_roi': (800, 190, 1000, 300)}",ok_cylinder_inside_confirmed
2026-09-20 15:25:53,2026-09-20,19408578,29626,40,109.34821319580078,,36.27961730957031,0.7097473740577698,814.73193359375,205.10421752929688,988.132568359375,300.1492004394531,173.400634765625,95.04498291015625,16480.860367909074,901.4322509765625,252.626708984375,1920,1080,822.5374755859375,231.17222595214844,931.5498046875,239.736328125,109.0123291015625,8.564102172851562,4.4919795808088185,left,False,"{'safe_roi': (450, 80, 1500, 420), 'cylinder_roi': (800, 190, 1000, 300)}",ok_cylinder_inside_confirmed
2026-09-20 15:25:58,2026-09-20,19408657,29626,40,108.92825317382812,,37.30169677734375,0.7448247671127319,816.2244873046875,200.958984375,991.4912109375,300.552734375,175.2667236328125,99.59375,17455.47025680542,903.8578491210938,250.755859375,1920,1080,822.5382080078125,235.72625732421875,931.4132080078125,239.13189697265625,108.875,3.4056396484375,1.7916433903964954,left,False,"{'safe_roi': (450, 80, 1500, 420), 'cylinder_roi': (800, 190, 1000, 300)}",ok_cylinder_inside_confirmed
2026-09-20 15:26:03,2026-09-20,19408731,29626,40,107.71489715576172,,40.59147644042969,0.7790475487709045,819.9591064453125,201.54849243164062,998.515625,302.4761962890625,178.5565185546875,100.92770385742188,18021.299426499754,909.2373657226562,252.01234436035156,1920,1080,826.0977783203125,235.4288330078125,933.7906494140625,237.6071014404297,107.69287109375,2.1782684326171875,1.1587449629897566,left,False,"{'safe_roi': (450, 80, 1500, 420), 'cylinder_roi': (800, 190, 1000, 300)}",ok_cylinder_inside_confirmed
2026-09-20 15:26:08,2026-09-20,19408805,29626,40,105.55121612548828,,40.94883728027344,0.7779229283332825,817.5752563476562,201.0403289794922,998.0590209960938,301.92779541015625,180.4837646484375,100.88746643066406,18208.54974724911,907.817138671875,251.48406982421875,1920,1080,825.1088256835938,240.297607421875,930.6170654296875,237.285888671875,105.50823974609375,3.01171875,1.6350564587394834,left,False,"{'safe_roi': (450, 80, 1500, 420), 'cylinder_roi': (800, 190, 1000, 300)}",ok_cylinder_inside_confirmed
2026-09-20 15:26:13,2026-09-20,19408878,29626,40,111.70330810546875,,38.667510986328125,0.754837155342102,816.8316650390625,201.9000701904297,994.3717041015625,302.198974609375,177.5400390625,100.29890441894531,17807.071408465505,905.6016845703125,252.04953002929688,1920,1080,823.7479248046875,236.64541625976562,935.448486328125,237.4287567138672,111.7005615234375,0.7833404541015625,0.40180072133067873,left,False,"{'safe_roi': (450, 80, 1500, 420), 'cylinder_roi': (800, 190, 1000, 300)}",ok_cylinder_inside_confirmed
2026-09-20 15:26:20,2026-09-20,19408981,29626,40,107.3377914428711,,37.102691650390625,0.73454350233078,817.751708984375,201.6278076171875,995.35595703125,302.3707580566406,177.604248046875,100.74295043945312,17892.375958822668,906.5538330078125,251.99928283691406,1920,1080,826.9464721679688,234.21182250976562,934.196044921875,238.562744140625,107.24957275390625,4.350921630859375,2.323112498505248,left,False,"{'safe_roi': (450, 80, 1500, 420), 'cylinder_roi': (800, 190, 1000, 300)}",ok_cylinder_inside_confirmed
2026-09-20 15:26:25,2026-09-20,19409055,29626,40,107.5070571899414,,39.3819580078125,0.7461090087890625,820.7745361328125,202.0734100341797,999.2532958984375,303.065673828125,178.478759765625,100.99226379394531,18024.973987866193,910.013916015625,252.56954956054688,1920,1080,826.7918701171875,237.59271240234375,934.2869873046875,239.19500732421875,107.4951171875,1.602294921875,0.8539730991432628,left,False,"{'safe_roi': (450, 80, 1500, 420), 'cylinder_roi': (800, 190, 1000, 300)}",ok_cylinder_inside_confirmed
2026-09-20 15:26:30,2026-09-20,19409130,29626,40,106.76042175292969,,39.74787902832031,0.7436818480491638,823.0738525390625,201.22018432617188,1003.718994140625,302.2236022949219,180.6451416015625,101.00341796875,18245.776741206646,913.3964233398438,251.72189331054688,1920,1080,827.9028930664062,236.118408203125,934.636962890625,238.4904022216797,106.73406982421875,2.3719940185546875,1.2730975173881782,left,False,"{'safe_roi': (450, 80, 1500, 420), 'cylinder_roi': (800, 190, 1000, 300)}",ok_cylinder_inside_confirmed
2026-09-20 15:26:35,2026-09-20,19409210,29626,40,104.22895812988281,,38.8935546875,0.6861938834190369,822.9451293945312,200.89678955078125,1002.1517944335938,302.6138610839844,179.2066650390625,101.71707153320312,18228.377167005092,912.5484619140625,251.7553253173828,1920,1080,832.6925659179688,233.13722229003906,936.9207153320312,233.54791259765625,104.2281494140625,0.4106903076171875,0.22576146335871117,left,False,"{'safe_roi': (450, 80, 1500, 420), 'cylinder_roi': (800, 190, 1000, 300)}",ok_cylinder_inside_confirmed
2026-09-20 15:26:48,2026-09-20,19409410,29626,40,102.32575225830078,,36.3831787109375,0.7639529705047607,820.7169799804688,201.36721801757812,1002.0858764648438,302.5360107421875,181.368896484375,101.16879272460938,18348.87229511887,911.4014282226562,251.9516143798828,1920,1080,830.9908447265625,243.84144592285156,933.2724609375,240.83639526367188,102.2816162109375,3.0050506591796875,1.6828752944398253,left,False,"{'safe_roi': (450, 80, 1500, 420), 'cylinder_roi': (800, 190, 1000, 300)}",ok_cylinder_inside_confirmed
2026-09-20 15:26:54,2026-09-20,19409497,29626,40,106.80049896240234,,34.11067199707031,0.7415112257003784,818.02197265625,200.61941528320312,1001.9197998046875,301.443359375,183.8978271484375,100.82394409179688,18541.304243016988,909.9708862304688,251.03138732910156,1920,1080,826.1095581054688,222.37139892578125,932.5313110351562,231.35787963867188,106.4217529296875,8.986480712890625,4.826727762780088,left,False,"{'safe_roi': (450, 80, 1500, 420), 'cylinder_roi': (800, 190, 1000, 300)}",ok_cylinder_inside_confirmed
2026-09-20 15:27:00,2026-09-20,19409591,29626,40,106.53069305419922,,38.41908264160156,0.766960620880127,816.5347900390625,199.97515869140625,991.3524169921875,299.85589599609375,174.817626953125,99.8807373046875,17460.913473933935,903.943603515625,249.91552734375,1920,1080,823.182861328125,228.28916931152344,929.3207397460938,237.4291229248047,106.13787841796875,9.13995361328125,4.921824633756901,left,False,"{'safe_roi': (450, 80, 1500, 420), 'cylinder_roi': (800, 190, 1000, 300)}",ok_cylinder_inside_confirmed
2026-09-20 15:27:05,2026-09-20,19409667,29626,40,100.5020751953125,,36.78071594238281,0.7284100651741028,818.6073608398438,201.03968811035156,991.7455444335938,297.96826171875,173.13818359375,96.92857360839844,16782.0371728912,905.1764526367188,249.50396728515625,1920,1080,827.1768798828125,227.61245727539062,927.2752075195312,236.61204528808594,100.09832763671875,8.999588012695312,5.137505887830858,left,False,"{'safe_roi': (450, 80, 1500, 420), 'cylinder_roi': (800, 190, 1000, 300)}",ok_cylinder_inside_confirmed
2026-09-20 15:27:10,2026-09-20,19409743,29626,40,105.13819122314453,,37.996490478515625,0.7413467764854431,819.6126098632812,200.5948486328125,993.5259399414062,301.8971862792969,173.913330078125,101.30233764648438,17617.826884798706,906.5692749023438,251.2460174560547,1920,1080,824.494140625,226.86309814453125,929.181884765625,236.5850067138672,104.687744140625,9.721908569335938,5.305600004721283,left,False,"{'safe_roi': (450, 80, 1500, 420), 'cylinder_roi': (800, 190, 1000, 300)}",ok_cylinder_inside_confirmed
2026-09-20 15:27:15,2026-09-20,19409818,29626,40,105.88105773925781,,40.09364318847656,0.778870165348053,821.8619384765625,200.387451171875,1000.0791015625,304.95343017578125,178.2171630859375,104.56597900390625,18635.452133379877,910.9705200195312,252.67044067382812,1920,1080,826.9306030273438,227.02359008789062,932.5029296875,235.10330200195312,105.57232666015625,8.0797119140625,4.376456745965964,left,False,"{'safe_roi': (450, 80, 1500, 420), 'cylinder_roi': (800, 190, 1000, 300)}",ok_cylinder_inside_confirmed
2026-09-20 15:27:20,2026-09-20,19409896,29626,40,104.44282531738281,,39.524627685546875,0.7735913991928101,821.15478515625,199.8223114013672,998.7908935546875,302.24908447265625,177.6361083984375,102.42677307128906,18194.693364193663,909.9728393554688,251.03570556640625,1920,1080,828.0029907226562,227.36279296875,932.0743408203125,236.16384887695312,104.07135009765625,8.801055908203125,4.833860450288669,left,False,"{'safe_roi': (450, 80, 1500, 420), 'cylinder_roi': (800, 190, 1000, 300)}",ok_cylinder_inside_confirmed
2026-09-20 15:27:25,2026-09-20,19409968,29626,40,102.03053283691406,,39.13475036621094,0.7732994556427002,823.3430786132812,200.40005493164062,1001.8610229492188,304.30218505859375,178.5179443359375,103.90213012695312,18548.394682388753,912.60205078125,252.3511199951172,1920,1080,829.00439453125,228.88230895996094,930.8113403320312,235.6332550048828,101.80694580078125,6.750946044921875,3.7938007053225022,left,False,"{'safe_roi': (450, 80, 1500, 420), 'cylinder_roi': (800, 190, 1000, 300)}",ok_cylinder_inside_confirmed
2026-09-20 15:27:30,2026-09-20,19410039,29626,40,103.20025634765625,,40.61692810058594,0.7699130177497864,823.62158203125,200.57568359375,998.8077392578125,306.1375732421875,175.1861572265625,105.5618896484375,18492.981797084212,911.2146606445312,253.35662841796875,1920,1080,830.625732421875,231.28616333007812,933.6483154296875,237.33924865722656,103.0225830078125,6.0530853271484375,3.3625441178249864,left,False,"{'safe_roi': (450, 80, 1500, 420), 'cylinder_roi': (800, 190, 1000, 300)}",ok_cylinder_inside_confirmed
2026-09-20 15:27:36,2026-09-20,19410116,29626,40,103.13322448730469,,40.390045166015625,0.7799510359764099,825.4636840820312,200.29832458496094,999.7568969726562,304.1422119140625,174.293212890625,103.84388732910156,18099.284761641175,912.6102905273438,252.22027587890625,1920,1080,829.418212890625,231.43466186523438,932.468017578125,235.58184814453125,103.0498046875,4.147186279296875,2.3045954654947574,left,False,"{'safe_roi': (450, 80, 1500, 420), 'cylinder_roi': (800, 190, 1000, 300)}",ok_cylinder_inside_confirmed
2026-09-20 15:27:41,2026-09-20,19410191,29626,40,104.96463775634766,,40.11814880371094,0.7818344235420227,825.222412109375,199.8778839111328,998.73779296875,305.6284484863281,173.515380859375,105.75056457519531,18349.349488358945,911.9801025390625,252.753173828125,1920,1080,829.8967895507812,232.2367401123047,934.76513671875,236.73165893554688,104.86834716796875,4.4949188232421875,2.4543376676949054,left,False,"{'safe_roi': (450, 80, 1500, 420), 'cylinder_roi': (800, 190, 1000, 300)}",ok_cylinder_inside_confirmed
2026-09-20 15:27:46,2026-09-20,19410263,29626,40,101.40583038330078,,40.04307556152344,0.7745078802108765,826.6260986328125,200.07614135742188,999.789794921875,305.00201416015625,173.1636962890625,104.92587280273438,18169.3519708775,913.2079467773438,252.53907775878906,1920,1080,831.059814453125,230.62701416015625,932.341796875,235.63723754882812,101.281982421875,5.010223388671875,2.832002626046984,left,False,"{'safe_roi': (450, 80, 1500, 420), 'cylinder_roi': (800, 190, 1000, 300)}",ok_cylinder_inside_confirmed
2026-09-20 15:27:51,2026-09-20,19410334,29626,40,104.85232543945312,,41.347808837890625,0.7867745161056519,825.8904418945312,200.92176818847656,1001.4754028320312,305.0421142578125,175.5849609375,104.12034606933594,18281.966897383332,913.6829223632812,252.98193359375,1920,1080,828.8744506835938,233.03953552246094,933.7072143554688,235.0647430419922,104.832763671875,2.02520751953125,1.1067285427232396,left,False,"{'safe_roi': (450, 80, 1500, 420), 'cylinder_roi': (800, 190, 1000, 300)}",ok_cylinder_inside_confirmed
2026-09-20 15:27:56,2026-09-20,19410411,29626,40,105.4800033569336,,40.449676513671875,0.7797163724899292,826.0529174804688,200.92169189453125,999.6356811523438,303.13232421875,173.582763671875,102.21063232421875,17742.00403548777,912.8442993164062,252.02700805664062,1920,1080,828.8687744140625,231.22787475585938,934.25,235.79161071777344,105.3812255859375,4.5637359619140625,2.4797540766953103,left,False,"{'safe_roi': (450, 80, 1500, 420), 'cylinder_roi': (800, 190, 1000, 300)}",ok_cylinder_inside_confirmed
2026-09-20 15:28:01,2026-09-20,19410495,29626,40,104.16336059570312,,39.88446044921875,0.7809739708900452,827.4595336914062,200.65899658203125,999.4636840820312,304.774658203125,172.004150390625,104.11566162109375,17908.325919494033,913.4616088867188,252.71682739257812,1920,1080,829.743408203125,232.05715942382812,933.7911376953125,236.9638671875,104.0477294921875,4.906707763671875,2.699967801732369,left,False,"{'safe_roi': (450, 80, 1500, 420), 'cylinder_roi': (800, 190, 1000, 300)}",ok_cylinder_inside_confirmed
2026-09-20 15:28:06,2026-09-20,19410572,29626,40,103.23532104492188,,38.4970703125,0.7775911092758179,826.0855102539062,200.30282592773438,998.1597290039062,303.8499450683594,172.07421875,103.547119140625,17817.78962993622,912.1226196289062,252.07638549804688,1920,1080,828.128173828125,231.86062622070312,931.2741088867188,236.15574645996094,103.14593505859375,4.2951202392578125,2.3844872744881065,left,False,"{'safe_roi': (450, 80, 1500, 420), 'cylinder_roi': (800, 190, 1000, 300)}",ok_cylinder_inside_confirmed
2026-09-20 15:28:11,2026-09-20,19410645,29626,40,106.22509002685547,,39.521331787109375,0.7799299359321594,824.1382446289062,198.97842407226562,996.9768676757812,303.1055908203125,172.838623046875,104.12716674804688,17997.19612250477,910.5575561523438,251.04200744628906,1920,1080,826.8169555664062,232.21701049804688,932.9317626953125,237.05615234375,106.11480712890625,4.839141845703125,2.6110441201612056,left,False,"{'safe_roi': (450, 80, 1500, 420), 'cylinder_roi': (800, 190, 1000, 300)}",ok_cylinder_inside_confirmed
2026-09-20 15:28:16,2026-09-20,19410716,29626,40,104.12430572509766,,41.26139831542969,0.779817521572113,827.0391845703125,200.23724365234375,1000.7845458984375,303.7488098144531,173.745361328125,103.51156616210938,17984.65446447581,913.911865234375,251.99302673339844,1920,1080,828.6940307617188,234.54380798339844,932.8050537109375,236.20669555664062,104.11102294921875,1.6628875732421875,0.9150648625969208,left,False,"{'safe_roi': (450, 80, 1500, 420), 'cylinder_roi': (800, 190, 1000, 300)}",ok_cylinder_inside_confirmed
2026-09-20 15:28:21,2026-09-20,19410788,29626,40,102.80825805664062,,41.30418395996094,0.7794758677482605,825.9756469726562,201.20880126953125,1000.7612915039062,304.4522399902344,174.78564453125,103.24343872070312,18045.47098042071,913.3684692382812,252.8305206298828,1920,1080,831.3973388671875,226.78070068359375,933.8760375976562,235.00596618652344,102.47869873046875,8.225265502929688,4.588903746039238,left,False,"{'safe_roi': (450, 80, 1500, 420), 'cylinder_roi': (800, 190, 1000, 300)}",ok_cylinder_inside_confirmed
2026-09-20 15:28:26,2026-09-20,19410858,29626,40,102.11770629882812,,40.338348388671875,0.7819963097572327,827.984619140625,201.6009979248047,1002.06787109375,307.20611572265625,174.083251953125,105.60511779785156,18384.08232914284,915.0262451171875,254.403564453125,1920,1080,834.6490478515625,226.78982543945312,936.482666015625,234.40164184570312,101.8336181640625,7.61181640625,4.274771290916699,left,False,"{'safe_roi': (450, 80, 1500, 420), 'cylinder_roi': (800, 190, 1000, 300)}",ok_cylinder_inside_confirmed
2026-09-20 15:28:31,2026-09-20,19410933,29626,40,98.29203796386719,,40.158538818359375,0.7672272324562073,830.1438598632812,200.7747802734375,1003.6625366210938,304.9040832519531,173.5186767578125,104.12930297851562,18068.378864545375,916.9031982421875,252.8394317626953,1920,1080,835.708251953125,226.82015991210938,933.6691284179688,234.8818817138672,97.96087646484375,8.061721801757812,4.704573091295455,left,False,"{'safe_roi': (450, 80, 1500, 420), 'cylinder_roi': (800, 190, 1000, 300)}",ok_cylinder_inside_confirmed
2026-09-20 15:28:37,2026-09-20,19411007,29626,40,104.6784439086914,,40.34025573730469,0.7518994212150574,820.85302734375,201.0395965576172,993.82763671875,302.8173522949219,172.974609375,101.77775573730469,17604.967541724443,907.34033203125,251.928466796875,1920,1080,824.441162109375,233.975830078125,929.1065673828125,235.62791442871094,104.6654052734375,1.6520843505859375,0.9043064455156731,left,False,"{'safe_roi': (450, 80, 1500, 420), 'cylinder_roi': (800, 190, 1000, 300)}",ok_cylinder_inside_confirmed
2026-09-20 15:28:42,2026-09-20,19411082,29626,40,102.18376159667969,,39.264373779296875,0.7462815642356873,820.3202514648438,200.8268280029297,990.2522583007812,299.98199462890625,169.9320068359375,99.15516662597656,16849.63645290397,905.2862548828125,250.4044189453125,1920,1080,826.331787109375,231.60113525390625,928.4146728515625,236.14039611816406,102.0828857421875,4.5392608642578125,2.54606122255426,left,False,"{'safe_roi': (450, 80, 1500, 420), 'cylinder_roi': (800, 190, 1000, 300)}",ok_cylinder_inside_confirmed
2026-09-20 15:28:49,2026-09-20,19411186,29626,40,104.91963195800781,,38.40924072265625,0.7354416847229004,818.2822265625,200.70513916015625,991.1025390625,299.658203125,172.8203125,98.95306396484375,17101.099437236786,904.6923828125,250.18167114257812,1920,1080,824.0263671875,229.256103515625,928.6932373046875,236.53451538085938,104.6668701171875,7.278411865234375,3.977877941750032,left,False,"{'safe_roi': (450, 80, 1500, 420), 'cylinder_roi': (800, 190, 1000, 300)}",ok_cylinder_inside_confirmed
2026-09-20 15:28:54,2026-09-20,19411260,29626,40,103.0337142944336,,38.26588439941406,0.6821763515472412,821.202392578125,199.42770385742188,991.19921875,298.3835144042969,169.996826171875,98.955810546875,16822.173724234104,906.2008056640625,248.90560913085938,1920,1080,825.2960205078125,229.4376220703125,928.1593017578125,235.3614044189453,102.86328125,5.9237823486328125,3.2959599873747534,left,False,"{'safe_roi': (450, 80, 1500, 420), 'cylinder_roi': (800, 190, 1000, 300)}",ok_cylinder_inside_confirmed
2026-09-20 15:28:59,2026-09-20,19411335,29626,40,103.36062622070312,,37.96299743652344,0.7662302851676941,820.8344116210938,200.45587158203125,990.3869018554688,298.8566589355469,169.552490234375,98.40078735351562,16684.09853681177,905.6106567382812,249.65626525878906,1920,1080,825.3797607421875,227.35931396484375,928.3275146484375,236.58853149414062,102.94775390625,9.229217529296875,5.122844705246317,left,False,"{'safe_roi': (450, 80, 1500, 420), 'cylinder_roi': (800, 190, 1000, 300)}",ok_cylinder_inside_confirmed
2026-09-20 15:29:04,2026-09-20,19411410,29626,40,103.99978637695312,,40.96409606933594,0.7686833143234253,820.6712036132812,201.91262817382812,991.5588989257812,302.8576965332031,170.8876953125,100.945068359375,17250.27008509636,906.1150512695312,252.38516235351562,1920,1080,826.2902221679688,229.99859619140625,930.1668701171875,235.05807495117188,103.87664794921875,5.059478759765625,2.788479171345022,left,False,"{'safe_roi': (450, 80, 1500, 420), 'cylinder_roi': (800, 190, 1000, 300)}",ok_cylinder_inside_confirmed
2026-09-20 15:29:09,2026-09-20,19411484,29626,40,104.2960205078125,,38.898162841796875,0.7349236607551575,818.1337890625,199.26815795898438,988.6217041015625,299.46783447265625,170.4879150390625,100.19967651367188,17082.833936404437,903.3777465820312,249.3679962158203,1920,1080,825.2760620117188,226.82949829101562,929.1507568359375,236.19473266601562,103.87469482421875,9.365234375,5.151798942658772,left,False,"{'safe_roi': (450, 80, 1500, 420), 'cylinder_roi': (800, 190, 1000, 300)}",ok_cylinder_inside_confirmed
2026-09-20 15:29:14,2026-09-20,19411560,29626,40,105.31763458251953,,39.152496337890625,0.7597602009773254,824.1653442382812,200.0579071044922,994.6437377929688,302.44866943359375,170.4783935546875,102.39076232910156,17455.412676705047,909.404541015625,251.2532958984375,1920,1080,823.6508178710938,228.1248779296875,928.6799926757812,235.91436767578125,105.0291748046875,7.78948974609375,4.2415765475783616,left,False,"{'safe_roi': (450, 80, 1500, 420), 'cylinder_roi': (800, 190, 1000, 300)}",ok_cylinder_inside_confirmed
2026-09-20 15:29:20,2026-09-20,19411652,29626,40,103.09041595458984,,37.8543701171875,0.7505770325660706,820.6514282226562,201.76910400390625,988.9938354492188,300.04315185546875,168.3424072265625,98.2740478515625,16543.689783230424,904.8226318359375,250.9061279296875,1920,1080,825.599853515625,229.001708984375,928.4497680664062,236.03933715820312,102.84991455078125,7.037628173828125,3.9144304067914977,left,False,"{'safe_roi': (450, 80, 1500, 420), 'cylinder_roi': (800, 190, 1000, 300)}",ok_cylinder_inside_confirmed
2026-09-20 15:29:25,2026-09-20,19411729,29626,40,104.94249725341797,,39.573394775390625,0.7469611763954163,820.837158203125,200.83883666992188,990.9410400390625,300.7174072265625,170.1038818359375,99.87857055664062,16989.732563909143,905.8890991210938,250.7781219482422,1920,1080,824.57275390625,227.3759765625,929.2483520507812,234.8557891845703,104.67559814453125,7.4798126220703125,4.087241923133185,left,False,"{'safe_roi': (450, 80, 1500, 420), 'cylinder_roi': (800, 190, 1000, 300)}",ok_cylinder_inside_confirmed
2026-09-20 15:29:30,2026-09-20,19411805,29626,40,105.0942153930664,,38.43211364746094,0.7528480887413025,821.3825073242188,199.23284912109375,994.0872192382812,300.3714904785156,172.7047119140625,101.13864135742188,17467.119919013232,907.73486328125,249.8021697998047,1920,1080,824.4666137695312,228.87841796875,929.314697265625,236.06689453125,104.84808349609375,7.1884765625,3.922111162324695,left,False,"{'safe_roi': (450, 80, 1500, 420), 'cylinder_roi': (800, 190, 1000, 300)}",ok_cylinder_inside_confirmed
2026-09-20 15:29:35,2026-09-20,19411880,29626,40,104.89312744140625,,36.839935302734375,0.7593937516212463,826.6122436523438,200.561279296875,994.6412963867188,301.97576904296875,168.029052734375,101.41448974609375,17040.58064557612,910.6267700195312,251.26852416992188,1920,1080,826.3487548828125,228.322265625,930.9287109375,236.42169189453125,104.5799560546875,8.09942626953125,4.428558364025928,left,False,"{'safe_roi': (450, 80, 1500, 420), 'cylinder_roi': (800, 190, 1000, 300)}",ok_cylinder_inside_confirmed
2026-09-20 15:29:40,2026-09-20,19411950,29626,40,106.26765441894531,,41.149993896484375,0.7751048803329468,823.6651611328125,200.0686798095703,999.7344970703125,305.6331787109375,176.0693359375,105.56449890136719,18586.67122013867,911.6998291015625,252.85092163085938,1920,1080,826.4823608398438,230.0177001953125,932.6128540039062,235.4152374267578,106.1304931640625,5.3975372314453125,2.911414783656947,left,False,"{'safe_roi': (450, 80, 1500, 420), 'cylinder_roi': (800, 190, 1000, 300)}",ok_cylinder_inside_confirmed
2026-09-20 15:29:45,2026-09-20,19412029,29626,40,103.96455383300781,,39.90013122558594,0.7793298959732056,824.4609985351562,200.7917938232422,999.8150024414062,303.97491455078125,175.35400390625,103.18312072753906,18093.57335511595,912.1380004882812,252.38336181640625,1920,1080,827.9515380859375,228.3702392578125,931.672119140625,235.48849487304688,103.7205810546875,7.118255615234375,3.9260047589130402,left,False,"{'safe_roi': (450, 80, 1500, 420), 'cylinder_roi': (800, 190, 1000, 300)}",ok_cylinder_inside_confirmed
2026-09-20 15:29:50,2026-09-20,19412105,29626,40,104.45915222167969,,40.985382080078125,0.7745437622070312,822.9852905273438,200.582763671875,998.7130737304688,301.906982421875,175.727783203125,101.32421875,17805.480345726013,910.8491821289062,251.244873046875,1920,1080,827.6066284179688,228.67926025390625,931.8436279296875,235.48826599121094,104.23699951171875,6.8090057373046875,3.7373851636710604,left,False,"{'safe_roi': (450, 80, 1500, 420), 'cylinder_roi': (800, 190, 1000, 300)}",ok_cylinder_inside_confirmed
2026-09-20 15:29:55,2026-09-20,19412185,29626,40,103.54036712646484,,40.6617431640625,0.782279908657074,824.41162109375,200.59169006347656,1000.9566650390625,305.04180908203125,176.5450439453125,104.45011901855469,18440.15085222386,912.6841430664062,252.81674194335938,1920,1080,829.226806640625,230.99285888671875,932.701904296875,234.668701171875,103.47509765625,3.67584228515625,2.034515817836247,left,False,"{'safe_roi': (450, 80, 1500, 420), 'cylinder_roi': (800, 190, 1000, 300)}",ok_cylinder_inside_confirmed
2026-09-20 15:30:00,2026-09-20,19412263,29626,40,101.78724670410156,,41.08302307128906,0.7783153653144836,823.2238159179688,200.4093017578125,1004.5111694335938,305.12896728515625,181.287353515625,104.71966552734375,18984.351024493575,913.8674926757812,252.76913452148438,1920,1080,831.41015625,230.54791259765625,933.0836181640625,235.35951232910156,101.6734619140625,4.8115997314453125,2.709446731226017,left,False,"{'safe_roi': (450, 80, 1500, 420), 'cylinder_roi': (800, 190, 1000, 300)}",ok_cylinder_inside_confirmed
2026-09-20 15:30:05,2026-09-20,19412340,29626,40,103.56804656982422,,40.24064636230469,0.7751715183258057,823.7972412109375,200.5675048828125,1000.186767578125,303.7851257324219,176.3895263671875,103.21762084960938,18206.507254410535,911.9920043945312,252.1763153076172,1920,1080,829.8318481445312,229.9592742919922,933.3158569335938,234.130615234375,103.4840087890625,4.1713409423828125,2.3082881668653124,left,False,"{'safe_roi': (450, 80, 1500, 420), 'cylinder_roi': (800, 190, 1000, 300)}",ok_cylinder_inside_confirmed
2026-09-20 15:30:10,2026-09-20,19412419,29626,40,100.68605041503906,,39.444122314453125,0.7786309123039246,831.0010986328125,199.85316467285156,1000.2821044921875,302.5316162109375,169.281005859375,102.67845153808594,17381.511556450278,915.6416015625,251.1923828125,1920,1080,832.5713500976562,229.44815063476562,933.0615234375,235.72549438476562,100.49017333984375,6.27734375,3.5744646504132276,left,False,"{'safe_roi': (450, 80, 1500, 420), 'cylinder_roi': (800, 190, 1000, 300)}",ok_cylinder_inside_confirmed
2026-09-20 15:30:15,2026-09-20,19412493,29626,40,101.2004165649414,,40.71894836425781,0.7781444191932678,830.724609375,200.75498962402344,999.259765625,306.4375,168.53515625,105.68251037597656,17811.218399107456,914.9921875,253.59625244140625,1920,1080,832.347900390625,231.63189697265625,933.458740234375,235.88885498046875,101.11083984375,4.2569580078125,2.4108371325259843,left,False,"{'safe_roi': (450, 80, 1500, 420), 'cylinder_roi': (800, 190, 1000, 300)}",ok_cylinder_inside_confirmed
2026-09-20 15:30:20,2026-09-20,19412568,29626,40,86.3265609741211,,22.725906372070312,0.638678789138794,849.5564575195312,198.4598388671875,1003.5263061523438,306.1868896484375,153.9698486328125,107.72705078125,16586.717702448368,926.5413818359375,252.3233642578125,1920,1080,850.2957763671875,225.12765502929688,935.753173828125,237.3468475341797,85.4573974609375,12.219192504882812,8.13732509811327,left,False,"{'safe_roi': (450, 80, 1500, 420), 'cylinder_roi': (800, 190, 1000, 300)}",ok_cylinder_inside_confirmed
2026-09-20 15:30:25,2026-09-20,19412644,29626,40,97.82713317871094,,27.13427734375,0.7824112176895142,836.74755859375,196.91326904296875,1012.2745361328125,305.6143798828125,175.5269775390625,108.70111083984375,19079.977440856397,924.5110473632812,251.26382446289062,1920,1080,851.324951171875,228.55242919921875,948.941650390625,234.96548461914062,97.61669921875,6.413055419921875,3.758719066429168,left,False,"{'safe_roi': (450, 80, 1500, 420), 'cylinder_roi': (800, 190, 1000, 300)}",ok_cylinder_inside_confirmed
2026-09-20 15:30:31,2026-09-20,19412715,29626,40,98.18928527832031,,32.086883544921875,0.8073038458824158,839.3016967773438,198.80856323242188,1010.7512817382812,308.3244323730469,171.4495849609375,109.515869140625,18776.4503107965,925.0264892578125,253.56649780273438,1920,1080,850.9278564453125,226.27243041992188,948.8137817382812,233.98486328125,97.88592529296875,7.712432861328125,4.505028120038614,left,False,"{'safe_roi': (450, 80, 1500, 420), 'cylinder_roi': (800, 190, 1000, 300)}",ok_cylinder_inside_confirmed
2026-09-20 15:30:36,2026-09-20,19412791,29626,40,85.36241149902344,,29.47314453125,0.8144938349723816,839.62353515625,199.1914825439453,1003.1456298828125,306.2332763671875,163.5220947265625,107.04179382324219,17503.69834926538,921.3845825195312,252.71237182617188,1920,1080,855.56494140625,221.17213439941406,940.5909423828125,228.7431640625,85.0260009765625,7.5710296630859375,5.088408188195904,left,False,"{'safe_roi': (450, 80, 1500, 420), 'cylinder_roi': (800, 190, 1000, 300)}",ok_cylinder_inside_confirmed
2026-09-20 15:30:41,2026-09-20,19412863,29626,40,80.75303649902344,,28.729156494140625,0.7846240997314453,841.3268432617188,200.67398071289062,1000.8324584960938,307.8429870605469,159.505615234375,107.16900634765625,17094.05829153955,921.0796508789062,254.25848388671875,1920,1080,861.07421875,220.72869873046875,941.317138671875,229.7910919189453,80.242919921875,9.062393188476562,6.443509825673908,left,False,"{'safe_roi': (450, 80, 1500, 420), 'cylinder_roi': (800, 190, 1000, 300)}",ok_cylinder_inside_confirmed
2026-09-20 15:30:46,2026-09-20,19412937,29626,40,84.21505737304688,,28.692398071289062,0.7680738568305969,842.4456787109375,200.23570251464844,1004.9603271484375,311.1531982421875,162.5146484375,110.91749572753906,18025.71782372892,923.7030029296875,255.6944580078125,1920,1080,860.8885498046875,219.58712768554688,944.27490234375,231.37237548828125,83.3863525390625,11.785247802734375,8.044506729348432,left,False,"{'safe_roi': (450, 80, 1500, 420), 'cylinder_roi': (800, 190, 1000, 300)}",ok_cylinder_inside_confirmed
2026-09-20 15:30:51,2026-09-20,19413012,29626,40,104.0271224975586,,39.39166259765625,0.765956461429596,828.7648315429688,200.02972412109375,994.9021606445312,305.12713623046875,166.1373291015625,105.097412109375,17460.603343337774,911.83349609375,252.57843017578125,1920,1080,828.8390502929688,229.33673095703125,932.6261596679688,236.399169921875,103.787109375,7.06243896484375,3.8928255272471435,left,False,"{'safe_roi': (450, 80, 1500, 420), 'cylinder_roi': (800, 190, 1000, 300)}",ok_cylinder_inside_confirmed
2026-09-20 15:30:59,2026-09-20,19413133,29626,40,101.57962799072266,,37.960357666015625,0.7772457599639893,831.4840087890625,201.14013671875,999.323974609375,308.194580078125,167.8399658203125,107.054443359375,17968.01411435008,915.4039916992188,254.6673583984375,1920,1080,832.667724609375,230.83651733398438,934.1279296875,235.76071166992188,101.460205078125,4.9241943359375,2.7785706129628793,left,False,"{'safe_roi': (450, 80, 1500, 420), 'cylinder_roi': (800, 190, 1000, 300)}",ok_cylinder_inside_confirmed
2026-09-20 15:31:04,2026-09-20,19413207,29626,40,103.84204864501953,,40.10791015625,0.776543915271759,828.6666870117188,201.69076538085938,1003.3087768554688,308.1612548828125,174.64208984375,106.47048950195312,18594.22879330814,915.9877319335938,254.92601013183594,1920,1080,831.9791259765625,229.63475036621094,935.6885986328125,234.8804168701172,103.70947265625,5.24566650390625,2.895575744899142,left,False,"{'safe_roi': (450, 80, 1500, 420), 'cylinder_roi': (800, 190, 1000, 300)}",ok_cylinder_inside_confirmed
2026-09-20 15:31:09,2026-09-20,19413282,29626,40,103.42218780517578,,40.12065124511719,0.7736401557922363,829.854736328125,201.924072265625,1004.8358154296875,309.99346923828125,174.9810791015625,108.06939697265625,18910.099700130522,917.3452758789062,255.95877075195312,1920,1080,830.9697265625,229.28689575195312,934.2418212890625,234.856689453125,103.2720947265625,5.569793701171875,3.08715329622334,left,False,"{'safe_roi': (450, 80, 1500, 420), 'cylinder_roi': (800, 190, 1000, 300)}",ok_cylinder_inside_confirmed
2026-09-20 15:31:18,2026-09-20,19413418,29626,40,103.45890808105469,,39.15855407714844,0.769582211971283,830.68896484375,200.53758239746094,998.34765625,307.88311767578125,167.65869140625,107.34553527832031,17997.411973066628,914.518310546875,254.21035766601562,1920,1080,830.1574096679688,224.527099609375,932.8997802734375,236.682373046875,102.74237060546875,12.1552734375,6.747202072773476,left,False,"{'safe_roi': (450, 80, 1500, 420), 'cylinder_roi': (800, 190, 1000, 300)}",ok_cylinder_inside_confirmed
2026-09-20 15:31:23,2026-09-20,19413492,29626,40,101.37606048583984,,40.11454772949219,0.7684161067008972,830.7139282226562,201.42056274414062,998.4979858398438,306.8596496582031,167.7840576171875,105.4390869140625,17690.997833892703,914.60595703125,254.14010620117188,1920,1080,833.318115234375,224.68133544921875,933.6080932617188,239.48085021972656,100.28997802734375,14.799514770507812,8.394397240052106,left,False,"{'safe_roi': (450, 80, 1500, 420), 'cylinder_roi': (800, 190, 1000, 300)}",ok_cylinder_inside_confirmed
2026-09-20 15:31:28,2026-09-20,19413567,29626,40,103.33131408691406,,41.878082275390625,0.7680701017379761,830.6959838867188,201.20376586914062,1001.0654907226562,308.9185485839844,170.3695068359375,107.71478271484375,18351.314410068095,915.8807373046875,255.0611572265625,1920,1080,833.6235961914062,222.32228088378906,936.0717163085938,235.80348205566406,102.4481201171875,13.481201171875,7.496509292449554,left,False,"{'safe_roi': (450, 80, 1500, 420), 'cylinder_roi': (800, 190, 1000, 300)}",ok_cylinder_inside_confirmed
2026-09-20 15:31:33,2026-09-20,19413642,29626,40,98.72834014892578,,39.21624755859375,0.7706272006034851,832.6448974609375,201.55056762695312,1000.9368896484375,307.8748474121094,168.2919921875,106.32427978515625,17893.52486294508,916.7908935546875,254.71270751953125,1920,1080,836.294189453125,224.76744079589844,934.3980712890625,235.85411071777344,98.1038818359375,11.086669921875,6.447612038817801,left,False,"{'safe_roi': (450, 80, 1500, 420), 'cylinder_roi': (800, 190, 1000, 300)}",ok_cylinder_inside_confirmed
2026-09-20 15:31:39,2026-09-20,19413717,29626,40,95.53263854980469,,38.897857666015625,0.7646542191505432,832.35791015625,200.59022521972656,1001.05615234375,308.9996032714844,168.6982421875,108.40937805175781,18288.471513971686,916.70703125,254.794921875,1920,1080,839.1524658203125,228.96365356445312,934.474365234375,235.30557250976562,95.3218994140625,6.3419189453125,3.8063705341986425,left,False,"{'safe_roi': (450, 80, 1500, 420), 'cylinder_roi': (800, 190, 1000, 300)}",ok_cylinder_inside_confirmed
2026-09-20 15:31:44,2026-09-20,19413793,29626,40,97.80101013183594,,39.48469543457031,0.7637356519699097,834.6776123046875,202.26914978027344,1004.0660400390625,313.3131103515625,169.388427734375,111.04396057128906,18809.561890568584,919.371826171875,257.7911376953125,1920,1080,837.883544921875,225.7954864501953,935.3512573242188,233.86282348632812,97.46771240234375,8.067337036132812,4.731547921451482,left,False,"{'safe_roi': (450, 80, 1500, 420), 'cylinder_roi': (800, 190, 1000, 300)}",ok_cylinder_inside_confirmed
2026-09-20 15:31:49,2026-09-20,19413867,29626,40,99.10826873779297,,40.724578857421875,0.7576673030853271,834.6624755859375,201.00082397460938,1004.0787353515625,311.7321472167969,169.416259765625,110.7313232421875,18759.686622589827,919.37060546875,256.3664855957031,1920,1080,837.859375,227.56752014160156,936.7382202148438,234.30718994140625,98.87884521484375,6.7396697998046875,3.8993000241741487,left,False,"{'safe_roi': (450, 80, 1500, 420), 'cylinder_roi': (800, 190, 1000, 300)}",ok_cylinder_inside_confirmed
2026-09-20 15:31:54,2026-09-20,19413942,29626,40,94.71675109863281,,38.594024658203125,0.7650187015533447,832.8429565429688,201.23204040527344,1006.2875366210938,310.1259460449219,173.444580078125,108.89390563964844,18887.05773673579,919.5652465820312,255.67898559570312,1920,1080,848.4918212890625,234.267822265625,943.1373901367188,230.5963897705078,94.64556884765625,3.6714324951171875,2.221468697375269,left,False,"{'safe_roi': (450, 80, 1500, 420), 'cylinder_roi': (800, 190, 1000, 300)}",ok_cylinder_inside_confirmed
2026-09-20 15:32:13,2026-09-20,19414224,29626,40,87.82274627685547,,38.29011535644531,0.7450358867645264,835.212158203125,201.63168334960938,1001.065673828125,310.5824279785156,165.853515625,108.95074462890625,18069.864026665688,918.138916015625,256.1070556640625,1920,1080,846.424560546875,228.37283325195312,934.2147216796875,230.76487731933594,87.7901611328125,2.3920440673828125,1.5607686080028287,left,False,"{'safe_roi': (450, 80, 1500, 420), 'cylinder_roi': (800, 190, 1000, 300)}",ok_cylinder_inside_confirmed
2026-09-20 15:32:18,2026-09-20,19414302,29626,40,87.3239974975586,,38.0487060546875,0.742563784122467,836.6329345703125,201.70492553710938,1000.858154296875,312.1926574707031,164.2252197265625,110.48773193359375,18144.87205388397,918.7455444335938,256.94879150390625,1920,1080,852.20849609375,232.09500122070312,939.5096435546875,230.09756469726562,87.3011474609375,1.9974365234375,1.3106897460955647,left,False,"{'safe_roi': (450, 80, 1500, 420), 'cylinder_roi': (800, 190, 1000, 300)}",ok_cylinder_inside_confirmed
2026-09-20 15:32:23,2026-09-20,19414378,29626,40,90.98543548583984,,39.2569580078125,0.7501338720321655,834.8177490234375,200.743896484375,1002.9835205078125,311.437744140625,168.165771484375,110.69384765625,18614.916289687157,918.900634765625,256.0908203125,1920,1080,846.86328125,228.179931640625,937.7642822265625,232.0987091064453,90.9010009765625,3.9187774658203125,2.4685148210141805,left,False,"{'safe_roi': (450, 80, 1500, 420), 'cylinder_roi': (800, 190, 1000, 300)}",ok_cylinder_inside_confirmed
2026-09-20 15:32:28,2026-09-20,19414452,29626,40,88.468017578125,,38.108642578125,0.7461676597595215,836.3385009765625,200.9178924560547,1004.261474609375,311.10565185546875,167.9229736328125,110.18775939941406,18503.056216286495,920.2999877929688,256.01177978515625,1920,1080,851.094482421875,231.871337890625,939.5317993164062,229.54080200195312,88.43731689453125,2.330535888671875,1.5095321531899755,left,False,"{'safe_roi': (450, 80, 1500, 420), 'cylinder_roi': (800, 190, 1000, 300)}",ok_cylinder_inside_confirmed
2026-09-20 15:32:33,2026-09-20,19414527,29626,40,92.23628234863281,,38.506103515625,0.7632263898849487,836.6700439453125,201.2362823486328,1002.5018310546875,310.69085693359375,165.831787109375,109.45457458496094,18151.04771072045,919.5859375,255.96356201171875,1920,1080,850.1187133789062,236.76486206054688,942.13330078125,230.3737030029297,92.01458740234375,6.3911590576171875,3.973274989957909,left,False,"{'safe_roi': (450, 80, 1500, 420), 'cylinder_roi': (800, 190, 1000, 300)}",ok_cylinder_inside_confirmed
2026-09-20 15:32:38,2026-09-20,19414602,29626,40,89.95101165771484,,37.59056091308594,0.7533259987831116,836.61767578125,200.68064880371094,1003.1295166015625,309.9832458496094,166.5118408203125,109.30259704589844,18200.1766405534,919.8735961914062,255.33193969726562,1920,1080,852.0289916992188,236.25732421875,941.8718872070312,231.84832763671875,89.8428955078125,4.40899658203125,2.8095086877665185,left,False,"{'safe_roi': (450, 80, 1500, 420), 'cylinder_roi': (800, 190, 1000, 300)}",ok_cylinder_inside_confirmed
2026-09-20 15:32:46,2026-09-20,19414717,29626,40,91.24996185302734,,39.492431640625,0.754494309425354,836.4960327148438,200.59194946289062,1001.6886596679688,310.6999206542969,165.192626953125,110.10797119140625,18189.025009587407,919.0923461914062,255.64593505859375,1920,1080,850.8539428710938,236.19993591308594,941.965576171875,231.17745971679688,91.11163330078125,5.0224761962890625,3.1552034525982773,left,False,"{'safe_roi': (450, 80, 1500, 420), 'cylinder_roi': (800, 190, 1000, 300)}",ok_cylinder_inside_confirmed
2026-09-20 15:32:51,2026-09-20,19414796,29626,40,83.7401123046875,,37.7972412109375,0.7563652396202087,837.5691528320312,203.03988647460938,1002.3399047851562,312.7650451660156,164.770751953125,109.72515869140625,18079.496905758977,919.9545288085938,257.9024658203125,1920,1080,854.0296020507812,229.27023315429688,937.761474609375,230.44476318359375,83.73187255859375,1.174530029296875,0.8036509665916038,left,False,"{'safe_roi': (450, 80, 1500, 420), 'cylinder_roi': (800, 190, 1000, 300)}",ok_cylinder_inside_confirmed
2026-09-20 15:32:58,2026-09-20,19414902,29626,40,82.39153289794922,,37.40193176269531,0.7473387122154236,840.7766723632812,202.50204467773438,1003.7282104492188,311.8963928222656,162.9515380859375,109.39434814453125,17825.97728805989,922.25244140625,257.19921875,1920,1080,856.5223999023438,227.7633056640625,938.8779296875,230.1988067626953,82.35552978515625,2.4355010986328125,1.6939150978465964,left,False,"{'safe_roi': (450, 80, 1500, 420), 'cylinder_roi': (800, 190, 1000, 300)}",ok_cylinder_inside_confirmed
2026-09-20 15:33:04,2026-09-20,19414996,29626,40,82.57219696044922,,38.11248779296875,0.7430257797241211,839.2495727539062,202.66824340820312,1003.9387817382812,313.1889343261719,164.689208984375,110.52069091796875,18201.56516368687,921.5941772460938,257.9285888671875,1920,1080,856.599365234375,224.3332061767578,939.09716796875,227.83749389648438,82.497802734375,3.5042877197265625,2.432310467191079,left,False,"{'safe_roi': (450, 80, 1500, 420), 'cylinder_roi': (800, 190, 1000, 300)}",ok_cylinder_inside_confirmed
2026-09-20 15:33:19,2026-09-20,19415215,29626,40,105.25804138183594,,35.78045654296875,0.7879897356033325,821.8442993164062,198.39202880859375,1001.8076782226562,302.8811950683594,179.96337890625,104.48916625976562,18804.223419204354,911.8259887695312,250.63661193847656,1920,1080,828.8894653320312,220.64288330078125,933.5853271484375,231.50711059570312,104.69586181640625,10.864227294921875,5.924345046995765,left,False,"{'safe_roi': (450, 80, 1500, 420), 'cylinder_roi': (800, 190, 1000, 300)}",ok_cylinder_inside_confirmed
2026-09-20 15:33:24,2026-09-20,19415292,29626,40,104.68412780761719,,36.57978820800781,0.6414526104927063,818.5287475585938,200.2740020751953,991.2476196289062,301.8333740234375,172.7188720703125,101.55937194824219,17541.220171069726,904.88818359375,251.05368041992188,1920,1080,824.946044921875,224.5832977294922,928.99609375,236.08779907226562,104.050048828125,11.504501342773438,6.309394604798921,left,False,"{'safe_roi': (450, 80, 1500, 420), 'cylinder_roi': (800, 190, 1000, 300)}",ok_cylinder_inside_confirmed
2026-09-20 15:33:30,2026-09-20,19415366,29626,40,105.80475616455078,,36.65057373046875,0.7572252154350281,821.6983642578125,199.37771606445312,995.23046875,303.8990173339844,173.5321044921875,104.52130126953125,18137.801373563707,908.4644165039062,251.63836669921875,1920,1080,824.23583984375,227.08721923828125,929.6099853515625,236.623291015625,105.3741455078125,9.53607177734375,5.1710254584530295,left,False,"{'safe_roi': (450, 80, 1500, 420), 'cylinder_roi': (800, 190, 1000, 300)}",ok_cylinder_inside_confirmed
2026-09-20 15:33:35,2026-09-20,19415443,29626,40,105.61012268066406,,37.47076416015625,0.7606822848320007,820.2596435546875,199.4766082763672,994.5301513671875,302.6232604980469,174.2705078125,103.14665222167969,17975.41946183145,907.3948974609375,251.0499267578125,1920,1080,825.43505859375,226.681884765625,930.4906005859375,237.49072265625,105.0555419921875,10.808837890625,5.874314763600869,left,False,"{'safe_roi': (450, 80, 1500, 420), 'cylinder_roi': (800, 190, 1000, 300)}",ok_cylinder_inside_confirmed
2026-09-20 15:33:40,2026-09-20,19415518,29626,40,108.69493103027344,,37.21363830566406,0.6384550929069519,821.1273193359375,200.65533447265625,995.214599609375,305.0456848144531,174.0872802734375,104.39035034179688,18173.032177794725,908.1709594726562,252.8505096435547,1920,1080,824.3834228515625,222.98306274414062,932.7698364257812,231.16683959960938,108.38641357421875,8.18377685546875,4.317956670873682,left,False,"{'safe_roi': (450, 80, 1500, 420), 'cylinder_roi': (800, 190, 1000, 300)}",ok_cylinder_inside_confirmed
2026-09-20 15:33:45,2026-09-20,19415594,29626,40,106.65916442871094,,38.82350158691406,0.7502356767654419,820.306640625,200.2515869140625,994.5008544921875,304.26373291015625,174.1942138671875,104.01214599609375,18118.314004428685,907.4037475585938,252.25765991210938,1920,1080,826.4290771484375,224.6835174560547,932.5125732421875,235.75009155273438,106.08349609375,11.066574096679688,5.955523930180114,left,False,"{'safe_roi': (450, 80, 1500, 420), 'cylinder_roi': (800, 190, 1000, 300)}",ok_cylinder_inside_confirmed
2026-09-20 15:33:50,2026-09-20,19415665,29626,40,109.13624572753906,,38.0098876953125,0.7719786763191223,819.8235473632812,199.49691772460938,993.6688842773438,304.50177001953125,173.8453369140625,105.00485229492188,18254.603924822062,906.7462158203125,251.9993438720703,1920,1080,825.71728515625,228.57879638671875,934.5654907226562,236.50265502929688,108.84820556640625,7.923858642578125,4.1636350889396025,left,False,"{'safe_roi': (450, 80, 1500, 420), 'cylinder_roi': (800, 190, 1000, 300)}",ok_cylinder_inside_confirmed
2026-09-20 15:33:55,2026-09-20,19415741,29626,40,108.9614486694336,,37.922027587890625,0.7628153562545776,819.5396728515625,201.1790771484375,993.696044921875,305.93389892578125,174.1563720703125,104.75482177734375,18243.719717614353,906.6178588867188,253.55648803710938,1920,1080,826.1915283203125,226.99392700195312,934.7299194335938,236.58633422851562,108.53839111328125,9.5924072265625,5.050564926081052,left,False,"{'safe_roi': (450, 80, 1500, 420), 'cylinder_roi': (800, 190, 1000, 300)}",ok_cylinder_inside_confirmed
2026-09-20 15:34:00,2026-09-20,19415814,29626,40,110.33930206298828,,39.749420166015625,0.7605700492858887,820.3848266601562,200.24717712402344,994.4756469726562,305.68505859375,174.0908203125,105.43788146972656,18355.76727707684,907.4302368164062,252.96612548828125,1920,1080,825.9664306640625,225.54080200195312,935.8600463867188,235.4480743408203,109.89361572265625,9.907272338867188,5.151477427597499,left,False,"{'safe_roi': (450, 80, 1500, 420), 'cylinder_roi': (800, 190, 1000, 300)}",ok_cylinder_inside_confirmed
2026-09-20 15:34:05,2026-09-20,19415892,29626,40,110.47596740722656,,39.13934326171875,0.7499771118164062,820.3165283203125,199.3702850341797,994.945556640625,304.3583984375,174.6290283203125,104.98811340332031,18333.972228804603,907.6310424804688,251.86434936523438,1920,1080,825.4108276367188,228.55349731445312,935.716796875,234.6798095703125,110.30596923828125,6.126312255859375,3.1788995069314803,left,False,"{'safe_roi': (450, 80, 1500, 420), 'cylinder_roi': (800, 190, 1000, 300)}",ok_cylinder_inside_confirmed
2026-09-20 15:34:10,2026-09-20,19415965,29626,40,108.32669830322266,,36.42353820800781,0.76017165184021,820.5619506835938,199.94183349609375,994.9347534179688,306.968017578125,174.372802734375,107.02618408203125,18662.45568434894,907.7483520507812,253.45492553710938,1920,1080,826.146728515625,226.38223266601562,934.1793823242188,234.3583526611328,108.03265380859375,7.9761199951171875,4.22252293113886,left,False,"{'safe_roi': (450, 80, 1500, 420), 'cylinder_roi': (800, 190, 1000, 300)}",ok_cylinder_inside_confirmed
2026-09-20 15:34:15,2026-09-20,19416039,29626,40,107.27059936523438,,39.033935546875,0.7403259873390198,822.60546875,199.60525512695312,997.1788330078125,306.7565612792969,174.5733642578125,107.15130615234375,18705.76399963349,909.8921508789062,253.180908203125,1920,1080,827.585693359375,224.9224853515625,934.5518188476562,232.99896240234375,106.96612548828125,8.07647705078125,4.317924630593846,left,False,"{'safe_roi': (450, 80, 1500, 420), 'cylinder_roi': (800, 190, 1000, 300)}",ok_cylinder_inside_confirmed
2026-09-20 15:34:20,2026-09-20,19416109,29626,40,108.40159606933594,,40.51289367675781,0.7826720476150513,821.9269409179688,199.63739013671875,999.3069458007812,306.4832458496094,177.3800048828125,106.84585571289062,18952.31840806082,910.616943359375,253.06031799316406,1920,1080,826.1917724609375,227.89553833007812,934.4440307617188,233.58364868164062,108.25225830078125,5.6881103515625,3.0078381694524627,left,False,"{'safe_roi': (450, 80, 1500, 420), 'cylinder_roi': (800, 190, 1000, 300)}",ok_cylinder_inside_confirmed
2026-09-20 15:34:25,2026-09-20,19416185,29626,40,105.80878448486328,,38.79234313964844,0.764572262763977,822.9765014648438,198.88858032226562,997.4663696289062,305.3876647949219,174.4898681640625,106.49908447265625,18583.011209227145,910.221435546875,252.13812255859375,1920,1080,828.93310546875,226.436767578125,934.481201171875,233.85958862304688,105.548095703125,7.422821044921875,4.022784531723816,left,False,"{'safe_roi': (450, 80, 1500, 420), 'cylinder_roi': (800, 190, 1000, 300)}",ok_cylinder_inside_confirmed
2026-09-20 15:34:30,2026-09-20,19416264,29626,40,109.1908187866211,,39.93572998046875,0.7050315737724304,820.8357543945312,200.06631469726562,996.7039184570312,304.0857238769531,175.8681640625,104.0194091796875,18293.7025192976,908.7698364257812,252.07601928710938,1920,1080,826.15087890625,224.6456298828125,935.0159912109375,233.0731201171875,108.8651123046875,8.427490234375,4.426565396768787,left,False,"{'safe_roi': (450, 80, 1500, 420), 'cylinder_roi': (800, 190, 1000, 300)}",ok_cylinder_inside_confirmed
2026-09-20 15:34:35,2026-09-20,19416340,29626,40,107.69873046875,,39.675537109375,0.7749384641647339,823.7164306640625,199.80148315429688,1000.5721435546875,305.5522155761719,176.855712890625,105.750732421875,18702.621171176434,912.144287109375,252.67684936523438,1920,1080,828.1484375,225.05111694335938,935.559814453125,232.91323852539062,107.411376953125,7.86212158203125,4.186376571652059,left,False,"{'safe_roi': (450, 80, 1500, 420), 'cylinder_roi': (800, 190, 1000, 300)}",ok_cylinder_inside_confirmed
2026-09-20 15:34:40,2026-09-20,19416415,29626,40,102.40069580078125,,40.06683349609375,0.7691776156425476,825.0184936523438,198.12161254882812,1001.6448364257812,305.3677978515625,176.6263427734375,107.24618530273438,18942.501486424357,913.3316650390625,251.7447052001953,1920,1080,833.207275390625,226.69949340820312,935.3869018554688,233.424560546875,102.17962646484375,6.725067138671875,3.7655553289017054,left,False,"{'safe_roi': (450, 80, 1500, 420), 'cylinder_roi': (800, 190, 1000, 300)}",ok_cylinder_inside_confirmed
2026-09-20 15:34:45,2026-09-20,19416489,29626,40,105.45279693603516,,41.65220642089844,0.7709562182426453,825.3082885742188,199.55886840820312,1002.5479125976562,309.065673828125,177.2396240234375,109.50680541992188,19408.94502063468,913.9281005859375,254.31227111816406,1920,1080,829.2178955078125,226.33761596679688,934.4361572265625,233.36685180664062,105.21826171875,7.02923583984375,3.8220360106849904,left,False,"{'safe_roi': (450, 80, 1500, 420), 'cylinder_roi': (800, 190, 1000, 300)}",ok_cylinder_inside_confirmed
2026-09-20 15:34:50,2026-09-20,19416564,29626,40,102.41171264648438,,38.59825134277344,0.7546613216400146,826.1099853515625,199.3036651611328,1001.8428955078125,307.86187744140625,175.73291015625,108.55821228027344,19077.250565372407,913.9764404296875,253.582763671875,1920,1080,831.866943359375,224.65426635742188,933.8819580078125,233.65956115722656,102.0150146484375,9.005294799804688,5.044663537447487,left,False,"{'safe_roi': (450, 80, 1500, 420), 'cylinder_roi': (800, 190, 1000, 300)}",ok_cylinder_inside_confirmed
2026-09-20 15:34:55,2026-09-20,19416642,29626,40,101.2753677368164,,37.895538330078125,0.770446240901947,825.202880859375,200.54244995117188,1003.0072021484375,310.82305908203125,177.8043212890625,110.28060913085938,19608.36885785684,914.1050415039062,255.68275451660156,1920,1080,832.9403686523438,226.4944610595703,933.9299926757812,234.09686279296875,100.9896240234375,7.6024017333984375,4.305051263262646,left,False,"{'safe_roi': (450, 80, 1500, 420), 'cylinder_roi': (800, 190, 1000, 300)}",ok_cylinder_inside_confirmed
2026-09-20 15:35:00,2026-09-20,19416718,29626,40,100.39046478271484,,40.58073425292969,0.7836488485336304,827.3470458984375,201.1605682373047,1003.0784912109375,312.17840576171875,175.7314453125,111.01783752441406,19509.32504363358,915.2127685546875,256.66949462890625,1920,1080,834.5696411132812,223.7154083251953,934.2592163085938,235.55746459960938,99.6895751953125,11.842056274414062,6.774381173326422,left,False,"{'safe_roi': (450, 80, 1500, 420), 'cylinder_roi': (800, 190, 1000, 300)}",ok_cylinder_inside_confirmed
2026-09-20 15:35:06,2026-09-20,19416796,29626,40,107.83840942382812,,34.35758972167969,0.7026134729385376,821.9664306640625,199.732177734375,1005.2200927734375,309.12518310546875,183.253662109375,109.39300537109375,20046.66884340346,913.59326171875,254.42868041992188,1920,1080,828.3470458984375,209.64962768554688,935.427490234375,222.41290283203125,107.0804443359375,12.763275146484375,6.7972066054926605,left,False,"{'safe_roi': (450, 80, 1500, 420), 'cylinder_roi': (800, 190, 1000, 300)}",ok_cylinder_inside_confirmed
2026-09-20 15:35:11,2026-09-20,19416870,29626,40,107.35425567626953,,39.49797058105469,0.7577375173568726,808.2384033203125,197.88462829589844,989.4051513671875,300.7938537597656,181.166748046875,102.90922546386719,18643.72972131148,898.82177734375,249.3392333984375,1920,1080,817.2217407226562,230.00958251953125,924.432373046875,235.56080627441406,107.21063232421875,5.5512237548828125,2.9640521411150904,left,False,"{'safe_roi': (450, 80, 1500, 420), 'cylinder_roi': (800, 190, 1000, 300)}",ok_cylinder_inside_confirmed
2026-09-20 15:35:16,2026-09-20,19416945,29626,40,106.73546600341797,,39.09611511230469,0.7462610006332397,810.67626953125,197.39303588867188,985.0411376953125,300.85784912109375,174.3648681640625,103.46481323242188,18040.62851889059,897.8587036132812,249.1254425048828,1920,1080,817.6219482421875,229.74826049804688,924.2200927734375,235.16079711914062,106.59814453125,5.41253662109375,2.9067054886355455,left,False,"{'safe_roi': (450, 80, 1500, 420), 'cylinder_roi': (800, 190, 1000, 300)}",ok_cylinder_inside_confirmed
2026-09-20 15:35:21,2026-09-20,19417019,29626,40,106.45531463623047,,36.2608642578125,0.7009555697441101,810.4384765625,199.20938110351562,987.119873046875,301.0169982910156,176.681396484375,101.8076171875,17987.51197743416,898.7791748046875,250.11318969726562,1920,1080,817.4231567382812,228.31846618652344,923.6015625,235.9918212890625,106.17840576171875,7.6733551025390625,4.133494516319679,left,False,"{'safe_roi': (450, 80, 1500, 420), 'cylinder_roi': (800, 190, 1000, 300)}",ok_cylinder_inside_confirmed
2026-09-20 15:35:26,2026-09-20,19417099,29626,40,106.1545639038086,,37.74034118652344,0.7517320513725281,806.350830078125,197.5296630859375,986.4962158203125,298.5977478027344,180.1453857421875,101.06808471679688,18206.949107531458,896.4235229492188,248.06370544433594,1920,1080,817.7273559570312,229.63818359375,923.7128295898438,235.62742614746094,105.9854736328125,5.9892425537109375,3.2343464496935432,left,False,"{'safe_roi': (450, 80, 1500, 420), 'cylinder_roi': (800, 190, 1000, 300)}",ok_cylinder_inside_confirmed
2026-09-20 15:37:08,2026-09-20,19418620,29626,41,117.57160949707031,,38.266937255859375,0.7933595776557922,802.6243896484375,196.55404663085938,1004.05029296875,299.1578369140625,201.4259033203125,102.60379028320312,20667.06114188209,903.3373413085938,247.85594177246094,1920,1080,811.7783203125,220.68551635742188,928.5863647460938,234.063232421875,116.80804443359375,13.377716064453125,6.533467722068353,left,False,"{'safe_roi': (450, 80, 1500, 420), 'cylinder_roi': (800, 190, 1000, 300)}",ok_cylinder_inside_confirmed
2026-09-20 15:37:13,2026-09-20,19418694,29626,41,118.46678924560547,,33.26631164550781,0.7975255250930786,803.0856323242188,197.1063690185547,1000.1878051757812,300.14874267578125,197.1021728515625,103.04237365722656,20309.87574362196,901.63671875,248.6275634765625,1920,1080,810.14208984375,216.87478637695312,927.821044921875,230.51455688476562,117.678955078125,13.6397705078125,6.61145887753822,left,False,"{'safe_roi': (450, 80, 1500, 420), 'cylinder_roi': (800, 190, 1000, 300)}",ok_cylinder_inside_confirmed
2026-09-20 15:37:18,2026-09-20,19418764,29626,41,116.85437774658203,,28.3638916015625,0.5930579304695129,802.0430908203125,198.25267028808594,990.715087890625,301.0389404296875,188.6719970703125,102.78627014160156,19392.8908590246,896.3790893554688,249.64581298828125,1920,1080,811.5925903320312,216.12649536132812,926.332763671875,238.2542724609375,114.74017333984375,22.127777099609375,10.915552688470218,left,False,"{'safe_roi': (450, 80, 1500, 420), 'cylinder_roi': (800, 190, 1000, 300)}",ok_cylinder_inside_confirmed
2026-09-20 15:37:23,2026-09-20,19418841,29626,41,113.35369873046875,,24.841552734375,0.4912833273410797,799.5309448242188,200.99172973632812,980.5255737304688,297.059326171875,180.99462890625,96.06759643554688,17387.718966767192,890.0282592773438,249.02552795410156,1920,1080,810.950927734375,217.28115844726562,921.0336303710938,244.31556701660156,110.08270263671875,27.034408569335938,13.797792766233167,left,False,"{'safe_roi': (450, 80, 1500, 420), 'cylinder_roi': (800, 190, 1000, 300)}",ok_cylinder_inside_confirmed
2026-09-20 15:37:42,2026-09-20,19419148,29626,41,115.80889892578125,,26.626724243164062,0.44737496972084045,796.1192016601562,200.85813903808594,983.8733520507812,297.44976806640625,187.754150390625,96.59162902832031,18135.47924305871,889.9962768554688,249.15396118164062,1920,1080,810.673095703125,218.3511962890625,923.922607421875,242.56378173828125,113.24951171875,24.21258544921875,12.068069344638992,left,False,"{'safe_roi': (450, 80, 1500, 420), 'cylinder_roi': (800, 190, 1000, 300)}",ok_cylinder_inside_confirmed
2026-09-20 15:38:18,2026-09-20,19419686,29626,42,110.86016082763672,,30.318588256835938,0.5505512356758118,795.4290161132812,201.18603515625,984.1279907226562,297.79034423828125,188.698974609375,96.60430908203125,18229.13406662643,889.7785034179688,249.48818969726562,1920,1080,813.2029418945312,219.52880859375,922.054931640625,240.53402709960938,108.85198974609375,21.005218505859375,10.922142054843707,left,False,"{'safe_roi': (450, 80, 1500, 420), 'cylinder_roi': (800, 190, 1000, 300)}",ok_cylinder_inside_confirmed
2026-09-20 15:38:24,2026-09-20,19419775,29626,42,113.75273895263672,,29.030380249023438,0.6321078538894653,793.5772094726562,201.4483184814453,990.1680297851562,298.15338134765625,196.5908203125,96.70506286621094,19011.32763724029,891.8726196289062,249.80084228515625,1920,1080,810.782958984375,219.74411010742188,922.9493408203125,238.67526245117188,112.1663818359375,18.93115234375,9.579950367481933,left,False,"{'safe_roi': (450, 80, 1500, 420), 'cylinder_roi': (800, 190, 1000, 300)}",ok_cylinder_inside_confirmed
2026-09-20 15:38:29,2026-09-20,19419853,29626,42,109.67059326171875,,26.262725830078125,0.4430805444717407,800.2492065429688,201.57400512695312,981.9898071289062,298.9364318847656,181.7406005859375,97.3624267578125,17694.705913469195,891.1195068359375,250.25521850585938,1920,1080,813.36962890625,219.68948364257812,921.502197265625,237.99212646484375,108.132568359375,18.302642822265625,9.606896346542378,left,False,"{'safe_roi': (450, 80, 1500, 420), 'cylinder_roi': (800, 190, 1000, 300)}",ok_cylinder_inside_confirmed
2026-09-20 15:38:43,2026-09-20,19420063,29626,42,110.55712890625,,27.670394897460938,0.4531646966934204,797.125244140625,201.19259643554688,980.181396484375,299.13006591796875,183.05615234375,97.93746948242188,17928.056333735585,888.6533203125,250.1613311767578,1920,1080,813.1118774414062,222.29541015625,921.898681640625,242.00100708007812,108.78680419921875,19.705596923828125,10.267205610812368,left,False,"{'safe_roi': (450, 80, 1500, 420), 'cylinder_roi': (800, 190, 1000, 300)}",ok_cylinder_inside_confirmed
2026-09-20 15:38:48,2026-09-20,19420138,29626,42,109.17572021484375,,28.150711059570312,0.5920148491859436,797.5570068359375,199.77386474609375,985.23876953125,297.9931335449219,187.6817626953125,98.21926879882812,18433.96549880877,891.3978881835938,248.8834991455078,1920,1080,814.1328125,223.7298583984375,922.0278930664062,240.40286254882812,107.89508056640625,16.673004150390625,8.784422144242745,left,False,"{'safe_roi': (450, 80, 1500, 420), 'cylinder_roi': (800, 190, 1000, 300)}",ok_cylinder_inside_confirmed
2026-09-20 15:38:53,2026-09-20,19420214,29626,42,108.47801208496094,,27.3304443359375,0.6880312561988831,797.3010864257812,201.4359130859375,985.8810424804688,300.2265625,188.5799560546875,98.7906494140625,18629.936325117946,891.591064453125,250.83123779296875,1920,1080,812.5731201171875,219.3885498046875,919.183837890625,239.4293670654297,106.6107177734375,20.040817260742188,10.646290744089551,left,False,"{'safe_roi': (450, 80, 1500, 420), 'cylinder_roi': (800, 190, 1000, 300)}",ok_cylinder_inside_confirmed
2026-09-20 15:38:58,2026-09-20,19420289,29626,42,107.23353576660156,,29.520294189453125,0.5243169069290161,795.316650390625,203.00241088867188,987.605712890625,298.5225830078125,192.2890625,95.52017211914062,18367.48434662819,891.461181640625,250.7624969482422,1920,1080,815.4398803710938,220.89756774902344,921.0853271484375,239.2842559814453,105.64544677734375,18.386688232421875,9.872948734251347,left,False,"{'safe_roi': (450, 80, 1500, 420), 'cylinder_roi': (800, 190, 1000, 300)}",ok_cylinder_inside_confirmed
2026-09-20 15:39:05,2026-09-20,19420391,29626,42,115.33238220214844,,24.209823608398438,0.5374674201011658,796.0781860351562,201.9478759765625,987.4441528320312,298.2184753417969,191.365966796875,96.27059936523438,18422.916321642697,891.7611694335938,250.0831756591797,1920,1080,812.0216064453125,221.55618286132812,925.947509765625,239.51296997070312,113.9259033203125,17.956787109375,8.957162694934947,left,False,"{'safe_roi': (450, 80, 1500, 420), 'cylinder_roi': (800, 190, 1000, 300)}",ok_cylinder_inside_confirmed
2026-09-20 15:39:10,2026-09-20,19420467,29626,42,108.78440856933594,,26.043182373046875,0.5382155776023865,795.3983154296875,201.30914306640625,979.525634765625,300.1037902832031,184.1273193359375,98.79464721679688,18190.793556768447,887.4619750976562,250.7064666748047,1920,1080,815.87060546875,223.16970825195312,923.0352783203125,241.87213134765625,107.1646728515625,18.702423095703125,9.899581611428983,left,False,"{'safe_roi': (450, 80, 1500, 420), 'cylinder_roi': (800, 190, 1000, 300)}",ok_cylinder_inside_confirmed
2026-09-20 15:39:15,2026-09-20,19420546,29626,42,106.48741912841797,,26.07318115234375,0.4620814323425293,799.4415283203125,201.53271484375,980.145751953125,300.248779296875,180.7042236328125,98.716064453125,17838.409787088633,889.7936401367188,250.8907470703125,1920,1080,818.1818237304688,221.94308471679688,923.298095703125,238.9765625,105.11627197265625,17.033477783203125,9.204438516363508,left,False,"{'safe_roi': (450, 80, 1500, 420), 'cylinder_roi': (800, 190, 1000, 300)}",ok_cylinder_inside_confirmed
2026-09-20 15:39:22,2026-09-20,19420639,29626,42,107.61557006835938,,27.984039306640625,0.5931047797203064,799.2391967773438,200.83897399902344,982.0586547851562,299.2573547363281,182.8194580078125,98.41838073730469,17992.795024400577,890.64892578125,250.04815673828125,1920,1080,815.2426147460938,222.74880981445312,921.96484375,236.5863037109375,106.72222900390625,13.837493896484375,7.387696235610296,left,False,"{'safe_roi': (450, 80, 1500, 420), 'cylinder_roi': (800, 190, 1000, 300)}",ok_cylinder_inside_confirmed
2026-09-20 15:39:55,2026-09-20,19421146,29626,43,105.11376190185547,,28.760330200195312,0.6295546293258667,793.8984375,200.5322265625,992.0394287109375,297.5951843261719,198.1409912109375,97.06295776367188,19232.150661159307,892.9689331054688,249.06370544433594,1920,1080,814.2620239257812,220.4205780029297,917.2923583984375,241.24490356445312,103.03033447265625,20.824325561523438,11.42659145901591,left,False,"{'safe_roi': (450, 80, 1500, 420), 'cylinder_roi': (800, 190, 1000, 300)}",ok_cylinder_inside_confirmed
2026-09-20 15:40:00,2026-09-20,19421222,29626,43,105.84553527832031,,27.56884765625,0.7162320017814636,795.3675537109375,198.53634643554688,990.314208984375,298.9694519042969,194.9466552734375,100.43310546875,19579.097989857197,892.8408813476562,248.75289916992188,1920,1080,814.1448364257812,221.51882934570312,918.2492065429688,240.63836669921875,104.1043701171875,19.119537353515625,10.406820334560305,left,False,"{'safe_roi': (450, 80, 1500, 420), 'cylinder_roi': (800, 190, 1000, 300)}",ok_cylinder_inside_confirmed
2026-09-20 15:40:05,2026-09-20,19421297,29626,43,111.48892974853516,,28.136932373046875,0.5626531839370728,796.012451171875,199.778076171875,990.29248046875,298.0042724609375,194.280029296875,98.2261962890625,19083.388292759657,893.1524658203125,248.89117431640625,1920,1080,811.373046875,220.52865600585938,921.3068237304688,239.085205078125,109.93377685546875,18.556549072265625,9.581070296589196,left,False,"{'safe_roi': (450, 80, 1500, 420), 'cylinder_roi': (800, 190, 1000, 300)}",ok_cylinder_inside_confirmed
2026-09-20 15:40:11,2026-09-20,19421373,29626,43,109.0090560913086,,27.43121337890625,0.4184670150279999,798.4969482421875,201.3951416015625,987.7816162109375,300.4496765136719,189.28466796875,99.05453491210938,18749.504751637578,893.1392822265625,250.9224090576172,1920,1080,813.6957397460938,219.61630249023438,921.1808471679688,237.78018188476562,107.485107421875,18.16387939453125,9.591777658955728,left,False,"{'safe_roi': (450, 80, 1500, 420), 'cylinder_roi': (800, 190, 1000, 300)}",ok_cylinder_inside_confirmed
2026-09-20 15:40:16,2026-09-20,19421449,29626,43,111.39279174804688,,22.67041015625,0.45804187655448914,801.6756591796875,202.09536743164062,988.597900390625,302.8592224121094,186.9222412109375,100.76385498046875,18835.005606003106,895.1367797851562,252.477294921875,1920,1080,816.5950317382812,224.36756896972656,926.3306884765625,243.51019287109375,109.73565673828125,19.142623901367188,9.895280559554406,left,False,"{'safe_roi': (450, 80, 1500, 420), 'cylinder_roi': (800, 190, 1000, 300)}",ok_cylinder_inside_confirmed
2026-09-20 15:40:21,2026-09-20,19421525,29626,43,108.60041809082031,,29.422393798828125,0.6181367039680481,802.0443725585938,202.68240356445312,986.1497192382812,304.5756530761719,184.1053466796875,101.89324951171875,18759.09202567488,894.0970458984375,253.6290283203125,1920,1080,819.9224853515625,226.45352172851562,927.0318603515625,244.38763427734375,107.109375,17.934112548828125,9.505281676812412,left,False,"{'safe_roi': (450, 80, 1500, 420), 'cylinder_roi': (800, 190, 1000, 300)}",ok_cylinder_inside_confirmed
2026-09-20 15:40:26,2026-09-20,19421600,29626,43,112.22911834716797,,30.830276489257812,0.6321466565132141,805.036376953125,200.8708953857422,986.874755859375,302.9130554199219,181.83837890625,102.04216003417969,18555.180960707366,895.95556640625,251.8919677734375,1920,1080,820.8510131835938,224.6990966796875,931.6290283203125,242.68814086914062,110.77801513671875,17.989044189453125,9.223646125746486,left,False,"{'safe_roi': (450, 80, 1500, 420), 'cylinder_roi': (800, 190, 1000, 300)}",ok_cylinder_inside_confirmed
2026-09-20 15:40:35,2026-09-20,19421750,29626,43,114.09088897705078,,29.726394653320312,0.5036641955375671,808.6980590820312,200.17120361328125,984.9540405273438,304.6839904785156,176.2559814453125,104.51278686523438,18421.00382251665,896.8260498046875,252.42759704589844,1920,1080,819.4228515625,220.13809204101562,931.4212646484375,241.88864135742188,111.9984130859375,21.75054931640625,10.990270379179439,left,False,"{'safe_roi': (450, 80, 1500, 420), 'cylinder_roi': (800, 190, 1000, 300)}",ok_cylinder_inside_confirmed
2026-09-20 15:40:41,2026-09-20,19421830,29626,43,115.05987548828125,,30.132843017578125,0.4162415862083435,812.9597778320312,201.0670623779297,983.9608764648438,306.21197509765625,171.0010986328125,105.14491271972656,17979.895590724424,898.4603271484375,253.6395263671875,1920,1080,820.2325439453125,223.73330688476562,933.2904052734375,245.10372924804688,113.057861328125,21.37042236328125,10.70387417996659,left,False,"{'safe_roi': (450, 80, 1500, 420), 'cylinder_roi': (800, 190, 1000, 300)}",ok_cylinder_inside_confirmed
2026-09-20 15:40:46,2026-09-20,19421906,29626,43,111.55378723144531,,29.18212890625,0.6149035692214966,808.2392578125,199.09881591796875,986.951416015625,302.88897705078125,178.712158203125,103.7901611328125,18548.563696295023,897.5953369140625,250.993896484375,1920,1080,818.0291748046875,224.65087890625,928.4927368164062,240.2088165283203,110.46356201171875,15.557937622070312,8.016935129914833,left,False,"{'safe_roi': (450, 80, 1500, 420), 'cylinder_roi': (800, 190, 1000, 300)}",ok_cylinder_inside_confirmed
2026-09-20 15:40:51,2026-09-20,19421980,29626,43,108.41040802001953,,31.698150634765625,0.4410977363586426,805.0884399414062,199.457763671875,988.4142456054688,303.0970153808594,183.3258056640625,103.63925170898438,18999.749317970127,896.7513427734375,251.2773895263672,1920,1080,821.4641723632812,221.8060302734375,928.1296997070312,241.17823791503906,106.66552734375,19.372207641601562,10.293654036665366,left,False,"{'safe_roi': (450, 80, 1500, 420), 'cylinder_roi': (800, 190, 1000, 300)}",ok_cylinder_inside_confirmed
2026-09-20 15:41:21,2026-09-20,19422438,29626,44,111.06866455078125,,31.16058349609375,0.6859742999076843,811.6448974609375,199.28697204589844,991.142578125,302.7203369140625,179.4976806640625,103.43336486816406,18566.049097115174,901.3937377929688,251.003662109375,1920,1080,815.2216186523438,228.65570068359375,926.1116943359375,234.95169067382812,110.89007568359375,6.295989990234375,3.249585486875593,left,False,"{'safe_roi': (450, 80, 1500, 420), 'cylinder_roi': (800, 190, 1000, 300)}",ok_cylinder_inside_confirmed
2026-09-20 15:41:26,2026-09-20,19422514,29626,44,110.37779998779297,,29.876678466796875,0.6117444634437561,807.3008422851562,198.84068298339844,991.3490600585938,303.3883056640625,184.0482177734375,104.54762268066406,19241.803626826033,899.324951171875,251.114501953125,1920,1080,815.896240234375,222.32049560546875,925.3893432617188,236.26748657226562,109.49310302734375,13.946990966796875,7.259118995120996,left,False,"{'safe_roi': (450, 80, 1500, 420), 'cylinder_roi': (800, 190, 1000, 300)}",ok_cylinder_inside_confirmed
2026-09-20 15:41:46,2026-09-20,19422813,29626,44,104.23358917236328,,33.7520751953125,0.5884073972702026,806.0838623046875,197.84059143066406,986.7264404296875,300.68487548828125,180.642578125,102.84428405761719,18578.056617587805,896.4051513671875,249.26272583007812,1920,1080,813.5010375976562,229.326416015625,917.446533203125,237.07077026367188,103.94549560546875,7.744354248046875,4.260892015774946,left,False,"{'safe_roi': (450, 80, 1500, 420), 'cylinder_roi': (800, 190, 1000, 300)}",ok_cylinder_inside_confirmed
2026-09-20 15:41:51,2026-09-20,19422889,29626,44,105.52162170410156,,25.750595092773438,0.37535378336906433,797.828857421875,197.86831665039062,983.2313232421875,299.1043701171875,185.4024658203125,101.23605346679688,18769.413942661136,890.5300903320312,248.48634338378906,1920,1080,815.6619873046875,226.51148986816406,920.2950439453125,240.17660522460938,104.633056640625,13.665115356445312,7.44073622066576,left,False,"{'safe_roi': (450, 80, 1500, 420), 'cylinder_roi': (800, 190, 1000, 300)}",ok_cylinder_inside_confirmed
2026-09-20 15:56:25,2026-09-20,19435997,29626,45,112.29651641845703,,31.405670166015625,0.7561413645744324,824.5177001953125,197.07763671875,1022.2706298828125,310.413330078125,197.7529296875,113.335693359375,22412.465399980545,923.3941650390625,253.7454833984375,1920,1080,831.2613525390625,211.59259033203125,943.180908203125,220.78610229492188,111.9195556640625,9.193511962890625,4.695957160264634,left,False,"{'safe_roi': (450, 80, 1500, 420), 'cylinder_roi': (800, 190, 1000, 300)}",ok_cylinder_inside_confirmed
2026-09-20 15:56:31,2026-09-20,19436080,29626,45,107.0029525756836,,35.3822021484375,0.7998437285423279,827.3284301757812,195.3032989501953,1017.9905395507812,306.10638427734375,190.662109375,110.80308532714844,21125.949973732233,922.6594848632812,250.704833984375,1920,1080,835.121826171875,210.57215881347656,941.0325317382812,225.82186889648438,105.91070556640625,15.249710083007812,8.19350463975816,left,False,"{'safe_roi': (450, 80, 1500, 420), 'cylinder_roi': (800, 190, 1000, 300)}",ok_cylinder_inside_confirmed
2026-09-20 15:56:36,2026-09-20,19436156,29626,45,106.20745849609375,,34.328033447265625,0.8075658679008484,826.1693115234375,195.87667846679688,1015.5010986328125,306.33648681640625,189.331787109375,110.45980834960938,20913.552918590605,920.835205078125,251.10658264160156,1920,1080,836.4454345703125,214.01551818847656,941.807861328125,227.38650512695312,105.3624267578125,13.370986938476562,7.232443250049144,left,False,"{'safe_roi': (450, 80, 1500, 420), 'cylinder_roi': (800, 190, 1000, 300)}",ok_cylinder_inside_confirmed
2026-09-20 15:56:41,2026-09-20,19436230,29626,45,105.34494018554688,,28.01751708984375,0.7776990532875061,827.1644287109375,198.21157836914062,1014.8153076171875,308.52362060546875,187.65087890625,110.31204223632812,20700.151679590344,920.9898681640625,253.3675994873047,1920,1080,835.6474609375,217.05801391601562,940.6932373046875,224.99160766601562,105.0457763671875,7.93359375,4.319070415477104,left,False,"{'safe_roi': (450, 80, 1500, 420), 'cylinder_roi': (800, 190, 1000, 300)}",ok_cylinder_inside_confirmed
2026-09-20 15:56:46,2026-09-20,19436305,29626,45,108.00602722167969,,28.942108154296875,0.7883638739585876,826.8677978515625,199.46168518066406,1016.052490234375,311.35308837890625,189.1846923828125,111.89140319824219,21168.14069434069,921.4601440429688,255.40737915039062,1920,1080,833.9925537109375,214.5691375732422,941.57568359375,224.1175079345703,107.5831298828125,9.548370361328125,5.071906634483559,left,False,"{'safe_roi': (450, 80, 1500, 420), 'cylinder_roi': (800, 190, 1000, 300)}",ok_cylinder_inside_confirmed
2026-09-20 15:56:51,2026-09-20,19436381,29626,45,105.73677062988281,,27.517578125,0.791757345199585,826.12890625,196.81436157226562,1014.436279296875,308.0995788574219,188.307373046875,111.28521728515625,20955.82692591846,920.2825927734375,252.45697021484375,1920,1080,834.6563110351562,215.70980834960938,940.0289306640625,224.4776611328125,105.37261962890625,8.767852783203125,4.756514308956535,left,False,"{'safe_roi': (450, 80, 1500, 420), 'cylinder_roi': (800, 190, 1000, 300)}",ok_cylinder_inside_confirmed
2026-09-20 15:56:56,2026-09-20,19436451,29626,45,109.34757232666016,,31.392044067382812,0.772608757019043,825.5023193359375,197.54827880859375,1015.7998046875,308.41949462890625,190.2974853515625,110.8712158203125,21098.513568475842,920.6510620117188,252.98388671875,1920,1080,833.3381958007812,215.35516357421875,942.28662109375,224.68966674804688,108.94842529296875,9.334503173828125,4.897039029069086,left,False,"{'safe_roi': (450, 80, 1500, 420), 'cylinder_roi': (800, 190, 1000, 300)}",ok_cylinder_inside_confirmed
2026-09-20 15:57:01,2026-09-20,19436530,29626,45,110.12252807617188,,38.831298828125,0.7881094217300415,827.4710083007812,196.07644653320312,1017.4223022460938,309.5707092285156,189.9512939453125,113.4942626953125,21558.38205434382,922.4466552734375,252.82357788085938,1920,1080,834.4049072265625,215.26089477539062,944.0696411132812,225.29168701171875,109.66473388671875,10.030792236328125,5.22617673762817,left,False,"{'safe_roi': (450, 80, 1500, 420), 'cylinder_roi': (800, 190, 1000, 300)}",ok_cylinder_inside_confirmed
2026-09-20 15:57:07,2026-09-20,19436607,29626,45,108.4552993774414,,39.96821594238281,0.7874172329902649,827.73779296875,198.02743530273438,1019.18603515625,310.873291015625,191.4482421875,112.84585571289062,21604.140714377165,923.4619140625,254.4503631591797,1920,1080,836.4886474609375,218.49440002441406,944.6473999023438,226.50918579101562,108.15875244140625,8.014785766601562,4.237989206827941,left,False,"{'safe_roi': (450, 80, 1500, 420), 'cylinder_roi': (800, 190, 1000, 300)}",ok_cylinder_inside_confirmed
2026-09-20 15:57:12,2026-09-20,19436683,29626,45,108.6356430053711,,38.93827819824219,0.7836334705352783,826.1864624023438,196.80111694335938,1018.2808227539062,309.6495361328125,192.0943603515625,112.84841918945312,21677.54490088299,922.233642578125,253.22532653808594,1920,1080,836.5790405273438,216.56414794921875,944.7183837890625,226.93649291992188,108.13934326171875,10.372344970703125,5.478848665446204,left,False,"{'safe_roi': (450, 80, 1500, 420), 'cylinder_roi': (800, 190, 1000, 300)}",ok_cylinder_inside_confirmed
2026-09-20 15:57:17,2026-09-20,19436758,29626,45,109.35928344726562,,39.49839782714844,0.8023927807807922,827.1766357421875,197.50851440429688,1016.3035888671875,309.10736083984375,189.126953125,111.59884643554688,21106.349798619747,921.7401123046875,253.3079376220703,1920,1080,835.69921875,216.54751586914062,944.6759033203125,225.68722534179688,108.9766845703125,9.13970947265625,4.79409082915367,left,False,"{'safe_roi': (450, 80, 1500, 420), 'cylinder_roi': (800, 190, 1000, 300)}",ok_cylinder_inside_confirmed
2026-09-20 15:57:22,2026-09-20,19436833,29626,45,109.15225982666016,,37.8934326171875,0.8056442737579346,827.1685791015625,196.450927734375,1017.0714111328125,310.7108459472656,189.90283203125,114.25991821289062,21698.28205628693,922.1199951171875,253.5808868408203,1920,1080,836.4869384765625,219.86087036132812,945.3577880859375,227.6937255859375,108.870849609375,7.832855224609375,4.115128995157779,left,False,"{'safe_roi': (450, 80, 1500, 420), 'cylinder_roi': (800, 190, 1000, 300)}",ok_cylinder_inside_confirmed
2026-09-20 15:57:27,2026-09-20,19436910,29626,45,96.64275360107422,,36.37274169921875,0.7998174428939819,830.85009765625,197.26919555664062,1010.3753662109375,310.3075866699219,179.5252685546875,113.03839111328125,20293.247521601617,920.6127319335938,253.78839111328125,1920,1080,847.85693359375,219.36045837402344,944.3006591796875,225.55967712402344,96.4437255859375,6.19921875,3.6778038440602496,left,False,"{'safe_roi': (450, 80, 1500, 420), 'cylinder_roi': (800, 190, 1000, 300)}",ok_cylinder_inside_confirmed
2026-09-20 15:57:34,2026-09-20,19437016,29626,45,91.07373046875,,32.69709777832031,0.8122007846832275,833.3082275390625,199.75143432617188,1011.3221435546875,313.3065490722656,178.013916015625,113.55511474609375,20214.390659555793,922.315185546875,256.52899169921875,1920,1080,856.44873046875,219.74684143066406,947.0778198242188,228.73533630371094,90.62908935546875,8.988494873046875,5.664010522047341,left,False,"{'safe_roi': (450, 80, 1500, 420), 'cylinder_roi': (800, 190, 1000, 300)}",ok_cylinder_inside_confirmed
2026-09-20 15:57:39,2026-09-20,19437090,29626,45,93.56255340576172,,33.549468994140625,0.7930580377578735,837.6187744140625,198.43145751953125,1018.941650390625,313.24072265625,181.3228759765625,114.80926513671875,20817.546143345535,928.2802124023438,255.83609008789062,1920,1080,857.0297241210938,218.459716796875,949.9102783203125,229.73599243164062,92.88055419921875,11.276275634765625,6.922186049452406,left,False,"{'safe_roi': (450, 80, 1500, 420), 'cylinder_roi': (800, 190, 1000, 300)}",ok_cylinder_inside_confirmed
2026-09-20 15:58:08,2026-09-20,19437514,29626,46,92.7093276977539,,30.82879638671875,0.7388886213302612,835.3616333007812,201.14236450195312,1008.0878295898438,312.4345397949219,172.7261962890625,111.29217529296875,19223.074115090072,921.7247314453125,256.7884521484375,1920,1080,847.9076538085938,220.48147583007812,939.51025390625,234.76373291015625,91.60260009765625,14.282257080078125,8.861944557736974,left,False,"{'safe_roi': (450, 80, 1500, 420), 'cylinder_roi': (800, 190, 1000, 300)}",ok_cylinder_inside_confirmed
2026-09-20 15:58:19,2026-09-20,19437684,29626,46,87.18475341796875,,32.447052001953125,0.741230309009552,839.2835083007812,201.56622314453125,1005.8611450195312,308.8372802734375,166.57763671875,107.27105712890625,17868.959184855223,922.5723266601562,255.20175170898438,1920,1080,854.138916015625,225.90966796875,941.070556640625,232.54830932617188,86.931640625,6.638641357421875,4.366986505654407,left,False,"{'safe_roi': (450, 80, 1500, 420), 'cylinder_roi': (800, 190, 1000, 300)}",ok_cylinder_inside_confirmed
2026-09-20 15:58:32,2026-09-20,19437875,29626,46,93.64204406738281,,27.724594116210938,0.7735172510147095,844.0375366210938,201.03012084960938,1013.4104614257812,315.6739807128906,169.3729248046875,114.64385986328125,19417.565855942667,928.7239990234375,258.35205078125,1920,1080,854.3616943359375,218.0477294921875,947.015625,231.61541748046875,92.6539306640625,13.56768798828125,8.33084244803423,left,False,"{'safe_roi': (450, 80, 1500, 420), 'cylinder_roi': (800, 190, 1000, 300)}",ok_cylinder_inside_confirmed
2026-09-20 15:58:37,2026-09-20,19437951,29626,46,93.28184509277344,,24.922576904296875,0.7821648716926575,845.5758056640625,200.74046325683594,1017.81689453125,313.4637451171875,172.2410888671875,112.72328186035156,19415.580808309838,931.6963500976562,257.10211181640625,1920,1080,854.6553955078125,221.08065795898438,947.1495971679688,233.1771697998047,92.49420166015625,12.096511840820312,7.450928899363434,left,False,"{'safe_roi': (450, 80, 1500, 420), 'cylinder_roi': (800, 190, 1000, 300)}",ok_cylinder_inside_confirmed
2026-09-20 15:58:42,2026-09-20,19438025,29626,46,93.41134643554688,,24.0499267578125,0.783045768737793,842.7811889648438,201.61029052734375,1019.5410766601562,313.82086181640625,176.7598876953125,112.2105712890625,19834.327979281545,931.1611328125,257.715576171875,1920,1080,853.713623046875,220.72694396972656,945.5626831054688,237.73956298828125,91.84906005859375,17.012619018554688,10.49360831849365,left,False,"{'safe_roi': (450, 80, 1500, 420), 'cylinder_roi': (800, 190, 1000, 300)}",ok_cylinder_inside_confirmed
2026-09-20 15:58:47,2026-09-20,19438099,29626,46,93.6849365234375,,27.016891479492188,0.7764950394630432,842.2579345703125,200.1886444091797,1017.892333984375,312.4527282714844,175.6343994140625,112.26408386230469,19717.43494492583,930.0751342773438,256.3206787109375,1920,1080,854.5994262695312,219.32272338867188,947.0255126953125,234.62913513183594,92.42608642578125,15.306411743164062,9.403241504317448,left,False,"{'safe_roi': (450, 80, 1500, 420), 'cylinder_roi': (800, 190, 1000, 300)}",ok_cylinder_inside_confirmed
2026-09-20 15:58:52,2026-09-20,19438174,29626,46,97.45833587646484,,28.618133544921875,0.7939213514328003,842.3804931640625,198.98179626464844,1025.27490234375,314.8433837890625,182.8944091796875,115.86158752441406,21190.436596898362,933.8276977539062,256.91259765625,1920,1080,853.818115234375,221.60939025878906,950.7081298828125,232.1190185546875,96.8900146484375,10.509628295898438,6.190651177917261,left,False,"{'safe_roi': (450, 80, 1500, 420), 'cylinder_roi': (800, 190, 1000, 300)}",ok_cylinder_inside_confirmed
2026-09-20 15:58:57,2026-09-20,19438248,29626,46,99.06782531738281,,28.058792114257812,0.8031156659126282,847.1371459960938,200.1154327392578,1031.78369140625,317.28240966796875,184.64654541015625,117.16697692871094,21634.477526037954,939.46044921875,258.69891357421875,1920,1080,855.2252197265625,218.12066650390625,953.2605590820312,232.38621520996094,98.03533935546875,14.265548706054688,8.279248365987257,left,False,"{'safe_roi': (450, 80, 1500, 420), 'cylinder_roi': (800, 190, 1000, 300)}",ok_cylinder_inside_confirmed
2026-09-20 15:59:48,2026-09-20,19439012,29626,47,80.84725189208984,,37.63787841796875,0.7108325958251953,868.2777709960938,204.6878662109375,1029.4521484375,322.71221923828125,161.17437744140625,118.02435302734375,19022.50162210688,948.864990234375,263.7000427246094,1920,1080,881.6571655273438,226.0629119873047,962.3372802734375,231.2587890625,80.68011474609375,5.1958770751953125,3.684814755025389,left,False,"{'safe_roi': (450, 80, 1500, 420), 'cylinder_roi': (800, 190, 1000, 300)}",ok_cylinder_inside_confirmed
2026-09-20 16:02:32,2026-09-20,19441441,29626,48,95.27825164794922,,21.950393676757812,0.7715126872062683,869.725830078125,200.86367797851562,1026.2801513671875,319.5842590332031,156.5543212890625,118.7205810546875,18586.219990059733,948.0029907226562,260.2239685058594,1920,1080,868.8970336914062,213.24514770507812,962.0645751953125,233.18893432617188,93.16754150390625,19.94378662109375,12.082593307027295,left,False,"{'safe_roi': (450, 80, 1500, 420), 'cylinder_roi': (800, 190, 1000, 300)}",ok_cylinder_inside_confirmed
2026-09-20 16:02:37,2026-09-20,19441518,29626,48,92.13800048828125,,21.647201538085938,0.7706085443496704,872.1162109375,199.54034423828125,1024.3865966796875,319.51959228515625,152.2703857421875,119.979248046875,18269.286381155252,948.2514038085938,259.52996826171875,1920,1080,870.4583129882812,210.64981079101562,960.1123046875,231.90003967285156,89.65399169921875,21.250228881835938,13.334448213095603,left,False,"{'safe_roi': (450, 80, 1500, 420), 'cylinder_roi': (800, 190, 1000, 300)}",ok_cylinder_inside_confirmed
2026-09-20 16:02:42,2026-09-20,19441594,29626,48,88.23493194580078,,23.373504638671875,0.7760713696479797,869.9431762695312,201.4984130859375,1022.2240600585938,319.13153076171875,152.2808837890625,117.63311767578125,17913.27512253076,946.0836181640625,260.3149719238281,1920,1080,869.5302734375,212.50296020507812,955.9998779296875,230.06459045410156,86.4696044921875,17.561630249023438,11.480395261116124,left,False,"{'safe_roi': (450, 80, 1500, 420), 'cylinder_roi': (800, 190, 1000, 300)}",ok_cylinder_inside_confirmed
2026-09-20 16:02:54,2026-09-20,19441775,29626,48,92.7825927734375,,23.20123291015625,0.7821570634841919,870.4121704101562,200.65135192871094,1022.7720336914062,319.0491943359375,152.35986328125,118.39784240722656,18039.079081960022,946.5921020507812,259.85028076171875,1920,1080,870.831298828125,211.690673828125,961.29736328125,232.29409790039062,90.466064453125,20.603424072265625,12.83013225248848,left,False,"{'safe_roi': (450, 80, 1500, 420), 'cylinder_roi': (800, 190, 1000, 300)}",ok_cylinder_inside_confirmed
2026-09-20 16:02:59,2026-09-20,19441850,29626,48,79.71047973632812,,32.96319580078125,0.7986356019973755,874.81201171875,201.2911834716797,1025.6527099609375,320.838134765625,150.8406982421875,119.54695129394531,18032.54560590349,950.2323608398438,261.0646667480469,1920,1080,881.2576904296875,213.38278198242188,959.4490966796875,228.87033081054688,78.19140625,15.487548828125,11.203690170219215,left,False,"{'safe_roi': (450, 80, 1500, 420), 'cylinder_roi': (800, 190, 1000, 300)}",ok_cylinder_inside_confirmed
2026-09-20 16:03:14,2026-09-20,19442068,29626,48,77.32794189453125,,31.34429931640625,0.7783868312835693,876.5933837890625,202.01544189453125,1028.2471923828125,321.909423828125,151.65380859375,119.89398193359375,18182.378987699747,952.4202880859375,261.9624328613281,1920,1080,882.2686157226562,215.22943115234375,958.5557861328125,227.87374877929688,76.28717041015625,12.644317626953125,9.411007675950385,left,False,"{'safe_roi': (450, 80, 1500, 420), 'cylinder_roi': (800, 190, 1000, 300)}",ok_cylinder_inside_confirmed
2026-09-20 16:04:52,2026-09-20,19443532,29626,49,90.12670135498047,,26.697662353515625,0.739605188369751,867.1998291015625,204.40133666992188,1026.5069580078125,319.6867370605469,159.30712890625,115.285400390625,18365.78614103794,946.8533935546875,262.0440368652344,1920,1080,873.2836303710938,226.92947387695312,962.6417846679688,238.67434692382812,89.358154296875,11.744873046875,7.487803241308942,left,False,"{'safe_roi': (450, 80, 1500, 420), 'cylinder_roi': (800, 190, 1000, 300)}",ok_cylinder_inside_confirmed
2026-09-20 16:04:57,2026-09-20,19443608,29626,49,92.73796844482422,,23.690216064453125,0.7628428936004639,864.9231567382812,202.8926239013672,1020.8917846679688,319.6738586425781,155.9686279296875,116.78123474121094,18214.208950521424,942.907470703125,261.2832336425781,1920,1080,867.322265625,222.7193603515625,959.0696411132812,236.23788452148438,91.74737548828125,13.518524169921875,8.381939429985135,left,False,"{'safe_roi': (450, 80, 1500, 420), 'cylinder_roi': (800, 190, 1000, 300)}",ok_cylinder_inside_confirmed
2026-09-20 16:05:02,2026-09-20,19443687,29626,49,86.79077911376953,,28.002532958984375,0.7881530523300171,866.5243530273438,201.21705627441406,1021.1273803710938,318.8800964355469,154.60302734375,117.66304016113281,18191.06221538037,943.8258666992188,260.048583984375,1920,1080,872.554443359375,220.31488037109375,958.5247802734375,232.22036743164062,85.9703369140625,11.905487060546875,7.8843830416539875,left,False,"{'safe_roi': (450, 80, 1500, 420), 'cylinder_roi': (800, 190, 1000, 300)}",ok_cylinder_inside_confirmed
2026-09-20 16:05:07,2026-09-20,19443765,29626,49,76.82867431640625,,34.24504089355469,0.7802245616912842,867.3812255859375,201.93157958984375,1018.591552734375,318.61181640625,151.2103271484375,116.68023681640625,17643.25678076595,942.9863891601562,260.2716979980469,1920,1080,878.361328125,221.73402404785156,954.996826171875,227.17884826660156,76.635498046875,5.44482421875,4.063940603671865,left,False,"{'safe_roi': (450, 80, 1500, 420), 'cylinder_roi': (800, 190, 1000, 300)}",ok_cylinder_inside_confirmed
2026-09-20 16:05:17,2026-09-20,19443913,29626,49,86.64769744873047,,29.23858642578125,0.7798730731010437,873.1024780273438,202.03768920898438,1027.80419921875,321.0222473144531,154.70172119140625,118.98455810546875,18407.115934114903,950.453369140625,261.52996826171875,1920,1080,880.2852783203125,214.40097045898438,965.4229736328125,230.5067596435547,85.1376953125,16.105789184570312,10.712250858002811,left,False,"{'safe_roi': (450, 80, 1500, 420), 'cylinder_roi': (800, 190, 1000, 300)}",ok_cylinder_inside_confirmed
2026-09-20 16:05:22,2026-09-20,19443987,29626,49,101.75873565673828,,24.81829833984375,0.7817786931991577,875.4578857421875,201.85165405273438,1030.3380126953125,320.1706848144531,154.880126953125,118.31903076171875,18325.266505345702,952.89794921875,261.01116943359375,1920,1080,875.3778076171875,209.09642028808594,974.7261962890625,231.11318969726562,99.348388671875,22.016769409179688,12.495471445684231,left,False,"{'safe_roi': (450, 80, 1500, 420), 'cylinder_roi': (800, 190, 1000, 300)}",ok_cylinder_inside_confirmed
2026-09-20 16:08:44,2026-09-20,19446994,29626,50,81.34737396240234,,35.385223388671875,0.8018476963043213,876.8084716796875,199.93800354003906,1029.4473876953125,319.8686828613281,152.638916015625,119.93067932128906,18306.088888619095,953.1279296875,259.9033508300781,1920,1080,885.8873291015625,216.14646911621094,965.9772338867188,230.39434814453125,80.08990478515625,14.247879028320312,10.087306349777771,left,False,"{'safe_roi': (450, 80, 1500, 420), 'cylinder_roi': (800, 190, 1000, 300)}",ok_cylinder_inside_confirmed
2026-09-20 16:11:08,2026-09-20,19449161,29626,51,87.1820068359375,,26.370529174804688,0.7355745434761047,868.2755126953125,202.61839294433594,1019.5169677734375,320.10693359375,151.241455078125,117.48854064941406,17769.13784282282,943.896240234375,261.3626708984375,1920,1080,872.2796630859375,219.40823364257812,957.944580078125,235.6015625,85.6649169921875,16.193328857421875,10.704374935418349,left,False,"{'safe_roi': (450, 80, 1500, 420), 'cylinder_roi': (800, 190, 1000, 300)}",ok_cylinder_inside_confirmed
2026-09-20 16:11:13,2026-09-20,19449237,29626,51,78.93346405029297,,29.294723510742188,0.7101858854293823,869.4788208007812,201.84725952148438,1019.1921997070312,318.7903137207031,149.71337890625,116.94305419921875,17507.939783781767,944.3355102539062,260.31878662109375,1920,1080,881.7493286132812,220.22543334960938,960.034423828125,230.32174682617188,78.28509521484375,10.0963134765625,7.348787653216172,left,False,"{'safe_roi': (450, 80, 1500, 420), 'cylinder_roi': (800, 190, 1000, 300)}",ok_cylinder_inside_confirmed
2026-09-20 16:11:18,2026-09-20,19449315,29626,51,81.58311462402344,,32.319183349609375,0.7665975093841553,867.3151245117188,201.35060119628906,1019.4288940429688,318.85498046875,152.11376953125,117.50437927246094,17874.034067563713,943.3720092773438,260.102783203125,1920,1080,878.447265625,219.30853271484375,959.2625732421875,230.47503662109375,80.8153076171875,11.16650390625,7.866924868641238,left,False,"{'safe_roi': (450, 80, 1500, 420), 'cylinder_roi': (800, 190, 1000, 300)}",ok_cylinder_inside_confirmed
2026-09-20 16:11:23,2026-09-20,19449394,29626,51,85.57403564453125,,28.58209228515625,0.7917286157608032,869.0309448242188,201.16380310058594,1019.9802856445312,319.8359069824219,150.9493408203125,118.67210388183594,17913.475854722783,944.505615234375,260.4998474121094,1920,1080,872.43701171875,218.16592407226562,957.269287109375,229.40872192382812,84.832275390625,11.2427978515625,7.549399316032064,left,False,"{'safe_roi': (450, 80, 1500, 420), 'cylinder_roi': (800, 190, 1000, 300)}",ok_cylinder_inside_confirmed
2026-09-20 16:11:28,2026-09-20,19449468,29626,51,83.5246810913086,,29.747238159179688,0.7667253017425537,866.9351196289062,201.7877960205078,1020.7854614257812,320.34808349609375,153.850341796875,118.56028747558594,18240.540751654655,943.8602905273438,261.06793212890625,1920,1080,877.2635498046875,220.06344604492188,959.74658203125,233.21343994140625,82.4830322265625,13.149993896484375,9.058243767866495,left,False,"{'safe_roi': (450, 80, 1500, 420), 'cylinder_roi': (800, 190, 1000, 300)}",ok_cylinder_inside_confirmed
2026-09-20 16:11:41,2026-09-20,19449646,29626,51,93.44227600097656,,23.667617797851562,0.7748260498046875,867.51513671875,201.5172119140625,1019.6513671875,319.7052001953125,152.13623046875,118.18798828125,17980.675023794174,943.583251953125,260.6112060546875,1920,1080,867.928955078125,214.7713623046875,959.3432006835938,234.13357543945312,91.41424560546875,19.362213134765625,11.958925096188882,left,False,"{'safe_roi': (450, 80, 1500, 420), 'cylinder_roi': (800, 190, 1000, 300)}",ok_cylinder_inside_confirmed
2026-09-20 16:11:48,2026-09-20,19449754,29626,51,91.12120819091797,,25.954376220703125,0.7469463348388672,870.0587158203125,200.6473846435547,1023.1729736328125,319.9852600097656,153.1142578125,119.33787536621094,18272.330215618014,946.6158447265625,260.3163146972656,1920,1080,874.1514892578125,216.31927490234375,963.5904541015625,233.74757385253906,89.43896484375,17.428298950195312,11.026618406231561,left,False,"{'safe_roi': (450, 80, 1500, 420), 'cylinder_roi': (800, 190, 1000, 300)}",ok_cylinder_inside_confirmed
2026-09-20 16:12:00,2026-09-20,19449931,29626,51,86.49547576904297,,31.714004516601562,0.780823826789856,870.7296752929688,201.67433166503906,1022.3764038085938,320.7779235839844,151.646728515625,119.10359191894531,18061.670068968087,946.5530395507812,261.22613525390625,1920,1080,878.3350830078125,218.90518188476562,963.39453125,234.60098266601562,85.0594482421875,15.69580078125,10.455035294222967,left,False,"{'safe_roi': (450, 80, 1500, 420), 'cylinder_roi': (800, 190, 1000, 300)}",ok_cylinder_inside_confirmed
2026-09-20 16:15:32,2026-09-20,19453084,29626,52,86.40514373779297,,34.34503173828125,0.7878588438034058,849.461181640625,200.76437377929688,1012.0667724609375,317.9581604003906,162.6055908203125,117.19378662109375,19056.364913992584,930.7639770507812,259.36126708984375,1920,1080,861.80810546875,216.3160858154297,946.670166015625,232.57275390625,84.862060546875,16.256668090820312,10.84452979679828,left,False,"{'safe_roi': (450, 80, 1500, 420), 'cylinder_roi': (800, 190, 1000, 300)}",ok_cylinder_inside_confirmed
2026-09-20 16:15:37,2026-09-20,19453157,29626,52,91.49459075927734,,30.817214965820312,0.7622905373573303,847.9381103515625,201.53741455078125,1009.7545166015625,314.276611328125,161.81640625,112.73919677734375,18243.051666021347,928.8463134765625,257.9070129394531,1920,1080,858.7794799804688,217.91873168945312,948.823486328125,234.14637756347656,90.04400634765625,16.227645874023438,10.21613038346838,left,False,"{'safe_roi': (450, 80, 1500, 420), 'cylinder_roi': (800, 190, 1000, 300)}",ok_cylinder_inside_confirmed
2026-09-20 16:15:42,2026-09-20,19453233,29626,52,92.9886245727539,,23.053314208984375,0.7707992196083069,847.572509765625,200.46839904785156,1013.0045166015625,315.51983642578125,165.4320068359375,115.05143737792969,19033.1901747901,930.2885131835938,257.9941101074219,1920,1080,856.0656127929688,215.45257568359375,946.8587646484375,235.53958129882812,90.79315185546875,20.087005615234375,12.475124822425103,left,False,"{'safe_roi': (450, 80, 1500, 420), 'cylinder_roi': (800, 190, 1000, 300)}",ok_cylinder_inside_confirmed
2026-09-20 16:38:05,2026-09-20,19474118,29626,53,108.1474838256836,,23.709930419921875,0.46827268600463867,819.150146484375,199.34156799316406,981.2021484375,296.6505126953125,162.052001953125,97.30894470214844,15769.109296929091,900.1761474609375,247.99603271484375,1920,1080,815.4949951171875,227.69395446777344,922.882568359375,240.49188232421875,107.3875732421875,12.797927856445312,6.796178135772059,left,False,"{'safe_roi': (450, 80, 1500, 420), 'cylinder_roi': (800, 190, 1000, 300)}",ok_cylinder_inside_confirmed
2026-09-20 16:39:08,2026-09-20,19475069,29626,54,105.62324523925781,,27.00421142578125,0.6732662320137024,814.3296508789062,201.70291137695312,979.5654907226562,299.2377624511719,165.23583984375,97.53485107421875,16116.253031283617,896.9475708007812,250.4703369140625,1920,1080,816.3085327148438,221.74887084960938,919.9849853515625,241.93460083007812,103.67645263671875,20.18572998046875,11.0176088759764,left,False,"{'safe_roi': (450, 80, 1500, 420), 'cylinder_roi': (800, 190, 1000, 300)}",ok_cylinder_inside_confirmed
2026-09-20 16:39:13,2026-09-20,19475146,29626,54,109.31879425048828,,28.591171264648438,0.45835569500923157,814.0610961914062,202.20669555664062,982.4590454101562,300.0992431640625,168.39794921875,97.89254760742188,16484.904260888696,898.2600708007812,251.15296936035156,1920,1080,817.0936279296875,221.255859375,924.1378173828125,243.44009399414062,107.044189453125,22.184234619140625,11.708441897962734,left,False,"{'safe_roi': (450, 80, 1500, 420), 'cylinder_roi': (800, 190, 1000, 300)}",ok_cylinder_inside_confirmed
2026-09-20 16:45:43,2026-09-20,19481189,29626,55,107.87451171875,,36.981292724609375,0.7484007477760315,817.3204345703125,196.567138671875,1015.0380859375,310.3588562011719,197.7176513671875,113.79171752929688,22498.631134930998,916.1792602539062,253.46299743652344,1920,1080,826.7341918945312,217.25946044921875,933.8017578125,230.42938232421875,107.06756591796875,13.169921875,7.012482338947018,left,False,"{'safe_roi': (450, 80, 1500, 420), 'cylinder_roi': (800, 190, 1000, 300)}",ok_cylinder_inside_confirmed
2026-09-20 16:45:48,2026-09-20,19481264,29626,55,110.4800796508789,,33.02391052246094,0.7487390041351318,816.6028442382812,198.09242248535156,1012.7881469726562,314.59161376953125,196.185302734375,116.49919128417969,22855.429110396653,914.6954956054688,256.3420104980469,1920,1080,825.50830078125,220.97689819335938,935.80517578125,227.336669921875,110.296875,6.359771728515625,3.30004863221775,left,False,"{'safe_roi': (450, 80, 1500, 420), 'cylinder_roi': (800, 190, 1000, 300)}",ok_cylinder_inside_confirmed
2026-09-20 16:45:53,2026-09-20,19481336,29626,55,108.48287963867188,,34.21968078613281,0.7403236627578735,817.626708984375,197.54615783691406,1010.8919677734375,313.682373046875,193.2652587890625,116.13621520996094,22445.095687335357,914.2593383789062,255.6142578125,1920,1080,826.5155639648438,217.46453857421875,934.6197509765625,226.52105712890625,108.10418701171875,9.0565185546875,4.788819404371951,left,False,"{'safe_roi': (450, 80, 1500, 420), 'cylinder_roi': (800, 190, 1000, 300)}",ok_cylinder_inside_confirmed
2026-09-20 16:45:58,2026-09-20,19481413,29626,55,109.89379119873047,,32.55220031738281,0.7342254519462585,820.2366943359375,196.9476776123047,1012.357666015625,314.2232666015625,192.1209716796875,117.27558898925781,22531.10011092387,916.2971801757812,255.58547973632812,1920,1080,826.4754638671875,218.97406005859375,935.8118896484375,230.02806091308594,109.33642578125,11.054000854492188,5.773033417540265,left,False,"{'safe_roi': (450, 80, 1500, 420), 'cylinder_roi': (800, 190, 1000, 300)}",ok_cylinder_inside_confirmed
2026-09-20 16:49:36,2026-09-20,19484649,29626,56,87.90372467041016,,32.783538818359375,0.7624121308326721,837.431640625,202.69065856933594,1008.4462890625,320.197021484375,171.0146484375,117.50636291503906,20095.309343084693,922.93896484375,261.44384765625,1920,1080,855.3635864257812,218.3472137451172,941.6356201171875,235.20545959472656,86.27203369140625,16.858245849609375,11.056727803713198,left,False,"{'safe_roi': (450, 80, 1500, 420), 'cylinder_roi': (800, 190, 1000, 300)}",ok_cylinder_inside_confirmed
2026-09-20 16:49:41,2026-09-20,19484722,29626,56,88.70690155029297,,34.23138427734375,0.7420411109924316,839.5399169921875,205.4862518310547,1007.55908203125,320.6305847167969,168.0191650390625,115.14433288574219,19346.45467044227,923.5494995117188,263.05841064453125,1920,1080,855.5759887695312,219.20809936523438,942.5136108398438,236.8365936279297,86.9376220703125,17.628494262695312,11.462552591447414,left,False,"{'safe_roi': (450, 80, 1500, 420), 'cylinder_roi': (800, 190, 1000, 300)}",ok_cylinder_inside_confirmed
2026-09-20 16:49:46,2026-09-20,19484801,29626,56,87.64378356933594,,30.560211181640625,0.7351344227790833,842.982421875,202.35238647460938,1006.9837646484375,317.1610412597656,164.0013427734375,114.80865478515625,18828.773546777666,924.9830932617188,259.7567138671875,1920,1080,855.1200561523438,218.71102905273438,940.7966918945312,237.17576599121094,85.6766357421875,18.464736938476562,12.162168213225037,left,False,"{'safe_roi': (450, 80, 1500, 420), 'cylinder_roi': (800, 190, 1000, 300)}",ok_cylinder_inside_confirmed
2026-09-20 16:49:51,2026-09-20,19484875,29626,56,89.324462890625,,33.363922119140625,0.7906156778335571,843.3040161132812,205.71636962890625,1007.8203735351562,319.28277587890625,164.516357421875,113.56640625,18683.53148174286,925.5621948242188,262.49957275390625,1920,1080,856.83984375,219.50579833984375,944.2869873046875,237.72271728515625,87.4471435546875,18.2169189453125,11.767512807633768,left,False,"{'safe_roi': (450, 80, 1500, 420), 'cylinder_roi': (800, 190, 1000, 300)}",ok_cylinder_inside_confirmed
2026-09-20 16:49:56,2026-09-20,19484950,29626,56,89.77839660644531,,32.74591064453125,0.7610357403755188,841.9111328125,204.08921813964844,1013.6630859375,322.5086669921875,171.751953125,118.41944885253906,20338.771628409624,927.787109375,263.2989501953125,1920,1080,858.1777954101562,217.4774932861328,945.88330078125,236.6583251953125,87.70550537109375,19.180831909179688,12.336127522406441,left,False,"{'safe_roi': (450, 80, 1500, 420), 'cylinder_roi': (800, 190, 1000, 300)}",ok_cylinder_inside_confirmed
2026-09-20 16:50:02,2026-09-20,19485040,29626,56,90.44485473632812,,30.904693603515625,0.7301402688026428,842.0299072265625,203.74261474609375,1012.396484375,322.071533203125,170.3665771484375,118.32891845703125,20159.292815200984,927.2131958007812,262.9070739746094,1920,1080,858.96240234375,215.93978881835938,947.12060546875,236.1487579345703,88.158203125,20.208969116210938,12.9111429335351,left,False,"{'safe_roi': (450, 80, 1500, 420), 'cylinder_roi': (800, 190, 1000, 300)}",ok_cylinder_inside_confirmed
2026-09-20 16:50:07,2026-09-20,19485118,29626,56,92.29473876953125,,30.464996337890625,0.6898396611213684,843.0111083984375,206.15011596679688,1012.82470703125,323.3713073730469,169.8135986328125,117.22119140625,19905.752348721027,927.9179077148438,264.7607116699219,1920,1080,858.3487548828125,216.504150390625,948.5159912109375,236.20664978027344,90.167236328125,19.702499389648438,12.325997905888245,left,False,"{'safe_roi': (450, 80, 1500, 420), 'cylinder_roi': (800, 190, 1000, 300)}",ok_cylinder_inside_confirmed
2026-09-20 16:50:12,2026-09-20,19485193,29626,56,92.84796905517578,,33.69145202636719,0.5217193961143494,843.5319213867188,207.01239013671875,1012.3984985351562,323.3817138671875,168.8665771484375,116.36932373046875,19650.8893834427,927.9652099609375,265.1970520019531,1920,1080,857.9942626953125,213.33360290527344,947.882568359375,236.58953857421875,89.8883056640625,23.255935668945312,14.505519833671258,left,False,"{'safe_roi': (450, 80, 1500, 420), 'cylinder_roi': (800, 190, 1000, 300)}",ok_cylinder_inside_confirmed
2026-09-20 16:50:17,2026-09-20,19485269,29626,56,91.93366241455078,,32.87641906738281,0.7086262702941895,842.5946655273438,206.5309295654297,1014.3734741210938,323.2607421875,171.77880859375,116.72981262207031,20051.70813959092,928.4840698242188,264.8958435058594,1920,1080,859.4129638671875,216.11355590820312,948.892578125,237.21324157714844,89.4796142578125,21.099685668945312,13.268219384092019,left,False,"{'safe_roi': (450, 80, 1500, 420), 'cylinder_roi': (800, 190, 1000, 300)}",ok_cylinder_inside_confirmed
2026-09-20 16:50:23,2026-09-20,19485364,29626,56,92.265380859375,,33.03492736816406,0.6855470538139343,842.425537109375,204.47781372070312,1016.8541259765625,323.7751159667969,174.4285888671875,119.29730224609375,20808.86008644849,929.6398315429688,264.12646484375,1920,1080,859.8897705078125,217.49676513671875,950.0069580078125,237.29052734375,90.1171875,19.79376220703125,12.387999445081768,left,False,"{'safe_roi': (450, 80, 1500, 420), 'cylinder_roi': (800, 190, 1000, 300)}",ok_cylinder_inside_confirmed
2026-09-20 16:50:30,2026-09-20,19485466,29626,56,95.2992935180664,,30.603790283203125,0.7777139544487,842.6580810546875,207.44241333007812,1011.2786865234375,323.2047424316406,168.62060546875,115.7623291015625,19519.914023578167,926.9683837890625,265.3235778808594,1920,1080,857.5465087890625,218.02728271484375,950.8311767578125,237.5189666748047,93.28466796875,19.491683959960938,11.802060669430585,left,False,"{'safe_roi': (450, 80, 1500, 420), 'cylinder_roi': (800, 190, 1000, 300)}",ok_cylinder_inside_confirmed
2026-09-20 16:50:35,2026-09-20,19485544,29626,56,94.98148345947266,,29.371932983398438,0.764176070690155,841.8340454101562,206.76788330078125,1011.2437133789062,324.35205078125,169.40966796875,117.58416748046875,19919.894771248102,926.5388793945312,265.5599670410156,1920,1080,855.9874267578125,218.73516845703125,949.0786743164062,237.5899200439453,93.09124755859375,18.854751586914062,11.449827542730363,left,False,"{'safe_roi': (450, 80, 1500, 420), 'cylinder_roi': (800, 190, 1000, 300)}",ok_cylinder_inside_confirmed
2026-09-20 16:50:47,2026-09-20,19485727,29626,56,91.56096649169922,,29.696746826171875,0.705812931060791,840.3214721679688,206.5225067138672,1016.7703247070312,324.902099609375,176.4488525390625,118.37959289550781,20887.94333045371,928.5458984375,265.7123107910156,1920,1080,858.679443359375,218.13890075683594,948.53564453125,235.72508239746094,89.856201171875,17.586181640625,11.073654279554267,left,False,"{'safe_roi': (450, 80, 1500, 420), 'cylinder_roi': (800, 190, 1000, 300)}",ok_cylinder_inside_confirmed
2026-09-20 16:50:52,2026-09-20,19485804,29626,56,95.24314880371094,,32.757049560546875,0.7447175979614258,843.8820190429688,207.35134887695312,1015.0321655273438,322.6854553222656,171.150146484375,115.3341064453125,19739.449212759733,929.4570922851562,265.0184020996094,1920,1080,859.2377319335938,214.97543334960938,952.3311767578125,235.09677124023438,93.09344482421875,20.121337890625,12.196367811845905,left,False,"{'safe_roi': (450, 80, 1500, 420), 'cylinder_roi': (800, 190, 1000, 300)}",ok_cylinder_inside_confirmed
2026-09-20 16:50:57,2026-09-20,19485883,29626,56,96.5688705444336,,35.21061706542969,0.775071918964386,842.1622314453125,206.71261596679688,1018.17919921875,325.7762145996094,176.0169677734375,119.0635986328125,20957.213603541255,930.1707153320312,266.2444152832031,1920,1080,859.5264892578125,219.70355224609375,954.3473510742188,237.99429321289062,94.82086181640625,18.290740966796875,10.918131466062178,left,False,"{'safe_roi': (450, 80, 1500, 420), 'cylinder_roi': (800, 190, 1000, 300)}",ok_cylinder_inside_confirmed
2026-09-20 16:51:04,2026-09-20,19485979,29626,56,90.29712677001953,,29.873931884765625,0.6961092352867126,843.5346069335938,208.0281524658203,1014.2022094726562,326.50555419921875,170.6676025390625,118.47740173339844,20220.25410889648,928.868408203125,267.266845703125,1920,1080,857.261962890625,218.86856079101562,945.7616577148438,236.79551696777344,88.49969482421875,17.926956176757812,11.451183379297762,left,False,"{'safe_roi': (450, 80, 1500, 420), 'cylinder_roi': (800, 190, 1000, 300)}",ok_cylinder_inside_confirmed
2026-09-20 16:51:09,2026-09-20,19486053,29626,56,90.68722534179688,,29.6065673828125,0.7500243782997131,839.467529296875,209.18836975097656,1008.6893310546875,324.43695068359375,169.2218017578125,115.24858093261719,19502.572515448555,924.0784301757812,266.8126525878906,1920,1080,858.2504272460938,222.1016845703125,947.4930419921875,238.2239990234375,89.24261474609375,16.122314453125,10.240438588590086,left,False,"{'safe_roi': (450, 80, 1500, 420), 'cylinder_roi': (800, 190, 1000, 300)}",ok_cylinder_inside_confirmed
2026-09-20 16:51:14,2026-09-20,19486129,29626,56,92.05377960205078,,28.597503662109375,0.6412484049797058,840.2750854492188,210.73110961914062,1009.9052124023438,324.2622375488281,169.630126953125,113.5311279296875,19258.299643844366,925.0901489257812,267.4966735839844,1920,1080,857.11669921875,219.70863342285156,947.10009765625,239.12220764160156,89.9833984375,19.41357421875,12.174737767046393,left,False,"{'safe_roi': (450, 80, 1500, 420), 'cylinder_roi': (800, 190, 1000, 300)}",ok_cylinder_inside_confirmed
2026-09-20 16:51:19,2026-09-20,19486201,29626,56,91.5126953125,,28.334625244140625,0.5962527394294739,841.7177734375,211.59791564941406,1009.27294921875,325.5158386230469,167.55517578125,113.91792297363281,19087.537608481944,925.495361328125,268.556884765625,1920,1080,858.232666015625,220.98056030273438,948.388916015625,236.678466796875,90.15625,15.697906494140625,9.877254628069176,left,False,"{'safe_roi': (450, 80, 1500, 420), 'cylinder_roi': (800, 190, 1000, 300)}",ok_cylinder_inside_confirmed
2026-09-20 16:51:24,2026-09-20,19486279,29626,56,93.89451599121094,,29.11932373046875,0.7198011875152588,840.95361328125,208.58935546875,1009.980224609375,321.2430419921875,169.026611328125,112.6536865234375,19041.470886677504,925.4669189453125,264.91619873046875,1920,1080,857.5811767578125,223.50790405273438,950.0692138671875,239.69873046875,92.488037109375,16.190826416015625,9.929503311772237,left,False,"{'safe_roi': (450, 80, 1500, 420), 'cylinder_roi': (800, 190, 1000, 300)}",ok_cylinder_inside_confirmed
2026-09-20 16:51:29,2026-09-20,19486356,29626,56,92.78129577636719,,26.721771240234375,0.6721345782279968,839.537109375,209.2064666748047,1009.5423583984375,322.6306457519531,170.0052490234375,113.42417907714844,19282.70580928959,924.5397338867188,265.9185485839844,1920,1080,857.1633911132812,219.9624481201172,948.563720703125,235.9107666015625,91.40032958984375,15.948318481445312,9.897814442311082,left,False,"{'safe_roi': (450, 80, 1500, 420), 'cylinder_roi': (800, 190, 1000, 300)}",ok_cylinder_inside_confirmed
2026-09-20 16:51:34,2026-09-20,19486432,29626,56,92.15739440917969,,26.05145263671875,0.5556544661521912,840.1998291015625,211.59573364257812,1011.295654296875,324.8250427246094,171.0958251953125,113.22930908203125,19373.06207368523,925.7477416992188,268.21038818359375,1920,1080,859.0167236328125,220.6856231689453,949.43115234375,238.52426147460938,90.4144287109375,17.838638305664062,11.161028508592194,left,False,"{'safe_roi': (450, 80, 1500, 420), 'cylinder_roi': (800, 190, 1000, 300)}",ok_cylinder_inside_confirmed
2026-09-20 16:51:39,2026-09-20,19486505,29626,56,90.54033660888672,,27.229293823242188,0.6991583108901978,841.8905639648438,209.6040496826172,1011.1040649414062,323.3575439453125,169.2135009765625,113.75349426269531,19248.62701250799,926.497314453125,266.4808044433594,1920,1080,859.7910766601562,223.34686279296875,948.8397216796875,239.7142333984375,89.04864501953125,16.36737060546875,10.414867165590923,left,False,"{'safe_roi': (450, 80, 1500, 420), 'cylinder_roi': (800, 190, 1000, 300)}",ok_cylinder_inside_confirmed
2026-09-20 16:51:44,2026-09-20,19486581,29626,56,94.79572296142578,,27.604110717773438,0.7214239835739136,841.3387451171875,209.76698303222656,1010.2095947265625,323.84429931640625,168.870849609375,114.07731628417969,19264.333322066814,925.774169921875,266.8056335449219,1920,1080,859.7553100585938,221.39129638671875,952.79541015625,239.55084228515625,93.04010009765625,18.1595458984375,11.044131750344649,left,False,"{'safe_roi': (450, 80, 1500, 420), 'cylinder_roi': (800, 190, 1000, 300)}",ok_cylinder_inside_confirmed
2026-09-20 16:51:49,2026-09-20,19486656,29626,56,91.74764251708984,,29.467453002929688,0.4659779667854309,841.66748046875,210.67776489257812,1009.449462890625,321.3261413574219,167.781982421875,110.64837646484375,18564.80395503342,925.5584716796875,266.001953125,1920,1080,858.2464599609375,223.04403686523438,947.5145263671875,244.2299346923828,89.26806640625,21.185897827148438,13.350941759837154,left,False,"{'safe_roi': (450, 80, 1500, 420), 'cylinder_roi': (800, 190, 1000, 300)}",ok_cylinder_inside_confirmed
2026-09-20 16:51:54,2026-09-20,19486735,29626,56,91.6364517211914,,30.345596313476562,0.43837860226631165,841.8866577148438,211.66128540039062,1009.5011596679688,323.6599426269531,167.614501953125,111.9986572265625,18772.599150449038,925.6939086914062,267.6606140136719,1920,1080,857.32861328125,222.98947143554688,946.5067138671875,244.07278442382812,89.1781005859375,21.08331298828125,13.301523214852375,left,False,"{'safe_roi': (450, 80, 1500, 420), 'cylinder_roi': (800, 190, 1000, 300)}",ok_cylinder_inside_confirmed
2026-09-20 16:52:00,2026-09-20,19486822,29626,56,90.33941650390625,,28.088424682617188,0.469843327999115,839.8251953125,211.4481964111328,1008.777099609375,323.1036682128906,168.951904296875,111.65547180175781,18864.40458607301,924.3011474609375,267.27593994140625,1920,1080,857.6817626953125,222.32046508789062,945.7352294921875,242.51446533203125,88.053466796875,20.194000244140625,12.916731639800988,left,False,"{'safe_roi': (450, 80, 1500, 420), 'cylinder_roi': (800, 190, 1000, 300)}",ok_cylinder_inside_confirmed
2026-09-20 16:52:07,2026-09-20,19486927,29626,56,89.78977966308594,,30.178848266601562,0.4504494369029999,839.7724609375,210.00469970703125,1008.6678466796875,320.02813720703125,168.8953857421875,110.0234375,18582.450917243958,924.2201538085938,265.01641845703125,1920,1080,858.4125366210938,222.7395477294922,945.8883056640625,242.9927978515625,87.47576904296875,20.253250122070312,13.03598569347157,left,False,"{'safe_roi': (450, 80, 1500, 420), 'cylinder_roi': (800, 190, 1000, 300)}",ok_cylinder_inside_confirmed
2026-09-20 16:52:25,2026-09-20,19487185,29626,56,89.89543151855469,,32.17127990722656,0.7725304961204529,838.3538818359375,202.27981567382812,1009.2994384765625,316.6349792480469,170.945556640625,114.35516357421875,19548.507091924548,923.82666015625,259.4573974609375,1920,1080,852.396728515625,221.94302368164062,941.5380859375,233.5623016357422,89.141357421875,11.619277954101562,7.426443164892196,left,False,"{'safe_roi': (450, 80, 1500, 420), 'cylinder_roi': (800, 190, 1000, 300)}",ok_cylinder_inside_confirmed
2026-09-20 16:52:30,2026-09-20,19487262,29626,56,88.91691589355469,,30.802658081054688,0.7734183073043823,841.0880126953125,202.39419555664062,1008.4002685546875,318.9449157714844,167.312255859375,116.55072021484375,19500.363921180367,924.744140625,260.6695556640625,1920,1080,853.3804931640625,221.27810668945312,941.3836059570312,233.99307250976562,88.00311279296875,12.7149658203125,8.22138085983545,left,False,"{'safe_roi': (450, 80, 1500, 420), 'cylinder_roi': (800, 190, 1000, 300)}",ok_cylinder_inside_confirmed
2026-09-20 16:52:35,2026-09-20,19487338,29626,56,89.50955200195312,,33.596954345703125,0.7735297679901123,840.5523071289062,206.74981689453125,1007.5272827148438,321.99267578125,166.9749755859375,115.24285888671875,19242.673549063504,924.039794921875,264.3712463378906,1920,1080,851.93798828125,221.60195922851562,940.5460815429688,234.27342224121094,88.60809326171875,12.671463012695312,8.138444030591947,left,False,"{'safe_roi': (450, 80, 1500, 420), 'cylinder_roi': (800, 190, 1000, 300)}",ok_cylinder_inside_confirmed
2026-09-20 16:52:40,2026-09-20,19487416,29626,56,86.41099548339844,,30.586044311523438,0.7843277454376221,839.9895629882812,202.80319213867188,1007.5557250976562,317.5631408691406,167.566162109375,114.75994873046875,19229.88417263329,923.7726440429688,260.18316650390625,1920,1080,854.5726318359375,219.64759826660156,940.0189208984375,232.52362060546875,85.4462890625,12.876022338867188,8.56950519637494,left,False,"{'safe_roi': (450, 80, 1500, 420), 'cylinder_roi': (800, 190, 1000, 300)}",ok_cylinder_inside_confirmed
2026-09-20 16:52:45,2026-09-20,19487491,29626,56,87.59359741210938,,32.7281494140625,0.7881306409835815,839.4138793945312,203.03675842285156,1007.7238159179688,317.1129455566406,168.3099365234375,114.07618713378906,19200.155815323815,923.56884765625,260.0748596191406,1920,1080,855.3358154296875,219.45712280273438,941.983154296875,232.2975616455078,86.6473388671875,12.840438842773438,8.429425243124157,left,False,"{'safe_roi': (450, 80, 1500, 420), 'cylinder_roi': (800, 190, 1000, 300)}",ok_cylinder_inside_confirmed
2026-09-20 16:52:50,2026-09-20,19487572,29626,56,87.75077056884766,,32.10919189453125,0.7733798623085022,840.3675537109375,203.2859649658203,1007.5628662109375,317.5755310058594,167.1953125,114.28956604003906,19108.67970955372,923.9652099609375,260.4307556152344,1920,1080,854.23974609375,218.28497314453125,940.6844482421875,233.36843872070312,86.4447021484375,15.083465576171875,9.897716510932739,left,False,"{'safe_roi': (450, 80, 1500, 420), 'cylinder_roi': (800, 190, 1000, 300)}",ok_cylinder_inside_confirmed
2026-09-20 16:52:55,2026-09-20,19487653,29626,56,86.74219512939453,,32.75535583496094,0.7717763185501099,840.47021484375,206.3897247314453,1007.4044189453125,320.6707458496094,166.9342041015625,114.28102111816406,19077.411304274574,923.9373168945312,263.5302429199219,1920,1080,856.5421752929688,220.64639282226562,942.5009765625,232.2779541015625,85.95880126953125,11.631561279296875,7.706202325070377,left,False,"{'safe_roi': (450, 80, 1500, 420), 'cylinder_roi': (800, 190, 1000, 300)}",ok_cylinder_inside_confirmed
2026-09-20 16:53:00,2026-09-20,19487730,29626,56,86.99494171142578,,33.221435546875,0.7492472529411316,840.589111328125,202.73585510253906,1007.8280029296875,319.1100158691406,167.2388916015625,116.37416076660156,19462.285657668486,924.2085571289062,260.9229431152344,1920,1080,855.979736328125,219.1952362060547,941.788330078125,233.51324462890625,85.80859375,14.318008422851562,9.473090881039566,left,False,"{'safe_roi': (450, 80, 1500, 420), 'cylinder_roi': (800, 190, 1000, 300)}",ok_cylinder_inside_confirmed
2026-09-20 16:53:05,2026-09-20,19487810,29626,56,86.78385162353516,,33.0400390625,0.7671741247177124,840.8529663085938,204.03091430664062,1007.9269409179688,320.3569030761719,167.073974609375,116.32598876953125,19435.045294091105,924.3899536132812,262.19390869140625,1920,1080,856.4722290039062,219.70904541015625,942.1783447265625,233.343505859375,85.70611572265625,13.63446044921875,9.039089368550087,left,False,"{'safe_roi': (450, 80, 1500, 420), 'cylinder_roi': (800, 190, 1000, 300)}",ok_cylinder_inside_confirmed
2026-09-20 16:53:10,2026-09-20,19487887,29626,56,89.87544250488281,,34.667724609375,0.7748743295669556,840.9830932617188,203.37515258789062,1008.7379760742188,318.2496643066406,167.7548828125,114.87451171875,19270.760251522064,924.8605346679688,260.8124084472656,1920,1080,857.3832397460938,221.907470703125,946.2066650390625,235.61856079101562,88.82342529296875,13.711090087890625,8.775113426367943,left,False,"{'safe_roi': (450, 80, 1500, 420), 'cylinder_roi': (800, 190, 1000, 300)}",ok_cylinder_inside_confirmed
2026-09-20 16:53:15,2026-09-20,19487967,29626,56,88.1827621459961,,32.39643859863281,0.7471906542778015,840.156005859375,204.42935180664062,1008.869384765625,320.1939392089844,168.71337890625,115.76458740234375,19531.034698337317,924.5126953125,262.3116455078125,1920,1080,856.504150390625,221.1743621826172,943.6768798828125,234.48281860351562,87.1727294921875,13.308456420898438,8.680188969740662,left,False,"{'safe_roi': (450, 80, 1500, 420), 'cylinder_roi': (800, 190, 1000, 300)}",ok_cylinder_inside_confirmed
2026-09-20 16:53:20,2026-09-20,19488046,29626,56,88.18085479736328,,30.998336791992188,0.7821307182312012,840.42431640625,207.0451202392578,1007.994140625,322.1596984863281,167.56982421875,115.11457824707031,19289.729641877115,924.209228515625,264.6024169921875,1920,1080,856.6427001953125,219.9011993408203,943.5863037109375,234.62103271484375,86.943603515625,14.719833374023438,9.609240514626709,left,False,"{'safe_roi': (450, 80, 1500, 420), 'cylinder_roi': (800, 190, 1000, 300)}",ok_cylinder_inside_confirmed
2026-09-20 16:53:25,2026-09-20,19488122,29626,56,89.43513488769531,,32.37138366699219,0.7826043963432312,840.2164306640625,203.05950927734375,1007.4327392578125,319.3250732421875,167.21630859375,116.26556396484375,19441.498422771692,923.8245849609375,261.1922912597656,1920,1080,857.81982421875,217.57357788085938,945.7850341796875,233.7218017578125,87.9652099609375,16.148223876953125,10.40226004923142,left,False,"{'safe_roi': (450, 80, 1500, 420), 'cylinder_roi': (800, 190, 1000, 300)}",ok_cylinder_inside_confirmed
2026-09-20 16:53:30,2026-09-20,19488198,29626,56,90.09953308105469,,33.31494140625,0.7580174803733826,840.8983764648438,203.74996948242188,1009.3545532226562,321.0821838378906,168.4561767578125,117.33221435546875,19765.33624085039,925.12646484375,262.41607666015625,1920,1080,857.3885498046875,217.95388793945312,945.9683227539062,234.43264770507812,88.57977294921875,16.478759765625,10.538434757427343,left,False,"{'safe_roi': (450, 80, 1500, 420), 'cylinder_roi': (800, 190, 1000, 300)}",ok_cylinder_inside_confirmed
2026-09-20 16:53:35,2026-09-20,19488274,29626,56,89.42369842529297,,32.96427917480469,0.7673966884613037,841.7583618164062,204.1703338623047,1010.8203735351562,320.37762451171875,169.06201171875,116.20729064941406,19646.238333575428,926.2893676757812,262.27398681640625,1920,1080,857.7787475585938,218.9756622314453,945.7306518554688,235.13302612304688,87.951904296875,16.157363891601562,10.40955931158861,left,False,"{'safe_roi': (450, 80, 1500, 420), 'cylinder_roi': (800, 190, 1000, 300)}",ok_cylinder_inside_confirmed
2026-09-20 16:53:40,2026-09-20,19488350,29626,56,93.80174255371094,,32.909820556640625,0.7678318023681641,841.0652465820312,205.33900451660156,1009.1384887695312,322.32073974609375,168.0732421875,116.98173522949219,19661.49951674044,925.1018676757812,263.8298645019531,1920,1080,855.8482055664062,216.74514770507812,947.9204711914062,234.67459106445312,92.072265625,17.929443359375,11.01943163095286,left,False,"{'safe_roi': (450, 80, 1500, 420), 'cylinder_roi': (800, 190, 1000, 300)}",ok_cylinder_inside_confirmed
2026-09-20 16:53:47,2026-09-20,19488448,29626,56,87.77034759521484,,32.011749267578125,0.7411540150642395,841.424072265625,206.1208038330078,1012.03125,322.2834167480469,170.607177734375,116.16261291503906,19818.175547685474,926.7276611328125,264.2021179199219,1920,1080,859.6583251953125,214.87033081054688,945.5079345703125,233.1317138671875,85.849609375,18.261383056640625,12.008610706288085,left,False,"{'safe_roi': (450, 80, 1500, 420), 'cylinder_roi': (800, 190, 1000, 300)}",ok_cylinder_inside_confirmed
2026-09-20 16:53:52,2026-09-20,19488526,29626,56,88.50711059570312,,32.20191955566406,0.7294573187828064,842.4296264648438,207.8243408203125,1014.1895141601562,323.38238525390625,171.7598876953125,115.55804443359375,19848.236734203994,928.3095703125,265.6033630371094,1920,1080,859.9866333007812,214.5264892578125,946.390869140625,233.7050323486328,86.40423583984375,19.178543090820312,12.514653331565304,left,False,"{'safe_roi': (450, 80, 1500, 420), 'cylinder_roi': (800, 190, 1000, 300)}",ok_cylinder_inside_confirmed
2026-09-20 16:53:57,2026-09-20,19488602,29626,56,94.06704711914062,,33.802978515625,0.7597944736480713,843.3883666992188,206.05487060546875,1015.8372192382812,325.098876953125,172.4488525390625,119.04400634765625,20529.002296306193,929.61279296875,265.5768737792969,1920,1080,859.947509765625,216.78680419921875,952.0988159179688,235.67453002929688,92.15130615234375,18.887725830078125,11.583161974707961,left,False,"{'safe_roi': (450, 80, 1500, 420), 'cylinder_roi': (800, 190, 1000, 300)}",ok_cylinder_inside_confirmed
2026-09-20 16:54:02,2026-09-20,19488680,29626,56,90.62355041503906,,31.3203125,0.7087404727935791,842.485107421875,207.2734375,1016.1806640625,324.62347412109375,173.695556640625,117.35003662109375,20383.179932698607,929.3328857421875,265.9484558105469,1920,1080,860.8577880859375,216.1441192626953,949.539306640625,234.80467224121094,88.6815185546875,18.660552978515625,11.882941209045363,left,False,"{'safe_roi': (450, 80, 1500, 420), 'cylinder_roi': (800, 190, 1000, 300)}",ok_cylinder_inside_confirmed
2026-09-20 16:54:07,2026-09-20,19488757,29626,56,90.72421264648438,,31.895645141601562,0.6345893144607544,841.7442016601562,206.5960693359375,1013.7072143554688,322.807861328125,171.9630126953125,116.2117919921875,19984.129861697555,927.7257080078125,264.70196533203125,1920,1080,859.2091674804688,213.9630126953125,947.6010131835938,234.4022979736328,88.391845703125,20.439285278320312,13.019949546855905,left,False,"{'safe_roi': (450, 80, 1500, 420), 'cylinder_roi': (800, 190, 1000, 300)}",ok_cylinder_inside_confirmed
2026-09-20 16:54:14,2026-09-20,19488855,29626,56,90.2774658203125,,30.145401000976562,0.7723991274833679,844.220947265625,204.41307067871094,1017.76025390625,323.3112487792969,173.539306640625,118.89817810058594,20633.507388409227,930.9906005859375,263.8621520996094,1920,1080,858.9874267578125,221.543701171875,948.476806640625,233.44627380371094,89.4893798828125,11.902572631835938,7.576182748869503,left,False,"{'safe_roi': (450, 80, 1500, 420), 'cylinder_roi': (800, 190, 1000, 300)}",ok_cylinder_inside_confirmed
2026-09-20 16:54:19,2026-09-20,19488928,29626,56,93.65965270996094,,28.639419555664062,0.6697073578834534,841.1575927734375,206.75958251953125,1017.2242431640625,325.8123779296875,176.066650390625,119.05279541015625,20961.226907506585,929.19091796875,266.2859802246094,1920,1080,858.879150390625,213.8795166015625,950.3074951171875,234.20162963867188,91.4283447265625,20.322113037109375,12.531616291447605,left,False,"{'safe_roi': (450, 80, 1500, 420), 'cylinder_roi': (800, 190, 1000, 300)}",ok_cylinder_inside_confirmed
2026-09-20 16:54:24,2026-09-20,19489005,29626,56,92.88871002197266,,26.77471923828125,0.7227197289466858,842.8985595703125,207.11349487304688,1010.8387451171875,324.0984802246094,167.940185546875,116.9849853515625,19646.48014613986,926.86865234375,265.6059875488281,1920,1080,856.8028564453125,220.2650146484375,948.036865234375,237.7197723388672,91.2340087890625,17.454757690429688,10.830864184741225,left,False,"{'safe_roi': (450, 80, 1500, 420), 'cylinder_roi': (800, 190, 1000, 300)}",ok_cylinder_inside_confirmed
2026-09-20 16:54:29,2026-09-20,19489081,29626,56,92.22541809082031,,28.709136962890625,0.7596042156219482,840.8521728515625,206.78114318847656,1011.941650390625,323.39007568359375,171.0894775390625,116.60893249511719,19950.561336977407,926.3969116210938,265.0856018066406,1920,1080,857.6353149414062,218.6968231201172,948.1807861328125,236.21954345703125,90.54547119140625,17.522720336914062,10.95271494073478,left,False,"{'safe_roi': (450, 80, 1500, 420), 'cylinder_roi': (800, 190, 1000, 300)}",ok_cylinder_inside_confirmed
2026-09-20 16:54:34,2026-09-20,19489156,29626,56,94.43395233154297,,28.94073486328125,0.7091735005378723,842.7841796875,206.644287109375,1015.7274169921875,323.56842041015625,172.9432373046875,116.92413330078125,20221.238132081926,929.2557983398438,265.1063537597656,1920,1080,857.1062622070312,218.44357299804688,949.7215576171875,236.88751220703125,92.61529541015625,18.443939208984375,11.262860391215467,left,False,"{'safe_roi': (450, 80, 1500, 420), 'cylinder_roi': (800, 190, 1000, 300)}",ok_cylinder_inside_confirmed
2026-09-20 16:54:39,2026-09-20,19489229,29626,56,92.70079803466797,,28.014083862304688,0.7509211301803589,843.6867065429688,207.61900329589844,1017.1897583007812,322.85858154296875,173.5030517578125,115.23957824707031,19994.418509149924,930.438232421875,265.2388000488281,1920,1080,857.0847778320312,220.1459503173828,948.03955078125,238.05313110351562,90.95477294921875,17.907180786132812,11.137945543202939,left,False,"{'safe_roi': (450, 80, 1500, 420), 'cylinder_roi': (800, 190, 1000, 300)}",ok_cylinder_inside_confirmed
2026-09-20 16:54:44,2026-09-20,19489306,29626,56,93.15178680419922,,27.860458374023438,0.7192844748497009,840.1845703125,208.0621795654297,1011.7310791015625,323.708740234375,171.5465087890625,115.64656066894531,19838.763736220077,925.9578247070312,265.8854675292969,1920,1080,858.38134765625,220.82858276367188,949.9669189453125,237.83851623535156,91.5855712890625,17.009933471679688,10.521500638724312,left,False,"{'safe_roi': (450, 80, 1500, 420), 'cylinder_roi': (800, 190, 1000, 300)}",ok_cylinder_inside_confirmed
2026-09-20 16:54:49,2026-09-20,19489384,29626,56,88.63005828857422,,32.68666076660156,0.7263139486312866,840.8365478515625,205.17478942871094,1008.7235107421875,318.234375,167.886962890625,113.05958557128906,18981.23044723645,924.780029296875,261.70458984375,1920,1080,854.0936279296875,221.15966796875,941.6173095703125,235.1200408935547,87.523681640625,13.960372924804688,9.062562627791495,left,False,"{'safe_roi': (450, 80, 1500, 420), 'cylinder_roi': (800, 190, 1000, 300)}",ok_cylinder_inside_confirmed
2026-09-20 16:55:03,2026-09-20,19489600,29626,56,85.09010314941406,,34.870147705078125,0.6179324388504028,849.4913940429688,202.72982788085938,1003.9680786132812,315.8124694824219,154.4766845703125,113.0826416015625,17468.63155706227,926.729736328125,259.2711486816406,1920,1080,858.34033203125,215.36007690429688,942.154052734375,230.04290771484375,83.813720703125,14.682830810546875,9.936479623920295,left,False,"{'safe_roi': (450, 80, 1500, 420), 'cylinder_roi': (800, 190, 1000, 300)}",ok_cylinder_inside_confirmed
2026-09-20 16:55:26,2026-09-20,19489948,29626,57,83.28549194335938,,34.319915771484375,0.5899747014045715,849.5610961914062,203.1568603515625,1004.7036743164062,317.79656982421875,155.142578125,114.63970947265625,17785.500083088875,927.1323852539062,260.4767150878906,1920,1080,857.1385498046875,215.9344940185547,939.24267578125,229.9125213623047,82.1041259765625,13.97802734375,9.661830643589894,left,False,"{'safe_roi': (450, 80, 1500, 420), 'cylinder_roi': (800, 190, 1000, 300)}",ok_cylinder_inside_confirmed
2026-09-20 16:55:43,2026-09-20,19490198,29626,57,84.89543151855469,,36.6148681640625,0.6322970390319824,851.2659912109375,200.38046264648438,1006.7169189453125,315.1563415527344,155.450927734375,114.77587890625,17842.016857504845,928.991455078125,257.7684020996094,1920,1080,859.0272216796875,212.88197326660156,942.4142456054688,228.81427001953125,83.38702392578125,15.932296752929688,10.816819688894038,left,False,"{'safe_roi': (450, 80, 1500, 420), 'cylinder_roi': (800, 190, 1000, 300)}",ok_cylinder_inside_confirmed
2026-09-20 16:55:48,2026-09-20,19490275,29626,57,80.75322723388672,,35.14015197753906,0.5064486265182495,855.82373046875,201.8523406982422,1009.0692138671875,317.77301025390625,153.2454833984375,115.92066955566406,17764.319041928276,932.4464721679688,259.81268310546875,1920,1080,863.1436767578125,213.60968017578125,942.0000610351562,231.00950622558594,78.85638427734375,17.399826049804688,12.443050847086534,left,False,"{'safe_roi': (450, 80, 1500, 420), 'cylinder_roi': (800, 190, 1000, 300)}",ok_cylinder_inside_confirmed
2026-09-20 16:55:53,2026-09-20,19490349,29626,57,83.03589630126953,,34.796417236328125,0.6655882000923157,854.7107543945312,201.2980194091797,1008.7455444335938,319.047119140625,154.0347900390625,117.74909973144531,18137.45785442181,931.7281494140625,260.1725769042969,1920,1080,862.9097290039062,213.29541015625,943.6138916015625,232.8350830078125,80.70416259765625,19.5396728515625,13.610248506469311,left,False,"{'safe_roi': (450, 80, 1500, 420), 'cylinder_roi': (800, 190, 1000, 300)}",ok_cylinder_inside_confirmed
2026-09-20 16:55:58,2026-09-20,19490423,29626,57,85.98335266113281,,36.905029296875,0.611790657043457,855.285400390625,201.17584228515625,1007.838623046875,317.31719970703125,152.55322265625,116.141357421875,17717.73835837841,931.56201171875,259.24652099609375,1920,1080,858.9620971679688,211.52847290039062,943.062744140625,229.42312622070312,84.10064697265625,17.8946533203125,12.0120640960853,left,False,"{'safe_roi': (450, 80, 1500, 420), 'cylinder_roi': (800, 190, 1000, 300)}",ok_cylinder_inside_confirmed
2026-09-20 16:56:03,2026-09-20,19490500,29626,57,80.24395751953125,,36.6817626953125,0.5865135788917542,854.2339477539062,202.20001220703125,1006.9276733398438,320.1971435546875,152.6937255859375,117.99713134765625,18017.421593926847,930.580810546875,261.1985778808594,1920,1080,862.791015625,210.28001403808594,940.46630859375,230.42056274414062,77.67529296875,20.140548706054688,14.536189768375973,left,False,"{'safe_roi': (450, 80, 1500, 420), 'cylinder_roi': (800, 190, 1000, 300)}",ok_cylinder_inside_confirmed
2026-09-20 16:56:10,2026-09-20,19490598,29626,57,80.82228088378906,,36.14564514160156,0.6081105470657349,855.869384765625,202.99258422851562,1008.447509765625,321.7749938964844,152.578125,118.78240966796875,18123.597350120544,932.158447265625,262.3837890625,1920,1080,861.906982421875,211.20538330078125,940.6057739257812,229.61032104492188,78.69879150390625,18.404937744140625,13.162939267320024,left,False,"{'safe_roi': (450, 80, 1500, 420), 'cylinder_roi': (800, 190, 1000, 300)}",ok_cylinder_inside_confirmed
2026-09-20 16:56:20,2026-09-20,19490755,29626,57,79.18487548828125,,35.333984375,0.5448586344718933,851.7786865234375,201.26649475097656,1006.3809814453125,318.61444091796875,154.602294921875,117.34794616699219,18142.261781785637,929.079833984375,259.9404602050781,1920,1080,863.95263671875,214.7947998046875,941.6744384765625,229.94622802734375,77.7218017578125,15.15142822265625,11.031138752831028,left,False,"{'safe_roi': (450, 80, 1500, 420), 'cylinder_roi': (800, 190, 1000, 300)}",ok_cylinder_inside_confirmed
2026-09-20 16:56:25,2026-09-20,19490832,29626,57,79.53749084472656,,33.43830871582031,0.5838488340377808,849.9033203125,202.6960906982422,1005.3511962890625,317.9952392578125,155.4478759765625,115.29914855957031,17923.00774549134,927.6272583007812,260.3456726074219,1920,1080,863.9892578125,214.91253662109375,941.5816650390625,232.3948516845703,77.5924072265625,17.482315063476562,12.697266973800556,left,False,"{'safe_roi': (450, 80, 1500, 420), 'cylinder_roi': (800, 190, 1000, 300)}",ok_cylinder_inside_confirmed
2026-09-20 16:56:35,2026-09-20,19490972,29626,57,75.68604278564453,,34.04991149902344,0.5962268114089966,857.3978881835938,202.24252319335938,1005.9061889648438,317.3620910644531,148.50830078125,115.11956787109375,17096.211411207914,931.6520385742188,259.80230712890625,1920,1080,869.1815185546875,216.92935180664062,943.32373046875,232.1382293701172,74.1422119140625,15.208877563476562,11.592337600285765,left,False,"{'safe_roi': (450, 80, 1500, 420), 'cylinder_roi': (800, 190, 1000, 300)}",ok_cylinder_inside_confirmed
2026-09-20 16:56:40,2026-09-20,19491048,29626,57,80.59904479980469,,31.46533203125,0.6067845225334167,857.5239868164062,202.19984436035156,1006.0270385742188,315.6162109375,148.5030517578125,113.41636657714844,16842.67655598931,931.7755126953125,258.90802001953125,1920,1080,865.7019653320312,216.7294158935547,944.4072875976562,234.09829711914062,78.705322265625,17.368881225585938,12.444708070968927,left,False,"{'safe_roi': (450, 80, 1500, 420), 'cylinder_roi': (800, 190, 1000, 300)}",ok_cylinder_inside_confirmed
2026-09-20 16:56:48,2026-09-20,19491168,29626,57,84.57542419433594,,34.8673095703125,0.3863446116447449,854.0802001953125,202.7921142578125,1005.0797119140625,319.3826904296875,150.99951171875,116.590576171875,17605.120072960854,929.5799560546875,261.08740234375,1920,1080,859.8978271484375,214.036865234375,943.2550659179688,228.33975219726562,83.35723876953125,14.302886962890625,9.736308616010977,left,False,"{'safe_roi': (450, 80, 1500, 420), 'cylinder_roi': (800, 190, 1000, 300)}",ok_cylinder_inside_confirmed
2026-09-20 16:56:53,2026-09-20,19491242,29626,57,81.32654571533203,,31.284225463867188,0.6296874284744263,853.0775146484375,202.2598114013672,1006.8626708984375,318.725830078125,153.78515625,116.46601867675781,17910.74488002062,929.9700927734375,260.4928283691406,1920,1080,865.3826904296875,213.50379943847656,944.8681030273438,230.71066284179688,79.48541259765625,17.206863403320312,12.214811121836624,left,False,"{'safe_roi': (450, 80, 1500, 420), 'cylinder_roi': (800, 190, 1000, 300)}",ok_cylinder_inside_confirmed
2026-09-20 16:57:18,2026-09-20,19491614,29626,58,80.06244659423828,,33.45970153808594,0.6705880761146545,849.017578125,202.72108459472656,1008.443359375,316.98095703125,159.42578125,114.25987243652344,18215.96942871809,928.73046875,259.85101318359375,1920,1080,864.0958251953125,214.6704864501953,942.128173828125,232.58551025390625,78.0323486328125,17.915023803710938,12.930156377353095,left,False,"{'safe_roi': (450, 80, 1500, 420), 'cylinder_roi': (800, 190, 1000, 300)}",ok_cylinder_inside_confirmed
2026-09-20 16:57:31,2026-09-20,19491818,29626,58,84.46561431884766,,24.99090576171875,0.6912545561790466,846.3461303710938,201.22865295410156,1009.1196899414062,318.1229553222656,162.7735595703125,116.89430236816406,19027.301689954475,927.73291015625,259.6758117675781,1920,1080,860.2750244140625,219.39828491210938,942.5071411132812,238.69384765625,82.23211669921875,19.295562744140625,13.205411335615002,left,False,"{'safe_roi': (450, 80, 1500, 420), 'cylinder_roi': (800, 190, 1000, 300)}",ok_cylinder_inside_confirmed
2026-09-20 16:57:36,2026-09-20,19491894,29626,58,85.75537109375,,26.155227661132812,0.7160099744796753,845.8787231445312,204.34249877929688,1013.2775268554688,319.3664245605469,167.3988037109375,115.02392578125,19254.867573916912,929.578125,261.8544616699219,1920,1080,861.4087524414062,217.673828125,945.043212890625,236.62799072265625,83.63446044921875,18.95416259765625,12.769299639260234,left,False,"{'safe_roi': (450, 80, 1500, 420), 'cylinder_roi': (800, 190, 1000, 300)}",ok_cylinder_inside_confirmed
2026-09-20 16:58:10,2026-09-20,19492395,29626,59,80.10106658935547,,37.64556884765625,0.5429946184158325,855.5701904296875,200.6237030029297,1005.7176513671875,316.57379150390625,150.1474609375,115.95008850097656,17409.611383900046,930.6439208984375,258.5987548828125,1920,1080,863.084228515625,208.71841430664062,940.64501953125,228.73101806640625,77.560791015625,20.012603759765625,14.468157944537625,left,False,"{'safe_roi': (450, 80, 1500, 420), 'cylinder_roi': (800, 190, 1000, 300)}",ok_cylinder_inside_confirmed
2026-09-20 16:58:15,2026-09-20,19492477,29626,59,80.14653015136719,,33.59236145019531,0.573189377784729,851.37158203125,201.760986328125,1005.902587890625,319.6900634765625,154.531005859375,117.9290771484375,18223.69891181588,928.6370849609375,260.72552490234375,1920,1080,862.6893310546875,213.10174560546875,940.8352661132812,230.897216796875,78.14593505859375,17.79547119140625,12.828686831275364,left,False,"{'safe_roi': (450, 80, 1500, 420), 'cylinder_roi': (800, 190, 1000, 300)}",ok_cylinder_inside_confirmed
2026-09-20 16:58:23,2026-09-20,19492604,29626,59,84.14912414550781,,36.673248291015625,0.5335481762886047,856.1642456054688,201.2044677734375,1007.7590942382812,317.1658935546875,151.5948486328125,115.96142578125,17579.154788553715,931.961669921875,259.1851806640625,1920,1080,861.4361572265625,211.23390197753906,943.2127685546875,231.07479858398438,81.776611328125,19.840896606445312,13.637756732706816,left,False,"{'safe_roi': (450, 80, 1500, 420), 'cylinder_roi': (800, 190, 1000, 300)}",ok_cylinder_inside_confirmed
2026-09-20 16:58:29,2026-09-20,19492683,29626,59,78.67301940917969,,33.999114990234375,0.5520073771476746,858.0264282226562,199.2178497314453,1006.7920532226562,315.78521728515625,148.765625,116.56736755371094,17341.21728873253,932.4092407226562,257.50152587890625,1920,1080,865.5672607421875,211.77159118652344,941.5030517578125,232.34339904785156,75.935791015625,20.571807861328125,15.158190488265172,left,False,"{'safe_roi': (450, 80, 1500, 420), 'cylinder_roi': (800, 190, 1000, 300)}",ok_cylinder_inside_confirmed
2026-09-20 16:58:34,2026-09-20,19492756,29626,59,84.91549682617188,,36.675201416015625,0.4706454873085022,860.4631958007812,200.37460327148438,1008.3494262695312,318.9262390136719,147.88623046875,118.5516357421875,17532.15452581644,934.4063110351562,259.6504211425781,1920,1080,863.3572998046875,210.36773681640625,945.533935546875,231.76031494140625,82.1766357421875,21.392578125,14.591621227234599,left,False,"{'safe_roi': (450, 80, 1500, 420), 'cylinder_roi': (800, 190, 1000, 300)}",ok_cylinder_inside_confirmed
2026-09-20 16:58:39,2026-09-20,19492833,29626,59,78.23356628417969,,37.122772216796875,0.6279935240745544,857.0110473632812,201.03021240234375,1006.9124145507812,317.5086669921875,149.9013671875,116.47845458984375,17460.279590904713,931.9617309570312,259.2694396972656,1920,1080,864.743896484375,212.17208862304688,940.50244140625,231.6947479248047,75.758544921875,19.522659301757812,14.450485862027298,left,False,"{'safe_roi': (450, 80, 1500, 420), 'cylinder_roi': (800, 190, 1000, 300)}",ok_cylinder_inside_confirmed
2026-09-20 16:58:44,2026-09-20,19492912,29626,59,78.51496887207031,,32.85124206542969,0.7164269685745239,856.6644287109375,200.7039337158203,1010.2596435546875,316.7630310058594,153.59521484375,116.05909729003906,17826.121982835233,933.4620361328125,258.7334899902344,1920,1080,866.5113525390625,215.18020629882812,943.2757568359375,231.6673583984375,76.764404296875,16.487152099609375,12.121612690024849,left,False,"{'safe_roi': (450, 80, 1500, 420), 'cylinder_roi': (800, 190, 1000, 300)}",ok_cylinder_inside_confirmed
2026-09-20 16:58:52,2026-09-20,19493034,29626,59,80.4920425415039,,35.47654724121094,0.4075905978679657,862.5850219726562,200.8426513671875,1013.1724243164062,319.95489501953125,150.58740234375,119.11224365234375,17936.80335894227,937.8787231445312,260.3987731933594,1920,1080,873.1036376953125,211.26724243164062,952.0498046875,226.96664428710938,78.9461669921875,15.69940185546875,11.24723039017183,left,False,"{'safe_roi': (450, 80, 1500, 420), 'cylinder_roi': (800, 190, 1000, 300)}",ok_cylinder_inside_confirmed
2026-09-20 16:58:57,2026-09-20,19493113,29626,59,81.35308837890625,,36.62010192871094,0.4223431348800659,858.0471801757812,201.2965850830078,1009.7566528320312,319.88482666015625,151.70947265625,118.58824157714844,17990.95959290117,933.9019165039062,260.5906982421875,1920,1080,865.8677978515625,206.93609619140625,944.3816528320312,228.24102783203125,78.51385498046875,21.304931640625,15.181778237948276,left,False,"{'safe_roi': (450, 80, 1500, 420), 'cylinder_roi': (800, 190, 1000, 300)}",ok_cylinder_inside_confirmed
2026-09-20 16:59:04,2026-09-20,19493219,29626,59,77.71045684814453,,32.6744384765625,0.582668662071228,859.3516845703125,200.42312622070312,1009.4423828125,318.8135070800781,150.0906982421875,118.390380859375,17769.294928342104,934.3970336914062,259.6183166503906,1920,1080,868.5725708007812,211.17889404296875,943.5855712890625,231.47579956054688,75.01300048828125,20.296905517578125,15.140464356391094,left,False,"{'safe_roi': (450, 80, 1500, 420), 'cylinder_roi': (800, 190, 1000, 300)}",ok_cylinder_inside_confirmed
2026-09-20 16:59:25,2026-09-20,19493531,29626,59,84.17346954345703,,18.189193725585938,0.5725601315498352,862.1107788085938,200.28919982910156,1013.7763061523438,317.9767150878906,151.66552734375,117.68751525878906,17849.139063499868,937.9435424804688,259.1329650878906,1920,1080,868.2669067382812,214.6813507080078,949.5676879882812,236.48402404785156,81.30078125,21.80267333984375,15.011962862406332,left,False,"{'safe_roi': (450, 80, 1500, 420), 'cylinder_roi': (800, 190, 1000, 300)}",ok_cylinder_inside_confirmed
2026-09-20 16:59:30,2026-09-20,19493609,29626,59,87.13614654541016,,19.36968994140625,0.6498485207557678,864.6043701171875,201.15052795410156,1020.3887939453125,319.958984375,155.784423828125,118.80845642089844,18508.50692943856,942.49658203125,260.55474853515625,1920,1080,866.7200927734375,217.80772399902344,951.835205078125,236.46585083007812,85.1151123046875,18.658126831054688,12.364264993842385,left,False,"{'safe_roi': (450, 80, 1500, 420), 'cylinder_roi': (800, 190, 1000, 300)}",ok_cylinder_inside_confirmed
2026-09-20 16:59:35,2026-09-20,19493688,29626,59,91.677001953125,,18.406463623046875,0.7087640166282654,862.3840942382812,201.02674865722656,1018.3510131835938,320.3682556152344,155.9669189453125,119.34150695800781,18613.327142531052,940.3675537109375,260.697509765625,1920,1080,866.3998413085938,215.10226440429688,955.3135986328125,237.44094848632812,88.91375732421875,22.33868408203125,14.103086442877542,left,False,"{'safe_roi': (450, 80, 1500, 420), 'cylinder_roi': (800, 190, 1000, 300)}",ok_cylinder_inside_confirmed
2026-09-20 17:00:57,2026-09-20,19494925,29626,60,83.46945190429688,,35.986083984375,0.5259571075439453,842.9093627929688,203.48348999023438,1003.3665161132812,313.4230651855469,160.4571533203125,109.9395751953125,17640.591273084283,923.137939453125,258.4532775878906,1920,1080,854.1729125976562,220.0718536376953,936.4189453125,234.31053161621094,82.24603271484375,14.238677978515625,9.821862534684897,left,False,"{'safe_roi': (450, 80, 1500, 420), 'cylinder_roi': (800, 190, 1000, 300)}",ok_cylinder_inside_confirmed
2026-09-20 17:01:47,2026-09-20,19495695,29626,61,80.71745300292969,,33.358551025390625,0.6948228478431702,846.7061767578125,203.70518493652344,1005.8765869140625,317.907958984375,159.17041015625,114.20277404785156,18177.702386178076,926.2913818359375,260.80657958984375,1920,1080,862.83447265625,217.2960968017578,942.42333984375,230.74671936035156,79.5888671875,13.45062255859375,9.592422483003237,left,False,"{'safe_roi': (450, 80, 1500, 420), 'cylinder_roi': (800, 190, 1000, 300)}",ok_cylinder_inside_confirmed
2026-09-20 17:01:52,2026-09-20,19495777,29626,61,79.81254577636719,,33.49824523925781,0.7217711806297302,846.9060668945312,202.68023681640625,1005.5830688476562,317.0745849609375,158.677001953125,114.39434814453125,18151.752203956246,926.2445678710938,259.8774108886719,1920,1080,862.3966064453125,215.4630126953125,940.5699462890625,231.55560302734375,78.17333984375,16.09259033203125,11.632283414377227,left,False,"{'safe_roi': (450, 80, 1500, 420), 'cylinder_roi': (800, 190, 1000, 300)}",ok_cylinder_inside_confirmed
2026-09-20 17:01:57,2026-09-20,19495853,29626,61,83.05060577392578,,32.30076599121094,0.7202752828598022,845.72607421875,203.45120239257812,1006.2344970703125,316.2991638183594,160.5084228515625,112.84796142578125,18113.04831046611,925.9802856445312,259.87518310546875,1920,1080,861.800048828125,218.67202758789062,943.247314453125,234.91229248046875,81.447265625,16.240264892578125,11.276656989033658,left,False,"{'safe_roi': (450, 80, 1500, 420), 'cylinder_roi': (800, 190, 1000, 300)}",ok_cylinder_inside_confirmed
2026-09-20 17:02:08,2026-09-20,19496020,29626,61,81.49807739257812,,33.01704406738281,0.6473616361618042,844.196533203125,203.15267944335938,1006.9605712890625,318.7992248535156,162.7640380859375,115.64654541015625,18823.098721645772,925.5785522460938,260.9759521484375,1920,1080,862.3297729492188,216.18508911132812,942.1686401367188,232.54637145996094,79.8388671875,16.361282348632812,11.581210617539973,left,False,"{'safe_roi': (450, 80, 1500, 420), 'cylinder_roi': (800, 190, 1000, 300)}",ok_cylinder_inside_confirmed
2026-09-20 17:02:39,2026-09-20,19496481,29626,62,78.67855072021484,,31.89923095703125,0.7263480424880981,851.7648315429688,200.85125732421875,1007.9536743164062,314.77825927734375,156.1888427734375,113.927001953125,17794.126595705748,929.8592529296875,257.81475830078125,1920,1080,864.5840454101562,219.61102294921875,942.3936767578125,231.27186584472656,77.80963134765625,11.660842895507812,8.52313051371158,left,False,"{'safe_roi': (450, 80, 1500, 420), 'cylinder_roi': (800, 190, 1000, 300)}",ok_cylinder_inside_confirmed
2026-09-20 17:02:52,2026-09-20,19496673,29626,62,81.24805450439453,,27.696502685546875,0.6573077440261841,853.982177734375,201.18374633789062,1006.6339111328125,317.7087097167969,152.6517333984375,116.52496337890625,17787.73764397949,930.3080444335938,259.44622802734375,1920,1080,861.157958984375,218.00070190429688,940.7489013671875,234.32638549804688,79.5909423828125,16.32568359375,11.59171701414679,left,False,"{'safe_roi': (450, 80, 1500, 420), 'cylinder_roi': (800, 190, 1000, 300)}",ok_cylinder_inside_confirmed
2026-09-20 17:05:02,2026-09-20,19498645,29626,63,86.512451171875,,31.3748779296875,0.7363510131835938,841.1168212890625,203.82415771484375,1006.597412109375,315.9091796875,165.4805908203125,112.08502197265625,18547.895658142865,923.8571166992188,259.8666687011719,1920,1080,853.8132934570312,225.32655334472656,940.3170166015625,226.55526733398438,86.50372314453125,1.2287139892578125,0.8137845310874625,left,False,"{'safe_roi': (450, 80, 1500, 420), 'cylinder_roi': (800, 190, 1000, 300)}",ok_cylinder_inside_confirmed
2026-09-20 17:05:31,2026-09-20,19499077,29626,64,102.6836166381836,,33.48724365234375,0.7774404883384705,843.9227905273438,202.42239379882812,1026.24658203125,321.3913269042969,182.32379150390625,118.96893310546875,21690.866954963654,935.084716796875,261.9068603515625,1920,1080,852.6063842773438,258.78955078125,954.1162109375,243.30792236328125,101.50982666015625,15.48162841796875,8.671562588884795,left,False,"{'safe_roi': (450, 80, 1500, 420), 'cylinder_roi': (800, 190, 1000, 300)}",ok_cylinder_inside_confirmed
2026-09-20 17:05:36,2026-09-20,19499161,29626,64,106.94784545898438,,23.368392944335938,0.6899887919425964,835.3136596679688,204.02491760253906,1022.6381225585938,316.7998046875,187.324462890625,112.77488708496094,21125.49515074119,928.9758911132812,260.412353515625,1920,1080,846.3512573242188,249.26910400390625,952.9860229492188,241.0918426513672,106.634765625,8.177261352539062,4.3851308444062065,left,False,"{'safe_roi': (450, 80, 1500, 420), 'cylinder_roi': (800, 190, 1000, 300)}",ok_cylinder_inside_confirmed
2026-09-20 17:05:43,2026-09-20,19499273,29626,64,108.16024017333984,,23.565261840820312,0.7014750838279724,827.2267456054688,201.3840789794922,1028.5347900390625,317.7908020019531,201.30804443359375,116.40672302246094,23433.609770574607,927.8807373046875,259.5874328613281,1920,1080,843.853515625,248.18421936035156,951.8578491210938,242.3788604736328,108.00433349609375,5.80535888671875,3.0767541432504246,left,False,"{'safe_roi': (450, 80, 1500, 420), 'cylinder_roi': (800, 190, 1000, 300)}",ok_cylinder_inside_confirmed
2026-09-20 17:05:48,2026-09-20,19499352,29626,64,109.52204132080078,,23.066864013671875,0.775118350982666,827.8530883789062,202.23123168945312,1027.1259765625,317.2533874511719,199.27288818359375,115.02215576171875,22920.797183740884,927.489501953125,259.7423095703125,1920,1080,842.0687866210938,250.13023376464844,951.095947265625,239.73046875,109.02716064453125,10.399765014648438,5.4487822769967815,left,False,"{'safe_roi': (450, 80, 1500, 420), 'cylinder_roi': (800, 190, 1000, 300)}",ok_cylinder_inside_confirmed
2026-09-20 17:05:55,2026-09-20,19499447,29626,64,107.92810821533203,,21.873336791992188,0.7338075637817383,823.4842529296875,201.28729248046875,1025.36328125,316.18505859375,201.8790283203125,114.89776611328125,23195.449379123747,924.4237670898438,258.7361755371094,1920,1080,840.8697509765625,250.41427612304688,948.431884765625,241.5337677001953,107.5621337890625,8.880508422851562,4.719730246477629,left,False,"{'safe_roi': (450, 80, 1500, 420), 'cylinder_roi': (800, 190, 1000, 300)}",ok_cylinder_inside_confirmed
2026-09-20 17:06:00,2026-09-20,19499524,29626,64,110.44685363769531,,20.936614990234375,0.6160145401954651,825.7672119140625,201.70217895507812,1016.9034423828125,316.2854309082031,191.13623046875,114.583251953125,21901.01085317135,921.3353271484375,258.9938049316406,1920,1080,838.5580444335938,246.16098022460938,948.9210205078125,241.8572998046875,110.36297607421875,4.303680419921875,2.2331569635624198,left,False,"{'safe_roi': (450, 80, 1500, 420), 'cylinder_roi': (800, 190, 1000, 300)}",ok_cylinder_inside_confirmed
2026-09-20 17:14:02,2026-09-20,19506830,29626,65,86.6273193359375,,29.924591064453125,0.7341374158859253,841.701171875,199.7232666015625,1007.9229736328125,315.16729736328125,166.2218017578125,115.44403076171875,19189.314795397222,924.8120727539062,257.4452819824219,1920,1080,853.4637451171875,225.45474243164062,939.9140014648438,230.9906005859375,86.45025634765625,5.535858154296875,3.6639432965759906,left,False,"{'safe_roi': (450, 80, 1500, 420), 'cylinder_roi': (800, 190, 1000, 300)}",ok_cylinder_inside_confirmed
2026-09-20 17:14:07,2026-09-20,19506904,29626,65,88.05657958984375,,30.905715942382812,0.7437718510627747,842.1287841796875,201.84413146972656,1008.899658203125,318.12591552734375,166.7708740234375,116.28178405761719,19392.41476029344,925.5142211914062,259.9850158691406,1920,1080,857.07470703125,223.3338623046875,944.8639526367188,230.19020080566406,87.78924560546875,6.8563385009765625,4.465734328279536,left,False,"{'safe_roi': (450, 80, 1500, 420), 'cylinder_roi': (800, 190, 1000, 300)}",ok_cylinder_inside_confirmed
2026-09-20 17:14:12,2026-09-20,19506979,29626,65,91.48487091064453,,29.024887084960938,0.7040727138519287,842.4691772460938,203.2882843017578,1010.1672973632812,320.8614196777344,167.6981201171875,117.57313537597656,19716.793778834864,926.3182373046875,262.0748596191406,1920,1080,855.8336181640625,224.2787628173828,947.0182495117188,231.6844482421875,91.18463134765625,7.4056854248046875,4.643164616812921,left,False,"{'safe_roi': (450, 80, 1500, 420), 'cylinder_roi': (800, 190, 1000, 300)}",ok_cylinder_inside_confirmed
2026-09-20 17:14:17,2026-09-20,19507053,29626,65,91.10428619384766,,28.041015625,0.6295660138130188,839.1840209960938,202.44932556152344,1012.1342163085938,321.1283264160156,172.9501953125,118.67900085449219,20525.55637727678,925.6591186523438,261.788818359375,1920,1080,854.3331298828125,221.65505981445312,945.1553955078125,228.81796264648438,90.822265625,7.16290283203125,4.509426731171549,left,False,"{'safe_roi': (450, 80, 1500, 420), 'cylinder_roi': (800, 190, 1000, 300)}",ok_cylinder_inside_confirmed
2026-09-20 17:14:38,2026-09-20,19507361,29626,65,87.53231811523438,,28.584014892578125,0.7134185433387756,842.4583740234375,200.06556701660156,1012.074951171875,313.8690185546875,169.6165771484375,113.80345153808594,19302.95191756822,927.2666625976562,256.96728515625,1920,1080,857.2872314453125,223.348388671875,944.421142578125,231.6903839111328,87.1339111328125,8.341995239257812,5.468695368874973,left,False,"{'safe_roi': (450, 80, 1500, 420), 'cylinder_roi': (800, 190, 1000, 300)}",ok_cylinder_inside_confirmed
2026-09-20 17:14:44,2026-09-20,19507455,29626,65,88.91065979003906,,31.614913940429688,0.7534516453742981,841.7918701171875,205.395751953125,1012.99853515625,320.4698486328125,171.2066650390625,115.0740966796875,19701.452324911952,927.3952026367188,262.93280029296875,1920,1080,857.7930908203125,222.11309814453125,946.2615966796875,230.9691162109375,88.468505859375,8.85601806640625,5.716471523524696,left,False,"{'safe_roi': (450, 80, 1500, 420), 'cylinder_roi': (800, 190, 1000, 300)}",ok_cylinder_inside_confirmed
2026-09-20 17:14:58,2026-09-20,19507657,29626,65,89.34456634521484,,32.69183349609375,0.7876617908477783,837.9954833984375,204.42201232910156,1006.634033203125,319.87310791015625,168.6385498046875,115.45109558105469,19469.505332151428,922.3147583007812,262.1475524902344,1920,1080,851.1273193359375,225.423828125,940.4119262695312,228.69654846191406,89.28460693359375,3.2727203369140625,2.0992325227782596,left,False,"{'safe_roi': (450, 80, 1500, 420), 'cylinder_roi': (800, 190, 1000, 300)}",ok_cylinder_inside_confirmed
2026-09-20 17:15:03,2026-09-20,19507732,29626,65,87.10498046875,,29.181045532226562,0.7680773735046387,840.88427734375,200.80267333984375,1011.55859375,319.911865234375,170.67431640625,119.10919189453125,20328.879904299974,926.221435546875,260.3572692871094,1920,1080,856.6561889648438,217.31039428710938,942.1856689453125,233.8023681640625,85.52947998046875,16.491973876953125,10.913946569609694,left,False,"{'safe_roi': (450, 80, 1500, 420), 'cylinder_roi': (800, 190, 1000, 300)}",ok_cylinder_inside_confirmed
2026-09-20 17:15:09,2026-09-20,19507832,29626,65,93.79988861083984,,27.419509887695312,0.7962760925292969,838.9955444335938,200.804931640625,1017.3432006835938,319.9603271484375,178.34765625,119.1553955078125,21251.085518360138,928.1693725585938,260.38262939453125,1920,1080,855.2097778320312,226.8482666015625,948.8894653320312,231.59542846679688,93.6796875,4.747161865234375,2.90094778227697,left,False,"{'safe_roi': (450, 80, 1500, 420), 'cylinder_roi': (800, 190, 1000, 300)}",ok_cylinder_inside_confirmed
2026-09-20 17:17:52,2026-09-20,19510259,29626,66,93.50491333007812,,31.540267944335938,0.766345202922821,838.0107421875,205.01779174804688,1011.244873046875,319.4325866699219,173.234130859375,114.414794921875,19820.547555744648,924.6278076171875,262.2251892089844,1920,1080,851.2472534179688,224.06317138671875,944.50732421875,230.825439453125,93.26007080078125,6.76226806640625,4.147246767735243,left,False,"{'safe_roi': (450, 80, 1500, 420), 'cylinder_roi': (800, 190, 1000, 300)}",ok_cylinder_inside_confirmed
2026-09-20 17:17:58,2026-09-20,19510350,29626,66,91.86466979980469,,30.902877807617188,0.7624019384384155,840.2122192382812,204.57188415527344,1006.5839233398438,318.142578125,166.3717041015625,113.57069396972656,18894.949891740456,923.3980712890625,261.35723876953125,1920,1080,853.1737060546875,225.71502685546875,944.8619384765625,231.40585327148438,91.688232421875,5.690826416015625,3.5516291978490497,left,False,"{'safe_roi': (450, 80, 1500, 420), 'cylinder_roi': (800, 190, 1000, 300)}",ok_cylinder_inside_confirmed
2026-09-20 17:18:03,2026-09-20,19510422,29626,66,91.44908142089844,,30.522781372070312,0.7353078126907349,838.6846313476562,203.54998779296875,1006.9823608398438,318.23846435546875,168.2977294921875,114.6884765625,19301.81020438671,922.83349609375,260.89422607421875,1920,1080,852.2606811523438,223.77777099609375,943.4638671875,230.47955322265625,91.20318603515625,6.7017822265625,4.202648676798553,left,False,"{'safe_roi': (450, 80, 1500, 420), 'cylinder_roi': (800, 190, 1000, 300)}",ok_cylinder_inside_confirmed
2026-09-20 17:18:39,2026-09-20,19510955,29626,67,90.3865737915039,,34.98455810546875,0.7789852619171143,833.0347290039062,202.52841186523438,1008.7799682617188,317.0196228027344,175.7452392578125,114.4912109375,20121.285259127617,920.9073486328125,259.7740173339844,1920,1080,849.5427856445312,228.8209228515625,939.9234008789062,229.858642578125,90.380615234375,1.0377197265625,0.6578219012247092,left,False,"{'safe_roi': (450, 80, 1500, 420), 'cylinder_roi': (800, 190, 1000, 300)}",ok_cylinder_inside_confirmed
2026-09-20 17:18:50,2026-09-20,19511103,29626,67,88.21893310546875,,32.310211181640625,0.77574223279953,835.1251831054688,202.75125122070312,1010.7434692382812,318.6611022949219,175.6182861328125,115.90985107421875,20355.889391563833,922.934326171875,260.7061767578125,1920,1080,852.9598388671875,225.44744873046875,941.12158203125,228.62350463867188,88.1617431640625,3.176055908203125,2.0632071243364645,left,False,"{'safe_roi': (450, 80, 1500, 420), 'cylinder_roi': (800, 190, 1000, 300)}",ok_cylinder_inside_confirmed
2026-09-20 17:18:55,2026-09-20,19511178,29626,67,89.73643493652344,,33.526153564453125,0.765526294708252,838.3971557617188,203.15481567382812,1011.5803833007812,318.7705383300781,173.1832275390625,115.61572265625,20022.704003870487,924.98876953125,260.9626770019531,1920,1080,851.9210205078125,224.64132690429688,941.6129150390625,227.4682159423828,89.69189453125,2.8268890380859375,1.8052379444074274,left,False,"{'safe_roi': (450, 80, 1500, 420), 'cylinder_roi': (800, 190, 1000, 300)}",ok_cylinder_inside_confirmed
2026-09-20 17:19:00,2026-09-20,19511257,29626,67,86.98646545410156,,31.460723876953125,0.7627619504928589,838.5599975585938,203.04721069335938,1007.8724975585938,319.2221374511719,169.3125,116.1749267578125,19669.86728668213,923.2162475585938,261.1346740722656,1920,1080,853.968017578125,222.56520080566406,940.8209228515625,227.38377380371094,86.8529052734375,4.818572998046875,3.1754971854911993,left,False,"{'safe_roi': (450, 80, 1500, 420), 'cylinder_roi': (800, 190, 1000, 300)}",ok_cylinder_inside_confirmed
2026-09-20 17:19:05,2026-09-20,19511334,29626,67,92.36641693115234,,32.126434326171875,0.7849427461624146,838.782470703125,202.26365661621094,1007.785888671875,317.0809326171875,169.00341796875,114.81727600097656,19404.51208602637,923.2841796875,259.67230224609375,1920,1080,852.1036987304688,223.5983428955078,944.3953857421875,227.31301879882812,92.29168701171875,3.7146759033203125,2.304870985815107,left,False,"{'safe_roi': (450, 80, 1500, 420), 'cylinder_roi': (800, 190, 1000, 300)}",ok_cylinder_inside_confirmed
2026-09-20 17:19:10,2026-09-20,19511406,29626,67,91.51815032958984,,32.722076416015625,0.7848142385482788,839.178466796875,204.62904357910156,1009.0391845703125,319.7549133300781,169.8607177734375,115.12586975097656,19555.362870192155,924.1088256835938,262.1919860839844,1920,1080,852.952880859375,226.63784790039062,944.4409790039062,228.98292541503906,91.48809814453125,2.3450775146484375,1.468318083873546,left,False,"{'safe_roi': (450, 80, 1500, 420), 'cylinder_roi': (800, 190, 1000, 300)}",ok_cylinder_inside_confirmed
2026-09-20 17:19:15,2026-09-20,19511482,29626,67,93.09901428222656,,34.15861511230469,0.7863234877586365,840.385498046875,201.60479736328125,1008.6068115234375,320.54052734375,168.2213134765625,118.93572998046875,20007.524716608226,924.4961547851562,261.0726623535156,1920,1080,852.5538940429688,223.75283813476562,945.5538940429688,228.04551696777344,93.0,4.2926788330078125,2.6427734617025704,left,False,"{'safe_roi': (450, 80, 1500, 420), 'cylinder_roi': (800, 190, 1000, 300)}",ok_cylinder_inside_confirmed
2026-09-20 17:19:20,2026-09-20,19511560,29626,67,92.74064636230469,,31.557449340820312,0.7810293436050415,840.5139770507812,201.15704345703125,1011.3867797851562,319.80694580078125,170.872802734375,118.64990234375,20274.04135763645,925.9503784179688,260.48199462890625,1920,1080,853.4105834960938,225.8676300048828,946.04541015625,230.29666137695312,92.63482666015625,4.4290313720703125,2.7373258346236278,left,False,"{'safe_roi': (450, 80, 1500, 420), 'cylinder_roi': (800, 190, 1000, 300)}",ok_cylinder_inside_confirmed
2026-09-20 17:19:25,2026-09-20,19511636,29626,67,92.73597717285156,,32.3564453125,0.7829101085662842,839.5516967773438,201.4324951171875,1012.5203247070312,318.8939208984375,172.9686279296875,117.46142578125,20317.141652047634,926.0360107421875,260.1632080078125,1920,1080,852.6881103515625,224.78118896484375,945.3526611328125,228.42030334472656,92.66455078125,3.6391143798828125,2.248959291734583,left,False,"{'safe_roi': (450, 80, 1500, 420), 'cylinder_roi': (800, 190, 1000, 300)}",ok_cylinder_inside_confirmed
2026-09-20 17:19:30,2026-09-20,19511710,29626,67,92.17327880859375,,33.55677795410156,0.7513675093650818,841.77099609375,201.2379150390625,1013.5972900390625,317.38299560546875,171.8262939453125,116.14508056640625,19956.778753705323,927.6841430664062,259.3104553222656,1920,1080,853.0193481445312,222.30828857421875,945.0805053710938,226.85325622558594,92.0611572265625,4.5449676513671875,2.8263408537752124,left,False,"{'safe_roi': (450, 80, 1500, 420), 'cylinder_roi': (800, 190, 1000, 300)}",ok_cylinder_inside_confirmed
2026-09-20 17:19:35,2026-09-20,19511788,29626,67,90.74142456054688,,30.816543579101562,0.7659910321235657,841.41552734375,202.49278259277344,1013.6826171875,321.2615966796875,172.26708984375,118.76881408691406,20459.957966946065,927.549072265625,261.877197265625,1920,1080,856.3075561523438,218.42971801757812,946.6875,226.52117919921875,90.37994384765625,8.091461181640625,5.115890304635385,left,False,"{'safe_roi': (450, 80, 1500, 420), 'cylinder_roi': (800, 190, 1000, 300)}",ok_cylinder_inside_confirmed
2026-09-20 17:19:43,2026-09-20,19511902,29626,67,90.53057098388672,,30.683181762695312,0.7842726111412048,840.6105346679688,203.58010864257812,1017.3151245117188,322.9000549316406,176.70458984375,119.3199462890625,21084.38216918707,928.9628295898438,263.2400817871094,1920,1080,855.8367919921875,221.09317016601562,946.1199340820312,227.78182983398438,90.28314208984375,6.68865966796875,4.237038274532064,left,False,"{'safe_roi': (450, 80, 1500, 420), 'cylinder_roi': (800, 190, 1000, 300)}",ok_cylinder_inside_confirmed
2026-09-20 17:21:19,2026-09-20,19513328,29626,68,89.06814575195312,,32.20063781738281,0.7347210645675659,839.0795288085938,201.02467346191406,1010.0875854492188,315.0523681640625,171.008056640625,114.02769470214844,19499.654474224895,924.5835571289062,258.03851318359375,1920,1080,851.949951171875,224.34750366210938,940.94921875,227.84957885742188,88.999267578125,3.5020751953125,2.2533967607133527,left,False,"{'safe_roi': (450, 80, 1500, 420), 'cylinder_roi': (800, 190, 1000, 300)}",ok_cylinder_inside_confirmed
2026-09-20 17:21:27,2026-09-20,19513439,29626,68,93.35472869873047,,29.26422119140625,0.7575916051864624,841.67822265625,204.26023864746094,1019.157958984375,318.99346923828125,177.479736328125,114.73323059082031,20362.823513332754,930.4180908203125,261.6268615722656,1920,1080,852.0152587890625,225.3857421875,945.1929931640625,231.13160705566406,93.177734375,5.7458648681640625,3.5287127681210935,left,False,"{'safe_roi': (450, 80, 1500, 420), 'cylinder_roi': (800, 190, 1000, 300)}",ok_cylinder_inside_confirmed
2026-09-20 17:21:32,2026-09-20,19513512,29626,68,98.06643676757812,,29.705352783203125,0.7787004113197327,838.8382568359375,202.19110107421875,1022.828369140625,320.5614013671875,183.9901123046875,118.37030029296875,21778.964844442904,930.8333129882812,261.3762512207031,1920,1080,852.0003051757812,226.41294860839844,949.870361328125,232.61599731445312,97.87005615234375,6.2030487060546875,3.6265816835448734,left,False,"{'safe_roi': (450, 80, 1500, 420), 'cylinder_roi': (800, 190, 1000, 300)}",ok_cylinder_inside_confirmed
2026-09-20 17:21:39,2026-09-20,19513615,29626,68,90.8169174194336,,33.73614501953125,0.7509428858757019,840.9730224609375,202.9156036376953,1011.8773193359375,316.810546875,170.904296875,113.89494323730469,19465.135191589594,926.4251708984375,259.8630676269531,1920,1080,852.937744140625,221.59539794921875,943.0267333984375,233.07086181640625,90.0889892578125,11.4754638671875,7.2591980333102955,left,False,"{'safe_roi': (450, 80, 1500, 420), 'cylinder_roi': (800, 190, 1000, 300)}",ok_cylinder_inside_confirmed
2026-09-20 17:21:44,2026-09-20,19513689,29626,68,91.23621368408203,,33.3638916015625,0.7631577849388123,841.7913208007812,203.15528869628906,1010.4877319335938,313.57745361328125,168.6964111328125,110.42216491699219,18627.82293101214,926.1395263671875,258.3663635253906,1920,1080,853.0877075195312,225.8316650390625,944.1953735351562,230.673095703125,91.107666015625,4.8414306640625,3.0418173791133896,left,False,"{'safe_roi': (450, 80, 1500, 420), 'cylinder_roi': (800, 190, 1000, 300)}",ok_cylinder_inside_confirmed
2026-09-20 17:21:49,2026-09-20,19513765,29626,68,90.94363403320312,,31.51025390625,0.7438130974769592,841.5680541992188,203.64608764648438,1015.7942504882812,320.4922790527344,174.2261962890625,116.84619140625,20357.66747957468,928.68115234375,262.0691833496094,1920,1080,853.581298828125,222.581787109375,944.115234375,231.2044677734375,90.533935546875,8.6226806640625,5.4405835839944325,left,False,"{'safe_roi': (450, 80, 1500, 420), 'cylinder_roi': (800, 190, 1000, 300)}",ok_cylinder_inside_confirmed
2026-09-20 17:21:54,2026-09-20,19513838,29626,68,90.69377899169922,,32.56105041503906,0.7616127729415894,843.556884765625,201.6663055419922,1018.352294921875,321.0072937011719,174.79541015625,119.34098815917969,20860.256973735988,930.95458984375,261.3367919921875,1920,1080,853.489990234375,224.77476501464844,944.1430053710938,227.49368286132812,90.65301513671875,2.7189178466796875,1.7179332731185866,left,False,"{'safe_roi': (450, 80, 1500, 420), 'cylinder_roi': (800, 190, 1000, 300)}",ok_cylinder_inside_confirmed
2026-09-20 17:21:59,2026-09-20,19513915,29626,68,93.4024887084961,,32.78215026855469,0.7608460783958435,840.995361328125,204.173583984375,1014.721435546875,321.312255859375,173.72607421875,117.138671875,20350.041604042053,927.8583984375,262.742919921875,1920,1080,853.8898315429688,220.21612548828125,946.5640869140625,231.85690307617188,92.67425537109375,11.640777587890625,7.159404802390584,left,False,"{'safe_roi': (450, 80, 1500, 420), 'cylinder_roi': (800, 190, 1000, 300)}",ok_cylinder_inside_confirmed
2026-09-20 17:22:04,2026-09-20,19513990,29626,68,91.88050079345703,,33.30473327636719,0.7613894939422607,842.9119262695312,201.8714599609375,1014.9740600585938,320.52349853515625,172.0621337890625,118.65203857421875,20415.52293550223,928.9429931640625,261.1974792480469,1920,1080,855.54150390625,216.3720703125,946.0389404296875,232.25416564941406,90.4974365234375,15.882095336914062,9.953913990879997,left,False,"{'safe_roi': (450, 80, 1500, 420), 'cylinder_roi': (800, 190, 1000, 300)}",ok_cylinder_inside_confirmed
2026-09-20 17:22:09,2026-09-20,19514064,29626,68,90.29553985595703,,32.4669189453125,0.6946542859077454,841.423828125,202.0289764404297,1012.173583984375,320.48785400390625,170.749755859375,118.45887756347656,20226.824423339218,926.7987060546875,261.2584228515625,1920,1080,854.7205810546875,217.0940399169922,943.6009521484375,233.01773071289062,88.88037109375,15.923690795898438,10.157276114830218,left,False,"{'safe_roi': (450, 80, 1500, 420), 'cylinder_roi': (800, 190, 1000, 300)}",ok_cylinder_inside_confirmed
2026-09-20 17:22:14,2026-09-20,19514143,29626,68,94.80828094482422,,31.50537109375,0.7842348217964172,842.6670532226562,203.33795166015625,1016.0427856445312,321.607666015625,173.375732421875,118.26971435546875,20505.09834970534,929.3549194335938,262.4728088378906,1920,1080,853.9735107421875,220.46295166015625,948.03515625,232.33798217773438,94.0616455078125,11.875030517578125,7.19537211941774,left,False,"{'safe_roi': (450, 80, 1500, 420), 'cylinder_roi': (800, 190, 1000, 300)}",ok_cylinder_inside_confirmed
2026-09-20 17:22:24,2026-09-20,19514284,29626,68,93.00557708740234,,33.68214416503906,0.7789435386657715,842.4934692382812,203.85281372070312,1014.5925903320312,321.4601135253906,172.09912109375,117.6072998046875,20240.112930595875,928.5430297851562,262.6564636230469,1920,1080,856.08544921875,225.91650390625,948.883544921875,232.12547302246094,92.798095703125,6.2089691162109375,3.827861789974249,left,False,"{'safe_roi': (450, 80, 1500, 420), 'cylinder_roi': (800, 190, 1000, 300)}",ok_cylinder_inside_confirmed
2026-09-20 17:22:29,2026-09-20,19514356,29626,68,94.82752227783203,,32.19830322265625,0.785148024559021,841.036865234375,206.43667602539062,1015.189208984375,324.6158752441406,174.15234375,118.17919921875,20581.18452644348,928.113037109375,265.5262756347656,1920,1080,856.295166015625,223.4066925048828,950.6495971679688,232.86715698242188,94.35443115234375,9.460464477539062,5.725636277480541,left,False,"{'safe_roi': (450, 80, 1500, 420), 'cylinder_roi': (800, 190, 1000, 300)}",ok_cylinder_inside_confirmed
2026-09-20 17:22:34,2026-09-20,19514427,29626,68,94.73626708984375,,29.922332763671875,0.7643566727638245,842.7672119140625,207.11334228515625,1016.102783203125,324.84014892578125,173.3355712890625,117.726806640625,20406.24328508973,929.4349975585938,265.97674560546875,1920,1080,856.6797485351562,222.4873046875,950.4917602539062,235.68833923339844,93.81201171875,13.201034545898438,8.00995150091571,left,False,"{'safe_roi': (450, 80, 1500, 420), 'cylinder_roi': (800, 190, 1000, 300)}",ok_cylinder_inside_confirmed
2026-09-20 17:22:39,2026-09-20,19514500,29626,68,94.35023498535156,,30.956802368164062,0.7626228332519531,843.2709350585938,207.84796142578125,1014.6348266601562,321.26165771484375,171.3638916015625,113.4136962890625,19435.012357011437,928.952880859375,264.5548095703125,1920,1080,856.361572265625,221.20645141601562,949.4942626953125,236.31503295898438,93.1326904296875,15.10858154296875,9.214613026408347,left,False,"{'safe_roi': (450, 80, 1500, 420), 'cylinder_roi': (800, 190, 1000, 300)}",ok_cylinder_inside_confirmed
2026-09-20 17:22:46,2026-09-20,19514596,29626,68,96.8468017578125,,31.13153076171875,0.7946719527244568,841.64208984375,206.0943145751953,1017.791015625,325.1488952636719,176.14892578125,119.05458068847656,20971.336497612298,929.716552734375,265.6216125488281,1920,1080,856.4091186523438,223.19879150390625,952.69677734375,233.59060668945312,96.28765869140625,10.391815185546875,6.159786901156449,left,False,"{'safe_roi': (450, 80, 1500, 420), 'cylinder_roi': (800, 190, 1000, 300)}",ok_cylinder_inside_confirmed
2026-09-20 17:22:51,2026-09-20,19514670,29626,68,97.50118255615234,,28.011367797851562,0.787416934967041,841.400634765625,208.35989379882812,1021.3585205078125,326.9295959472656,179.9578857421875,118.5697021484375,21337.55291171372,931.3795776367188,267.6447448730469,1920,1080,855.894775390625,216.33367919921875,951.7858276367188,233.97982788085938,95.89105224609375,17.646148681640625,10.427077143612195,left,False,"{'safe_roi': (450, 80, 1500, 420), 'cylinder_roi': (800, 190, 1000, 300)}",ok_cylinder_inside_confirmed
2026-09-20 17:23:40,2026-09-20,19515407,29626,69,92.31004333496094,,28.29510498046875,0.7530220746994019,849.120849609375,213.29209899902344,1022.507568359375,332.47393798828125,173.38671875,119.18183898925781,20664.54799693823,935.814208984375,272.8830261230469,1920,1080,867.048583984375,233.47470092773438,958.6024169921875,245.2662353515625,91.5538330078125,11.791534423828125,7.338920587285937,left,False,"{'safe_roi': (450, 80, 1500, 420), 'cylinder_roi': (800, 190, 1000, 300)}",ok_cylinder_inside_confirmed
2026-09-20 17:23:47,2026-09-20,19515503,29626,69,85.3018798828125,,29.766067504882812,0.5583709478378296,840.9733276367188,204.4256591796875,1009.0195922851562,321.49749755859375,168.0462646484375,117.07183837890625,19673.485135100782,924.9964599609375,262.9615783691406,1920,1080,860.0631103515625,215.3172607421875,942.9691162109375,235.39224243164062,82.906005859375,20.074981689453125,13.611691226885524,left,False,"{'safe_roi': (450, 80, 1500, 420), 'cylinder_roi': (800, 190, 1000, 300)}",ok_cylinder_inside_confirmed
2026-09-20 17:25:37,2026-09-20,19517160,29626,70,110.52626037597656,,28.687469482421875,0.6343710422515869,801.40234375,192.5930633544922,998.5252685546875,303.34375,197.1229248046875,110.75068664550781,21831.499275689945,899.9638061523438,247.96841430664062,1920,1080,813.0244140625,208.76744079589844,922.3980712890625,224.68775939941406,109.3736572265625,15.920318603515625,8.281752742482064,left,False,"{'safe_roi': (450, 80, 1500, 420), 'cylinder_roi': (800, 190, 1000, 300)}",ok_cylinder_inside_confirmed
2026-09-20 17:25:44,2026-09-20,19517267,29626,70,108.50920867919922,,29.388381958007812,0.6972814202308655,808.56591796875,196.3807373046875,997.3309326171875,308.65283203125,188.7650146484375,112.2720947265625,21193.043605670333,902.9484252929688,252.51678466796875,1920,1080,815.6908569335938,210.31781005859375,922.5062255859375,229.41558837890625,106.81536865234375,19.0977783203125,10.136941814600474,left,False,"{'safe_roi': (450, 80, 1500, 420), 'cylinder_roi': (800, 190, 1000, 300)}",ok_cylinder_inside_confirmed
2026-09-20 17:25:49,2026-09-20,19517341,29626,70,110.17498016357422,,30.067001342773438,0.7331624031066895,805.9464111328125,193.90771484375,992.8858642578125,309.7181396484375,186.939453125,115.8104248046875,21649.537479162216,899.4161376953125,251.81292724609375,1920,1080,816.25537109375,210.21392822265625,924.826171875,228.94644165039062,108.57080078125,18.732513427734375,9.78927933738152,left,False,"{'safe_roi': (450, 80, 1500, 420), 'cylinder_roi': (800, 190, 1000, 300)}",ok_cylinder_inside_confirmed
2026-09-20 17:25:54,2026-09-20,19517416,29626,70,103.10648345947266,,31.43853759765625,0.7157700061798096,809.5743408203125,199.9150848388672,991.0655517578125,307.0230712890625,181.4912109375,107.10798645019531,19439.15816192329,900.3199462890625,253.46908569335938,1920,1080,815.5963134765625,212.93701171875,917.0572509765625,231.2843780517578,101.4609375,18.347366333007812,10.250131266572007,left,False,"{'safe_roi': (450, 80, 1500, 420), 'cylinder_roi': (800, 190, 1000, 300)}",ok_cylinder_inside_confirmed
2026-09-20 17:26:45,2026-09-20,19518168,29626,71,100.05537414550781,,31.123626708984375,0.6003906726837158,811.5173950195312,203.43548583984375,989.2803344726562,303.1940612792969,177.762939453125,99.75857543945312,17733.37760577351,900.3988647460938,253.3147735595703,1920,1080,819.8768310546875,210.6475372314453,916.5330200195312,236.50596618652344,96.65618896484375,25.858428955078125,14.977587886063398,left,False,"{'safe_roi': (450, 80, 1500, 420), 'cylinder_roi': (800, 190, 1000, 300)}",ok_cylinder_inside_confirmed
2026-09-20 17:26:50,2026-09-20,19518244,29626,71,97.8682632446289,,30.25616455078125,0.6451512575149536,812.0152587890625,203.3695831298828,988.224365234375,300.5848388671875,176.2091064453125,97.21525573730469,17130.213346323,900.1198120117188,251.97720336914062,1920,1080,820.7391967773438,214.56903076171875,916.4031982421875,235.22323608398438,95.66400146484375,20.654205322265625,12.183357718089688,left,False,"{'safe_roi': (450, 80, 1500, 420), 'cylinder_roi': (800, 190, 1000, 300)}",ok_cylinder_inside_confirmed
2026-09-20 17:26:55,2026-09-20,19518316,29626,71,99.77789306640625,,30.242843627929688,0.6092583537101746,814.4229736328125,203.7880859375,987.998046875,303.0492858886719,173.5750732421875,99.26119995117188,17229.270051632077,901.2105102539062,253.41868591308594,1920,1080,820.9047241210938,214.4792938232422,917.9720458984375,237.57826232910156,97.06732177734375,23.098968505859375,13.385627547646617,left,False,"{'safe_roi': (450, 80, 1500, 420), 'cylinder_roi': (800, 190, 1000, 300)}",ok_cylinder_inside_confirmed
2026-09-20 17:27:00,2026-09-20,19518389,29626,71,99.99579620361328,,36.14453125,0.6884023547172546,817.0498046875,201.4906463623047,991.7977294921875,304.3414001464844,174.7479248046875,102.85075378417969,17972.95578838326,904.4237670898438,252.916015625,1920,1080,825.3341064453125,215.0598907470703,923.5634765625,233.77218627929688,98.2293701171875,18.712295532226562,10.785389437169739,left,False,"{'safe_roi': (450, 80, 1500, 420), 'cylinder_roi': (800, 190, 1000, 300)}",ok_cylinder_inside_confirmed
2026-09-20 17:27:05,2026-09-20,19518466,29626,71,106.5458984375,,34.18812561035156,0.6455660462379456,815.8248291015625,202.1775360107422,993.5283203125,304.7926940917969,177.7034912109375,102.61515808105469,18235.071842165664,904.6765747070312,253.485107421875,1920,1080,820.5491943359375,214.58303833007812,925.2872314453125,234.12713623046875,104.738037109375,19.544097900390625,10.569821790298292,left,False,"{'safe_roi': (450, 80, 1500, 420), 'cylinder_roi': (800, 190, 1000, 300)}",ok_cylinder_inside_confirmed
2026-09-20 17:27:10,2026-09-20,19518539,29626,71,87.99578857421875,,37.176727294921875,0.41196519136428833,814.4814453125,203.38389587402344,986.8873291015625,301.4857482910156,172.4058837890625,98.10185241699219,16913.336567295715,900.6843872070312,252.434814453125,1920,1080,839.1159057617188,221.1137237548828,926.3197021484375,232.89324951171875,87.20379638671875,11.779525756835938,7.692973178946656,left,False,"{'safe_roi': (450, 80, 1500, 420), 'cylinder_roi': (800, 190, 1000, 300)}",ok_cylinder_inside_confirmed
2026-09-20 17:27:15,2026-09-20,19518612,29626,71,91.3840103149414,,37.00617980957031,0.5865161418914795,816.3229370117188,203.20684814453125,990.4911499023438,302.91217041015625,174.168212890625,99.705322265625,17365.497794687748,903.4070434570312,253.05950927734375,1920,1080,834.8883056640625,217.01412963867188,924.96826171875,232.39720153808594,90.0799560546875,15.383071899414062,9.690991220016674,left,False,"{'safe_roi': (450, 80, 1500, 420), 'cylinder_roi': (800, 190, 1000, 300)}",ok_cylinder_inside_confirmed
2026-09-20 17:27:20,2026-09-20,19518686,29626,71,88.16206359863281,,36.93714904785156,0.5710033178329468,816.7611083984375,202.76332092285156,991.3021240234375,303.742919921875,174.541015625,100.97959899902344,17625.081766694784,904.0316162109375,253.25311279296875,1920,1080,841.2363891601562,223.37713623046875,928.6962890625,234.48187255859375,87.45989990234375,11.104736328125,7.23609504631243,left,False,"{'safe_roi': (450, 80, 1500, 420), 'cylinder_roi': (800, 190, 1000, 300)}",ok_cylinder_inside_confirmed
2026-09-20 17:34:12,2026-09-20,19524770,29650,72,113.16494750976562,,35.697052001953125,0.6172391176223755,793.1987915039062,197.76077270507812,1004.6004028320312,303.3765869140625,211.401611328125,105.61581420898438,22327.353305511177,898.8995971679688,250.5686798095703,1920,1080,810.6904296875,216.43482971191406,922.61669921875,233.13259887695312,111.92626953125,16.697769165039062,8.485115999760154,left,False,"{'safe_roi': (450, 80, 1500, 420), 'cylinder_roi': (800, 190, 1000, 300)}",ok_cylinder_inside_confirmed
2026-09-20 17:34:17,2026-09-20,19524846,29650,72,110.77798461914062,,36.732696533203125,0.7771438360214233,807.3707275390625,198.0515899658203,1002.0166015625,302.6526794433594,194.6458740234375,104.60108947753906,20360.170485159382,904.6936645507812,250.35214233398438,1920,1080,815.950927734375,215.64901733398438,925.4420166015625,232.4853973388672,109.4910888671875,16.836380004882812,8.741866714846026,left,False,"{'safe_roi': (450, 80, 1500, 420), 'cylinder_roi': (800, 190, 1000, 300)}",ok_cylinder_inside_confirmed
2026-09-20 17:34:22,2026-09-20,19524921,29650,72,109.84132385253906,,36.72410583496094,0.7723745107650757,806.986572265625,199.93865966796875,999.6705322265625,304.2713623046875,192.6839599609375,104.33270263671875,20103.238297469914,903.3285522460938,252.10501098632812,1920,1080,817.5411376953125,218.1195526123047,926.4794921875,232.1748504638672,108.9383544921875,14.0552978515625,7.351725439802796,left,False,"{'safe_roi': (450, 80, 1500, 420), 'cylinder_roi': (800, 190, 1000, 300)}",ok_cylinder_inside_confirmed
2026-09-20 17:34:27,2026-09-20,19524997,29650,72,111.8070068359375,,37.63740539550781,0.7301774024963379,809.1546630859375,200.40469360351562,1000.490478515625,305.61322021484375,191.3358154296875,105.20852661132812,20130.159229334444,904.8225708007812,253.0089569091797,1920,1080,817.5543212890625,217.46359252929688,928.451904296875,231.69497680664062,110.8975830078125,14.23138427734375,7.312746228888369,left,False,"{'safe_roi': (450, 80, 1500, 420), 'cylinder_roi': (800, 190, 1000, 300)}",ok_cylinder_inside_confirmed
2026-09-20 17:34:32,2026-09-20,19525071,29650,72,109.45497131347656,,38.170806884765625,0.7448968291282654,810.1683349609375,200.5532989501953,999.3638916015625,306.03369140625,189.195556640625,105.48039245605469,19956.42156539485,904.76611328125,253.29348754882812,1920,1080,818.2269897460938,217.10076904296875,926.757080078125,231.29969787597656,108.53009033203125,14.198928833007812,7.453639682261603,left,False,"{'safe_roi': (450, 80, 1500, 420), 'cylinder_roi': (800, 190, 1000, 300)}",ok_cylinder_inside_confirmed
2026-09-20 17:34:40,2026-09-20,19525189,29650,72,99.64476013183594,,39.461517333984375,0.7270146012306213,810.8533325195312,198.40382385253906,1004.1963500976562,305.07666015625,193.343017578125,106.67283630371094,20624.448064576834,907.5248413085938,251.740234375,1920,1080,828.3353881835938,219.16061401367188,927.6361083984375,227.4337921142578,99.30072021484375,8.273178100585938,4.762563325328923,left,False,"{'safe_roi': (450, 80, 1500, 420), 'cylinder_roi': (800, 190, 1000, 300)}",ok_cylinder_inside_confirmed
2026-09-20 17:34:51,2026-09-20,19525357,29650,72,98.53089904785156,,38.192901611328125,0.6971093416213989,812.73779296875,200.65362548828125,998.5272216796875,308.858154296875,185.7894287109375,108.20452880859375,20103.25759128481,905.6325073242188,254.75588989257812,1920,1080,827.8214111328125,219.77243041992188,925.9560546875,228.60023498535156,98.1346435546875,8.827804565429688,5.140266436573506,left,False,"{'safe_roi': (450, 80, 1500, 420), 'cylinder_roi': (800, 190, 1000, 300)}",ok_cylinder_inside_confirmed
2026-09-20 17:34:56,2026-09-20,19525432,29650,72,107.56336975097656,,37.00709533691406,0.7185935974121094,810.62744140625,199.1390838623047,997.853515625,306.1395263671875,187.22607421875,107.00044250488281,20033.27278985828,904.240478515625,252.63931274414062,1920,1080,818.8170166015625,217.78689575195312,925.7696533203125,229.23294067382812,106.95263671875,11.446044921875,6.108530261604223,left,False,"{'safe_roi': (450, 80, 1500, 420), 'cylinder_roi': (800, 190, 1000, 300)}",ok_cylinder_inside_confirmed
2026-09-20 17:35:01,2026-09-20,19525503,29650,72,107.72393798828125,,38.404571533203125,0.7583318948745728,816.8202514648438,200.42340087890625,1001.0199584960938,306.2265625,184.19970703125,105.80316162109375,19488.911373585463,908.9201049804688,253.32498168945312,1920,1080,822.5386962890625,214.71151733398438,929.25,229.44732666015625,106.7113037109375,14.735809326171875,7.8622750359429885,left,False,"{'safe_roi': (450, 80, 1500, 420), 'cylinder_roi': (800, 190, 1000, 300)}",ok_cylinder_inside_confirmed
2026-09-20 17:35:06,2026-09-20,19525578,29650,72,107.25486755371094,,35.56739807128906,0.7536514401435852,812.3844604492188,199.46429443359375,1009.9359741210938,308.31134033203125,197.551513671875,108.8470458984375,21502.89867594838,911.1602172851562,253.8878173828125,1920,1080,823.998779296875,215.38641357421875,930.4539794921875,228.45916748046875,106.4552001953125,13.07275390625,7.0009007882802345,left,False,"{'safe_roi': (450, 80, 1500, 420), 'cylinder_roi': (800, 190, 1000, 300)}",ok_cylinder_inside_confirmed
2026-09-20 18:25:07,2026-09-20,19571967,29674,73,109.19090270996094,,37.589935302734375,0.8064247965812683,811.4700927734375,198.14071655273438,994.8116455078125,301.9184265136719,183.341552734375,103.7777099609375,19026.766483455896,903.140869140625,250.02957153320312,1920,1080,814.2940063476562,216.39779663085938,923.2698974609375,223.246826171875,108.97589111328125,6.849029541015625,3.5962543314732547,left,False,"{'safe_roi': (450, 80, 1500, 420), 'cylinder_roi': (800, 190, 1000, 300)}",ok_cylinder_inside_confirmed
2026-09-20 18:25:12,2026-09-20,19572046,29674,73,112.26879119873047,,40.95610046386719,0.7778860330581665,811.1953735351562,194.29205322265625,1001.4873657226562,306.5127868652344,190.2919921875,112.22073364257812,21354.706969588995,906.3413696289062,250.4024200439453,1920,1080,815.3552856445312,221.43508911132812,927.5303955078125,226.02053833007812,112.17510986328125,4.58544921875,2.340810695923492,left,False,"{'safe_roi': (450, 80, 1500, 420), 'cylinder_roi': (800, 190, 1000, 300)}",ok_cylinder_inside_confirmed
2026-09-20 18:25:17,2026-09-20,19572125,29674,73,112.8669204711914,,40.380767822265625,0.7790393829345703,812.2446899414062,192.63137817382812,1004.3790893554688,305.5932922363281,192.1343994140625,112.9619140625,21703.86951506138,908.3118896484375,249.11233520507812,1920,1080,815.9327392578125,224.42068481445312,928.783203125,226.3478546142578,112.8504638671875,1.9271697998046875,0.9783563150772329,left,False,"{'safe_roi': (450, 80, 1500, 420), 'cylinder_roi': (800, 190, 1000, 300)}",ok_cylinder_inside_confirmed
2026-09-20 18:25:23,2026-09-20,19572205,29674,73,111.726318359375,,37.75559997558594,0.7820121049880981,811.2555541992188,192.3320770263672,1002.1068725585938,308.85321044921875,190.851318359375,116.52113342285156,22238.211930479854,906.6812133789062,250.5926513671875,1920,1080,816.6279907226562,218.49826049804688,928.2317504882812,223.73007202148438,111.603759765625,5.2318115234375,2.6839725253034015,left,False,"{'safe_roi': (450, 80, 1500, 420), 'cylinder_roi': (800, 190, 1000, 300)}",ok_cylinder_inside_confirmed
2026-09-20 19:11:31,2026-09-20,19615101,29677,74,110.79788208007812,,40.55999755859375,0.792151927947998,814.2139892578125,189.02915954589844,1012.4923095703125,307.36053466796875,198.2783203125,118.33137512207031,23462.54629947245,913.3531494140625,248.19485473632812,1920,1080,823.07421875,220.3079833984375,933.8656005859375,221.5078125,110.7913818359375,1.1998291015625,0.6204675418963489,left,False,"{'safe_roi': (450, 80, 1500, 420), 'cylinder_roi': (800, 190, 1000, 300)}",ok_cylinder_inside_confirmed
2026-09-20 19:11:36,2026-09-20,19615179,29677,74,111.97051239013672,,40.9132080078125,0.7861515879631042,812.8465576171875,190.8882598876953,1011.5816650390625,309.31048583984375,198.735107421875,118.42222595214844,23534.653795737773,912.214111328125,250.099365234375,1920,1080,821.102783203125,221.4569091796875,933.0703125,222.27462768554688,111.967529296875,0.817718505859375,0.4184336884781023,left,False,"{'safe_roi': (450, 80, 1500, 420), 'cylinder_roi': (800, 190, 1000, 300)}",ok_cylinder_inside_confirmed
2026-09-20 19:11:42,2026-09-20,19615260,29677,74,113.98335266113281,,41.32685852050781,0.8012970089912415,813.1070556640625,191.62142944335938,1010.8135986328125,309.156494140625,197.70654296875,117.53506469726562,23237.451318904757,911.9603271484375,250.3889617919922,1920,1080,820.1594848632812,220.68890380859375,934.1251220703125,218.67947387695312,113.96563720703125,2.009429931640625,1.0101283903286704,left,False,"{'safe_roi': (450, 80, 1500, 420), 'cylinder_roi': (800, 190, 1000, 300)}",ok_cylinder_inside_confirmed
2026-09-20 19:11:47,2026-09-20,19615340,29677,74,110.96117401123047,,41.7640380859375,0.7878839373588562,814.2018432617188,192.87139892578125,1011.0730590820312,311.87030029296875,196.8712158203125,118.9989013671875,23427.45839343965,912.637451171875,252.370849609375,1920,1080,819.2412719726562,224.38865661621094,930.1865234375,222.50904846191406,110.94525146484375,1.879608154296875,0.9705986619990132,left,False,"{'safe_roi': (450, 80, 1500, 420), 'cylinder_roi': (800, 190, 1000, 300)}",ok_cylinder_inside_confirmed
2026-09-20 19:11:52,2026-09-20,19615417,29677,74,110.90167236328125,,42.46270751953125,0.801013708114624,813.687255859375,191.18751525878906,1007.412353515625,308.59307861328125,193.72509765625,117.40556335449219,22744.404226236045,910.5498046875,249.89028930664062,1920,1080,820.1951904296875,223.3941650390625,931.030029296875,219.54461669921875,110.8348388671875,3.84954833984375,1.9892142993037787,left,False,"{'safe_roi': (450, 80, 1500, 420), 'cylinder_roi': (800, 190, 1000, 300)}",ok_cylinder_inside_confirmed
2026-09-20 19:11:58,2026-09-20,19615510,29677,74,110.11681365966797,,42.935211181640625,0.7926443815231323,812.70703125,188.51470947265625,1006.7889404296875,306.0660095214844,194.0819091796875,117.55130004882812,22814.580740030855,909.7479858398438,247.2903594970703,1920,1080,820.6891479492188,224.13650512695312,930.7733764648438,221.45773315429688,110.084228515625,2.67877197265625,1.3939512227487723,left,False,"{'safe_roi': (450, 80, 1500, 420), 'cylinder_roi': (800, 190, 1000, 300)}",ok_cylinder_inside_confirmed
2026-09-20 19:12:03,2026-09-20,19615584,29677,74,110.01335906982422,,43.017730712890625,0.7966676950454712,812.3059692382812,189.52256774902344,1006.5275268554688,306.1827392578125,194.2215576171875,116.66017150878906,22657.92022232525,909.416748046875,247.8526611328125,1920,1080,821.5607299804688,222.57208251953125,931.5537719726562,220.45806884765625,109.9930419921875,2.114013671875,1.101061924790924,left,False,"{'safe_roi': (450, 80, 1500, 420), 'cylinder_roi': (800, 190, 1000, 300)}",ok_cylinder_inside_confirmed
2026-09-20 19:12:08,2026-09-20,19615662,29677,74,109.8877182006836,,42.65397644042969,0.7902242541313171,811.8050537109375,191.89955139160156,1009.0379638671875,307.24285888671875,197.23291015625,115.34330749511719,22749.496204309165,910.4215087890625,249.57119750976562,1920,1080,821.076416015625,222.45596313476562,930.964111328125,222.38006591796875,109.8876953125,0.075897216796875,0.03957303404536888,left,False,"{'safe_roi': (450, 80, 1500, 420), 'cylinder_roi': (800, 190, 1000, 300)}",ok_cylinder_inside_confirmed
2026-09-20 19:47:35,2026-09-20,19648384,29677,75,114.9541244506836,,26.968292236328125,0.8109123110771179,747.7774047851562,222.4744873046875,950.0776977539062,340.82489013671875,202.30029296875,118.35040283203125,23942.3211658895,848.9275512695312,281.6496887207031,1920,1080,946.2799682617188,250.77899169921875,832.0715942382812,263.851806640625,114.2083740234375,13.07281494140625,6.529918350567983,right,False,"{'safe_roi': (450, 80, 1500, 420), 'cylinder_roi': (800, 190, 1000, 300)}",ok_cylinder_inside_confirmed
2026-09-20 20:03:07,2026-09-20,19662676,29677,76,111.86951446533203,,36.95890808105469,0.766791045665741,812.5987548828125,223.3302764892578,999.4100341796875,337.3591613769531,186.811279296875,114.02888488769531,21301.881862666458,906.00439453125,280.3447265625,1920,1080,817.50634765625,252.02865600585938,929.2230224609375,257.8744201660156,111.7166748046875,5.84576416015625,2.9953668114519107,left,False,"{'safe_roi': (450, 80, 1500, 420), 'cylinder_roi': (800, 190, 1000, 300)}",ok_cylinder_inside_confirmed
2026-09-20 20:03:12,2026-09-20,19662753,29677,76,113.16497039794922,,37.994049072265625,0.775337278842926,813.2537231445312,221.6365966796875,1006.1878051757812,335.63934326171875,192.93408203125,114.00274658203125,21995.015260845423,909.7207641601562,278.6379699707031,1920,1080,816.84033203125,253.10684204101562,929.9337158203125,257.1313781738281,113.0933837890625,4.0245361328125,2.0380650472841646,left,False,"{'safe_roi': (450, 80, 1500, 420), 'cylinder_roi': (800, 190, 1000, 300)}",ok_cylinder_inside_confirmed
2026-09-20 20:03:17,2026-09-20,19662831,29677,76,112.65176391601562,,36.20344543457031,0.7762247920036316,813.2512817382812,220.66281127929688,1007.5645141601562,334.5984191894531,194.313232421875,113.93560791015625,22139.19626097381,910.4078979492188,277.630615234375,1920,1080,816.5751953125,252.65435791015625,929.1491088867188,256.84173583984375,112.57391357421875,4.1873779296875,2.130231743020763,left,False,"{'safe_roi': (450, 80, 1500, 420), 'cylinder_roi': (800, 190, 1000, 300)}",ok_cylinder_inside_confirmed
2026-09-20 20:06:47,2026-09-20,19666063,29685,77,120.96505737304688,,40.52955627441406,0.7783747315406799,824.05859375,223.67359924316406,1020.1461181640625,335.86273193359375,196.0875244140625,112.18913269042969,21998.88929542713,922.1023559570312,279.7681579589844,1920,1080,826.7384033203125,268.12982177734375,947.6405639648438,264.22955322265625,120.90216064453125,3.9002685546875,1.847704406516891,left,False,"{'safe_roi': (450, 80, 1500, 420), 'cylinder_roi': (800, 190, 1000, 300)}",ok_cylinder_inside_confirmed
2026-09-20 20:06:52,2026-09-20,19666139,29685,77,117.97797393798828,,39.27691650390625,0.7735869288444519,823.6488647460938,223.80300903320312,1012.5593872070312,338.1194763183594,188.9105224609375,114.31646728515625,21595.583560727537,918.1041259765625,280.96124267578125,1920,1080,827.7139892578125,267.77813720703125,945.54833984375,261.95849609375,117.8343505859375,5.81964111328125,2.8274451219979833,left,False,"{'safe_roi': (450, 80, 1500, 420), 'cylinder_roi': (800, 190, 1000, 300)}",ok_cylinder_inside_confirmed
2026-09-20 20:06:57,2026-09-20,19666212,29685,77,116.3409652709961,,37.60777282714844,0.770819902420044,824.0682373046875,225.19229125976562,1012.9207763671875,337.6819763183594,188.8525390625,112.48968505859375,21243.9626416564,918.4945068359375,281.4371337890625,1920,1080,830.889404296875,267.8039245605469,947.1472778320312,263.4077453613281,116.25787353515625,4.39617919921875,2.1655527805320793,left,False,"{'safe_roi': (450, 80, 1500, 420), 'cylinder_roi': (800, 190, 1000, 300)}",ok_cylinder_inside_confirmed
2026-09-20 20:07:03,2026-09-20,19666287,29685,77,107.11560821533203,,34.82371520996094,0.7736842632293701,826.4560546875,225.3057861328125,1012.304931640625,335.89263916015625,185.848876953125,110.58685302734375,20552.442440912127,919.3804931640625,280.5992126464844,1920,1080,837.1265258789062,265.3560791015625,944.2171630859375,263.04315185546875,107.09063720703125,2.31292724609375,1.2372731472063596,left,False,"{'safe_roi': (450, 80, 1500, 420), 'cylinder_roi': (800, 190, 1000, 300)}",ok_cylinder_inside_confirmed
2026-09-20 20:07:08,2026-09-20,19666362,29685,77,116.2024154663086,,36.81463623046875,0.7677750587463379,826.9296875,223.5930938720703,1010.2451171875,334.8724060058594,183.3154296875,111.27931213378906,20399.214919134974,918.58740234375,279.2327575683594,1920,1080,826.1776123046875,265.5689697265625,942.2438354492188,259.9446105957031,116.06622314453125,5.624359130859375,2.7742796286443197,left,False,"{'safe_roi': (450, 80, 1500, 420), 'cylinder_roi': (800, 190, 1000, 300)}",ok_cylinder_inside_confirmed
2026-09-20 20:07:13,2026-09-20,19666438,29685,77,117.7024917602539,,34.70243835449219,0.7745774984359741,827.3714599609375,220.55776977539062,1011.6163330078125,336.1436462402344,184.244873046875,115.58587646484375,21296.105135276914,919.493896484375,278.3507080078125,1920,1080,825.6879272460938,259.505859375,943.376708984375,261.3021240234375,117.68878173828125,1.7962646484375,0.8744282257402607,left,False,"{'safe_roi': (450, 80, 1500, 420), 'cylinder_roi': (800, 190, 1000, 300)}",ok_cylinder_inside_confirmed
2026-09-20 20:07:18,2026-09-20,19666515,29685,77,112.17431640625,,33.40155029296875,0.7754601836204529,828.4888916015625,219.92843627929688,1007.9754638671875,335.8229675292969,179.486572265625,115.89453125,20801.51215839386,918.232177734375,277.8757019042969,1920,1080,831.8546142578125,263.1501770019531,944.028564453125,263.43798828125,112.1739501953125,0.287811279296875,0.14700681740623223,left,False,"{'safe_roi': (450, 80, 1500, 420), 'cylinder_roi': (800, 190, 1000, 300)}",ok_cylinder_inside_confirmed
2026-09-20 20:07:25,2026-09-20,19666625,29685,77,118.26654052734375,,34.06793212890625,0.7761960029602051,822.7206420898438,225.22438049316406,1007.6273803710938,340.0855407714844,184.90673828125,114.86116027832031,21238.602502264082,915.1740112304688,282.65496826171875,1920,1080,824.2286376953125,262.0695495605469,942.468017578125,264.60406494140625,118.2393798828125,2.534515380859375,1.2279732803056265,left,False,"{'safe_roi': (450, 80, 1500, 420), 'cylinder_roi': (800, 190, 1000, 300)}",ok_cylinder_inside_confirmed
2026-09-20 20:07:30,2026-09-20,19666705,29685,77,117.48236846923828,,30.930099487304688,0.7696300148963928,821.86474609375,223.5662078857422,1008.1807861328125,339.81256103515625,186.3160400390625,116.24635314941406,21658.56018778123,915.0227661132812,281.68939208984375,1920,1080,823.6430053710938,262.1151428222656,941.09228515625,264.90338134765625,117.44927978515625,2.788238525390625,1.359942764473003,left,False,"{'safe_roi': (450, 80, 1500, 420), 'cylinder_roi': (800, 190, 1000, 300)}",ok_cylinder_inside_confirmed
2026-09-20 20:07:35,2026-09-20,19666784,29685,77,119.64375305175781,,32.545654296875,0.7739730477333069,821.3085327148438,224.84933471679688,1008.2315063476562,340.9657287597656,186.9229736328125,116.11639404296875,21704.821662031114,914.77001953125,282.90753173828125,1920,1080,822.4365844726562,261.1888427734375,942.0345458984375,264.4986267089844,119.59796142578125,3.309783935546875,1.585213147540188,left,False,"{'safe_roi': (450, 80, 1500, 420), 'cylinder_roi': (800, 190, 1000, 300)}",ok_cylinder_inside_confirmed
2026-09-20 20:07:40,2026-09-20,19666859,29685,77,125.0766372680664,,34.432373046875,0.7715692520141602,820.7470092773438,225.10691833496094,1009.3579711914062,342.4051818847656,188.6109619140625,117.29826354980469,22123.738318977877,915.052490234375,283.75604248046875,1920,1080,819.983642578125,264.30303955078125,945.0543823242188,263.088134765625,125.07073974609375,1.21490478515625,0.5565388643860623,left,False,"{'safe_roi': (450, 80, 1500, 420), 'cylinder_roi': (800, 190, 1000, 300)}",ok_cylinder_inside_confirmed
2026-09-20 20:07:45,2026-09-20,19666935,29685,77,123.1581039428711,,34.267669677734375,0.7750645875930786,820.3541259765625,225.64320373535156,1007.7891845703125,340.8377380371094,187.43505859375,115.19453430175781,21591.49428652972,914.0716552734375,283.240478515625,1920,1080,820.1362915039062,264.3447265625,943.290283203125,263.3382263183594,123.15399169921875,1.006500244140625,0.4682506135614849,left,False,"{'safe_roi': (450, 80, 1500, 420), 'cylinder_roi': (800, 190, 1000, 300)}",ok_cylinder_inside_confirmed
2026-09-20 20:07:50,2026-09-20,19667011,29685,77,120.1574478149414,,34.795318603515625,0.7682415246963501,818.63330078125,224.63523864746094,1007.824951171875,341.8816223144531,189.191650390625,117.24638366699219,22182.03682829067,913.2291259765625,283.2584228515625,1920,1080,821.72265625,264.5633850097656,941.874267578125,263.3792724609375,120.151611328125,1.184112548828125,0.5646404109389312,left,False,"{'safe_roi': (450, 80, 1500, 420), 'cylinder_roi': (800, 190, 1000, 300)}",ok_cylinder_inside_confirmed
2026-09-20 20:07:55,2026-09-20,19667088,29685,77,116.3432388305664,,35.736724853515625,0.778361976146698,821.4852294921875,224.96493530273438,1006.6519775390625,340.1615295410156,185.166748046875,115.19659423828125,21330.578741177917,914.068603515625,282.563232421875,1920,1080,824.767333984375,265.8016357421875,941.090087890625,263.61834716796875,116.32275390625,2.18328857421875,1.075271434164981,left,False,"{'safe_roi': (450, 80, 1500, 420), 'cylinder_roi': (800, 190, 1000, 300)}",ok_cylinder_inside_confirmed
2026-09-20 20:08:00,2026-09-20,19667165,29685,77,116.49691009521484,,31.213958740234375,0.7773066759109497,822.52490234375,224.01734924316406,1007.4736328125,338.86322021484375,184.94873046875,114.84587097167969,21240.598035790026,914.999267578125,281.4402770996094,1920,1080,823.9716796875,263.28021240234375,940.4653930664062,262.4170227050781,116.49371337890625,0.863189697265625,0.4245398316279164,left,False,"{'safe_roi': (450, 80, 1500, 420), 'cylinder_roi': (800, 190, 1000, 300)}",ok_cylinder_inside_confirmed
2026-09-20 20:08:05,2026-09-20,19667244,29685,77,115.93756103515625,,32.1439208984375,0.7760775089263916,821.5380859375,224.52903747558594,1006.2564697265625,338.80938720703125,184.7183837890625,114.28034973144531,21109.6815012414,913.8972778320312,281.6692199707031,1920,1080,822.759521484375,261.9951171875,938.6823120117188,260.14434814453125,115.92279052734375,1.85076904296875,0.9146799003195512,left,False,"{'safe_roi': (450, 80, 1500, 420), 'cylinder_roi': (800, 190, 1000, 300)}",ok_cylinder_inside_confirmed
2026-09-20 20:08:10,2026-09-20,19667323,29685,77,116.59025573730469,,32.377532958984375,0.7689251899719238,821.0798950195312,224.9439239501953,1007.6399536132812,339.350341796875,186.56005859375,114.40641784667969,21343.66801697761,914.3599243164062,282.1471252441406,1920,1080,822.7144775390625,264.0130920410156,939.2545166015625,260.591552734375,116.5400390625,3.421539306640625,1.681683527166024,left,False,"{'safe_roi': (450, 80, 1500, 420), 'cylinder_roi': (800, 190, 1000, 300)}",ok_cylinder_inside_confirmed
