datetime,date,frame_id,track_id,event_id,body_length_px,body_length_cm,body_height_px,pose_conf,bbox_x1,bbox_y1,bbox_x2,bbox_y2,bbox_w,bbox_h,bbox_area,center_x,center_y,frame_w,frame_h,head_x,head_y,tail_x,tail_y,head_tail_dx,head_tail_dy,side_tilt_deg,facing,flipped,growth_roi,save_reason
2026-09-06 06:53:34,2026-09-06,2918137,2558,1,116.6435546875,,33.02769470214844,0.7565336227416992,878.3772583007812,198.96084594726562,1043.8953857421875,314.9512023925781,165.51812744140625,115.9903564453125,19198.50660008937,961.1363525390625,256.9560241699219,1920,1080,876.8916015625,213.83084106445312,991.5449829101562,235.28594970703125,114.65338134765625,21.455108642578125,10.599184774996768,left,False,"{'safe_roi': (450, 80, 1500, 420), 'cylinder_roi': (800, 190, 1000, 300)}",ok_cylinder_inside_confirmed
2026-09-06 06:53:39,2026-09-06,2918261,2558,1,115.8406753540039,,33.38157653808594,0.7709029316902161,878.0083618164062,198.90145874023438,1043.5164794921875,314.3736877441406,165.50811767578125,115.47222900390625,19111.591266263276,960.762451171875,256.6375732421875,1920,1080,877.30908203125,212.5412139892578,990.9005126953125,235.2579345703125,113.5914306640625,22.716720581054688,11.30917317593467,left,False,"{'safe_roi': (450, 80, 1500, 420), 'cylinder_roi': (800, 190, 1000, 300)}",ok_cylinder_inside_confirmed
2026-09-06 06:53:44,2026-09-06,2918385,2558,1,118.2104263305664,,34.72607421875,0.7725675702095032,875.5739135742188,199.093994140625,1044.583251953125,315.6468505859375,169.00933837890625,116.5528564453125,19698.521153993905,960.07861328125,257.37042236328125,1920,1080,875.681640625,219.21145629882812,992.4954223632812,237.32901000976562,116.81378173828125,18.1175537109375,8.816201686763895,left,False,"{'safe_roi': (450, 80, 1500, 420), 'cylinder_roi': (800, 190, 1000, 300)}",ok_cylinder_inside_confirmed
2026-09-06 06:53:49,2026-09-06,2918506,2558,1,116.56986236572266,,33.60955810546875,0.7530732154846191,875.172607421875,196.95436096191406,1046.6231689453125,316.2689208984375,171.4505615234375,119.31455993652344,20456.548299038783,960.8978881835938,256.61163330078125,1920,1080,875.3460693359375,218.502685546875,990.4384155273438,237.00363159179688,115.09234619140625,18.500946044921875,9.132099110393396,left,False,"{'safe_roi': (450, 80, 1500, 420), 'cylinder_roi': (800, 190, 1000, 300)}",ok_cylinder_inside_confirmed
2026-09-06 06:53:54,2026-09-06,2918632,2558,1,118.77027130126953,,35.447174072265625,0.7870920300483704,876.7849731445312,199.0565643310547,1046.182373046875,315.119384765625,169.39739990234375,116.06282043457031,19660.74000694882,961.483642578125,257.0879821777344,1920,1080,875.9514770507812,219.18820190429688,993.7085571289062,234.66873168945312,117.757080078125,15.48052978515625,7.4892463620369405,left,False,"{'safe_roi': (450, 80, 1500, 420), 'cylinder_roi': (800, 190, 1000, 300)}",ok_cylinder_inside_confirmed
2026-09-06 06:53:59,2026-09-06,2918754,2558,1,117.95709228515625,,33.50262451171875,0.7718902230262756,878.5452880859375,197.70004272460938,1045.1435546875,316.6360168457031,166.5982666015625,118.93597412109375,19814.527125142515,961.8444213867188,257.16802978515625,1920,1080,875.4010620117188,219.31639099121094,991.9872436523438,237.24786376953125,116.586181640625,17.931472778320312,8.743827673056543,left,False,"{'safe_roi': (450, 80, 1500, 420), 'cylinder_roi': (800, 190, 1000, 300)}",ok_cylinder_inside_confirmed
2026-09-06 06:54:04,2026-09-06,2918874,2558,1,116.48976135253906,,32.06144714355469,0.7733907699584961,878.519775390625,198.0351104736328,1044.8948974609375,315.749755859375,166.3751220703125,117.71464538574219,19584.788495516405,961.7073364257812,256.8924255371094,1920,1080,875.509765625,218.1582489013672,990.2735595703125,238.13665771484375,114.7637939453125,19.978408813476562,9.875250477357582,left,False,"{'safe_roi': (450, 80, 1500, 420), 'cylinder_roi': (800, 190, 1000, 300)}",ok_cylinder_inside_confirmed
2026-09-06 06:54:09,2026-09-06,2919000,2558,1,113.81784057617188,,31.32257080078125,0.7593585252761841,879.8571166992188,198.0092315673828,1043.732421875,316.3876037597656,163.87530517578125,118.37837219238281,19399.29186923895,961.7947998046875,257.19842529296875,1920,1080,877.108154296875,217.44253540039062,989.0093994140625,238.24185180664062,111.9012451171875,20.79931640625,10.5295232033232,left,False,"{'safe_roi': (450, 80, 1500, 420), 'cylinder_roi': (800, 190, 1000, 300)}",ok_cylinder_inside_confirmed
2026-09-06 06:54:15,2026-09-06,2919120,2558,1,116.1949462890625,,31.558670043945312,0.7778149843215942,880.672119140625,199.30316162109375,1045.803466796875,315.24798583984375,165.13134765625,115.94482421875,19146.1250770092,963.23779296875,257.27557373046875,1920,1080,877.1859130859375,217.35284423828125,991.36376953125,238.9093475341797,114.1778564453125,21.556503295898438,10.691459416083937,left,False,"{'safe_roi': (450, 80, 1500, 420), 'cylinder_roi': (800, 190, 1000, 300)}",ok_cylinder_inside_confirmed
2026-09-06 06:54:20,2026-09-06,2919248,2558,1,115.6522216796875,,28.88580322265625,0.7351687550544739,881.033203125,199.583251953125,1044.7327880859375,318.42584228515625,163.6995849609375,118.84259033203125,19454.48271303624,962.8829956054688,259.0045471191406,1920,1080,878.7836303710938,216.07846069335938,991.8386840820312,240.45040893554688,113.0550537109375,24.3719482421875,12.165416788355655,left,False,"{'safe_roi': (450, 80, 1500, 420), 'cylinder_roi': (800, 190, 1000, 300)}",ok_cylinder_inside_confirmed
2026-09-06 06:54:25,2026-09-06,2919373,2558,1,119.59230041503906,,29.044769287109375,0.7595182657241821,883.0880737304688,201.11404418945312,1044.22802734375,316.6983947753906,161.13995361328125,115.5843505859375,18625.256891839206,963.6580810546875,258.9062194824219,1920,1080,877.6403198242188,217.12091064453125,994.692138671875,241.6400909423828,117.05181884765625,24.519180297851562,11.830849334365915,left,False,"{'safe_roi': (450, 80, 1500, 420), 'cylinder_roi': (800, 190, 1000, 300)}",ok_cylinder_inside_confirmed
2026-09-06 06:54:30,2026-09-06,2919495,2558,1,119.88545989990234,,28.880386352539062,0.6990026831626892,882.0492553710938,200.63238525390625,1045.383544921875,315.2952880859375,163.33428955078125,114.66290283203125,18728.383771900088,963.7164306640625,257.9638366699219,1920,1080,879.170654296875,215.21697998046875,995.8112182617188,242.92080688476562,116.64056396484375,27.703826904296875,13.361005650080816,left,False,"{'safe_roi': (450, 80, 1500, 420), 'cylinder_roi': (800, 190, 1000, 300)}",ok_cylinder_inside_confirmed
2026-09-06 06:54:35,2026-09-06,2919628,2558,1,114.14872741699219,,27.993484497070312,0.7280002236366272,881.5881958007812,200.89048767089844,1043.60546875,315.73492431640625,162.01727294921875,114.84443664550781,18606.7824386945,962.5968017578125,258.3127136230469,1920,1080,879.0458984375,215.70938110351562,990.2586669921875,241.43197631835938,111.2127685546875,25.72259521484375,13.023037639758163,left,False,"{'safe_roi': (450, 80, 1500, 420), 'cylinder_roi': (800, 190, 1000, 300)}",ok_cylinder_inside_confirmed
2026-09-06 06:54:40,2026-09-06,2919748,2558,1,116.73576354980469,,29.985260009765625,0.6967183351516724,881.113525390625,197.97840881347656,1042.4666748046875,314.54693603515625,161.3531494140625,116.56852722167969,18808.698989776894,961.7901000976562,256.2626647949219,1920,1080,875.7378540039062,216.20098876953125,989.4567260742188,242.56869506835938,113.7188720703125,26.367706298828125,13.054344885536057,left,False,"{'safe_roi': (450, 80, 1500, 420), 'cylinder_roi': (800, 190, 1000, 300)}",ok_cylinder_inside_confirmed
2026-09-06 06:54:45,2026-09-06,2919872,2558,1,117.77320861816406,,27.174087524414062,0.6848355531692505,878.8875732421875,200.73251342773438,1045.862548828125,316.7297058105469,166.9749755859375,115.9971923828125,19368.628366157413,962.3750610351562,258.7311096191406,1920,1080,875.1901245117188,216.97433471679688,989.3477172851562,245.9324493408203,114.1575927734375,28.958114624023438,14.233864209440654,left,False,"{'safe_roi': (450, 80, 1500, 420), 'cylinder_roi': (800, 190, 1000, 300)}",ok_cylinder_inside_confirmed
2026-09-06 06:56:41,2026-09-06,2922741,2558,2,89.69718933105469,,41.33503723144531,0.5568180680274963,860.1527709960938,190.4915771484375,1028.0184326171875,304.4245910644531,167.86566162109375,113.93301391601562,19125.440761497244,944.0855712890625,247.4580841064453,1920,1080,879.232421875,220.43783569335938,968.54248046875,228.76248168945312,89.31005859375,8.32464599609375,5.325188604619804,left,False,"{'safe_roi': (450, 80, 1500, 420), 'cylinder_roi': (800, 190, 1000, 300)}",ok_cylinder_inside_confirmed
2026-09-06 06:56:46,2026-09-06,2922862,2558,2,85.4543685913086,,42.188507080078125,0.6795754432678223,863.6351318359375,188.8358154296875,1030.8465576171875,305.1519775390625,167.21142578125,116.316162109375,19449.3913077116,947.2408447265625,246.993896484375,1920,1080,887.6820068359375,218.88217163085938,972.8097534179688,226.34649658203125,85.12774658203125,7.464324951171875,5.011095810930869,left,False,"{'safe_roi': (450, 80, 1500, 420), 'cylinder_roi': (800, 190, 1000, 300)}",ok_cylinder_inside_confirmed
2026-09-06 06:56:56,2026-09-06,2923078,2558,2,98.16999053955078,,38.66827392578125,0.525791347026825,861.724365234375,189.4736785888672,1030.295166015625,306.29791259765625,168.57080078125,116.82423400878906,19693.154677517712,946.009765625,247.88580322265625,1920,1080,868.9833374023438,220.27685546875,966.3729248046875,232.63058471679688,97.38958740234375,12.353729248046875,7.229277931592224,left,False,"{'safe_roi': (450, 80, 1500, 420), 'cylinder_roi': (800, 190, 1000, 300)}",ok_cylinder_inside_confirmed
2026-09-06 06:57:01,2026-09-06,2923198,2558,2,91.07738494873047,,42.885162353515625,0.6645388603210449,858.3037109375,193.9479217529297,1029.274169921875,303.2432861328125,170.970458984375,109.29536437988281,18686.278612893075,943.7889404296875,248.59561157226562,1920,1080,870.9542846679688,223.6861114501953,961.9244995117188,228.1031494140625,90.97021484375,4.4170379638671875,2.779800313497535,left,False,"{'safe_roi': (450, 80, 1500, 420), 'cylinder_roi': (800, 190, 1000, 300)}",ok_cylinder_inside_confirmed
2026-09-06 06:57:09,2026-09-06,2923396,2558,2,86.66688537597656,,44.87872314453125,0.5267164707183838,860.961181640625,193.04054260253906,1030.53857421875,308.4100341796875,169.577392578125,115.36949157714844,19564.057564716786,945.7498779296875,250.72528076171875,1920,1080,884.2982177734375,219.28567504882812,970.5888061523438,227.35311889648438,86.29058837890625,8.06744384765625,5.341147579643181,left,False,"{'safe_roi': (450, 80, 1500, 420), 'cylinder_roi': (800, 190, 1000, 300)}",ok_cylinder_inside_confirmed
2026-09-06 06:57:21,2026-09-06,2923677,2558,2,90.66416931152344,,43.45491027832031,0.4669227600097656,861.8682250976562,191.6936492919922,1029.1954345703125,306.1929016113281,167.32720947265625,114.49925231933594,19158.840377300046,945.5318603515625,248.94326782226562,1920,1080,876.346923828125,217.17294311523438,966.4136962890625,227.56369018554688,90.0667724609375,10.3907470703125,6.580957247418608,left,False,"{'safe_roi': (450, 80, 1500, 420), 'cylinder_roi': (800, 190, 1000, 300)}",ok_cylinder_inside_confirmed
2026-09-06 06:57:26,2026-09-06,2923804,2558,2,94.5584945678711,,43.32513427734375,0.6976461410522461,861.5467529296875,193.73379516601562,1027.6536865234375,303.4080505371094,166.10693359375,109.67425537109375,18217.65425387025,944.6002197265625,248.5709228515625,1920,1080,870.7821044921875,222.16299438476562,965.168701171875,227.86203002929688,94.3865966796875,5.69903564453125,3.455307796863827,left,False,"{'safe_roi': (450, 80, 1500, 420), 'cylinder_roi': (800, 190, 1000, 300)}",ok_cylinder_inside_confirmed
2026-09-06 06:57:33,2026-09-06,2923962,2558,2,85.57522583007812,,46.72270202636719,0.6933879852294922,861.9375,192.27584838867188,1027.64111328125,303.75616455078125,165.70361328125,111.48031616210938,18472.691197797656,944.789306640625,248.01600646972656,1920,1080,878.90087890625,222.95947265625,964.475830078125,223.17518615722656,85.574951171875,0.2157135009765625,0.14442832677764314,left,False,"{'safe_roi': (450, 80, 1500, 420), 'cylinder_roi': (800, 190, 1000, 300)}",ok_cylinder_inside_confirmed
2026-09-06 06:57:50,2026-09-06,2924375,2558,2,103.1468505859375,,38.947296142578125,0.7312809228897095,869.70361328125,189.55276489257812,1036.0736083984375,307.5400085449219,166.3699951171875,117.98724365234375,19629.53715033084,952.8886108398438,248.54638671875,1920,1080,874.7687377929688,211.4271240234375,977.1197509765625,224.21551513671875,102.35101318359375,12.78839111328125,7.121992786528966,left,False,"{'safe_roi': (450, 80, 1500, 420), 'cylinder_roi': (800, 190, 1000, 300)}",ok_cylinder_inside_confirmed
2026-09-06 06:58:13,2026-09-06,2924917,2558,3,85.26204681396484,,29.586776733398438,0.7939648628234863,866.7095947265625,198.21908569335938,1033.2562255859375,307.54962158203125,166.546630859375,109.33053588867188,18208.632402308285,949.98291015625,252.8843536376953,1920,1080,884.8324584960938,213.32839965820312,969.4317016601562,223.93899536132812,84.5992431640625,10.610595703125,7.148814898447219,left,False,"{'safe_roi': (450, 80, 1500, 420), 'cylinder_roi': (800, 190, 1000, 300)}",ok_cylinder_inside_confirmed
2026-09-06 06:58:18,2026-09-06,2925032,2558,3,88.42650604248047,,41.42219543457031,0.7486882209777832,865.0316162109375,195.53968811035156,1032.96826171875,305.985595703125,167.9366455078125,110.44590759277344,18547.91523119621,948.9999389648438,250.76263427734375,1920,1080,880.7347412109375,219.67227172851562,969.0934448242188,223.13449096679688,88.35870361328125,3.46221923828125,2.2439116007711375,left,False,"{'safe_roi': (450, 80, 1500, 420), 'cylinder_roi': (800, 190, 1000, 300)}",ok_cylinder_inside_confirmed
2026-09-06 07:09:59,2026-09-06,2942018,2592,4,112.30554962158203,,36.996307373046875,0.7546339631080627,862.9482421875,187.8902130126953,1048.137939453125,304.16485595703125,185.189697265625,116.27464294433594,21532.865926530212,955.5430908203125,246.02752685546875,1920,1080,871.919189453125,210.45166015625,983.6475830078125,221.82275390625,111.7283935546875,11.37109375,5.811236186960449,left,False,"{'safe_roi': (450, 80, 1500, 420), 'cylinder_roi': (800, 190, 1000, 300)}",ok_cylinder_inside_confirmed
2026-09-06 07:10:04,2026-09-06,2942144,2592,4,112.18128204345703,,39.29438781738281,0.7610514760017395,856.6773681640625,188.18936157226562,1045.3875732421875,305.5956115722656,188.710205078125,117.40625,22155.757514953613,951.032470703125,246.89248657226562,1920,1080,870.3484497070312,211.46453857421875,982.1538696289062,220.63998413085938,111.805419921875,9.175445556640625,4.691533272802657,left,False,"{'safe_roi': (450, 80, 1500, 420), 'cylinder_roi': (800, 190, 1000, 300)}",ok_cylinder_inside_confirmed
2026-09-06 07:10:09,2026-09-06,2942261,2592,4,96.0781021118164,,32.880523681640625,0.7629236578941345,826.525146484375,184.8090362548828,1013.429931640625,294.1611633300781,186.90478515625,109.35212707519531,20438.43581736833,919.9775390625,239.485107421875,1920,1080,851.4754028320312,228.66839599609375,947.3525390625,222.4573974609375,95.87713623046875,6.21099853515625,3.706487964977537,left,False,"{'safe_roi': (450, 80, 1500, 420), 'cylinder_roi': (800, 190, 1000, 300)}",ok_cylinder_inside_confirmed
2026-09-06 07:10:23,2026-09-06,2942624,2592,4,94.43694305419922,,32.293121337890625,0.7520876526832581,833.302734375,184.84994506835938,1019.11669921875,296.5869140625,185.81396484375,111.73696899414062,20762.28922842443,926.209716796875,240.7184295654297,1920,1080,855.7581787109375,220.2076416015625,950.1887817382812,219.11305236816406,94.43060302734375,1.0945892333984375,0.6641124035514923,left,False,"{'safe_roi': (450, 80, 1500, 420), 'cylinder_roi': (800, 190, 1000, 300)}",ok_cylinder_inside_confirmed
2026-09-06 07:10:31,2026-09-06,2942798,2592,4,103.68667602539062,,36.202178955078125,0.7618892192840576,834.2784423828125,186.28073120117188,1018.7216796875,296.543701171875,184.4432373046875,110.26296997070312,20337.25913622603,926.5000610351562,241.41221618652344,1920,1080,851.6865234375,222.62533569335938,955.3668212890625,221.47518920898438,103.6802978515625,1.150146484375,0.635567584223527,left,False,"{'safe_roi': (450, 80, 1500, 420), 'cylinder_roi': (800, 190, 1000, 300)}",ok_cylinder_inside_confirmed
2026-09-06 07:10:36,2026-09-06,2942916,2592,4,99.35601043701172,,35.64677429199219,0.7654421329498291,837.8978881835938,185.5589141845703,1019.5100708007812,296.49090576171875,181.6121826171875,110.93199157714844,20146.601112397388,928.7039794921875,241.02490234375,1920,1080,855.186279296875,219.44491577148438,954.5413818359375,219.87046813964844,99.3551025390625,0.4255523681640625,0.24540466403145475,left,False,"{'safe_roi': (450, 80, 1500, 420), 'cylinder_roi': (800, 190, 1000, 300)}",ok_cylinder_inside_confirmed
2026-09-06 07:10:41,2026-09-06,2943041,2592,4,93.02291107177734,,33.82734680175781,0.7654990553855896,837.9705810546875,185.01351928710938,1016.472412109375,294.10369873046875,178.5018310546875,109.09017944335938,19472.79678072408,927.2214965820312,239.55860900878906,1920,1080,857.8553466796875,215.40011596679688,950.6270141601562,222.2323760986328,92.77166748046875,6.8322601318359375,4.211999752373653,left,False,"{'safe_roi': (450, 80, 1500, 420), 'cylinder_roi': (800, 190, 1000, 300)}",ok_cylinder_inside_confirmed
2026-09-06 07:10:47,2026-09-06,2943197,2592,4,96.11065673828125,,34.70703125,0.7677628397941589,835.9129028320312,184.0181884765625,1017.9865112304688,292.8849792480469,182.0736083984375,108.86679077148438,19821.769430521876,926.94970703125,238.4515838623047,1920,1080,855.0321044921875,216.3710479736328,950.9708251953125,222.11734008789062,95.938720703125,5.7462921142578125,3.427661101854333,left,False,"{'safe_roi': (450, 80, 1500, 420), 'cylinder_roi': (800, 190, 1000, 300)}",ok_cylinder_inside_confirmed
2026-09-06 07:17:30,2026-09-06,2952931,2610,5,120.44828796386719,,39.99919128417969,0.7759737968444824,826.575439453125,183.9790496826172,1016.44580078125,294.524169921875,189.870361328125,110.54512023925781,20989.241922888905,921.5106201171875,239.25161743164062,1920,1080,835.2975463867188,209.8232421875,955.494140625,217.60586547851562,120.19659423828125,7.782623291015625,3.704679656025507,left,False,"{'safe_roi': (450, 80, 1500, 420), 'cylinder_roi': (800, 190, 1000, 300)}",ok_cylinder_inside_confirmed
2026-09-06 07:17:35,2026-09-06,2953054,2610,5,118.61233520507812,,38.04595947265625,0.7813226580619812,825.95361328125,183.40057373046875,1014.8250732421875,293.62255859375,188.8714599609375,110.22198486328125,20817.787200920284,920.3893432617188,238.51156616210938,1920,1080,834.9957275390625,211.76715087890625,953.4842529296875,217.18524169921875,118.488525390625,5.4180908203125,2.618123921525023,left,False,"{'safe_roi': (450, 80, 1500, 420), 'cylinder_roi': (800, 190, 1000, 300)}",ok_cylinder_inside_confirmed
2026-09-06 07:41:26,2026-09-06,2987783,2617,6,111.43173217773438,,40.51448059082031,0.7629169225692749,794.9635620117188,182.25344848632812,999.0912475585938,293.2003173828125,204.127685546875,110.94686889648438,22647.32756651193,897.0274047851562,237.7268829345703,1920,1080,802.5493774414062,207.17156982421875,913.716796875,214.84207153320312,111.16741943359375,7.670501708984375,3.9471268215088053,left,False,"{'safe_roi': (450, 80, 1500, 420), 'cylinder_roi': (800, 190, 1000, 300)}",ok_cylinder_inside_confirmed
2026-09-06 07:41:31,2026-09-06,2987910,2617,6,106.09265899658203,,45.163726806640625,0.7622390389442444,793.9710083007812,183.70545959472656,985.1051635742188,293.6543273925781,191.1341552734375,109.94886779785156,21014.983969813213,889.5380859375,238.67990112304688,1920,1080,804.427490234375,205.02899169921875,910.25048828125,212.58843994140625,105.822998046875,7.5594482421875,4.085973746783071,left,False,"{'safe_roi': (450, 80, 1500, 420), 'cylinder_roi': (800, 190, 1000, 300)}",ok_cylinder_inside_confirmed
2026-09-06 07:41:36,2026-09-06,2988034,2617,6,99.4723892211914,,44.78611755371094,0.7161773443222046,786.5400390625,183.307373046875,972.103759765625,294.0993957519531,185.563720703125,110.79202270507812,20558.9799573794,879.3218994140625,238.70338439941406,1920,1080,802.3865966796875,205.15353393554688,901.46533203125,213.99435424804688,99.0787353515625,8.8408203125,5.0990124935746595,left,False,"{'safe_roi': (450, 80, 1500, 420), 'cylinder_roi': (800, 190, 1000, 300)}",ok_cylinder_inside_confirmed
2026-09-06 07:50:10,2026-09-06,3000596,2628,7,105.548095703125,,36.8720703125,0.7670521140098572,852.218994140625,185.5076446533203,1038.391845703125,293.83953857421875,186.1728515625,108.33189392089844,20168.45760641992,945.305419921875,239.673583984375,1920,1080,856.1396484375,209.15065002441406,961.4071044921875,216.8424072265625,105.2674560546875,7.6917572021484375,4.179101789069223,left,False,"{'safe_roi': (450, 80, 1500, 420), 'cylinder_roi': (800, 190, 1000, 300)}",ok_cylinder_inside_confirmed
2026-09-06 07:50:25,2026-09-06,3000951,2628,7,105.7275390625,,35.05583190917969,0.7689377069473267,850.5075073242188,187.9656219482422,1037.021240234375,294.07391357421875,186.51373291015625,106.10829162597656,19790.65356388036,943.764404296875,241.019775390625,1920,1080,857.4097900390625,206.09434509277344,962.6534423828125,216.19815063476562,105.24365234375,10.103805541992188,5.483814266917912,left,False,"{'safe_roi': (450, 80, 1500, 420), 'cylinder_roi': (800, 190, 1000, 300)}",ok_cylinder_inside_confirmed
2026-09-06 07:50:30,2026-09-06,3001077,2628,7,107.66585540771484,,34.18865966796875,0.7505594491958618,848.0241088867188,189.19668579101562,1033.554931640625,296.84722900390625,185.53082275390625,107.65054321289062,19972.493852192536,940.78955078125,243.02195739746094,1920,1080,854.7216186523438,204.51727294921875,961.6715698242188,216.91262817382812,106.949951171875,12.395355224609375,6.6110081454868395,left,False,"{'safe_roi': (450, 80, 1500, 420), 'cylinder_roi': (800, 190, 1000, 300)}",ok_cylinder_inside_confirmed
2026-09-06 07:50:35,2026-09-06,3001192,2628,7,107.27942657470703,,35.91780090332031,0.7644670605659485,853.274658203125,186.74603271484375,1034.046630859375,294.9615173339844,180.77197265625,108.21548461914062,19562.32662655413,943.66064453125,240.85377502441406,1920,1080,855.7496337890625,206.13800048828125,962.372314453125,217.99038696289062,106.6226806640625,11.852386474609375,6.343069792345775,left,False,"{'safe_roi': (450, 80, 1500, 420), 'cylinder_roi': (800, 190, 1000, 300)}",ok_cylinder_inside_confirmed
2026-09-06 07:50:40,2026-09-06,3001312,2628,7,106.3772201538086,,38.081878662109375,0.7698337435722351,849.5716552734375,187.64642333984375,1038.4195556640625,292.9667663574219,188.847900390625,105.32034301757812,19889.52564729005,943.99560546875,240.3065948486328,1920,1080,856.3416748046875,207.60159301757812,962.4761352539062,214.78421020507812,106.13446044921875,7.1826171875,3.8715711526982797,left,False,"{'safe_roi': (450, 80, 1500, 420), 'cylinder_roi': (800, 190, 1000, 300)}",ok_cylinder_inside_confirmed
2026-09-06 07:50:45,2026-09-06,3001431,2628,7,107.67872619628906,,37.8128662109375,0.7710003852844238,852.8618774414062,186.1097412109375,1036.33984375,293.4499206542969,183.47796630859375,107.34017944335938,19694.5578274671,944.600830078125,239.7798309326172,1920,1080,854.264892578125,208.5263214111328,961.7200317382812,215.46176147460938,107.45513916015625,6.9354400634765625,3.6928995571652843,left,False,"{'safe_roi': (450, 80, 1500, 420), 'cylinder_roi': (800, 190, 1000, 300)}",ok_cylinder_inside_confirmed
2026-09-06 07:56:16,2026-09-06,3009332,2632,8,113.33140563964844,,39.74188232421875,0.7494881749153137,819.677734375,186.6046142578125,1000.5672607421875,295.944580078125,180.8895263671875,109.3399658203125,19778.454630240798,910.1224975585938,241.27459716796875,1920,1080,825.0328369140625,204.9130401611328,937.6953125,217.20831298828125,112.6624755859375,12.295272827148438,6.22825196486737,left,False,"{'safe_roi': (450, 80, 1500, 420), 'cylinder_roi': (800, 190, 1000, 300)}",ok_cylinder_inside_confirmed
2026-09-06 08:25:40,2026-09-06,3054027,2681,9,123.84352111816406,,47.0972900390625,0.7817767262458801,832.5240478515625,182.20193481445312,1031.9873046875,295.4989318847656,199.4632568359375,113.2969970703125,22598.5880253762,932.2556762695312,238.85043334960938,1920,1080,829.1353149414062,211.97996520996094,952.9606323242188,214.1033172607422,123.8253173828125,2.12335205078125,0.9824096628737138,left,False,"{'safe_roi': (450, 80, 1500, 420), 'cylinder_roi': (800, 190, 1000, 300)}",ok_cylinder_inside_confirmed
2026-09-06 08:25:45,2026-09-06,3054145,2681,9,122.178466796875,,48.27424621582031,0.7940239310264587,834.6312255859375,183.97238159179688,1031.001708984375,294.7788391113281,196.3704833984375,110.80645751953125,21759.11762677878,932.8164672851562,239.3756103515625,1920,1080,830.2235107421875,210.52305603027344,952.4019775390625,210.52578735351562,122.178466796875,0.0027313232421875,0.0012808582260034173,left,False,"{'safe_roi': (450, 80, 1500, 420), 'cylinder_roi': (800, 190, 1000, 300)}",ok_cylinder_inside_confirmed
2026-09-06 08:25:50,2026-09-06,3054268,2681,9,77.7442855834961,,35.86418151855469,0.6984602212905884,826.8141479492188,183.9707489013672,978.6007690429688,295.94091796875,151.78662109375,111.97016906738281,16995.57362603396,902.7074584960938,239.95584106445312,1920,1080,849.746826171875,226.13180541992188,927.488525390625,226.76556396484375,77.74169921875,0.633758544921875,0.4670709010066783,left,False,"{'safe_roi': (450, 80, 1500, 420), 'cylinder_roi': (800, 190, 1000, 300)}",ok_cylinder_inside_confirmed
2026-09-06 08:32:18,2026-09-06,3063591,2683,10,117.54069519042969,,48.951385498046875,0.7855345606803894,835.539794921875,187.05587768554688,1020.3731689453125,301.3486633300781,184.8333740234375,114.29278564453125,21125.121197216213,927.9564819335938,244.2022705078125,1920,1080,831.026611328125,218.00503540039062,948.5362548828125,215.30331420898438,117.5096435546875,2.70172119140625,1.3170830065667523,left,False,"{'safe_roi': (450, 80, 1500, 420), 'cylinder_roi': (800, 190, 1000, 300)}",ok_cylinder_inside_confirmed
2026-09-06 08:32:39,2026-09-06,3064088,2683,10,117.59943389892578,,44.69163513183594,0.7990012764930725,836.3204345703125,177.61422729492188,1031.7657470703125,297.37109375,195.4453125,119.75686645507812,23405.91818833351,934.0430908203125,237.49266052246094,1920,1080,839.0732421875,209.56112670898438,956.340576171875,218.39283752441406,117.267333984375,8.831710815429688,4.306964846302039,left,False,"{'safe_roi': (450, 80, 1500, 420), 'cylinder_roi': (800, 190, 1000, 300)}",ok_cylinder_inside_confirmed
2026-09-06 08:32:44,2026-09-06,3064214,2683,10,123.2680435180664,,44.16181945800781,0.7882893681526184,837.119873046875,180.8919677734375,1027.7103271484375,297.15228271484375,190.5904541015625,116.26031494140625,22158.10621867329,932.4151000976562,239.02212524414062,1920,1080,835.2608642578125,202.53143310546875,957.16162109375,220.84031677246094,121.9007568359375,18.308883666992188,8.541691888150034,left,False,"{'safe_roi': (450, 80, 1500, 420), 'cylinder_roi': (800, 190, 1000, 300)}",ok_cylinder_inside_confirmed
2026-09-06 08:32:49,2026-09-06,3064339,2683,10,106.58940124511719,,35.31855773925781,0.7544361352920532,808.98046875,177.614013671875,989.9505615234375,289.925048828125,180.9700927734375,112.31103515625,20324.938451707363,899.4655151367188,233.76953125,1920,1080,828.4071655273438,216.83193969726562,934.9160766601562,220.97340393066406,106.5089111328125,4.1414642333984375,2.226752094506335,left,False,"{'safe_roi': (450, 80, 1500, 420), 'cylinder_roi': (800, 190, 1000, 300)}",ok_cylinder_inside_confirmed
2026-09-06 08:39:41,2026-09-06,3074146,2683,11,120.8790512084961,,43.905517578125,0.7939850687980652,839.370361328125,180.23504638671875,1033.2349853515625,296.8480529785156,193.8646240234375,116.61300659179688,22607.13667916134,936.3026733398438,238.5415496826172,1920,1080,835.9644165039062,205.3831329345703,956.74072265625,210.36599731445312,120.77630615234375,4.9828643798828125,2.3625103968321777,left,False,"{'safe_roi': (450, 80, 1500, 420), 'cylinder_roi': (800, 190, 1000, 300)}",ok_cylinder_inside_confirmed
2026-09-06 08:39:46,2026-09-06,3074264,2683,11,119.28144073486328,,47.75041198730469,0.8087207674980164,838.9857177734375,180.87596130371094,1033.210693359375,297.97998046875,194.2249755859375,117.10401916503906,22744.52526334487,936.0982055664062,239.427978515625,1920,1080,837.2780151367188,207.46878051757812,956.5582885742188,207.9965362548828,119.2802734375,0.5277557373046875,0.2535036026993294,left,False,"{'safe_roi': (450, 80, 1500, 420), 'cylinder_roi': (800, 190, 1000, 300)}",ok_cylinder_inside_confirmed
2026-09-06 08:39:51,2026-09-06,3074381,2683,11,118.58617401123047,,46.699005126953125,0.8033372163772583,837.1267700195312,180.82960510253906,1032.4041748046875,298.7244567871094,195.27740478515625,117.89485168457031,23022.200674493797,934.7655029296875,239.77703857421875,1920,1080,841.65185546875,205.8907012939453,960.2263793945312,207.5530242919922,118.57452392578125,1.662322998046875,0.8031898408018744,left,False,"{'safe_roi': (450, 80, 1500, 420), 'cylinder_roi': (800, 190, 1000, 300)}",ok_cylinder_inside_confirmed
2026-09-06 08:46:00,2026-09-06,3083214,2683,12,100.85478973388672,,35.64778137207031,0.7950139045715332,871.9625244140625,186.07632446289062,1041.7325439453125,305.2554931640625,169.77001953125,119.17916870117188,20233.049798116088,956.8475341796875,245.66590881347656,1920,1080,880.602783203125,215.47744750976562,980.83203125,226.69293212890625,100.229248046875,11.215484619140625,6.384741672478373,left,False,"{'safe_roi': (450, 80, 1500, 420), 'cylinder_roi': (800, 190, 1000, 300)}",ok_cylinder_inside_confirmed
2026-09-06 08:46:20,2026-09-06,3083686,2683,12,115.16568756103516,,13.161758422851562,0.5781830549240112,779.5289306640625,175.356201171875,981.1798095703125,290.42926025390625,201.65087890625,115.07305908203125,23204.583502322435,880.3543701171875,232.89273071289062,1920,1080,975.286376953125,218.10757446289062,860.1258544921875,219.19793701171875,115.1605224609375,1.090362548828125,0.5424715354987439,right,False,"{'safe_roi': (450, 80, 1500, 420), 'cylinder_roi': (800, 190, 1000, 300)}",ok_cylinder_inside_confirmed
2026-09-06 08:49:07,2026-09-06,3087673,2689,13,85.09483337402344,,24.869140625,0.5697586536407471,867.151611328125,193.1130828857422,1026.7392578125,312.4942932128906,159.587646484375,119.38121032714844,19051.766390565783,946.9454345703125,252.80368041992188,1920,1080,876.5560302734375,219.79737854003906,961.6234130859375,221.9586639404297,85.0673828125,2.161285400390625,1.4553862272537832,left,False,"{'safe_roi': (450, 80, 1500, 420), 'cylinder_roi': (800, 190, 1000, 300)}",ok_cylinder_inside_confirmed
2026-09-06 09:01:14,2026-09-06,3105162,2689,14,121.30985260009766,,48.87139892578125,0.793008029460907,841.068115234375,177.81222534179688,1018.3203125,297.15643310546875,177.252197265625,119.34420776367188,21154.0230570361,929.6942138671875,237.4843292236328,1920,1080,834.46142578125,213.28012084960938,955.6959228515625,209.00498962402344,121.2344970703125,4.2751312255859375,2.0196027286939415,left,False,"{'safe_roi': (450, 80, 1500, 420), 'cylinder_roi': (800, 190, 1000, 300)}",ok_cylinder_inside_confirmed
2026-09-06 09:01:19,2026-09-06,3105280,2689,14,118.22185516357422,,48.4622802734375,0.7614375352859497,842.61767578125,179.03668212890625,1023.5831298828125,298.6855773925781,180.9654541015625,119.64889526367188,21652.31666414067,933.1004028320312,238.8611297607422,1920,1080,839.57373046875,211.68508911132812,957.7777099609375,209.6293487548828,118.2039794921875,2.0557403564453125,0.9963570907793905,left,False,"{'safe_roi': (450, 80, 1500, 420), 'cylinder_roi': (800, 190, 1000, 300)}",ok_cylinder_inside_confirmed
2026-09-06 09:01:37,2026-09-06,3105716,2689,14,118.64274597167969,,47.77012634277344,0.7984104752540588,842.2675170898438,181.396484375,1025.392822265625,301.2522277832031,183.12530517578125,119.85574340820312,21948.61958869733,933.8302001953125,241.32435607910156,1920,1080,840.6256103515625,210.081787109375,959.20068359375,206.07516479492188,118.5750732421875,4.006622314453125,1.9352738714171258,left,False,"{'safe_roi': (450, 80, 1500, 420), 'cylinder_roi': (800, 190, 1000, 300)}",ok_cylinder_inside_confirmed
2026-09-06 09:02:09,2026-09-06,3106478,2689,15,112.22932434082031,,47.1859130859375,0.7782025337219238,841.5800170898438,178.94703674316406,1018.6354370117188,295.7560119628906,177.055419921875,116.80897521972656,20681.662158172578,930.1077270507812,237.35153198242188,1920,1080,845.3389282226562,210.60122680664062,957.5022583007812,206.75299072265625,112.163330078125,3.848236083984375,1.965002585200367,left,False,"{'safe_roi': (450, 80, 1500, 420), 'cylinder_roi': (800, 190, 1000, 300)}",ok_cylinder_inside_confirmed
2026-09-06 09:07:23,2026-09-06,3114017,2689,16,96.35639953613281,,36.59320068359375,0.7899028658866882,840.2938232421875,183.624267578125,1019.2625732421875,302.7606506347656,178.96875,119.13638305664062,21321.689555168152,929.7781982421875,243.1924591064453,1920,1080,855.75244140625,209.54327392578125,951.5574951171875,219.8363800048828,95.8050537109375,10.293106079101562,6.1322231686863855,left,False,"{'safe_roi': (450, 80, 1500, 420), 'cylinder_roi': (800, 190, 1000, 300)}",ok_cylinder_inside_confirmed
2026-09-06 09:07:28,2026-09-06,3114143,2689,16,95.19271850585938,,32.50495910644531,0.7798031568527222,844.0125732421875,188.26043701171875,1016.033447265625,299.9310607910156,172.0208740234375,111.67062377929688,19209.67830525711,930.0230102539062,244.0957489013672,1920,1080,856.30126953125,206.98231506347656,950.5590209960938,220.29135131835938,94.25775146484375,13.309036254882812,8.036938182764947,left,False,"{'safe_roi': (450, 80, 1500, 420), 'cylinder_roi': (800, 190, 1000, 300)}",ok_cylinder_inside_confirmed
2026-09-06 09:07:33,2026-09-06,3114259,2689,16,106.70860290527344,,33.44322204589844,0.7259482145309448,839.9296264648438,179.06784057617188,1016.2719116210938,297.7770080566406,176.34228515625,118.70916748046875,20933.44586250186,928.1007690429688,238.42242431640625,1920,1080,844.1626586914062,205.43089294433594,949.7859497070312,220.61134338378906,105.623291015625,15.180450439453125,8.17868986084952,left,False,"{'safe_roi': (450, 80, 1500, 420), 'cylinder_roi': (800, 190, 1000, 300)}",ok_cylinder_inside_confirmed
2026-09-06 09:07:59,2026-09-06,3114865,2689,17,116.06151580810547,,14.423583984375,0.721759021282196,802.034423828125,176.64682006835938,1000.3447265625,294.1932067871094,198.310302734375,117.54638671875,23310.65953552723,901.1895751953125,235.42001342773438,1920,1080,989.0059204101562,210.69676208496094,873.10302734375,216.76263427734375,115.90289306640625,6.0658721923828125,2.995887941332301,right,False,"{'safe_roi': (450, 80, 1500, 420), 'cylinder_roi': (800, 190, 1000, 300)}",ok_cylinder_inside_confirmed
2026-09-06 09:08:04,2026-09-06,3114994,2689,17,113.36675262451172,,14.860824584960938,0.6843861937522888,805.9393920898438,176.546142578125,998.3445434570312,294.2154235839844,192.4051513671875,117.66928100585938,22640.175823200494,902.1419677734375,235.3807830810547,1920,1080,990.1298828125,217.54800415039062,876.7640991210938,218.01602172851562,113.36578369140625,0.468017578125,0.23653768138334208,right,False,"{'safe_roi': (450, 80, 1500, 420), 'cylinder_roi': (800, 190, 1000, 300)}",ok_cylinder_inside_confirmed
2026-09-06 09:19:56,2026-09-06,3132080,2689,18,120.12406921386719,,47.34712219238281,0.8012663722038269,835.0687255859375,176.62110900878906,1020.800048828125,295.88189697265625,185.7313232421875,119.26078796386719,22150.463959435,927.9343872070312,236.25149536132812,1920,1080,833.4329223632812,200.28076171875,953.53759765625,202.43914794921875,120.10467529296875,2.15838623046875,1.0295445290020493,left,False,"{'safe_roi': (450, 80, 1500, 420), 'cylinder_roi': (800, 190, 1000, 300)}",ok_cylinder_inside_confirmed
2026-09-06 09:20:01,2026-09-06,3132204,2689,18,116.32785034179688,,48.02790832519531,0.7874330878257751,834.4345092773438,176.99127197265625,1019.1206665039062,294.4584655761719,184.6861572265625,117.46719360351562,21694.564586821944,926.777587890625,235.72486877441406,1920,1080,838.511962890625,203.24783325195312,954.5521850585938,211.42318725585938,116.04022216796875,8.17535400390625,4.029986909583702,left,False,"{'safe_roi': (450, 80, 1500, 420), 'cylinder_roi': (800, 190, 1000, 300)}",ok_cylinder_inside_confirmed
2026-09-06 09:20:06,2026-09-06,3132325,2689,18,119.05831909179688,,44.7957763671875,0.7783547639846802,833.9949340820312,179.78916931152344,1013.4208374023438,296.67535400390625,179.4259033203125,116.88618469238281,20972.40927409567,923.7078857421875,238.23226928710938,1920,1080,835.9996337890625,201.63082885742188,954.7885131835938,209.63613891601562,118.78887939453125,8.00531005859375,3.8553946212483288,left,False,"{'safe_roi': (450, 80, 1500, 420), 'cylinder_roi': (800, 190, 1000, 300)}",ok_cylinder_inside_confirmed
2026-09-06 09:20:11,2026-09-06,3132448,2689,18,103.8641357421875,,33.98506164550781,0.8057895302772522,833.0281372070312,178.31187438964844,1008.8053588867188,294.1476135253906,175.7772216796875,115.83573913574219,20361.284396493807,920.916748046875,236.229736328125,1920,1080,846.8768310546875,206.4963836669922,950.0870361328125,218.133056640625,103.210205078125,11.636672973632812,6.432779061960445,left,False,"{'safe_roi': (450, 80, 1500, 420), 'cylinder_roi': (800, 190, 1000, 300)}",ok_cylinder_inside_confirmed
2026-09-06 09:25:36,2026-09-06,3140276,2689,19,103.03213500976562,,30.36676025390625,0.6943694353103638,763.4479370117188,180.5233917236328,962.7769165039062,299.4997253417969,199.3289794921875,118.97633361816406,23715.431163830683,863.1124267578125,240.01156616210938,1920,1080,957.8920288085938,220.87173461914062,854.901611328125,217.940185546875,102.99041748046875,2.931549072265625,1.630443420729305,right,False,"{'safe_roi': (450, 80, 1500, 420), 'cylinder_roi': (800, 190, 1000, 300)}",ok_cylinder_inside_confirmed
2026-09-06 09:30:24,2026-09-06,3147188,2689,20,110.46382141113281,,44.42723083496094,0.7863921523094177,827.0752563476562,184.739990234375,1004.8132934570312,297.1877136230469,177.738037109375,112.44772338867188,19986.237632520497,915.9442749023438,240.96385192871094,1920,1080,827.8486938476562,217.22755432128906,938.0926513671875,224.19354248046875,110.24395751953125,6.9659881591796875,3.61554339662648,left,False,"{'safe_roi': (450, 80, 1500, 420), 'cylinder_roi': (800, 190, 1000, 300)}",ok_cylinder_inside_confirmed
2026-09-06 09:30:30,2026-09-06,3147309,2689,20,102.50165557861328,,35.812957763671875,0.7790693044662476,801.8314819335938,178.67117309570312,980.9048461914062,293.2059631347656,179.0733642578125,114.5347900390625,20510.130176857114,891.3681640625,235.93856811523438,1920,1080,818.2581787109375,206.14207458496094,920.4320068359375,214.33346557617188,102.173828125,8.191390991210938,4.58366365270327,left,False,"{'safe_roi': (450, 80, 1500, 420), 'cylinder_roi': (800, 190, 1000, 300)}",ok_cylinder_inside_confirmed
2026-09-06 09:37:34,2026-09-06,3157467,2689,21,98.74734497070312,,35.3902587890625,0.7930040955543518,851.9609375,184.59312438964844,1026.579833984375,300.0304870605469,174.618896484375,115.43736267089844,20157.54488265887,939.2703857421875,242.31179809570312,1920,1080,864.6557006835938,213.85174560546875,962.93505859375,223.4541015625,98.27935791015625,9.60235595703125,5.580355298813722,left,False,"{'safe_roi': (450, 80, 1500, 420), 'cylinder_roi': (800, 190, 1000, 300)}",ok_cylinder_inside_confirmed
2026-09-06 09:37:39,2026-09-06,3157586,2689,21,95.93212890625,,32.43644714355469,0.7652738094329834,848.8976440429688,186.26953125,1025.8494873046875,298.5323181152344,176.95184326171875,112.26278686523438,19865.10706550069,937.37353515625,242.4009246826172,1920,1080,863.1888427734375,210.7823486328125,958.3115844726562,223.2176513671875,95.12274169921875,12.435302734375,7.44798384527394,left,False,"{'safe_roi': (450, 80, 1500, 420), 'cylinder_roi': (800, 190, 1000, 300)}",ok_cylinder_inside_confirmed
2026-09-06 09:37:44,2026-09-06,3157702,2689,21,95.25824737548828,,32.04652404785156,0.794754147529602,847.9085693359375,187.74400329589844,1019.7816162109375,300.08734130859375,171.873046875,112.34333801269531,19308.79180034995,933.8450927734375,243.91567993164062,1920,1080,861.1512451171875,213.81680297851562,955.4512939453125,227.29397583007812,94.300048828125,13.4771728515625,8.133518536195687,left,False,"{'safe_roi': (450, 80, 1500, 420), 'cylinder_roi': (800, 190, 1000, 300)}",ok_cylinder_inside_confirmed
2026-09-06 09:37:49,2026-09-06,3157829,2689,21,98.9697265625,,30.979812622070312,0.784259021282196,848.0905151367188,187.95510864257812,1024.525390625,301.032470703125,176.43487548828125,113.07736206054688,19950.790295695886,936.3079833984375,244.49378967285156,1920,1080,858.059326171875,210.78988647460938,956.2376708984375,223.28065490722656,98.1783447265625,12.490768432617188,7.250519996389867,left,False,"{'safe_roi': (450, 80, 1500, 420), 'cylinder_roi': (800, 190, 1000, 300)}",ok_cylinder_inside_confirmed
2026-09-06 09:37:54,2026-09-06,3157946,2689,21,92.63427734375,,30.533233642578125,0.7671387195587158,848.852294921875,187.33636474609375,1022.575439453125,301.15753173828125,173.72314453125,113.8211669921875,19773.37104409933,935.7138671875,244.2469482421875,1920,1080,865.37158203125,211.18255615234375,957.30859375,222.52694702148438,91.93701171875,11.344390869140625,7.03434510945129,left,False,"{'safe_roi': (450, 80, 1500, 420), 'cylinder_roi': (800, 190, 1000, 300)}",ok_cylinder_inside_confirmed
2026-09-06 09:38:00,2026-09-06,3158071,2689,21,98.43492889404297,,31.257171630859375,0.7762433290481567,848.3975830078125,187.34414672851562,1026.91650390625,301.4210205078125,178.5189208984375,114.07687377929688,20364.880406547338,937.6570434570312,244.38258361816406,1920,1080,862.4378662109375,210.20285034179688,960.1835327148438,221.8312530517578,97.74566650390625,11.628402709960938,6.784358683839544,left,False,"{'safe_roi': (450, 80, 1500, 420), 'cylinder_roi': (800, 190, 1000, 300)}",ok_cylinder_inside_confirmed
2026-09-06 09:38:05,2026-09-06,3158194,2689,21,102.9649429321289,,33.73680114746094,0.7900514006614685,848.7376098632812,187.84080505371094,1029.912109375,301.01104736328125,181.17449951171875,113.17024230957031,20503.56201005634,939.3248291015625,244.42593383789062,1920,1080,859.813232421875,209.71737670898438,962.2092895507812,220.52606201171875,102.39605712890625,10.808685302734375,6.025692661165015,left,False,"{'safe_roi': (450, 80, 1500, 420), 'cylinder_roi': (800, 190, 1000, 300)}",ok_cylinder_inside_confirmed
2026-09-06 09:38:10,2026-09-06,3158317,2689,21,106.32388305664062,,35.714691162109375,0.7868594527244568,847.8737182617188,183.14202880859375,1032.478759765625,299.7267761230469,184.60504150390625,116.58474731445312,21522.132116707042,940.17626953125,241.4344024658203,1920,1080,856.9306640625,209.42039489746094,962.4432373046875,222.53013610839844,105.5125732421875,13.1097412109375,7.0825968989915955,left,False,"{'safe_roi': (450, 80, 1500, 420), 'cylinder_roi': (800, 190, 1000, 300)}",ok_cylinder_inside_confirmed
2026-09-06 09:38:15,2026-09-06,3158443,2689,21,108.42268371582031,,36.2828369140625,0.7720767259597778,846.4729614257812,183.93280029296875,1029.8974609375,300.01153564453125,183.42449951171875,116.0787353515625,21291.683935813606,938.1851806640625,241.97216796875,1920,1080,859.4959716796875,209.5791778564453,967.4036865234375,220.13397216796875,107.90771484375,10.554794311523438,5.586510184366261,left,False,"{'safe_roi': (450, 80, 1500, 420), 'cylinder_roi': (800, 190, 1000, 300)}",ok_cylinder_inside_confirmed
2026-09-06 09:38:20,2026-09-06,3158561,2689,21,110.7127685546875,,40.38966369628906,0.7711950540542603,846.3343505859375,179.95480346679688,1031.3343505859375,299.3604736328125,185.0,119.40567016601562,22090.04898071289,938.8343505859375,239.6576385498047,1920,1080,856.8154296875,204.45431518554688,966.7527465820312,217.5349884033203,109.93731689453125,13.080673217773438,6.785324627315656,left,False,"{'safe_roi': (450, 80, 1500, 420), 'cylinder_roi': (800, 190, 1000, 300)}",ok_cylinder_inside_confirmed
2026-09-06 09:38:26,2026-09-06,3158701,2689,21,107.97402954101562,,36.40385437011719,0.7770137786865234,849.392333984375,179.0362091064453,1035.0263671875,298.35833740234375,185.634033203125,119.32212829589844,22150.24792594835,942.2093505859375,238.697265625,1920,1080,863.6720581054688,206.57557678222656,971.1031494140625,217.3900146484375,107.43109130859375,10.814437866210938,5.748255467491695,left,False,"{'safe_roi': (450, 80, 1500, 420), 'cylinder_roi': (800, 190, 1000, 300)}",ok_cylinder_inside_confirmed
2026-09-06 09:38:31,2026-09-06,3158820,2689,21,111.6531753540039,,40.22393798828125,0.7794405221939087,850.7319946289062,182.3284454345703,1037.261962890625,298.7698059082031,186.52996826171875,116.44136047363281,21719.80327349808,943.9969482421875,240.54913330078125,1920,1080,858.6456298828125,206.1476287841797,969.9855346679688,214.5056610107422,111.33990478515625,8.3580322265625,4.293011384175457,left,False,"{'safe_roi': (450, 80, 1500, 420), 'cylinder_roi': (800, 190, 1000, 300)}",ok_cylinder_inside_confirmed
2026-09-06 09:38:36,2026-09-06,3158938,2689,21,107.96623229980469,,39.283233642578125,0.7923704385757446,854.6474609375,183.39276123046875,1032.818603515625,302.00103759765625,178.171142578125,118.6082763671875,21132.572119563818,943.7330322265625,242.6968994140625,1920,1080,865.3887939453125,207.36056518554688,972.931396484375,216.91549682617188,107.5426025390625,9.554931640625,5.077276315199433,left,False,"{'safe_roi': (450, 80, 1500, 420), 'cylinder_roi': (800, 190, 1000, 300)}",ok_cylinder_inside_confirmed
2026-09-06 09:38:41,2026-09-06,3159056,2689,21,97.334716796875,,37.8043212890625,0.7643700242042542,860.5505981445312,185.55715942382812,1030.1282958984375,302.4805603027344,169.57769775390625,116.92340087890625,19827.60113460198,945.3394775390625,244.01885986328125,1920,1080,869.0880126953125,206.8543243408203,965.953369140625,216.40155029296875,96.8653564453125,9.547225952148438,5.628995861144098,left,False,"{'safe_roi': (450, 80, 1500, 420), 'cylinder_roi': (800, 190, 1000, 300)}",ok_cylinder_inside_confirmed
2026-09-06 09:38:46,2026-09-06,3159178,2689,21,95.66083526611328,,38.329132080078125,0.7803425788879395,864.3450317382812,186.7772674560547,1030.0894775390625,301.0765075683594,165.74444580078125,114.29924011230469,18944.464207864366,947.21728515625,243.9268798828125,1920,1080,869.139404296875,199.8051300048828,964.0001220703125,212.15174865722656,94.8607177734375,12.34661865234375,7.415658234586464,left,False,"{'safe_roi': (450, 80, 1500, 420), 'cylinder_roi': (800, 190, 1000, 300)}",ok_cylinder_inside_confirmed
2026-09-06 09:38:51,2026-09-06,3159297,2689,21,100.73636627197266,,35.33906555175781,0.8001680970191956,866.9234619140625,186.13626098632812,1030.3331298828125,300.80224609375,163.40966796875,114.66598510742188,18737.53055371344,948.6282958984375,243.46925354003906,1920,1080,874.216552734375,197.29701232910156,973.529541015625,214.17141723632812,99.31298828125,16.874404907226562,9.64310919916762,left,False,"{'safe_roi': (450, 80, 1500, 420), 'cylinder_roi': (800, 190, 1000, 300)}",ok_cylinder_inside_confirmed
2026-09-06 09:38:56,2026-09-06,3159418,2689,21,97.68611907958984,,36.1253662109375,0.8121055960655212,864.7526245117188,185.2892303466797,1031.117919921875,302.21728515625,166.36529541015625,116.92805480957031,19452.770380129106,947.935302734375,243.75326538085938,1920,1080,874.052001953125,198.73898315429688,970.6498413085938,213.27981567382812,96.59783935546875,14.54083251953125,8.560438506032419,left,False,"{'safe_roi': (450, 80, 1500, 420), 'cylinder_roi': (800, 190, 1000, 300)}",ok_cylinder_inside_confirmed
2026-09-06 09:39:01,2026-09-06,3159535,2689,21,99.16990661621094,,36.75555419921875,0.8019046187400818,863.53955078125,186.4153594970703,1030.4005126953125,303.2105712890625,166.8609619140625,116.79521179199219,19488.56138656847,946.9700317382812,244.81295776367188,1920,1080,872.77734375,203.17901611328125,971.1707763671875,215.56460571289062,98.3934326171875,12.385589599609375,7.17455483395139,left,False,"{'safe_roi': (450, 80, 1500, 420), 'cylinder_roi': (800, 190, 1000, 300)}",ok_cylinder_inside_confirmed
2026-09-06 09:39:06,2026-09-06,3159648,2689,21,98.23247528076172,,35.92939758300781,0.7891810536384583,867.0078735351562,185.92181396484375,1032.7568359375,302.6327819824219,165.74896240234375,116.71096801757812,19344.7218498867,949.88232421875,244.2772979736328,1920,1080,873.1258544921875,204.30604553222656,970.667724609375,215.93374633789062,97.5418701171875,11.627700805664062,6.797994342927878,left,False,"{'safe_roi': (450, 80, 1500, 420), 'cylinder_roi': (800, 190, 1000, 300)}",ok_cylinder_inside_confirmed
2026-09-06 09:39:17,2026-09-06,3159909,2689,21,107.56576538085938,,41.43907165527344,0.7822121381759644,860.8358764648438,185.58285522460938,1037.9775390625,302.46820068359375,177.14166259765625,116.88534545898438,20705.264427905902,949.40673828125,244.02552795410156,1920,1080,863.9202880859375,207.59228515625,970.9581298828125,218.23623657226562,107.037841796875,10.643951416015625,5.678880893775326,left,False,"{'safe_roi': (450, 80, 1500, 420), 'cylinder_roi': (800, 190, 1000, 300)}",ok_cylinder_inside_confirmed
2026-09-06 09:39:22,2026-09-06,3160026,2689,21,112.76628112792969,,38.214813232421875,0.7660979628562927,860.76171875,186.6927490234375,1038.6080322265625,303.1792297363281,177.8463134765625,116.48648071289062,20716.691164646298,949.6848754882812,244.9359893798828,1920,1080,865.3101806640625,206.75596618652344,976.6930541992188,224.3653106689453,111.38287353515625,17.609344482421875,8.983956446127822,left,False,"{'safe_roi': (450, 80, 1500, 420), 'cylinder_roi': (800, 190, 1000, 300)}",ok_cylinder_inside_confirmed
2026-09-06 09:39:27,2026-09-06,3160142,2689,21,110.75308990478516,,35.18357849121094,0.7667128443717957,861.3942260742188,187.50213623046875,1040.09228515625,303.4425048828125,178.69805908203125,115.94036865234375,20718.318847429007,950.7432861328125,245.47232055664062,1920,1080,864.6990966796875,208.1592559814453,973.9910888671875,226.08990478515625,109.2919921875,17.930648803710938,9.3170510155943,left,False,"{'safe_roi': (450, 80, 1500, 420), 'cylinder_roi': (800, 190, 1000, 300)}",ok_cylinder_inside_confirmed
2026-09-06 09:39:32,2026-09-06,3160261,2689,21,106.5578842163086,,38.301422119140625,0.7859117388725281,861.2847900390625,188.01206970214844,1038.3077392578125,303.76507568359375,177.02294921875,115.75300598144531,20490.93849977106,949.7962646484375,245.88858032226562,1920,1080,867.0734252929688,213.60914611816406,973.328125,221.6416778564453,106.25469970703125,8.03253173828125,4.323163489463223,left,False,"{'safe_roi': (450, 80, 1500, 420), 'cylinder_roi': (800, 190, 1000, 300)}",ok_cylinder_inside_confirmed
2026-09-06 09:39:37,2026-09-06,3160379,2689,21,112.71822357177734,,38.890533447265625,0.7863369584083557,860.57666015625,186.63902282714844,1038.6292724609375,303.488525390625,178.0526123046875,116.84950256347656,20805.35917793028,949.6029663085938,245.06378173828125,1920,1080,862.0587768554688,209.12596130371094,974.209228515625,220.42529296875,112.15045166015625,11.299331665039062,5.753224170049411,left,False,"{'safe_roi': (450, 80, 1500, 420), 'cylinder_roi': (800, 190, 1000, 300)}",ok_cylinder_inside_confirmed
2026-09-06 09:39:42,2026-09-06,3160500,2689,21,111.6310806274414,,38.72966003417969,0.7732729911804199,859.9816284179688,187.9166717529297,1041.3310546875,304.44171142578125,181.34942626953125,116.52503967285156,21131.749090706,950.6563720703125,246.17919921875,1920,1080,864.74462890625,213.99429321289062,975.973388671875,223.46322631835938,111.228759765625,9.46893310546875,4.8658725819412165,left,False,"{'safe_roi': (450, 80, 1500, 420), 'cylinder_roi': (800, 190, 1000, 300)}",ok_cylinder_inside_confirmed
2026-09-06 09:39:47,2026-09-06,3160624,2689,21,117.77936553955078,,39.54676818847656,0.7737658619880676,858.307373046875,188.5139617919922,1039.525146484375,305.3245849609375,181.2177734375,116.81062316894531,21168.16104452312,948.916259765625,246.91928100585938,1920,1080,862.2492065429688,208.2736053466797,978.6840209960938,226.01937866210938,116.434814453125,17.745773315429688,8.665734669483657,left,False,"{'safe_roi': (450, 80, 1500, 420), 'cylinder_roi': (800, 190, 1000, 300)}",ok_cylinder_inside_confirmed
2026-09-06 09:39:52,2026-09-06,3160743,2689,21,99.26573944091797,,32.99220275878906,0.7672037482261658,856.7594604492188,188.5693359375,1041.776123046875,303.6701354980469,185.01666259765625,115.10079956054688,21295.565797014162,949.267822265625,246.11973571777344,1920,1080,875.161376953125,219.58541870117188,974.345458984375,223.6109619140625,99.18408203125,4.025543212890625,2.3241644306065368,left,False,"{'safe_roi': (450, 80, 1500, 420), 'cylinder_roi': (800, 190, 1000, 300)}",ok_cylinder_inside_confirmed
2026-09-06 09:39:57,2026-09-06,3160866,2689,21,110.4454345703125,,38.12022399902344,0.778605580329895,860.3267211914062,188.49423217773438,1042.361083984375,304.1487731933594,182.03436279296875,115.654541015625,21053.100677892566,951.3438720703125,246.32150268554688,1920,1080,864.82958984375,210.55162048339844,974.70751953125,221.7335205078125,109.8779296875,11.181900024414062,5.810790367430262,left,False,"{'safe_roi': (450, 80, 1500, 420), 'cylinder_roi': (800, 190, 1000, 300)}",ok_cylinder_inside_confirmed
2026-09-06 09:40:02,2026-09-06,3160992,2689,21,104.11993408203125,,36.33660888671875,0.7804862260818481,858.9586791992188,189.2458953857422,1040.45361328125,303.59674072265625,181.49493408203125,114.35084533691406,20754.09913664777,949.7061767578125,246.42132568359375,1920,1080,867.868408203125,213.1455078125,971.6612548828125,221.39202880859375,103.7928466796875,8.24652099609375,4.5427059852743845,left,False,"{'safe_roi': (450, 80, 1500, 420), 'cylinder_roi': (800, 190, 1000, 300)}",ok_cylinder_inside_confirmed
2026-09-06 09:40:07,2026-09-06,3161117,2689,21,101.10270690917969,,32.133270263671875,0.7749708294868469,857.9388427734375,189.077392578125,1039.1112060546875,303.7695007324219,181.17236328125,114.69210815429688,20779.04028402269,948.5250244140625,246.42344665527344,1920,1080,872.2642211914062,218.7864990234375,973.3165283203125,221.97845458984375,101.05230712890625,3.19195556640625,1.8092095005739577,left,False,"{'safe_roi': (450, 80, 1500, 420), 'cylinder_roi': (800, 190, 1000, 300)}",ok_cylinder_inside_confirmed
2026-09-06 09:40:12,2026-09-06,3161236,2689,21,113.30675506591797,,40.14501953125,0.7717957496643066,858.1891479492188,187.8570098876953,1041.4293212890625,303.99090576171875,183.24017333984375,116.13389587402344,21280.39521058742,949.8092041015625,245.9239501953125,1920,1080,858.6104736328125,214.22967529296875,971.7037353515625,221.18199157714844,113.09326171875,6.9523162841796875,3.517784578494077,left,False,"{'safe_roi': (450, 80, 1500, 420), 'cylinder_roi': (800, 190, 1000, 300)}",ok_cylinder_inside_confirmed
2026-09-06 09:40:17,2026-09-06,3161355,2689,21,115.75269317626953,,37.35333251953125,0.7817914485931396,857.0159301757812,188.4339599609375,1040.1146240234375,305.3992004394531,183.09869384765625,116.96524047851562,21416.182757193223,948.5653076171875,246.9165802001953,1920,1080,858.4276123046875,209.9626007080078,973.4913330078125,222.57315063476562,115.063720703125,12.610549926757812,6.254439713958054,left,False,"{'safe_roi': (450, 80, 1500, 420), 'cylinder_roi': (800, 190, 1000, 300)}",ok_cylinder_inside_confirmed
2026-09-06 09:43:35,2026-09-06,3166169,2689,22,110.11883544921875,,24.548309326171875,0.7731131911277771,752.2193603515625,181.7374725341797,942.204345703125,297.87994384765625,189.9849853515625,116.14247131347656,22065.325711185113,847.2118530273438,239.8087158203125,1920,1080,926.9332275390625,215.16534423828125,817.5169067382812,227.58416748046875,109.41632080078125,12.4188232421875,6.475396738687369,right,False,"{'safe_roi': (450, 80, 1500, 420), 'cylinder_roi': (800, 190, 1000, 300)}",ok_cylinder_inside_confirmed
2026-09-06 09:44:40,2026-09-06,3167755,2689,23,117.07756805419922,,27.03466796875,0.5806602239608765,790.4088134765625,176.5110626220703,992.13525390625,295.3033142089844,201.7264404296875,118.79225158691406,23963.53806325607,891.2720336914062,235.90719604492188,1920,1080,987.771484375,205.7831268310547,870.7283935546875,208.62423706054688,117.0430908203125,2.8411102294921875,1.390527737482457,right,False,"{'safe_roi': (450, 80, 1500, 420), 'cylinder_roi': (800, 190, 1000, 300)}",ok_cylinder_inside_confirmed
2026-09-06 09:44:45,2026-09-06,3167881,2689,23,118.01087951660156,,22.259918212890625,0.7528038620948792,789.7800903320312,177.15040588378906,988.1532592773438,292.133544921875,198.3731689453125,114.98313903808594,22809.56966626458,888.9666748046875,234.6419677734375,1920,1080,985.5650634765625,210.43841552734375,867.6114501953125,214.1144256591797,117.95361328125,3.6760101318359375,1.7850383018576326,right,False,"{'safe_roi': (450, 80, 1500, 420), 'cylinder_roi': (800, 190, 1000, 300)}",ok_cylinder_inside_confirmed
2026-09-06 09:44:50,2026-09-06,3167989,2689,23,119.63811492919922,,20.622650146484375,0.6925837397575378,789.19189453125,176.49288940429688,987.8291015625,292.728759765625,198.63720703125,116.23587036132812,23088.76864542067,888.510498046875,234.61082458496094,1920,1080,985.3566284179688,212.53375244140625,865.8309326171875,217.718994140625,119.52569580078125,5.18524169921875,2.4840374204374194,right,False,"{'safe_roi': (450, 80, 1500, 420), 'cylinder_roi': (800, 190, 1000, 300)}",ok_cylinder_inside_confirmed
2026-09-06 09:44:55,2026-09-06,3168091,2689,23,120.16552734375,,21.572219848632812,0.6662139892578125,787.3055419921875,175.87680053710938,987.3826904296875,291.946044921875,200.0771484375,116.06924438476562,23222.803437799215,887.3441162109375,233.9114227294922,1920,1080,984.267578125,210.4498291015625,864.2261962890625,215.91058349609375,120.0413818359375,5.46075439453125,2.604623670212547,right,False,"{'safe_roi': (450, 80, 1500, 420), 'cylinder_roi': (800, 190, 1000, 300)}",ok_cylinder_inside_confirmed
2026-09-06 09:45:00,2026-09-06,3168203,2689,23,117.78711700439453,,26.984542846679688,0.702564537525177,786.1821899414062,176.43650817871094,986.7337036132812,293.98486328125,200.551513671875,117.54835510253906,23574.50054545328,886.4579467773438,235.210693359375,1920,1080,982.4227905273438,208.30517578125,864.911376953125,216.35951232910156,117.51141357421875,8.054336547851562,3.920971187347189,right,False,"{'safe_roi': (450, 80, 1500, 420), 'cylinder_roi': (800, 190, 1000, 300)}",ok_cylinder_inside_confirmed
2026-09-06 09:45:05,2026-09-06,3168316,2689,23,112.62934875488281,,24.5113525390625,0.46881699562072754,783.8964233398438,175.31199645996094,983.1570434570312,293.03997802734375,199.2606201171875,117.72798156738281,23458.55061226152,883.5267333984375,234.17599487304688,1920,1080,978.4737548828125,211.61386108398438,865.982666015625,217.19290161132812,112.4910888671875,5.57904052734375,2.839280687585818,right,False,"{'safe_roi': (450, 80, 1500, 420), 'cylinder_roi': (800, 190, 1000, 300)}",ok_cylinder_inside_confirmed
2026-09-06 09:45:12,2026-09-06,3168456,2689,23,111.74164581298828,,19.950210571289062,0.4577978849411011,782.3148803710938,175.36163330078125,982.3215942382812,293.38604736328125,200.0067138671875,118.0244140625,23605.675212740898,882.3182373046875,234.37384033203125,1920,1080,976.7896728515625,212.1225128173828,865.159423828125,217.1107940673828,111.6302490234375,4.98828125,2.5586026884091235,right,False,"{'safe_roi': (450, 80, 1500, 420), 'cylinder_roi': (800, 190, 1000, 300)}",ok_cylinder_inside_confirmed
2026-09-06 09:45:17,2026-09-06,3168571,2689,23,114.58078002929688,,18.384735107421875,0.5159231424331665,779.840576171875,173.34817504882812,981.9642333984375,292.1563415527344,202.1236572265625,118.80816650390625,24013.94112215191,880.9024047851562,232.75225830078125,1920,1080,977.05859375,211.0469512939453,862.7687377929688,219.20687866210938,114.28985595703125,8.159927368164062,4.083804340958873,right,False,"{'safe_roi': (450, 80, 1500, 420), 'cylinder_roi': (800, 190, 1000, 300)}",ok_cylinder_inside_confirmed
2026-09-06 09:45:22,2026-09-06,3168685,2689,23,114.26405334472656,,19.545120239257812,0.657356321811676,779.4406127929688,175.359375,979.4577026367188,291.6877136230469,200.01708984375,116.32833862304688,23267.65575774014,879.4491577148438,233.52354431152344,1920,1080,974.29150390625,215.67691040039062,860.2205810546875,222.317626953125,114.0709228515625,6.640716552734375,3.3317524243430006,right,False,"{'safe_roi': (450, 80, 1500, 420), 'cylinder_roi': (800, 190, 1000, 300)}",ok_cylinder_inside_confirmed
2026-09-06 09:45:27,2026-09-06,3168790,2689,23,116.83008575439453,,24.318817138671875,0.702614963054657,779.6764526367188,179.41647338867188,977.5302124023438,292.5041809082031,197.853759765625,113.08770751953125,22374.8281160146,878.6033325195312,235.9603271484375,1920,1080,973.3485107421875,212.70480346679688,856.8175048828125,221.05905151367188,116.531005859375,8.354248046875,4.100587821122949,right,False,"{'safe_roi': (450, 80, 1500, 420), 'cylinder_roi': (800, 190, 1000, 300)}",ok_cylinder_inside_confirmed
2026-09-06 09:45:32,2026-09-06,3168901,2689,23,116.45486450195312,,25.115264892578125,0.6344462037086487,778.7606201171875,179.81085205078125,975.411376953125,293.5605773925781,196.6507568359375,113.74972534179688,22368.969578344375,877.0859985351562,236.6857147216797,1920,1080,970.0889282226562,215.45184326171875,853.7604370117188,220.8756103515625,116.3284912109375,5.42376708984375,2.6694584624062068,right,False,"{'safe_roi': (450, 80, 1500, 420), 'cylinder_roi': (800, 190, 1000, 300)}",ok_cylinder_inside_confirmed
2026-09-06 09:45:50,2026-09-06,3169306,2689,23,116.695068359375,,21.9840087890625,0.686084508895874,775.9853515625,181.08270263671875,972.57177734375,295.379150390625,196.58642578125,114.29644775390625,22469.13014343381,874.278564453125,238.23092651367188,1920,1080,967.9797973632812,214.0825653076172,851.4058837890625,219.39865112304688,116.57391357421875,5.3160858154296875,2.6110335710092594,right,False,"{'safe_roi': (450, 80, 1500, 420), 'cylinder_roi': (800, 190, 1000, 300)}",ok_cylinder_inside_confirmed
2026-09-06 09:45:55,2026-09-06,3169425,2689,23,119.30362701416016,,22.5877685546875,0.6979377269744873,776.7651977539062,181.7964630126953,972.4983520507812,294.59649658203125,195.733154296875,112.80003356933594,22078.70637531951,874.6317749023438,238.19647216796875,1920,1080,965.28173828125,215.91104125976562,846.14501953125,222.21951293945312,119.13671875,6.3084716796875,3.031068469516348,right,False,"{'safe_roi': (450, 80, 1500, 420), 'cylinder_roi': (800, 190, 1000, 300)}",ok_cylinder_inside_confirmed
2026-09-06 09:46:00,2026-09-06,3169537,2689,23,114.18746185302734,,18.001190185546875,0.6171964406967163,776.29150390625,177.92141723632812,974.0762939453125,293.16754150390625,197.7847900390625,115.24612426757812,22793.930491078645,875.1838989257812,235.5444793701172,1920,1080,961.7179565429688,218.51739501953125,847.7294311523438,225.2547607421875,113.988525390625,6.73736572265625,3.3825688948978736,right,False,"{'safe_roi': (450, 80, 1500, 420), 'cylinder_roi': (800, 190, 1000, 300)}",ok_cylinder_inside_confirmed
2026-09-06 09:46:05,2026-09-06,3169651,2689,23,115.40028381347656,,13.056671142578125,0.497513085603714,777.2046508789062,181.54702758789062,971.0232543945312,296.00970458984375,193.818603515625,114.46267700195312,22184.9962111786,874.1139526367188,238.7783660888672,1920,1080,958.971435546875,216.35867309570312,843.7645263671875,223.03656005859375,115.2069091796875,6.677886962890625,3.317397307029061,right,False,"{'safe_roi': (450, 80, 1500, 420), 'cylinder_roi': (800, 190, 1000, 300)}",ok_cylinder_inside_confirmed
2026-09-06 09:46:10,2026-09-06,3169761,2689,23,117.4784164428711,,22.388504028320312,0.6536058783531189,776.9589233398438,184.6205596923828,970.8645629882812,298.2249755859375,193.9056396484375,113.60441589355469,22028.53693072684,873.9117431640625,241.42276000976562,1920,1080,957.6593017578125,215.08470153808594,840.4589233398438,223.16238403320312,117.20037841796875,8.077682495117188,3.942703703813685,right,False,"{'safe_roi': (450, 80, 1500, 420), 'cylinder_roi': (800, 190, 1000, 300)}",ok_cylinder_inside_confirmed
2026-09-06 09:46:15,2026-09-06,3169876,2689,23,108.24898529052734,,23.233871459960938,0.6774112582206726,776.8324584960938,184.76687622070312,969.0430297851562,297.7197570800781,192.2105712890625,112.952880859375,21710.73775872588,872.937744140625,241.24331665039062,1920,1080,957.439208984375,215.84779357910156,849.6326904296875,225.6251983642578,107.8065185546875,9.77740478515625,5.182206090633262,right,False,"{'safe_roi': (450, 80, 1500, 420), 'cylinder_roi': (800, 190, 1000, 300)}",ok_cylinder_inside_confirmed
2026-09-06 09:46:33,2026-09-06,3170272,2689,23,114.47944641113281,,15.117156982421875,0.6194666624069214,789.5345458984375,176.45469665527344,986.2889404296875,295.061767578125,196.75439453125,118.60707092285156,23336.462426550686,887.9117431640625,235.75823974609375,1920,1080,978.81591796875,216.51763916015625,864.3560791015625,218.63650512695312,114.4598388671875,2.118865966796875,1.060531043614864,right,False,"{'safe_roi': (450, 80, 1500, 420), 'cylinder_roi': (800, 190, 1000, 300)}",ok_cylinder_inside_confirmed
2026-09-06 09:46:38,2026-09-06,3170388,2689,23,117.6014404296875,,18.4049072265625,0.7663085460662842,794.3981323242188,177.51255798339844,986.2760620117188,295.0060119628906,191.8779296875,117.49345397949219,22544.40070141852,890.3370971679688,236.25927734375,1920,1080,977.6566162109375,215.92430114746094,860.1259765625,220.00433349609375,117.5306396484375,4.0800323486328125,1.988203221872117,right,False,"{'safe_roi': (450, 80, 1500, 420), 'cylinder_roi': (800, 190, 1000, 300)}",ok_cylinder_inside_confirmed
2026-09-06 09:46:43,2026-09-06,3170515,2689,23,108.55809020996094,,14.839584350585938,0.6569787859916687,793.7085571289062,177.18414306640625,985.4801635742188,294.90167236328125,191.7716064453125,117.717529296875,22574.879700034857,889.5943603515625,236.04290771484375,1920,1080,970.8494873046875,218.14186096191406,862.37060546875,222.28814697265625,108.4788818359375,4.1462860107421875,2.188897029880387,right,False,"{'safe_roi': (450, 80, 1500, 420), 'cylinder_roi': (800, 190, 1000, 300)}",ok_cylinder_inside_confirmed
2026-09-06 09:46:48,2026-09-06,3170637,2689,23,115.98760223388672,,14.152389526367188,0.6515493392944336,793.3062744140625,176.19358825683594,984.0687255859375,293.6385498046875,190.762451171875,117.44496154785156,22404.08874265477,888.6875,234.91607666015625,1920,1080,973.873046875,216.5440216064453,858.03466796875,222.42562866210938,115.83837890625,5.8816070556640625,2.906654260419585,right,False,"{'safe_roi': (450, 80, 1500, 420), 'cylinder_roi': (800, 190, 1000, 300)}",ok_cylinder_inside_confirmed
2026-09-06 09:46:53,2026-09-06,3170755,2689,23,109.0319595336914,,17.589492797851562,0.7136866450309753,796.5107421875,178.2025604248047,986.9659423828125,293.3909912109375,190.4552001953125,115.18843078613281,21938.235645556822,891.7383422851562,235.79678344726562,1920,1080,968.5400390625,216.88693237304688,859.7966918945312,224.81491088867188,108.74334716796875,7.927978515625,4.169795083578864,right,False,"{'safe_roi': (450, 80, 1500, 420), 'cylinder_roi': (800, 190, 1000, 300)}",ok_cylinder_inside_confirmed
2026-09-06 09:46:58,2026-09-06,3170869,2689,23,112.30207824707031,,10.87164306640625,0.5592077374458313,796.4182739257812,177.010498046875,985.2224731445312,294.1832275390625,188.80419921875,117.1727294921875,22122.703362047672,890.8203735351562,235.59686279296875,1920,1080,971.1378173828125,215.98983764648438,859.033203125,222.64654541015625,112.1046142578125,6.656707763671875,3.3982003844591433,right,False,"{'safe_roi': (450, 80, 1500, 420), 'cylinder_roi': (800, 190, 1000, 300)}",ok_cylinder_inside_confirmed
2026-09-06 09:47:03,2026-09-06,3170989,2689,23,114.70623016357422,,9.580413818359375,0.6446073651313782,795.1360473632812,178.24249267578125,982.8417358398438,293.5531921386719,187.7056884765625,115.31069946289062,21644.47423139587,888.9888916015625,235.89784240722656,1920,1080,974.455078125,218.5840606689453,859.7581787109375,220.04736328125,114.6968994140625,1.4633026123046875,0.7309396842464577,right,False,"{'safe_roi': (450, 80, 1500, 420), 'cylinder_roi': (800, 190, 1000, 300)}",ok_cylinder_inside_confirmed
2026-09-06 09:47:08,2026-09-06,3171114,2689,23,117.79308319091797,,7.181793212890625,0.4655918776988983,796.0866088867188,177.19752502441406,983.7866821289062,293.4947204589844,187.7000732421875,116.29719543457031,21828.99210092984,889.9366455078125,235.34613037109375,1920,1080,976.7420654296875,215.51712036132812,859.1410522460938,222.2410888671875,117.60101318359375,6.723968505859375,3.2723869863926676,right,False,"{'safe_roi': (450, 80, 1500, 420), 'cylinder_roi': (800, 190, 1000, 300)}",ok_cylinder_inside_confirmed
2026-09-06 09:47:13,2026-09-06,3171236,2689,23,118.20623016357422,,9.501129150390625,0.7274196743965149,795.810546875,177.59278869628906,984.130859375,292.468994140625,188.3203125,114.87620544433594,21633.522908091545,889.970703125,235.0308837890625,1920,1080,977.3541870117188,216.878173828125,859.3539428710938,223.85348510742188,118.000244140625,6.975311279296875,3.3829706574634817,right,False,"{'safe_roi': (450, 80, 1500, 420), 'cylinder_roi': (800, 190, 1000, 300)}",ok_cylinder_inside_confirmed
2026-09-06 09:47:18,2026-09-06,3171357,2689,23,107.40425872802734,,6.52447509765625,0.7152014374732971,796.5601196289062,176.38235473632812,983.4447631835938,293.5148010253906,186.8846435546875,117.1324462890625,21890.255473420024,890.00244140625,234.94857788085938,1920,1080,965.5242309570312,220.76588439941406,858.1336669921875,222.48117065429688,107.39056396484375,1.7152862548828125,0.9150739428409008,right,False,"{'safe_roi': (450, 80, 1500, 420), 'cylinder_roi': (800, 190, 1000, 300)}",ok_cylinder_inside_confirmed
2026-09-06 09:47:23,2026-09-06,3171475,2689,23,116.49916076660156,,17.773178100585938,0.6963210105895996,797.1436157226562,177.82516479492188,984.5449829101562,293.64508056640625,187.4013671875,115.81991577148438,21704.810563117266,890.8442993164062,235.73512268066406,1920,1080,975.699951171875,216.55291748046875,859.455810546875,224.25704956054688,116.244140625,7.704132080078125,3.791758054944752,right,False,"{'safe_roi': (450, 80, 1500, 420), 'cylinder_roi': (800, 190, 1000, 300)}",ok_cylinder_inside_confirmed
2026-09-06 09:47:28,2026-09-06,3171600,2689,23,116.68134307861328,,10.518844604492188,0.7083615660667419,797.34228515625,178.61105346679688,984.2696533203125,293.7249450683594,186.9273681640625,115.1138916015625,21517.936796203256,890.8059692382812,236.16799926757812,1920,1080,976.58935546875,221.05825805664062,859.940185546875,223.79827880859375,116.649169921875,2.740020751953125,1.345596895477882,right,False,"{'safe_roi': (450, 80, 1500, 420), 'cylinder_roi': (800, 190, 1000, 300)}",ok_cylinder_inside_confirmed
2026-09-06 09:47:33,2026-09-06,3171725,2689,23,116.88591766357422,,7.112030029296875,0.6466255784034729,797.1415405273438,178.41943359375,984.3643188476562,293.14593505859375,187.2227783203125,114.72650146484375,21479.41435121745,890.7529296875,235.78268432617188,1920,1080,975.263671875,218.17605590820312,858.5809326171875,225.06488037109375,116.6827392578125,6.888824462890625,3.3787596851899253,right,False,"{'safe_roi': (450, 80, 1500, 420), 'cylinder_roi': (800, 190, 1000, 300)}",ok_cylinder_inside_confirmed
2026-09-06 09:47:38,2026-09-06,3171844,2689,23,116.21659851074219,,15.749481201171875,0.7422676086425781,798.3654174804688,177.0576934814453,983.5737915039062,290.11700439453125,185.2083740234375,113.05931091308594,20939.53114242293,890.9696044921875,233.58734130859375,1920,1080,977.109619140625,219.87042236328125,860.9118041992188,221.95974731445312,116.19781494140625,2.089324951171875,1.0301106203620058,right,False,"{'safe_roi': (450, 80, 1500, 420), 'cylinder_roi': (800, 190, 1000, 300)}",ok_cylinder_inside_confirmed
2026-09-06 09:47:43,2026-09-06,3171964,2689,23,117.2024154663086,,11.73858642578125,0.7399804592132568,799.12109375,177.15504455566406,983.441650390625,289.6580810546875,184.320556640625,112.50303649902344,20736.62231126055,891.2813720703125,233.40655517578125,1920,1080,979.0098266601562,216.91241455078125,861.8846435546875,221.16647338867188,117.12518310546875,4.254058837890625,2.0801036644189788,right,False,"{'safe_roi': (450, 80, 1500, 420), 'cylinder_roi': (800, 190, 1000, 300)}",ok_cylinder_inside_confirmed
2026-09-06 09:47:48,2026-09-06,3172082,2689,23,112.11060333251953,,17.8873291015625,0.6969486474990845,797.5126953125,178.2225341796875,982.6044921875,291.6467590332031,185.091796875,113.42422485351562,20993.89358729124,890.05859375,234.9346466064453,1920,1080,973.51416015625,221.12152099609375,861.4682006835938,224.92808532714844,112.04595947265625,3.8065643310546875,1.9457749365467392,right,False,"{'safe_roi': (450, 80, 1500, 420), 'cylinder_roi': (800, 190, 1000, 300)}",ok_cylinder_inside_confirmed
2026-09-06 09:48:50,2026-09-06,3173549,2689,24,115.83163452148438,,48.075408935546875,0.8145990967750549,841.691162109375,180.6394805908203,1035.88037109375,297.02886962890625,194.189208984375,116.38938903808594,22601.563391480595,938.7857666015625,238.83416748046875,1920,1080,842.387939453125,210.42774963378906,958.0999755859375,205.16546630859375,115.7120361328125,5.2622833251953125,2.6038693522569054,left,False,"{'safe_roi': (450, 80, 1500, 420), 'cylinder_roi': (800, 190, 1000, 300)}",ok_cylinder_inside_confirmed
2026-09-06 09:48:55,2026-09-06,3173662,2689,24,109.36689758300781,,50.82341003417969,0.7687858939170837,848.9883422851562,179.7881622314453,1024.753662109375,298.3226013183594,175.76531982421875,118.53443908691406,20834.243596295826,936.8709716796875,239.05538940429688,1920,1080,848.7295532226562,211.2703094482422,958.0501708984375,208.0889129638672,109.32061767578125,3.181396484375,1.6669239873478676,left,False,"{'safe_roi': (450, 80, 1500, 420), 'cylinder_roi': (800, 190, 1000, 300)}",ok_cylinder_inside_confirmed
2026-09-06 09:49:00,2026-09-06,3173778,2689,24,106.93628692626953,,49.748809814453125,0.764663815498352,847.8102416992188,180.9259033203125,1020.2660522460938,299.121826171875,172.455810546875,118.1959228515625,20383.573678702116,934.0381469726562,240.02386474609375,1920,1080,850.1766357421875,208.169189453125,957.1075439453125,207.096923828125,106.930908203125,1.072265625,0.5745227153635422,left,False,"{'safe_roi': (450, 80, 1500, 420), 'cylinder_roi': (800, 190, 1000, 300)}",ok_cylinder_inside_confirmed
2026-09-06 09:49:05,2026-09-06,3173895,2689,24,111.31654357910156,,44.310211181640625,0.7542725801467896,847.560546875,182.26516723632812,1022.40625,299.4647216796875,174.845703125,117.19955444335938,20491.838502585888,934.9833984375,240.8649444580078,1920,1080,847.7848510742188,207.00466918945312,958.925048828125,213.26803588867188,111.14019775390625,6.26336669921875,3.2255232162045933,left,False,"{'safe_roi': (450, 80, 1500, 420), 'cylinder_roi': (800, 190, 1000, 300)}",ok_cylinder_inside_confirmed
2026-09-06 09:49:10,2026-09-06,3174015,2689,24,107.78082275390625,,40.004364013671875,0.7672193050384521,845.2312622070312,184.17823791503906,1015.6172485351562,297.74237060546875,170.385986328125,113.56413269042969,19349.736759956926,930.4242553710938,240.96029663085938,1920,1080,846.4906005859375,209.27491760253906,954.101806640625,215.31927490234375,107.6112060546875,6.0443572998046875,3.2148385502515153,left,False,"{'safe_roi': (450, 80, 1500, 420), 'cylinder_roi': (800, 190, 1000, 300)}",ok_cylinder_inside_confirmed
2026-09-06 09:49:15,2026-09-06,3174132,2689,24,106.048583984375,,37.49089050292969,0.7517663836479187,843.2192993164062,185.18910217285156,1010.1041870117188,297.744873046875,166.8848876953125,112.55577087402344,18783.857181770727,926.6617431640625,241.46697998046875,1920,1080,846.2935180664062,206.23974609375,951.9691772460938,215.12554931640625,105.6756591796875,8.88580322265625,4.80644455490914,left,False,"{'safe_roi': (450, 80, 1500, 420), 'cylinder_roi': (800, 190, 1000, 300)}",ok_cylinder_inside_confirmed
2026-09-06 09:50:58,2026-09-06,3176597,2689,25,111.25395965576172,,41.52008056640625,0.7702169418334961,843.23974609375,182.91331481933594,1026.9520263671875,300.14654541015625,183.7122802734375,117.23323059082031,21537.184115661308,935.0958862304688,241.52993774414062,1920,1080,845.5834350585938,211.7618408203125,956.7857666015625,215.15069580078125,111.20233154296875,3.38885498046875,1.7455300667160747,left,False,"{'safe_roi': (450, 80, 1500, 420), 'cylinder_roi': (800, 190, 1000, 300)}",ok_cylinder_inside_confirmed
2026-09-06 09:51:03,2026-09-06,3176715,2689,25,111.78433990478516,,39.303466796875,0.7710110545158386,841.8509521484375,182.92559814453125,1024.6214599609375,299.8079528808594,182.7705078125,116.88235473632812,21362.647329479456,933.2362060546875,241.3667755126953,1920,1080,845.1372680664062,210.37937927246094,956.762939453125,216.33319091796875,111.62567138671875,5.9538116455078125,3.0531090016213316,left,False,"{'safe_roi': (450, 80, 1500, 420), 'cylinder_roi': (800, 190, 1000, 300)}",ok_cylinder_inside_confirmed
2026-09-06 09:51:08,2026-09-06,3176836,2689,25,115.29788970947266,,39.345489501953125,0.7541546821594238,840.8676147460938,184.01475524902344,1025.168212890625,299.16754150390625,184.30059814453125,115.15278625488281,21222.72738478426,933.0179443359375,241.59115600585938,1920,1080,841.6300659179688,208.71829223632812,956.75390625,215.05105590820312,115.12384033203125,6.332763671875,3.14856869469366,left,False,"{'safe_roi': (450, 80, 1500, 420), 'cylinder_roi': (800, 190, 1000, 300)}",ok_cylinder_inside_confirmed
2026-09-06 09:51:13,2026-09-06,3176962,2689,25,108.0324478149414,,39.59599304199219,0.7619850635528564,842.00537109375,183.7535858154297,1024.3575439453125,301.4912109375,182.3521728515625,117.73762512207031,21469.711767392233,933.1814575195312,242.62240600585938,1920,1080,846.884765625,212.24691772460938,954.916259765625,211.79385375976562,108.031494140625,0.45306396484375,0.2402864188405873,left,False,"{'safe_roi': (450, 80, 1500, 420), 'cylinder_roi': (800, 190, 1000, 300)}",ok_cylinder_inside_confirmed
2026-09-06 09:51:18,2026-09-06,3177085,2689,25,113.09215545654297,,43.12017822265625,0.7680125832557678,842.5914916992188,181.83348083496094,1023.4110717773438,300.42645263671875,180.819580078125,118.59297180175781,21443.931361410767,933.0012817382812,241.12997436523438,1920,1080,842.9840698242188,213.95887756347656,956.0748291015625,213.3971710205078,113.09075927734375,0.56170654296875,0.28457806627451543,left,False,"{'safe_roi': (450, 80, 1500, 420), 'cylinder_roi': (800, 190, 1000, 300)}",ok_cylinder_inside_confirmed
2026-09-06 09:51:23,2026-09-06,3177203,2689,25,110.61820220947266,,40.02677917480469,0.7733494639396667,841.760986328125,182.4087371826172,1025.58740234375,298.63818359375,183.826416015625,116.22944641113281,21366.042569238693,933.6741943359375,240.52346801757812,1920,1080,846.859375,209.04708862304688,956.9308471679688,220.03155517578125,110.07147216796875,10.984466552734375,5.698903767541826,left,False,"{'safe_roi': (450, 80, 1500, 420), 'cylinder_roi': (800, 190, 1000, 300)}",ok_cylinder_inside_confirmed
2026-09-06 09:51:28,2026-09-06,3177325,2689,25,111.44766235351562,,41.26979064941406,0.7577243447303772,841.47705078125,184.9818115234375,1023.644287109375,298.4410400390625,182.167236328125,113.459228515625,20668.5540946126,932.5606689453125,241.71142578125,1920,1080,843.55224609375,209.50140380859375,954.6998291015625,217.67428588867188,111.1475830078125,8.172882080078125,4.205493222585504,left,False,"{'safe_roi': (450, 80, 1500, 420), 'cylinder_roi': (800, 190, 1000, 300)}",ok_cylinder_inside_confirmed
2026-09-06 09:51:33,2026-09-06,3177440,2689,25,113.55911254882812,,37.90223693847656,0.7678830027580261,841.2760009765625,184.03163146972656,1024.57763671875,298.9543762207031,183.3016357421875,114.92274475097656,21065.527096835896,932.9268188476562,241.49301147460938,1920,1080,842.6576538085938,208.41685485839844,955.37255859375,222.2379150390625,112.71490478515625,13.821060180664062,6.9906904505088185,left,False,"{'safe_roi': (450, 80, 1500, 420), 'cylinder_roi': (800, 190, 1000, 300)}",ok_cylinder_inside_confirmed
2026-09-06 09:51:38,2026-09-06,3177560,2689,25,105.503173828125,,48.83985900878906,0.7729910612106323,843.39111328125,182.42198181152344,1026.8228759765625,298.49078369140625,183.4317626953125,116.06880187988281,21290.704922759905,935.1069946289062,240.45639038085938,1920,1080,843.13720703125,208.8600311279297,948.069091796875,219.82447814941406,104.931884765625,10.964447021484375,5.96525100129615,left,False,"{'safe_roi': (450, 80, 1500, 420), 'cylinder_roi': (800, 190, 1000, 300)}",ok_cylinder_inside_confirmed
2026-09-06 09:51:43,2026-09-06,3177677,2689,25,104.04041290283203,,42.5556640625,0.7563064694404602,844.0568237304688,183.0385284423828,1024.6607666015625,298.69384765625,180.60394287109375,115.65531921386719,20887.80666403938,934.3587646484375,240.86618041992188,1920,1080,849.6924438476562,216.48806762695312,953.7184448242188,218.21966552734375,104.0260009765625,1.731597900390625,0.9536470560637099,left,False,"{'safe_roi': (450, 80, 1500, 420), 'cylinder_roi': (800, 190, 1000, 300)}",ok_cylinder_inside_confirmed
2026-09-06 09:51:49,2026-09-06,3177798,2689,25,108.51042938232422,,40.151275634765625,0.7593010663986206,842.6553344726562,183.90647888183594,1023.8121948242188,298.6086120605469,181.1568603515625,114.70213317871094,20779.07832228206,933.2337646484375,241.25753784179688,1920,1080,845.25830078125,212.15728759765625,953.5286254882812,219.37188720703125,108.27032470703125,7.214599609375,3.8122719287202917,left,False,"{'safe_roi': (450, 80, 1500, 420), 'cylinder_roi': (800, 190, 1000, 300)}",ok_cylinder_inside_confirmed
2026-09-06 09:51:54,2026-09-06,3177917,2689,25,98.92106628417969,,35.73338317871094,0.7657495737075806,842.2281494140625,182.17713928222656,1022.963623046875,298.5234069824219,180.7354736328125,116.34626770019531,21027.897798204795,932.5958862304688,240.35028076171875,1920,1080,853.1541748046875,214.24691772460938,952.060302734375,215.966064453125,98.9061279296875,1.719146728515625,0.9957920320504714,left,False,"{'safe_roi': (450, 80, 1500, 420), 'cylinder_roi': (800, 190, 1000, 300)}",ok_cylinder_inside_confirmed
2026-09-06 09:51:59,2026-09-06,3178039,2689,25,107.42778778076172,,40.33033752441406,0.770603358745575,842.446533203125,182.96807861328125,1025.1905517578125,297.54638671875,182.7440185546875,114.57830810546875,20938.500462390482,933.8185424804688,240.25723266601562,1920,1080,846.4785766601562,210.69393920898438,953.4022216796875,221.0893096923828,106.92364501953125,10.395370483398438,5.55297958300096,left,False,"{'safe_roi': (450, 80, 1500, 420), 'cylinder_roi': (800, 190, 1000, 300)}",ok_cylinder_inside_confirmed
2026-09-06 09:52:04,2026-09-06,3178158,2689,25,107.45035552978516,,39.762969970703125,0.7767996191978455,840.3720092773438,182.84774780273438,1022.9883422851562,298.5617980957031,182.6163330078125,115.71405029296875,21131.275541983545,931.68017578125,240.70477294921875,1920,1080,845.2301025390625,208.61427307128906,952.2059936523438,218.7007598876953,106.97589111328125,10.08648681640625,5.386350346447289,left,False,"{'safe_roi': (450, 80, 1500, 420), 'cylinder_roi': (800, 190, 1000, 300)}",ok_cylinder_inside_confirmed
2026-09-06 09:52:09,2026-09-06,3178274,2689,25,102.02850341796875,,37.63348388671875,0.7769706845283508,841.0924072265625,183.20181274414062,1021.6484375,298.1946105957031,180.5560302734375,114.9927978515625,20762.643090113997,931.3704223632812,240.69821166992188,1920,1080,855.1046142578125,211.19320678710938,956.67626953125,220.83763122558594,101.5716552734375,9.644424438476562,5.42408276545495,left,False,"{'safe_roi': (450, 80, 1500, 420), 'cylinder_roi': (800, 190, 1000, 300)}",ok_cylinder_inside_confirmed
2026-09-06 09:52:14,2026-09-06,3178396,2689,25,105.11370849609375,,35.655059814453125,0.7781767249107361,844.5953979492188,178.55833435058594,1017.5277709960938,294.8035583496094,172.932373046875,116.24522399902344,20102.562441516668,931.0615844726562,236.68093872070312,1920,1080,852.06884765625,197.40408325195312,956.865966796875,205.55615234375,104.797119140625,8.152069091796875,4.4480272249696835,left,False,"{'safe_roi': (450, 80, 1500, 420), 'cylinder_roi': (800, 190, 1000, 300)}",ok_cylinder_inside_confirmed
2026-09-06 09:52:19,2026-09-06,3178516,2689,25,88.20516204833984,,31.043243408203125,0.7968568801879883,849.9863891601562,186.4975128173828,1004.1997680664062,295.60784912109375,154.21337890625,109.11033630371094,16826.27363499254,927.0930786132812,241.05267333984375,1920,1080,863.2244873046875,227.92364501953125,951.4235229492188,226.88380432128906,88.19903564453125,1.0398406982421875,0.6754690995947159,left,False,"{'safe_roi': (450, 80, 1500, 420), 'cylinder_roi': (800, 190, 1000, 300)}",ok_cylinder_inside_confirmed
2026-09-06 09:52:24,2026-09-06,3178639,2689,25,95.37275695800781,,31.606674194335938,0.7667285203933716,846.258056640625,184.70565795898438,1006.189697265625,295.50762939453125,159.931640625,110.80197143554688,17720.741076171398,926.223876953125,240.1066436767578,1920,1080,860.7847290039062,226.3907470703125,956.1571655273438,226.63705444335938,95.3724365234375,0.246307373046875,0.14797086116070643,left,False,"{'safe_roi': (450, 80, 1500, 420), 'cylinder_roi': (800, 190, 1000, 300)}",ok_cylinder_inside_confirmed
2026-09-06 09:52:29,2026-09-06,3178765,2689,25,91.96495819091797,,30.524627685546875,0.7588286995887756,850.52197265625,184.92306518554688,1006.4876708984375,296.0787353515625,155.9656982421875,111.15567016601562,17336.471711020917,928.5048217773438,240.5009002685547,1920,1080,860.659423828125,224.50704956054688,952.6239624023438,224.22923278808594,91.96453857421875,0.2778167724609375,0.1730849778159868,left,False,"{'safe_roi': (450, 80, 1500, 420), 'cylinder_roi': (800, 190, 1000, 300)}",ok_cylinder_inside_confirmed
2026-09-06 09:52:34,2026-09-06,3178894,2689,25,89.50555419921875,,31.447540283203125,0.7641945481300354,852.18212890625,185.3049774169922,1007.758544921875,293.58465576171875,155.576416015625,108.27967834472656,16845.76428419724,929.9703369140625,239.44482421875,1920,1080,861.6311645507812,217.92144775390625,951.060546875,221.61337280273438,89.42938232421875,3.691925048828125,2.364006882900978,left,False,"{'safe_roi': (450, 80, 1500, 420), 'cylinder_roi': (800, 190, 1000, 300)}",ok_cylinder_inside_confirmed
2026-09-06 09:52:39,2026-09-06,3179019,2689,25,88.6046371459961,,32.26554870605469,0.7720344066619873,851.1199951171875,184.7032470703125,1005.8643798828125,293.315673828125,154.744384765625,108.6124267578125,16807.1631565392,928.4921875,239.00946044921875,1920,1080,863.0269775390625,218.5792999267578,951.622802734375,219.8287353515625,88.5958251953125,1.2494354248046875,0.8079684471446158,left,False,"{'safe_roi': (450, 80, 1500, 420), 'cylinder_roi': (800, 190, 1000, 300)}",ok_cylinder_inside_confirmed
2026-09-06 09:52:44,2026-09-06,3179143,2689,25,106.4092025756836,,40.14311218261719,0.7835280299186707,835.876708984375,176.68658447265625,1013.6151123046875,291.0686950683594,177.7384033203125,114.38211059570312,20330.093705687672,924.7459106445312,233.8776397705078,1920,1080,842.9091796875,208.73854064941406,949.315185546875,209.56350708007812,106.406005859375,0.8249664306640625,0.4442056377222218,left,False,"{'safe_roi': (450, 80, 1500, 420), 'cylinder_roi': (800, 190, 1000, 300)}",ok_cylinder_inside_confirmed
2026-09-06 09:58:23,2026-09-06,3187223,2689,26,104.55889892578125,,37.44514465332031,0.7887747287750244,808.860595703125,178.371337890625,990.439453125,296.1171875,181.578857421875,117.745849609375,21380.15683823824,899.6500244140625,237.2442626953125,1920,1080,821.2022705078125,207.00823974609375,925.3284912109375,216.51055908203125,104.126220703125,9.5023193359375,5.214238352993743,left,False,"{'safe_roi': (450, 80, 1500, 420), 'cylinder_roi': (800, 190, 1000, 300)}",ok_cylinder_inside_confirmed
2026-09-06 09:58:28,2026-09-06,3187354,2689,26,112.6801528930664,,42.046630859375,0.7956607341766357,811.97412109375,177.28355407714844,995.3582763671875,295.20269775390625,183.3841552734375,117.91914367675781,21624.50255372934,903.6661987304688,236.24313354492188,1920,1080,811.2166748046875,212.63333129882812,923.830810546875,216.48995971679688,112.6141357421875,3.85662841796875,1.9614074703783284,left,False,"{'safe_roi': (450, 80, 1500, 420), 'cylinder_roi': (800, 190, 1000, 300)}",ok_cylinder_inside_confirmed
2026-09-06 09:58:33,2026-09-06,3187475,2689,26,110.8710708618164,,36.33685302734375,0.7666541934013367,810.5757446289062,176.7476806640625,994.1384887695312,293.2637023925781,183.562744140625,116.51602172851562,21388.000684835017,902.3571166992188,235.0056915283203,1920,1080,816.3868408203125,210.37152099609375,927.1680297851562,214.83493041992188,110.78118896484375,4.463409423828125,2.3072173213778795,left,False,"{'safe_roi': (450, 80, 1500, 420), 'cylinder_roi': (800, 190, 1000, 300)}",ok_cylinder_inside_confirmed
2026-09-06 10:02:53,2026-09-06,3193719,2689,27,116.45856475830078,,18.6617431640625,0.7384706735610962,784.6580200195312,174.88169860839844,987.9303588867188,293.30596923828125,203.2723388671875,118.42427062988281,24072.37846957706,886.294189453125,234.09384155273438,1920,1080,982.5519409179688,210.78089904785156,866.1004638671875,212.06582641601562,116.45147705078125,1.2849273681640625,0.6321768472985979,right,False,"{'safe_roi': (450, 80, 1500, 420), 'cylinder_roi': (800, 190, 1000, 300)}",ok_cylinder_inside_confirmed
2026-09-06 10:02:58,2026-09-06,3193833,2689,27,112.06049346923828,,23.01788330078125,0.7117166519165039,785.60107421875,175.409912109375,987.9915771484375,292.8019714355469,202.3905029296875,117.39205932617188,23759.037926975638,886.7963256835938,234.10594177246094,1920,1080,979.8196411132812,209.91098022460938,867.8677978515625,214.84445190429688,111.95184326171875,4.9334716796875,2.5232665505532026,right,False,"{'safe_roi': (450, 80, 1500, 420), 'cylinder_roi': (800, 190, 1000, 300)}",ok_cylinder_inside_confirmed
2026-09-06 10:03:03,2026-09-06,3193954,2689,27,111.54846954345703,,18.982162475585938,0.7752336263656616,783.5623168945312,174.96884155273438,987.6246948242188,291.3389892578125,204.0623779296875,116.37014770507812,23746.76906072721,885.593505859375,233.15391540527344,1920,1080,978.9244384765625,212.13621520996094,867.4323120117188,215.68121337890625,111.49212646484375,3.5449981689453125,1.8211602321053897,right,False,"{'safe_roi': (450, 80, 1500, 420), 'cylinder_roi': (800, 190, 1000, 300)}",ok_cylinder_inside_confirmed
2026-09-06 10:03:08,2026-09-06,3194070,2689,27,113.94039916992188,,21.65106201171875,0.534083366394043,785.095703125,175.9555206298828,987.70849609375,291.701904296875,202.61279296875,115.74638366699219,23451.698070801795,886.402099609375,233.82870483398438,1920,1080,982.1563720703125,212.24412536621094,868.2780151367188,216.00367736816406,113.87835693359375,3.759552001953125,1.8908619844019052,right,False,"{'safe_roi': (450, 80, 1500, 420), 'cylinder_roi': (800, 190, 1000, 300)}",ok_cylinder_inside_confirmed
2026-09-06 10:04:07,2026-09-06,3195504,2689,28,121.9365463256836,,9.669998168945312,0.7754443287849426,812.1372680664062,175.60321044921875,1007.7697143554688,291.82000732421875,195.6324462890625,116.216796875,22735.776272535324,909.9534912109375,233.71160888671875,1920,1080,994.6856079101562,209.96688842773438,873.4403076171875,222.93214416503906,121.24530029296875,12.965255737304688,6.10367752886709,right,False,"{'safe_roi': (450, 80, 1500, 420), 'cylinder_roi': (800, 190, 1000, 300)}",ok_cylinder_inside_confirmed
2026-09-06 10:04:12,2026-09-06,3195622,2689,28,116.97928619384766,,14.189071655273438,0.7537274360656738,808.8128051757812,176.81008911132812,1006.8527221679688,293.13275146484375,198.0399169921875,116.32266235351562,23036.53039680049,907.832763671875,234.97142028808594,1920,1080,987.7647705078125,210.78224182128906,871.289794921875,221.63278198242188,116.4749755859375,10.850540161132812,5.322182246478816,right,False,"{'safe_roi': (450, 80, 1500, 420), 'cylinder_roi': (800, 190, 1000, 300)}",ok_cylinder_inside_confirmed
2026-09-06 10:04:17,2026-09-06,3195741,2689,28,113.7934799194336,,17.239486694335938,0.5849593281745911,789.2933959960938,174.8934326171875,993.2158813476562,291.5221862792969,203.9224853515625,116.62875366210938,23783.22531023249,891.254638671875,233.2078094482422,1920,1080,976.8809814453125,210.3142852783203,863.3775024414062,218.43319702148438,113.50347900390625,8.118911743164062,4.091402630254505,right,False,"{'safe_roi': (450, 80, 1500, 420), 'cylinder_roi': (800, 190, 1000, 300)}",ok_cylinder_inside_confirmed
2026-09-06 10:04:22,2026-09-06,3195864,2689,28,115.70462799072266,,18.928863525390625,0.4180334508419037,791.6767578125,174.1302947998047,994.122802734375,291.88525390625,202.446044921875,117.75495910644531,23839.02574103698,892.8997802734375,233.00778198242188,1920,1080,978.7179565429688,207.44337463378906,863.2171020507812,214.3072967529297,115.5008544921875,6.863922119140625,3.40094264883606,right,False,"{'safe_roi': (450, 80, 1500, 420), 'cylinder_roi': (800, 190, 1000, 300)}",ok_cylinder_inside_confirmed
2026-09-06 10:04:27,2026-09-06,3195985,2689,28,119.76762390136719,,20.466598510742188,0.6732926964759827,791.1580810546875,175.38848876953125,995.178955078125,291.48553466796875,204.0208740234375,116.0970458984375,23686.22077573836,893.1685180664062,233.43701171875,1920,1080,978.9927978515625,206.373046875,859.36474609375,212.15347290039062,119.6280517578125,5.780426025390625,2.7663797166729744,right,False,"{'safe_roi': (450, 80, 1500, 420), 'cylinder_roi': (800, 190, 1000, 300)}",ok_cylinder_inside_confirmed
2026-09-06 10:04:32,2026-09-06,3196105,2689,28,115.36793518066406,,24.808517456054688,0.46412160992622375,790.7225952148438,176.94027709960938,994.4037475585938,292.71893310546875,203.68115234375,115.77865600585938,23581.93007208407,892.5631713867188,234.82960510253906,1920,1080,975.7254638671875,205.89968872070312,860.46826171875,210.95314025878906,115.2572021484375,5.0534515380859375,2.5105253020406697,right,False,"{'safe_roi': (450, 80, 1500, 420), 'cylinder_roi': (800, 190, 1000, 300)}",ok_cylinder_inside_confirmed
2026-09-06 10:04:37,2026-09-06,3196222,2689,28,112.48469543457031,,26.25006103515625,0.6207708716392517,792.2106323242188,174.93214416503906,994.9169311523438,291.22119140625,202.706298828125,116.28904724121094,23572.52236051485,893.5637817382812,233.07666015625,1920,1080,976.6427612304688,205.5412139892578,864.2276611328125,209.49740600585938,112.41510009765625,3.9561920166015625,2.01556191771279,right,False,"{'safe_roi': (450, 80, 1500, 420), 'cylinder_roi': (800, 190, 1000, 300)}",ok_cylinder_inside_confirmed
2026-09-06 10:04:43,2026-09-06,3196348,2689,28,119.41770935058594,,32.97430419921875,0.5899844765663147,790.51611328125,174.7529296875,996.1962890625,291.00433349609375,205.68017578125,116.25140380859375,23910.60917016864,893.356201171875,232.87863159179688,1920,1080,983.2959594726562,204.64723205566406,863.9163208007812,207.662353515625,119.379638671875,3.0151214599609375,1.4467878898175415,right,False,"{'safe_roi': (450, 80, 1500, 420), 'cylinder_roi': (800, 190, 1000, 300)}",ok_cylinder_inside_confirmed
2026-09-06 10:04:48,2026-09-06,3196467,2689,28,116.73310089111328,,33.11384582519531,0.6361808180809021,791.1580200195312,175.35128784179688,996.4009399414062,289.8740539550781,205.242919921875,114.52276611328125,23504.986914619803,893.7794799804688,232.6126708984375,1920,1080,979.674560546875,204.43601989746094,863.0118408203125,208.48907470703125,116.6627197265625,4.0530548095703125,1.9897493667491681,right,False,"{'safe_roi': (450, 80, 1500, 420), 'cylinder_roi': (800, 190, 1000, 300)}",ok_cylinder_inside_confirmed
2026-09-06 10:04:53,2026-09-06,3196591,2689,28,116.3670654296875,,30.979843139648438,0.6755246520042419,791.8955078125,174.3386688232422,995.434814453125,290.2049865722656,203.539306640625,115.86631774902344,23583.349977638572,893.6651611328125,232.27182006835938,1920,1080,979.4185791015625,206.1046600341797,863.3446655273438,214.35934448242188,116.07391357421875,8.254684448242188,4.067784523334644,right,False,"{'safe_roi': (450, 80, 1500, 420), 'cylinder_roi': (800, 190, 1000, 300)}",ok_cylinder_inside_confirmed
2026-09-06 10:04:58,2026-09-06,3196710,2689,28,112.54232788085938,,30.725250244140625,0.6518145203590393,788.0364990234375,176.38119506835938,996.5145263671875,290.13043212890625,208.47802734375,113.74923706054688,23714.216554239392,892.2755126953125,233.2558135986328,1920,1080,979.0540771484375,208.2646484375,866.76025390625,215.7394561767578,112.2938232421875,7.4748077392578125,3.808259952251065,right,False,"{'safe_roi': (450, 80, 1500, 420), 'cylinder_roi': (800, 190, 1000, 300)}",ok_cylinder_inside_confirmed
2026-09-06 10:05:03,2026-09-06,3196827,2689,28,84.7577133178711,,25.017471313476562,0.8220728635787964,817.8099365234375,179.0250701904297,979.9327392578125,291.38299560546875,162.122802734375,112.35792541503906,18215.781777705997,898.871337890625,235.20404052734375,1920,1080,965.2120361328125,229.49758911132812,880.5455322265625,225.5665740966797,84.66650390625,3.9310150146484375,2.6582996320213437,right,False,"{'safe_roi': (450, 80, 1500, 420), 'cylinder_roi': (800, 190, 1000, 300)}",ok_cylinder_inside_confirmed
2026-09-06 10:05:21,2026-09-06,3197256,2689,28,119.95677947998047,,16.011520385742188,0.7767815589904785,800.542236328125,174.84530639648438,1005.234619140625,293.1580810546875,204.6923828125,118.31277465820312,24217.723761945963,902.888427734375,234.00169372558594,1920,1080,987.325927734375,210.8251190185547,867.560302734375,217.59442138671875,119.765625,6.7693023681640625,3.2349869007141434,right,False,"{'safe_roi': (450, 80, 1500, 420), 'cylinder_roi': (800, 190, 1000, 300)}",ok_cylinder_inside_confirmed
2026-09-06 10:05:26,2026-09-06,3197383,2689,28,119.88156127929688,,19.531219482421875,0.7769850492477417,800.159423828125,175.07296752929688,1007.1256103515625,291.77532958984375,206.9661865234375,116.70236206054688,24153.44283394888,903.6425170898438,233.4241485595703,1920,1080,990.0042724609375,208.7004852294922,870.259765625,214.4312744140625,119.7445068359375,5.7307891845703125,2.7399978354960366,right,False,"{'safe_roi': (450, 80, 1500, 420), 'cylinder_roi': (800, 190, 1000, 300)}",ok_cylinder_inside_confirmed
2026-09-06 10:05:31,2026-09-06,3197503,2689,28,113.00813293457031,,22.179855346679688,0.7219247221946716,803.41162109375,174.70057678222656,1003.063232421875,291.7677917480469,199.651611328125,117.06721496582031,23372.658101622015,903.2374267578125,233.23419189453125,1920,1080,987.26220703125,209.1221923828125,874.3538208007812,213.86929321289062,112.90838623046875,4.747100830078125,2.407516021851616,right,False,"{'safe_roi': (450, 80, 1500, 420), 'cylinder_roi': (800, 190, 1000, 300)}",ok_cylinder_inside_confirmed
2026-09-06 10:11:00,2026-09-06,3205415,2689,29,104.39704895019531,,38.78875732421875,0.7762102484703064,856.37109375,183.19906616210938,1039.552734375,298.4072570800781,183.181640625,115.20819091796875,21104.02542579174,947.9619140625,240.80316162109375,1920,1080,864.67822265625,204.24378967285156,968.7675170898438,212.2539825439453,104.08929443359375,8.01019287109375,4.400524315445937,left,False,"{'safe_roi': (450, 80, 1500, 420), 'cylinder_roi': (800, 190, 1000, 300)}",ok_cylinder_inside_confirmed
2026-09-06 10:11:05,2026-09-06,3205525,2689,29,111.3666000366211,,40.830902099609375,0.7851365804672241,856.8834838867188,181.76116943359375,1039.4993896484375,296.7497253417969,182.61590576171875,114.98855590820312,20998.73928940855,948.19140625,239.2554473876953,1920,1080,860.023681640625,199.08071899414062,971.058349609375,207.67274475097656,111.03466796875,8.592025756835938,4.4248138959036165,left,False,"{'safe_roi': (450, 80, 1500, 420), 'cylinder_roi': (800, 190, 1000, 300)}",ok_cylinder_inside_confirmed
2026-09-06 10:11:10,2026-09-06,3205638,2689,29,113.14320373535156,,42.55784606933594,0.7598091959953308,854.1792602539062,185.14727783203125,1039.29541015625,297.8538818359375,185.11614990234375,112.70660400390625,20863.812601771206,946.7373046875,241.50057983398438,1920,1080,861.2200927734375,203.18313598632812,973.7884521484375,214.57388305664062,112.568359375,11.3907470703125,5.778069281472231,left,False,"{'safe_roi': (450, 80, 1500, 420), 'cylinder_roi': (800, 190, 1000, 300)}",ok_cylinder_inside_confirmed
2026-09-06 10:11:15,2026-09-06,3205753,2689,29,112.43740844726562,,43.79150390625,0.7737519145011902,852.5863037109375,180.4756622314453,1038.5728759765625,294.3747253417969,185.986572265625,113.89906311035156,21183.696332160383,945.57958984375,237.42520141601562,1920,1080,861.5728149414062,198.9422607421875,973.447021484375,210.18206787109375,111.87420654296875,11.23980712890625,5.737155720108617,left,False,"{'safe_roi': (450, 80, 1500, 420), 'cylinder_roi': (800, 190, 1000, 300)}",ok_cylinder_inside_confirmed
2026-09-06 10:11:20,2026-09-06,3205864,2689,29,105.87449645996094,,38.59898376464844,0.7662075161933899,855.3525390625,185.751220703125,1034.1878662109375,298.5124816894531,178.8353271484375,112.76126098632812,20165.696998160332,944.7702026367188,242.13185119628906,1920,1080,869.17529296875,200.64161682128906,974.57177734375,210.69102478027344,105.396484375,10.049407958984375,5.4466069027236825,left,False,"{'safe_roi': (450, 80, 1500, 420), 'cylinder_roi': (800, 190, 1000, 300)}",ok_cylinder_inside_confirmed
2026-09-06 10:11:25,2026-09-06,3205978,2689,29,99.72100830078125,,37.44960021972656,0.7760538458824158,858.0272216796875,183.07061767578125,1026.983154296875,300.3832092285156,168.9559326171875,117.31259155273438,19820.65831353143,942.5051879882812,241.72691345214844,1920,1080,870.27587890625,203.0876922607422,969.390625,214.06703186035156,99.11474609375,10.979339599609375,6.321113096987271,left,False,"{'safe_roi': (450, 80, 1500, 420), 'cylinder_roi': (800, 190, 1000, 300)}",ok_cylinder_inside_confirmed
2026-09-06 10:11:30,2026-09-06,3206091,2689,29,105.1183853149414,,38.665618896484375,0.7689876556396484,852.6741943359375,185.99119567871094,1022.8394775390625,301.95458984375,170.165283203125,115.96339416503906,19732.943809289485,937.7568359375,243.972900390625,1920,1080,858.3609619140625,204.35015869140625,961.8663330078125,222.6944580078125,103.50537109375,18.34429931640625,10.050194060609977,left,False,"{'safe_roi': (450, 80, 1500, 420), 'cylinder_roi': (800, 190, 1000, 300)}",ok_cylinder_inside_confirmed
2026-09-06 10:11:35,2026-09-06,3206213,2689,29,103.42240142822266,,36.25819396972656,0.7465993165969849,851.3279418945312,181.890869140625,1021.6635131835938,300.7702941894531,170.3355712890625,118.87942504882812,20249.394780207425,936.4957275390625,241.33058166503906,1920,1080,861.9768676757812,200.84854125976562,964.1192626953125,217.06964111328125,102.14239501953125,16.221099853515625,9.023711257198597,left,False,"{'safe_roi': (450, 80, 1500, 420), 'cylinder_roi': (800, 190, 1000, 300)}",ok_cylinder_inside_confirmed
2026-09-06 10:11:44,2026-09-06,3206398,2689,29,95.06562042236328,,35.51286315917969,0.7654223442077637,853.4342651367188,181.11148071289062,1025.7401123046875,300.7391357421875,172.30584716796875,119.62765502929688,20612.544444540516,939.587158203125,240.92530822753906,1920,1080,863.373046875,207.7677001953125,958.0255737304688,216.62045288085938,94.65252685546875,8.852752685546875,5.343270639198359,left,False,"{'safe_roi': (450, 80, 1500, 420), 'cylinder_roi': (800, 190, 1000, 300)}",ok_cylinder_inside_confirmed
2026-09-06 10:11:49,2026-09-06,3206504,2689,29,92.59466552734375,,35.698211669921875,0.7797378301620483,854.1292114257812,184.28724670410156,1024.511474609375,301.3273010253906,170.38226318359375,117.04005432128906,19941.549338391982,939.3203125,242.80728149414062,1920,1080,864.5863037109375,207.25469970703125,956.4443359375,218.9112091064453,91.8580322265625,11.656509399414062,7.2320096024524325,left,False,"{'safe_roi': (450, 80, 1500, 420), 'cylinder_roi': (800, 190, 1000, 300)}",ok_cylinder_inside_confirmed
2026-09-06 10:11:54,2026-09-06,3206619,2689,29,94.06326293945312,,34.721893310546875,0.775588870048523,855.2048950195312,184.43313598632812,1025.47119140625,299.6912536621094,170.26629638671875,115.25811767578125,19624.572825159878,940.3380126953125,242.06219482421875,1920,1080,864.1473388671875,210.41653442382812,957.9371337890625,217.583984375,93.789794921875,7.167449951171875,4.370070167048477,left,False,"{'safe_roi': (450, 80, 1500, 420), 'cylinder_roi': (800, 190, 1000, 300)}",ok_cylinder_inside_confirmed
2026-09-06 10:11:59,2026-09-06,3206734,2689,29,97.96527099609375,,34.959991455078125,0.7736970782279968,853.531982421875,183.17538452148438,1028.0262451171875,301.2926025390625,174.4942626953125,118.11721801757812,20610.776869598776,940.7791137695312,242.23399353027344,1920,1080,862.1564331054688,210.66424560546875,959.8515625,217.93446350097656,97.69512939453125,7.2702178955078125,4.255958301921744,left,False,"{'safe_roi': (450, 80, 1500, 420), 'cylinder_roi': (800, 190, 1000, 300)}",ok_cylinder_inside_confirmed
2026-09-06 10:12:04,2026-09-06,3206850,2689,29,104.1925277709961,,43.86627197265625,0.7619146108627319,851.8753662109375,182.55279541015625,1026.6873779296875,301.1715087890625,174.81201171875,118.61871337890625,20735.975913256407,939.2813720703125,241.86215209960938,1920,1080,858.2418212890625,208.94532775878906,962.30517578125,214.13192749023438,104.0633544921875,5.1865997314453125,2.853305804638226,left,False,"{'safe_roi': (450, 80, 1500, 420), 'cylinder_roi': (800, 190, 1000, 300)}",ok_cylinder_inside_confirmed
2026-09-06 10:12:09,2026-09-06,3206962,2689,29,94.33495330810547,,35.1090087890625,0.7757813930511475,851.1158447265625,181.19134521484375,1023.1715087890625,299.97003173828125,172.0556640625,118.7786865234375,20436.54578626156,937.1436767578125,240.5806884765625,1920,1080,861.6884155273438,211.02890014648438,955.7322998046875,218.4337158203125,94.04388427734375,7.404815673828125,4.502059563178514,left,False,"{'safe_roi': (450, 80, 1500, 420), 'cylinder_roi': (800, 190, 1000, 300)}",ok_cylinder_inside_confirmed
2026-09-06 10:12:14,2026-09-06,3207086,2689,29,104.876953125,,42.90055847167969,0.7624233365058899,850.7739868164062,183.2293243408203,1023.7135620117188,301.70703125,172.9395751953125,118.47770690917969,20489.484302988276,937.2437744140625,242.46817016601562,1920,1080,854.3130493164062,209.06723022460938,959.0020141601562,215.34384155273438,104.68896484375,6.276611328125,3.4310528091709758,left,False,"{'safe_roi': (450, 80, 1500, 420), 'cylinder_roi': (800, 190, 1000, 300)}",ok_cylinder_inside_confirmed
2026-09-06 10:12:19,2026-09-06,3207199,2689,29,100.12532043457031,,39.3458251953125,0.7633724808692932,850.3222045898438,184.2366943359375,1025.888671875,303.6218566894531,175.56646728515625,119.38516235351562,20960.03120067157,938.10546875,243.9292755126953,1920,1080,859.5245361328125,210.44285583496094,959.4810791015625,216.25396728515625,99.95654296875,5.8111114501953125,3.327224023243431,left,False,"{'safe_roi': (450, 80, 1500, 420), 'cylinder_roi': (800, 190, 1000, 300)}",ok_cylinder_inside_confirmed
2026-09-06 10:12:25,2026-09-06,3207307,2689,29,104.89320373535156,,44.287811279296875,0.7624274492263794,850.3533325195312,181.6967315673828,1026.8775634765625,301.38262939453125,176.52423095703125,119.68589782714844,21127.461070339195,938.615478515625,241.5396728515625,1920,1080,855.5365600585938,208.8289794921875,960.2400512695312,215.13479614257812,104.7034912109375,6.305816650390625,3.4465021548071966,left,False,"{'safe_roi': (450, 80, 1500, 420), 'cylinder_roi': (800, 190, 1000, 300)}",ok_cylinder_inside_confirmed
2026-09-06 10:12:30,2026-09-06,3207423,2689,29,97.76937103271484,,34.27897644042969,0.7560815215110779,849.98291015625,184.60943603515625,1025.479248046875,301.8707275390625,175.496337890625,117.26129150390625,20578.927235260606,937.7310791015625,243.24008178710938,1920,1080,861.366455078125,213.25839233398438,958.9129638671875,219.85604858398438,97.5465087890625,6.59765625,3.869364562480206,left,False,"{'safe_roi': (450, 80, 1500, 420), 'cylinder_roi': (800, 190, 1000, 300)}",ok_cylinder_inside_confirmed
2026-09-06 10:12:35,2026-09-06,3207543,2689,29,99.3614501953125,,35.049835205078125,0.7745012640953064,848.0479125976562,184.90367126464844,1026.2801513671875,302.87017822265625,178.23223876953125,117.96650695800781,21025.434634947218,937.1640625,243.88693237304688,1920,1080,860.7872314453125,212.56903076171875,959.8092041015625,220.77552795410156,99.02197265625,8.206497192382812,4.73759067298501,left,False,"{'safe_roi': (450, 80, 1500, 420), 'cylinder_roi': (800, 190, 1000, 300)}",ok_cylinder_inside_confirmed
2026-09-06 10:12:40,2026-09-06,3207652,2689,29,99.22265625,,36.20306396484375,0.7604290843009949,850.1917724609375,182.26055908203125,1028.402099609375,299.98663330078125,178.2103271484375,117.72607421875,20980.00220042467,939.2969360351562,241.12359619140625,1920,1080,859.9180908203125,212.28390502929688,959.0775146484375,215.82574462890625,99.159423828125,3.541839599609375,2.0456575593317967,left,False,"{'safe_roi': (450, 80, 1500, 420), 'cylinder_roi': (800, 190, 1000, 300)}",ok_cylinder_inside_confirmed
2026-09-06 10:12:45,2026-09-06,3207766,2689,29,100.41463470458984,,36.33845520019531,0.7759140133857727,851.3388671875,183.7959747314453,1027.941162109375,300.6033630371094,176.602294921875,116.80738830566406,20628.452838610858,939.6400146484375,242.19967651367188,1920,1080,859.703857421875,212.07296752929688,959.8758544921875,219.04934692382812,100.1719970703125,6.97637939453125,3.9838750728598007,left,False,"{'safe_roi': (450, 80, 1500, 420), 'cylinder_roi': (800, 190, 1000, 300)}",ok_cylinder_inside_confirmed
2026-09-06 10:12:50,2026-09-06,3207877,2689,29,99.49905395507812,,35.339813232421875,0.7727916836738586,848.8312377929688,183.81521606445312,1028.043212890625,300.0580749511719,179.21197509765625,116.24285888671875,20832.11233208701,938.437255859375,241.9366455078125,1920,1080,858.955078125,214.45138549804688,958.3375244140625,219.26715087890625,99.3824462890625,4.815765380859375,2.774205940548685,left,False,"{'safe_roi': (450, 80, 1500, 420), 'cylinder_roi': (800, 190, 1000, 300)}",ok_cylinder_inside_confirmed
2026-09-06 10:12:55,2026-09-06,3207988,2689,29,97.54593658447266,,36.18540954589844,0.7774652242660522,848.1676635742188,183.50149536132812,1027.6512451171875,300.6723327636719,179.48358154296875,117.17083740234375,21030.241549361497,937.909423828125,242.0869140625,1920,1080,860.8165283203125,214.92283630371094,958.116455078125,221.84628295898438,97.2999267578125,6.9234466552734375,4.070062782125644,left,False,"{'safe_roi': (450, 80, 1500, 420), 'cylinder_roi': (800, 190, 1000, 300)}",ok_cylinder_inside_confirmed
2026-09-06 10:13:00,2026-09-06,3208102,2689,29,98.1554183959961,,34.8365478515625,0.7863225340843201,845.1825561523438,185.03848266601562,1027.636474609375,301.6930847167969,182.45391845703125,116.65460205078125,21284.089250210673,936.4095458984375,243.36578369140625,1920,1080,860.7400512695312,213.05223083496094,958.6334228515625,220.21978759765625,97.89337158203125,7.1675567626953125,4.187609898187293,left,False,"{'safe_roi': (450, 80, 1500, 420), 'cylinder_roi': (800, 190, 1000, 300)}",ok_cylinder_inside_confirmed
2026-09-06 10:13:05,2026-09-06,3208214,2689,29,97.209716796875,,34.90809631347656,0.7889733910560608,844.4603271484375,184.36355590820312,1030.760498046875,300.1376037597656,186.3001708984375,115.7740478515625,21568.724900349975,937.6104125976562,242.25057983398438,1920,1080,857.389404296875,213.29690551757812,954.482177734375,218.063720703125,97.0927734375,4.766815185546875,2.8107063034739825,left,False,"{'safe_roi': (450, 80, 1500, 420), 'cylinder_roi': (800, 190, 1000, 300)}",ok_cylinder_inside_confirmed
2026-09-06 10:13:10,2026-09-06,3208338,2689,29,97.26197052001953,,34.30683898925781,0.7928764224052429,846.6149291992188,185.32540893554688,1027.00537109375,299.73980712890625,180.39044189453125,114.41439819335938,20639.263849196956,936.8101806640625,242.53260803222656,1920,1080,860.9036865234375,212.09921264648438,957.7823486328125,220.7257080078125,96.878662109375,8.626495361328125,5.088443924862636,left,False,"{'safe_roi': (450, 80, 1500, 420), 'cylinder_roi': (800, 190, 1000, 300)}",ok_cylinder_inside_confirmed
2026-09-06 10:13:15,2026-09-06,3208447,2689,29,96.81364440917969,,34.06779479980469,0.7892306447029114,847.9859619140625,184.7786865234375,1027.86865234375,299.1222229003906,179.8826904296875,114.34353637695312,20568.42295673117,937.9273071289062,241.95045471191406,1920,1080,858.880615234375,215.332763671875,955.5625610351562,220.38088989257812,96.68194580078125,5.048126220703125,2.9889128493192154,left,False,"{'safe_roi': (450, 80, 1500, 420), 'cylinder_roi': (800, 190, 1000, 300)}",ok_cylinder_inside_confirmed
2026-09-06 10:13:20,2026-09-06,3208563,2689,29,93.2515869140625,,32.74884033203125,0.7849990129470825,846.4783325195312,186.4122314453125,1024.07568359375,299.0038757324219,177.59735107421875,112.59164428710938,19995.97777848132,935.2769775390625,242.7080535888672,1920,1080,859.922119140625,213.9051971435547,953.1153564453125,217.2034912109375,93.1932373046875,3.2982940673828125,2.0269655831239457,left,False,"{'safe_roi': (450, 80, 1500, 420), 'cylinder_roi': (800, 190, 1000, 300)}",ok_cylinder_inside_confirmed
2026-09-06 10:13:25,2026-09-06,3208679,2689,29,97.97437286376953,,34.33003234863281,0.7760113477706909,845.0799560546875,183.96600341796875,1021.2236328125,300.686767578125,176.1436767578125,116.72076416015625,20559.62455315143,933.1517944335938,242.32638549804688,1920,1080,857.2845458984375,213.90536499023438,954.990966796875,221.14642333984375,97.7064208984375,7.241058349609375,4.238462666711049,left,False,"{'safe_roi': (450, 80, 1500, 420), 'cylinder_roi': (800, 190, 1000, 300)}",ok_cylinder_inside_confirmed
2026-09-06 10:13:30,2026-09-06,3208792,2689,29,94.33084106445312,,33.513671875,0.7847079634666443,844.44140625,184.44094848632812,1023.0628662109375,300.5586853027344,178.6214599609375,116.11773681640625,20741.119677506387,933.7521362304688,242.49981689453125,1920,1080,860.9575805664062,213.57293701171875,955.092041015625,219.6565704345703,94.13446044921875,6.0836334228515625,3.6977154715772764,left,False,"{'safe_roi': (450, 80, 1500, 420), 'cylinder_roi': (800, 190, 1000, 300)}",ok_cylinder_inside_confirmed
2026-09-06 10:13:35,2026-09-06,3208911,2689,29,96.77395629882812,,35.10881042480469,0.770035445690155,843.7706909179688,185.18576049804688,1021.9994506835938,302.81878662109375,178.228759765625,117.63302612304688,20965.58835338801,932.8850708007812,244.0022735595703,1920,1080,857.6996459960938,214.54693603515625,954.25048828125,221.11453247070312,96.55084228515625,6.567596435546875,3.8913879925657873,left,False,"{'safe_roi': (450, 80, 1500, 420), 'cylinder_roi': (800, 190, 1000, 300)}",ok_cylinder_inside_confirmed
2026-09-06 10:13:40,2026-09-06,3209031,2689,29,110.3199234008789,,38.536102294921875,0.7718562483787537,843.279296875,185.39483642578125,1021.0933837890625,301.46240234375,177.8140869140625,116.06756591796875,20638.448254041374,932.1863403320312,243.42861938476562,1920,1080,848.3863525390625,210.5888671875,957.884033203125,224.03292846679688,109.4976806640625,13.444061279296875,6.999709593639492,left,False,"{'safe_roi': (450, 80, 1500, 420), 'cylinder_roi': (800, 190, 1000, 300)}",ok_cylinder_inside_confirmed
2026-09-06 10:13:45,2026-09-06,3209141,2689,29,108.29824829101562,,36.60548400878906,0.782979428768158,844.7952880859375,184.77052307128906,1021.173095703125,302.0763854980469,176.3778076171875,117.30586242675781,20690.150835474953,932.9841918945312,243.4234619140625,1920,1080,850.171142578125,210.48248291015625,957.4246826171875,225.48880004882812,107.2535400390625,15.006317138671875,7.9648013762013585,left,False,"{'safe_roi': (450, 80, 1500, 420), 'cylinder_roi': (800, 190, 1000, 300)}",ok_cylinder_inside_confirmed
2026-09-06 10:13:50,2026-09-06,3209252,2689,29,103.946533203125,,36.25860595703125,0.7914468050003052,862.9175415039062,186.31170654296875,1034.8941650390625,301.5397644042969,171.97662353515625,115.22805786132812,19816.53232750483,948.9058837890625,243.9257354736328,1920,1080,871.5535888671875,209.22198486328125,975.1278686523438,218.01124572753906,103.57427978515625,8.789260864257812,4.850470110177066,left,False,"{'safe_roi': (450, 80, 1500, 420), 'cylinder_roi': (800, 190, 1000, 300)}",ok_cylinder_inside_confirmed
2026-09-06 10:14:24,2026-09-06,3210016,2689,30,103.7741470336914,,35.804931640625,0.787589967250824,835.44677734375,176.98048400878906,1013.720458984375,295.3338623046875,178.273681640625,118.35337829589844,21099.292483415455,924.5836181640625,236.15716552734375,1920,1080,847.8142700195312,207.55288696289062,951.1823120117188,216.72467041015625,103.3680419921875,9.171783447265625,5.070540834343757,left,False,"{'safe_roi': (450, 80, 1500, 420), 'cylinder_roi': (800, 190, 1000, 300)}",ok_cylinder_inside_confirmed
2026-09-06 10:14:29,2026-09-06,3210126,2689,30,116.66004180908203,,39.41813659667969,0.7942905426025391,835.6696166992188,177.2594451904297,1013.9869995117188,293.8980407714844,178.3173828125,116.63859558105469,20798.6890989393,924.8283081054688,235.5787353515625,1920,1080,839.53857421875,203.72625732421875,955.5162353515625,216.32579040527344,115.9776611328125,12.599533081054688,6.200159756001248,left,False,"{'safe_roi': (450, 80, 1500, 420), 'cylinder_roi': (800, 190, 1000, 300)}",ok_cylinder_inside_confirmed
2026-09-06 10:14:34,2026-09-06,3210249,2689,30,122.11505889892578,,39.47802734375,0.7797942161560059,831.4281616210938,178.03213500976562,1020.4319458007812,295.2579650878906,189.0037841796875,117.225830078125,22156.125488370657,925.9300537109375,236.64505004882812,1920,1080,825.211669921875,220.09927368164062,947.2145385742188,214.86602783203125,122.00286865234375,5.233245849609375,2.4561652473383426,left,False,"{'safe_roi': (450, 80, 1500, 420), 'cylinder_roi': (800, 190, 1000, 300)}",ok_cylinder_inside_confirmed
2026-09-06 10:14:40,2026-09-06,3210363,2689,30,99.28019714355469,,33.414947509765625,0.7728211283683777,819.1474609375,177.71762084960938,1002.714599609375,295.542724609375,183.567138671875,117.82510375976562,21628.817160896957,910.9310302734375,236.6301727294922,1920,1080,838.0121459960938,206.1089324951172,937.052734375,213.0023651123047,99.04058837890625,6.8934326171875,3.981485304057087,left,False,"{'safe_roi': (450, 80, 1500, 420), 'cylinder_roi': (800, 190, 1000, 300)}",ok_cylinder_inside_confirmed
2026-09-06 10:14:45,2026-09-06,3210473,2689,30,104.88887786865234,,40.51971435546875,0.7966920733451843,821.4092407226562,181.5618133544922,999.3613891601562,298.6427917480469,177.9521484375,117.08097839355469,20834.811646297574,910.3853149414062,240.102294921875,1920,1080,827.2947998046875,206.98300170898438,932.151123046875,209.59619140625,104.8563232421875,2.613189697265625,1.427608276367025,left,False,"{'safe_roi': (450, 80, 1500, 420), 'cylinder_roi': (800, 190, 1000, 300)}",ok_cylinder_inside_confirmed
2026-09-06 10:14:50,2026-09-06,3210583,2689,30,99.36121368408203,,31.65966796875,0.8017617464065552,820.177001953125,178.2910919189453,997.8948974609375,297.4299011230469,177.7178955078125,119.13880920410156,21173.09844505973,909.0359497070312,237.86050415039062,1920,1080,834.1386108398438,209.96224975585938,933.3937377929688,214.55250549316406,99.255126953125,4.5902557373046875,2.6478734837684015,left,False,"{'safe_roi': (450, 80, 1500, 420), 'cylinder_roi': (800, 190, 1000, 300)}",ok_cylinder_inside_confirmed
2026-09-06 10:14:55,2026-09-06,3210696,2689,30,106.62846374511719,,37.99055480957031,0.7875198125839233,817.9866943359375,179.91400146484375,995.6663818359375,298.2430419921875,177.6796875,118.32904052734375,21024.666943073273,906.8265380859375,239.07852172851562,1920,1080,825.7813110351562,210.61990356445312,932.31787109375,215.04600524902344,106.53656005859375,4.4261016845703125,2.379006724640108,left,False,"{'safe_roi': (450, 80, 1500, 420), 'cylinder_roi': (800, 190, 1000, 300)}",ok_cylinder_inside_confirmed
2026-09-06 10:15:00,2026-09-06,3210810,2689,30,104.92262268066406,,34.71739196777344,0.7628558278083801,817.0628662109375,181.57965087890625,994.1397705078125,296.1436462402344,177.076904296875,114.56399536132812,20286.637642465532,905.601318359375,238.8616485595703,1920,1080,826.4349365234375,209.67202758789062,931.2994384765625,213.16395568847656,104.864501953125,3.4919281005859375,1.907212046101339,left,False,"{'safe_roi': (450, 80, 1500, 420), 'cylinder_roi': (800, 190, 1000, 300)}",ok_cylinder_inside_confirmed
2026-09-06 10:15:05,2026-09-06,3210924,2689,30,107.08663177490234,,36.95286560058594,0.7546732425689697,814.6964721679688,178.63088989257812,993.3547973632812,295.59234619140625,178.6583251953125,116.96145629882812,20896.137894753367,904.025634765625,237.1116180419922,1920,1080,823.5260620117188,208.9563751220703,930.599365234375,210.64590454101562,107.07330322265625,1.6895294189453125,0.9040056603618463,left,False,"{'safe_roi': (450, 80, 1500, 420), 'cylinder_roi': (800, 190, 1000, 300)}",ok_cylinder_inside_confirmed
2026-09-06 10:15:10,2026-09-06,3211040,2689,30,106.37523651123047,,35.9476318359375,0.7608641386032104,816.7169799804688,178.7837371826172,995.0276489257812,292.6681823730469,178.3106689453125,113.88444519042969,20306.811604371294,905.872314453125,235.7259521484375,1920,1080,825.4578857421875,212.82363891601562,931.8312377929688,212.1905059814453,106.37335205078125,0.6331329345703125,0.3410197757241114,left,False,"{'safe_roi': (450, 80, 1500, 420), 'cylinder_roi': (800, 190, 1000, 300)}",ok_cylinder_inside_confirmed
2026-09-06 10:15:15,2026-09-06,3211154,2689,30,121.16267395019531,,41.55332946777344,0.7579178810119629,812.8416748046875,177.1150665283203,992.9847412109375,293.0438537597656,180.14306640625,115.92878723144531,20883.76721663028,902.9132080078125,235.0794677734375,1920,1080,817.2088623046875,210.0387420654297,938.3544921875,208.00631713867188,121.1456298828125,2.0324249267578125,0.9611444278863674,left,False,"{'safe_roi': (450, 80, 1500, 420), 'cylinder_roi': (800, 190, 1000, 300)}",ok_cylinder_inside_confirmed
2026-09-06 10:15:20,2026-09-06,3211270,2689,30,115.26725769042969,,39.740142822265625,0.7597272396087646,813.1365966796875,177.66043090820312,995.268310546875,293.6514587402344,182.1317138671875,115.99102783203125,21125.644692264497,904.2024536132812,235.65594482421875,1920,1080,819.2058715820312,212.4312286376953,934.4707641601562,211.69314575195312,115.264892578125,0.7380828857421875,0.3668806291237457,left,False,"{'safe_roi': (450, 80, 1500, 420), 'cylinder_roi': (800, 190, 1000, 300)}",ok_cylinder_inside_confirmed
2026-09-06 10:15:25,2026-09-06,3211381,2689,30,121.1814956665039,,39.913482666015625,0.7591797709465027,814.2119140625,176.57266235351562,994.5335693359375,291.4015197753906,180.3216552734375,114.828857421875,20706.12964347005,904.3727416992188,233.98709106445312,1920,1080,815.422607421875,208.16384887695312,936.4609375,214.05264282226562,121.038330078125,5.8887939453125,2.785375512398931,left,False,"{'safe_roi': (450, 80, 1500, 420), 'cylinder_roi': (800, 190, 1000, 300)}",ok_cylinder_inside_confirmed
2026-09-06 10:17:54,2026-09-06,3214762,2689,31,110.90778350830078,,15.2825927734375,0.7843191027641296,798.9435424804688,173.8861846923828,1007.8538208007812,292.9356994628906,208.9102783203125,119.04951477050781,24870.66726460494,903.398681640625,233.41094970703125,1920,1080,985.507080078125,206.92506408691406,874.912841796875,215.25881958007812,110.59423828125,8.333755493164062,4.309341244654225,right,False,"{'safe_roi': (450, 80, 1500, 420), 'cylinder_roi': (800, 190, 1000, 300)}",ok_cylinder_inside_confirmed
2026-09-06 10:17:59,2026-09-06,3214878,2689,31,121.5008316040039,,7.9672698974609375,0.6909092664718628,813.8220825195312,178.67176818847656,1005.5308227539062,293.468017578125,191.708740234375,114.79624938964844,22007.444354120642,909.6764526367188,236.06988525390625,1920,1080,998.6756591796875,208.79563903808594,877.8045654296875,221.1500244140625,120.87109375,12.354385375976562,5.8360062671434925,right,False,"{'safe_roi': (450, 80, 1500, 420), 'cylinder_roi': (800, 190, 1000, 300)}",ok_cylinder_inside_confirmed
2026-09-06 10:18:14,2026-09-06,3215206,2689,31,124.57271575927734,,8.681243896484375,0.7501611709594727,815.966796875,177.1265869140625,1006.0799560546875,291.43280029296875,190.1131591796875,114.30621337890625,21731.11533933133,911.0233764648438,234.27969360351562,1920,1080,999.609130859375,206.9135284423828,875.6746826171875,219.50770568847656,123.9344482421875,12.59417724609375,5.802459545173593,right,False,"{'safe_roi': (450, 80, 1500, 420), 'cylinder_roi': (800, 190, 1000, 300)}",ok_cylinder_inside_confirmed
2026-09-06 10:18:19,2026-09-06,3215321,2689,31,115.62846374511719,,7.9406585693359375,0.6939971446990967,811.9437255859375,176.8228759765625,1005.21240234375,290.3993225097656,193.2686767578125,113.57644653320312,21950.76953232661,908.5780639648438,233.61109924316406,1920,1080,986.6845703125,209.27487182617188,871.3868408203125,218.01412963867188,115.2977294921875,8.7392578125,4.334577622995857,right,False,"{'safe_roi': (450, 80, 1500, 420), 'cylinder_roi': (800, 190, 1000, 300)}",ok_cylinder_inside_confirmed
2026-09-06 10:18:24,2026-09-06,3215441,2689,31,116.74116516113281,,5.74749755859375,0.7544072866439819,813.8983764648438,176.63626098632812,1005.6067504882812,291.4997863769531,191.7083740234375,114.863525390625,22020.299687236547,909.7525634765625,234.06802368164062,1920,1080,988.7447509765625,210.7126922607422,872.5255737304688,221.74000549316406,116.21917724609375,11.027313232421875,5.420212281889116,right,False,"{'safe_roi': (450, 80, 1500, 420), 'cylinder_roi': (800, 190, 1000, 300)}",ok_cylinder_inside_confirmed
2026-09-06 10:18:29,2026-09-06,3215556,2689,31,120.62041473388672,,13.871185302734375,0.7652472853660583,813.552490234375,178.41741943359375,1003.2791748046875,289.47393798828125,189.7266845703125,111.0565185546875,21070.385065302253,908.4158325195312,233.9456787109375,1920,1080,994.7059326171875,208.00196838378906,874.4436645507812,217.29022216796875,120.26226806640625,9.288253784179688,4.4163757788785425,right,False,"{'safe_roi': (450, 80, 1500, 420), 'cylinder_roi': (800, 190, 1000, 300)}",ok_cylinder_inside_confirmed
2026-09-06 10:18:34,2026-09-06,3215665,2689,31,111.56938171386719,,7.8787994384765625,0.6771340370178223,814.41748046875,176.87741088867188,1003.3970947265625,291.74298095703125,188.9796142578125,114.86557006835938,21707.251123022288,908.9072875976562,234.31019592285156,1920,1080,985.00830078125,211.81185913085938,873.755126953125,220.205810546875,111.253173828125,8.393951416015625,4.3147398585934855,right,False,"{'safe_roi': (450, 80, 1500, 420), 'cylinder_roi': (800, 190, 1000, 300)}",ok_cylinder_inside_confirmed
2026-09-06 10:18:44,2026-09-06,3215869,2689,31,117.00640106201172,,12.77764892578125,0.747443437576294,814.0912475585938,180.38897705078125,1001.4077758789062,290.6344299316406,187.3165283203125,110.24545288085938,20650.795496743172,907.74951171875,235.51170349121094,1920,1080,990.4190673828125,210.1471405029297,873.644775390625,217.51348876953125,116.7742919921875,7.3663482666015625,3.6095458355397936,right,False,"{'safe_roi': (450, 80, 1500, 420), 'cylinder_roi': (800, 190, 1000, 300)}",ok_cylinder_inside_confirmed
2026-09-06 10:18:49,2026-09-06,3215983,2689,31,110.99050903320312,,10.877120971679688,0.6558842062950134,815.1946411132812,177.75892639160156,1000.5844116210938,289.8852233886719,185.3897705078125,112.12629699707031,20787.06846817769,907.8895263671875,233.82208251953125,1920,1080,984.319091796875,209.52268981933594,873.9688720703125,221.42739868164062,110.3502197265625,11.904708862304688,6.157321396625622,right,False,"{'safe_roi': (450, 80, 1500, 420), 'cylinder_roi': (800, 190, 1000, 300)}",ok_cylinder_inside_confirmed
2026-09-06 10:18:54,2026-09-06,3216098,2689,31,106.05392456054688,,11.98309326171875,0.6107785105705261,813.5653076171875,176.2331085205078,996.8953857421875,288.859375,183.330078125,112.62626647949219,20647.78223261237,905.2303466796875,232.54623413085938,1920,1080,980.935302734375,211.2650146484375,875.201171875,219.4947509765625,105.734130859375,8.229736328125,4.450600759619463,right,False,"{'safe_roi': (450, 80, 1500, 420), 'cylinder_roi': (800, 190, 1000, 300)}",ok_cylinder_inside_confirmed
2026-09-06 10:18:59,2026-09-06,3216217,2689,31,110.53065490722656,,14.149917602539062,0.6246041059494019,814.078857421875,175.701904296875,997.0322265625,289.5750732421875,182.953369140625,113.8731689453125,20833.479913264513,905.5555419921875,232.63848876953125,1920,1080,982.7930908203125,206.8390655517578,873.4782104492188,223.1878662109375,109.31488037109375,16.348800659179688,8.505937982261928,right,False,"{'safe_roi': (450, 80, 1500, 420), 'cylinder_roi': (800, 190, 1000, 300)}",ok_cylinder_inside_confirmed
2026-09-06 10:19:09,2026-09-06,3216454,2689,31,111.40502166748047,,11.75250244140625,0.588423490524292,810.669189453125,179.46429443359375,993.9742431640625,283.8260803222656,183.3050537109375,104.36178588867188,19130.042767692357,902.3217163085938,231.6451873779297,1920,1080,982.39404296875,207.0654754638672,872.0882568359375,222.67678833007812,110.3057861328125,15.611312866210938,8.055434689086836,right,False,"{'safe_roi': (450, 80, 1500, 420), 'cylinder_roi': (800, 190, 1000, 300)}",ok_cylinder_inside_confirmed
2026-09-06 10:20:54,2026-09-06,3218802,2689,32,102.6532974243164,,26.593521118164062,0.6984670162200928,762.88671875,181.17144775390625,954.894775390625,295.6402282714844,192.008056640625,114.46878051757812,21978.928093202412,858.8907470703125,238.4058380126953,1920,1080,937.4716796875,216.0733642578125,834.9115600585938,211.70057678222656,102.56011962890625,4.3727874755859375,2.4414033122425005,right,False,"{'safe_roi': (450, 80, 1500, 420), 'cylinder_roi': (800, 190, 1000, 300)}",ok_cylinder_inside_confirmed
2026-09-06 10:24:26,2026-09-06,3223549,2689,33,108.98661041259766,,11.236175537109375,0.6238278150558472,804.5096435546875,176.33673095703125,997.4564208984375,293.2964782714844,192.94677734375,116.95974731445312,22567.00632326305,900.9830322265625,234.8166046142578,1920,1080,978.5721435546875,211.32363891601562,869.955322265625,220.2939910888672,108.6168212890625,8.970352172851562,4.72117996343667,right,False,"{'safe_roi': (450, 80, 1500, 420), 'cylinder_roi': (800, 190, 1000, 300)}",ok_cylinder_inside_confirmed
2026-09-06 10:24:37,2026-09-06,3223788,2689,33,105.71244812011719,,20.268325805664062,0.4576159715652466,807.66455078125,175.8640899658203,996.2952880859375,293.4659423828125,188.6307373046875,117.60185241699219,22183.324129814282,901.9799194335938,234.66500854492188,1920,1080,972.136474609375,203.90945434570312,868.6576538085938,225.52554321289062,103.47882080078125,21.6160888671875,11.799064601616022,right,False,"{'safe_roi': (450, 80, 1500, 420), 'cylinder_roi': (800, 190, 1000, 300)}",ok_cylinder_inside_confirmed
2026-09-06 10:24:44,2026-09-06,3223947,2689,33,109.02371215820312,,30.049407958984375,0.6298597455024719,813.7470092773438,177.29092407226562,1005.6378784179688,289.995361328125,191.890869140625,112.70443725585938,21626.952421031892,909.6924438476562,233.6431427001953,1920,1080,983.6687622070312,216.82891845703125,874.8705444335938,223.83737182617188,108.7982177734375,7.008453369140625,3.685729070537374,right,False,"{'safe_roi': (450, 80, 1500, 420), 'cylinder_roi': (800, 190, 1000, 300)}",ok_cylinder_inside_confirmed
2026-09-06 10:24:49,2026-09-06,3224061,2689,33,98.7480697631836,,25.581741333007812,0.609041690826416,814.5191650390625,176.68521118164062,1000.8109130859375,290.70098876953125,186.291748046875,114.01577758789062,21240.198511771858,907.6650390625,233.69309997558594,1920,1080,971.631103515625,214.88916015625,873.838623046875,228.59359741210938,97.79248046875,13.704437255859375,7.977361983545915,right,False,"{'safe_roi': (450, 80, 1500, 420), 'cylinder_roi': (800, 190, 1000, 300)}",ok_cylinder_inside_confirmed
2026-09-06 10:24:56,2026-09-06,3224210,2689,33,96.03913879394531,,28.045120239257812,0.5975154638290405,813.032470703125,176.2881317138672,1003.3834228515625,289.65673828125,190.3509521484375,113.36860656738281,21579.822203842923,908.2079467773438,232.97244262695312,1920,1080,969.9818115234375,214.8995819091797,875.5830078125,232.5739288330078,94.3988037109375,17.674346923828125,10.604744618411923,right,False,"{'safe_roi': (450, 80, 1500, 420), 'cylinder_roi': (800, 190, 1000, 300)}",ok_cylinder_inside_confirmed
2026-09-06 10:25:06,2026-09-06,3224439,2689,33,100.9466781616211,,22.880477905273438,0.6483955979347229,814.7837524414062,176.41696166992188,1002.1801147460938,290.25531005859375,187.3963623046875,113.83834838867188,21332.892378810793,908.48193359375,233.3361358642578,1920,1080,972.5611572265625,211.55511474609375,873.1143798828125,228.89208984375,99.44677734375,17.33697509765625,9.889227756263756,right,False,"{'safe_roi': (450, 80, 1500, 420), 'cylinder_roi': (800, 190, 1000, 300)}",ok_cylinder_inside_confirmed
2026-09-06 10:25:45,2026-09-06,3225336,2689,34,93.22611236572266,,6.6175537109375,0.4460700750350952,816.3292846679688,178.20492553710938,997.9779663085938,288.0716552734375,181.648681640625,109.86672973632812,19957.146612770855,907.1536254882812,233.13829040527344,1920,1080,972.0090942382812,211.40602111816406,879.6798706054688,224.3065185546875,92.3292236328125,12.900497436523438,7.954032593861054,right,False,"{'safe_roi': (450, 80, 1500, 420), 'cylinder_roi': (800, 190, 1000, 300)}",ok_cylinder_inside_confirmed
2026-09-06 10:34:47,2026-09-06,3238315,2689,35,113.6025390625,,38.178680419921875,0.7905407547950745,845.22265625,179.18666076660156,1037.1663818359375,299.0442199707031,191.9437255859375,119.85755920410156,23005.906453272328,941.1945190429688,239.11544799804688,1920,1080,856.059326171875,199.05349731445312,968.2211303710938,217.088623046875,112.16180419921875,18.035125732421875,9.134718645185064,left,False,"{'safe_roi': (450, 80, 1500, 420), 'cylinder_roi': (800, 190, 1000, 300)}",ok_cylinder_inside_confirmed
2026-09-06 10:34:52,2026-09-06,3238432,2689,35,108.6613998413086,,39.074310302734375,0.7961081862449646,845.06005859375,180.6608123779297,1029.2666015625,297.38690185546875,184.20654296875,116.72608947753906,21501.709416918457,937.163330078125,239.02386474609375,1920,1080,853.933349609375,199.277587890625,962.101806640625,209.61611938476562,108.16845703125,10.338531494140625,5.459634983274391,left,False,"{'safe_roi': (450, 80, 1500, 420), 'cylinder_roi': (800, 190, 1000, 300)}",ok_cylinder_inside_confirmed
2026-09-06 10:34:57,2026-09-06,3238555,2689,35,90.80774688720703,,36.860504150390625,0.6641383767127991,843.0532836914062,180.50051879882812,1021.5598754882812,297.1914367675781,178.506591796875,116.69091796875,20830.098060250282,932.3065795898438,238.84597778320312,1920,1080,857.5892333984375,205.43505859375,948.3778076171875,207.30116271972656,90.78857421875,1.8661041259765625,1.1775142191990613,left,False,"{'safe_roi': (450, 80, 1500, 420), 'cylinder_roi': (800, 190, 1000, 300)}",ok_cylinder_inside_confirmed
2026-09-06 10:35:05,2026-09-06,3238738,2689,35,102.26123809814453,,27.7215576171875,0.6706689596176147,845.2093505859375,179.6338348388672,1015.79443359375,297.16717529296875,170.5850830078125,117.53334045410156,20049.434637548402,930.5018920898438,238.4005126953125,1920,1080,850.171875,200.60992431640625,950.14990234375,222.09840393066406,99.97802734375,21.488479614257812,12.130157373902952,left,False,"{'safe_roi': (450, 80, 1500, 420), 'cylinder_roi': (800, 190, 1000, 300)}",ok_cylinder_inside_confirmed
2026-09-06 10:35:10,2026-09-06,3238864,2689,35,98.99639129638672,,33.76301574707031,0.7606180310249329,844.6697998046875,179.73167419433594,1018.3043212890625,296.6649169921875,173.634521484375,116.93324279785156,20303.647658821195,931.487060546875,238.19830322265625,1920,1080,856.154052734375,199.90451049804688,952.9220581054688,220.79083251953125,96.76800537109375,20.886322021484375,12.179826565148222,left,False,"{'safe_roi': (450, 80, 1500, 420), 'cylinder_roi': (800, 190, 1000, 300)}",ok_cylinder_inside_confirmed
2026-09-06 10:35:15,2026-09-06,3238981,2689,35,102.00548553466797,,26.447845458984375,0.6277016401290894,844.4434814453125,185.05438232421875,1017.8936767578125,298.3695068359375,173.4501953125,113.31512451171875,19654.530478417873,931.1685791015625,241.71194458007812,1920,1080,852.8841552734375,203.05125427246094,953.0665283203125,222.25048828125,100.182373046875,19.199234008789062,10.848787565718817,left,False,"{'safe_roi': (450, 80, 1500, 420), 'cylinder_roi': (800, 190, 1000, 300)}",ok_cylinder_inside_confirmed
2026-09-06 10:35:20,2026-09-06,3239099,2689,35,92.8365249633789,,30.355560302734375,0.730542778968811,844.2800903320312,186.66220092773438,1015.5656127929688,297.03717041015625,171.2855224609375,110.37496948242188,18905.634314406663,929.9228515625,241.8496856689453,1920,1080,858.9655151367188,202.74172973632812,949.978515625,221.05166625976562,91.01300048828125,18.3099365234375,11.374890724279364,left,False,"{'safe_roi': (450, 80, 1500, 420), 'cylinder_roi': (800, 190, 1000, 300)}",ok_cylinder_inside_confirmed
2026-09-06 10:35:25,2026-09-06,3239225,2689,35,96.65674591064453,,39.28004455566406,0.7880691289901733,845.5811767578125,184.06036376953125,1013.7794189453125,298.15875244140625,168.1982421875,114.098388671875,19191.148411035538,929.6802978515625,241.10955810546875,1920,1080,853.279296875,208.8255615234375,948.7225341796875,224.09365844726562,95.4432373046875,15.268096923828125,9.088625676022355,left,False,"{'safe_roi': (450, 80, 1500, 420), 'cylinder_roi': (800, 190, 1000, 300)}",ok_cylinder_inside_confirmed
2026-09-06 10:35:30,2026-09-06,3239339,2689,35,100.89826202392578,,33.4610595703125,0.7838446497917175,845.0003662109375,181.60707092285156,1015.369384765625,297.61846923828125,170.3690185546875,116.01139831542969,19764.748072156683,930.1848754882812,239.61276245117188,1920,1080,849.31103515625,206.0241241455078,948.900634765625,222.2220001220703,99.589599609375,16.1978759765625,9.238050578386746,left,False,"{'safe_roi': (450, 80, 1500, 420), 'cylinder_roi': (800, 190, 1000, 300)}",ok_cylinder_inside_confirmed
2026-09-06 10:35:35,2026-09-06,3239453,2689,35,95.34283447265625,,38.13783264160156,0.7807376384735107,838.1270141601562,183.4231719970703,1014.2700805664062,297.0321044921875,176.14306640625,113.60893249511719,20011.4257408306,926.1985473632812,240.22763061523438,1920,1080,853.3755493164062,208.779052734375,947.8656005859375,221.50253295898438,94.49005126953125,12.723480224609375,7.668987411416329,left,False,"{'safe_roi': (450, 80, 1500, 420), 'cylinder_roi': (800, 190, 1000, 300)}",ok_cylinder_inside_confirmed
2026-09-06 10:35:40,2026-09-06,3239575,2689,35,94.36674499511719,,37.47135925292969,0.8003923296928406,833.336181640625,186.578857421875,1012.5504150390625,295.5028076171875,179.2142333984375,108.9239501953125,19520.722232982516,922.9432983398438,241.04083251953125,1920,1080,854.6249389648438,211.44546508789062,948.25341796875,223.22640991210938,93.62847900390625,11.78094482421875,7.171638628942575,left,False,"{'safe_roi': (450, 80, 1500, 420), 'cylinder_roi': (800, 190, 1000, 300)}",ok_cylinder_inside_confirmed
2026-09-06 10:35:45,2026-09-06,3239692,2689,35,94.65441131591797,,37.73246765136719,0.8022267818450928,836.587158203125,184.31756591796875,1014.357666015625,296.0538635253906,177.7705078125,111.73629760742188,19863.418366760015,925.472412109375,240.1857147216797,1920,1080,853.3872680664062,210.4422149658203,947.2383422851562,222.74803161621094,93.85107421875,12.305816650390625,7.470046161489994,left,False,"{'safe_roi': (450, 80, 1500, 420), 'cylinder_roi': (800, 190, 1000, 300)}",ok_cylinder_inside_confirmed
2026-09-06 10:35:51,2026-09-06,3239815,2689,35,93.65219116210938,,38.412567138671875,0.7981736063957214,836.5,184.4149932861328,1013.103515625,295.716796875,176.603515625,111.30180358886719,19656.289809197187,924.8017578125,240.06588745117188,1920,1080,853.00341796875,210.8712158203125,946.0457763671875,221.54141235351562,93.0423583984375,10.670196533203125,6.542160500723768,left,False,"{'safe_roi': (450, 80, 1500, 420), 'cylinder_roi': (800, 190, 1000, 300)}",ok_cylinder_inside_confirmed
2026-09-06 10:35:56,2026-09-06,3239935,2689,35,95.92765808105469,,38.67176818847656,0.7937288880348206,836.4519653320312,184.83148193359375,1016.3193969726562,296.15203857421875,179.867431640625,111.320556640625,20022.94261175394,926.3856811523438,240.49176025390625,1920,1080,852.4518432617188,211.59713745117188,947.784423828125,222.26556396484375,95.33258056640625,10.668426513671875,6.385258538967762,left,False,"{'safe_roi': (450, 80, 1500, 420), 'cylinder_roi': (800, 190, 1000, 300)}",ok_cylinder_inside_confirmed
2026-09-06 10:36:01,2026-09-06,3240057,2689,35,95.18152618408203,,37.5596923828125,0.7927171587944031,836.1966552734375,183.18075561523438,1013.53955078125,295.7000427246094,177.3428955078125,112.519287109375,19954.496176451445,924.8681030273438,239.44039916992188,1920,1080,851.5858764648438,213.83642578125,946.4195556640625,221.96640014648438,94.83367919921875,8.129974365234375,4.899916104361244,left,False,"{'safe_roi': (450, 80, 1500, 420), 'cylinder_roi': (800, 190, 1000, 300)}",ok_cylinder_inside_confirmed
2026-09-06 10:36:06,2026-09-06,3240179,2689,35,96.62648010253906,,35.554718017578125,0.8015324473381042,834.495361328125,182.4351806640625,1013.0643310546875,294.02264404296875,178.5689697265625,111.58746337890625,19926.05836997181,923.7798461914062,238.22891235351562,1920,1080,851.4068603515625,211.76864624023438,947.5286865234375,221.63125610351562,96.121826171875,9.86260986328125,5.858350063707902,left,False,"{'safe_roi': (450, 80, 1500, 420), 'cylinder_roi': (800, 190, 1000, 300)}",ok_cylinder_inside_confirmed
2026-09-06 10:36:11,2026-09-06,3240299,2689,35,97.75250244140625,,35.630096435546875,0.8238648772239685,835.2545166015625,184.87814331054688,1013.8701171875,296.32928466796875,178.6156005859375,111.45114135742188,19906.912549544126,924.5623168945312,240.6037139892578,1920,1080,851.8795166015625,212.5045928955078,949.2786865234375,220.80845642089844,97.399169921875,8.303863525390625,4.8730250479788335,left,False,"{'safe_roi': (450, 80, 1500, 420), 'cylinder_roi': (800, 190, 1000, 300)}",ok_cylinder_inside_confirmed
2026-09-06 10:36:16,2026-09-06,3240420,2689,35,97.0938949584961,,35.452667236328125,0.7996138334274292,831.5548095703125,183.076416015625,1014.4295654296875,293.9836120605469,182.874755859375,110.90719604492188,20282.12639976293,922.9921875,238.53001403808594,1920,1080,851.6893310546875,208.9727783203125,948.2313232421875,219.31045532226562,96.5419921875,10.337677001953125,6.111919778197643,left,False,"{'safe_roi': (450, 80, 1500, 420), 'cylinder_roi': (800, 190, 1000, 300)}",ok_cylinder_inside_confirmed
2026-09-06 10:36:21,2026-09-06,3240543,2689,35,98.9120864868164,,36.72747802734375,0.8015167117118835,827.7442626953125,184.3834991455078,1011.8387451171875,295.57000732421875,184.094482421875,111.18650817871094,20468.82267545536,919.79150390625,239.97674560546875,1920,1080,847.246337890625,215.92324829101562,945.8783569335938,223.361328125,98.63201904296875,7.438079833984375,4.312650695219423,left,False,"{'safe_roi': (450, 80, 1500, 420), 'cylinder_roi': (800, 190, 1000, 300)}",ok_cylinder_inside_confirmed
2026-09-06 10:36:26,2026-09-06,3240662,2689,35,99.00313568115234,,34.070953369140625,0.806722104549408,828.6635131835938,187.389404296875,1006.3583374023438,295.87127685546875,177.69482421875,108.48187255859375,19276.667275220156,917.5109252929688,241.63034057617188,1920,1080,847.93017578125,215.2407684326172,946.7874755859375,220.6125030517578,98.8572998046875,5.371734619140625,3.1102947253804074,left,False,"{'safe_roi': (450, 80, 1500, 420), 'cylinder_roi': (800, 190, 1000, 300)}",ok_cylinder_inside_confirmed
2026-09-06 10:36:31,2026-09-06,3240781,2689,35,96.14495849609375,,33.995758056640625,0.8012778759002686,827.2752075195312,185.4224853515625,1005.9235229492188,295.8804931640625,178.6483154296875,110.4580078125,19733.137021422386,916.599365234375,240.6514892578125,1920,1080,844.4058837890625,217.17218017578125,940.4593505859375,221.36557006835938,96.053466796875,4.193389892578125,2.4997648089517637,left,False,"{'safe_roi': (450, 80, 1500, 420), 'cylinder_roi': (800, 190, 1000, 300)}",ok_cylinder_inside_confirmed
2026-09-06 10:36:36,2026-09-06,3240898,2689,35,95.58895874023438,,34.09919738769531,0.798438549041748,827.4362182617188,183.07525634765625,1007.8234252929688,296.6866760253906,180.38720703125,113.61141967773438,20494.0466825217,917.6298217773438,239.88096618652344,1920,1080,845.3065795898438,215.87384033203125,940.70068359375,221.97410583496094,95.39410400390625,6.1002655029296875,3.658970336873246,left,False,"{'safe_roi': (450, 80, 1500, 420), 'cylinder_roi': (800, 190, 1000, 300)}",ok_cylinder_inside_confirmed
2026-09-06 10:36:41,2026-09-06,3241019,2689,35,96.36601257324219,,34.16041564941406,0.8118715882301331,829.3469848632812,185.2233428955078,1008.5903930664062,298.1971435546875,179.243408203125,112.97380065917969,20249.809067811817,918.9686889648438,241.71023559570312,1920,1080,846.4979858398438,217.16867065429688,942.5919189453125,224.40499877929688,96.09393310546875,7.236328125,4.306515274492132,left,False,"{'safe_roi': (450, 80, 1500, 420), 'cylinder_roi': (800, 190, 1000, 300)}",ok_cylinder_inside_confirmed
2026-09-06 10:36:46,2026-09-06,3241141,2689,35,95.0427017211914,,35.0343017578125,0.797051191329956,828.1981201171875,184.7435302734375,1008.0699462890625,295.95489501953125,179.871826171875,111.21136474609375,20003.791267946362,918.134033203125,240.34921264648438,1920,1080,845.5796508789062,216.60232543945312,940.4563598632812,222.21707153320312,94.876708984375,5.61474609375,3.386779439652883,left,False,"{'safe_roi': (450, 80, 1500, 420), 'cylinder_roi': (800, 190, 1000, 300)}",ok_cylinder_inside_confirmed
2026-09-06 10:36:51,2026-09-06,3241255,2689,35,95.49019622802734,,35.06062316894531,0.7971586585044861,828.2433471679688,184.3524169921875,1007.6276245117188,297.10614013671875,179.38427734375,112.75372314453125,20226.245144098997,917.9354858398438,240.72927856445312,1920,1080,845.0911254882812,217.00555419921875,940.4443969726562,222.11741638183594,95.353271484375,5.1118621826171875,3.068673153896791,left,False,"{'safe_roi': (450, 80, 1500, 420), 'cylinder_roi': (800, 190, 1000, 300)}",ok_cylinder_inside_confirmed
2026-09-06 10:36:56,2026-09-06,3241375,2689,35,94.95426177978516,,35.60615539550781,0.787909984588623,829.4835815429688,184.68643188476562,1006.5231323242188,295.8778076171875,177.03955078125,111.19137573242188,19685.27121041715,918.0033569335938,240.28211975097656,1920,1080,843.3643188476562,215.364990234375,937.9611206054688,223.59645080566406,94.5968017578125,8.231460571289062,4.973138179516128,left,False,"{'safe_roi': (450, 80, 1500, 420), 'cylinder_roi': (800, 190, 1000, 300)}",ok_cylinder_inside_confirmed
2026-09-06 10:37:01,2026-09-06,3241488,2689,35,92.74078369140625,,32.433380126953125,0.7931103110313416,826.2079467773438,184.41346740722656,1006.5297241210938,297.9570007324219,180.32177734375,113.54353332519531,20474.371735088527,916.3688354492188,241.18524169921875,1920,1080,844.1243896484375,215.86795043945312,936.58203125,223.10934448242188,92.4576416015625,7.24139404296875,4.478332498691975,left,False,"{'safe_roi': (450, 80, 1500, 420), 'cylinder_roi': (800, 190, 1000, 300)}",ok_cylinder_inside_confirmed
2026-09-06 10:37:06,2026-09-06,3241612,2689,35,109.13262176513672,,38.96205139160156,0.7570441365242004,852.782470703125,185.4586944580078,1031.253173828125,297.96099853515625,178.470703125,112.50230407714844,20078.365311831236,942.017822265625,241.7098388671875,1920,1080,857.964111328125,211.09793090820312,966.9029541015625,217.59854125976562,108.9388427734375,6.5006103515625,3.4149105375299906,left,False,"{'safe_roi': (450, 80, 1500, 420), 'cylinder_roi': (800, 190, 1000, 300)}",ok_cylinder_inside_confirmed
2026-09-06 10:39:06,2026-09-06,3244498,2689,36,88.02091979980469,,36.903045654296875,0.7854522466659546,871.0030517578125,185.6822052001953,1027.3525390625,304.50439453125,156.3494873046875,118.82218933105469,18577.78838233091,949.1777954101562,245.09329223632812,1920,1080,881.33154296875,205.32640075683594,968.2789306640625,219.03164672851562,86.9473876953125,13.705245971679688,8.957652575433963,left,False,"{'safe_roi': (450, 80, 1500, 420), 'cylinder_roi': (800, 190, 1000, 300)}",ok_cylinder_inside_confirmed
2026-09-06 10:56:32,2026-09-06,3269272,2689,37,95.6712417602539,,37.322540283203125,0.7983104586601257,880.4296875,186.9263916015625,1033.1763916015625,304.2673034667969,152.7467041015625,117.34091186523438,17923.43754368648,956.8030395507812,245.5968475341797,1920,1080,884.4595947265625,201.5933074951172,977.8636474609375,222.29763793945312,93.404052734375,20.704330444335938,12.498333927668254,left,False,"{'safe_roi': (450, 80, 1500, 420), 'cylinder_roi': (800, 190, 1000, 300)}",ok_cylinder_inside_confirmed
2026-09-06 10:56:37,2026-09-06,3269402,2689,37,90.6108627319336,,40.57481384277344,0.7723487615585327,863.0992431640625,187.7838592529297,1024.837158203125,301.2927551269531,161.7379150390625,113.50889587402344,18358.692157050595,943.9682006835938,244.53829956054688,1920,1080,869.1482543945312,207.52659606933594,958.894287109375,220.01571655273438,89.74603271484375,12.489120483398438,7.922440876936599,left,False,"{'safe_roi': (450, 80, 1500, 420), 'cylinder_roi': (800, 190, 1000, 300)}",ok_cylinder_inside_confirmed
2026-09-06 11:00:24,2026-09-06,3274895,2689,38,97.79320526123047,,34.13751220703125,0.784058690071106,857.0062866210938,189.33383178710938,1030.379638671875,306.73822021484375,173.37335205078125,117.40438842773438,20354.79236718826,943.6929931640625,248.03602600097656,1920,1080,865.0629272460938,228.45953369140625,962.8538818359375,227.796142578125,97.79095458984375,0.66339111328125,0.3886752928572055,left,False,"{'safe_roi': (450, 80, 1500, 420), 'cylinder_roi': (800, 190, 1000, 300)}",ok_cylinder_inside_confirmed
2026-09-06 11:00:29,2026-09-06,3275018,2689,38,87.01860809326172,,33.856536865234375,0.7998520731925964,869.8505859375,185.47235107421875,1027.8214111328125,303.1598205566406,157.9708251953125,117.68746948242188,18591.18666928634,948.8359985351562,244.3160858154297,1920,1080,877.84765625,208.29757690429688,964.1846923828125,219.16744995117188,86.3370361328125,10.869873046875,7.175809847708122,left,False,"{'safe_roi': (450, 80, 1500, 420), 'cylinder_roi': (800, 190, 1000, 300)}",ok_cylinder_inside_confirmed
2026-09-06 11:00:34,2026-09-06,3275139,2689,38,91.10525512695312,,35.79048156738281,0.8080913424491882,869.474853515625,185.54779052734375,1027.703125,302.7303466796875,158.228271484375,117.18255615234375,18541.593308106065,948.5889892578125,244.13906860351562,1920,1080,880.6730346679688,211.9132537841797,971.0557861328125,223.36428833007812,90.38275146484375,11.451034545898438,7.220613479261188,left,False,"{'safe_roi': (450, 80, 1500, 420), 'cylinder_roi': (800, 190, 1000, 300)}",ok_cylinder_inside_confirmed
2026-09-06 11:00:39,2026-09-06,3275259,2689,38,91.44638061523438,,35.36451721191406,0.8190665245056152,869.0292358398438,185.31077575683594,1028.5179443359375,302.3191223144531,159.48870849609375,117.00834655761719,18661.510075737722,948.7735595703125,243.81494140625,1920,1080,879.5285034179688,209.04959106445312,970.23974609375,220.62156677246094,90.71124267578125,11.571975708007812,7.26991921126286,left,False,"{'safe_roi': (450, 80, 1500, 420), 'cylinder_roi': (800, 190, 1000, 300)}",ok_cylinder_inside_confirmed
2026-09-06 11:00:44,2026-09-06,3275379,2689,38,90.18612670898438,,36.3758544921875,0.8070449829101562,869.4696044921875,184.7052764892578,1031.696044921875,302.80157470703125,162.2264404296875,118.09629821777344,19158.342087792233,950.5828247070312,243.75341796875,1920,1080,879.6198120117188,204.88380432128906,968.7698974609375,218.51461791992188,89.15008544921875,13.630813598632812,8.693050302136644,left,False,"{'safe_roi': (450, 80, 1500, 420), 'cylinder_roi': (800, 190, 1000, 300)}",ok_cylinder_inside_confirmed
2026-09-06 11:00:49,2026-09-06,3275506,2689,38,92.0187759399414,,36.453399658203125,0.7935811281204224,866.0595092773438,182.20169067382812,1031.8319091796875,299.679443359375,165.77239990234375,117.47775268554688,19474.568997817114,948.9456787109375,240.94056701660156,1920,1080,877.9004516601562,205.44351196289062,969.0713500976562,217.9063720703125,91.1708984375,12.462860107421875,7.783961119634707,left,False,"{'safe_roi': (450, 80, 1500, 420), 'cylinder_roi': (800, 190, 1000, 300)}",ok_cylinder_inside_confirmed
2026-09-06 11:00:54,2026-09-06,3275626,2689,38,95.12666320800781,,37.84417724609375,0.8039035201072693,867.0087890625,180.83065795898438,1035.717041015625,299.7719421386719,168.708251953125,118.9412841796875,20066.37613901496,951.3629150390625,240.30130004882812,1920,1080,878.168701171875,206.01028442382812,972.3058471679688,219.69528198242188,94.13714599609375,13.68499755859375,8.271316312790757,left,False,"{'safe_roi': (450, 80, 1500, 420), 'cylinder_roi': (800, 190, 1000, 300)}",ok_cylinder_inside_confirmed
2026-09-06 11:00:59,2026-09-06,3275743,2689,38,95.8208999633789,,37.484222412109375,0.7833511233329773,867.2715454101562,181.8053436279297,1037.6199951171875,300.7171630859375,170.34844970703125,118.91181945800781,20256.444096514024,952.44580078125,241.26126098632812,1920,1080,879.1626586914062,206.53939819335938,973.727294921875,222.00466918945312,94.56463623046875,15.46527099609375,9.288031819472044,left,False,"{'safe_roi': (450, 80, 1500, 420), 'cylinder_roi': (800, 190, 1000, 300)}",ok_cylinder_inside_confirmed
2026-09-06 11:01:04,2026-09-06,3275860,2689,38,99.34752655029297,,38.65692138671875,0.76806640625,853.708251953125,181.03646850585938,1015.1649169921875,294.95587158203125,161.4566650390625,113.91940307617188,18393.04690391943,934.4365844726562,237.9961700439453,1920,1080,858.2813720703125,205.56076049804688,957.111328125,215.6884765625,98.8299560546875,10.127716064453125,5.851028216849114,left,False,"{'safe_roi': (450, 80, 1500, 420), 'cylinder_roi': (800, 190, 1000, 300)}",ok_cylinder_inside_confirmed
2026-09-06 11:01:09,2026-09-06,3275982,2689,38,101.16761779785156,,33.90252685546875,0.7915071249008179,833.0791015625,179.52418518066406,1016.6324462890625,296.05780029296875,183.5533447265625,116.53361511230469,21390.134826941416,924.8557739257812,237.79098510742188,1920,1080,849.3519287109375,199.49005126953125,949.93115234375,210.38528442382812,100.5792236328125,10.895233154296875,6.182451907356504,left,False,"{'safe_roi': (450, 80, 1500, 420), 'cylinder_roi': (800, 190, 1000, 300)}",ok_cylinder_inside_confirmed
2026-09-06 11:01:14,2026-09-06,3276106,2689,38,115.70121002197266,,33.04582214355469,0.7729775905609131,825.787353515625,178.51922607421875,1001.7567138671875,297.85260009765625,175.9693603515625,119.3333740234375,20999.01749549806,913.7720336914062,238.1859130859375,1920,1080,828.0309448242188,193.05616760253906,943.3017578125,203.02664184570312,115.27081298828125,9.970474243164062,4.943556690503796,left,False,"{'safe_roi': (450, 80, 1500, 420), 'cylinder_roi': (800, 190, 1000, 300)}",ok_cylinder_inside_confirmed
2026-09-06 11:01:25,2026-09-06,3276368,2689,38,120.92887878417969,,39.788787841796875,0.7755311131477356,834.0006103515625,177.79623413085938,1019.0413818359375,290.8163757324219,185.040771484375,113.0201416015625,20913.33419522643,926.52099609375,234.30630493164062,1920,1080,836.5821533203125,203.31187438964844,957.44580078125,207.2833709716797,120.8636474609375,3.97149658203125,1.8820228615757868,left,False,"{'safe_roi': (450, 80, 1500, 420), 'cylinder_roi': (800, 190, 1000, 300)}",ok_cylinder_inside_confirmed
2026-09-06 11:01:30,2026-09-06,3276484,2689,38,101.39482879638672,,32.11334228515625,0.8200218677520752,833.020751953125,179.98150634765625,1004.572265625,299.05902099609375,171.551513671875,119.0775146484375,20427.92788222432,918.7965087890625,239.520263671875,1920,1080,848.4755859375,201.18707275390625,948.62109375,217.05490112304688,100.1455078125,15.867828369140625,9.003537448993129,left,False,"{'safe_roi': (450, 80, 1500, 420), 'cylinder_roi': (800, 190, 1000, 300)}",ok_cylinder_inside_confirmed
2026-09-06 11:01:35,2026-09-06,3276607,2689,38,98.42940521240234,,32.46533203125,0.8208418488502502,811.1619873046875,184.69525146484375,978.4749755859375,295.93896484375,167.31298828125,111.24371337890625,18612.518112927675,894.8184814453125,240.31710815429688,1920,1080,828.0844116210938,216.9608917236328,926.1396484375,225.53515625,98.05523681640625,8.574264526367188,4.997415397027757,left,False,"{'safe_roi': (450, 80, 1500, 420), 'cylinder_roi': (800, 190, 1000, 300)}",ok_cylinder_inside_confirmed
2026-09-06 11:01:40,2026-09-06,3276728,2689,38,98.44676208496094,,33.04875183105469,0.7987502813339233,812.364013671875,181.3868865966797,982.4873046875,295.9548034667969,170.123291015625,114.56791687011719,19490.67106274888,897.4256591796875,238.67083740234375,1920,1080,826.1265258789062,207.85015869140625,924.1647338867188,216.809814453125,98.0382080078125,8.95965576171875,5.221723432938784,left,False,"{'safe_roi': (450, 80, 1500, 420), 'cylinder_roi': (800, 190, 1000, 300)}",ok_cylinder_inside_confirmed
2026-09-06 11:03:00,2026-09-06,3278642,2689,39,117.47138977050781,,19.90283203125,0.7759259939193726,811.7260131835938,180.497314453125,1000.4815063476562,293.23004150390625,188.7554931640625,112.73272705078125,21278.921490199864,906.103759765625,236.86367797851562,1920,1080,994.4404296875,213.45175170898438,877.0453491210938,217.68524169921875,117.39508056640625,4.233489990234375,2.06529986414138,right,False,"{'safe_roi': (450, 80, 1500, 420), 'cylinder_roi': (800, 190, 1000, 300)}",ok_cylinder_inside_confirmed
2026-09-06 11:03:05,2026-09-06,3278767,2689,39,116.38507080078125,,14.121994018554688,0.7529345750808716,807.1737060546875,175.7235870361328,997.88037109375,289.48577880859375,190.7066650390625,113.76219177246094,21695.2082004603,902.5270385742188,232.60467529296875,1920,1080,989.4412841796875,209.6905059814453,873.3629150390625,218.13421630859375,116.078369140625,8.443710327148438,4.16045102505856,right,False,"{'safe_roi': (450, 80, 1500, 420), 'cylinder_roi': (800, 190, 1000, 300)}",ok_cylinder_inside_confirmed
2026-09-06 11:03:10,2026-09-06,3278885,2689,39,112.9263916015625,,19.196624755859375,0.7603892683982849,810.1029052734375,181.0556640625,1000.5562744140625,292.817626953125,190.453369140625,111.761962890625,21285.442374289036,905.32958984375,236.9366455078125,1920,1080,986.1500244140625,210.43505859375,873.494873046875,218.25729370117188,112.6551513671875,7.822235107421875,3.9719698986253373,right,False,"{'safe_roi': (450, 80, 1500, 420), 'cylinder_roi': (800, 190, 1000, 300)}",ok_cylinder_inside_confirmed
2026-09-06 11:03:15,2026-09-06,3279010,2689,39,112.41313171386719,,16.988311767578125,0.7584473490715027,810.82177734375,181.82623291015625,1001.1068115234375,288.73785400390625,190.2850341796875,106.91162109375,20343.681474030018,905.9642944335938,235.28204345703125,1920,1080,988.06494140625,212.54966735839844,875.7200927734375,216.46725463867188,112.3448486328125,3.9175872802734375,1.9971570125812796,right,False,"{'safe_roi': (450, 80, 1500, 420), 'cylinder_roi': (800, 190, 1000, 300)}",ok_cylinder_inside_confirmed
2026-09-06 11:03:20,2026-09-06,3279127,2689,39,112.4305648803711,,19.27520751953125,0.7643337249755859,808.7837524414062,181.67935180664062,999.5361938476562,286.9818420410156,190.75244140625,105.302490234375,20086.70709836483,904.1599731445312,234.33059692382812,1920,1080,988.0225830078125,210.251220703125,875.8837890625,218.34580993652344,112.1387939453125,8.094589233398438,4.128658574095538,right,False,"{'safe_roi': (450, 80, 1500, 420), 'cylinder_roi': (800, 190, 1000, 300)}",ok_cylinder_inside_confirmed
2026-09-06 11:03:25,2026-09-06,3279250,2689,39,115.89321899414062,,17.912826538085938,0.7369219660758972,809.4849853515625,181.3232879638672,1001.2452392578125,287.8743591308594,191.76025390625,106.55107116699219,20432.260460965335,905.3651123046875,234.59881591796875,1920,1080,992.9608764648438,211.34352111816406,877.466796875,220.9537353515625,115.49407958984375,9.610214233398438,4.75660016159586,right,False,"{'safe_roi': (450, 80, 1500, 420), 'cylinder_roi': (800, 190, 1000, 300)}",ok_cylinder_inside_confirmed
2026-09-06 11:03:30,2026-09-06,3279375,2689,39,114.55162811279297,,17.464736938476562,0.7739201784133911,807.9531860351562,180.37039184570312,1002.3800659179688,285.5118103027344,194.4268798828125,105.14141845703125,20442.31793705374,905.1666259765625,232.94110107421875,1920,1080,991.0289306640625,210.23675537109375,876.7794189453125,218.55088806152344,114.24951171875,8.314132690429688,4.162175135385096,right,False,"{'safe_roi': (450, 80, 1500, 420), 'cylinder_roi': (800, 190, 1000, 300)}",ok_cylinder_inside_confirmed
2026-09-06 11:03:35,2026-09-06,3279500,2689,39,112.62081909179688,,19.106231689453125,0.7484054565429688,807.3336181640625,178.56613159179688,1001.815185546875,283.91778564453125,194.4815673828125,105.35165405273438,20488.954806547612,904.5744018554688,231.24195861816406,1920,1080,989.697265625,210.18899536132812,877.3087158203125,217.4183349609375,112.3885498046875,7.229339599609375,3.680453009980562,right,False,"{'safe_roi': (450, 80, 1500, 420), 'cylinder_roi': (800, 190, 1000, 300)}",ok_cylinder_inside_confirmed
2026-09-06 11:03:40,2026-09-06,3279619,2689,39,113.41566467285156,,15.287948608398438,0.7469500303268433,809.4591064453125,180.94956970214844,1003.233154296875,286.60906982421875,193.7740478515625,105.65950012207031,20474.069032626227,906.3461303710938,233.77932739257812,1920,1080,989.7113037109375,211.9793701171875,876.6201171875,220.5523681640625,113.0911865234375,8.572998046875,4.335076454150625,right,False,"{'safe_roi': (450, 80, 1500, 420), 'cylinder_roi': (800, 190, 1000, 300)}",ok_cylinder_inside_confirmed
2026-09-06 11:03:45,2026-09-06,3279737,2689,39,113.34578704833984,,20.279510498046875,0.7370482087135315,812.3673706054688,178.4941864013672,1002.8619995117188,284.7242126464844,190.49462890625,106.23002624511719,20236.249428264797,907.6146850585938,231.60919189453125,1920,1080,991.0157470703125,212.13613891601562,877.809326171875,217.755126953125,113.2064208984375,5.618988037109375,2.8415376459461403,right,False,"{'safe_roi': (450, 80, 1500, 420), 'cylinder_roi': (800, 190, 1000, 300)}",ok_cylinder_inside_confirmed
2026-09-06 11:03:50,2026-09-06,3279862,2689,39,111.39147186279297,,17.568359375,0.7281914353370667,813.8340454101562,179.5042724609375,1002.9146118164062,285.23370361328125,189.08056640625,105.72943115234375,19991.38072809577,908.3743286132812,232.36898803710938,1920,1080,989.4016723632812,211.75830078125,878.1956787109375,218.18377685546875,111.20599365234375,6.42547607421875,3.3068701767715205,right,False,"{'safe_roi': (450, 80, 1500, 420), 'cylinder_roi': (800, 190, 1000, 300)}",ok_cylinder_inside_confirmed
2026-09-06 11:03:55,2026-09-06,3279982,2689,39,115.1474838256836,,18.599777221679688,0.7700888514518738,809.3509521484375,181.9997100830078,1002.8331298828125,287.1851806640625,193.482177734375,105.18547058105469,20351.513914037496,906.092041015625,234.59243774414062,1920,1080,992.6099243164062,210.60494995117188,877.969970703125,221.4042205810547,114.63995361328125,10.799270629882812,5.381475076411523,right,False,"{'safe_roi': (450, 80, 1500, 420), 'cylinder_roi': (800, 190, 1000, 300)}",ok_cylinder_inside_confirmed
2026-09-06 11:04:00,2026-09-06,3280098,2689,39,116.8709716796875,,15.186370849609375,0.7685633897781372,807.4193115234375,179.10446166992188,1002.6334228515625,287.73602294921875,195.214111328125,108.63156127929688,21206.413697324693,905.0263671875,233.4202423095703,1920,1080,993.8521118164062,210.9721221923828,877.3341674804688,220.04913330078125,116.5179443359375,9.077011108398438,4.4544741591776935,right,False,"{'safe_roi': (450, 80, 1500, 420), 'cylinder_roi': (800, 190, 1000, 300)}",ok_cylinder_inside_confirmed
2026-09-06 11:04:05,2026-09-06,3280218,2689,39,119.5230484008789,,16.413467407226562,0.6852216124534607,808.0331420898438,181.32235717773438,1003.0797729492188,288.7007141113281,195.046630859375,107.37835693359375,20943.78674711287,905.5564575195312,235.01153564453125,1920,1080,994.7747802734375,207.7616729736328,875.6201171875,217.13856506347656,119.1546630859375,9.37689208984375,4.499625680693289,right,False,"{'safe_roi': (450, 80, 1500, 420), 'cylinder_roi': (800, 190, 1000, 300)}",ok_cylinder_inside_confirmed
2026-09-06 11:04:10,2026-09-06,3280341,2689,39,113.53971862792969,,17.3704833984375,0.7593151926994324,807.6093139648438,179.36082458496094,1003.3002319335938,285.64813232421875,195.69091796875,106.28730773925781,20799.460819922388,905.4547729492188,232.50448608398438,1920,1080,989.750732421875,209.57806396484375,876.6806030273438,219.89373779296875,113.07012939453125,10.315673828125,5.212808094469996,right,False,"{'safe_roi': (450, 80, 1500, 420), 'cylinder_roi': (800, 190, 1000, 300)}",ok_cylinder_inside_confirmed
2026-09-06 11:04:16,2026-09-06,3280468,2689,39,117.64523315429688,,16.746307373046875,0.6865074038505554,808.6951904296875,181.32373046875,1003.834716796875,287.6140441894531,195.1395263671875,106.29031372070312,20741.44147687778,906.2649536132812,234.46888732910156,1920,1080,992.50634765625,208.49037170410156,875.1124267578125,216.17599487304688,117.3939208984375,7.6856231689453125,3.745732657860405,right,False,"{'safe_roi': (450, 80, 1500, 420), 'cylinder_roi': (800, 190, 1000, 300)}",ok_cylinder_inside_confirmed
2026-09-06 11:04:21,2026-09-06,3280588,2689,39,116.9390640258789,,16.834030151367188,0.7592136859893799,806.0836181640625,179.9738006591797,1003.8924560546875,285.82843017578125,197.808837890625,105.85462951660156,20938.981250021607,904.988037109375,232.901123046875,1920,1080,991.7757568359375,208.75543212890625,875.0243530273438,215.37765502929688,116.75140380859375,6.622222900390625,3.2463790043184373,right,False,"{'safe_roi': (450, 80, 1500, 420), 'cylinder_roi': (800, 190, 1000, 300)}",ok_cylinder_inside_confirmed
2026-09-06 11:12:49,2026-09-06,3292764,2699,40,105.00825500488281,,29.11834716796875,0.7398929595947266,758.3933715820312,178.80703735351562,954.2920532226562,295.3180847167969,195.898681640625,116.51104736328125,22824.360575035214,856.3427124023438,237.06256103515625,1920,1080,939.444091796875,215.21865844726562,834.66357421875,208.306640625,104.780517578125,6.912017822265625,3.774141415281566,right,False,"{'safe_roi': (450, 80, 1500, 420), 'cylinder_roi': (800, 190, 1000, 300)}",ok_cylinder_inside_confirmed
2026-09-06 11:12:55,2026-09-06,3292912,2699,40,101.42098999023438,,24.670700073242188,0.7790600657463074,754.3637084960938,178.476318359375,948.4684448242188,297.55950927734375,194.104736328125,119.08319091796875,23114.611374244094,851.4160766601562,238.01791381835938,1920,1080,929.396728515625,214.0887451171875,828.02001953125,217.08544921875,101.376708984375,2.9967041015625,1.693175044073666,right,False,"{'safe_roi': (450, 80, 1500, 420), 'cylinder_roi': (800, 190, 1000, 300)}",ok_cylinder_inside_confirmed
2026-09-06 11:13:00,2026-09-06,3293031,2699,40,99.88198852539062,,23.5377197265625,0.7835437059402466,753.7406616210938,182.03680419921875,943.6284790039062,298.9498291015625,189.8878173828125,116.91302490234375,22200.35912232846,848.6845703125,240.49331665039062,1920,1080,924.124267578125,215.26809692382812,824.6307983398438,224.06927490234375,99.49346923828125,8.801177978515625,5.055217878168999,right,False,"{'safe_roi': (450, 80, 1500, 420), 'cylinder_roi': (800, 190, 1000, 300)}",ok_cylinder_inside_confirmed
2026-09-06 11:20:05,2026-09-06,3303221,2699,41,108.19819641113281,,39.21211242675781,0.7917114496231079,850.5037841796875,182.67507934570312,1039.64404296875,298.5137634277344,189.1402587890625,115.83868408203125,21909.758685059845,945.0739135742188,240.59442138671875,1920,1080,861.49609375,205.87118530273438,969.125,216.95578002929688,107.62890625,11.0845947265625,5.8801046331135,left,False,"{'safe_roi': (450, 80, 1500, 420), 'cylinder_roi': (800, 190, 1000, 300)}",ok_cylinder_inside_confirmed
2026-09-06 11:20:10,2026-09-06,3303334,2699,41,104.15965270996094,,40.16221618652344,0.7884725332260132,852.2902221679688,182.4080810546875,1037.47265625,298.0611572265625,185.18243408203125,115.653076171875,21416.91815458238,944.8814697265625,240.234619140625,1920,1080,863.208984375,205.07801818847656,966.8297119140625,215.66000366210938,103.6207275390625,10.581985473632812,5.830961702940007,left,False,"{'safe_roi': (450, 80, 1500, 420), 'cylinder_roi': (800, 190, 1000, 300)}",ok_cylinder_inside_confirmed
2026-09-06 11:20:15,2026-09-06,3303459,2699,41,106.9246597290039,,40.63421630859375,0.7812537550926208,851.1381225585938,183.34605407714844,1038.045654296875,299.3764343261719,186.90753173828125,116.03038024902344,21686.95197899919,944.5919189453125,241.36123657226562,1920,1080,860.936279296875,205.4824676513672,967.3477172851562,215.94613647460938,106.41143798828125,10.463668823242188,5.615964759068831,left,False,"{'safe_roi': (450, 80, 1500, 420), 'cylinder_roi': (800, 190, 1000, 300)}",ok_cylinder_inside_confirmed
2026-09-06 11:20:20,2026-09-06,3303585,2699,41,110.34268188476562,,40.64982604980469,0.7837880849838257,850.0830078125,182.40737915039062,1038.02099609375,299.25494384765625,187.93798828125,116.84756469726562,21960.09624476731,944.052001953125,240.83116149902344,1920,1080,857.1658935546875,202.93463134765625,967.209228515625,211.05691528320312,110.0433349609375,8.122283935546875,4.22133917352629,left,False,"{'safe_roi': (450, 80, 1500, 420), 'cylinder_roi': (800, 190, 1000, 300)}",ok_cylinder_inside_confirmed
2026-09-06 11:20:25,2026-09-06,3303710,2699,41,107.79228210449219,,38.69834899902344,0.7830792665481567,851.0875244140625,180.77078247070312,1038.508056640625,298.95452880859375,187.4205322265625,118.18374633789062,22150.060639176518,944.7977905273438,239.86265563964844,1920,1080,860.6511840820312,204.67991638183594,967.907470703125,215.4160614013672,107.25628662109375,10.73614501953125,5.716155248126397,left,False,"{'safe_roi': (450, 80, 1500, 420), 'cylinder_roi': (800, 190, 1000, 300)}",ok_cylinder_inside_confirmed
2026-09-06 11:20:30,2026-09-06,3303825,2699,41,109.05923461914062,,37.907257080078125,0.784257709980011,848.1732788085938,183.7027587890625,1034.5465087890625,300.1568298339844,186.37322998046875,116.45407104492188,21703.92136501707,941.35986328125,241.92979431152344,1920,1080,858.575927734375,198.01971435546875,966.7366943359375,211.98988342285156,108.1607666015625,13.970169067382812,7.35964329943084,left,False,"{'safe_roi': (450, 80, 1500, 420), 'cylinder_roi': (800, 190, 1000, 300)}",ok_cylinder_inside_confirmed
2026-09-06 11:20:35,2026-09-06,3303955,2699,41,103.59567260742188,,38.777557373046875,0.7798816561698914,848.4673461914062,182.3056182861328,1031.3487548828125,299.53265380859375,182.88140869140625,117.22703552246094,21438.645393065177,939.9080810546875,240.91912841796875,1920,1080,859.6182861328125,204.4176025390625,962.7923583984375,213.75430297851562,103.174072265625,9.336700439453125,5.170876334507089,left,False,"{'safe_roi': (450, 80, 1500, 420), 'cylinder_roi': (800, 190, 1000, 300)}",ok_cylinder_inside_confirmed
2026-09-06 11:20:40,2026-09-06,3304066,2699,41,105.15167999267578,,38.905853271484375,0.761947512626648,849.7173461914062,185.13787841796875,1028.337646484375,302.3777770996094,178.62030029296875,117.23989868164062,20941.42590883188,939.0274658203125,243.75782775878906,1920,1080,859.1167602539062,194.66571044921875,963.1239013671875,210.13795471191406,104.00714111328125,15.472244262695312,8.461346117090859,left,False,"{'safe_roi': (450, 80, 1500, 420), 'cylinder_roi': (800, 190, 1000, 300)}",ok_cylinder_inside_confirmed
2026-09-06 11:20:45,2026-09-06,3304184,2699,41,87.92707061767578,,33.92204284667969,0.5243040323257446,853.5228881835938,182.51470947265625,1022.5494995117188,298.2665710449219,169.026611328125,115.75186157226562,19565.14491648227,938.0361938476562,240.39064025878906,1920,1080,865.994384765625,198.2943572998047,952.400146484375,214.5797576904297,86.40576171875,16.285400390625,10.673659544050215,left,False,"{'safe_roi': (450, 80, 1500, 420), 'cylinder_roi': (800, 190, 1000, 300)}",ok_cylinder_inside_confirmed
2026-09-06 11:20:50,2026-09-06,3304301,2699,41,91.66730499267578,,35.33750915527344,0.7645471096038818,857.837890625,183.3663330078125,1022.0235595703125,299.0588073730469,164.1856689453125,115.69247436523438,18995.046295594424,939.9307250976562,241.2125701904297,1920,1080,863.0520629882812,205.02667236328125,954.1054077148438,215.61831665039062,91.0533447265625,10.591644287109375,6.635026643216995,left,False,"{'safe_roi': (450, 80, 1500, 420), 'cylinder_roi': (800, 190, 1000, 300)}",ok_cylinder_inside_confirmed
2026-09-06 11:20:55,2026-09-06,3304420,2699,41,95.09034729003906,,35.643798828125,0.7647207379341125,857.957275390625,185.36553955078125,1025.4984130859375,300.1248779296875,167.5411376953125,114.75933837890625,19226.910113163292,941.7278442382812,242.74520874023438,1920,1080,862.0616455078125,200.87411499023438,956.0891723632812,215.05148315429688,94.02752685546875,14.1773681640625,8.574406922816584,left,False,"{'safe_roi': (450, 80, 1500, 420), 'cylinder_roi': (800, 190, 1000, 300)}",ok_cylinder_inside_confirmed
2026-09-06 11:21:00,2026-09-06,3304546,2699,41,96.10946655273438,,37.364715576171875,0.7703180313110352,858.2258911132812,185.32872009277344,1026.053466796875,301.0898132324219,167.82757568359375,115.76109313964844,19427.903620109893,942.1396484375,243.20925903320312,1920,1080,861.2813720703125,205.497802734375,956.6138916015625,217.69371032714844,95.33251953125,12.195907592773438,7.290261083578188,left,False,"{'safe_roi': (450, 80, 1500, 420), 'cylinder_roi': (800, 190, 1000, 300)}",ok_cylinder_inside_confirmed
2026-09-06 11:21:05,2026-09-06,3304669,2699,41,93.03250122070312,,37.998809814453125,0.7713392972946167,854.63525390625,182.5625,1024.8902587890625,299.4302978515625,170.2550048828125,116.8677978515625,19897.327493861318,939.7627563476562,240.99639892578125,1920,1080,864.010009765625,204.23330688476562,955.8423461914062,219.1285400390625,91.83233642578125,14.895233154296875,9.213156062696534,left,False,"{'safe_roi': (450, 80, 1500, 420), 'cylinder_roi': (800, 190, 1000, 300)}",ok_cylinder_inside_confirmed
2026-09-06 11:21:10,2026-09-06,3304786,2699,41,91.3805160522461,,36.44825744628906,0.7893972992897034,857.7265625,185.4273681640625,1027.4136962890625,300.8240051269531,169.6871337890625,115.39663696289062,19581.324575129896,942.5701293945312,243.1256866455078,1920,1080,865.8779296875,204.94558715820312,956.287109375,218.23388671875,90.4091796875,13.288299560546875,8.361439571274248,left,False,"{'safe_roi': (450, 80, 1500, 420), 'cylinder_roi': (800, 190, 1000, 300)}",ok_cylinder_inside_confirmed
2026-09-06 11:21:15,2026-09-06,3304902,2699,41,98.1615982055664,,39.28193664550781,0.7781241536140442,858.9146728515625,185.75733947753906,1028.48095703125,300.98785400390625,169.5662841796875,115.23051452636719,19539.210172349587,943.6978149414062,243.37258911132812,1920,1080,864.790283203125,202.83908081054688,961.3269653320312,220.62583923339844,96.53668212890625,17.786758422851562,10.43959088127939,left,False,"{'safe_roi': (450, 80, 1500, 420), 'cylinder_roi': (800, 190, 1000, 300)}",ok_cylinder_inside_confirmed
2026-09-06 11:21:20,2026-09-06,3305020,2699,41,104.1396713256836,,34.25982666015625,0.7818672060966492,860.1270751953125,181.68528747558594,1032.38525390625,299.30792236328125,172.2581787109375,117.62263488769531,20261.46086093597,946.2561645507812,240.49661254882812,1920,1080,864.500244140625,201.03268432617188,966.936767578125,219.78982543945312,102.4365234375,18.75714111328125,10.376471584725453,left,False,"{'safe_roi': (450, 80, 1500, 420), 'cylinder_roi': (800, 190, 1000, 300)}",ok_cylinder_inside_confirmed
2026-09-06 11:21:25,2026-09-06,3305140,2699,41,96.17876434326172,,39.34104919433594,0.77867591381073,853.0691528320312,184.58047485351562,1030.52783203125,301.6420593261719,177.45867919921875,117.06158447265625,20773.594165485352,941.7984619140625,243.11126708984375,1920,1080,863.7215576171875,205.66696166992188,958.9302978515625,219.29229736328125,95.208740234375,13.625335693359375,8.144307340018665,left,False,"{'safe_roi': (450, 80, 1500, 420), 'cylinder_roi': (800, 190, 1000, 300)}",ok_cylinder_inside_confirmed
2026-09-06 11:21:30,2026-09-06,3305263,2699,41,106.6970443725586,,33.12744140625,0.7856924533843994,852.9462280273438,183.63131713867188,1032.9403076171875,301.2220764160156,179.99407958984375,117.59075927734375,21165.64048439637,942.9432373046875,242.42669677734375,1920,1080,858.995361328125,200.36062622070312,964.4398193359375,216.66171264648438,105.4444580078125,16.30108642578125,8.788018387219363,left,False,"{'safe_roi': (450, 80, 1500, 420), 'cylinder_roi': (800, 190, 1000, 300)}",ok_cylinder_inside_confirmed
2026-09-06 11:25:38,2026-09-06,3311282,2699,42,97.89083099365234,,38.06306457519531,0.7915319204330444,838.1860961914062,180.01608276367188,1010.0272827148438,295.0086364746094,171.8411865234375,114.9925537109375,19760.456871047616,924.106689453125,237.51235961914062,1920,1080,851.6570434570312,203.96365356445312,949.0576171875,213.74851989746094,97.40057373046875,9.784866333007812,5.7366897896032665,left,False,"{'safe_roi': (450, 80, 1500, 420), 'cylinder_roi': (800, 190, 1000, 300)}",ok_cylinder_inside_confirmed
2026-09-06 11:25:43,2026-09-06,3311404,2699,42,109.5943603515625,,39.41011047363281,0.7914358377456665,838.0703735351562,182.09683227539062,1015.0084838867188,296.6858215332031,176.9381103515625,114.5889892578125,20275.159226372838,926.5394287109375,239.39132690429688,1920,1080,848.5941162109375,199.58367919921875,957.6759033203125,210.1708526611328,109.081787109375,10.587173461914062,5.543604671403138,left,False,"{'safe_roi': (450, 80, 1500, 420), 'cylinder_roi': (800, 190, 1000, 300)}",ok_cylinder_inside_confirmed
2026-09-06 11:25:48,2026-09-06,3311518,2699,42,117.52490234375,,45.99494934082031,0.7879865169525146,834.8316040039062,180.40126037597656,1021.3265991210938,294.4294128417969,186.4949951171875,114.02815246582031,21265.67973733507,928.0791015625,237.41534423828125,1920,1080,836.28466796875,199.2244110107422,953.7857666015625,201.5897216796875,117.5010986328125,2.3653106689453125,1.1532148981824455,left,False,"{'safe_roi': (450, 80, 1500, 420), 'cylinder_roi': (800, 190, 1000, 300)}",ok_cylinder_inside_confirmed
2026-09-06 11:25:53,2026-09-06,3311647,2699,42,112.10664367675781,,43.29106140136719,0.7867946028709412,836.0587768554688,181.57882690429688,1020.6194458007812,294.9372253417969,184.5606689453125,113.3583984375,20921.501846194267,928.339111328125,238.25802612304688,1920,1080,840.8157958984375,199.2534637451172,952.8316040039062,203.76547241210938,112.01580810546875,4.5120086669921875,2.306633139261509,left,False,"{'safe_roi': (450, 80, 1500, 420), 'cylinder_roi': (800, 190, 1000, 300)}",ok_cylinder_inside_confirmed
2026-09-06 11:25:58,2026-09-06,3311770,2699,42,113.94185638427734,,45.46833801269531,0.7961521148681641,837.6280517578125,179.3136749267578,1023.735107421875,294.5936279296875,186.1070556640625,115.27995300292969,21454.412630466744,930.6815795898438,236.95364379882812,1920,1080,841.3349609375,197.43296813964844,955.206298828125,201.44119262695312,113.871337890625,4.0082244873046875,2.0159556659553015,left,False,"{'safe_roi': (450, 80, 1500, 420), 'cylinder_roi': (800, 190, 1000, 300)}",ok_cylinder_inside_confirmed
2026-09-06 11:26:03,2026-09-06,3311890,2699,42,106.6094970703125,,37.362762451171875,0.7945588827133179,835.0137939453125,178.74237060546875,1017.1424560546875,292.2869567871094,182.128662109375,113.54458618164062,20679.723571024835,926.078125,235.51466369628906,1920,1080,848.2219848632812,197.48155212402344,954.4146118164062,206.90017700195312,106.192626953125,9.418624877929688,5.068516059180508,left,False,"{'safe_roi': (450, 80, 1500, 420), 'cylinder_roi': (800, 190, 1000, 300)}",ok_cylinder_inside_confirmed
2026-09-06 11:26:08,2026-09-06,3312010,2699,42,113.73638916015625,,35.02989196777344,0.7653711438179016,833.7477416992188,179.6766357421875,1012.9241333007812,292.9852600097656,179.1763916015625,113.30862426757812,20302.230433601886,923.3359375,236.33094787597656,1920,1080,837.9597778320312,200.4997100830078,951.6961669921875,200.51638793945312,113.73638916015625,0.0166778564453125,0.008401627534059953,left,False,"{'safe_roi': (450, 80, 1500, 420), 'cylinder_roi': (800, 190, 1000, 300)}",ok_cylinder_inside_confirmed
2026-09-06 11:26:13,2026-09-06,3312139,2699,42,113.86663818359375,,45.49812316894531,0.796981692314148,844.2496948242188,181.14747619628906,1022.0238647460938,295.0415344238281,177.774169921875,113.89405822753906,20247.421660434455,933.1367797851562,238.09451293945312,1920,1080,842.5569458007812,203.7021484375,956.4164428710938,202.42703247070312,113.8594970703125,1.275115966796875,0.641630352278792,left,False,"{'safe_roi': (450, 80, 1500, 420), 'cylinder_roi': (800, 190, 1000, 300)}",ok_cylinder_inside_confirmed
2026-09-06 11:26:18,2026-09-06,3312259,2699,42,107.33715057373047,,41.48797607421875,0.7892813682556152,844.705322265625,180.4807586669922,1017.0780029296875,292.44488525390625,172.3726806640625,111.96412658691406,19299.556637996808,930.8916625976562,236.46282958984375,1920,1080,843.7991943359375,206.2523651123047,951.0352783203125,201.59548950195312,107.236083984375,4.6568756103515625,2.486586330374641,left,False,"{'safe_roi': (450, 80, 1500, 420), 'cylinder_roi': (800, 190, 1000, 300)}",ok_cylinder_inside_confirmed
2026-09-06 11:26:23,2026-09-06,3312382,2699,42,110.7791976928711,,46.19189453125,0.8049830198287964,840.5043334960938,177.56088256835938,1015.5763549804688,293.41241455078125,175.072021484375,115.85153198242188,20282.36189622432,928.0403442382812,235.4866485595703,1920,1080,841.90869140625,205.73159790039062,952.5655517578125,200.52684020996094,110.6568603515625,5.2047576904296875,2.692928652691136,left,False,"{'safe_roi': (450, 80, 1500, 420), 'cylinder_roi': (800, 190, 1000, 300)}",ok_cylinder_inside_confirmed
2026-09-06 11:26:28,2026-09-06,3312504,2699,42,106.15332794189453,,39.19761657714844,0.8107379078865051,841.857421875,180.47860717773438,1009.4873046875,294.89849853515625,167.6298828125,114.41989135742188,19180.19297966361,925.67236328125,237.6885528564453,1920,1080,847.198486328125,203.63133239746094,953.2886962890625,207.2913818359375,106.0902099609375,3.6600494384765625,1.9758868166804018,left,False,"{'safe_roi': (450, 80, 1500, 420), 'cylinder_roi': (800, 190, 1000, 300)}",ok_cylinder_inside_confirmed
2026-09-06 11:26:33,2026-09-06,3312624,2699,42,100.42261505126953,,32.978302001953125,0.7521848678588867,839.0559692382812,182.22323608398438,1009.4059448242188,296.5359191894531,170.3499755859375,114.31268310546875,19473.16277617961,924.23095703125,239.37957763671875,1920,1080,849.8807373046875,201.0028533935547,949.8466796875,210.56906127929688,99.9659423828125,9.566207885742188,5.466255585010553,left,False,"{'safe_roi': (450, 80, 1500, 420), 'cylinder_roi': (800, 190, 1000, 300)}",ok_cylinder_inside_confirmed
2026-09-06 11:26:38,2026-09-06,3312745,2699,42,116.35347747802734,,35.11518859863281,0.7886132001876831,825.5420532226562,178.80648803710938,1007.1354370117188,285.4161376953125,181.5933837890625,106.60964965820312,19359.607025999576,916.3387451171875,232.11131286621094,1920,1080,834.1046142578125,192.96087646484375,950.3318481445312,198.37957763671875,116.22723388671875,5.418701171875,2.669288838725436,left,False,"{'safe_roi': (450, 80, 1500, 420), 'cylinder_roi': (800, 190, 1000, 300)}",ok_cylinder_inside_confirmed
2026-09-06 11:26:43,2026-09-06,3312865,2699,42,115.8662338256836,,42.52667236328125,0.7567170262336731,810.6451416015625,179.930908203125,1002.7457275390625,293.3374938964844,192.1005859375,113.40658569335938,21785.47156086564,906.6954345703125,236.6342010498047,1920,1080,819.3536987304688,208.5350341796875,935.1558837890625,212.3870849609375,115.80218505859375,3.85205078125,1.9051877343653982,left,False,"{'safe_roi': (450, 80, 1500, 420), 'cylinder_roi': (800, 190, 1000, 300)}",ok_cylinder_inside_confirmed
2026-09-06 11:28:00,2026-09-06,3314701,2699,43,113.01753234863281,,15.649444580078125,0.7227636575698853,775.0326538085938,177.82044982910156,971.2505493164062,292.4947204589844,196.2178955078125,114.67427062988281,22501.144051888958,873.1416015625,235.1575927734375,1920,1080,963.1103515625,207.45343017578125,850.340576171875,214.93280029296875,112.769775390625,7.4793701171875,3.7945418381798683,right,False,"{'safe_roi': (450, 80, 1500, 420), 'cylinder_roi': (800, 190, 1000, 300)}",ok_cylinder_inside_confirmed
2026-09-06 11:28:05,2026-09-06,3314827,2699,43,112.29902648925781,,13.6431884765625,0.39118796586990356,776.8147583007812,175.4801025390625,971.0607299804688,290.3988952636719,194.2459716796875,114.91879272460938,22322.51255704835,873.937744140625,232.9394989013672,1920,1080,961.555908203125,207.58193969726562,849.48583984375,214.749267578125,112.070068359375,7.167327880859375,3.6593100662224574,right,False,"{'safe_roi': (450, 80, 1500, 420), 'cylinder_roi': (800, 190, 1000, 300)}",ok_cylinder_inside_confirmed
2026-09-06 11:28:10,2026-09-06,3314947,2699,43,116.41291046142578,,16.605194091796875,0.69111168384552,778.2857666015625,176.39305114746094,974.8880615234375,290.2003173828125,196.602294921875,113.80726623535156,22374.769720654935,876.5869140625,233.29669189453125,1920,1080,957.597900390625,206.12245178222656,841.457763671875,214.0869903564453,116.14013671875,7.96453857421875,3.9230288571515097,right,False,"{'safe_roi': (450, 80, 1500, 420), 'cylinder_roi': (800, 190, 1000, 300)}",ok_cylinder_inside_confirmed
2026-09-06 11:28:15,2026-09-06,3315068,2699,43,110.60346221923828,,12.275436401367188,0.43504053354263306,775.450927734375,175.6068115234375,968.268798828125,290.13360595703125,192.81787109375,114.52679443359375,22082.812685877085,871.85986328125,232.87020874023438,1920,1080,957.1363525390625,207.19863891601562,846.9646606445312,216.96200561523438,110.17169189453125,9.76336669921875,5.064296976387565,right,False,"{'safe_roi': (450, 80, 1500, 420), 'cylinder_roi': (800, 190, 1000, 300)}",ok_cylinder_inside_confirmed
2026-09-06 11:28:20,2026-09-06,3315188,2699,43,114.2093505859375,,14.155120849609375,0.5888052582740784,777.1484375,176.33938598632812,966.27734375,291.949951171875,189.12890625,115.61056518554688,21865.29974448681,871.712890625,234.14466857910156,1920,1080,962.6509399414062,206.1956787109375,848.920654296875,216.6454315185547,113.73028564453125,10.449752807617188,5.249704068061286,right,False,"{'safe_roi': (450, 80, 1500, 420), 'cylinder_roi': (800, 190, 1000, 300)}",ok_cylinder_inside_confirmed
2026-09-06 11:28:25,2026-09-06,3315316,2699,43,112.07537841796875,,18.723480224609375,0.6125051975250244,777.4844360351562,176.4451904296875,970.0474243164062,292.41693115234375,192.56298828125,115.97174072265625,22331.86494973302,873.7659301757812,234.43106079101562,1920,1080,958.7048950195312,208.14077758789062,846.8184814453125,214.64627075195312,111.88641357421875,6.5054931640625,3.3276436629874446,right,False,"{'safe_roi': (450, 80, 1500, 420), 'cylinder_roi': (800, 190, 1000, 300)}",ok_cylinder_inside_confirmed
2026-09-06 11:28:30,2026-09-06,3315436,2699,43,111.20108032226562,,22.309600830078125,0.7420838475227356,776.6905517578125,177.8649444580078,972.821533203125,293.6430358886719,196.1309814453125,115.77809143066406,22707.670702161267,874.7560424804688,235.75399780273438,1920,1080,960.70166015625,206.63096618652344,849.68798828125,213.08424377441406,111.013671875,6.453277587890625,3.326886953822332,right,False,"{'safe_roi': (450, 80, 1500, 420), 'cylinder_roi': (800, 190, 1000, 300)}",ok_cylinder_inside_confirmed
2026-09-06 11:28:35,2026-09-06,3315556,2699,43,114.16325378417969,,16.400238037109375,0.5188949704170227,776.189453125,174.80181884765625,970.9112548828125,291.6551513671875,194.7218017578125,116.85333251953125,22753.89144960791,873.5503540039062,233.22848510742188,1920,1080,960.4894409179688,207.8701629638672,846.5269775390625,214.63807678222656,113.96246337890625,6.767913818359375,3.398645285814087,right,False,"{'safe_roi': (450, 80, 1500, 420), 'cylinder_roi': (800, 190, 1000, 300)}",ok_cylinder_inside_confirmed
2026-09-06 11:28:47,2026-09-06,3315829,2699,43,107.7461929321289,,19.21551513671875,0.6186214089393616,778.7572021484375,176.95777893066406,968.3702392578125,291.75067138671875,189.613037109375,114.79289245605469,21766.22897716239,873.563720703125,234.35421752929688,1920,1080,959.8643798828125,211.2335205078125,852.1248779296875,212.43435668945312,107.739501953125,1.200836181640625,0.6385772626770101,right,False,"{'safe_roi': (450, 80, 1500, 420), 'cylinder_roi': (800, 190, 1000, 300)}",ok_cylinder_inside_confirmed
2026-09-06 11:28:58,2026-09-06,3316102,2699,43,100.54138946533203,,22.40228271484375,0.7194908261299133,776.4677734375,180.26162719726562,971.0714111328125,292.7176513671875,194.6036376953125,112.45602416992188,21884.351384218782,873.7695922851562,236.48963928222656,1920,1080,959.1951293945312,209.45166015625,859.0571899414062,218.4496307373047,100.137939453125,8.997970581054688,5.134566470821304,right,False,"{'safe_roi': (450, 80, 1500, 420), 'cylinder_roi': (800, 190, 1000, 300)}",ok_cylinder_inside_confirmed
2026-09-06 11:29:08,2026-09-06,3316345,2699,43,109.26225280761719,,23.124771118164062,0.7091820240020752,774.12841796875,178.639404296875,975.9912109375,290.1350402832031,201.86279296875,111.49563598632812,22506.820484027267,875.059814453125,234.38722229003906,1920,1080,958.269287109375,214.01612854003906,849.0183715820312,215.58999633789062,109.25091552734375,1.5738677978515625,0.8253454400615989,right,False,"{'safe_roi': (450, 80, 1500, 420), 'cylinder_roi': (800, 190, 1000, 300)}",ok_cylinder_inside_confirmed
2026-09-06 11:29:13,2026-09-06,3316466,2699,43,104.15782165527344,,20.898529052734375,0.6283200979232788,773.6029052734375,179.17391967773438,972.9072265625,291.2764587402344,199.3043212890625,112.1025390625,22342.52046263218,873.2550659179688,235.22518920898438,1920,1080,957.0454711914062,213.42727661132812,853.21240234375,221.64593505859375,103.83306884765625,8.218658447265625,4.525674930700676,right,False,"{'safe_roi': (450, 80, 1500, 420), 'cylinder_roi': (800, 190, 1000, 300)}",ok_cylinder_inside_confirmed
2026-09-06 11:29:18,2026-09-06,3316591,2699,43,111.7468490600586,,20.813385009765625,0.4451434314250946,774.3453979492188,177.80197143554688,974.0574340820312,289.3406066894531,199.7120361328125,111.53863525390625,22275.60795403272,874.201416015625,233.5712890625,1920,1080,961.7135009765625,211.06106567382812,850.01318359375,214.28565979003906,111.7003173828125,3.2245941162109375,1.6535703729722868,right,False,"{'safe_roi': (450, 80, 1500, 420), 'cylinder_roi': (800, 190, 1000, 300)}",ok_cylinder_inside_confirmed
2026-09-06 11:29:23,2026-09-06,3316706,2699,43,103.4659423828125,,20.276962280273438,0.6748545169830322,773.5380249023438,179.42120361328125,969.7352905273438,289.863037109375,196.197265625,110.44183349609375,21668.385742545128,871.6366577148438,234.64212036132812,1920,1080,958.3463134765625,212.19224548339844,855.0477294921875,218.07467651367188,103.298583984375,5.8824310302734375,3.2592398212243427,right,False,"{'safe_roi': (450, 80, 1500, 420), 'cylinder_roi': (800, 190, 1000, 300)}",ok_cylinder_inside_confirmed
2026-09-06 11:33:16,2026-09-06,3322338,2699,44,106.37979888916016,,11.3773193359375,0.5598064064979553,757.0635986328125,178.92837524414062,963.926025390625,290.9842529296875,206.8624267578125,112.05587768554688,23180.150790508837,860.4948120117188,234.95631408691406,1920,1080,950.2840576171875,214.22718811035156,843.92236328125,216.18994140625,106.3616943359375,1.9627532958984375,1.0571918600774473,right,False,"{'safe_roi': (450, 80, 1500, 420), 'cylinder_roi': (800, 190, 1000, 300)}",ok_cylinder_inside_confirmed
2026-09-06 11:33:25,2026-09-06,3322534,2699,44,105.14041137695312,,14.402084350585938,0.5918934941291809,758.9814453125,180.21713256835938,957.314453125,290.7650451660156,198.3330078125,110.54791259765625,21925.300012886524,858.14794921875,235.4910888671875,1920,1080,942.9720458984375,212.78189086914062,838.0911254882812,220.1642303466797,104.88092041015625,7.3823394775390625,4.026284513007357,right,False,"{'safe_roi': (450, 80, 1500, 420), 'cylinder_roi': (800, 190, 1000, 300)}",ok_cylinder_inside_confirmed
2026-09-06 11:33:30,2026-09-06,3322666,2699,44,103.95410919189453,,19.528228759765625,0.715962290763855,760.15234375,181.03506469726562,950.44677734375,293.2101135253906,190.29443359375,112.175048828125,21346.287380099297,855.299560546875,237.12258911132812,1920,1080,933.71923828125,211.92849731445312,829.91845703125,217.57244873046875,103.80078125,5.643951416015625,3.112274105208273,right,False,"{'safe_roi': (450, 80, 1500, 420), 'cylinder_roi': (800, 190, 1000, 300)}",ok_cylinder_inside_confirmed
2026-09-06 11:33:35,2026-09-06,3322789,2699,44,98.79190826416016,,23.75701904296875,0.753521740436554,755.4049072265625,181.16464233398438,944.9302978515625,295.7261047363281,189.525390625,114.56146240234375,21712.30591237545,850.1676025390625,238.44537353515625,1920,1080,925.086669921875,210.22645568847656,827.5845336914062,226.137939453125,97.50213623046875,15.911483764648438,9.268462080034153,right,False,"{'safe_roi': (450, 80, 1500, 420), 'cylinder_roi': (800, 190, 1000, 300)}",ok_cylinder_inside_confirmed
2026-09-06 11:33:40,2026-09-06,3322910,2699,44,106.03359985351562,,23.525222778320312,0.7581788301467896,752.3046875,180.43121337890625,943.695068359375,296.2191162109375,191.390380859375,115.78790283203125,22160.690821930766,847.9998779296875,238.32516479492188,1920,1080,926.2932739257812,210.78964233398438,821.174072265625,224.68487548828125,105.11920166015625,13.895233154296875,7.530015846759418,right,False,"{'safe_roi': (450, 80, 1500, 420), 'cylinder_roi': (800, 190, 1000, 300)}",ok_cylinder_inside_confirmed
2026-09-06 11:33:45,2026-09-06,3323029,2699,44,102.04523468017578,,30.423812866210938,0.757503092288971,753.3585205078125,180.77044677734375,942.6417236328125,296.2755126953125,189.283203125,115.50506591796875,21863.168854117393,848.0001220703125,238.52297973632812,1920,1080,923.202392578125,211.9127197265625,822.011474609375,225.08953857421875,101.19091796875,13.17681884765625,7.4191612181750335,right,False,"{'safe_roi': (450, 80, 1500, 420), 'cylinder_roi': (800, 190, 1000, 300)}",ok_cylinder_inside_confirmed
2026-09-06 11:34:31,2026-09-06,3324101,2699,45,110.54203033447266,,22.631591796875,0.7764047980308533,783.8959350585938,174.64285278320312,992.0674438476562,291.0372619628906,208.1715087890625,116.3944091796875,24229.999773547053,887.981689453125,232.84005737304688,1920,1080,981.0914306640625,212.5352325439453,870.6632690429688,207.51914978027344,110.42816162109375,5.016082763671875,2.600812550473321,right,False,"{'safe_roi': (450, 80, 1500, 420), 'cylinder_roi': (800, 190, 1000, 300)}",ok_cylinder_inside_confirmed
2026-09-06 11:43:37,2026-09-06,3337127,2699,46,102.59227752685547,,34.346649169921875,0.8107172250747681,829.4288940429688,179.03250122070312,1002.5358276367188,298.31182861328125,173.10693359375,119.27932739257812,20648.078606054187,915.9823608398438,238.6721649169922,1920,1080,836.238525390625,205.12738037109375,937.9521484375,218.5256805419922,101.713623046875,13.398300170898438,7.5041237872994255,left,False,"{'safe_roi': (450, 80, 1500, 420), 'cylinder_roi': (800, 190, 1000, 300)}",ok_cylinder_inside_confirmed
2026-09-06 11:43:42,2026-09-06,3337240,2699,46,108.85366821289062,,35.24786376953125,0.7894725203514099,824.760009765625,178.06044006347656,999.2584228515625,297.4852600097656,174.4984130859375,119.42481994628906,20839.441563701257,912.0092163085938,237.77285766601562,1920,1080,831.2698974609375,194.2869873046875,938.6768798828125,211.97488403320312,107.406982421875,17.687896728515625,9.351595116960475,left,False,"{'safe_roi': (450, 80, 1500, 420), 'cylinder_roi': (800, 190, 1000, 300)}",ok_cylinder_inside_confirmed
2026-09-06 11:43:48,2026-09-06,3337354,2699,46,93.84764862060547,,31.6348876953125,0.7832368612289429,828.569580078125,179.88351440429688,993.93408203125,297.5792236328125,165.364501953125,117.69570922851562,19462.692338593304,911.2518310546875,238.7313690185547,1920,1080,840.9232177734375,211.55615234375,934.5175170898438,218.44732666015625,93.59429931640625,6.89117431640625,4.210983340451706,left,False,"{'safe_roi': (450, 80, 1500, 420), 'cylinder_roi': (800, 190, 1000, 300)}",ok_cylinder_inside_confirmed
2026-09-06 11:43:53,2026-09-06,3337459,2699,46,94.42145538330078,,34.35542297363281,0.7985561490058899,830.1597290039062,182.013427734375,996.2352905273438,299.3747863769531,166.0755615234375,117.36135864257812,19490.853537719697,913.197509765625,240.69410705566406,1920,1080,840.9357299804688,209.7605743408203,934.9039306640625,219.0011444091797,93.96820068359375,9.240570068359375,5.616249745574233,left,False,"{'safe_roi': (450, 80, 1500, 420), 'cylinder_roi': (800, 190, 1000, 300)}",ok_cylinder_inside_confirmed
2026-09-06 11:43:58,2026-09-06,3337573,2699,46,95.51985931396484,,33.83921813964844,0.7962232828140259,821.0022583007812,182.46189880371094,991.6801147460938,297.5701904296875,170.6778564453125,115.10829162597656,19646.436473803595,906.3411865234375,240.01605224609375,1920,1080,836.4644775390625,208.05929565429688,931.4711303710938,217.94766235351562,95.00665283203125,9.88836669921875,5.941994989672548,left,False,"{'safe_roi': (450, 80, 1500, 420), 'cylinder_roi': (800, 190, 1000, 300)}",ok_cylinder_inside_confirmed
2026-09-06 11:44:03,2026-09-06,3337686,2699,46,97.34140014648438,,33.66651916503906,0.7734761238098145,820.1725463867188,179.5594482421875,988.4534301757812,296.5550842285156,168.2808837890625,116.99563598632812,19688.129023242742,904.31298828125,238.05726623535156,1920,1080,834.3950805664062,206.09132385253906,930.9105224609375,218.74508666992188,96.51544189453125,12.653762817382812,7.469224709301652,left,False,"{'safe_roi': (450, 80, 1500, 420), 'cylinder_roi': (800, 190, 1000, 300)}",ok_cylinder_inside_confirmed
2026-09-06 11:44:08,2026-09-06,3337796,2699,46,96.60250091552734,,33.82847595214844,0.7970821261405945,822.337646484375,178.70989990234375,989.567626953125,296.2813415527344,167.22998046875,117.57144165039062,19661.469890877604,905.95263671875,237.49562072753906,1920,1080,833.4374389648438,204.75302124023438,929.113037109375,218.10305786132812,95.67559814453125,13.35003662109375,7.943444295396545,left,False,"{'safe_roi': (450, 80, 1500, 420), 'cylinder_roi': (800, 190, 1000, 300)}",ok_cylinder_inside_confirmed
2026-09-06 11:44:13,2026-09-06,3337907,2699,46,97.29061889648438,,34.20147705078125,0.8010419011116028,821.9785766601562,181.29922485351562,989.3157348632812,296.576416015625,167.337158203125,115.27719116210938,19290.15757470578,905.6471557617188,238.9378204345703,1920,1080,834.2833251953125,204.63966369628906,930.1447143554688,221.25466918945312,95.86138916015625,16.615005493164062,9.833001906799424,left,False,"{'safe_roi': (450, 80, 1500, 420), 'cylinder_roi': (800, 190, 1000, 300)}",ok_cylinder_inside_confirmed
2026-09-06 11:44:18,2026-09-06,3338020,2699,46,99.9107437133789,,33.14837646484375,0.7639386057853699,822.1382446289062,179.89605712890625,992.2507934570312,295.8177185058594,170.112548828125,115.92166137695312,19719.72928122431,907.1945190429688,237.8568878173828,1920,1080,832.8385009765625,207.1048126220703,932.1666259765625,217.8788604736328,99.328125,10.7740478515625,6.190627529582533,left,False,"{'safe_roi': (450, 80, 1500, 420), 'cylinder_roi': (800, 190, 1000, 300)}",ok_cylinder_inside_confirmed
2026-09-06 11:44:23,2026-09-06,3338138,2699,46,105.22396087646484,,35.628936767578125,0.7639816999435425,821.646728515625,178.61549377441406,991.382080078125,294.2199401855469,169.7353515625,115.60444641113281,19622.16135378182,906.514404296875,236.417724609375,1920,1080,828.2646484375,203.453857421875,932.7286376953125,216.0775146484375,104.4639892578125,12.6236572265625,6.89033759657563,left,False,"{'safe_roi': (450, 80, 1500, 420), 'cylinder_roi': (800, 190, 1000, 300)}",ok_cylinder_inside_confirmed
2026-09-06 11:44:28,2026-09-06,3338251,2699,46,98.87055206298828,,32.64447021484375,0.7726222276687622,820.9083862304688,179.5400390625,991.9174194335938,295.4944152832031,171.009033203125,115.95437622070312,19829.24577317387,906.4129028320312,237.51722717285156,1920,1080,833.392333984375,206.19406127929688,931.8551025390625,215.16452026367188,98.4627685546875,8.970458984375,5.205566348369222,left,False,"{'safe_roi': (450, 80, 1500, 420), 'cylinder_roi': (800, 190, 1000, 300)}",ok_cylinder_inside_confirmed
2026-09-06 11:44:33,2026-09-06,3338369,2699,46,98.15936279296875,,33.940765380859375,0.7807833552360535,819.5640869140625,180.23715209960938,991.2972412109375,293.724853515625,171.733154296875,113.48770141601562,19489.60093807429,905.4306640625,236.9810028076172,1920,1080,832.1598510742188,209.3516387939453,930.0491943359375,216.62744140625,97.88934326171875,7.2758026123046875,4.250796207831926,left,False,"{'safe_roi': (450, 80, 1500, 420), 'cylinder_roi': (800, 190, 1000, 300)}",ok_cylinder_inside_confirmed
2026-09-06 11:44:38,2026-09-06,3338486,2699,46,100.48676300048828,,32.863525390625,0.7677165865898132,819.2000122070312,180.37574768066406,991.9517211914062,292.23486328125,172.751708984375,111.85911560058594,19323.853385481983,905.5758666992188,236.3052978515625,1920,1080,831.2403564453125,206.85211181640625,931.38818359375,215.0984344482422,100.1478271484375,8.246322631835938,4.70720131187983,left,False,"{'safe_roi': (450, 80, 1500, 420), 'cylinder_roi': (800, 190, 1000, 300)}",ok_cylinder_inside_confirmed
2026-09-06 11:44:43,2026-09-06,3338596,2699,46,98.12342071533203,,33.376617431640625,0.7707633376121521,819.4686279296875,179.4462890625,992.280029296875,294.171875,172.8114013671875,114.7255859375,19825.889278531075,905.8743286132812,236.80908203125,1920,1080,833.0345458984375,209.2322998046875,930.978271484375,215.16793823242188,97.9437255859375,5.935638427734375,3.4680282113695746,left,False,"{'safe_roi': (450, 80, 1500, 420), 'cylinder_roi': (800, 190, 1000, 300)}",ok_cylinder_inside_confirmed
2026-09-06 11:45:45,2026-09-06,3339990,2699,47,108.51212310791016,,36.613983154296875,0.7734829783439636,822.8375244140625,175.3993682861328,1014.181396484375,292.84637451171875,191.3438720703125,117.44700622558594,22472.76493426971,918.5094604492188,234.12286376953125,1920,1080,838.5957641601562,196.35885620117188,946.1221923828125,210.9515838623047,107.52642822265625,14.592727661132812,7.728561265355397,left,False,"{'safe_roi': (450, 80, 1500, 420), 'cylinder_roi': (800, 190, 1000, 300)}",ok_cylinder_inside_confirmed
2026-09-06 11:45:50,2026-09-06,3340106,2699,47,106.29615783691406,,32.209564208984375,0.7760785222053528,822.0191650390625,175.8531494140625,1013.0672607421875,292.9364318847656,191.048095703125,117.08328247070312,22368.53815469891,917.543212890625,234.39479064941406,1920,1080,844.1854248046875,203.23171997070312,949.82958984375,214.98684692382812,105.6441650390625,11.755126953125,6.349238182837506,left,False,"{'safe_roi': (450, 80, 1500, 420), 'cylinder_roi': (800, 190, 1000, 300)}",ok_cylinder_inside_confirmed
2026-09-06 11:45:55,2026-09-06,3340219,2699,47,101.26288604736328,,31.996322631835938,0.4500012695789337,824.9042358398438,175.48049926757812,1010.2302856445312,292.10406494140625,185.3260498046875,116.62356567382812,21613.384740468115,917.5672607421875,233.7922821044922,1920,1080,843.232666015625,201.80905151367188,944.3975830078125,206.2622528076172,101.1649169921875,4.4532012939453125,2.52048870192648,left,False,"{'safe_roi': (450, 80, 1500, 420), 'cylinder_roi': (800, 190, 1000, 300)}",ok_cylinder_inside_confirmed
2026-09-06 11:46:00,2026-09-06,3340339,2699,47,115.95748138427734,,38.043975830078125,0.7764262557029724,823.57861328125,177.77749633789062,1005.5323486328125,292.9318542480469,181.9537353515625,115.15435791015625,20952.765563763678,914.5554809570312,235.35467529296875,1920,1080,825.0361328125,197.74945068359375,940.9471435546875,201.03199768066406,115.9110107421875,3.2825469970703125,1.6221568008764524,left,False,"{'safe_roi': (450, 80, 1500, 420), 'cylinder_roi': (800, 190, 1000, 300)}",ok_cylinder_inside_confirmed
2026-09-06 11:46:07,2026-09-06,3340473,2699,47,121.11506652832031,,34.62083435058594,0.7743369340896606,817.2604370117188,176.68923950195312,998.2343139648438,296.01287841796875,180.973876953125,119.32363891601562,21594.46154678613,907.7473754882812,236.35105895996094,1920,1080,821.299560546875,190.09742736816406,941.9534912109375,200.65625,120.6539306640625,10.558822631835938,5.001400369977149,left,False,"{'safe_roi': (450, 80, 1500, 420), 'cylinder_roi': (800, 190, 1000, 300)}",ok_cylinder_inside_confirmed
2026-09-06 11:46:12,2026-09-06,3340587,2699,47,118.68144226074219,,37.86988830566406,0.7702372670173645,816.2379760742188,177.39340209960938,995.1736450195312,293.41656494140625,178.9356689453125,116.02316284179688,20760.68225624785,905.705810546875,235.4049835205078,1920,1080,822.948486328125,194.766845703125,941.4091186523438,202.00308227539062,118.46063232421875,7.236236572265625,3.495602422069767,left,False,"{'safe_roi': (450, 80, 1500, 420), 'cylinder_roi': (800, 190, 1000, 300)}",ok_cylinder_inside_confirmed
2026-09-06 11:46:17,2026-09-06,3340705,2699,47,118.67803192138672,,37.0882568359375,0.7775574922561646,817.4883422851562,178.64056396484375,997.7611694335938,293.71026611328125,180.2728271484375,115.0697021484375,20743.94052542746,907.624755859375,236.1754150390625,1920,1080,821.5896606445312,192.58053588867188,939.8228759765625,202.8461151123047,118.23321533203125,10.265579223632812,4.962252081324911,left,False,"{'safe_roi': (450, 80, 1500, 420), 'cylinder_roi': (800, 190, 1000, 300)}",ok_cylinder_inside_confirmed
2026-09-06 11:46:22,2026-09-06,3340823,2699,47,115.07915496826172,,38.6273193359375,0.7228559851646423,818.5108032226562,177.53399658203125,1001.1113891601562,292.3422546386719,182.6005859375,114.80825805664062,20964.055191606283,909.8110961914062,234.93812561035156,1920,1080,821.184814453125,196.45236206054688,935.9339599609375,205.1613311767578,114.7491455078125,8.708969116210938,4.340183865111587,left,False,"{'safe_roi': (450, 80, 1500, 420), 'cylinder_roi': (800, 190, 1000, 300)}",ok_cylinder_inside_confirmed
2026-09-06 11:46:27,2026-09-06,3340933,2699,47,110.61624145507812,,35.848541259765625,0.7302258610725403,819.9353637695312,180.75057983398438,1002.2630004882812,294.94708251953125,182.32763671875,114.19650268554688,20821.17845620215,911.0991821289062,237.8488311767578,1920,1080,829.1869506835938,194.84934997558594,939.41796875,204.07298278808594,110.23101806640625,9.2236328125,4.783109225546136,left,False,"{'safe_roi': (450, 80, 1500, 420), 'cylinder_roi': (800, 190, 1000, 300)}",ok_cylinder_inside_confirmed
2026-09-06 11:46:32,2026-09-06,3341050,2699,47,118.2521743774414,,37.56941223144531,0.7617210745811462,818.3709716796875,177.20384216308594,1000.915771484375,293.1998291015625,182.5447998046875,115.99598693847656,21174.46421383135,909.6433715820312,235.20184326171875,1920,1080,823.033447265625,194.04322814941406,941.0615234375,201.31988525390625,118.028076171875,7.2766571044921875,3.5279293016617093,left,False,"{'safe_roi': (450, 80, 1500, 420), 'cylinder_roi': (800, 190, 1000, 300)}",ok_cylinder_inside_confirmed
2026-09-06 11:46:37,2026-09-06,3341160,2699,47,115.72874450683594,,34.71556091308594,0.7668102383613586,815.43798828125,180.53250122070312,992.815673828125,294.0021057128906,177.377685546875,113.4696044921875,20126.97582474351,904.1268310546875,237.26730346679688,1920,1080,822.1845092773438,195.31085205078125,937.2877197265625,207.32720947265625,115.10321044921875,12.016357421875,5.959882540935605,left,False,"{'safe_roi': (450, 80, 1500, 420), 'cylinder_roi': (800, 190, 1000, 300)}",ok_cylinder_inside_confirmed
2026-09-06 11:46:42,2026-09-06,3341277,2699,47,112.63433074951172,,38.53221130371094,0.7755115032196045,815.1312255859375,178.68191528320312,991.4932861328125,293.8365783691406,176.362060546875,115.1546630859375,20308.9136634171,903.312255859375,236.25924682617188,1920,1080,820.3262329101562,195.02122497558594,932.5650024414062,204.4525909423828,112.23876953125,9.431365966796875,4.803250857950829,left,False,"{'safe_roi': (450, 80, 1500, 420), 'cylinder_roi': (800, 190, 1000, 300)}",ok_cylinder_inside_confirmed
2026-09-06 11:46:47,2026-09-06,3341387,2699,47,111.41779327392578,,38.33961486816406,0.7732387781143188,814.5734252929688,180.38723754882812,991.3139038085938,293.7229919433594,176.740478515625,113.33575439453125,20031.015464618802,902.9436645507812,237.05511474609375,1920,1080,819.6868286132812,198.5035858154297,930.9073486328125,205.13088989257812,111.22052001953125,6.6273040771484375,3.4100550744854154,left,False,"{'safe_roi': (450, 80, 1500, 420), 'cylinder_roi': (800, 190, 1000, 300)}",ok_cylinder_inside_confirmed
2026-09-06 11:46:52,2026-09-06,3341499,2699,47,112.73363494873047,,34.70985412597656,0.7705836892127991,813.2352905273438,179.89044189453125,988.3875122070312,294.096923828125,175.1522216796875,114.20648193359375,20003.519040890038,900.8114013671875,236.99368286132812,1920,1080,817.7105712890625,195.27757263183594,929.9093627929688,206.2458953857422,112.19879150390625,10.96832275390625,5.583376430782044,left,False,"{'safe_roi': (450, 80, 1500, 420), 'cylinder_roi': (800, 190, 1000, 300)}",ok_cylinder_inside_confirmed
2026-09-06 11:46:57,2026-09-06,3341612,2699,47,110.78880310058594,,32.67268371582031,0.7665078043937683,811.1431884765625,180.12701416015625,987.2979736328125,294.67706298828125,176.15478515625,114.550048828125,20178.539240956306,899.2205810546875,237.40203857421875,1920,1080,817.0189208984375,194.9658660888672,926.9682006835938,208.57891845703125,109.94927978515625,13.613052368164062,7.05799261362625,left,False,"{'safe_roi': (450, 80, 1500, 420), 'cylinder_roi': (800, 190, 1000, 300)}",ok_cylinder_inside_confirmed
2026-09-06 11:47:02,2026-09-06,3341722,2699,47,109.82608032226562,,33.38462829589844,0.7625412344932556,812.3453979492188,180.69056701660156,987.1439819335938,293.740234375,174.798583984375,113.04966735839844,19760.921774152666,899.7446899414062,237.21539306640625,1920,1080,817.133544921875,195.08963012695312,925.7116088867188,211.59938049316406,108.57806396484375,16.509750366210938,8.645837710866502,left,False,"{'safe_roi': (450, 80, 1500, 420), 'cylinder_roi': (800, 190, 1000, 300)}",ok_cylinder_inside_confirmed
2026-09-06 11:47:07,2026-09-06,3341838,2699,47,111.37067413330078,,26.483978271484375,0.708361029624939,807.1453857421875,179.13006591796875,979.259521484375,292.56524658203125,172.1141357421875,113.4351806640625,19523.798082754016,893.2024536132812,235.84765625,1920,1080,816.3851318359375,193.2166290283203,925.9093017578125,213.41273498535156,109.524169921875,20.19610595703125,10.44789836193866,left,False,"{'safe_roi': (450, 80, 1500, 420), 'cylinder_roi': (800, 190, 1000, 300)}",ok_cylinder_inside_confirmed
2026-09-06 11:47:12,2026-09-06,3341953,2699,47,111.95063781738281,,16.156463623046875,0.6912071704864502,803.723876953125,179.8167266845703,977.2269287109375,293.02520751953125,173.5030517578125,113.20848083496094,19642.016909731552,890.4754028320312,236.42095947265625,1920,1080,811.9559326171875,199.24807739257812,921.6990966796875,221.3700714111328,109.7431640625,22.121994018554688,11.396934925106418,left,False,"{'safe_roi': (450, 80, 1500, 420), 'cylinder_roi': (800, 190, 1000, 300)}",ok_cylinder_inside_confirmed
2026-09-06 11:47:17,2026-09-06,3342067,2699,47,105.32572174072266,,24.318466186523438,0.6986439824104309,807.3213500976562,179.616455078125,979.9802856445312,292.4600830078125,172.658935546875,112.8436279296875,19483.460681587458,893.6508178710938,236.03826904296875,1920,1080,811.4027099609375,198.33251953125,914.9713134765625,217.49111938476562,103.568603515625,19.158599853515625,10.480366676148144,left,False,"{'safe_roi': (450, 80, 1500, 420), 'cylinder_roi': (800, 190, 1000, 300)}",ok_cylinder_inside_confirmed
2026-09-06 11:47:22,2026-09-06,3342180,2699,47,109.35879516601562,,30.644729614257812,0.6921006441116333,804.7219848632812,181.0299835205078,980.2913208007812,292.9012451171875,175.5693359375,111.87126159667969,19641.1631090194,892.5066528320312,236.96560668945312,1920,1080,810.894287109375,196.016357421875,918.6573486328125,214.6300048828125,107.7630615234375,18.6136474609375,9.799862992149778,left,False,"{'safe_roi': (450, 80, 1500, 420), 'cylinder_roi': (800, 190, 1000, 300)}",ok_cylinder_inside_confirmed
2026-09-06 11:47:27,2026-09-06,3342294,2699,47,100.58232116699219,,33.35479736328125,0.752424955368042,808.6182861328125,181.08670043945312,976.4891357421875,292.9791259765625,167.870849609375,111.89242553710938,18783.47653976828,892.5537109375,237.0329132080078,1920,1080,813.5432739257812,202.31097412109375,913.0103759765625,217.2474822998047,99.46710205078125,14.936508178710938,8.540028509768344,left,False,"{'safe_roi': (450, 80, 1500, 420), 'cylinder_roi': (800, 190, 1000, 300)}",ok_cylinder_inside_confirmed
2026-09-06 11:47:32,2026-09-06,3342408,2699,47,108.95204162597656,,24.547332763671875,0.7575240135192871,805.8582153320312,180.18450927734375,976.6362915039062,292.8351135253906,170.778076171875,112.65060424804688,19238.253473080695,891.2472534179688,236.5098114013672,1920,1080,810.6937255859375,199.60888671875,918.112060546875,217.8256072998047,107.4183349609375,18.216720581054688,9.625028350397823,left,False,"{'safe_roi': (450, 80, 1500, 420), 'cylinder_roi': (800, 190, 1000, 300)}",ok_cylinder_inside_confirmed
2026-09-06 11:47:37,2026-09-06,3342522,2699,47,104.9697494506836,,25.82403564453125,0.7575693726539612,798.5823974609375,181.7335968017578,967.3690185546875,293.6744384765625,168.78662109375,111.94084167480469,18894.116428680718,882.9757080078125,237.70401000976562,1920,1080,807.4197998046875,199.3720245361328,910.73046875,217.96112060546875,103.3106689453125,18.589096069335938,10.200307698841783,left,False,"{'safe_roi': (450, 80, 1500, 420), 'cylinder_roi': (800, 190, 1000, 300)}",ok_cylinder_inside_confirmed
2026-09-06 11:47:43,2026-09-06,3342634,2699,47,113.31379699707031,,24.695236206054688,0.7558473944664001,796.6314086914062,179.92019653320312,960.5225219726562,293.6081237792969,163.89111328125,113.68792724609375,18632.44096300006,878.5769653320312,236.76416015625,1920,1080,803.1339111328125,199.46397399902344,914.93359375,217.92604064941406,111.7996826171875,18.462066650390625,9.37692786266756,left,False,"{'safe_roi': (450, 80, 1500, 420), 'cylinder_roi': (800, 190, 1000, 300)}",ok_cylinder_inside_confirmed
2026-09-06 11:48:57,2026-09-06,3344303,2699,48,119.6989517211914,,36.05865478515625,0.773004949092865,820.008056640625,179.157470703125,1005.580322265625,295.00445556640625,185.572265625,115.84698486328125,21497.987446904182,912.794189453125,237.08096313476562,1920,1080,824.924560546875,199.18673706054688,944.5411376953125,203.62672424316406,119.6165771484375,4.4399871826171875,2.1257571205747925,left,False,"{'safe_roi': (450, 80, 1500, 420), 'cylinder_roi': (800, 190, 1000, 300)}",ok_cylinder_inside_confirmed
2026-09-06 11:49:02,2026-09-06,3344424,2699,48,120.14717864990234,,35.34912109375,0.768430233001709,817.937744140625,177.25091552734375,1005.3685302734375,296.4031982421875,187.4307861328125,119.15228271484375,22332.80601876229,911.6531372070312,236.82705688476562,1920,1080,824.1634521484375,195.4130401611328,944.1056518554688,202.4282684326172,119.94219970703125,7.015228271484375,3.3473254364938385,left,False,"{'safe_roi': (450, 80, 1500, 420), 'cylinder_roi': (800, 190, 1000, 300)}",ok_cylinder_inside_confirmed
2026-09-06 11:49:07,2026-09-06,3344538,2699,48,113.0743179321289,,32.95478820800781,0.7808830738067627,818.1106567382812,178.64801025390625,1006.8071899414062,297.1903381347656,188.696533203125,118.54232788085938,22368.52630894631,912.4589233398438,237.91917419433594,1920,1080,829.3678588867188,201.2471923828125,942.07568359375,210.3437957763672,112.70782470703125,9.096603393554688,4.614317481106684,left,False,"{'safe_roi': (450, 80, 1500, 420), 'cylinder_roi': (800, 190, 1000, 300)}",ok_cylinder_inside_confirmed
2026-09-06 11:49:12,2026-09-06,3344656,2699,48,117.13467407226562,,35.93798828125,0.7482671141624451,817.3826293945312,179.0182342529297,1005.1221313476562,296.5319519042969,187.739501953125,117.51371765136719,22061.96682452783,911.2523803710938,237.77508544921875,1920,1080,825.5018920898438,197.74874877929688,942.4207763671875,204.8555450439453,116.91888427734375,7.1067962646484375,3.478386430592475,left,False,"{'safe_roi': (450, 80, 1500, 420), 'cylinder_roi': (800, 190, 1000, 300)}",ok_cylinder_inside_confirmed
2026-09-06 11:49:17,2026-09-06,3344780,2699,48,104.50067901611328,,31.61053466796875,0.7892711162567139,819.4480590820312,177.2720947265625,1008.6013793945312,293.7637634277344,189.1533203125,116.49166870117188,22034.785923570395,914.0247192382812,235.51792907714844,1920,1080,834.3687133789062,206.27317810058594,938.420654296875,215.94717407226562,104.05194091796875,9.673995971679688,5.311677193855145,left,False,"{'safe_roi': (450, 80, 1500, 420), 'cylinder_roi': (800, 190, 1000, 300)}",ok_cylinder_inside_confirmed
2026-09-06 11:49:22,2026-09-06,3344896,2699,48,114.19344329833984,,39.8809814453125,0.7675473093986511,812.4957885742188,178.25271606445312,1005.4835815429688,293.981201171875,192.98779296875,115.72848510742188,22334.1849244982,908.9896850585938,236.11695861816406,1920,1080,817.5911865234375,205.6912384033203,931.76171875,207.97860717773438,114.1705322265625,2.2873687744140625,1.1477484057119653,left,False,"{'safe_roi': (450, 80, 1500, 420), 'cylinder_roi': (800, 190, 1000, 300)}",ok_cylinder_inside_confirmed
2026-09-06 11:59:05,2026-09-06,3358793,2699,49,110.50039672851562,,45.571746826171875,0.7833632230758667,842.8958129882812,181.0294952392578,1026.12744140625,295.781494140625,183.23162841796875,114.75199890136719,21026.19562291447,934.5115966796875,238.40548706054688,1920,1080,846.1598510742188,201.68971252441406,956.5848388671875,205.77142333984375,110.42498779296875,4.0817108154296875,2.116897489343033,left,False,"{'safe_roi': (450, 80, 1500, 420), 'cylinder_roi': (800, 190, 1000, 300)}",ok_cylinder_inside_confirmed
2026-09-06 11:59:10,2026-09-06,3358907,2699,49,105.32723999023438,,30.802230834960938,0.7847247123718262,818.9866333007812,180.8139190673828,1000.6806030273438,295.22064208984375,181.6939697265625,114.40672302246094,20787.01166935824,909.8336181640625,238.01727294921875,1920,1080,837.6044921875,201.1779022216797,942.2119140625,213.47076416015625,104.607421875,12.292861938476562,6.702330763940103,left,False,"{'safe_roi': (450, 80, 1500, 420), 'cylinder_roi': (800, 190, 1000, 300)}",ok_cylinder_inside_confirmed
2026-09-06 11:59:15,2026-09-06,3359024,2699,49,107.21250915527344,,35.04020690917969,0.7817699313163757,804.6826171875,180.30099487304688,987.816162109375,293.1059265136719,183.133544921875,112.804931640625,20658.367016017437,896.2493896484375,236.70346069335938,1920,1080,817.9109497070312,200.56521606445312,923.4293212890625,219.54928588867188,105.51837158203125,18.98406982421875,10.199115392142062,left,False,"{'safe_roi': (450, 80, 1500, 420), 'cylinder_roi': (800, 190, 1000, 300)}",ok_cylinder_inside_confirmed
2026-09-06 11:59:20,2026-09-06,3359151,2699,49,96.2560043334961,,38.536956787109375,0.7738375663757324,804.5519409179688,181.456298828125,975.4264526367188,294.9290466308594,170.87451171875,113.47274780273438,19389.6003741771,889.9891967773438,238.1926727294922,1920,1080,818.0758056640625,207.86817932128906,913.2808837890625,222.05307006835938,95.205078125,14.184890747070312,8.474330373149566,left,False,"{'safe_roi': (450, 80, 1500, 420), 'cylinder_roi': (800, 190, 1000, 300)}",ok_cylinder_inside_confirmed
2026-09-06 11:59:25,2026-09-06,3359267,2699,49,103.28316497802734,,34.79948425292969,0.7695437073707581,803.9261474609375,182.51388549804688,979.696533203125,295.8272399902344,175.7703857421875,113.3133544921875,19917.13202883303,891.8113403320312,239.17056274414062,1920,1080,810.53857421875,206.2364959716797,913.0924072265625,218.48898315429688,102.5538330078125,12.252487182617188,6.81304557847207,left,False,"{'safe_roi': (450, 80, 1500, 420), 'cylinder_roi': (800, 190, 1000, 300)}",ok_cylinder_inside_confirmed
2026-09-06 11:59:30,2026-09-06,3359385,2699,49,103.88472747802734,,30.994476318359375,0.7856878042221069,801.9642333984375,181.78842163085938,977.94677734375,293.8348693847656,175.9825439453125,112.04644775390625,19718.218915767968,889.9555053710938,237.8116455078125,1920,1080,813.3263549804688,204.15533447265625,916.11865234375,219.18133544921875,102.79229736328125,15.0260009765625,8.316496293272246,left,False,"{'safe_roi': (450, 80, 1500, 420), 'cylinder_roi': (800, 190, 1000, 300)}",ok_cylinder_inside_confirmed
2026-09-06 12:02:18,2026-09-06,3363392,2699,50,115.98114013671875,,23.701828002929688,0.7115749716758728,800.8311157226562,180.47486877441406,996.8501586914062,295.3768310546875,196.01904296875,114.90196228027344,22522.97268141061,898.8406372070312,237.92584228515625,1920,1080,988.6452026367188,206.8152618408203,873.74072265625,222.58187866210938,114.90447998046875,15.766616821289062,7.813048909331938,right,False,"{'safe_roi': (450, 80, 1500, 420), 'cylinder_roi': (800, 190, 1000, 300)}",ok_cylinder_inside_confirmed
2026-09-06 12:02:23,2026-09-06,3363514,2699,50,109.46537017822266,,21.317916870117188,0.7119072079658508,797.5932006835938,177.78585815429688,987.8737182617188,293.7940979003906,190.280517578125,116.00823974609375,22074.10790221393,892.7334594726562,235.78997802734375,1920,1080,979.327880859375,212.14768981933594,870.0379028320312,218.34185791015625,109.28997802734375,6.1941680908203125,3.2438510924074433,right,False,"{'safe_roi': (450, 80, 1500, 420), 'cylinder_roi': (800, 190, 1000, 300)}",ok_cylinder_inside_confirmed
2026-09-06 12:02:29,2026-09-06,3363671,2699,50,100.6912612915039,,17.6016845703125,0.6345681548118591,785.2696533203125,179.8612518310547,984.904296875,293.20953369140625,199.6346435546875,113.34828186035156,22628.243846727535,885.0869750976562,236.535400390625,1920,1080,971.9833984375,211.25042724609375,871.4779052734375,217.3640594482422,100.5054931640625,6.1136322021484375,3.4809464888542614,right,False,"{'safe_roi': (450, 80, 1500, 420), 'cylinder_roi': (800, 190, 1000, 300)}",ok_cylinder_inside_confirmed
2026-09-06 12:02:35,2026-09-06,3363818,2699,50,104.28523254394531,,16.52093505859375,0.7459550499916077,786.490234375,178.5964813232422,986.6539306640625,289.721923828125,200.1636962890625,111.12544250488281,22243.27932353504,886.5720825195312,234.15921020507812,1920,1080,967.38671875,208.51600646972656,863.666748046875,219.35928344726562,103.719970703125,10.843276977539062,5.96823684166081,right,False,"{'safe_roi': (450, 80, 1500, 420), 'cylinder_roi': (800, 190, 1000, 300)}",ok_cylinder_inside_confirmed
2026-09-06 12:03:01,2026-09-06,3364429,2699,51,109.1536865234375,,22.028762817382812,0.7328399419784546,775.3320922851562,179.78268432617188,984.9043579101562,291.3665466308594,209.572265625,111.5838623046875,23384.882830381393,880.1182250976562,235.57461547851562,1920,1080,960.9949951171875,207.56150817871094,852.2857055664062,217.401123046875,108.70928955078125,9.839614868164062,5.171925507510758,right,False,"{'safe_roi': (450, 80, 1500, 420), 'cylinder_roi': (800, 190, 1000, 300)}",ok_cylinder_inside_confirmed
2026-09-06 12:03:11,2026-09-06,3364673,2699,51,114.93791198730469,,15.46710205078125,0.7731273770332336,773.7809448242188,177.83091735839844,979.4072875976562,291.7031555175781,205.6263427734375,113.87223815917969,23415.131876097992,876.5941162109375,234.76702880859375,1920,1080,956.1050415039062,210.83885192871094,841.4004516601562,218.1587677001953,114.70458984375,7.319915771484375,3.651400049877155,right,False,"{'safe_roi': (450, 80, 1500, 420), 'cylinder_roi': (800, 190, 1000, 300)}",ok_cylinder_inside_confirmed
2026-09-06 12:03:16,2026-09-06,3364794,2699,51,110.85308837890625,,11.249679565429688,0.6961379051208496,772.087646484375,175.3253631591797,974.9083251953125,291.3642883300781,202.8206787109375,116.03892517089844,23535.09356004931,873.4979858398438,233.34481811523438,1920,1080,956.1494140625,212.82418823242188,845.5165405273438,219.80804443359375,110.63287353515625,6.983856201171875,3.6120840076142406,right,False,"{'safe_roi': (450, 80, 1500, 420), 'cylinder_roi': (800, 190, 1000, 300)}",ok_cylinder_inside_confirmed
2026-09-06 12:03:21,2026-09-06,3364918,2699,51,108.09022521972656,,8.93780517578125,0.7220878005027771,773.59423828125,176.78402709960938,973.313232421875,292.8507995605469,199.718994140625,116.0667724609375,23180.73904904723,873.4537353515625,234.81741333007812,1920,1080,948.9403686523438,213.56283569335938,840.9723510742188,218.70132446289062,107.968017578125,5.13848876953125,2.724804429069738,right,False,"{'safe_roi': (450, 80, 1500, 420), 'cylinder_roi': (800, 190, 1000, 300)}",ok_cylinder_inside_confirmed
2026-09-06 12:03:26,2026-09-06,3365044,2699,51,110.46524810791016,,17.77850341796875,0.7443118095397949,767.5171508789062,176.37774658203125,968.9915161132812,294.567626953125,201.474365234375,118.18988037109375,23812.23112489283,868.2543334960938,235.47268676757812,1920,1080,944.4691162109375,207.47885131835938,834.5814208984375,218.76002502441406,109.8876953125,11.281173706054688,5.8615039490456144,right,False,"{'safe_roi': (450, 80, 1500, 420), 'cylinder_roi': (800, 190, 1000, 300)}",ok_cylinder_inside_confirmed
2026-09-06 12:03:32,2026-09-06,3365163,2699,51,108.87267303466797,,16.36151123046875,0.751730740070343,760.1218872070312,176.72421264648438,965.5886840820312,295.1988830566406,205.466796875,118.47467041015625,24342.611039996147,862.8552856445312,235.9615478515625,1920,1080,941.5872802734375,209.7423095703125,833.1181640625,219.10769653320312,108.4691162109375,9.365386962890625,4.934765578835508,right,False,"{'safe_roi': (450, 80, 1500, 420), 'cylinder_roi': (800, 190, 1000, 300)}",ok_cylinder_inside_confirmed
2026-09-06 12:04:54,2026-09-06,3367134,2699,52,107.71062469482422,,35.5733642578125,0.7963804602622986,842.95068359375,180.961181640625,1034.3128662109375,295.89788818359375,191.3621826171875,114.93670654296875,21994.539026893675,938.6317749023438,238.42953491210938,1920,1080,854.0523681640625,200.0513916015625,961.56787109375,206.53182983398438,107.5155029296875,6.480438232421875,3.4492987520059764,left,False,"{'safe_roi': (450, 80, 1500, 420), 'cylinder_roi': (800, 190, 1000, 300)}",ok_cylinder_inside_confirmed
2026-09-06 12:04:59,2026-09-06,3367249,2699,52,109.78064727783203,,34.24853515625,0.774847686290741,841.90673828125,181.54368591308594,1023.79638671875,294.83892822265625,181.8896484375,113.29524230957031,20607.23179332912,932.8515625,238.19131469726562,1920,1080,842.5650024414062,199.98260498046875,952.2747802734375,203.9267120361328,109.70977783203125,3.9441070556640625,2.0589177505915806,left,False,"{'safe_roi': (450, 80, 1500, 420), 'cylinder_roi': (800, 190, 1000, 300)}",ok_cylinder_inside_confirmed
2026-09-06 12:05:04,2026-09-06,3367379,2699,52,98.89917755126953,,30.02239990234375,0.7790383696556091,840.89697265625,184.21119689941406,1017.3251953125,296.5633239746094,176.42822265625,112.35212707519531,19822.086091525853,929.111083984375,240.38726806640625,1920,1080,844.749267578125,207.97116088867188,943.5968627929688,211.16494750976562,98.84759521484375,3.19378662109375,1.8505949071195908,left,False,"{'safe_roi': (450, 80, 1500, 420), 'cylinder_roi': (800, 190, 1000, 300)}",ok_cylinder_inside_confirmed
2026-09-06 12:05:09,2026-09-06,3367503,2699,52,100.27030944824219,,37.26043701171875,0.7959968447685242,837.2109985351562,183.4696807861328,1011.9692993164062,296.5558166503906,174.75830078125,113.08613586425781,19762.74094555527,924.5901489257812,240.01275634765625,1920,1080,849.212646484375,199.89590454101562,947.6119384765625,219.17581176757812,98.3992919921875,19.2799072265625,11.085832566655855,left,False,"{'safe_roi': (450, 80, 1500, 420), 'cylinder_roi': (800, 190, 1000, 300)}",ok_cylinder_inside_confirmed
2026-09-06 12:05:15,2026-09-06,3367626,2699,52,98.21487426757812,,35.23429870605469,0.7832348942756653,834.2738647460938,182.68255615234375,1009.9519653320312,295.4151611328125,175.6781005859375,112.73260498046875,19804.649917073548,922.1129150390625,239.04885864257812,1920,1080,851.70947265625,196.9942626953125,948.0941162109375,215.8665008544922,96.3846435546875,18.872238159179688,11.078431427322391,left,False,"{'safe_roi': (450, 80, 1500, 420), 'cylinder_roi': (800, 190, 1000, 300)}",ok_cylinder_inside_confirmed
2026-09-06 12:05:20,2026-09-06,3367747,2699,52,95.03152465820312,,37.06724548339844,0.7278061509132385,833.8333129882812,183.29371643066406,1011.2807006835938,296.6492919921875,177.4473876953125,113.35557556152344,20114.65076409094,922.5570068359375,239.97149658203125,1920,1080,852.6635131835938,199.21678161621094,945.671630859375,218.7227020263672,93.00811767578125,19.50592041015625,11.84456526629656,left,False,"{'safe_roi': (450, 80, 1500, 420), 'cylinder_roi': (800, 190, 1000, 300)}",ok_cylinder_inside_confirmed
2026-09-06 12:05:25,2026-09-06,3367867,2699,52,96.39522552490234,,36.3118896484375,0.7733367681503296,833.6201171875,185.819091796875,1009.4866943359375,295.1505432128906,175.8665771484375,109.33145141601562,19227.74813520536,921.5534057617188,240.4848175048828,1920,1080,850.9950561523438,199.05442810058594,945.3409423828125,218.825439453125,94.34588623046875,19.771011352539062,11.835566166693372,left,False,"{'safe_roi': (450, 80, 1500, 420), 'cylinder_roi': (800, 190, 1000, 300)}",ok_cylinder_inside_confirmed
2026-09-06 12:05:30,2026-09-06,3367986,2699,52,96.00934600830078,,35.42247009277344,0.7997821569442749,832.8501586914062,184.4471435546875,1009.2479858398438,295.36871337890625,176.3978271484375,110.92156982421875,19566.32390088588,921.049072265625,239.90792846679688,1920,1080,850.890625,199.8885040283203,944.8652954101562,219.54954528808594,93.97467041015625,19.661041259765625,11.816771137098076,left,False,"{'safe_roi': (450, 80, 1500, 420), 'cylinder_roi': (800, 190, 1000, 300)}",ok_cylinder_inside_confirmed
2026-09-06 12:05:35,2026-09-06,3368109,2699,52,97.72557067871094,,36.94520568847656,0.772560179233551,831.5718383789062,184.86134338378906,1007.6509399414062,294.6343994140625,176.0791015625,109.77305603027344,19328.74108158052,919.6113891601562,239.74786376953125,1920,1080,850.9526977539062,198.2397918701172,946.4984130859375,218.76547241210938,95.54571533203125,20.525680541992188,12.124337485959368,left,False,"{'safe_roi': (450, 80, 1500, 420), 'cylinder_roi': (800, 190, 1000, 300)}",ok_cylinder_inside_confirmed
2026-09-06 12:05:40,2026-09-06,3368226,2699,52,96.14239501953125,,36.25938415527344,0.75687175989151,833.2947998046875,184.07305908203125,1008.19677734375,294.5802001953125,174.9019775390625,110.50714111328125,19327.917512901127,920.7457885742188,239.32662963867188,1920,1080,850.7041625976562,198.62603759765625,945.04248046875,217.16360473632812,94.33831787109375,18.537567138671875,11.117032267263216,left,False,"{'safe_roi': (450, 80, 1500, 420), 'cylinder_roi': (800, 190, 1000, 300)}",ok_cylinder_inside_confirmed
2026-09-06 12:05:45,2026-09-06,3368350,2699,52,94.99198150634766,,36.670440673828125,0.7012353539466858,832.2725219726562,186.02084350585938,1006.4948120117188,294.6661376953125,174.2222900390625,108.64529418945312,18928.431955654174,919.3836669921875,240.34349060058594,1920,1080,851.5186157226562,198.98519897460938,944.4208374023438,218.80067443847656,92.9022216796875,19.815475463867188,12.04041309928261,left,False,"{'safe_roi': (450, 80, 1500, 420), 'cylinder_roi': (800, 190, 1000, 300)}",ok_cylinder_inside_confirmed
2026-09-06 12:05:50,2026-09-06,3368473,2699,52,97.32589721679688,,37.08009338378906,0.6928536891937256,829.5679931640625,183.5085906982422,1005.2774658203125,295.18756103515625,175.70947265625,111.67897033691406,19623.052984692156,917.4227294921875,239.34808349609375,1920,1080,845.2667236328125,199.36508178710938,940.9756469726562,217.03236389160156,95.70892333984375,17.667282104492188,10.458717919025641,left,False,"{'safe_roi': (450, 80, 1500, 420), 'cylinder_roi': (800, 190, 1000, 300)}",ok_cylinder_inside_confirmed
2026-09-06 12:05:55,2026-09-06,3368599,2699,52,94.14053344726562,,33.914215087890625,0.7560386061668396,828.378662109375,179.98831176757812,1005.1710205078125,298.1005554199219,176.7923583984375,118.11224365234375,20881.34211102873,916.7748413085938,239.04443359375,1920,1080,844.1488037109375,210.08450317382812,938.107666015625,215.93017578125,93.9588623046875,5.845672607421875,3.560081684977456,left,False,"{'safe_roi': (450, 80, 1500, 420), 'cylinder_roi': (800, 190, 1000, 300)}",ok_cylinder_inside_confirmed
2026-09-06 12:06:00,2026-09-06,3368719,2699,52,96.85962677001953,,37.20057678222656,0.7751013040542603,826.0818481445312,181.5948028564453,1006.2952270507812,297.4634704589844,180.21337890625,115.86866760253906,20881.084098018706,916.1885375976562,239.52914428710938,1920,1080,841.5867919921875,208.63250732421875,938.039794921875,217.4984893798828,96.4530029296875,8.865982055664062,5.251882691076423,left,False,"{'safe_roi': (450, 80, 1500, 420), 'cylinder_roi': (800, 190, 1000, 300)}",ok_cylinder_inside_confirmed
2026-09-06 12:06:05,2026-09-06,3368841,2699,52,98.34429168701172,,36.1695556640625,0.7915404438972473,827.8154907226562,183.47335815429688,1006.6967163085938,294.55841064453125,178.8812255859375,111.08505249023438,19871.030333731323,917.256103515625,239.01588439941406,1920,1080,838.2406616210938,210.5382843017578,936.2731323242188,218.36349487304688,98.032470703125,7.8252105712890625,4.563823734581609,left,False,"{'safe_roi': (450, 80, 1500, 420), 'cylinder_roi': (800, 190, 1000, 300)}",ok_cylinder_inside_confirmed
2026-09-06 12:06:10,2026-09-06,3368961,2699,52,113.33200073242188,,34.24037170410156,0.785058319568634,830.87890625,181.4113006591797,1006.046142578125,291.2635498046875,175.167236328125,109.85224914550781,19242.514887247235,918.4625244140625,236.33743286132812,1920,1080,829.9334716796875,200.3665771484375,943.2496948242188,202.2576904296875,113.31622314453125,1.89111328125,0.9561098042539103,left,False,"{'safe_roi': (450, 80, 1500, 420), 'cylinder_roi': (800, 190, 1000, 300)}",ok_cylinder_inside_confirmed
2026-09-06 12:06:15,2026-09-06,3369087,2699,52,95.86693572998047,,36.94743347167969,0.7644683122634888,835.0003051757812,182.4832763671875,1005.3764038085938,295.377685546875,170.3760986328125,112.8944091796875,19234.50899349153,920.1883544921875,238.93048095703125,1920,1080,840.0919799804688,208.49990844726562,935.9220581054688,211.15802001953125,95.830078125,2.658111572265625,1.5888491057092644,left,False,"{'safe_roi': (450, 80, 1500, 420), 'cylinder_roi': (800, 190, 1000, 300)}",ok_cylinder_inside_confirmed
2026-09-06 12:06:20,2026-09-06,3369211,2699,52,112.13787078857422,,27.866180419921875,0.7786688208580017,830.283447265625,181.61891174316406,994.459228515625,291.2793273925781,164.17578125,109.66041564941406,18003.58441144228,912.371337890625,236.44912719726562,1920,1080,828.3088989257812,210.00228881835938,940.446044921875,209.59934997558594,112.13714599609375,0.4029388427734375,0.20587821748647736,left,False,"{'safe_roi': (450, 80, 1500, 420), 'cylinder_roi': (800, 190, 1000, 300)}",ok_cylinder_inside_confirmed
2026-09-06 12:06:25,2026-09-06,3369334,2699,52,95.23076629638672,,35.2523193359375,0.7971165180206299,829.2525024414062,181.21890258789062,997.7437133789062,292.851318359375,168.4912109375,111.63241577148438,18809.080913215876,913.4981079101562,237.0351104736328,1920,1080,841.290283203125,208.85952758789062,936.479248046875,211.68081665039062,95.18896484375,2.8212890625,1.6976825781685423,left,False,"{'safe_roi': (450, 80, 1500, 420), 'cylinder_roi': (800, 190, 1000, 300)}",ok_cylinder_inside_confirmed
2026-09-06 12:06:30,2026-09-06,3369456,2699,52,95.53813171386719,,35.894561767578125,0.8006129860877991,829.9428100585938,179.9364013671875,993.7653198242188,293.1191101074219,163.822509765625,113.18270874023438,18541.875407896936,911.8540649414062,236.5277557373047,1920,1080,840.2860107421875,210.8533477783203,935.6538696289062,216.55470275878906,95.36785888671875,5.70135498046875,3.4212286096451003,left,False,"{'safe_roi': (450, 80, 1500, 420), 'cylinder_roi': (800, 190, 1000, 300)}",ok_cylinder_inside_confirmed
2026-09-06 12:06:41,2026-09-06,3369702,2699,52,111.46572875976562,,42.68849182128906,0.781403124332428,844.97607421875,184.4459228515625,1036.47607421875,299.3987121582031,191.5,114.95278930664062,22013.45915222168,940.72607421875,241.9223175048828,1920,1080,854.1173706054688,203.63787841796875,965.3603515625,210.6811065673828,111.24298095703125,7.0432281494140625,3.622784198647809,left,False,"{'safe_roi': (450, 80, 1500, 420), 'cylinder_roi': (800, 190, 1000, 300)}",ok_cylinder_inside_confirmed
2026-09-06 12:06:46,2026-09-06,3369823,2699,52,108.9163589477539,,42.41023254394531,0.7685078978538513,842.4658813476562,184.6489715576172,1025.546875,293.4502258300781,183.08099365234375,108.80125427246094,19919.44174282346,934.00634765625,239.04959106445312,1920,1080,850.4459228515625,210.4774932861328,959.34521484375,212.40545654296875,108.8992919921875,1.9279632568359375,1.0142638828392776,left,False,"{'safe_roi': (450, 80, 1500, 420), 'cylinder_roi': (800, 190, 1000, 300)}",ok_cylinder_inside_confirmed
2026-09-06 12:06:51,2026-09-06,3369946,2699,52,105.24722290039062,,39.94293212890625,0.7968389391899109,838.5692749023438,186.29002380371094,1021.9640502929688,295.4853515625,183.394775390625,109.19532775878906,20025.8526080288,930.2666625976562,240.8876953125,1920,1080,849.0665283203125,207.78936767578125,953.8784790039062,217.3514404296875,104.81195068359375,9.56207275390625,5.212706959334342,left,False,"{'safe_roi': (450, 80, 1500, 420), 'cylinder_roi': (800, 190, 1000, 300)}",ok_cylinder_inside_confirmed
2026-09-06 12:07:10,2026-09-06,3370408,2699,52,111.65497589111328,,26.66290283203125,0.6207714080810547,803.052734375,179.13485717773438,996.4388427734375,293.36871337890625,193.3861083984375,114.23385620117188,22091.240898091346,899.7457885742188,236.2517852783203,1920,1080,980.2632446289062,207.55563354492188,868.9090576171875,215.74575805664062,111.35418701171875,8.19012451171875,4.206542587134012,right,False,"{'safe_roi': (450, 80, 1500, 420), 'cylinder_roi': (800, 190, 1000, 300)}",ok_cylinder_inside_confirmed
2026-09-06 12:07:15,2026-09-06,3370530,2699,52,108.21273040771484,,25.086395263671875,0.5598372220993042,802.8485717773438,177.15167236328125,994.7732543945312,294.1454772949219,191.9246826171875,116.99380493164062,22453.998879682273,898.8109130859375,235.64857482910156,1920,1080,977.2615966796875,208.61273193359375,870.5686645507812,226.68516540527344,106.69293212890625,18.072433471679688,9.613925794953746,right,False,"{'safe_roi': (450, 80, 1500, 420), 'cylinder_roi': (800, 190, 1000, 300)}",ok_cylinder_inside_confirmed
2026-09-06 12:08:54,2026-09-06,3372925,2699,53,91.44807434082031,,37.58648681640625,0.8044659495353699,851.7364501953125,185.2744598388672,1007.5704345703125,297.0639343261719,155.833984375,111.78947448730469,17420.5992205441,929.6534423828125,241.169189453125,1920,1080,861.9718627929688,200.9776611328125,951.6614990234375,218.8247833251953,89.68963623046875,17.847122192382812,11.254144385928855,left,False,"{'safe_roi': (450, 80, 1500, 420), 'cylinder_roi': (800, 190, 1000, 300)}",ok_cylinder_inside_confirmed
2026-09-06 12:08:59,2026-09-06,3373043,2699,53,90.68499755859375,,37.88996887207031,0.769910991191864,853.0598754882812,184.09864807128906,1008.2584838867188,295.2393798828125,155.1986083984375,111.14073181152344,17248.88691353239,930.6591796875,239.66900634765625,1920,1080,856.9918212890625,202.95680236816406,946.7960205078125,215.5653076171875,89.80419921875,12.608505249023438,7.992084202905128,left,False,"{'safe_roi': (450, 80, 1500, 420), 'cylinder_roi': (800, 190, 1000, 300)}",ok_cylinder_inside_confirmed
2026-09-06 12:09:04,2026-09-06,3373166,2699,53,96.94647979736328,,31.138671875,0.7903748750686646,851.09814453125,183.15667724609375,1014.7679443359375,294.83892822265625,163.6697998046875,111.6822509765625,18279.01165907085,932.9330444335938,238.997802734375,1920,1080,854.6431884765625,206.24148559570312,950.84375,218.2445068359375,96.2005615234375,12.003021240234375,7.11208595357437,left,False,"{'safe_roi': (450, 80, 1500, 420), 'cylinder_roi': (800, 190, 1000, 300)}",ok_cylinder_inside_confirmed
2026-09-06 12:09:09,2026-09-06,3373295,2699,53,109.6798324584961,,37.17048645019531,0.7733879685401917,838.8585205078125,184.13101196289062,1015.955810546875,294.39129638671875,177.0972900390625,110.26028442382812,19526.797570396215,927.4071655273438,239.2611541748047,1920,1080,843.5465698242188,201.14794921875,952.7154541015625,211.72244262695312,109.16888427734375,10.574493408203125,5.532616370930009,left,False,"{'safe_roi': (450, 80, 1500, 420), 'cylinder_roi': (800, 190, 1000, 300)}",ok_cylinder_inside_confirmed
2026-09-06 12:09:14,2026-09-06,3373417,2699,53,109.83255767822266,,37.02333068847656,0.760372519493103,826.9364624023438,179.85365295410156,1007.5575561523438,291.689208984375,180.62109375,111.83555603027344,20199.860450327396,917.2470092773438,235.77142333984375,1920,1080,832.0072021484375,205.0586395263672,941.740234375,209.7332305908203,109.7330322265625,4.674591064453125,2.439306504586292,left,False,"{'safe_roi': (450, 80, 1500, 420), 'cylinder_roi': (800, 190, 1000, 300)}",ok_cylinder_inside_confirmed
2026-09-06 12:10:56,2026-09-06,3375908,2699,54,83.57962799072266,,37.50944519042969,0.783933699131012,878.1920776367188,187.62481689453125,1029.870361328125,307.0067138671875,151.67828369140625,119.38189697265625,18107.641236636788,954.03125,247.31576538085938,1920,1080,884.0679321289062,207.48056030273438,965.9144287109375,224.4129180908203,81.84649658203125,16.932357788085938,11.688429263079454,left,False,"{'safe_roi': (450, 80, 1500, 420), 'cylinder_roi': (800, 190, 1000, 300)}",ok_cylinder_inside_confirmed
2026-09-06 12:16:40,2026-09-06,3384492,2708,55,104.77017211914062,,35.45372009277344,0.7594561576843262,799.4537353515625,186.7320556640625,929.2041015625,286.0314025878906,129.7503662109375,99.29934692382812,12884.12662787363,864.3289184570312,236.38172912597656,1920,1080,814.4840698242188,196.13839721679688,917.289306640625,216.334228515625,102.80523681640625,20.195831298828125,11.114084521263125,left,False,"{'safe_roi': (450, 80, 1500, 420), 'cylinder_roi': (800, 190, 1000, 300)}",ok_cylinder_inside_confirmed
2026-09-06 12:16:46,2026-09-06,3384601,2708,55,105.93225860595703,,34.41046142578125,0.7615819573402405,798.6299438476562,185.93092346191406,926.9832153320312,284.9118957519531,128.353271484375,98.98097229003906,12704.531608130783,862.8065795898438,235.42141723632812,1920,1080,814.2274169921875,196.21612548828125,918.3970947265625,215.45986938476562,104.169677734375,19.243743896484375,10.466514438432252,left,False,"{'safe_roi': (450, 80, 1500, 420), 'cylinder_roi': (800, 190, 1000, 300)}",ok_cylinder_inside_confirmed
2026-09-06 15:02:49,2026-09-06,3645045,2864,56,100.5947036743164,,35.17626953125,0.7614632844924927,784.7221069335938,187.07044982910156,909.3187866210938,287.9110107421875,124.5966796875,100.84056091308594,12564.399067595601,847.0204467773438,237.49072265625,1920,1080,801.0162353515625,201.17236328125,900.5361328125,215.83811950683594,99.5198974609375,14.665756225585938,8.38306031843366,left,False,"{'safe_roi': (450, 80, 1500, 420), 'cylinder_roi': (800, 190, 1000, 300)}",ok_cylinder_inside_confirmed
2026-09-06 15:02:57,2026-09-06,3645220,2864,56,98.70269775390625,,37.250640869140625,0.7636162042617798,785.4363403320312,185.59994506835938,904.6576538085938,283.8847351074219,119.2213134765625,98.2847900390625,11717.641763225198,845.0469970703125,234.74234008789062,1920,1080,802.9434204101562,202.83604431152344,900.7093505859375,216.40235900878906,97.76593017578125,13.566314697265625,7.9000982174940235,left,False,"{'safe_roi': (450, 80, 1500, 420), 'cylinder_roi': (800, 190, 1000, 300)}",ok_cylinder_inside_confirmed
2026-09-06 15:36:25,2026-09-06,3697406,2900,57,105.87699127197266,,32.13238525390625,0.7554104328155518,790.5294799804688,185.90138244628906,912.3530883789062,287.70892333984375,121.8236083984375,101.80754089355469,12402.561993824318,851.4412841796875,236.80514526367188,1920,1080,810.0122680664062,199.27554321289062,913.5103149414062,221.59352111816406,103.498046875,22.317977905273438,12.168744362665327,left,False,"{'safe_roi': (450, 80, 1500, 420), 'cylinder_roi': (800, 190, 1000, 300)}",ok_cylinder_inside_confirmed
2026-09-06 15:36:30,2026-09-06,3697519,2900,57,105.8146743774414,,34.20280456542969,0.7640326023101807,789.8890380859375,186.29156494140625,909.35107421875,287.761962890625,119.4620361328125,101.47039794921875,12121.860346220434,849.6200561523438,237.02676391601562,1920,1080,806.9631958007812,200.18698120117188,911.2185668945312,218.28567504882812,104.25537109375,18.09869384765625,9.848375937900073,left,False,"{'safe_roi': (450, 80, 1500, 420), 'cylinder_roi': (800, 190, 1000, 300)}",ok_cylinder_inside_confirmed
2026-09-06 15:36:35,2026-09-06,3697633,2900,57,104.23130798339844,,35.38975524902344,0.7596170902252197,789.632080078125,186.07566833496094,906.7371826171875,286.9346923828125,117.1051025390625,100.85902404785156,11811.106353113428,848.1846313476562,236.50518798828125,1920,1080,807.0433959960938,200.90220642089844,909.7650146484375,218.57803344726562,102.72161865234375,17.675827026367188,9.763557359903261,left,False,"{'safe_roi': (450, 80, 1500, 420), 'cylinder_roi': (800, 190, 1000, 300)}",ok_cylinder_inside_confirmed
2026-09-06 15:49:14,2026-09-06,3715596,2921,58,96.51016998291016,,30.441314697265625,0.7572538256645203,790.0748291015625,186.64263916015625,917.464111328125,286.8671875,127.3892822265625,100.22454833984375,12767.533274494112,853.7694702148438,236.75491333007812,1920,1080,812.608154296875,201.58413696289062,907.87451171875,217.0286865234375,95.266357421875,15.444549560546875,9.208653777138304,left,False,"{'safe_roi': (450, 80, 1500, 420), 'cylinder_roi': (800, 190, 1000, 300)}",ok_cylinder_inside_confirmed
2026-09-06 15:56:16,2026-09-06,3725760,2925,59,96.07337188720703,,30.540481567382812,0.8048673868179321,837.8265380859375,187.63314819335938,1014.279541015625,290.3450012207031,176.4530029296875,102.71185302734375,18123.81490314752,926.0530395507812,238.98907470703125,1920,1080,857.4344482421875,205.79171752929688,952.7303466796875,217.98947143554688,95.2958984375,12.19775390625,7.294124675662588,left,False,"{'safe_roi': (450, 80, 1500, 420), 'cylinder_roi': (800, 190, 1000, 300)}",ok_cylinder_inside_confirmed
2026-09-06 18:02:11,2026-09-06,3918138,3066,60,95.56744384765625,,17.0037841796875,0.6810478568077087,857.68798828125,187.11671447753906,1033.382080078125,300.6496887207031,175.694091796875,113.53297424316406,19947.07279865071,945.5350341796875,243.88320922851562,1920,1080,869.49169921875,194.2283477783203,962.5318603515625,216.0609893798828,93.0401611328125,21.8326416015625,13.205993829812666,left,False,"{'safe_roi': (450, 80, 1500, 420), 'cylinder_roi': (800, 190, 1000, 300)}",ok_cylinder_inside_confirmed
2026-09-06 18:02:16,2026-09-06,3918262,3066,60,97.35904693603516,,19.797378540039062,0.6552082896232605,855.111328125,187.622314453125,1033.91845703125,300.4118347167969,178.80712890625,112.78952026367188,20167.570289060473,944.514892578125,244.01707458496094,1920,1080,870.5236206054688,194.84219360351562,965.49755859375,216.2602996826172,94.97393798828125,21.418106079101562,12.708499447675118,left,False,"{'safe_roi': (450, 80, 1500, 420), 'cylinder_roi': (800, 190, 1000, 300)}",ok_cylinder_inside_confirmed
2026-09-06 18:02:37,2026-09-06,3918767,3066,61,96.4124755859375,,26.191864013671875,0.7478998303413391,856.288818359375,189.64971923828125,1034.7269287109375,305.90594482421875,178.4381103515625,116.2562255859375,20744.54121015966,945.5078735351562,247.77783203125,1920,1080,872.1932373046875,201.3710174560547,967.299072265625,217.19015502929688,95.1058349609375,15.819137573242188,9.443660835963472,left,False,"{'safe_roi': (450, 80, 1500, 420), 'cylinder_roi': (800, 190, 1000, 300)}",ok_cylinder_inside_confirmed
2026-09-06 18:02:43,2026-09-06,3918892,3066,61,97.62805938720703,,22.483154296875,0.669765293598175,854.2562255859375,186.48492431640625,1035.00390625,300.7324523925781,180.7476806640625,114.24752807617188,20649.97572137043,944.6300659179688,243.6086883544922,1920,1080,870.42041015625,197.4700164794922,966.2914428710938,215.90866088867188,95.87103271484375,18.438644409179688,10.886626294307822,left,False,"{'safe_roi': (450, 80, 1500, 420), 'cylinder_roi': (800, 190, 1000, 300)}",ok_cylinder_inside_confirmed
2026-09-06 18:02:48,2026-09-06,3919018,3066,61,93.55956268310547,,20.35369873046875,0.6729463338851929,857.4744262695312,186.74758911132812,1032.6805419921875,302.9740905761719,175.20611572265625,116.22650146484375,20363.59386568889,945.0775146484375,244.86083984375,1920,1080,869.8408203125,191.66001892089844,960.9884033203125,212.7671356201172,91.1475830078125,21.10711669921875,13.038212329879014,left,False,"{'safe_roi': (450, 80, 1500, 420), 'cylinder_roi': (800, 190, 1000, 300)}",ok_cylinder_inside_confirmed
2026-09-06 18:02:53,2026-09-06,3919135,3066,61,93.4948501586914,,22.121871948242188,0.7346314787864685,859.6749877929688,187.04937744140625,1029.3072509765625,303.3172607421875,169.63226318359375,116.26788330078125,19722.78417987749,944.4910888671875,245.18331909179688,1920,1080,869.0838623046875,195.81483459472656,960.84912109375,213.71524047851562,91.7652587890625,17.900405883789062,11.037926486444103,left,False,"{'safe_roi': (450, 80, 1500, 420), 'cylinder_roi': (800, 190, 1000, 300)}",ok_cylinder_inside_confirmed
2026-09-06 18:02:58,2026-09-06,3919278,3066,61,94.41157531738281,,20.4796142578125,0.688603401184082,857.2210083007812,187.72840881347656,1028.76025390625,305.47607421875,171.53924560546875,117.74766540527344,20198.345695425756,942.9906005859375,246.60223388671875,1920,1080,869.47802734375,195.63267517089844,961.9917602539062,214.46762084960938,92.51373291015625,18.834945678710938,11.507620341997786,left,False,"{'safe_roi': (450, 80, 1500, 420), 'cylinder_roi': (800, 190, 1000, 300)}",ok_cylinder_inside_confirmed
2026-09-06 18:03:11,2026-09-06,3919580,3066,61,93.27366638183594,,21.752700805664062,0.6859822869300842,861.1376953125,188.19540405273438,1027.561279296875,303.7743835449219,166.423583984375,115.5789794921875,19235.068000346422,944.3494873046875,245.98489379882812,1920,1080,870.336669921875,193.29185485839844,961.5726928710938,212.6816864013672,91.23602294921875,19.38983154296875,11.998207178602124,left,False,"{'safe_roi': (450, 80, 1500, 420), 'cylinder_roi': (800, 190, 1000, 300)}",ok_cylinder_inside_confirmed
2026-09-06 18:03:21,2026-09-06,3919837,3066,61,91.08733367919922,,19.216033935546875,0.5963298678398132,861.13720703125,186.89971923828125,1026.0194091796875,303.1073303222656,164.8822021484375,116.20761108398438,19160.566821936518,943.5783081054688,245.00352478027344,1920,1080,870.9739990234375,194.1150360107422,960.0945434570312,212.94137573242188,89.12054443359375,18.826339721679688,11.928125577588895,left,False,"{'safe_roi': (450, 80, 1500, 420), 'cylinder_roi': (800, 190, 1000, 300)}",ok_cylinder_inside_confirmed
2026-09-06 18:03:26,2026-09-06,3919963,3066,61,92.71725463867188,,23.547103881835938,0.7050753831863403,861.443359375,188.32862854003906,1019.963623046875,304.951416015625,158.520263671875,116.62278747558594,18487.075020778924,940.7034912109375,246.6400146484375,1920,1080,870.5958251953125,194.5250244140625,961.4810791015625,212.8651580810547,90.88525390625,18.340133666992188,11.408754553328846,left,False,"{'safe_roi': (450, 80, 1500, 420), 'cylinder_roi': (800, 190, 1000, 300)}",ok_cylinder_inside_confirmed
2026-09-06 18:03:34,2026-09-06,3920138,3066,61,93.1611099243164,,25.819580078125,0.7310514450073242,861.8484497070312,187.964111328125,1025.1053466796875,300.4875183105469,163.25689697265625,112.52340698242188,18370.222260741517,943.4769287109375,244.22581481933594,1920,1080,870.4093017578125,196.69886779785156,961.869384765625,214.42019653320312,91.4600830078125,17.721328735351562,10.965762830181841,left,False,"{'safe_roi': (450, 80, 1500, 420), 'cylinder_roi': (800, 190, 1000, 300)}",ok_cylinder_inside_confirmed
2026-09-06 18:03:39,2026-09-06,3920259,3066,61,91.65766143798828,,20.795944213867188,0.7263628840446472,860.8387451171875,187.2844696044922,1027.934326171875,305.45465087890625,167.0955810546875,118.17018127441406,19745.71510338597,944.3865356445312,246.36956787109375,1920,1080,871.4972534179688,195.38858032226562,961.7023315429688,211.64190673828125,90.205078125,16.253326416015625,10.214070916448739,left,False,"{'safe_roi': (450, 80, 1500, 420), 'cylinder_roi': (800, 190, 1000, 300)}",ok_cylinder_inside_confirmed
2026-09-06 18:03:49,2026-09-06,3920508,3066,61,89.76182556152344,,24.856796264648438,0.4319305419921875,860.1036987304688,186.89739990234375,1025.988525390625,305.008056640625,165.88482666015625,118.11065673828125,19592.765819747,943.046142578125,245.95272827148438,1920,1080,874.54833984375,193.123779296875,963.0517578125,208.1014404296875,88.50341796875,14.9776611328125,9.605304620079657,left,False,"{'safe_roi': (450, 80, 1500, 420), 'cylinder_roi': (800, 190, 1000, 300)}",ok_cylinder_inside_confirmed
2026-09-06 18:03:54,2026-09-06,3920626,3066,61,90.43495178222656,,27.970855712890625,0.7081218957901001,861.7242431640625,186.95968627929688,1028.451904296875,304.47320556640625,166.7276611328125,117.51351928710938,19592.754222225398,945.0880737304688,245.71644592285156,1920,1080,874.339111328125,200.05030822753906,963.4519653320312,215.4574432373047,89.11285400390625,15.407135009765625,9.809160159240692,left,False,"{'safe_roi': (450, 80, 1500, 420), 'cylinder_roi': (800, 190, 1000, 300)}",ok_cylinder_inside_confirmed
2026-09-06 18:03:59,2026-09-06,3920755,3066,61,90.67914581298828,,21.727142333984375,0.501075029373169,859.6900634765625,187.46542358398438,1025.4266357421875,305.5060729980469,165.736572265625,118.0406494140625,19563.652621895075,942.558349609375,246.48574829101562,1920,1080,873.5203247070312,195.8001708984375,962.8189697265625,211.5627899169922,89.29864501953125,15.762619018554688,10.010490281798466,left,False,"{'safe_roi': (450, 80, 1500, 420), 'cylinder_roi': (800, 190, 1000, 300)}",ok_cylinder_inside_confirmed
2026-09-06 18:04:04,2026-09-06,3920865,3066,61,92.48822784423828,,23.92120361328125,0.6003965735435486,860.3231201171875,188.47723388671875,1028.5501708984375,306.67315673828125,168.22705078125,118.1959228515625,19883.751515686512,944.4366455078125,247.5751953125,1920,1080,874.3861694335938,196.56842041015625,965.1300048828125,214.44656372070312,90.74383544921875,17.878143310546875,11.145538433127546,left,False,"{'safe_roi': (450, 80, 1500, 420), 'cylinder_roi': (800, 190, 1000, 300)}",ok_cylinder_inside_confirmed
2026-09-06 18:04:09,2026-09-06,3920983,3066,61,95.03286743164062,,25.011566162109375,0.5898001194000244,859.5940551757812,189.85313415527344,1030.2547607421875,308.9331359863281,170.66070556640625,119.08000183105469,20322.27713133674,944.9244384765625,249.39312744140625,1920,1080,873.178466796875,194.05552673339844,966.1961669921875,213.52224731445312,93.0177001953125,19.466720581054688,11.820248863365512,left,False,"{'safe_roi': (450, 80, 1500, 420), 'cylinder_roi': (800, 190, 1000, 300)}",ok_cylinder_inside_confirmed
2026-09-06 18:04:14,2026-09-06,3921111,3066,61,91.62350463867188,,24.362640380859375,0.5254583358764648,863.21435546875,187.6129150390625,1028.2608642578125,306.42340087890625,165.0465087890625,118.81048583984375,19609.255895398557,945.7376098632812,247.01815795898438,1920,1080,875.866455078125,193.1248321533203,965.3671264648438,212.73342895507812,89.50067138671875,19.608596801757812,12.357612598926757,left,False,"{'safe_roi': (450, 80, 1500, 420), 'cylinder_roi': (800, 190, 1000, 300)}",ok_cylinder_inside_confirmed
2026-09-06 18:04:19,2026-09-06,3921226,3066,61,90.10748291015625,,25.464584350585938,0.6676403284072876,866.6925048828125,187.7720947265625,1027.371826171875,302.2104187011719,160.6793212890625,114.43832397460938,18387.872225698084,947.0321655273438,244.9912567138672,1920,1080,876.0682983398438,196.60877990722656,964.7247314453125,212.7145538330078,88.65643310546875,16.10577392578125,10.296352302002095,left,False,"{'safe_roi': (450, 80, 1500, 420), 'cylinder_roi': (800, 190, 1000, 300)}",ok_cylinder_inside_confirmed
2026-09-06 18:04:24,2026-09-06,3921349,3066,61,92.16728210449219,,22.162506103515625,0.486721396446228,862.4483032226562,187.66213989257812,1027.677978515625,306.59674072265625,165.22967529296875,118.93460083007812,19651.52547625266,945.0631103515625,247.1294403076172,1920,1080,874.234619140625,195.8679962158203,964.3935546875,215.00369262695312,90.158935546875,19.135696411132812,11.982866584473255,left,False,"{'safe_roi': (450, 80, 1500, 420), 'cylinder_roi': (800, 190, 1000, 300)}",ok_cylinder_inside_confirmed
2026-09-06 18:04:31,2026-09-06,3921496,3066,61,92.59522247314453,,23.897125244140625,0.5385791659355164,861.637939453125,187.42347717285156,1030.411865234375,304.7493896484375,168.77392578125,117.32591247558594,19801.554844371974,946.02490234375,246.08642578125,1920,1080,875.9371337890625,195.5065155029297,966.8895263671875,212.871337890625,90.952392578125,17.364822387695312,10.808950456705018,left,False,"{'safe_roi': (450, 80, 1500, 420), 'cylinder_roi': (800, 190, 1000, 300)}",ok_cylinder_inside_confirmed
2026-09-06 18:04:36,2026-09-06,3921615,3066,61,93.294677734375,,22.932586669921875,0.6557081341743469,863.0283203125,188.61627197265625,1027.457763671875,305.0049743652344,164.429443359375,116.38870239257812,19137.72954773158,945.2430419921875,246.8106231689453,1920,1080,875.0975341796875,197.0365447998047,966.6302490234375,215.08255004882812,91.53271484375,18.046005249023438,11.153033442815408,left,False,"{'safe_roi': (450, 80, 1500, 420), 'cylinder_roi': (800, 190, 1000, 300)}",ok_cylinder_inside_confirmed
2026-09-06 18:04:41,2026-09-06,3921755,3066,61,92.5084228515625,,25.743011474609375,0.7108582854270935,861.03076171875,186.03981018066406,1028.4443359375,303.875244140625,167.41357421875,117.83543395996094,19727.251168854535,944.737548828125,244.95751953125,1920,1080,874.368896484375,196.033203125,965.6292724609375,211.17758178710938,91.2603759765625,15.144378662109375,9.422193851550544,left,False,"{'safe_roi': (450, 80, 1500, 420), 'cylinder_roi': (800, 190, 1000, 300)}",ok_cylinder_inside_confirmed
2026-09-06 18:04:46,2026-09-06,3921878,3066,61,94.25310516357422,,23.6766357421875,0.5529307126998901,861.90380859375,187.795654296875,1027.1318359375,302.82879638671875,165.22802734375,115.03314208984375,19006.699146658182,944.517822265625,245.31222534179688,1920,1080,873.8073120117188,194.5701141357422,966.033935546875,214.00970458984375,92.22662353515625,19.439590454101562,11.902612813082285,left,False,"{'safe_roi': (450, 80, 1500, 420), 'cylinder_roi': (800, 190, 1000, 300)}",ok_cylinder_inside_confirmed
2026-09-06 18:04:51,2026-09-06,3922003,3066,61,91.449951171875,,27.644287109375,0.7059592008590698,862.5797729492188,187.14044189453125,1026.962890625,303.2597961425781,164.38311767578125,116.11935424804688,19088.06147379242,944.7713623046875,245.2001190185547,1920,1080,875.067626953125,198.03604125976562,965.2030029296875,213.4862060546875,90.1353759765625,15.450164794921875,9.726581911904583,left,False,"{'safe_roi': (450, 80, 1500, 420), 'cylinder_roi': (800, 190, 1000, 300)}",ok_cylinder_inside_confirmed
2026-09-06 18:04:57,2026-09-06,3922129,3066,61,94.76302337646484,,23.28564453125,0.6763491630554199,866.3311767578125,190.5433349609375,1026.1826171875,304.3002014160156,159.8514404296875,113.75686645507812,18184.198961611837,946.2568969726562,247.42176818847656,1920,1080,872.902587890625,195.89622497558594,964.9522094726562,218.41061401367188,92.04962158203125,22.514389038085938,13.744121145255486,left,False,"{'safe_roi': (450, 80, 1500, 420), 'cylinder_roi': (800, 190, 1000, 300)}",ok_cylinder_inside_confirmed
2026-09-06 18:05:02,2026-09-06,3922261,3066,61,96.80477142333984,,18.857879638671875,0.5662124752998352,867.5413208007812,187.1524658203125,1031.3551025390625,305.20001220703125,163.81378173828125,118.04754638671875,19337.814998533577,949.4482421875,246.17623901367188,1920,1080,878.6118774414062,195.46530151367188,973.28515625,215.66761779785156,94.67327880859375,20.202316284179688,12.045672038489407,left,False,"{'safe_roi': (450, 80, 1500, 420), 'cylinder_roi': (800, 190, 1000, 300)}",ok_cylinder_inside_confirmed
2026-09-06 18:05:07,2026-09-06,3922388,3066,61,99.42115020751953,,18.805282592773438,0.6553778052330017,868.401611328125,188.54425048828125,1031.614013671875,307.5442810058594,163.21240234375,119.00003051757812,19422.28085975349,950.0078125,248.0442657470703,1920,1080,877.9094848632812,193.7166290283203,974.478515625,217.35952758789062,96.56903076171875,23.642898559570312,13.757057163227572,left,False,"{'safe_roi': (450, 80, 1500, 420), 'cylinder_roi': (800, 190, 1000, 300)}",ok_cylinder_inside_confirmed
2026-09-06 18:05:45,2026-09-06,3923322,3066,62,104.0052261352539,,23.775863647460938,0.636041522026062,868.734619140625,188.65142822265625,1033.9840087890625,306.47882080078125,165.2493896484375,117.827392578125,19470.90470740199,951.3593139648438,247.56512451171875,1920,1080,877.9227905273438,194.896240234375,979.2646484375,218.28244018554688,101.34185791015625,23.386199951171875,12.994411394418456,left,False,"{'safe_roi': (450, 80, 1500, 420), 'cylinder_roi': (800, 190, 1000, 300)}",ok_cylinder_inside_confirmed
2026-09-06 18:09:38,2026-09-06,3928971,3066,63,115.15086364746094,,33.85630798339844,0.7572928071022034,812.5416870117188,185.65020751953125,1018.7283325195312,292.9462585449219,206.1866455078125,107.29605102539062,22123.01283716038,915.635009765625,239.29823303222656,1920,1080,831.8502197265625,203.10284423828125,945.8448486328125,219.3800048828125,113.99462890625,16.27716064453125,8.12626703110261,left,False,"{'safe_roi': (450, 80, 1500, 420), 'cylinder_roi': (800, 190, 1000, 300)}",ok_cylinder_inside_confirmed
2026-09-06 18:09:43,2026-09-06,3929094,3066,63,118.4732437133789,,35.29252624511719,0.7021458148956299,808.7884521484375,185.89410400390625,1017.1900634765625,294.5010070800781,208.401611328125,108.60690307617188,22633.853602431715,912.9892578125,240.1975555419922,1920,1080,828.2110595703125,199.99505615234375,945.7542724609375,214.8106689453125,117.543212890625,14.81561279296875,7.183903409877181,left,False,"{'safe_roi': (450, 80, 1500, 420), 'cylinder_roi': (800, 190, 1000, 300)}",ok_cylinder_inside_confirmed
2026-09-06 18:13:35,2026-09-06,3934699,3066,64,113.25822448730469,,34.372161865234375,0.7536007761955261,806.8734130859375,185.9266357421875,996.455322265625,293.1087341308594,189.5819091796875,107.18209838867188,20319.78684240952,901.6643676757812,239.51768493652344,1920,1080,821.5396728515625,198.421875,933.961181640625,212.16339111328125,112.4215087890625,13.74151611328125,6.968813868021658,left,False,"{'safe_roi': (450, 80, 1500, 420), 'cylinder_roi': (800, 190, 1000, 300)}",ok_cylinder_inside_confirmed
2026-09-06 18:13:40,2026-09-06,3934815,3066,64,104.95227813720703,,32.76368713378906,0.7552965879440308,808.0438232421875,185.7703857421875,991.27587890625,291.783447265625,183.2320556640625,106.0130615234375,19424.991190180182,899.6598510742188,238.77691650390625,1920,1080,820.7889404296875,196.1551513671875,924.268310546875,213.67660522460938,103.4793701171875,17.521453857421875,9.610350249008643,left,False,"{'safe_roi': (450, 80, 1500, 420), 'cylinder_roi': (800, 190, 1000, 300)}",ok_cylinder_inside_confirmed
2026-09-06 18:13:45,2026-09-06,3934942,3066,64,107.48235321044922,,34.42103576660156,0.7480271458625793,805.4671630859375,185.67010498046875,990.44140625,291.5997619628906,184.9742431640625,105.92965698242188,19594.258128952235,897.9542846679688,238.6349334716797,1920,1080,818.4046630859375,196.4892578125,924.7200927734375,212.28439331054688,106.3154296875,15.795135498046875,8.450540829849025,left,False,"{'safe_roi': (450, 80, 1500, 420), 'cylinder_roi': (800, 190, 1000, 300)}",ok_cylinder_inside_confirmed
2026-09-06 18:13:50,2026-09-06,3935063,3066,64,108.97785949707031,,37.47564697265625,0.7691226005554199,803.2561645507812,186.81349182128906,992.0123901367188,292.1160888671875,188.7562255859375,105.30259704589844,19876.52076278068,897.63427734375,239.46478271484375,1920,1080,816.6708374023438,198.0240478515625,924.7020874023438,212.35662841796875,108.03125,14.33258056640625,7.557336687708279,left,False,"{'safe_roi': (450, 80, 1500, 420), 'cylinder_roi': (800, 190, 1000, 300)}",ok_cylinder_inside_confirmed
2026-09-06 18:13:55,2026-09-06,3935194,3066,64,106.57119750976562,,42.00700378417969,0.7464534044265747,783.109375,186.77647399902344,975.0172119140625,294.47650146484375,191.9078369140625,107.70002746582031,20668.479306550696,879.0632934570312,240.62649536132812,1920,1080,803.3887939453125,215.6866912841797,909.9456787109375,213.9400634765625,106.556884765625,1.7466278076171875,0.9390800107285823,left,False,"{'safe_roi': (450, 80, 1500, 420), 'cylinder_roi': (800, 190, 1000, 300)}",ok_cylinder_inside_confirmed
2026-09-06 18:16:04,2026-09-06,3938289,3066,65,94.62567901611328,,8.639785766601562,0.7353067994117737,827.7385864257812,186.50204467773438,1009.0963745117188,290.09466552734375,181.3577880859375,103.59262084960938,18787.328579310328,918.41748046875,238.29835510253906,1920,1080,993.7987060546875,221.29942321777344,899.2719116210938,225.6241912841797,94.52679443359375,4.32476806640625,2.6195565168326516,right,False,"{'safe_roi': (450, 80, 1500, 420), 'cylinder_roi': (800, 190, 1000, 300)}",ok_cylinder_inside_confirmed
2026-09-06 18:16:31,2026-09-06,3938918,3066,66,100.33072662353516,,8.833602905273438,0.7221440076828003,827.91845703125,185.55767822265625,1009.4327392578125,288.60968017578125,181.5142822265625,103.052001953125,18705.4101665318,918.6755981445312,237.08367919921875,1920,1080,995.35107421875,217.4193878173828,895.3442993164062,225.47540283203125,100.00677490234375,8.056015014648438,4.605499303385592,right,False,"{'safe_roi': (450, 80, 1500, 420), 'cylinder_roi': (800, 190, 1000, 300)}",ok_cylinder_inside_confirmed
2026-09-06 18:16:38,2026-09-06,3939090,3066,66,98.3881607055664,,18.266387939453125,0.7287381291389465,826.5034790039062,186.6035614013672,1009.2008666992188,286.8619384765625,182.6973876953125,100.25837707519531,18316.94358620979,917.8521728515625,236.73275756835938,1920,1080,998.4822998046875,220.1958465576172,900.2606201171875,225.9169921875,98.2216796875,5.7211456298828125,3.3335567184013706,right,False,"{'safe_roi': (450, 80, 1500, 420), 'cylinder_roi': (800, 190, 1000, 300)}",ok_cylinder_inside_confirmed
2026-09-06 18:16:43,2026-09-06,3939221,3066,66,95.35098266601562,,11.906524658203125,0.7261541485786438,828.594482421875,186.53526306152344,1008.2611083984375,290.0289306640625,179.6666259765625,103.49366760253906,18594.35806808807,918.4277954101562,238.2821044921875,1920,1080,994.1517333984375,219.56907653808594,898.9171142578125,224.27828979492188,95.234619140625,4.7092132568359375,2.830887055459732,right,False,"{'safe_roi': (450, 80, 1500, 420), 'cylinder_roi': (800, 190, 1000, 300)}",ok_cylinder_inside_confirmed
2026-09-06 18:16:48,2026-09-06,3939345,3066,66,90.77095794677734,,10.429702758789062,0.7199469208717346,828.6030883789062,186.5106658935547,1007.7461547851562,287.9588928222656,179.14306640625,101.44822692871094,18173.746453486383,918.1746215820312,237.23477172851562,1920,1080,991.7593994140625,221.85342407226562,901.0919799804688,226.1876678466797,90.66741943359375,4.3342437744140625,2.7368703331716175,right,False,"{'safe_roi': (450, 80, 1500, 420), 'cylinder_roi': (800, 190, 1000, 300)}",ok_cylinder_inside_confirmed
2026-09-06 18:17:06,2026-09-06,3939764,3066,66,100.25920104980469,,15.660446166992188,0.7164146304130554,827.0465698242188,186.9469451904297,1007.7752075195312,289.53582763671875,180.7286376953125,102.58888244628906,18540.74896720238,917.410888671875,238.24139404296875,1920,1080,997.0247802734375,216.9340362548828,897.1658325195312,225.88375854492188,99.85894775390625,8.949722290039062,5.1213732105743235,right,False,"{'safe_roi': (450, 80, 1500, 420), 'cylinder_roi': (800, 190, 1000, 300)}",ok_cylinder_inside_confirmed
2026-09-06 18:17:11,2026-09-06,3939882,3066,66,95.25497436523438,,13.526535034179688,0.683947741985321,831.101806640625,186.61318969726562,1008.7918701171875,288.763916015625,177.6900634765625,102.15072631835938,18151.16904368624,919.9468383789062,237.6885528564453,1920,1080,991.59814453125,218.2304229736328,896.684326171875,226.2850799560547,94.913818359375,8.054656982421875,4.850660991590646,right,False,"{'safe_roi': (450, 80, 1500, 420), 'cylinder_roi': (800, 190, 1000, 300)}",ok_cylinder_inside_confirmed
2026-09-06 18:17:39,2026-09-06,3940533,3066,67,100.2743148803711,,12.85662841796875,0.7307791113853455,831.019775390625,186.94467163085938,1007.32080078125,290.0350036621094,176.301025390625,103.09033203125,18174.931244969368,919.1702880859375,238.48983764648438,1920,1080,997.0321044921875,215.76889038085938,897.3190307617188,226.36326599121094,99.71307373046875,10.594375610351562,6.064843765876687,right,False,"{'safe_roi': (450, 80, 1500, 420), 'cylinder_roi': (800, 190, 1000, 300)}",ok_cylinder_inside_confirmed
2026-09-06 18:27:11,2026-09-06,3954332,3090,68,102.4727554321289,,43.08372497558594,0.7443562746047974,852.778564453125,194.73190307617188,1029.257080078125,309.1664733886719,176.478515625,114.4345703125,20195.243104934692,941.017822265625,251.94918823242188,1920,1080,865.1302490234375,257.386962890625,965.9423828125,239.01361083984375,100.8121337890625,18.37335205078125,10.328981674647988,left,False,"{'safe_roi': (450, 80, 1500, 420), 'cylinder_roi': (800, 190, 1000, 300)}",ok_cylinder_inside_confirmed
2026-09-06 18:29:16,2026-09-06,3957331,3090,69,104.10504150390625,,32.354217529296875,0.7860352993011475,838.3800659179688,185.1974639892578,1027.53515625,297.0220947265625,189.15509033203125,111.82463073730469,21152.198128460906,932.9576416015625,241.10977172851562,1920,1080,848.735595703125,232.53627014160156,952.36572265625,222.6036376953125,103.630126953125,9.932632446289062,5.47490174269711,left,False,"{'safe_roi': (450, 80, 1500, 420), 'cylinder_roi': (800, 190, 1000, 300)}",ok_cylinder_inside_confirmed
2026-09-06 18:40:06,2026-09-06,3973052,3125,70,106.7697525024414,,33.904937744140625,0.7536352872848511,863.6322631835938,188.0287322998047,1035.41357421875,303.45989990234375,171.78131103515625,115.43116760253906,19828.917305083014,949.52294921875,245.74432373046875,1920,1080,864.2086181640625,228.62228393554688,970.7313232421875,235.88131713867188,106.522705078125,7.259033203125,3.8984172429461723,left,False,"{'safe_roi': (450, 80, 1500, 420), 'cylinder_roi': (800, 190, 1000, 300)}",ok_cylinder_inside_confirmed
2026-09-06 18:45:24,2026-09-06,3980711,3148,71,109.47102355957031,,37.74652099609375,0.7491518259048462,842.7124633789062,185.8716278076172,1024.2542724609375,301.04052734375,181.54180908203125,115.16889953613281,20907.97037177626,933.4833984375,243.45608520507812,1920,1080,852.4052124023438,229.25399780273438,961.6380004882812,236.47219848632812,109.2327880859375,7.21820068359375,3.780659948267411,left,False,"{'safe_roi': (450, 80, 1500, 420), 'cylinder_roi': (800, 190, 1000, 300)}",ok_cylinder_inside_confirmed
2026-09-06 18:45:29,2026-09-06,3980833,3148,71,108.59313201904297,,36.6085205078125,0.735260546207428,844.0034790039062,186.64712524414062,1024.4803466796875,303.0580139160156,180.47686767578125,116.410888671875,21009.472550854087,934.241943359375,244.85256958007812,1920,1080,855.02587890625,226.08209228515625,962.9901123046875,237.7522735595703,107.9642333984375,11.670181274414062,6.169321243082514,left,False,"{'safe_roi': (450, 80, 1500, 420), 'cylinder_roi': (800, 190, 1000, 300)}",ok_cylinder_inside_confirmed
2026-09-06 18:45:34,2026-09-06,3980954,3148,71,108.67706298828125,,34.32994079589844,0.699038565158844,849.780029296875,187.6099853515625,1027.644775390625,303.70013427734375,177.86474609375,116.09014892578125,20648.344862669706,938.71240234375,245.65505981445312,1920,1080,860.8851318359375,212.21424865722656,967.6141357421875,232.69895935058594,106.72900390625,20.484710693359375,10.86476744897307,left,False,"{'safe_roi': (450, 80, 1500, 420), 'cylinder_roi': (800, 190, 1000, 300)}",ok_cylinder_inside_confirmed
2026-09-06 18:45:39,2026-09-06,3981077,3148,71,106.6206283569336,,32.21113586425781,0.7483999133110046,850.7860107421875,183.97430419921875,1028.705078125,303.3966979980469,177.9190673828125,119.42239379882812,21247.52092931047,939.7455444335938,243.6855010986328,1920,1080,866.5733642578125,207.19219970703125,970.9556884765625,228.92442321777344,104.38232421875,21.732223510742188,11.760874280788448,left,False,"{'safe_roi': (450, 80, 1500, 420), 'cylinder_roi': (800, 190, 1000, 300)}",ok_cylinder_inside_confirmed
2026-09-06 18:45:49,2026-09-06,3981305,3148,71,102.97895812988281,,20.915023803710938,0.6265155673027039,855.2261962890625,184.86891174316406,1025.73828125,303.57373046875,170.5120849609375,118.70481872558594,20240.606135809794,940.4822387695312,244.2213134765625,1920,1080,868.6717529296875,205.6715850830078,968.2535400390625,231.90386962890625,99.581787109375,26.232284545898438,14.757849031054475,left,False,"{'safe_roi': (450, 80, 1500, 420), 'cylinder_roi': (800, 190, 1000, 300)}",ok_cylinder_inside_confirmed
2026-09-06 18:46:00,2026-09-06,3981582,3148,71,102.08617401123047,,23.393814086914062,0.7333875298500061,856.4911499023438,186.08914184570312,1024.349365234375,305.8169860839844,167.85821533203125,119.72784423828125,20097.30225938931,940.4202880859375,245.95306396484375,1920,1080,868.4356689453125,207.29574584960938,967.5912475585938,231.5806884765625,99.15557861328125,24.284942626953125,13.761844745192002,left,False,"{'safe_roi': (450, 80, 1500, 420), 'cylinder_roi': (800, 190, 1000, 300)}",ok_cylinder_inside_confirmed
2026-09-06 19:26:55,2026-09-06,4042034,3264,72,124.72732543945312,,51.42427062988281,0.8014652132987976,835.1272583007812,184.74525451660156,1032.474609375,295.8669738769531,197.34735107421875,111.12171936035156,21929.57696257811,933.8009033203125,240.30612182617188,1920,1080,828.8712768554688,203.88357543945312,953.5156860351562,199.3364715576172,124.6444091796875,4.5471038818359375,2.0892584054202232,left,False,"{'safe_roi': (450, 80, 1500, 420), 'cylinder_roi': (800, 190, 1000, 300)}",ok_cylinder_inside_confirmed
2026-09-06 19:27:00,2026-09-06,4042175,3264,72,129.3700714111328,,46.42509460449219,0.790407121181488,832.8710327148438,185.42108154296875,1027.823974609375,295.2630310058594,194.95294189453125,109.84194946289062,21414.011191220954,930.3475341796875,240.34205627441406,1920,1080,829.4727172851562,205.9276580810547,958.825439453125,208.04656982421875,129.35272216796875,2.1189117431640625,0.9384714970224454,left,False,"{'safe_roi': (450, 80, 1500, 420), 'cylinder_roi': (800, 190, 1000, 300)}",ok_cylinder_inside_confirmed
2026-09-06 19:27:05,2026-09-06,4042311,3264,72,125.56021118164062,,45.01039123535156,0.7835343480110168,833.3948364257812,187.2670135498047,1026.750732421875,296.14892578125,193.35589599609375,108.88191223144531,21052.959697279148,930.07275390625,241.70797729492188,1920,1080,831.4173583984375,207.42303466796875,956.974609375,206.5605926513672,125.5572509765625,0.8624420166015625,0.39355361883883033,left,False,"{'safe_roi': (450, 80, 1500, 420), 'cylinder_roi': (800, 190, 1000, 300)}",ok_cylinder_inside_confirmed
2026-09-06 19:27:10,2026-09-06,4042454,3264,72,128.44825744628906,,43.56219482421875,0.7689868211746216,832.647705078125,184.71377563476562,1022.47119140625,296.3547668457031,189.823486328125,111.6409912109375,21192.082168787718,927.5594482421875,240.53427124023438,1920,1080,830.6795654296875,205.30210876464844,958.874267578125,213.36878967285156,128.1947021484375,8.066680908203125,3.600602721129982,left,False,"{'safe_roi': (450, 80, 1500, 420), 'cylinder_roi': (800, 190, 1000, 300)}",ok_cylinder_inside_confirmed
2026-09-06 19:27:15,2026-09-06,4042598,3264,72,123.5292739868164,,39.12522888183594,0.7622512578964233,831.942626953125,184.53591918945312,1023.182861328125,295.13677978515625,191.240234375,110.60086059570312,21151.334502398968,927.562744140625,239.8363494873047,1920,1080,833.9465942382812,212.20285034179688,957.3486328125,217.80807495117188,123.40203857421875,5.605224609375,2.6007278368632045,left,False,"{'safe_roi': (450, 80, 1500, 420), 'cylinder_roi': (800, 190, 1000, 300)}",ok_cylinder_inside_confirmed
2026-09-06 19:27:20,2026-09-06,4042732,3264,72,132.28536987304688,,38.95365905761719,0.7585511803627014,832.8997192382812,186.0428924560547,1025.0767822265625,294.5352783203125,192.17706298828125,108.49238586425781,20849.748071984388,928.98828125,240.28909301757812,1920,1080,830.222412109375,208.84280395507812,962.023681640625,220.14959716796875,131.80126953125,11.306793212890625,4.903210011660155,left,False,"{'safe_roi': (450, 80, 1500, 420), 'cylinder_roi': (800, 190, 1000, 300)}",ok_cylinder_inside_confirmed
2026-09-06 19:27:25,2026-09-06,4042874,3264,72,132.85400390625,,44.31341552734375,0.7764666676521301,832.8159790039062,182.33511352539062,1027.036865234375,296.7747802734375,194.22088623046875,114.43966674804688,22226.57349572517,929.9263916015625,239.55494689941406,1920,1080,828.6390380859375,205.93206787109375,961.34326171875,212.23895263671875,132.7042236328125,6.306884765625,2.7209848318087624,left,False,"{'safe_roi': (450, 80, 1500, 420), 'cylinder_roi': (800, 190, 1000, 300)}",ok_cylinder_inside_confirmed
2026-09-06 19:27:30,2026-09-06,4043014,3264,72,130.5424346923828,,43.85194396972656,0.7832057476043701,830.46337890625,183.05078125,1027.2071533203125,296.8088684082031,196.7437744140625,113.75808715820312,22381.195437628776,928.8352661132812,239.92982482910156,1920,1080,828.5206909179688,205.01397705078125,958.999755859375,209.08078002929688,130.47906494140625,4.066802978515625,1.7852307370820715,left,False,"{'safe_roi': (450, 80, 1500, 420), 'cylinder_roi': (800, 190, 1000, 300)}",ok_cylinder_inside_confirmed
2026-09-06 19:27:35,2026-09-06,4043153,3264,72,130.64501953125,,41.39414978027344,0.7998632192611694,830.9739379882812,183.3723907470703,1027.0968017578125,297.1805419921875,196.12286376953125,113.80815124511719,22320.380542508326,929.035400390625,240.27645874023438,1920,1080,826.6311645507812,205.66427612304688,957.2625732421875,203.7786865234375,130.63140869140625,1.885589599609375,0.8269743452315138,left,False,"{'safe_roi': (450, 80, 1500, 420), 'cylinder_roi': (800, 190, 1000, 300)}",ok_cylinder_inside_confirmed
2026-09-06 19:27:40,2026-09-06,4043294,3264,72,130.1916046142578,,40.74896240234375,0.7818705439567566,831.1181640625,183.47518920898438,1030.095458984375,296.79254150390625,198.977294921875,113.31735229492188,22547.58022735268,930.6068115234375,240.1338653564453,1920,1080,829.2041625976562,210.72828674316406,959.2930908203125,215.89791870117188,130.08892822265625,5.1696319580078125,2.2756919074552,left,False,"{'safe_roi': (450, 80, 1500, 420), 'cylinder_roi': (800, 190, 1000, 300)}",ok_cylinder_inside_confirmed
2026-09-06 19:37:39,2026-09-06,4060167,3268,73,97.40446472167969,,25.820724487304688,0.7761897444725037,760.55908203125,190.72314453125,930.841796875,310.0605773925781,170.28271484375,119.33743286132812,20321.102050110698,845.700439453125,250.39186096191406,1920,1080,926.0447387695312,216.64834594726562,828.8820190429688,223.50665283203125,97.1627197265625,6.858306884765625,4.037570949049571,right,False,"{'safe_roi': (450, 80, 1500, 420), 'cylinder_roi': (800, 190, 1000, 300)}",ok_cylinder_inside_confirmed
2026-09-06 19:37:48,2026-09-06,4060401,3268,73,121.787353515625,,13.648361206054688,0.7910720109939575,797.7567138671875,181.89852905273438,993.7166748046875,293.73248291015625,195.9599609375,111.83395385742188,21914.977229386568,895.7366943359375,237.8155059814453,1920,1080,992.8431396484375,220.38340759277344,871.070068359375,218.51821899414062,121.7730712890625,1.8651885986328125,0.8775263481574166,right,False,"{'safe_roi': (450, 80, 1500, 420), 'cylinder_roi': (800, 190, 1000, 300)}",ok_cylinder_inside_confirmed
2026-09-06 19:37:53,2026-09-06,4060542,3268,73,115.8460693359375,,21.476181030273438,0.7377700805664062,789.8403930664062,182.57879638671875,985.3262329101562,292.5758361816406,195.48583984375,109.99703979492188,21502.863704636693,887.5833129882812,237.5773162841797,1920,1080,985.582275390625,217.7397918701172,869.7362060546875,217.71669006347656,115.8460693359375,0.023101806640625,0.011425817118151955,right,False,"{'safe_roi': (450, 80, 1500, 420), 'cylinder_roi': (800, 190, 1000, 300)}",ok_cylinder_inside_confirmed
2026-09-06 19:37:58,2026-09-06,4060684,3268,73,120.55239868164062,,25.203338623046875,0.7645763754844666,781.08203125,181.05068969726562,979.9481201171875,291.98095703125,198.8660888671875,110.93026733398438,22060.268401701003,880.5150756835938,236.5158233642578,1920,1080,981.271484375,226.13845825195312,861.415771484375,213.19671630859375,119.855712890625,12.941741943359375,6.162788404201883,right,False,"{'safe_roi': (450, 80, 1500, 420), 'cylinder_roi': (800, 190, 1000, 300)}",ok_cylinder_inside_confirmed
2026-09-06 19:38:03,2026-09-06,4060823,3268,73,115.4366226196289,,13.530746459960938,0.7236273288726807,776.743896484375,183.49008178710938,973.2745361328125,294.2201843261719,196.5306396484375,110.7301025390625,21761.857880339026,875.0092163085938,238.85513305664062,1920,1080,970.8114013671875,222.70550537109375,855.3748779296875,222.85958862304688,115.4365234375,0.154083251953125,0.07647765650473809,right,False,"{'safe_roi': (450, 80, 1500, 420), 'cylinder_roi': (800, 190, 1000, 300)}",ok_cylinder_inside_confirmed
2026-09-06 19:38:08,2026-09-06,4060962,3268,73,113.44908905029297,,21.001846313476562,0.8182002902030945,736.6956787109375,196.31700134277344,931.3359375,313.7357177734375,194.6402587890625,117.41871643066406,22854.409352743998,834.0158081054688,255.0263671875,1920,1080,929.9884033203125,220.2462158203125,816.9757080078125,230.18740844726562,113.0126953125,9.941192626953125,5.0270991709354265,right,False,"{'safe_roi': (450, 80, 1500, 420), 'cylinder_roi': (800, 190, 1000, 300)}",ok_cylinder_inside_confirmed
2026-09-06 19:38:18,2026-09-06,4061249,3268,73,115.56634521484375,,18.976760864257812,0.6479120254516602,760.4299926757812,185.33999633789062,956.4669799804688,298.9720153808594,196.0369873046875,113.63201904296875,22276.078674532473,858.448486328125,242.156005859375,1920,1080,957.2579345703125,220.70529174804688,841.8113403320312,215.44561767578125,115.44659423828125,5.259674072265625,2.6085557797125762,right,False,"{'safe_roi': (450, 80, 1500, 420), 'cylinder_roi': (800, 190, 1000, 300)}",ok_cylinder_inside_confirmed
2026-09-06 19:38:23,2026-09-06,4061389,3268,73,116.77558135986328,,11.831756591796875,0.8059945702552795,757.2342529296875,184.16127014160156,954.888427734375,298.4189453125,197.6541748046875,114.25767517089844,22583.506501005962,856.0613403320312,241.29010009765625,1920,1080,956.6783447265625,223.31668090820312,839.91748046875,225.1705780029297,116.7608642578125,1.8538970947265625,0.9096502930620323,right,False,"{'safe_roi': (450, 80, 1500, 420), 'cylinder_roi': (800, 190, 1000, 300)}",ok_cylinder_inside_confirmed
2026-09-06 19:38:28,2026-09-06,4061524,3268,73,116.02947998046875,,20.721649169921875,0.7899296283721924,755.968505859375,185.54461669921875,949.4774169921875,299.8123474121094,193.5089111328125,114.26773071289062,22111.8241478689,852.7229614257812,242.67848205566406,1920,1080,946.4801025390625,221.2674560546875,830.7124633789062,229.05813598632812,115.76763916015625,7.790679931640625,3.8499625078642907,right,False,"{'safe_roi': (450, 80, 1500, 420), 'cylinder_roi': (800, 190, 1000, 300)}",ok_cylinder_inside_confirmed
2026-09-06 19:38:33,2026-09-06,4061662,3268,73,115.44747161865234,,16.348281860351562,0.7870762944221497,752.838623046875,186.3694610595703,944.1588134765625,303.65087890625,191.3201904296875,117.28141784667969,22438.303196290508,848.4987182617188,245.01016235351562,1920,1080,941.6055908203125,216.6461181640625,826.376708984375,223.7471160888672,115.2288818359375,7.1009979248046875,3.5264018900178455,right,False,"{'safe_roi': (450, 80, 1500, 420), 'cylinder_roi': (800, 190, 1000, 300)}",ok_cylinder_inside_confirmed
2026-09-06 19:41:48,2026-09-06,4067105,3268,74,120.68228149414062,,16.276397705078125,0.755555272102356,783.6597900390625,174.20701599121094,987.2786865234375,291.79351806640625,203.618896484375,117.58650207519531,23942.83379400894,885.46923828125,233.00027465820312,1920,1080,991.6484985351562,211.75143432617188,871.037841796875,207.5943145751953,120.61065673828125,4.1571197509765625,1.974047480079142,right,False,"{'safe_roi': (450, 80, 1500, 420), 'cylinder_roi': (800, 190, 1000, 300)}",ok_cylinder_inside_confirmed
2026-09-06 19:41:54,2026-09-06,4067248,3268,74,102.69622802734375,,9.9974365234375,0.4194958508014679,791.6947631835938,179.89718627929688,983.1454467773438,289.6684265136719,191.45068359375,109.771240234375,21015.778981804848,887.4201049804688,234.78280639648438,1920,1080,974.505859375,222.10348510742188,871.8658447265625,225.50094604492188,102.6400146484375,3.3974609375,1.8958407829775419,right,False,"{'safe_roi': (450, 80, 1500, 420), 'cylinder_roi': (800, 190, 1000, 300)}",ok_cylinder_inside_confirmed
2026-09-06 19:43:51,2026-09-06,4070550,3268,75,92.57820129394531,,36.17463684082031,0.7703595161437988,881.0017700195312,189.08026123046875,1039.9599609375,308.0538024902344,158.95819091796875,118.97354125976562,18911.818885756657,960.4808349609375,248.56703186035156,1920,1080,890.0668334960938,212.07070922851562,982.4987182617188,217.2735595703125,92.431884765625,5.202850341796875,3.2216927074531827,left,False,"{'safe_roi': (450, 80, 1500, 420), 'cylinder_roi': (800, 190, 1000, 300)}",ok_cylinder_inside_confirmed
2026-09-06 19:44:03,2026-09-06,4070874,3268,75,100.13984680175781,,35.303253173828125,0.7877641320228577,861.0745849609375,189.6851043701172,1025.3865966796875,300.7783508300781,164.31201171875,111.09324645996094,18253.954814203084,943.2305908203125,245.23171997070312,1920,1080,867.0911865234375,209.26547241210938,966.591552734375,220.56439208984375,99.5003662109375,11.298919677734375,6.478559744302144,left,False,"{'safe_roi': (450, 80, 1500, 420), 'cylinder_roi': (800, 190, 1000, 300)}",ok_cylinder_inside_confirmed
2026-09-06 19:44:08,2026-09-06,4071015,3268,75,98.44912719726562,,35.69403076171875,0.7965661883354187,862.8246459960938,189.0618133544922,1029.9013671875,302.93988037109375,167.07672119140625,113.87806701660156,19026.374052749015,946.363037109375,246.0008544921875,1920,1080,870.593017578125,213.40176391601562,968.7484741210938,221.0002899169922,98.15545654296875,7.5985260009765625,4.4266199488864455,left,False,"{'safe_roi': (450, 80, 1500, 420), 'cylinder_roi': (800, 190, 1000, 300)}",ok_cylinder_inside_confirmed
2026-09-06 19:44:13,2026-09-06,4071164,3268,75,95.08576965332031,,36.77388000488281,0.8033884167671204,861.5923461914062,186.22398376464844,1031.456298828125,298.3357849121094,169.86395263671875,112.11180114746094,19043.753680129535,946.5242919921875,242.27987670898438,1920,1080,872.0626831054688,213.3876953125,966.7656860351562,221.91085815429688,94.7030029296875,8.523162841796875,5.142700089313818,left,False,"{'safe_roi': (450, 80, 1500, 420), 'cylinder_roi': (800, 190, 1000, 300)}",ok_cylinder_inside_confirmed
2026-09-06 19:44:18,2026-09-06,4071305,3268,75,98.78096771240234,,30.693023681640625,0.7551502585411072,850.498779296875,196.04718017578125,1019.8377685546875,295.9705505371094,169.3389892578125,99.92337036132812,16920.922540221363,935.1682739257812,246.0088653564453,1920,1080,858.5516357421875,229.83802795410156,956.482666015625,216.90771484375,97.9310302734375,12.930313110351562,7.521535303971714,left,False,"{'safe_roi': (450, 80, 1500, 420), 'cylinder_roi': (800, 190, 1000, 300)}",ok_cylinder_inside_confirmed
2026-09-06 19:44:23,2026-09-06,4071447,3268,75,100.38140869140625,,32.799163818359375,0.7705590724945068,845.5494384765625,194.2855224609375,1019.7000732421875,297.7825012207031,174.150634765625,103.49697875976562,18024.06454733759,932.624755859375,246.0340118408203,1920,1080,856.54638671875,222.97743225097656,956.7742919921875,217.42813110351562,100.2279052734375,5.5493011474609375,3.1690499611430467,left,False,"{'safe_roi': (450, 80, 1500, 420), 'cylinder_roi': (800, 190, 1000, 300)}",ok_cylinder_inside_confirmed
2026-09-06 19:44:28,2026-09-06,4071589,3268,75,101.86764526367188,,34.50236511230469,0.7893606424331665,851.6513061523438,190.736572265625,1019.6588745117188,296.4818420410156,168.007568359375,105.74526977539062,17766.00564046949,935.6550903320312,243.6092071533203,1920,1080,857.4075927734375,223.019287109375,959.2747802734375,222.712646484375,101.8671875,0.306640625,0.17247124422056065,left,False,"{'safe_roi': (450, 80, 1500, 420), 'cylinder_roi': (800, 190, 1000, 300)}",ok_cylinder_inside_confirmed
2026-09-06 19:44:33,2026-09-06,4071730,3268,75,97.2256088256836,,33.80403137207031,0.7997734546661377,854.0684204101562,189.62261962890625,1023.2598266601562,299.7636413574219,169.19140625,110.14102172851562,18634.914352059364,938.6641235351562,244.69313049316406,1920,1080,859.57275390625,224.46112060546875,956.75146484375,227.4806365966797,97.1787109375,3.0195159912109375,1.7797095334383246,left,False,"{'safe_roi': (450, 80, 1500, 420), 'cylinder_roi': (800, 190, 1000, 300)}",ok_cylinder_inside_confirmed
2026-09-06 19:44:38,2026-09-06,4071874,3268,75,95.87335968017578,,32.9248046875,0.7892857789993286,855.0753784179688,188.72463989257812,1021.8815307617188,298.6685791015625,166.80615234375,109.94393920898438,18339.325472965837,938.4784545898438,243.6966094970703,1920,1080,862.7998657226562,218.36920166015625,958.655517578125,220.2117919921875,95.85565185546875,1.84259033203125,1.10123552419113,left,False,"{'safe_roi': (450, 80, 1500, 420), 'cylinder_roi': (800, 190, 1000, 300)}",ok_cylinder_inside_confirmed
2026-09-06 19:44:43,2026-09-06,4072013,3268,75,101.49056243896484,,34.25736999511719,0.8047097325325012,854.61474609375,188.11293029785156,1023.544189453125,298.35650634765625,168.929443359375,110.24357604980469,18623.38593604043,939.0794677734375,243.23471069335938,1920,1080,862.040283203125,218.40869140625,963.5059204101562,220.65802001953125,101.46563720703125,2.24932861328125,1.2699465001278696,left,False,"{'safe_roi': (450, 80, 1500, 420), 'cylinder_roi': (800, 190, 1000, 300)}",ok_cylinder_inside_confirmed
2026-09-06 19:44:49,2026-09-06,4072155,3268,75,105.76261138916016,,28.12640380859375,0.7850908041000366,854.0498657226562,187.48907470703125,1019.8737182617188,292.01885986328125,165.8238525390625,104.52978515625,17333.531679689884,936.9617919921875,239.75396728515625,1920,1080,853.5206298828125,238.82611083984375,957.6393432617188,220.25131225585938,104.11871337890625,18.574798583984375,10.115163495341994,left,False,"{'safe_roi': (450, 80, 1500, 420), 'cylinder_roi': (800, 190, 1000, 300)}",ok_cylinder_inside_confirmed
2026-09-06 19:45:01,2026-09-06,4072492,3268,75,111.56980895996094,,43.27018737792969,0.7655736804008484,820.729736328125,197.68882751464844,994.1441650390625,293.920166015625,173.4144287109375,96.23133850097656,16687.902590235695,907.4369506835938,245.80450439453125,1920,1080,817.5584716796875,250.69985961914062,928.9443969726562,244.29693603515625,111.38592529296875,6.402923583984375,3.2899776920628874,left,False,"{'safe_roi': (450, 80, 1500, 420), 'cylinder_roi': (800, 190, 1000, 300)}",ok_cylinder_inside_confirmed
2026-09-06 19:45:06,2026-09-06,4072629,3268,75,113.73957824707031,,35.7822265625,0.7974764108657837,812.7816162109375,191.2349853515625,997.6495361328125,298.6806945800781,184.867919921875,107.44570922851562,19863.264769606292,905.215576171875,244.9578399658203,1920,1080,816.2572631835938,213.62269592285156,929.924560546875,217.6768798828125,113.66729736328125,4.0541839599609375,2.0427089389148354,left,False,"{'safe_roi': (450, 80, 1500, 420), 'cylinder_roi': (800, 190, 1000, 300)}",ok_cylinder_inside_confirmed
2026-09-06 19:45:11,2026-09-06,4072767,3268,75,116.7795639038086,,37.87750244140625,0.7812468409538269,802.6677856445312,189.78616333007812,997.6170043945312,297.46466064453125,194.94921875,107.67849731445312,20991.83892762661,900.1423950195312,243.6254119873047,1920,1080,805.5425415039062,216.34185791015625,921.9735107421875,225.35830688476562,116.43096923828125,9.016448974609375,4.428164460886779,left,False,"{'safe_roi': (450, 80, 1500, 420), 'cylinder_roi': (800, 190, 1000, 300)}",ok_cylinder_inside_confirmed
2026-09-06 19:45:16,2026-09-06,4072907,3268,75,119.62175750732422,,38.04522705078125,0.7970209717750549,799.7738037109375,184.97720336914062,995.95068359375,293.5986633300781,196.1768798828125,108.6214599609375,21309.019103452563,897.8622436523438,239.28793334960938,1920,1080,803.5932006835938,216.66021728515625,923.0911865234375,222.10043334960938,119.49798583984375,5.440216064453125,2.6066242320300175,left,False,"{'safe_roi': (450, 80, 1500, 420), 'cylinder_roi': (800, 190, 1000, 300)}",ok_cylinder_inside_confirmed
2026-09-06 19:46:34,2026-09-06,4075118,3268,76,124.17120361328125,,16.7181396484375,0.5864101052284241,769.4191284179688,179.7987823486328,968.2051391601562,292.6988830566406,198.7860107421875,112.90010070800781,22442.96063213609,868.8121337890625,236.24884033203125,1920,1080,960.8468017578125,210.6324462890625,836.9512329101562,218.90145874023438,123.89556884765625,8.269012451171875,3.8183602077483365,right,False,"{'safe_roi': (450, 80, 1500, 420), 'cylinder_roi': (800, 190, 1000, 300)}",ok_cylinder_inside_confirmed
2026-09-06 19:46:46,2026-09-06,4075463,3268,76,117.8750991821289,,9.41448974609375,0.7791435122489929,800.1428833007812,186.38121032714844,991.9906616210938,296.923828125,191.8477783203125,110.54261779785156,21207.355634229258,896.0667724609375,241.65252685546875,1920,1080,992.7828979492188,244.46087646484375,875.7637939453125,230.28103637695312,117.01910400390625,14.179840087890625,6.909155221946725,right,False,"{'safe_roi': (450, 80, 1500, 420), 'cylinder_roi': (800, 190, 1000, 300)}",ok_cylinder_inside_confirmed
2026-09-06 19:48:54,2026-09-06,4079036,3268,77,128.3194122314453,,41.712188720703125,0.7835323214530945,838.3473510742188,182.81558227539062,1021.3407592773438,299.6173400878906,182.993408203125,116.8017578125,21373.951746225357,929.8440551757812,241.21646118164062,1920,1080,833.1522827148438,202.89633178710938,961.1854248046875,211.4629364013672,128.03314208984375,8.566604614257812,3.8279134943358644,left,False,"{'safe_roi': (450, 80, 1500, 420), 'cylinder_roi': (800, 190, 1000, 300)}",ok_cylinder_inside_confirmed
2026-09-06 19:48:59,2026-09-06,4079176,3268,77,127.47136688232422,,42.72163391113281,0.8020742535591125,840.3179321289062,183.47561645507812,1024.1304931640625,297.8055419921875,183.81256103515625,114.32992553710938,21015.276415934786,932.2242431640625,240.6405792236328,1920,1080,833.6054077148438,202.31735229492188,960.9215087890625,208.60699462890625,127.31610107421875,6.289642333984375,2.8282143467043026,left,False,"{'safe_roi': (450, 80, 1500, 420), 'cylinder_roi': (800, 190, 1000, 300)}",ok_cylinder_inside_confirmed
2026-09-06 19:49:04,2026-09-06,4079317,3268,77,128.2712860107422,,44.2139892578125,0.7913397550582886,838.478271484375,182.09091186523438,1024.1307373046875,297.22845458984375,185.6524658203125,115.13754272460938,21375.568715315312,931.3045043945312,239.65968322753906,1920,1080,834.0703125,200.05230712890625,962.196533203125,206.15109252929688,128.126220703125,6.098785400390625,2.7252119834968718,left,False,"{'safe_roi': (450, 80, 1500, 420), 'cylinder_roi': (800, 190, 1000, 300)}",ok_cylinder_inside_confirmed
2026-09-06 19:49:09,2026-09-06,4079455,3268,77,127.37298583984375,,43.60762023925781,0.7924399971961975,839.57080078125,183.20191955566406,1025.2393798828125,297.88323974609375,185.6685791015625,114.68132019042969,21292.71776924841,932.4050903320312,240.54257202148438,1920,1080,833.0463256835938,203.3042449951172,960.2730712890625,209.4060821533203,127.22674560546875,6.101837158203125,2.745820681000781,left,False,"{'safe_roi': (450, 80, 1500, 420), 'cylinder_roi': (800, 190, 1000, 300)}",ok_cylinder_inside_confirmed
2026-09-06 19:49:14,2026-09-06,4079596,3268,77,129.2236785888672,,45.442138671875,0.7993984818458557,839.446044921875,183.94985961914062,1021.5447998046875,298.2945861816406,182.0987548828125,114.3447265625,20822.032334446907,930.4954223632812,241.12222290039062,1920,1080,831.6734008789062,201.77752685546875,960.86767578125,204.53433227539062,129.19427490234375,2.756805419921875,1.2224175457551818,left,False,"{'safe_roi': (450, 80, 1500, 420), 'cylinder_roi': (800, 190, 1000, 300)}",ok_cylinder_inside_confirmed
2026-09-06 19:49:19,2026-09-06,4079744,3268,77,129.51242065429688,,43.06135559082031,0.7836191058158875,839.4658203125,181.52020263671875,1019.5947265625,296.7999267578125,180.12890625,115.27972412109375,20765.21061873436,929.5302734375,239.16006469726562,1920,1080,831.3975830078125,200.40609741210938,960.6336669921875,208.86204528808594,129.236083984375,8.455947875976562,3.7435404611294,left,False,"{'safe_roi': (450, 80, 1500, 420), 'cylinder_roi': (800, 190, 1000, 300)}",ok_cylinder_inside_confirmed
2026-09-06 19:49:24,2026-09-06,4079885,3268,77,123.4228744506836,,44.8421630859375,0.7953526973724365,839.120361328125,182.3211669921875,1020.71142578125,297.9759826660156,181.591064453125,115.65481567382812,21001.881087340415,929.9158935546875,240.14857482910156,1920,1080,833.68798828125,203.0288543701172,956.977294921875,208.76925659179688,123.289306640625,5.7404022216796875,2.665790455812598,left,False,"{'safe_roi': (450, 80, 1500, 420), 'cylinder_roi': (800, 190, 1000, 300)}",ok_cylinder_inside_confirmed
2026-09-06 19:49:30,2026-09-06,4080019,3268,77,124.39242553710938,,47.84693908691406,0.7892563343048096,837.2848510742188,182.96275329589844,1021.3764038085938,297.61053466796875,184.091552734375,114.64778137207031,21105.688090335578,929.3306274414062,240.28665161132812,1920,1080,833.3519287109375,207.32510375976562,957.7340087890625,208.92921447753906,124.382080078125,1.6041107177734375,0.7388819911020025,left,False,"{'safe_roi': (450, 80, 1500, 420), 'cylinder_roi': (800, 190, 1000, 300)}",ok_cylinder_inside_confirmed
2026-09-06 19:49:35,2026-09-06,4080156,3268,77,132.4167022705078,,45.15191650390625,0.7644144892692566,835.5567016601562,184.97274780273438,1020.6874389648438,297.2932434082031,185.1307373046875,112.32049560546875,20793.976165868342,928.1220703125,241.13299560546875,1920,1080,831.8344116210938,203.05630493164062,963.91455078125,212.4914093017578,132.08013916015625,9.435104370117188,4.085965816366141,left,False,"{'safe_roi': (450, 80, 1500, 420), 'cylinder_roi': (800, 190, 1000, 300)}",ok_cylinder_inside_confirmed
2026-09-06 19:49:40,2026-09-06,4080293,3268,77,136.98379516601562,,44.22538757324219,0.7526879906654358,834.17138671875,185.45663452148438,1021.233642578125,297.52886962890625,187.062255859375,112.07223510742188,20964.48511839658,927.7025146484375,241.4927520751953,1920,1080,829.37841796875,200.623046875,965.9925537109375,210.6798095703125,136.6141357421875,10.0567626953125,4.210198193032118,left,False,"{'safe_roi': (450, 80, 1500, 420), 'cylinder_roi': (800, 190, 1000, 300)}",ok_cylinder_inside_confirmed
2026-09-06 19:49:45,2026-09-06,4080436,3268,77,133.26318359375,,45.53227233886719,0.7750793695449829,836.2505493164062,187.0115966796875,1021.0988159179688,297.18939208984375,184.8482666015625,110.17779541015625,20366.17449954897,928.6746826171875,242.10049438476562,1920,1080,830.601806640625,205.5566864013672,963.7955322265625,209.85867309570312,133.1937255859375,4.3019866943359375,1.8499371629547594,left,False,"{'safe_roi': (450, 80, 1500, 420), 'cylinder_roi': (800, 190, 1000, 300)}",ok_cylinder_inside_confirmed
2026-09-06 19:49:50,2026-09-06,4080577,3268,77,133.74288940429688,,44.103515625,0.7687585949897766,834.3583374023438,185.57127380371094,1021.2588500976562,296.72760009765625,186.9005126953125,111.15632629394531,20775.174373665825,927.80859375,241.14944458007812,1920,1080,829.08984375,206.991455078125,962.5775146484375,215.25003051757812,133.4876708984375,8.258575439453125,3.54024591549845,left,False,"{'safe_roi': (450, 80, 1500, 420), 'cylinder_roi': (800, 190, 1000, 300)}",ok_cylinder_inside_confirmed
2026-09-06 19:49:55,2026-09-06,4080712,3268,77,134.513671875,,40.74076843261719,0.775557279586792,832.361083984375,188.16494750976562,1020.8319091796875,296.3080749511719,188.4708251953125,108.14312744140625,20381.82446808368,926.5964965820312,242.23651123046875,1920,1080,827.2598876953125,204.91409301757812,961.5446166992188,212.75869750976562,134.28472900390625,7.8446044921875,3.343287759619348,left,False,"{'safe_roi': (450, 80, 1500, 420), 'cylinder_roi': (800, 190, 1000, 300)}",ok_cylinder_inside_confirmed
2026-09-06 19:50:00,2026-09-06,4080848,3268,77,134.00115966796875,,41.355621337890625,0.772688627243042,829.6611938476562,189.90359497070312,1019.7946166992188,298.5813903808594,190.1334228515625,108.67779541015625,20663.281229294837,924.7279052734375,244.24249267578125,1920,1080,828.3670654296875,206.48501586914062,962.02197265625,216.11196899414062,133.6549072265625,9.626953125,4.119810217088833,left,False,"{'safe_roi': (450, 80, 1500, 420), 'cylinder_roi': (800, 190, 1000, 300)}",ok_cylinder_inside_confirmed
2026-09-06 19:50:05,2026-09-06,4080987,3268,77,130.85202026367188,,42.22892761230469,0.7749393582344055,831.1277465820312,188.3333282470703,1021.1387329101562,299.04412841796875,190.010986328125,110.71080017089844,21036.268337648362,926.1332397460938,243.688720703125,1920,1080,826.8724975585938,207.97413635253906,957.638916015625,212.70639038085938,130.76641845703125,4.7322540283203125,2.072549797662779,left,False,"{'safe_roi': (450, 80, 1500, 420), 'cylinder_roi': (800, 190, 1000, 300)}",ok_cylinder_inside_confirmed
2026-09-06 19:50:10,2026-09-06,4081122,3268,77,133.8212890625,,40.48603820800781,0.7722381353378296,830.5564575195312,188.16677856445312,1019.7769165039062,296.39154052734375,189.220458984375,108.22476196289062,20478.339132092893,925.1666870117188,242.27915954589844,1920,1080,826.7967529296875,205.66510009765625,960.3027954101562,214.84521484375,133.50604248046875,9.18011474609375,3.933568734655682,left,False,"{'safe_roi': (450, 80, 1500, 420), 'cylinder_roi': (800, 190, 1000, 300)}",ok_cylinder_inside_confirmed
2026-09-06 19:50:15,2026-09-06,4081262,3268,77,130.2406005859375,,41.09870910644531,0.7666640281677246,829.1656494140625,186.18280029296875,1019.658447265625,295.43359375,190.4927978515625,109.25079345703125,20811.48931313306,924.4120483398438,240.80819702148438,1920,1080,828.6776733398438,208.02041625976562,958.678466796875,215.92025756835938,130.00079345703125,7.89984130859375,3.477453058390049,left,False,"{'safe_roi': (450, 80, 1500, 420), 'cylinder_roi': (800, 190, 1000, 300)}",ok_cylinder_inside_confirmed
2026-09-06 19:50:20,2026-09-06,4081405,3268,77,134.22483825683594,,41.618988037109375,0.762510359287262,830.1360473632812,189.82456970214844,1020.5979614257812,296.0138244628906,190.4619140625,106.18925476074219,20225.008714601398,925.3670043945312,242.919189453125,1920,1080,824.6270141601562,206.097900390625,958.5728759765625,214.74745178222656,133.94586181640625,8.649551391601562,3.6947439276106384,left,False,"{'safe_roi': (450, 80, 1500, 420), 'cylinder_roi': (800, 190, 1000, 300)}",ok_cylinder_inside_confirmed
2026-09-06 19:50:25,2026-09-06,4081546,3268,77,118.11243438720703,,40.35151672363281,0.7765380144119263,829.2335205078125,188.8624267578125,1020.2628173828125,294.9896240234375,191.029296875,106.127197265625,20273.403872966766,924.7481689453125,241.926025390625,1920,1080,836.2345581054688,208.3640594482422,954.250732421875,213.13156127929688,118.01617431640625,4.7675018310546875,2.3133209510283925,left,False,"{'safe_roi': (450, 80, 1500, 420), 'cylinder_roi': (800, 190, 1000, 300)}",ok_cylinder_inside_confirmed
2026-09-06 19:50:30,2026-09-06,4081684,3268,77,122.08385467529297,,39.99931335449219,0.7763123512268066,832.429443359375,187.5616455078125,1020.779541015625,295.0869445800781,188.35009765625,107.52529907226562,20252.400580778718,926.6044921875,241.3242950439453,1920,1080,834.3966064453125,205.8967742919922,956.2184448242188,213.8909912109375,121.82183837890625,7.9942169189453125,3.7544919300046855,left,False,"{'safe_roi': (450, 80, 1500, 420), 'cylinder_roi': (800, 190, 1000, 300)}",ok_cylinder_inside_confirmed
2026-09-06 19:50:35,2026-09-06,4081822,3268,77,123.70743560791016,,39.21290588378906,0.7763932347297668,830.0703735351562,187.94900512695312,1020.4121704101562,294.362548828125,190.341796875,106.41354370117188,20254.945119917393,925.2412719726562,241.15577697753906,1920,1080,833.8538208007812,203.85577392578125,957.3599853515625,210.90963745117188,123.50616455078125,7.053863525390625,3.2688086708640953,left,False,"{'safe_roi': (450, 80, 1500, 420), 'cylinder_roi': (800, 190, 1000, 300)}",ok_cylinder_inside_confirmed
2026-09-06 19:50:40,2026-09-06,4081961,3268,77,112.70172882080078,,35.914947509765625,0.7866647839546204,829.3977661132812,190.24424743652344,1021.9747924804688,296.51055908203125,192.5770263671875,106.26631164550781,20464.450299700722,925.686279296875,243.37741088867188,1920,1080,842.0321044921875,205.9485626220703,954.5814208984375,211.807861328125,112.54931640625,5.8592987060546875,2.9801184366090534,left,False,"{'safe_roi': (450, 80, 1500, 420), 'cylinder_roi': (800, 190, 1000, 300)}",ok_cylinder_inside_confirmed
2026-09-06 19:50:45,2026-09-06,4082104,3268,77,132.2394256591797,,35.48152160644531,0.7613677382469177,826.7135620117188,190.3230438232422,1020.9328002929688,295.03326416015625,194.21923828125,104.71022033691406,20336.739234097302,923.8231811523438,242.67816162109375,1920,1080,824.5052490234375,203.55792236328125,956.4391479492188,212.54185485839844,131.93389892578125,8.983932495117188,3.895496442120918,left,False,"{'safe_roi': (450, 80, 1500, 420), 'cylinder_roi': (800, 190, 1000, 300)}",ok_cylinder_inside_confirmed
2026-09-06 19:50:50,2026-09-06,4082245,3268,77,108.2177963256836,,33.91839599609375,0.7692268490791321,825.6570434570312,190.5076904296875,1015.8745727539062,297.41094970703125,190.217529296875,106.90325927734375,20334.87385351956,920.7658081054688,243.95932006835938,1920,1080,841.36376953125,209.23794555664062,949.394775390625,215.59353637695312,108.031005859375,6.3555908203125,3.3668971117619835,left,False,"{'safe_roi': (450, 80, 1500, 420), 'cylinder_roi': (800, 190, 1000, 300)}",ok_cylinder_inside_confirmed
2026-09-06 19:50:55,2026-09-06,4082389,3268,77,114.0621109008789,,28.1976318359375,0.8016835451126099,832.059814453125,188.59742736816406,1017.5511474609375,295.3661804199219,185.4913330078125,106.76875305175781,19804.678327152506,924.8054809570312,241.9818115234375,1920,1080,841.9945068359375,205.70387268066406,955.7725830078125,213.7484130859375,113.778076171875,8.044540405273438,4.04429813820315,left,False,"{'safe_roi': (450, 80, 1500, 420), 'cylinder_roi': (800, 190, 1000, 300)}",ok_cylinder_inside_confirmed
2026-09-06 19:51:03,2026-09-06,4082600,3268,77,130.3868865966797,,35.200958251953125,0.773551344871521,821.8010864257812,179.46014404296875,1009.5219116210938,298.4471435546875,187.7208251953125,118.98699951171875,22336.33773585409,915.6614990234375,238.95364379882812,1920,1080,822.3213500976562,201.72291564941406,952.699462890625,203.23486328125,130.37811279296875,1.5119476318359375,0.6644085674734865,left,False,"{'safe_roi': (450, 80, 1500, 420), 'cylinder_roi': (800, 190, 1000, 300)}",ok_cylinder_inside_confirmed
2026-09-06 19:51:08,2026-09-06,4082743,3268,77,119.9365463256836,,37.368316650390625,0.754238486289978,822.5580444335938,182.22669982910156,1008.3870239257812,296.01416015625,185.8289794921875,113.78746032714844,21145.007631601766,915.4725341796875,239.12042236328125,1920,1080,828.3739013671875,208.9422149658203,948.285400390625,211.3931427001953,119.9114990234375,2.450927734375,1.1709324419362548,left,False,"{'safe_roi': (450, 80, 1500, 420), 'cylinder_roi': (800, 190, 1000, 300)}",ok_cylinder_inside_confirmed
2026-09-06 19:51:13,2026-09-06,4082881,3268,77,128.1839599609375,,41.250335693359375,0.7706297039985657,808.4013671875,181.2398223876953,1000.9503173828125,296.319580078125,192.5489501953125,115.07975769042969,22158.486532023177,904.6758422851562,238.77969360351562,1920,1080,810.7098388671875,203.76776123046875,938.8687133789062,206.30349731445312,128.15887451171875,2.535736083984375,1.1334995063336968,left,False,"{'safe_roi': (450, 80, 1500, 420), 'cylinder_roi': (800, 190, 1000, 300)}",ok_cylinder_inside_confirmed
2026-09-06 19:51:18,2026-09-06,4083016,3268,77,123.59577941894531,,37.55078125,0.7456936240196228,847.9432983398438,186.59954833984375,1034.050048828125,294.2428283691406,186.10675048828125,107.64328002929688,20033.14105815254,940.9967041015625,240.4211883544922,1920,1080,832.5827026367188,242.89163208007812,953.7477416992188,218.50003051757812,121.1650390625,24.3916015625,11.382024711023991,left,False,"{'safe_roi': (450, 80, 1500, 420), 'cylinder_roi': (800, 190, 1000, 300)}",ok_cylinder_inside_confirmed
2026-09-06 19:51:23,2026-09-06,4083151,3268,77,105.45999145507812,,36.30596923828125,0.7814428806304932,848.3724365234375,188.86363220214844,1030.886474609375,300.64788818359375,182.5140380859375,111.78425598144531,20402.195953605697,939.6294555664062,244.75576782226562,1920,1080,861.3081665039062,224.36761474609375,966.7383422851562,221.85992431640625,105.43017578125,2.5076904296875,1.3625415192377632,left,False,"{'safe_roi': (450, 80, 1500, 420), 'cylinder_roi': (800, 190, 1000, 300)}",ok_cylinder_inside_confirmed
2026-09-06 19:51:28,2026-09-06,4083288,3268,77,102.04161834716797,,36.04899597167969,0.7654922008514404,852.8270874023438,187.734130859375,1027.8472900390625,301.2563781738281,175.02020263671875,113.52224731445312,19868.686728751287,940.337158203125,244.49525451660156,1920,1080,863.2294921875,216.124755859375,965.2615966796875,214.73153686523438,102.0321044921875,1.393218994140625,0.7823087455075645,left,False,"{'safe_roi': (450, 80, 1500, 420), 'cylinder_roi': (800, 190, 1000, 300)}",ok_cylinder_inside_confirmed
2026-09-06 19:51:33,2026-09-06,4083423,3268,77,103.13217163085938,,37.48023986816406,0.7665121555328369,853.3461303710938,187.13665771484375,1027.142822265625,300.8744812011719,173.79669189453125,113.73782348632812,19767.25746520795,940.2445068359375,244.0055694580078,1920,1080,863.8549194335938,216.70193481445312,966.95556640625,219.251708984375,103.10064697265625,2.549774169921875,1.4166887387439735,left,False,"{'safe_roi': (450, 80, 1500, 420), 'cylinder_roi': (800, 190, 1000, 300)}",ok_cylinder_inside_confirmed
2026-09-06 19:51:38,2026-09-06,4083564,3268,77,98.37095642089844,,36.85765075683594,0.7492384910583496,851.7725830078125,187.68167114257812,1026.8358154296875,300.3465881347656,175.063232421875,112.6649169921875,19723.484549194574,939.30419921875,244.01412963867188,1920,1080,864.7982177734375,213.57681274414062,963.1382446289062,216.04336547851562,98.34002685546875,2.466552734375,1.4367846119895455,left,False,"{'safe_roi': (450, 80, 1500, 420), 'cylinder_roi': (800, 190, 1000, 300)}",ok_cylinder_inside_confirmed
2026-09-06 19:51:43,2026-09-06,4083701,3268,77,95.06983184814453,,37.1424560546875,0.7571873068809509,852.9816284179688,188.25576782226562,1029.2640380859375,300.3135681152344,176.28240966796875,112.05780029296875,19753.819057736546,941.122802734375,244.28466796875,1920,1080,864.9354248046875,215.18881225585938,959.98046875,217.35964965820312,95.0450439453125,2.17083740234375,1.3084132993423923,left,False,"{'safe_roi': (450, 80, 1500, 420), 'cylinder_roi': (800, 190, 1000, 300)}",ok_cylinder_inside_confirmed
2026-09-06 19:51:48,2026-09-06,4083838,3268,77,99.66407012939453,,38.021453857421875,0.7622361183166504,849.5777587890625,186.59938049316406,1025.108642578125,299.8189697265625,175.5308837890625,113.21958923339844,19873.534560373053,937.3432006835938,243.20916748046875,1920,1080,863.4431762695312,215.68553161621094,963.0142822265625,219.98927307128906,99.57110595703125,4.303741455078125,2.4749432352085243,left,False,"{'safe_roi': (450, 80, 1500, 420), 'cylinder_roi': (800, 190, 1000, 300)}",ok_cylinder_inside_confirmed
2026-09-06 19:51:53,2026-09-06,4083979,3268,77,100.91991424560547,,37.9588623046875,0.7528970241546631,850.4960327148438,186.3084716796875,1026.32861328125,300.3106384277344,175.83258056640625,114.00216674804688,20045.29516947083,938.412353515625,243.30955505371094,1920,1080,862.1746215820312,214.52481079101562,963.0523071289062,217.44412231445312,100.877685546875,2.9193115234375,1.6576268462447252,left,False,"{'safe_roi': (450, 80, 1500, 420), 'cylinder_roi': (800, 190, 1000, 300)}",ok_cylinder_inside_confirmed
2026-09-06 19:51:58,2026-09-06,4084123,3268,77,97.23174285888672,,37.252197265625,0.7462919354438782,850.496826171875,189.27813720703125,1028.1810302734375,301.6012878417969,177.6842041015625,112.32315063476562,19958.049622718245,939.3389282226562,245.43971252441406,1920,1080,865.1300659179688,212.6633758544922,962.3350830078125,214.9429168701172,97.20501708984375,2.279541015625,1.3433889413102325,left,False,"{'safe_roi': (450, 80, 1500, 420), 'cylinder_roi': (800, 190, 1000, 300)}",ok_cylinder_inside_confirmed
2026-09-06 19:52:03,2026-09-06,4084261,3268,77,102.23543548583984,,37.673797607421875,0.7711028456687927,852.0172729492188,186.81170654296875,1029.290283203125,299.7226257324219,177.27301025390625,112.91091918945312,20016.058535249904,940.65380859375,243.2671661376953,1920,1080,861.811767578125,215.81649780273438,963.9175415039062,220.96377563476562,102.10577392578125,5.14727783203125,2.885907828511316,left,False,"{'safe_roi': (450, 80, 1500, 420), 'cylinder_roi': (800, 190, 1000, 300)}",ok_cylinder_inside_confirmed
2026-09-06 19:52:08,2026-09-06,4084404,3268,77,102.01856994628906,,37.245635986328125,0.7660471200942993,850.7371215820312,188.9314422607422,1026.8779296875,300.5893249511719,176.14080810546875,111.65788269042969,19667.509688437916,938.8074951171875,244.7603759765625,1920,1080,861.3836059570312,215.57553100585938,963.233154296875,221.44558715820312,101.84954833984375,5.87005615234375,3.298569200787216,left,False,"{'safe_roi': (450, 80, 1500, 420), 'cylinder_roi': (800, 190, 1000, 300)}",ok_cylinder_inside_confirmed
2026-09-06 19:52:13,2026-09-06,4084554,3268,77,99.66387176513672,,38.93646240234375,0.765099048614502,851.5640869140625,188.6864471435547,1027.9246826171875,301.8753662109375,176.360595703125,113.18891906738281,19962.065193716437,939.744384765625,245.28091430664062,1920,1080,863.2313842773438,214.59933471679688,962.7255859375,220.41233825683594,99.49420166015625,5.8130035400390625,3.343736272777683,left,False,"{'safe_roi': (450, 80, 1500, 420), 'cylinder_roi': (800, 190, 1000, 300)}",ok_cylinder_inside_confirmed
2026-09-06 19:52:18,2026-09-06,4084696,3268,77,100.95245361328125,,37.792205810546875,0.7720298767089844,850.2243041992188,189.09881591796875,1029.0289306640625,300.8263854980469,178.80462646484375,111.72756958007812,19977.40634459071,939.6265869140625,244.9626007080078,1920,1080,861.5248413085938,216.53367614746094,962.4158935546875,220.05401611328125,100.89105224609375,3.5203399658203125,1.998381639056597,left,False,"{'safe_roi': (450, 80, 1500, 420), 'cylinder_roi': (800, 190, 1000, 300)}",ok_cylinder_inside_confirmed
2026-09-06 19:52:23,2026-09-06,4084839,3268,77,100.71409606933594,,36.552825927734375,0.756467878818512,848.5670166015625,192.13446044921875,1026.2386474609375,301.18365478515625,177.671630859375,109.0491943359375,19374.948201566935,937.40283203125,246.6590576171875,1920,1080,859.881591796875,214.14529418945312,960.560302734375,216.814697265625,100.6787109375,2.669403076171875,1.5187888653319017,left,False,"{'safe_roi': (450, 80, 1500, 420), 'cylinder_roi': (800, 190, 1000, 300)}",ok_cylinder_inside_confirmed
2026-09-06 19:52:28,2026-09-06,4084978,3268,77,103.83048248291016,,38.680633544921875,0.7670494318008423,850.0012817382812,192.41287231445312,1028.2808837890625,302.71319580078125,178.27960205078125,110.30032348632812,19664.29777721502,939.14111328125,247.5630340576172,1920,1080,855.0125732421875,213.1019287109375,958.752685546875,217.43295288085938,103.7401123046875,4.331024169921875,2.3906411836459855,left,False,"{'safe_roi': (450, 80, 1500, 420), 'cylinder_roi': (800, 190, 1000, 300)}",ok_cylinder_inside_confirmed
2026-09-06 19:52:33,2026-09-06,4085119,3268,77,99.04605102539062,,36.64817810058594,0.7648888826370239,852.6732788085938,189.95982360839844,1027.713134765625,300.8666687011719,175.03985595703125,110.90684509277344,19413.11818968784,940.1932373046875,245.41323852539062,1920,1080,862.4375,214.3985595703125,961.4793701171875,215.30838012695312,99.0418701171875,0.909820556640625,0.5263169172281963,left,False,"{'safe_roi': (450, 80, 1500, 420), 'cylinder_roi': (800, 190, 1000, 300)}",ok_cylinder_inside_confirmed
2026-09-06 19:52:38,2026-09-06,4085266,3268,77,98.6033935546875,,37.347076416015625,0.7663114070892334,878.46728515625,192.04576110839844,1045.0478515625,307.42413330078125,166.58056640625,115.37837219238281,19219.794590838253,961.757568359375,249.73495483398438,1920,1080,883.7308349609375,214.35313415527344,982.1458740234375,220.44491577148438,98.4150390625,6.0917816162109375,3.5420260056621475,left,False,"{'safe_roi': (450, 80, 1500, 420), 'cylinder_roi': (800, 190, 1000, 300)}",ok_cylinder_inside_confirmed
2026-09-06 19:53:19,2026-09-06,4086406,3268,78,99.99527740478516,,34.4334716796875,0.7718343734741211,848.00732421875,188.60635375976562,1024.6710205078125,300.4311218261719,176.6636962890625,111.82476806640625,19755.37686327845,936.3391723632812,244.51873779296875,1920,1080,856.8670043945312,211.74542236328125,956.8464965820312,213.52200317382812,99.9794921875,1.776580810546875,1.0180074796876768,left,False,"{'safe_roi': (450, 80, 1500, 420), 'cylinder_roi': (800, 190, 1000, 300)}",ok_cylinder_inside_confirmed
2026-09-06 19:53:24,2026-09-06,4086549,3268,78,101.7469253540039,,34.893280029296875,0.7719047665596008,849.8704223632812,189.03097534179688,1026.052978515625,301.23187255859375,176.18255615234375,112.20089721679688,19767.840874241665,937.961669921875,245.1314239501953,1920,1080,856.674072265625,213.33187866210938,958.2404174804688,219.39117431640625,101.56634521484375,6.059295654296875,3.4141335579281495,left,False,"{'safe_roi': (450, 80, 1500, 420), 'cylinder_roi': (800, 190, 1000, 300)}",ok_cylinder_inside_confirmed
2026-09-06 19:53:29,2026-09-06,4086684,3268,78,87.52184295654297,,34.851776123046875,0.7191163301467896,869.3553466796875,188.57090759277344,1022.2110595703125,301.2098388671875,152.855712890625,112.63893127441406,17217.504139188677,945.783203125,244.890380859375,1920,1080,874.1036376953125,214.36256408691406,961.624267578125,214.82345581054688,87.5206298828125,0.4608917236328125,0.30172207982019855,left,False,"{'safe_roi': (450, 80, 1500, 420), 'cylinder_roi': (800, 190, 1000, 300)}",ok_cylinder_inside_confirmed
2026-09-06 19:53:35,2026-09-06,4086826,3268,78,83.93109893798828,,35.92529296875,0.7251938581466675,868.5696411132812,188.17880249023438,1022.4240112304688,300.7226257324219,153.8543701171875,112.5438232421875,17315.359035506845,945.496826171875,244.45071411132812,1920,1080,876.8072509765625,213.1358642578125,960.7098999023438,215.3208770751953,83.90264892578125,2.1850128173828125,1.491773192688543,left,False,"{'safe_roi': (450, 80, 1500, 420), 'cylinder_roi': (800, 190, 1000, 300)}",ok_cylinder_inside_confirmed
2026-09-06 19:53:40,2026-09-06,4086968,3268,78,81.47779846191406,,35.47624206542969,0.7303056716918945,868.9576416015625,188.62835693359375,1023.025390625,301.2913818359375,154.0677490234375,112.66302490234375,17357.738644875586,945.9915161132812,244.95986938476562,1920,1080,874.9117431640625,210.7970428466797,956.3209228515625,214.1401824951172,81.4091796875,3.3431396484375,2.3515803244355675,left,False,"{'safe_roi': (450, 80, 1500, 420), 'cylinder_roi': (800, 190, 1000, 300)}",ok_cylinder_inside_confirmed
2026-09-06 19:53:45,2026-09-06,4087102,3268,78,90.99978637695312,,40.495330810546875,0.6960733532905579,868.4075317382812,190.01119995117188,1021.8637084960938,303.80712890625,153.4561767578125,113.79592895507812,17462.688188049942,945.1356201171875,246.90916442871094,1920,1080,867.3695678710938,214.05514526367188,958.368896484375,214.3445587158203,90.99932861328125,0.2894134521484375,0.18222237115946155,left,False,"{'safe_roi': (450, 80, 1500, 420), 'cylinder_roi': (800, 190, 1000, 300)}",ok_cylinder_inside_confirmed
2026-09-06 19:53:50,2026-09-06,4087246,3268,78,90.3407211303711,,36.054534912109375,0.7192186117172241,867.9514770507812,188.9167022705078,1021.7704467773438,301.2962341308594,153.8189697265625,112.37953186035156,17286.103809112683,944.8609619140625,245.10647583007812,1920,1080,870.0829467773438,208.9624786376953,960.2249755859375,214.95086669921875,90.14202880859375,5.9883880615234375,3.8007347813398558,left,False,"{'safe_roi': (450, 80, 1500, 420), 'cylinder_roi': (800, 190, 1000, 300)}",ok_cylinder_inside_confirmed
2026-09-06 19:53:55,2026-09-06,4087384,3268,78,90.23117065429688,,35.26185607910156,0.7372588515281677,868.6652221679688,190.48277282714844,1021.4192504882812,300.97320556640625,152.7540283203125,110.49043273925781,16877.85869177617,945.042236328125,245.72799682617188,1920,1080,868.9384765625,207.8812255859375,958.981689453125,213.7022705078125,90.043212890625,5.821044921875,3.698866717724908,left,False,"{'safe_roi': (450, 80, 1500, 420), 'cylinder_roi': (800, 190, 1000, 300)}",ok_cylinder_inside_confirmed
2026-09-06 19:54:00,2026-09-06,4087522,3268,78,79.62369537353516,,36.493377685546875,0.7661152482032776,867.97802734375,188.9032745361328,1022.806884765625,303.4498596191406,154.828857421875,114.54658508300781,17735.11688997969,945.3924560546875,246.17657470703125,1920,1080,879.3138427734375,208.9135284423828,958.7207641601562,214.78497314453125,79.40692138671875,5.8714447021484375,4.228824327919875,left,False,"{'safe_roi': (450, 80, 1500, 420), 'cylinder_roi': (800, 190, 1000, 300)}",ok_cylinder_inside_confirmed
2026-09-06 19:54:05,2026-09-06,4087663,3268,78,80.73992919921875,,36.85441589355469,0.772533655166626,868.2172241210938,189.110595703125,1022.9042358398438,305.21142578125,154.68701171875,116.100830078125,17959.290462851524,945.5607299804688,247.1610107421875,1920,1080,876.07421875,206.56167602539062,956.6265258789062,212.06272888183594,80.55230712890625,5.5010528564453125,3.9067595234903534,left,False,"{'safe_roi': (450, 80, 1500, 420), 'cylinder_roi': (800, 190, 1000, 300)}",ok_cylinder_inside_confirmed
2026-09-06 19:54:10,2026-09-06,4087804,3268,78,82.91439819335938,,36.257476806640625,0.7547021508216858,866.9247436523438,188.430419921875,1021.6237182617188,305.2761535644531,154.698974609375,116.84573364257812,18075.915181986988,944.2742309570312,246.85328674316406,1920,1080,874.9243774414062,206.23947143554688,957.6267700195312,212.16494750976562,82.702392578125,5.92547607421875,4.098135470678633,left,False,"{'safe_roi': (450, 80, 1500, 420), 'cylinder_roi': (800, 190, 1000, 300)}",ok_cylinder_inside_confirmed
2026-09-06 19:54:15,2026-09-06,4087952,3268,78,101.3095474243164,,37.54789733886719,0.7353647947311401,864.820068359375,194.0799560546875,1024.88525390625,306.6688232421875,160.065185546875,112.5888671875,18021.557916879654,944.8526611328125,250.3743896484375,1920,1080,868.1258544921875,204.11270141601562,968.828857421875,215.18197631835938,100.7030029296875,11.06927490234375,6.2727700482633315,left,False,"{'safe_roi': (450, 80, 1500, 420), 'cylinder_roi': (800, 190, 1000, 300)}",ok_cylinder_inside_confirmed
2026-09-06 19:54:53,2026-09-06,4089048,3268,79,98.26917266845703,,37.839111328125,0.7642035484313965,861.9207763671875,195.21531677246094,1035.515869140625,313.5295715332031,173.5950927734375,118.31425476074219,20538.77403161116,948.7183227539062,254.3724365234375,1920,1080,871.3270263671875,214.58892822265625,969.2847900390625,222.40597534179688,97.957763671875,7.817047119140625,4.56254501177623,left,False,"{'safe_roi': (450, 80, 1500, 420), 'cylinder_roi': (800, 190, 1000, 300)}",ok_cylinder_inside_confirmed
2026-09-06 19:55:08,2026-09-06,4089472,3268,79,93.9630126953125,,34.267822265625,0.8070523142814636,865.8253173828125,192.4409637451172,1023.6044921875,301.23931884765625,157.7791748046875,108.79835510253906,17166.114688185975,944.7149047851562,246.84014892578125,1920,1080,875.2445068359375,216.55953979492188,968.9656982421875,223.29644775390625,93.72119140625,6.736907958984375,4.1114887184326525,left,False,"{'safe_roi': (450, 80, 1500, 420), 'cylinder_roi': (800, 190, 1000, 300)}",ok_cylinder_inside_confirmed
2026-09-06 19:55:13,2026-09-06,4089613,3268,79,87.00410461425781,,35.4520263671875,0.7711616158485413,867.8068237304688,192.0245361328125,1024.320068359375,301.29803466796875,156.51324462890625,109.27349853515625,17102.74980768934,946.0634765625,246.66128540039062,1920,1080,879.2816162109375,206.56044006347656,965.8059692382812,215.68458557128906,86.52435302734375,9.1241455078125,6.019693558908093,left,False,"{'safe_roi': (450, 80, 1500, 420), 'cylinder_roi': (800, 190, 1000, 300)}",ok_cylinder_inside_confirmed
2026-09-06 19:55:18,2026-09-06,4089752,3268,79,89.30731201171875,,35.69856262207031,0.7821494340896606,868.004150390625,190.77426147460938,1024.2337646484375,302.024169921875,156.2296142578125,111.24990844726562,17380.530282933265,946.1189575195312,246.3992156982422,1920,1080,877.6575927734375,204.708740234375,966.248046875,216.0015411376953,88.5904541015625,11.292800903320312,7.264428891682441,left,False,"{'safe_roi': (450, 80, 1500, 420), 'cylinder_roi': (800, 190, 1000, 300)}",ok_cylinder_inside_confirmed
2026-09-06 19:55:23,2026-09-06,4089889,3268,79,91.02391815185547,,36.36174011230469,0.782950758934021,867.0635375976562,189.36509704589844,1023.2944946289062,303.1752014160156,156.23095703125,113.81010437011719,17780.661525569856,945.1790161132812,246.2701416015625,1920,1080,875.8621826171875,208.8254852294922,966.4326171875,217.900146484375,90.5704345703125,9.074661254882812,5.72162777472952,left,False,"{'safe_roi': (450, 80, 1500, 420), 'cylinder_roi': (800, 190, 1000, 300)}",ok_cylinder_inside_confirmed
2026-09-06 19:55:28,2026-09-06,4090032,3268,79,90.5518569946289,,33.400543212890625,0.7919483780860901,867.5069580078125,190.18853759765625,1024.1976318359375,304.02191162109375,156.690673828125,113.8333740234375,17836.628079861403,945.852294921875,247.105224609375,1920,1080,878.6774291992188,205.93478393554688,968.5731201171875,216.81613159179688,89.89569091796875,10.88134765625,6.901742340667076,left,False,"{'safe_roi': (450, 80, 1500, 420), 'cylinder_roi': (800, 190, 1000, 300)}",ok_cylinder_inside_confirmed
2026-09-06 19:55:33,2026-09-06,4090178,3268,79,88.5024185180664,,36.86094665527344,0.7961470484733582,865.77197265625,189.35421752929688,1023.647705078125,303.9391784667969,157.875732421875,114.5849609375,18090.18463253975,944.7098388671875,246.64669799804688,1920,1080,878.131591796875,207.0902099609375,965.7239990234375,219.74911499023438,87.5924072265625,12.658905029296875,8.223481995221068,left,False,"{'safe_roi': (450, 80, 1500, 420), 'cylinder_roi': (800, 190, 1000, 300)}",ok_cylinder_inside_confirmed
2026-09-06 19:55:38,2026-09-06,4090321,3268,79,89.88494110107422,,35.157196044921875,0.7885816097259521,866.0708618164062,189.98155212402344,1023.8820190429688,306.5845947265625,157.8111572265625,116.60304260253906,18401.261089244857,944.9764404296875,248.2830810546875,1920,1080,877.0189208984375,206.77896118164062,966.1832275390625,218.13803100585938,89.164306640625,11.35906982421875,7.2600777839766435,left,False,"{'safe_roi': (450, 80, 1500, 420), 'cylinder_roi': (800, 190, 1000, 300)}",ok_cylinder_inside_confirmed
2026-09-06 19:55:43,2026-09-06,4090459,3268,79,83.00920867919922,,33.109130859375,0.7458529472351074,891.83349609375,190.97586059570312,1039.7310791015625,305.94696044921875,147.8975830078125,114.97109985351562,17003.947784084827,965.7822875976562,248.46141052246094,1920,1080,893.149658203125,222.43162536621094,976.15869140625,222.25990295410156,83.009033203125,0.171722412109375,0.11852873171059744,left,False,"{'safe_roi': (450, 80, 1500, 420), 'cylinder_roi': (800, 190, 1000, 300)}",ok_cylinder_inside_confirmed
2026-09-06 20:02:37,2026-09-06,4102025,3268,80,133.47921752929688,,37.413818359375,0.7985716462135315,835.9811401367188,183.64266967773438,1035.156982421875,294.8691711425781,199.17584228515625,111.22650146484375,22153.63211369142,935.569091796875,239.25592041015625,1920,1080,829.7935180664062,207.14697265625,962.888671875,217.26535034179688,133.09515380859375,10.118377685546875,4.347470886125716,left,False,"{'safe_roi': (450, 80, 1500, 420), 'cylinder_roi': (800, 190, 1000, 300)}",ok_cylinder_inside_confirmed
2026-09-06 20:02:42,2026-09-06,4102166,3268,80,123.09004974365234,,43.315826416015625,0.8063249588012695,838.5051879882812,183.35922241210938,1035.5906982421875,295.41046142578125,197.08551025390625,112.05123901367188,22083.67561559193,937.0479736328125,239.3848419189453,1920,1080,835.1844482421875,204.5949249267578,957.8424682617188,214.89883422851562,122.65802001953125,10.303909301757812,4.801868179082922,left,False,"{'safe_roi': (450, 80, 1500, 420), 'cylinder_roi': (800, 190, 1000, 300)}",ok_cylinder_inside_confirmed
2026-09-06 20:02:47,2026-09-06,4102312,3268,80,130.41925048828125,,42.886810302734375,0.7968428134918213,839.93701171875,184.33523559570312,1035.2666015625,297.06512451171875,195.32958984375,112.72988891601562,22019.48296509683,937.601806640625,240.70018005371094,1920,1080,833.012451171875,204.08560180664062,962.9178466796875,215.65150451660156,129.9053955078125,11.565902709960938,5.087815577606677,left,False,"{'safe_roi': (450, 80, 1500, 420), 'cylinder_roi': (800, 190, 1000, 300)}",ok_cylinder_inside_confirmed
2026-09-06 20:02:52,2026-09-06,4102450,3268,80,124.60295867919922,,44.131622314453125,0.7922112941741943,840.4758911132812,181.564453125,1017.9354858398438,295.6867370605469,177.4595947265625,114.12228393554688,20252.094256471843,929.2056884765625,238.62559509277344,1920,1080,835.783935546875,202.31768798828125,959.91650390625,213.1344451904297,124.132568359375,10.816757202148438,4.980103284865691,left,False,"{'safe_roi': (450, 80, 1500, 420), 'cylinder_roi': (800, 190, 1000, 300)}",ok_cylinder_inside_confirmed
2026-09-06 20:02:57,2026-09-06,4102594,3268,80,121.89649200439453,,40.055572509765625,0.7931880950927734,834.6298828125,185.74972534179688,1017.2882080078125,296.68756103515625,182.6583251953125,110.93783569335938,20263.719268541783,925.9590454101562,241.21864318847656,1920,1080,836.0782470703125,201.2044219970703,957.6162109375,210.54669189453125,121.5379638671875,9.342269897460938,4.395516532569586,left,False,"{'safe_roi': (450, 80, 1500, 420), 'cylinder_roi': (800, 190, 1000, 300)}",ok_cylinder_inside_confirmed
2026-09-06 20:03:02,2026-09-06,4102741,3268,80,131.48095703125,,39.673095703125,0.7764219045639038,833.3131103515625,187.70188903808594,1012.238525390625,298.74462890625,178.9254150390625,111.04273986816406,19868.368317985907,922.7758178710938,243.2232666015625,1920,1080,829.1370849609375,202.74830627441406,959.962646484375,215.85995483398438,130.8255615234375,13.111648559570312,5.723207890178156,left,False,"{'safe_roi': (450, 80, 1500, 420), 'cylinder_roi': (800, 190, 1000, 300)}",ok_cylinder_inside_confirmed
2026-09-06 20:03:07,2026-09-06,4102883,3268,80,127.00914001464844,,37.419921875,0.7847669720649719,833.574951171875,185.61929321289062,1010.91259765625,298.42852783203125,177.337646484375,112.80923461914062,20005.324169062078,922.2437744140625,242.02391052246094,1920,1080,830.7379760742188,204.6037139892578,957.432373046875,213.53968811035156,126.69439697265625,8.93597412109375,4.034488749493433,left,False,"{'safe_roi': (450, 80, 1500, 420), 'cylinder_roi': (800, 190, 1000, 300)}",ok_cylinder_inside_confirmed
2026-09-06 20:03:12,2026-09-06,4103023,3268,80,118.97328186035156,,40.68470764160156,0.7792520523071289,831.54052734375,187.89599609375,1011.4351806640625,294.0179443359375,179.8946533203125,106.1219482421875,19090.771088704467,921.4878540039062,240.95697021484375,1920,1080,834.477783203125,207.7725830078125,953.2344970703125,214.94781494140625,118.7567138671875,7.17523193359375,3.4575842466310927,left,False,"{'safe_roi': (450, 80, 1500, 420), 'cylinder_roi': (800, 190, 1000, 300)}",ok_cylinder_inside_confirmed
2026-09-06 20:03:17,2026-09-06,4103161,3268,80,120.27494049072266,,37.95750427246094,0.7970157861709595,830.892822265625,185.54405212402344,1010.4447021484375,295.73968505859375,179.5518798828125,110.19563293457031,19785.833048278466,920.6687622070312,240.64187622070312,1920,1080,837.3675537109375,204.07769775390625,956.78955078125,218.376220703125,119.4219970703125,14.29852294921875,6.827582853013142,left,False,"{'safe_roi': (450, 80, 1500, 420), 'cylinder_roi': (800, 190, 1000, 300)}",ok_cylinder_inside_confirmed
2026-09-06 20:03:22,2026-09-06,4103308,3268,80,123.28221130371094,,36.34759521484375,0.7769708633422852,830.380126953125,186.2898406982422,1011.446044921875,297.8046569824219,181.06591796875,111.51481628417969,20191.532577611506,920.9130859375,242.0472412109375,1920,1080,831.6355590820312,202.93348693847656,954.6453857421875,211.12405395507812,123.00982666015625,8.190567016601562,3.8093967462441563,left,False,"{'safe_roi': (450, 80, 1500, 420), 'cylinder_roi': (800, 190, 1000, 300)}",ok_cylinder_inside_confirmed
2026-09-06 20:03:28,2026-09-06,4103448,3268,80,111.33587646484375,,38.28694152832031,0.7825963497161865,832.4017944335938,188.04798889160156,1013.6697387695312,297.1649169921875,181.2679443359375,109.11692810058594,19779.401249045506,923.0357666015625,242.6064453125,1920,1080,838.4949340820312,204.59814453125,949.1866455078125,216.557373046875,110.69171142578125,11.959228515625,6.166366965145695,left,False,"{'safe_roi': (450, 80, 1500, 420), 'cylinder_roi': (800, 190, 1000, 300)}",ok_cylinder_inside_confirmed
2026-09-06 20:03:33,2026-09-06,4103596,3268,80,108.69056701660156,,39.87214660644531,0.789474606513977,833.1766967773438,188.32643127441406,1012.5584106445312,293.8140869140625,179.3817138671875,105.48765563964844,18922.556460471824,922.8675537109375,241.07025146484375,1920,1080,833.5321044921875,202.78318786621094,941.8673095703125,211.5651092529297,108.335205078125,8.78192138671875,4.6344051436971085,left,False,"{'safe_roi': (450, 80, 1500, 420), 'cylinder_roi': (800, 190, 1000, 300)}",ok_cylinder_inside_confirmed
2026-09-06 20:03:38,2026-09-06,4103729,3268,80,116.74107360839844,,29.998260498046875,0.7705194354057312,841.1018676757812,188.49227905273438,1010.3532104492188,296.9561767578125,169.2513427734375,108.46389770507812,18357.66032902524,925.7275390625,242.72422790527344,1920,1080,833.2064208984375,206.6240997314453,949.8179931640625,212.12127685546875,116.611572265625,5.4971771240234375,2.6989778185908357,left,False,"{'safe_roi': (450, 80, 1500, 420), 'cylinder_roi': (800, 190, 1000, 300)}",ok_cylinder_inside_confirmed
2026-09-06 20:04:26,2026-09-06,4105056,3268,81,109.51264953613281,,27.181472778320312,0.783416211605072,752.0926513671875,186.38531494140625,941.516357421875,305.5826721191406,189.4237060546875,119.19735717773438,22578.80514853075,846.8045043945312,245.98399353027344,1920,1080,930.5582275390625,217.05975341796875,821.1614379882812,222.09588623046875,109.39678955078125,5.0361328125,2.6357773191052347,right,False,"{'safe_roi': (450, 80, 1500, 420), 'cylinder_roi': (800, 190, 1000, 300)}",ok_cylinder_inside_confirmed
2026-09-06 20:06:15,2026-09-06,2273,1,82,109.5921859741211,,43.33427429199219,0.7939671874046326,866.9346313476562,188.09898376464844,1056.0745849609375,306.0313415527344,189.13995361328125,117.93235778808594,22305.720681543462,961.504638671875,247.06515502929688,1920,1080,869.5418701171875,210.0458526611328,978.848876953125,217.94679260253906,109.3070068359375,7.90093994140625,4.134269130533453,left,False,"{'safe_roi': (450, 80, 1500, 420), 'cylinder_roi': (800, 190, 1000, 300)}",ok_cylinder_inside_confirmed
2026-09-06 20:06:20,2026-09-06,2412,1,82,107.8902359008789,,41.29438781738281,0.7969160676002502,869.7880859375,188.62582397460938,1047.448486328125,305.72064208984375,177.660400390625,117.09481811523438,20803.11227001995,958.6182861328125,247.17323303222656,1920,1080,869.6033325195312,208.78746032714844,977.2649536132812,215.80728149414062,107.66162109375,7.0198211669921875,3.7305549903925375,left,False,"{'safe_roi': (450, 80, 1500, 420), 'cylinder_roi': (800, 190, 1000, 300)}",ok_cylinder_inside_confirmed
2026-09-06 20:06:25,2026-09-06,2554,1,82,113.78434753417969,,43.39862060546875,0.7851117253303528,867.8964233398438,187.6164093017578,1050.8592529296875,305.3515625,182.96282958984375,117.73515319824219,21541.156771344133,959.3778076171875,246.48397827148438,1920,1080,865.85302734375,206.29039001464844,979.1002197265625,217.33351135253906,113.2471923828125,11.043121337890625,5.569498897714012,left,False,"{'safe_roi': (450, 80, 1500, 420), 'cylinder_roi': (800, 190, 1000, 300)}",ok_cylinder_inside_confirmed
2026-09-06 20:06:30,2026-09-06,2691,1,82,110.4107666015625,,41.52052307128906,0.7932102680206299,868.4647216796875,187.80128479003906,1049.7222900390625,306.340087890625,181.257568359375,118.53880310058594,21486.05520624295,959.093505859375,247.0706787109375,1920,1080,869.1663818359375,208.60598754882812,979.3234252929688,216.08682250976562,110.15704345703125,7.4808349609375,3.885027801308999,left,False,"{'safe_roi': (450, 80, 1500, 420), 'cylinder_roi': (800, 190, 1000, 300)}",ok_cylinder_inside_confirmed
2026-09-06 20:06:35,2026-09-06,2838,1,82,111.7846450805664,,42.83404541015625,0.7839653491973877,868.285888671875,187.63063049316406,1046.005859375,305.54766845703125,177.719970703125,117.91703796386719,20956.212532337755,957.1458740234375,246.58914184570312,1920,1080,865.9105224609375,207.32852172851562,977.4341430664062,214.9632568359375,111.52362060546875,7.634735107421875,3.916270401761179,left,False,"{'safe_roi': (450, 80, 1500, 420), 'cylinder_roi': (800, 190, 1000, 300)}",ok_cylinder_inside_confirmed
2026-09-06 20:06:40,2026-09-06,2986,1,82,111.9339599609375,,42.87007141113281,0.7814148664474487,867.1719360351562,187.28475952148438,1041.1212158203125,305.43853759765625,173.94927978515625,118.15377807617188,20552.764600245282,954.1466064453125,246.3616485595703,1920,1080,863.4573974609375,203.19993591308594,974.6126098632812,216.380615234375,111.15521240234375,13.180679321289062,6.762501174119051,left,False,"{'safe_roi': (450, 80, 1500, 420), 'cylinder_roi': (800, 190, 1000, 300)}",ok_cylinder_inside_confirmed
2026-09-06 20:06:45,2026-09-06,3132,1,82,92.10852813720703,,38.46885681152344,0.7856608033180237,868.2752075195312,191.79229736328125,1030.3851318359375,309.2137451171875,162.10992431640625,117.42144775390625,19035.182008508593,949.3302001953125,250.50302124023438,1920,1080,875.8773193359375,203.6541748046875,967.1417236328125,216.09561157226562,91.264404296875,12.441436767578125,7.762879836423981,left,False,"{'safe_roi': (450, 80, 1500, 420), 'cylinder_roi': (800, 190, 1000, 300)}",ok_cylinder_inside_confirmed
2026-09-06 20:06:50,2026-09-06,3273,1,82,92.18263244628906,,37.73564147949219,0.8093672394752502,868.0491333007812,194.29298400878906,1028.4730224609375,310.8701171875,160.42388916015625,116.57713317871094,18701.757091670297,948.2611083984375,252.58154296875,1920,1080,877.5589599609375,208.11386108398438,968.6156616210938,222.47752380371094,91.05670166015625,14.363662719726562,8.96420873789718,left,False,"{'safe_roi': (450, 80, 1500, 420), 'cylinder_roi': (800, 190, 1000, 300)}",ok_cylinder_inside_confirmed
2026-09-06 20:06:55,2026-09-06,3422,1,82,86.90503692626953,,38.97853088378906,0.7907159924507141,869.55419921875,195.59873962402344,1029.7398681640625,311.5548095703125,160.1856689453125,115.95606994628906,18574.50063261576,949.6470336914062,253.5767822265625,1920,1080,877.3087768554688,210.0902862548828,963.7169799804688,219.3697052001953,86.408203125,9.2794189453125,6.129530272875836,left,False,"{'safe_roi': (450, 80, 1500, 420), 'cylinder_roi': (800, 190, 1000, 300)}",ok_cylinder_inside_confirmed
2026-09-06 20:07:00,2026-09-06,3569,1,82,91.45512390136719,,39.10316467285156,0.787294864654541,867.5765380859375,191.1571502685547,1028.3077392578125,310.2983093261719,160.731201171875,119.14115905761719,19149.701604340225,947.942138671875,250.72772216796875,1920,1080,878.0318603515625,208.0660400390625,968.56396484375,221.02664184570312,90.5321044921875,12.960601806640625,8.147122975409482,left,False,"{'safe_roi': (450, 80, 1500, 420), 'cylinder_roi': (800, 190, 1000, 300)}",ok_cylinder_inside_confirmed
2026-09-06 20:07:05,2026-09-06,3714,1,82,86.90546417236328,,40.987548828125,0.7891629338264465,868.7837524414062,193.12478637695312,1029.2296142578125,311.3049621582031,160.44586181640625,118.18017578125,18961.520152837038,949.0067138671875,252.21487426757812,1920,1080,875.0604248046875,206.98468017578125,961.504150390625,215.9313201904297,86.4437255859375,8.946640014648438,5.9088860125194325,left,False,"{'safe_roi': (450, 80, 1500, 420), 'cylinder_roi': (800, 190, 1000, 300)}",ok_cylinder_inside_confirmed
2026-09-06 20:07:10,2026-09-06,3856,1,82,85.98861694335938,,39.013458251953125,0.7868815064430237,869.5286865234375,193.0030517578125,1031.067138671875,310.6192626953125,161.5384521484375,117.6162109375,18999.540662407875,950.2979125976562,251.8111572265625,1920,1080,877.2437744140625,208.0794677734375,962.528076171875,219.06265258789062,85.2843017578125,10.983184814453125,7.338342320748829,left,False,"{'safe_roi': (450, 80, 1500, 420), 'cylinder_roi': (800, 190, 1000, 300)}",ok_cylinder_inside_confirmed
2026-09-06 20:07:15,2026-09-06,4005,1,82,85.65764617919922,,38.35774230957031,0.7833632826805115,868.8841552734375,194.24478149414062,1029.701416015625,311.5548400878906,160.8172607421875,117.31005859375,18865.482280552387,949.2927856445312,252.89981079101562,1920,1080,876.8216552734375,208.59811401367188,961.8828735351562,218.68878173828125,85.06121826171875,10.090667724609375,6.7652839373962275,left,False,"{'safe_roi': (450, 80, 1500, 420), 'cylinder_roi': (800, 190, 1000, 300)}",ok_cylinder_inside_confirmed
2026-09-06 20:07:20,2026-09-06,4148,1,82,85.46341705322266,,38.08094787597656,0.7824576497077942,868.3233642578125,195.04379272460938,1029.35400390625,313.3818664550781,161.0306396484375,118.33807373046875,19056.05570758134,948.8386840820312,254.21282958984375,1920,1080,876.8969116210938,212.66629028320312,961.9521484375,221.0091094970703,85.05523681640625,8.342819213867188,5.602055235585459,left,False,"{'safe_roi': (450, 80, 1500, 420), 'cylinder_roi': (800, 190, 1000, 300)}",ok_cylinder_inside_confirmed
2026-09-06 20:07:30,2026-09-06,4431,1,82,92.13346862792969,,39.33091735839844,0.7874189019203186,859.6992797851562,193.62232971191406,1027.3505859375,310.5155944824219,167.65130615234375,116.89326477050781,19597.308519187383,943.52490234375,252.0689697265625,1920,1080,872.8294677734375,209.2318115234375,963.979248046875,222.6591339111328,91.1497802734375,13.427322387695312,8.38000201149303,left,False,"{'safe_roi': (450, 80, 1500, 420), 'cylinder_roi': (800, 190, 1000, 300)}",ok_cylinder_inside_confirmed
2026-09-06 20:07:41,2026-09-06,4770,1,82,93.4268569946289,,37.855438232421875,0.8081790208816528,871.6113891601562,191.25656127929688,1039.75634765625,310.6216735839844,168.14495849609375,119.3651123046875,20070.64185435325,955.683837890625,250.93911743164062,1920,1080,881.9407958984375,215.66514587402344,974.9478759765625,224.51162719726562,93.007080078125,8.846481323242188,5.43341143646048,left,False,"{'safe_roi': (450, 80, 1500, 420), 'cylinder_roi': (800, 190, 1000, 300)}",ok_cylinder_inside_confirmed
2026-09-06 20:08:13,2026-09-06,5639,1,83,101.14797973632812,,25.421829223632812,0.7843480706214905,751.9766845703125,181.55360412597656,946.238525390625,298.06402587890625,194.2618408203125,116.51042175292969,22633.529004475102,849.1076049804688,239.80880737304688,1920,1080,931.607177734375,216.36428833007812,830.6227416992188,210.61471557617188,100.98443603515625,5.74957275390625,3.258630716591145,right,False,"{'safe_roi': (450, 80, 1500, 420), 'cylinder_roi': (800, 190, 1000, 300)}",ok_cylinder_inside_confirmed
2026-09-06 20:08:18,2026-09-06,5782,1,83,108.92861938476562,,29.339263916015625,0.800469696521759,749.3977661132812,178.89865112304688,946.3762817382812,296.7066650390625,196.978515625,117.80801391601562,23205.6477099061,847.8870239257812,237.8026580810547,1920,1080,939.8824462890625,216.29296875,831.1741943359375,209.36770629882812,108.708251953125,6.925262451171875,3.64510366527817,right,False,"{'safe_roi': (450, 80, 1500, 420), 'cylinder_roi': (800, 190, 1000, 300)}",ok_cylinder_inside_confirmed
2026-09-06 20:08:23,2026-09-06,5928,1,83,109.05077362060547,,27.392715454101562,0.7275187373161316,746.9901733398438,180.08392333984375,942.4954223632812,298.16552734375,195.5052490234375,118.08160400390625,23085.573395870626,844.7427978515625,239.12472534179688,1920,1080,934.09423828125,220.13226318359375,825.4915771484375,210.25634765625,108.6026611328125,9.87591552734375,5.195970567503564,right,False,"{'safe_roi': (450, 80, 1500, 420), 'cylinder_roi': (800, 190, 1000, 300)}",ok_cylinder_inside_confirmed
2026-09-06 20:08:28,2026-09-06,6078,1,83,124.03958129882812,,18.05194091796875,0.8198711276054382,743.4113159179688,181.28709411621094,939.3845825195312,300.34033203125,195.9732666015625,119.05323791503906,23331.2519337032,841.39794921875,240.813720703125,1920,1080,945.2875366210938,225.2584228515625,823.2705078125,202.95005798339844,122.01702880859375,22.308364868164062,10.360950371134559,right,False,"{'safe_roi': (450, 80, 1500, 420), 'cylinder_roi': (800, 190, 1000, 300)}",ok_cylinder_inside_confirmed
2026-09-06 20:08:37,2026-09-06,6329,1,83,115.27743530273438,,16.1109619140625,0.78403240442276,799.1097412109375,173.396484375,1000.195068359375,289.3453674316406,201.0853271484375,115.94888305664062,23315.619081940502,899.6524047851562,231.3709259033203,1920,1080,989.4517822265625,217.96490478515625,874.2000732421875,220.40008544921875,115.251708984375,2.4351806640625,1.2104359901460067,right,False,"{'safe_roi': (450, 80, 1500, 420), 'cylinder_roi': (800, 190, 1000, 300)}",ok_cylinder_inside_confirmed
2026-09-06 20:08:42,2026-09-06,6474,1,83,123.14154052734375,,15.787582397460938,0.7814461588859558,792.8837280273438,178.0198974609375,993.5471801757812,293.6468505859375,200.6634521484375,115.626953125,23202.103575468063,893.2154541015625,235.8333740234375,1920,1080,993.7277221679688,215.1739044189453,870.6157836914062,212.47413635253906,123.1119384765625,2.69976806640625,1.2562593766692416,right,False,"{'safe_roi': (450, 80, 1500, 420), 'cylinder_roi': (800, 190, 1000, 300)}",ok_cylinder_inside_confirmed
2026-09-06 20:08:47,2026-09-06,6617,1,83,119.6966552734375,,16.179336547851562,0.7635192275047302,790.304443359375,175.5347442626953,991.7623291015625,290.73095703125,201.4578857421875,115.19621276855469,23207.18546986021,891.0333862304688,233.13284301757812,1920,1080,990.2337646484375,212.96127319335938,870.5709228515625,215.8061065673828,119.662841796875,2.8448333740234375,1.3618784711266487,right,False,"{'safe_roi': (450, 80, 1500, 420), 'cylinder_roi': (800, 190, 1000, 300)}",ok_cylinder_inside_confirmed
2026-09-06 20:08:52,2026-09-06,6763,1,83,120.64907836914062,,16.8873291015625,0.7871970534324646,787.86962890625,176.68536376953125,992.4893798828125,291.2154846191406,204.6197509765625,114.53012084960938,23435.12480756268,890.1795043945312,233.95042419433594,1920,1080,991.7652587890625,215.20599365234375,871.2250366210938,210.0819854736328,120.54022216796875,5.1240081787109375,2.4341036924584287,right,False,"{'safe_roi': (450, 80, 1500, 420), 'cylinder_roi': (800, 190, 1000, 300)}",ok_cylinder_inside_confirmed
2026-09-06 20:08:57,2026-09-06,6901,1,83,119.23712158203125,,23.195465087890625,0.7412983775138855,786.8599243164062,175.23019409179688,991.2758178710938,290.69830322265625,204.4158935546875,115.46810913085938,23603.51670505479,889.06787109375,232.96424865722656,1920,1080,987.9156494140625,215.14401245117188,868.7476806640625,211.08363342285156,119.16796875,4.0603790283203125,1.9514691550655083,right,False,"{'safe_roi': (450, 80, 1500, 420), 'cylinder_roi': (800, 190, 1000, 300)}",ok_cylinder_inside_confirmed
2026-09-06 20:09:02,2026-09-06,7048,1,83,119.84076690673828,,26.106460571289062,0.7722792029380798,786.9356079101562,175.3767547607422,994.0886840820312,289.79095458984375,207.153076171875,114.41419982910156,23701.253452342004,890.5121459960938,232.5838623046875,1920,1080,990.4000244140625,210.9108428955078,870.56005859375,210.47164916992188,119.8399658203125,0.4391937255859375,0.20997864972864017,right,False,"{'safe_roi': (450, 80, 1500, 420), 'cylinder_roi': (800, 190, 1000, 300)}",ok_cylinder_inside_confirmed
2026-09-06 20:09:07,2026-09-06,7193,1,83,117.90538024902344,,21.096145629882812,0.7127040028572083,784.9595947265625,176.9224395751953,992.6314697265625,290.9010009765625,207.671875,113.97856140136719,23670.14155602455,888.7955322265625,233.91171264648438,1920,1080,986.2977294921875,212.8802947998047,868.5125732421875,218.20347595214844,117.78515625,5.32318115234375,2.5876640693894086,right,False,"{'safe_roi': (450, 80, 1500, 420), 'cylinder_roi': (800, 190, 1000, 300)}",ok_cylinder_inside_confirmed
2026-09-06 20:09:13,2026-09-06,7326,1,83,116.73515319824219,,21.003952026367188,0.7904677391052246,786.1429443359375,176.6021728515625,993.271728515625,288.19500732421875,207.1287841796875,111.59283447265625,23114.088127486408,889.7073364257812,232.39859008789062,1920,1080,985.4532470703125,216.61502075195312,868.7299194335938,218.2768096923828,116.72332763671875,1.6617889404296875,0.8156643786341354,right,False,"{'safe_roi': (450, 80, 1500, 420), 'cylinder_roi': (800, 190, 1000, 300)}",ok_cylinder_inside_confirmed
2026-09-06 20:09:18,2026-09-06,7466,1,83,110.5498275756836,,30.6611328125,0.7417255640029907,791.4714965820312,183.76068115234375,994.2129516601562,292.6388854980469,202.741455078125,108.87820434570312,22074.125575341284,892.8422241210938,238.1997833251953,1920,1080,982.9823608398438,211.5692138671875,872.63134765625,218.19635009765625,110.35101318359375,6.62713623046875,3.436773489397594,right,False,"{'safe_roi': (450, 80, 1500, 420), 'cylinder_roi': (800, 190, 1000, 300)}",ok_cylinder_inside_confirmed
2026-09-06 20:10:07,2026-09-06,8830,1,84,112.58262634277344,,43.83717346191406,0.7647901177406311,820.8900146484375,184.63302612304688,1006.410888671875,298.1830139160156,185.5208740234375,113.54998779296875,21065.89298070222,913.6504516601562,241.40802001953125,1920,1080,827.014404296875,206.45115661621094,939.5040283203125,211.0262451171875,112.4896240234375,4.5750885009765625,2.329004758627189,left,False,"{'safe_roi': (450, 80, 1500, 420), 'cylinder_roi': (800, 190, 1000, 300)}",ok_cylinder_inside_confirmed
2026-09-06 20:10:12,2026-09-06,8968,1,84,118.33680725097656,,37.77593994140625,0.7693755030632019,813.8788452148438,188.6434783935547,999.7131958007812,300.5672302246094,185.8343505859375,111.92375183105469,20799.27773666568,906.7960205078125,244.6053466796875,1920,1080,819.6334838867188,204.9488525390625,935.6117553710938,228.45716857910156,115.978271484375,23.508316040039062,11.458376026477934,left,False,"{'safe_roi': (450, 80, 1500, 420), 'cylinder_roi': (800, 190, 1000, 300)}",ok_cylinder_inside_confirmed
2026-09-06 20:10:41,2026-09-06,9750,1,85,118.95387268066406,,16.15765380859375,0.7880138754844666,799.985107421875,179.49209594726562,1005.5557861328125,289.7669982910156,205.5706787109375,110.27490234375,22669.28651958704,902.7704467773438,234.62954711914062,1920,1080,994.2459716796875,210.92660522460938,875.3480834960938,214.57569885253906,118.89788818359375,3.6490936279296875,1.7579122574867463,right,False,"{'safe_roi': (450, 80, 1500, 420), 'cylinder_roi': (800, 190, 1000, 300)}",ok_cylinder_inside_confirmed
2026-09-06 20:10:46,2026-09-06,9890,1,85,116.76824951171875,,9.99627685546875,0.7922245860099792,797.0962524414062,181.1631317138672,997.0315551757812,295.31756591796875,199.935302734375,114.15443420410156,22823.501361068338,897.0639038085938,238.2403564453125,1920,1080,991.3277587890625,215.28890991210938,874.5657958984375,216.50045776367188,116.761962890625,1.2115478515625,0.5944922965312847,right,False,"{'safe_roi': (450, 80, 1500, 420), 'cylinder_roi': (800, 190, 1000, 300)}",ok_cylinder_inside_confirmed
2026-09-06 20:10:51,2026-09-06,10036,1,85,116.8585205078125,,11.88189697265625,0.7910374402999878,799.2000732421875,179.80569458007812,999.8974609375,292.97662353515625,200.6973876953125,113.17092895507812,22713.10980433598,899.5487670898438,236.3911590576172,1920,1080,990.3779296875,212.49574279785156,873.74365234375,219.73165893554688,116.63427734375,7.2359161376953125,3.5500436967421893,right,False,"{'safe_roi': (450, 80, 1500, 420), 'cylinder_roi': (800, 190, 1000, 300)}",ok_cylinder_inside_confirmed
2026-09-06 20:10:56,2026-09-06,10172,1,85,116.79519653320312,,14.15252685546875,0.67353355884552,798.49267578125,182.04293823242188,998.7242431640625,289.7474365234375,200.2315673828125,107.70449829101562,21565.84050698951,898.6084594726562,235.8951873779297,1920,1080,990.0927734375,212.6514129638672,873.3643798828125,216.60113525390625,116.7283935546875,3.9497222900390625,1.9379698702246941,right,False,"{'safe_roi': (450, 80, 1500, 420), 'cylinder_roi': (800, 190, 1000, 300)}",ok_cylinder_inside_confirmed
2026-09-06 20:11:01,2026-09-06,10314,1,85,116.31546783447266,,11.585861206054688,0.7855241298675537,799.5985717773438,179.802490234375,998.1266479492188,288.8949890136719,198.528076171875,109.09249877929688,21657.92390743643,898.8626098632812,234.34873962402344,1920,1080,989.7796630859375,210.59371948242188,873.6926879882812,217.88082885742188,116.08697509765625,7.287109375,3.5919059918031033,right,False,"{'safe_roi': (450, 80, 1500, 420), 'cylinder_roi': (800, 190, 1000, 300)}",ok_cylinder_inside_confirmed
2026-09-06 20:11:06,2026-09-06,10450,1,85,114.97866821289062,,14.691177368164062,0.772193968296051,801.0833129882812,181.26031494140625,994.8475952148438,288.35565185546875,193.7642822265625,107.0953369140625,20751.251086965203,897.9654541015625,234.8079833984375,1920,1080,989.8018798828125,212.36636352539062,874.8945922851562,216.41729736328125,114.90728759765625,4.050933837890625,2.019065400725091,right,False,"{'safe_roi': (450, 80, 1500, 420), 'cylinder_roi': (800, 190, 1000, 300)}",ok_cylinder_inside_confirmed
2026-09-06 20:11:11,2026-09-06,10589,1,85,113.82179260253906,,12.529434204101562,0.7798069715499878,798.8556518554688,181.64683532714844,997.6842651367188,288.5704345703125,198.82861328125,106.92359924316406,21259.470964558423,898.2699584960938,235.108642578125,1920,1080,985.6649780273438,213.46237182617188,872.06201171875,220.51690673828125,113.60296630859375,7.054534912109375,3.5533995191993384,right,False,"{'safe_roi': (450, 80, 1500, 420), 'cylinder_roi': (800, 190, 1000, 300)}",ok_cylinder_inside_confirmed
2026-09-06 20:11:16,2026-09-06,10729,1,85,114.88556671142578,,19.493606567382812,0.789763331413269,799.5245361328125,182.37026977539062,995.4031982421875,285.7174072265625,195.878662109375,103.34713745117188,20243.49901676923,897.4638671875,234.04383850097656,1920,1080,986.5049438476562,214.057861328125,871.8744506835938,221.70925903320312,114.6304931640625,7.651397705078125,3.8187349207635797,right,False,"{'safe_roi': (450, 80, 1500, 420), 'cylinder_roi': (800, 190, 1000, 300)}",ok_cylinder_inside_confirmed
2026-09-06 20:11:21,2026-09-06,10869,1,85,115.09671783447266,,20.1624755859375,0.7922627329826355,795.3578491210938,180.66444396972656,994.8497924804688,292.4047546386719,199.491943359375,111.74031066894531,22291.291726928204,895.1038208007812,236.53460693359375,1920,1080,986.86962890625,213.02847290039062,871.7922973632812,215.140869140625,115.07733154296875,2.112396240234375,1.0516215168335294,right,False,"{'safe_roi': (450, 80, 1500, 420), 'cylinder_roi': (800, 190, 1000, 300)}",ok_cylinder_inside_confirmed
2026-09-06 20:22:27,2026-09-06,7365,1,86,101.75785827636719,,36.412933349609375,0.7901924252510071,859.2103271484375,188.56430053710938,1028.3427734375,303.7565612792969,169.1324462890625,115.1922607421875,19482.74885289371,943.7765502929688,246.16043090820312,1920,1080,865.6015014648438,213.5174560546875,967.1996459960938,219.21652221679688,101.59814453125,5.699066162109375,3.2105960241556977,left,False,"{'safe_roi': (450, 80, 1500, 420), 'cylinder_roi': (800, 190, 1000, 300)}",ok_cylinder_inside_confirmed
2026-09-06 20:22:32,2026-09-06,7466,1,86,106.35044860839844,,38.30726623535156,0.8020299077033997,862.5591430664062,189.83316040039062,1033.5550537109375,304.2575988769531,170.99591064453125,114.4244384765625,19566.111057288945,948.05712890625,247.04537963867188,1920,1080,864.9926147460938,215.71743774414062,971.1531982421875,222.06948852539062,106.16058349609375,6.35205078125,3.4241739523414494,left,False,"{'safe_roi': (450, 80, 1500, 420), 'cylinder_roi': (800, 190, 1000, 300)}",ok_cylinder_inside_confirmed
2026-09-06 20:22:37,2026-09-06,7573,1,86,104.09428405761719,,37.9263916015625,0.7946624159812927,861.3721313476562,188.17373657226562,1035.148193359375,302.9070129394531,173.77606201171875,114.7332763671875,19937.89694879204,948.2601318359375,245.54037475585938,1920,1080,867.603515625,213.36647033691406,971.5482788085938,218.94375610351562,103.94476318359375,5.5772857666015625,3.0713312435215325,left,False,"{'safe_roi': (450, 80, 1500, 420), 'cylinder_roi': (800, 190, 1000, 300)}",ok_cylinder_inside_confirmed
2026-09-06 20:22:42,2026-09-06,7674,1,86,101.54273986816406,,38.21040344238281,0.7832309007644653,861.0506591796875,187.64434814453125,1033.915283203125,303.1648254394531,172.8646240234375,115.52047729492188,19969.40387459472,947.4829711914062,245.4045867919922,1920,1080,868.4598999023438,211.71189880371094,969.9354858398438,215.40415954589844,101.4755859375,3.6922607421875,2.083828052928349,left,False,"{'safe_roi': (450, 80, 1500, 420), 'cylinder_roi': (800, 190, 1000, 300)}",ok_cylinder_inside_confirmed
2026-09-06 20:22:47,2026-09-06,7783,1,86,105.35164642333984,,39.31687927246094,0.7694820761680603,859.323486328125,188.72903442382812,1035.778564453125,302.7847900390625,176.455078125,114.05575561523438,20125.71726769209,947.551025390625,245.7569122314453,1920,1080,865.0794677734375,213.96617126464844,970.348876953125,218.12802124023438,105.2694091796875,4.1618499755859375,2.264022552119668,left,False,"{'safe_roi': (450, 80, 1500, 420), 'cylinder_roi': (800, 190, 1000, 300)}",ok_cylinder_inside_confirmed
2026-09-06 20:22:52,2026-09-06,7882,1,86,108.65420532226562,,40.35758972167969,0.7801980376243591,859.690185546875,187.59619140625,1037.1646728515625,302.0523681640625,177.4744873046875,114.4561767578125,20313.051288947463,948.4274291992188,244.82427978515625,1920,1080,862.5526733398438,212.2037353515625,971.0123901367188,218.701904296875,108.459716796875,6.4981689453125,3.428675029462443,left,False,"{'safe_roi': (450, 80, 1500, 420), 'cylinder_roi': (800, 190, 1000, 300)}",ok_cylinder_inside_confirmed
2026-09-06 20:22:57,2026-09-06,7987,1,86,108.73148345947266,,40.00090026855469,0.7765679955482483,854.25732421875,187.20654296875,1039.3134765625,301.91937255859375,185.05615234375,114.71282958984375,21228.314868360758,946.785400390625,244.56295776367188,1920,1080,865.1441040039062,214.23068237304688,973.7090454101562,220.24639892578125,108.56494140625,6.015716552734375,3.1715860498385706,left,False,"{'safe_roi': (450, 80, 1500, 420), 'cylinder_roi': (800, 190, 1000, 300)}",ok_cylinder_inside_confirmed
2026-09-06 20:23:02,2026-09-06,8097,1,86,104.9654541015625,,40.0350341796875,0.7812921404838562,855.2023315429688,187.9207305908203,1039.97412109375,301.047607421875,184.77178955078125,113.12687683105469,20902.655478364788,947.5882568359375,244.48416137695312,1920,1080,866.44091796875,212.91043090820312,971.237060546875,218.86988830566406,104.796142578125,5.9594573974609375,3.2547419280915273,left,False,"{'safe_roi': (450, 80, 1500, 420), 'cylinder_roi': (800, 190, 1000, 300)}",ok_cylinder_inside_confirmed
2026-09-06 20:23:07,2026-09-06,8215,1,86,105.2665786743164,,39.38963317871094,0.7879586219787598,855.2695922851562,187.515869140625,1039.9710693359375,301.34857177734375,184.70147705078125,113.83270263671875,21025.068313684314,947.620361328125,244.43222045898438,1920,1080,865.373046875,215.45401000976562,970.4791259765625,221.26470947265625,105.1060791015625,5.810699462890625,3.164326917762717,left,False,"{'safe_roi': (450, 80, 1500, 420), 'cylinder_roi': (800, 190, 1000, 300)}",ok_cylinder_inside_confirmed
2026-09-06 20:23:12,2026-09-06,8326,1,86,107.17902374267578,,40.115936279296875,0.776785671710968,856.68359375,186.71865844726562,1038.9456787109375,300.1410217285156,182.2620849609375,113.42236328125,20672.596412837505,947.8146362304688,243.42984008789062,1920,1080,864.348388671875,213.89659118652344,971.364990234375,219.79486083984375,107.0166015625,5.8982696533203125,3.1546917071591882,left,False,"{'safe_roi': (450, 80, 1500, 420), 'cylinder_roi': (800, 190, 1000, 300)}",ok_cylinder_inside_confirmed
2026-09-06 20:23:18,2026-09-06,8431,1,86,108.19454193115234,,40.0367431640625,0.7848982810974121,851.7432861328125,186.16111755371094,1037.97900390625,299.0751953125,186.2357177734375,112.91407775878906,21028.634318133816,944.8611450195312,242.6181640625,1920,1080,863.93408203125,215.5318603515625,971.8998413085938,222.56417846679688,107.96575927734375,7.032318115234375,3.7266795865799165,left,False,"{'safe_roi': (450, 80, 1500, 420), 'cylinder_roi': (800, 190, 1000, 300)}",ok_cylinder_inside_confirmed
2026-09-06 20:23:23,2026-09-06,8544,1,86,109.1899185180664,,39.69793701171875,0.7838389277458191,852.2918701171875,188.79351806640625,1038.1729736328125,300.472412109375,185.881103515625,111.67889404296875,20758.99606411159,945.232421875,244.63296508789062,1920,1080,863.991943359375,215.2427978515625,973.0469970703125,220.6681365966797,109.0550537109375,5.4253387451171875,2.848038118134355,left,False,"{'safe_roi': (450, 80, 1500, 420), 'cylinder_roi': (800, 190, 1000, 300)}",ok_cylinder_inside_confirmed
2026-09-06 20:23:28,2026-09-06,8645,1,86,109.54755401611328,,40.01170349121094,0.778077244758606,852.5406494140625,189.93373107910156,1035.5963134765625,301.2306213378906,183.0556640625,111.29689025878906,20373.52615441382,944.0684814453125,245.58218383789062,1920,1080,862.1974487304688,214.45681762695312,971.6480712890625,219.06417846679688,109.45062255859375,4.60736083984375,2.4104620250587123,left,False,"{'safe_roi': (450, 80, 1500, 420), 'cylinder_roi': (800, 190, 1000, 300)}",ok_cylinder_inside_confirmed
2026-09-06 20:23:33,2026-09-06,8755,1,86,109.13645935058594,,39.53810119628906,0.7853867411613464,852.374755859375,188.85853576660156,1034.211181640625,301.42669677734375,181.83642578125,112.56816101074219,20468.99205496162,943.29296875,245.14260864257812,1920,1080,861.9810180664062,216.1227264404297,970.9942016601562,221.3085479736328,109.01318359375,5.185821533203125,2.723540889649264,left,False,"{'safe_roi': (450, 80, 1500, 420), 'cylinder_roi': (800, 190, 1000, 300)}",ok_cylinder_inside_confirmed
2026-09-06 20:23:38,2026-09-06,8866,1,86,107.71176147460938,,39.08650207519531,0.7843153476715088,854.8035278320312,188.8614501953125,1036.078369140625,302.6287841796875,181.27484130859375,113.767333984375,20623.155414119363,945.44091796875,245.7451171875,1920,1080,863.7296142578125,214.6422119140625,971.2540283203125,220.99232482910156,107.5244140625,6.3501129150390625,3.3798143816787922,left,False,"{'safe_roi': (450, 80, 1500, 420), 'cylinder_roi': (800, 190, 1000, 300)}",ok_cylinder_inside_confirmed
2026-09-06 20:23:43,2026-09-06,8972,1,86,109.740478515625,,39.2254638671875,0.7771788239479065,850.3818969726562,188.53622436523438,1033.246826171875,301.85186767578125,182.86492919921875,113.31564331054688,20721.45709114708,941.8143310546875,245.1940460205078,1920,1080,862.675537109375,214.73619079589844,972.2965087890625,219.85626220703125,109.6209716796875,5.1200714111328125,2.6741729413310718,left,False,"{'safe_roi': (450, 80, 1500, 420), 'cylinder_roi': (800, 190, 1000, 300)}",ok_cylinder_inside_confirmed
2026-09-06 20:23:48,2026-09-06,9070,1,86,109.79166412353516,,40.11181640625,0.7804030776023865,846.8224487304688,189.41708374023438,1033.0972900390625,301.9601135253906,186.27484130859375,112.54302978515625,20963.93501361832,939.9598388671875,245.6885986328125,1920,1080,862.9282836914062,217.57228088378906,972.637451171875,221.8275604248047,109.70916748046875,4.255279541015625,2.22121277413914,left,False,"{'safe_roi': (450, 80, 1500, 420), 'cylinder_roi': (800, 190, 1000, 300)}",ok_cylinder_inside_confirmed
2026-09-06 20:23:53,2026-09-06,9175,1,86,103.7536392211914,,38.001007080078125,0.7794126868247986,846.9947509765625,190.2021942138672,1030.726318359375,301.465087890625,183.7315673828125,111.26289367675781,20442.50584677793,938.8605346679688,245.83364868164062,1920,1080,862.3496704101562,218.88955688476562,966.0245971679688,222.93031311035156,103.6749267578125,4.0407562255859375,2.231987626159184,left,False,"{'safe_roi': (450, 80, 1500, 420), 'cylinder_roi': (800, 190, 1000, 300)}",ok_cylinder_inside_confirmed
2026-09-06 20:23:58,2026-09-06,9292,1,86,108.1973648071289,,40.81964111328125,0.7790418863296509,850.4937744140625,189.083984375,1035.3095703125,299.97747802734375,184.8157958984375,110.89349365234375,20494.869289316237,942.9016723632812,244.53073120117188,1920,1080,861.9012451171875,217.25222778320312,969.91796875,223.50180053710938,108.0167236328125,6.24957275390625,3.311296453158642,left,False,"{'safe_roi': (450, 80, 1500, 420), 'cylinder_roi': (800, 190, 1000, 300)}",ok_cylinder_inside_confirmed
2026-09-06 20:24:03,2026-09-06,9397,1,86,107.30767822265625,,39.63011169433594,0.774106502532959,847.33642578125,185.6807403564453,1032.0797119140625,298.93621826171875,184.7432861328125,113.25547790527344,20923.189160762355,939.7080688476562,242.3084716796875,1920,1080,861.330810546875,215.90493774414062,968.4788818359375,221.75540161132812,107.1480712890625,5.8504638671875,3.125341932777911,left,False,"{'safe_roi': (450, 80, 1500, 420), 'cylinder_roi': (800, 190, 1000, 300)}",ok_cylinder_inside_confirmed
2026-09-06 20:24:08,2026-09-06,9502,1,86,100.31707763671875,,38.427947998046875,0.7714833617210388,850.0846557617188,189.90670776367188,1031.9840087890625,303.03619384765625,181.89935302734375,113.12948608398438,20578.180326992646,941.0343017578125,246.47145080566406,1920,1080,862.0585327148438,215.1714630126953,962.26904296875,219.79417419433594,100.21051025390625,4.622711181640625,2.641182108889003,left,False,"{'safe_roi': (450, 80, 1500, 420), 'cylinder_roi': (800, 190, 1000, 300)}",ok_cylinder_inside_confirmed
2026-09-06 20:24:13,2026-09-06,9614,1,86,104.18297576904297,,38.95762634277344,0.7749930620193481,847.9974365234375,186.89312744140625,1031.5732421875,302.0264587402344,183.5758056640625,115.13333129882812,21135.694051969796,939.7853393554688,244.4597930908203,1920,1080,862.4315185546875,215.0928497314453,966.4429931640625,221.06826782226562,104.011474609375,5.9754180908203125,3.288005749538385,left,False,"{'safe_roi': (450, 80, 1500, 420), 'cylinder_roi': (800, 190, 1000, 300)}",ok_cylinder_inside_confirmed
2026-09-06 20:24:18,2026-09-06,9724,1,86,101.75303649902344,,38.79411315917969,0.7582523822784424,848.8049926757812,187.30569458007812,1031.2530517578125,301.3581237792969,182.44805908203125,114.05242919921875,20808.64434098825,940.029052734375,244.3319091796875,1920,1080,859.917236328125,214.74276733398438,961.6259155273438,217.74685668945312,101.70867919921875,3.00408935546875,1.6918085713372717,left,False,"{'safe_roi': (450, 80, 1500, 420), 'cylinder_roi': (800, 190, 1000, 300)}",ok_cylinder_inside_confirmed
2026-09-06 20:24:23,2026-09-06,9834,1,86,100.99845886230469,,38.802276611328125,0.7657719850540161,850.8601684570312,188.6686248779297,1032.616455078125,303.12353515625,181.75628662109375,114.45491027832031,20802.899477737956,941.73828125,245.89608764648438,1920,1080,861.1476440429688,214.243408203125,962.060546875,218.3997802734375,100.91290283203125,4.1563720703125,2.3585492441922464,left,False,"{'safe_roi': (450, 80, 1500, 420), 'cylinder_roi': (800, 190, 1000, 300)}",ok_cylinder_inside_confirmed
2026-09-06 20:24:28,2026-09-06,9940,1,86,102.80338287353516,,39.596954345703125,0.7763627171516418,850.8583984375,189.01742553710938,1033.4007568359375,302.3041076660156,182.5423583984375,113.28668212890625,20679.61813094467,942.1295776367188,245.6607666015625,1920,1080,861.852294921875,216.14309692382812,964.5180053710938,221.46173095703125,102.66571044921875,5.318634033203125,2.9655773479641834,left,False,"{'safe_roi': (450, 80, 1500, 420), 'cylinder_roi': (800, 190, 1000, 300)}",ok_cylinder_inside_confirmed
2026-09-06 20:24:33,2026-09-06,10053,1,86,102.35547637939453,,40.654693603515625,0.7663153409957886,851.2791137695312,188.54598999023438,1033.9923095703125,301.95013427734375,182.71319580078125,113.40414428710938,20720.433619750664,942.6357421875,245.24806213378906,1920,1080,860.7161254882812,216.81600952148438,962.987548828125,220.96322631835938,102.27142333984375,4.147216796875,2.3221335364778426,left,False,"{'safe_roi': (450, 80, 1500, 420), 'cylinder_roi': (800, 190, 1000, 300)}",ok_cylinder_inside_confirmed
2026-09-06 20:24:38,2026-09-06,10165,1,86,101.98629760742188,,37.99699401855469,0.7702454924583435,848.9003295898438,188.70648193359375,1029.916748046875,301.7791442871094,181.01641845703125,113.07266235351562,20468.00836463459,939.4085693359375,245.24281311035156,1920,1080,860.5415649414062,216.67657470703125,962.5083618164062,218.6710205078125,101.966796875,1.99444580078125,1.120548655499028,left,False,"{'safe_roi': (450, 80, 1500, 420), 'cylinder_roi': (800, 190, 1000, 300)}",ok_cylinder_inside_confirmed
2026-09-06 20:24:43,2026-09-06,10272,1,86,101.1910629272461,,38.6807861328125,0.767265796661377,850.6817016601562,189.15469360351562,1027.94287109375,302.7389221191406,177.26116943359375,113.584228515625,20134.073175892234,939.312255859375,245.94680786132812,1920,1080,863.0218505859375,216.44540405273438,964.1338500976562,220.44471740722656,101.11199951171875,3.9993133544921875,2.265056507741959,left,False,"{'safe_roi': (450, 80, 1500, 420), 'cylinder_roi': (800, 190, 1000, 300)}",ok_cylinder_inside_confirmed
2026-09-06 20:24:48,2026-09-06,10392,1,86,100.66696166992188,,38.56329345703125,0.7633318901062012,850.9464721679688,189.12911987304688,1028.3131103515625,303.2423095703125,177.36663818359375,114.11318969726562,20239.87282901071,939.6297607421875,246.1857147216797,1920,1080,861.82275390625,218.09747314453125,962.4566040039062,220.67910766601562,100.63385009765625,2.581634521484375,1.4695286553827047,left,False,"{'safe_roi': (450, 80, 1500, 420), 'cylinder_roi': (800, 190, 1000, 300)}",ok_cylinder_inside_confirmed
2026-09-06 20:24:54,2026-09-06,10501,1,86,101.63023376464844,,38.8944091796875,0.7679304480552673,849.5684204101562,190.183349609375,1027.8751220703125,303.8583068847656,178.30670166015625,113.67495727539062,20269.006693134084,938.7218017578125,247.0208282470703,1920,1080,859.4210205078125,217.58514404296875,961.0191650390625,220.1387939453125,101.59814453125,2.55364990234375,1.4398152892707776,left,False,"{'safe_roi': (450, 80, 1500, 420), 'cylinder_roi': (800, 190, 1000, 300)}",ok_cylinder_inside_confirmed
2026-09-06 20:24:59,2026-09-06,10603,1,86,102.33784484863281,,38.386505126953125,0.7639653086662292,849.92626953125,188.28648376464844,1031.1810302734375,302.6192626953125,181.2547607421875,114.33277893066406,20723.36049006693,940.5536499023438,245.452880859375,1920,1080,860.49365234375,218.20672607421875,962.8240966796875,219.4373779296875,102.3304443359375,1.23065185546875,0.6890203473638247,left,False,"{'safe_roi': (450, 80, 1500, 420), 'cylinder_roi': (800, 190, 1000, 300)}",ok_cylinder_inside_confirmed
2026-09-06 20:25:04,2026-09-06,10709,1,86,101.62313079833984,,39.413299560546875,0.7705968022346497,848.7176513671875,190.4866485595703,1027.5709228515625,303.7095031738281,178.853271484375,113.22285461425781,20250.277954559773,938.144287109375,247.09808349609375,1920,1080,861.5187377929688,217.80654907226562,963.1211547851562,219.8582763671875,101.6024169921875,2.051727294921875,1.1568557422437304,left,False,"{'safe_roi': (450, 80, 1500, 420), 'cylinder_roi': (800, 190, 1000, 300)}",ok_cylinder_inside_confirmed
2026-09-06 20:25:09,2026-09-06,10815,1,86,109.00287628173828,,38.38397216796875,0.7999516129493713,868.8923950195312,195.34637451171875,1041.3662109375,308.3371887207031,172.47381591796875,112.99081420898438,19487.95689030178,955.1292724609375,251.84178161621094,1920,1080,875.3094482421875,209.26968383789062,983.344482421875,223.7630615234375,108.0350341796875,14.493377685546875,7.640861619227339,left,False,"{'safe_roi': (450, 80, 1500, 420), 'cylinder_roi': (800, 190, 1000, 300)}",ok_cylinder_inside_confirmed
2026-09-06 20:25:25,2026-09-06,11153,1,86,94.49664306640625,,37.34034729003906,0.7917450070381165,871.7515869140625,195.45193481445312,1030.965576171875,307.8999328613281,159.2139892578125,112.447998046875,17903.294353097677,951.3585815429688,251.67593383789062,1920,1080,876.572509765625,229.04415893554688,971.0423583984375,231.29434204101562,94.4698486328125,2.25018310546875,1.3644736736894523,left,False,"{'safe_roi': (450, 80, 1500, 420), 'cylinder_roi': (800, 190, 1000, 300)}",ok_cylinder_inside_confirmed
2026-09-06 20:25:30,2026-09-06,11268,1,86,93.83074951171875,,35.65983581542969,0.7999117970466614,877.694091796875,193.98629760742188,1034.8681640625,311.1824035644531,157.174072265625,117.19610595703125,18420.189226940274,956.2811279296875,252.5843505859375,1920,1080,886.342529296875,215.8903045654297,979.725830078125,225.04281616210938,93.38330078125,9.152511596679688,5.597690014991794,left,False,"{'safe_roi': (450, 80, 1500, 420), 'cylinder_roi': (800, 190, 1000, 300)}",ok_cylinder_inside_confirmed
2026-09-06 20:28:58,2026-09-06,15758,1,87,90.40887451171875,,36.25909423828125,0.7646040320396423,855.8432006835938,187.8329315185547,1026.4622802734375,303.97894287109375,170.61907958984375,116.14601135253906,19816.725555001758,941.1527099609375,245.90594482421875,1920,1080,866.860107421875,218.58084106445312,957.2562866210938,217.06570434570312,90.39617919921875,1.51513671875,0.9602486757983106,left,False,"{'safe_roi': (450, 80, 1500, 420), 'cylinder_roi': (800, 190, 1000, 300)}",ok_cylinder_inside_confirmed
2026-09-06 20:29:03,2026-09-06,15860,1,87,92.00135803222656,,36.5291748046875,0.7844765186309814,858.3282470703125,188.5809326171875,1026.286376953125,306.059814453125,167.9581298828125,117.4788818359375,19731.533293887973,942.3073120117188,247.32037353515625,1920,1080,868.4821166992188,215.83297729492188,960.4342041015625,218.843505859375,91.95208740234375,3.010528564453125,1.8752047212806244,left,False,"{'safe_roi': (450, 80, 1500, 420), 'cylinder_roi': (800, 190, 1000, 300)}",ok_cylinder_inside_confirmed
2026-09-06 20:29:08,2026-09-06,15972,1,87,93.81964874267578,,36.38780212402344,0.7916005849838257,860.24169921875,188.9105682373047,1028.6651611328125,304.4443664550781,168.4234619140625,115.53379821777344,19458.602263918146,944.4534301757812,246.67745971679688,1920,1080,868.947021484375,215.87380981445312,962.688232421875,219.70944213867188,93.7412109375,3.83563232421875,2.3430785609243463,left,False,"{'safe_roi': (450, 80, 1500, 420), 'cylinder_roi': (800, 190, 1000, 300)}",ok_cylinder_inside_confirmed
2026-09-06 20:29:13,2026-09-06,16077,1,87,97.3818588256836,,38.600494384765625,0.7699413299560547,859.5722045898438,187.21385192871094,1030.5924072265625,303.277587890625,171.02020263671875,116.06373596191406,19849.243642981164,945.082275390625,245.2457275390625,1920,1080,866.443115234375,214.6439971923828,963.7963256835938,217.00579833984375,97.35321044921875,2.3618011474609375,1.389730226732744,left,False,"{'safe_roi': (450, 80, 1500, 420), 'cylinder_roi': (800, 190, 1000, 300)}",ok_cylinder_inside_confirmed
2026-09-06 20:29:18,2026-09-06,16185,1,87,95.29134368896484,,37.73553466796875,0.784439206123352,860.612548828125,189.1527862548828,1030.1248779296875,304.7976989746094,169.5123291015625,115.64491271972656,19603.23850386776,945.3687133789062,246.97525024414062,1920,1080,870.62548828125,215.69683837890625,965.8701782226562,218.67822265625,95.24468994140625,2.98138427734375,1.7929081070362445,left,False,"{'safe_roi': (450, 80, 1500, 420), 'cylinder_roi': (800, 190, 1000, 300)}",ok_cylinder_inside_confirmed
2026-09-06 20:29:23,2026-09-06,16293,1,87,94.0829849243164,,37.61741638183594,0.7790399789810181,858.982421875,188.8955535888672,1026.63671875,306.382080078125,167.654296875,117.48652648925781,19697.12099084258,942.8095703125,247.63882446289062,1920,1080,867.2300415039062,215.20013427734375,961.2962036132812,216.97938537597656,94.066162109375,1.7792510986328125,1.0836141436378741,left,False,"{'safe_roi': (450, 80, 1500, 420), 'cylinder_roi': (800, 190, 1000, 300)}",ok_cylinder_inside_confirmed
2026-09-06 20:29:28,2026-09-06,16399,1,87,99.23966979980469,,38.98439025878906,0.785387396812439,858.9802856445312,187.6319580078125,1029.2637939453125,306.39892578125,170.28350830078125,118.7669677734375,20224.055942706764,944.1220703125,247.01544189453125,1920,1080,866.6016845703125,211.9713897705078,965.7484130859375,216.26541137695312,99.146728515625,4.2940216064453125,2.47991701889744,left,False,"{'safe_roi': (450, 80, 1500, 420), 'cylinder_roi': (800, 190, 1000, 300)}",ok_cylinder_inside_confirmed
2026-09-06 20:29:33,2026-09-06,16512,1,87,102.05095672607422,,38.01927185058594,0.785582423210144,858.7266845703125,187.72315979003906,1031.5267333984375,304.4386901855469,172.800048828125,116.71553039550781,20168.449351344258,945.126708984375,246.0809326171875,1920,1080,867.1602783203125,213.8720703125,969.1522216796875,217.34219360351562,101.991943359375,3.470123291015625,1.9486514954917087,left,False,"{'safe_roi': (450, 80, 1500, 420), 'cylinder_roi': (800, 190, 1000, 300)}",ok_cylinder_inside_confirmed
2026-09-06 20:29:38,2026-09-06,16614,1,87,104.97161102294922,,39.608001708984375,0.7862082719802856,858.4708251953125,189.00827026367188,1031.9862060546875,306.0997009277344,173.515380859375,117.0914306640625,20317.164187043905,945.228515625,247.55398559570312,1920,1080,867.163818359375,213.7974090576172,971.9468994140625,220.08584594726562,104.7830810546875,6.2884368896484375,3.434421487176644,left,False,"{'safe_roi': (450, 80, 1500, 420), 'cylinder_roi': (800, 190, 1000, 300)}",ok_cylinder_inside_confirmed
2026-09-06 20:29:43,2026-09-06,16726,1,87,104.1336898803711,,41.700439453125,0.7773002982139587,857.767333984375,189.30270385742188,1031.8294677734375,306.7286071777344,174.0621337890625,117.4259033203125,20439.403294041753,944.7984008789062,248.01565551757812,1920,1080,863.688720703125,214.49359130859375,967.7340087890625,218.78350830078125,104.0452880859375,4.2899169921875,2.361039119573721,left,False,"{'safe_roi': (450, 80, 1500, 420), 'cylinder_roi': (800, 190, 1000, 300)}",ok_cylinder_inside_confirmed
2026-09-06 20:29:48,2026-09-06,16836,1,87,102.13756561279297,,39.517822265625,0.7868020534515381,857.8135375976562,189.4479217529297,1032.6927490234375,305.56854248046875,174.87921142578125,116.12062072753906,20307.08258310426,945.253173828125,247.50823974609375,1920,1080,867.142822265625,214.58984375,969.1893310546875,218.90170288085938,102.0465087890625,4.311859130859375,2.4195287297679835,left,False,"{'safe_roi': (450, 80, 1500, 420), 'cylinder_roi': (800, 190, 1000, 300)}",ok_cylinder_inside_confirmed
2026-09-06 20:29:53,2026-09-06,16944,1,87,107.358154296875,,39.686981201171875,0.7749626636505127,857.594970703125,188.004638671875,1033.6827392578125,304.4282531738281,176.0877685546875,116.42361450195312,20500.77448472008,945.6388549804688,246.21644592285156,1920,1080,865.1610107421875,215.36102294921875,972.3722534179688,220.97552490234375,107.21124267578125,5.614501953125,2.9977609474054385,left,False,"{'safe_roi': (450, 80, 1500, 420), 'cylinder_roi': (800, 190, 1000, 300)}",ok_cylinder_inside_confirmed
2026-09-06 20:29:58,2026-09-06,17056,1,87,105.18986511230469,,39.10758972167969,0.7879595756530762,857.0235595703125,188.5452117919922,1031.7894287109375,305.5753173828125,174.765869140625,117.03010559082031,20452.86811919883,944.406494140625,247.06027221679688,1920,1080,867.2490234375,215.39622497558594,972.292236328125,220.94882202148438,105.043212890625,5.5525970458984375,3.025845725367759,left,False,"{'safe_roi': (450, 80, 1500, 420), 'cylinder_roi': (800, 190, 1000, 300)}",ok_cylinder_inside_confirmed
2026-09-06 20:30:03,2026-09-06,17163,1,87,103.28433227539062,,39.631561279296875,0.7721371054649353,856.5120239257812,188.07772827148438,1030.634033203125,306.1143493652344,174.12200927734375,118.03662109375,20552.773633152246,943.572998046875,247.09603881835938,1920,1080,864.7471923828125,214.92425537109375,967.8883056640625,220.3614959716797,103.14111328125,5.4372406005859375,3.0176408241254657,left,False,"{'safe_roi': (450, 80, 1500, 420), 'cylinder_roi': (800, 190, 1000, 300)}",ok_cylinder_inside_confirmed
2026-09-06 20:30:08,2026-09-06,17281,1,87,103.85391235351562,,38.744964599609375,0.7850399613380432,856.79833984375,187.73773193359375,1032.0335693359375,305.41253662109375,175.2352294921875,117.6748046875,20620.771404862404,944.4159545898438,246.57513427734375,1920,1080,865.6888427734375,215.66659545898438,969.4129638671875,220.85720825195312,103.72412109375,5.19061279296875,2.86483337227294,left,False,"{'safe_roi': (450, 80, 1500, 420), 'cylinder_roi': (800, 190, 1000, 300)}",ok_cylinder_inside_confirmed
2026-09-06 20:30:13,2026-09-06,17393,1,87,106.5514907836914,,39.71296691894531,0.7819032669067383,857.8333740234375,188.26235961914062,1032.835205078125,305.6501770019531,175.0018310546875,117.3878173828125,20543.08298550546,945.3342895507812,246.95626831054688,1920,1080,863.8735961914062,213.76878356933594,970.26123046875,219.6757049560547,106.38763427734375,5.90692138671875,3.177949496623267,left,False,"{'safe_roi': (450, 80, 1500, 420), 'cylinder_roi': (800, 190, 1000, 300)}",ok_cylinder_inside_confirmed
2026-09-06 20:30:18,2026-09-06,17494,1,87,108.10398864746094,,40.21589660644531,0.7832470536231995,856.2626953125,187.7807159423828,1033.72412109375,305.21136474609375,177.46142578125,117.43064880371094,20839.410367123783,944.993408203125,246.49603271484375,1920,1080,863.75537109375,215.4314422607422,971.45947265625,224.7211456298828,107.7041015625,9.289703369140625,4.929679970193124,left,False,"{'safe_roi': (450, 80, 1500, 420), 'cylinder_roi': (800, 190, 1000, 300)}",ok_cylinder_inside_confirmed
2026-09-06 20:30:23,2026-09-06,17604,1,87,104.75558471679688,,38.90913391113281,0.7743003368377686,855.96142578125,188.23670959472656,1032.51171875,305.6910400390625,176.55029296875,117.45433044433594,20736.596450395882,944.236572265625,246.9638671875,1920,1080,865.8659057617188,214.65545654296875,970.4404296875,220.8119354248047,104.57452392578125,6.1564788818359375,3.369210499291135,left,False,"{'safe_roi': (450, 80, 1500, 420), 'cylinder_roi': (800, 190, 1000, 300)}",ok_cylinder_inside_confirmed
2026-09-06 20:30:28,2026-09-06,17709,1,87,103.62560272216797,,39.847747802734375,0.7725321650505066,855.6947631835938,187.6225128173828,1032.490234375,305.4298095703125,176.79547119140625,117.80729675292969,20827.796539220028,944.092529296875,246.52615356445312,1920,1080,865.78759765625,215.11961364746094,969.2752685546875,220.46450805664062,103.4876708984375,5.3448944091796875,2.9565650452369616,left,False,"{'safe_roi': (450, 80, 1500, 420), 'cylinder_roi': (800, 190, 1000, 300)}",ok_cylinder_inside_confirmed
2026-09-06 20:30:33,2026-09-06,17815,1,87,102.96908569335938,,39.033294677734375,0.779732882976532,855.0431518554688,188.0235137939453,1031.950439453125,306.20318603515625,176.90728759765625,118.17967224121094,20906.845265372656,943.496826171875,247.11334228515625,1920,1080,865.2593994140625,215.16986083984375,968.071044921875,220.86175537109375,102.8116455078125,5.69189453125,3.1687943271050036,left,False,"{'safe_roi': (450, 80, 1500, 420), 'cylinder_roi': (800, 190, 1000, 300)}",ok_cylinder_inside_confirmed
2026-09-06 20:30:38,2026-09-06,17920,1,87,98.24744415283203,,37.57478332519531,0.7871199250221252,855.5631103515625,185.66107177734375,1026.6151123046875,305.49505615234375,171.052001953125,119.833984375,20497.84292936325,941.089111328125,245.57806396484375,1920,1080,866.253662109375,211.62091064453125,964.258056640625,218.52737426757812,98.00439453125,6.906463623046875,4.03102441753904,left,False,"{'safe_roi': (450, 80, 1500, 420), 'cylinder_roi': (800, 190, 1000, 300)}",ok_cylinder_inside_confirmed
2026-09-06 20:30:54,2026-09-06,18276,1,87,107.04146575927734,,38.64414978027344,0.7957002520561218,857.0191650390625,187.83404541015625,1032.1278076171875,304.9597473144531,175.108642578125,117.12570190429688,20509.722671471536,944.573486328125,246.3968963623047,1920,1080,866.0201416015625,212.34854125976562,972.6378173828125,221.86410522460938,106.61767578125,9.51556396484375,5.100101244401261,left,False,"{'safe_roi': (450, 80, 1500, 420), 'cylinder_roi': (800, 190, 1000, 300)}",ok_cylinder_inside_confirmed
2026-09-06 20:30:59,2026-09-06,18395,1,87,103.66645812988281,,38.888153076171875,0.7806494235992432,855.54638671875,186.6190643310547,1030.6226806640625,305.49493408203125,175.0762939453125,118.87586975097656,20812.346715526655,943.0845336914062,246.0570068359375,1920,1080,866.0400390625,212.67691040039062,969.4913330078125,219.35260009765625,103.4512939453125,6.675689697265625,3.6921651393143518,left,False,"{'safe_roi': (450, 80, 1500, 420), 'cylinder_roi': (800, 190, 1000, 300)}",ok_cylinder_inside_confirmed
2026-09-06 20:31:05,2026-09-06,18498,1,87,105.56710052490234,,39.7921142578125,0.790833055973053,858.5808715820312,187.0678253173828,1031.8580322265625,306.33966064453125,173.27716064453125,119.27183532714844,20667.084970350377,945.219482421875,246.7037353515625,1920,1080,864.3310546875,211.54261779785156,969.4400634765625,221.36651611328125,105.1090087890625,9.823898315429688,5.33957533838322,left,False,"{'safe_roi': (450, 80, 1500, 420), 'cylinder_roi': (800, 190, 1000, 300)}",ok_cylinder_inside_confirmed
2026-09-06 20:33:06,2026-09-06,21152,1,88,92.91448974609375,,37.201324462890625,0.7817074060440063,875.8889770507812,191.4398193359375,1042.5440673828125,308.1794128417969,166.65509033203125,116.73959350585938,19455.247501043603,959.216552734375,249.8096160888672,1920,1080,886.470947265625,218.36184692382812,979.3291015625,221.596923828125,92.858154296875,3.235076904296875,1.9953155105747833,left,False,"{'safe_roi': (450, 80, 1500, 420), 'cylinder_roi': (800, 190, 1000, 300)}",ok_cylinder_inside_confirmed
2026-09-06 20:33:24,2026-09-06,21554,1,88,107.32154846191406,,34.28656005859375,0.7833365797996521,864.7872314453125,189.88922119140625,1046.94384765625,305.9901428222656,182.1566162109375,116.10092163085938,21148.551023248583,955.8655395507812,247.93968200683594,1920,1080,866.6712646484375,234.70828247070312,973.6714477539062,226.4091796875,107.00018310546875,8.299102783203125,4.435071653899193,left,False,"{'safe_roi': (450, 80, 1500, 420), 'cylinder_roi': (800, 190, 1000, 300)}",ok_cylinder_inside_confirmed
2026-09-06 20:33:36,2026-09-06,21810,1,88,108.71984100341797,,42.60784912109375,0.7756956219673157,867.2552490234375,196.8525390625,1036.1588134765625,305.5179138183594,168.903564453125,108.66537475585938,18353.969128899276,951.70703125,251.1852264404297,1920,1080,866.5263061523438,242.59805297851562,974.815185546875,232.9273681640625,108.28887939453125,9.670684814453125,5.103233386900153,left,False,"{'safe_roi': (450, 80, 1500, 420), 'cylinder_roi': (800, 190, 1000, 300)}",ok_cylinder_inside_confirmed
2026-09-06 20:33:41,2026-09-06,21917,1,88,94.89576721191406,,39.89349365234375,0.7865155339241028,875.2057495117188,194.3877716064453,1045.362548828125,309.6380615234375,170.15679931640625,115.25028991699219,19610.62045256328,960.2841796875,252.01290893554688,1920,1080,884.9666748046875,222.3005828857422,979.858154296875,223.20245361328125,94.8914794921875,0.9018707275390625,0.544536040768986,left,False,"{'safe_roi': (450, 80, 1500, 420), 'cylinder_roi': (800, 190, 1000, 300)}",ok_cylinder_inside_confirmed
2026-09-06 20:33:46,2026-09-06,22033,1,88,91.09037780761719,,37.97013854980469,0.774528443813324,876.1632690429688,194.52133178710938,1046.7808837890625,312.5005798339844,170.61761474609375,117.979248046875,20129.337891295552,961.4720458984375,253.51095581054688,1920,1080,888.73046875,218.82742309570312,979.77685546875,221.6580352783203,91.04638671875,2.8306121826171875,1.780739619955527,left,False,"{'safe_roi': (450, 80, 1500, 420), 'cylinder_roi': (800, 190, 1000, 300)}",ok_cylinder_inside_confirmed
2026-09-06 20:46:37,2026-09-06,40431,1,89,107.02762603759766,,19.008071899414062,0.7705843448638916,772.34619140625,180.5988311767578,976.352783203125,295.7359619140625,204.006591796875,115.13713073730469,23488.733630988747,874.3494873046875,238.16738891601562,1920,1080,966.6940307617188,213.31640625,859.9424438476562,220.99827575683594,106.7515869140625,7.6818695068359375,4.115923201610021,right,False,"{'safe_roi': (450, 80, 1500, 420), 'cylinder_roi': (800, 190, 1000, 300)}",ok_cylinder_inside_confirmed
2026-09-06 20:46:42,2026-09-06,40573,1,89,114.51390075683594,,12.781585693359375,0.7416360974311829,768.9672241210938,178.49420166015625,974.6212768554688,294.815185546875,205.654052734375,116.32098388671875,23921.881754353642,871.7942504882812,236.65469360351562,1920,1080,966.9707641601562,216.8741455078125,852.5577392578125,212.06857299804688,114.41302490234375,4.805572509765625,2.4051219677218496,right,False,"{'safe_roi': (450, 80, 1500, 420), 'cylinder_roi': (800, 190, 1000, 300)}",ok_cylinder_inside_confirmed
2026-09-06 20:46:47,2026-09-06,40720,1,89,110.46926879882812,,20.272125244140625,0.7387611269950867,770.4335327148438,177.38475036621094,971.0092163085938,293.7503662109375,200.57568359375,116.36561584472656,23340.112944863737,870.7213745117188,235.56756591796875,1920,1080,964.8803100585938,219.89251708984375,854.4840698242188,215.87632751464844,110.396240234375,4.0161895751953125,2.0834883164040088,right,False,"{'safe_roi': (450, 80, 1500, 420), 'cylinder_roi': (800, 190, 1000, 300)}",ok_cylinder_inside_confirmed
2026-09-06 20:46:52,2026-09-06,40858,1,89,114.94342803955078,,23.29107666015625,0.7555491924285889,770.3029174804688,180.6711883544922,970.5554809570312,293.27032470703125,200.2525634765625,112.59913635253906,22548.265699842945,870.42919921875,236.97076416015625,1920,1080,961.4541015625,214.42160034179688,846.511474609375,214.85110473632812,114.942626953125,0.42950439453125,0.21409528567645472,right,False,"{'safe_roi': (450, 80, 1500, 420), 'cylinder_roi': (800, 190, 1000, 300)}",ok_cylinder_inside_confirmed
2026-09-06 20:46:57,2026-09-06,41006,1,89,117.25239562988281,,26.46075439453125,0.5988969802856445,766.9876708984375,180.6404571533203,965.9761962890625,295.8562316894531,198.988525390625,115.21577453613281,22926.61707668379,866.48193359375,238.24835205078125,1920,1080,958.997314453125,209.89173889160156,841.8191528320312,214.0633544921875,117.17816162109375,4.1716156005859375,2.038904386689608,right,False,"{'safe_roi': (450, 80, 1500, 420), 'cylinder_roi': (800, 190, 1000, 300)}",ok_cylinder_inside_confirmed
2026-09-06 20:47:02,2026-09-06,41153,1,89,110.58557891845703,,29.159835815429688,0.7758710384368896,767.322265625,184.20748901367188,960.5670166015625,302.6460266113281,193.2447509765625,118.43853759765625,22887.625704087317,863.9446411132812,243.4267578125,1920,1080,946.5139770507812,210.59591674804688,836.1207885742188,217.11614990234375,110.3931884765625,6.520233154296875,3.380175325735562,right,False,"{'safe_roi': (450, 80, 1500, 420), 'cylinder_roi': (800, 190, 1000, 300)}",ok_cylinder_inside_confirmed
2026-09-06 20:47:17,2026-09-06,41568,1,89,98.64718627929688,,35.07179260253906,0.7555701732635498,771.0656127929688,188.89205932617188,950.1226196289062,307.3138732910156,179.0570068359375,118.42181396484375,21204.255552627146,860.5941162109375,248.10296630859375,1920,1080,947.4574584960938,215.35513305664062,848.8297119140625,217.31350708007812,98.62774658203125,1.9583740234375,1.1375279988490026,right,False,"{'safe_roi': (450, 80, 1500, 420), 'cylinder_roi': (800, 190, 1000, 300)}",ok_cylinder_inside_confirmed
2026-09-06 20:47:22,2026-09-06,41710,1,89,100.77344512939453,,35.73439025878906,0.7478774189949036,768.0755615234375,190.9359893798828,950.9359130859375,308.4688720703125,182.8603515625,117.53288269042969,21492.104248926044,859.5057373046875,249.70242309570312,1920,1080,947.7887573242188,215.39198303222656,847.0347290039062,217.37030029296875,100.7540283203125,1.9783172607421875,1.1248648617800454,right,False,"{'safe_roi': (450, 80, 1500, 420), 'cylinder_roi': (800, 190, 1000, 300)}",ok_cylinder_inside_confirmed
2026-09-06 20:47:27,2026-09-06,41842,1,89,106.12692260742188,,38.52488708496094,0.7889621257781982,763.7132568359375,189.619873046875,951.3448486328125,309.1125183105469,187.631591796875,119.49264526367188,22420.59523884207,857.529052734375,249.36619567871094,1920,1080,943.9005737304688,212.36904907226562,837.8145751953125,215.31591796875,106.08599853515625,2.946868896484375,1.5911594855774418,right,False,"{'safe_roi': (450, 80, 1500, 420), 'cylinder_roi': (800, 190, 1000, 300)}",ok_cylinder_inside_confirmed
2026-09-06 20:47:32,2026-09-06,41976,1,89,108.49832916259766,,31.830520629882812,0.7797502875328064,761.4992065429688,188.59832763671875,959.3515014648438,306.8498840332031,197.852294921875,118.25155639648438,23396.34181112796,860.4253540039062,247.72410583496094,1920,1080,949.09814453125,216.44720458984375,840.64111328125,219.44039916992188,108.45703125,2.993194580078125,1.5808462980407145,right,False,"{'safe_roi': (450, 80, 1500, 420), 'cylinder_roi': (800, 190, 1000, 300)}",ok_cylinder_inside_confirmed
2026-09-06 20:47:37,2026-09-06,42116,1,89,105.39244079589844,,25.652969360351562,0.7963647246360779,755.8201904296875,188.1854248046875,955.90771484375,306.6703796386719,200.0875244140625,118.48495483398438,23707.36129304394,855.8639526367188,247.4279022216797,1920,1080,945.160888671875,217.5947265625,839.8880615234375,222.61460876464844,105.2728271484375,5.0198822021484375,2.730052684225528,right,False,"{'safe_roi': (450, 80, 1500, 420), 'cylinder_roi': (800, 190, 1000, 300)}",ok_cylinder_inside_confirmed
2026-09-06 20:47:42,2026-09-06,42252,1,89,111.74956512451172,,34.37052917480469,0.8042688965797424,754.4103393554688,188.19451904296875,949.7175903320312,308.0179748535156,195.3072509765625,119.82345581054688,23402.389756869525,852.06396484375,248.1062469482422,1920,1080,939.934326171875,213.74464416503906,828.6484375,223.91403198242188,111.285888671875,10.169387817382812,5.221230253905626,right,False,"{'safe_roi': (450, 80, 1500, 420), 'cylinder_roi': (800, 190, 1000, 300)}",ok_cylinder_inside_confirmed
2026-09-06 20:47:47,2026-09-06,42394,1,89,113.79753112792969,,31.499862670898438,0.8110717535018921,751.8746337890625,190.44528198242188,949.24755859375,310.2393798828125,197.3729248046875,119.79409790039062,23644.11147693917,850.5610961914062,250.3423309326172,1920,1080,936.8909912109375,213.22174072265625,823.941650390625,227.08984375,112.9493408203125,13.86810302734375,6.999833992972473,right,False,"{'safe_roi': (450, 80, 1500, 420), 'cylinder_roi': (800, 190, 1000, 300)}",ok_cylinder_inside_confirmed
2026-09-06 20:49:26,2026-09-06,45155,1,90,101.2397689819336,,15.618804931640625,0.5246948599815369,774.99853515625,180.72613525390625,966.6431884765625,291.3465576171875,191.6446533203125,110.62042236328125,21199.81249395758,870.8208618164062,236.03634643554688,1920,1080,956.6565551757812,223.16610717773438,857.1697998046875,204.40774536132812,99.48675537109375,18.75836181640625,10.677836158184544,right,False,"{'safe_roi': (450, 80, 1500, 420), 'cylinder_roi': (800, 190, 1000, 300)}",ok_cylinder_inside_confirmed
2026-09-06 20:49:31,2026-09-06,45295,1,90,114.0170669555664,,19.414398193359375,0.7400628328323364,771.8154907226562,181.101318359375,964.4130249023438,291.891357421875,192.5975341796875,110.7900390625,21337.888335108757,868.1142578125,236.496337890625,1920,1080,964.7396240234375,219.19488525390625,852.2932739257812,200.33460998535156,112.44635009765625,18.860275268554688,9.521415900180939,right,False,"{'safe_roi': (450, 80, 1500, 420), 'cylinder_roi': (800, 190, 1000, 300)}",ok_cylinder_inside_confirmed
2026-09-06 20:49:36,2026-09-06,45436,1,90,108.23480224609375,,20.6134033203125,0.770938515663147,770.9159545898438,183.95123291015625,964.1942749023438,291.29443359375,193.2783203125,107.34320068359375,20747.1135250926,867.5551147460938,237.62283325195312,1920,1080,958.9693603515625,220.34437561035156,852.1939086914062,202.6306915283203,106.77545166015625,17.71368408203125,9.419387596653783,right,False,"{'safe_roi': (450, 80, 1500, 420), 'cylinder_roi': (800, 190, 1000, 300)}",ok_cylinder_inside_confirmed
2026-09-06 20:49:41,2026-09-06,45577,1,90,120.3872299194336,,21.111099243164062,0.7103682160377502,768.2596435546875,182.13160705566406,964.9287109375,290.5811767578125,196.6690673828125,108.44956970214844,21328.675731388852,866.5941772460938,236.35638427734375,1920,1080,966.3235473632812,221.74143981933594,848.275390625,198.12539672851562,118.04815673828125,23.616043090820312,11.312924750119954,right,False,"{'safe_roi': (450, 80, 1500, 420), 'cylinder_roi': (800, 190, 1000, 300)}",ok_cylinder_inside_confirmed
2026-09-06 20:50:26,2026-09-06,46832,1,91,86.98603820800781,,35.13673400878906,0.7956751585006714,893.12744140625,199.4212188720703,1038.144775390625,318.8272705078125,145.017333984375,119.40605163574219,17315.94726981595,965.6361083984375,259.1242370605469,1920,1080,902.736572265625,225.25335693359375,989.2342529296875,234.4578094482422,86.4976806640625,9.204452514648438,6.07414075426983,left,False,"{'safe_roi': (450, 80, 1500, 420), 'cylinder_roi': (800, 190, 1000, 300)}",ok_cylinder_inside_confirmed
2026-09-06 20:54:43,2026-09-06,53246,1,92,95.244873046875,,35.6195068359375,0.7587451338768005,853.6668090820312,189.33999633789062,1031.9791259765625,304.5904846191406,178.31231689453125,115.25048828125,20550.58158865571,942.822998046875,246.96524047851562,1920,1080,864.6201171875,211.5914764404297,959.8583984375,212.71221923828125,95.23828125,1.1207427978515625,0.6742128009615718,left,False,"{'safe_roi': (450, 80, 1500, 420), 'cylinder_roi': (800, 190, 1000, 300)}",ok_cylinder_inside_confirmed
2026-09-06 20:54:48,2026-09-06,53371,1,92,100.65093231201172,,40.51411437988281,0.7728833556175232,858.1261596679688,186.96585083007812,1036.410400390625,302.64984130859375,178.28424072265625,115.68399047851562,20624.632406229153,947.268310546875,244.80784606933594,1920,1080,862.7052612304688,207.6374969482422,963.2344970703125,212.58547973632812,100.52923583984375,4.9479827880859375,2.817786602001202,left,False,"{'safe_roi': (450, 80, 1500, 420), 'cylinder_roi': (800, 190, 1000, 300)}",ok_cylinder_inside_confirmed
2026-09-06 20:54:53,2026-09-06,53503,1,92,113.90169525146484,,43.165679931640625,0.7792473435401917,861.1785278320312,188.78126525878906,1039.3671875,303.70831298828125,178.18865966796875,114.92704772949219,20478.696594514884,950.2728271484375,246.24478149414062,1920,1080,854.1702270507812,208.02127075195312,967.7279052734375,216.86712646484375,113.55767822265625,8.845855712890625,4.454201349750625,left,False,"{'safe_roi': (450, 80, 1500, 420), 'cylinder_roi': (800, 190, 1000, 300)}",ok_cylinder_inside_confirmed
2026-09-06 20:54:58,2026-09-06,53631,1,92,114.22151947021484,,44.446868896484375,0.7862707376480103,861.0398559570312,188.34954833984375,1042.203369140625,303.4657897949219,181.16351318359375,115.11624145507812,20854.862726492807,951.62158203125,245.9076690673828,1920,1080,854.3228759765625,211.86166381835938,968.375732421875,218.06668090820312,114.0528564453125,6.20501708984375,3.1140925123800063,left,False,"{'safe_roi': (450, 80, 1500, 420), 'cylinder_roi': (800, 190, 1000, 300)}",ok_cylinder_inside_confirmed
2026-09-06 20:55:03,2026-09-06,53753,1,92,116.3547592163086,,40.55987548828125,0.7843782901763916,859.78759765625,185.1726837158203,1042.380615234375,299.7608337402344,182.593017578125,114.58815002441406,20922.99609165266,951.0841064453125,242.46676635742188,1920,1080,857.1930541992188,208.49798583984375,973.1109619140625,218.57113647460938,115.91790771484375,10.073150634765625,4.966469875215972,left,False,"{'safe_roi': (450, 80, 1500, 420), 'cylinder_roi': (800, 190, 1000, 300)}",ok_cylinder_inside_confirmed
2026-09-06 20:55:08,2026-09-06,53890,1,92,114.0794448852539,,42.36408996582031,0.7895936369895935,863.9517211914062,187.74600219726562,1047.3345947265625,302.5671081542969,183.38287353515625,114.82110595703125,21056.224352885038,955.6431884765625,245.15655517578125,1920,1080,862.099365234375,211.06503295898438,975.912841796875,218.85040283203125,113.8134765625,7.785369873046875,3.913201215640942,left,False,"{'safe_roi': (450, 80, 1500, 420), 'cylinder_roi': (800, 190, 1000, 300)}",ok_cylinder_inside_confirmed
2026-09-06 20:55:13,2026-09-06,54008,1,92,120.2362060546875,,43.456298828125,0.7863146662712097,858.5470581054688,191.754638671875,1043.3553466796875,303.330078125,184.80828857421875,111.575439453125,20620.066012248397,950.951171875,247.5423583984375,1920,1080,855.2025146484375,209.34368896484375,975.1057739257812,218.285400390625,119.90325927734375,8.94171142578125,4.26490283357752,left,False,"{'safe_roi': (450, 80, 1500, 420), 'cylinder_roi': (800, 190, 1000, 300)}",ok_cylinder_inside_confirmed
2026-09-06 20:55:18,2026-09-06,54125,1,92,120.96082305908203,,41.2088623046875,0.7853053212165833,858.4412231445312,192.05194091796875,1043.57177734375,303.6761169433594,185.13055419921875,111.62417602539062,20665.045569611713,951.0064697265625,247.86402893066406,1920,1080,853.3321533203125,210.44692993164062,973.9563598632812,219.46478271484375,120.62420654296875,9.017852783203125,4.2754729214824945,left,False,"{'safe_roi': (450, 80, 1500, 420), 'cylinder_roi': (800, 190, 1000, 300)}",ok_cylinder_inside_confirmed
2026-09-06 20:56:54,2026-09-06,56460,1,93,102.9463119506836,,37.81370544433594,0.7868567109107971,869.4213256835938,193.1539306640625,1042.4300537109375,311.9473571777344,173.00872802734375,118.79342651367188,20552.299619140103,955.9256591796875,252.55064392089844,1920,1080,875.7257690429688,217.73031616210938,978.517822265625,223.36383056640625,102.79205322265625,5.633514404296875,3.1369547357778815,left,False,"{'safe_roi': (450, 80, 1500, 420), 'cylinder_roi': (800, 190, 1000, 300)}",ok_cylinder_inside_confirmed
2026-09-06 20:56:59,2026-09-06,56579,1,93,94.06463623046875,,39.022674560546875,0.7900997996330261,876.9996948242188,193.769287109375,1044.329833984375,311.46197509765625,167.33013916015625,117.69268798828125,19693.53385921195,960.664794921875,252.61563110351562,1920,1080,884.820556640625,218.607421875,978.790283203125,222.83193969726562,93.9697265625,4.224517822265625,2.574064908390311,left,False,"{'safe_roi': (450, 80, 1500, 420), 'cylinder_roi': (800, 190, 1000, 300)}",ok_cylinder_inside_confirmed
2026-09-06 20:58:14,2026-09-06,58340,1,94,83.31430053710938,,32.6756591796875,0.8096376657485962,857.6187133789062,190.3043212890625,1019.4039916992188,298.4508361816406,161.7852783203125,108.14651489257812,17496.514011267573,938.5113525390625,244.37757873535156,1920,1080,866.1773071289062,213.37574768066406,949.4570922851562,215.773681640625,83.27978515625,2.3979339599609375,1.6493023446982515,left,False,"{'safe_roi': (450, 80, 1500, 420), 'cylinder_roi': (800, 190, 1000, 300)}",ok_cylinder_inside_confirmed
2026-09-06 20:58:20,2026-09-06,58456,1,94,95.62447357177734,,36.086395263671875,0.774543046951294,848.3921508789062,191.632568359375,1013.2980346679688,296.5449523925781,164.9058837890625,104.91238403320312,17300.66940941289,930.8450927734375,244.08876037597656,1920,1080,858.0504760742188,215.2018585205078,953.6602783203125,213.52691650390625,95.60980224609375,1.6749420166015625,1.0036344668376824,left,False,"{'safe_roi': (450, 80, 1500, 420), 'cylinder_roi': (800, 190, 1000, 300)}",ok_cylinder_inside_confirmed
2026-09-06 21:01:53,2026-09-06,63524,1,95,104.72935485839844,,39.79246520996094,0.7899283170700073,882.224853515625,198.28424072265625,1050.9964599609375,318.09222412109375,168.7716064453125,119.8079833984375,20220.185823127627,966.6106567382812,258.188232421875,1920,1080,881.5880126953125,215.71395874023438,985.693603515625,227.1272430419922,104.1055908203125,11.413284301757812,6.256454102274065,left,False,"{'safe_roi': (450, 80, 1500, 420), 'cylinder_roi': (800, 190, 1000, 300)}",ok_cylinder_inside_confirmed
2026-09-06 21:06:25,2026-09-06,69443,1,96,95.15676879882812,,37.724212646484375,0.815346360206604,871.8209228515625,197.16873168945312,1035.4493408203125,305.4720764160156,163.62841796875,108.3033447265625,17721.504958331585,953.6351318359375,251.32040405273438,1920,1080,884.1075439453125,221.86431884765625,978.9744873046875,229.2855224609375,94.866943359375,7.42120361328125,4.472996085854225,left,False,"{'safe_roi': (450, 80, 1500, 420), 'cylinder_roi': (800, 190, 1000, 300)}",ok_cylinder_inside_confirmed
2026-09-06 21:06:30,2026-09-06,69525,1,96,96.8626480102539,,38.204071044921875,0.7753740549087524,874.8497314453125,195.45993041992188,1036.0753173828125,307.4399108886719,161.2255859375,111.97998046875,18054.037964344025,955.4625244140625,251.44992065429688,1920,1080,881.2564697265625,208.76829528808594,977.2335205078125,221.83651733398438,95.97705078125,13.068222045898438,7.7537034692764975,left,False,"{'safe_roi': (450, 80, 1500, 420), 'cylinder_roi': (800, 190, 1000, 300)}",ok_cylinder_inside_confirmed
2026-09-06 21:06:35,2026-09-06,69610,1,96,99.32679748535156,,39.77813720703125,0.7998302578926086,875.50634765625,195.0886993408203,1039.768310546875,307.97900390625,164.261962890625,112.89030456542969,18543.583019237965,957.6373291015625,251.53384399414062,1920,1080,880.3635864257812,210.78543090820312,978.7374877929688,224.5108642578125,98.3739013671875,13.725433349609375,7.942810501391693,left,False,"{'safe_roi': (450, 80, 1500, 420), 'cylinder_roi': (800, 190, 1000, 300)}",ok_cylinder_inside_confirmed
2026-09-06 21:06:40,2026-09-06,69703,1,96,101.98048400878906,,40.266754150390625,0.7893897294998169,873.10400390625,193.3895721435547,1038.9613037109375,311.6070556640625,165.8572998046875,118.21748352050781,19607.232606416568,956.0326538085938,252.49832153320312,1920,1080,876.0992431640625,208.89303588867188,977.4724731445312,220.0055389404297,101.37322998046875,11.112503051757812,6.2557685139114785,left,False,"{'safe_roi': (450, 80, 1500, 420), 'cylinder_roi': (800, 190, 1000, 300)}",ok_cylinder_inside_confirmed
2026-09-06 21:06:45,2026-09-06,69797,1,96,101.01958465576172,,39.35919189453125,0.7953242063522339,873.256591796875,193.6822509765625,1038.4912109375,312.62982177734375,165.234619140625,118.94757080078125,19654.256558969617,955.8739013671875,253.15603637695312,1920,1080,876.6807861328125,209.4188995361328,977.0064697265625,221.23898315429688,100.32568359375,11.820083618164062,6.7194476748444885,left,False,"{'safe_roi': (450, 80, 1500, 420), 'cylinder_roi': (800, 190, 1000, 300)}",ok_cylinder_inside_confirmed
2026-09-06 21:06:51,2026-09-06,69904,1,96,104.8853988647461,,39.85508728027344,0.7671076655387878,871.1076049804688,190.08383178710938,1040.7821044921875,308.2543640136719,169.67449951171875,118.1705322265625,20050.525912575424,955.94482421875,249.16909790039062,1920,1080,871.9344482421875,207.81155395507812,976.126220703125,219.85406494140625,104.1917724609375,12.042510986328125,6.593006107828896,left,False,"{'safe_roi': (450, 80, 1500, 420), 'cylinder_roi': (800, 190, 1000, 300)}",ok_cylinder_inside_confirmed
2026-09-06 21:06:56,2026-09-06,69988,1,96,100.5129623413086,,39.96875,0.7913117408752441,871.7506713867188,192.8805694580078,1036.9512939453125,309.7257995605469,165.20062255859375,116.84523010253906,19302.904755941592,954.3509521484375,251.30319213867188,1920,1080,873.9263305664062,210.56211853027344,973.9732055664062,220.2305450439453,100.046875,9.668426513671875,5.519863951263022,left,False,"{'safe_roi': (450, 80, 1500, 420), 'cylinder_roi': (800, 190, 1000, 300)}",ok_cylinder_inside_confirmed
2026-09-06 21:07:01,2026-09-06,70072,1,96,99.76795959472656,,39.54432678222656,0.7937011122703552,871.4685668945312,191.8239288330078,1036.5430908203125,309.56829833984375,165.07452392578125,117.74436950683594,19436.595741282217,954.005859375,250.69610595703125,1920,1080,876.74462890625,211.14759826660156,975.8138427734375,222.9347381591797,99.0692138671875,11.787139892578125,6.785088718779155,left,False,"{'safe_roi': (450, 80, 1500, 420), 'cylinder_roi': (800, 190, 1000, 300)}",ok_cylinder_inside_confirmed
2026-09-06 21:07:06,2026-09-06,70160,1,96,92.60955810546875,,35.262420654296875,0.8004242777824402,875.5054931640625,194.15916442871094,1031.455810546875,310.02569580078125,155.9503173828125,115.86653137207031,18069.422341519967,953.4806518554688,252.09243774414062,1920,1080,882.4515380859375,218.61863708496094,974.7412109375,226.30935668945312,92.2896728515625,7.6907196044921875,4.763588380345287,left,False,"{'safe_roi': (450, 80, 1500, 420), 'cylinder_roi': (800, 190, 1000, 300)}",ok_cylinder_inside_confirmed
2026-09-06 21:07:11,2026-09-06,70244,1,96,94.62394714355469,,35.82939147949219,0.7990697026252747,872.2356567382812,194.86187744140625,1033.943603515625,311.3739318847656,161.70794677734375,116.51205444335938,18840.925098845735,953.089599609375,253.11790466308594,1920,1080,880.1767578125,216.04754638671875,974.6328735351562,221.6808319091797,94.45611572265625,5.6332855224609375,3.4130307552137418,left,False,"{'safe_roi': (450, 80, 1500, 420), 'cylinder_roi': (800, 190, 1000, 300)}",ok_cylinder_inside_confirmed
2026-09-06 21:12:42,2026-09-06,75788,1,97,104.76799011230469,,45.93701171875,0.8037142753601074,840.3423461914062,188.80752563476562,1012.1564331054688,296.9233703613281,171.8140869140625,108.1158447265625,18575.825142636895,926.2493896484375,242.86544799804688,1920,1080,836.2651977539062,210.69740295410156,940.8820190429688,216.323486328125,104.6168212890625,5.6260833740234375,3.0782871492602553,left,False,"{'safe_roi': (450, 80, 1500, 420), 'cylinder_roi': (800, 190, 1000, 300)}",ok_cylinder_inside_confirmed
2026-09-06 21:12:47,2026-09-06,75872,1,97,120.70719909667969,,42.62223815917969,0.787014365196228,838.4972534179688,186.4471893310547,1010.6514282226562,295.0434875488281,172.1541748046875,108.59629821777344,18695.306106524542,924.5743408203125,240.74533081054688,1920,1080,834.5103759765625,203.648193359375,955.1619873046875,207.31105041503906,120.651611328125,3.6628570556640625,1.7389059957353512,left,False,"{'safe_roi': (450, 80, 1500, 420), 'cylinder_roi': (800, 190, 1000, 300)}",ok_cylinder_inside_confirmed
2026-09-06 21:12:53,2026-09-06,75961,1,97,118.30784606933594,,43.63737487792969,0.7954311966896057,837.0415649414062,184.83572387695312,1018.8048706054688,295.281005859375,181.7633056640625,110.44528198242188,20074.899548124522,927.9232177734375,240.05836486816406,1920,1080,834.8519287109375,205.6167755126953,953.0738525390625,210.1249542236328,118.221923828125,4.5081787109375,2.183812552942035,left,False,"{'safe_roi': (450, 80, 1500, 420), 'cylinder_roi': (800, 190, 1000, 300)}",ok_cylinder_inside_confirmed
2026-09-06 21:14:56,2026-09-06,78006,1,98,87.61183166503906,,38.77742004394531,0.7891855835914612,864.80126953125,191.6268768310547,1032.216552734375,303.87335205078125,167.415283203125,112.24647521972656,18791.775437463075,948.5089111328125,247.7501220703125,1920,1080,872.26220703125,215.48861694335938,959.7954711914062,219.1982421875,87.53326416015625,3.709625244140625,2.426720432807571,left,False,"{'safe_roi': (450, 80, 1500, 420), 'cylinder_roi': (800, 190, 1000, 300)}",ok_cylinder_inside_confirmed
2026-09-06 21:15:01,2026-09-06,78088,1,98,88.39337921142578,,39.43879699707031,0.7924984693527222,864.7786865234375,192.9029541015625,1033.369873046875,304.9978942871094,168.5911865234375,112.09494018554688,18898.218969155103,949.0742797851562,248.95042419433594,1920,1080,875.2193603515625,215.50729370117188,963.4058837890625,221.55105590820312,88.1865234375,6.04376220703125,3.9205700217684467,left,False,"{'safe_roi': (450, 80, 1500, 420), 'cylinder_roi': (800, 190, 1000, 300)}",ok_cylinder_inside_confirmed
2026-09-06 21:15:06,2026-09-06,78173,1,98,92.56352996826172,,40.059112548828125,0.8022434115409851,864.2700805664062,188.47491455078125,1034.619140625,304.08038330078125,170.34906005859375,115.60546875,19693.282939195633,949.444580078125,246.27764892578125,1920,1080,877.6142578125,215.68524169921875,969.9796752929688,221.73806762695312,92.36541748046875,6.052825927734375,3.749306130329212,left,False,"{'safe_roi': (450, 80, 1500, 420), 'cylinder_roi': (800, 190, 1000, 300)}",ok_cylinder_inside_confirmed
2026-09-06 21:15:11,2026-09-06,78259,1,98,93.4351577758789,,39.842071533203125,0.7949504256248474,862.9454956054688,192.03472900390625,1032.76904296875,305.2673645019531,169.82354736328125,113.23263549804688,19229.567837571725,947.8572998046875,248.6510467529297,1920,1080,875.9427490234375,216.6177978515625,969.1929321289062,222.49420166015625,93.25018310546875,5.87640380859375,3.605874976484177,left,False,"{'safe_roi': (450, 80, 1500, 420), 'cylinder_roi': (800, 190, 1000, 300)}",ok_cylinder_inside_confirmed
2026-09-06 21:15:16,2026-09-06,78339,1,98,97.33281707763672,,39.94087219238281,0.7881302833557129,863.960205078125,190.25747680664062,1033.7196044921875,302.9315490722656,169.7593994140625,112.674072265625,19127.482837349176,948.8399047851562,246.59451293945312,1920,1080,875.5691528320312,216.12448120117188,972.6798095703125,222.69692993164062,97.11065673828125,6.57244873046875,3.871873445150577,left,False,"{'safe_roi': (450, 80, 1500, 420), 'cylinder_roi': (800, 190, 1000, 300)}",ok_cylinder_inside_confirmed
2026-09-06 21:15:21,2026-09-06,78423,1,98,96.88735961914062,,39.55328369140625,0.7886451482772827,866.682373046875,191.44073486328125,1033.8385009765625,305.0775146484375,167.1561279296875,113.63677978515625,18995.084099285305,950.2604370117188,248.25912475585938,1920,1080,876.6024169921875,216.21336364746094,973.2160034179688,223.49176025390625,96.61358642578125,7.2783966064453125,4.308246693980586,left,False,"{'safe_roi': (450, 80, 1500, 420), 'cylinder_roi': (800, 190, 1000, 300)}",ok_cylinder_inside_confirmed
2026-09-06 21:15:26,2026-09-06,78509,1,98,103.52937316894531,,40.09840393066406,0.8086187839508057,864.7861328125,191.14102172851562,1034.4361572265625,303.12738037109375,169.6500244140625,111.98635864257812,18998.488477755338,949.6111450195312,247.1342010498047,1920,1080,874.8968505859375,214.638671875,977.89111328125,225.1511993408203,102.9942626953125,10.512527465820312,5.827943530081598,left,False,"{'safe_roi': (450, 80, 1500, 420), 'cylinder_roi': (800, 190, 1000, 300)}",ok_cylinder_inside_confirmed
2026-09-06 21:15:31,2026-09-06,78593,1,98,97.87611389160156,,40.34977722167969,0.7874600291252136,864.3418579101562,188.67584228515625,1035.9906005859375,303.2322998046875,171.64874267578125,114.55645751953125,19663.471898619086,950.166259765625,245.95407104492188,1920,1080,874.8717651367188,215.21014404296875,972.4874267578125,222.34573364257812,97.61566162109375,7.135589599609375,4.180817762661577,left,False,"{'safe_roi': (450, 80, 1500, 420), 'cylinder_roi': (800, 190, 1000, 300)}",ok_cylinder_inside_confirmed
2026-09-06 21:15:36,2026-09-06,78676,1,98,101.78913116455078,,41.25103759765625,0.785399317741394,862.45947265625,192.3922119140625,1035.8544921875,305.1180419921875,173.39501953125,112.725830078125,19546.097508072853,949.156982421875,248.755126953125,1920,1080,875.3740234375,214.41539001464844,976.7404174804688,223.6826171875,101.36639404296875,9.267227172851562,5.223635132030569,left,False,"{'safe_roi': (450, 80, 1500, 420), 'cylinder_roi': (800, 190, 1000, 300)}",ok_cylinder_inside_confirmed
2026-09-06 21:15:41,2026-09-06,78760,1,98,103.30760955810547,,41.32936096191406,0.7892005443572998,863.6268920898438,192.41795349121094,1035.770263671875,306.2430419921875,172.14337158203125,113.82508850097656,19594.2345051812,949.6986083984375,249.33050537109375,1920,1080,873.561767578125,214.55072021484375,976.5308837890625,222.90670776367188,102.9691162109375,8.355987548828125,4.639410573075563,left,False,"{'safe_roi': (450, 80, 1500, 420), 'cylinder_roi': (800, 190, 1000, 300)}",ok_cylinder_inside_confirmed
2026-09-06 21:15:46,2026-09-06,78845,1,98,99.6983871459961,,40.07511901855469,0.770002543926239,863.176025390625,188.7857208251953,1037.80859375,305.3148498535156,174.632568359375,116.52912902832031,20349.781090896577,950.4923095703125,247.05029296875,1920,1080,873.887939453125,213.14402770996094,973.2333984375,221.52545166015625,99.345458984375,8.381423950195312,4.822421784411761,left,False,"{'safe_roi': (450, 80, 1500, 420), 'cylinder_roi': (800, 190, 1000, 300)}",ok_cylinder_inside_confirmed
2026-09-06 21:15:51,2026-09-06,78925,1,98,102.28215026855469,,40.52085876464844,0.7802513837814331,860.8291625976562,190.20713806152344,1035.3857421875,305.75177001953125,174.55657958984375,115.54463195800781,20169.075744557194,948.107421875,247.97946166992188,1920,1080,872.5496826171875,213.58596801757812,974.5556030273438,221.09796142578125,102.00592041015625,7.511993408203125,4.211814105625778,left,False,"{'safe_roi': (450, 80, 1500, 420), 'cylinder_roi': (800, 190, 1000, 300)}",ok_cylinder_inside_confirmed
2026-09-06 21:15:56,2026-09-06,79009,1,98,106.16751861572266,,40.24235534667969,0.7722812294960022,862.9554443359375,192.96621704101562,1039.4378662109375,305.15496826171875,176.482421875,112.18875122070312,19799.34252256155,951.1966552734375,249.0605926513672,1920,1080,873.274658203125,219.74700927734375,979.28955078125,225.43768310546875,106.014892578125,5.690673828125,3.072577547847518,left,False,"{'safe_roi': (450, 80, 1500, 420), 'cylinder_roi': (800, 190, 1000, 300)}",ok_cylinder_inside_confirmed
2026-09-06 21:16:01,2026-09-06,79097,1,98,102.83001708984375,,39.6524658203125,0.771269679069519,862.5316162109375,193.2372589111328,1039.46044921875,306.8036804199219,176.9288330078125,113.56642150878906,20093.174426423386,950.9960327148438,250.02047729492188,1920,1080,871.6044921875,213.2681884765625,974.16796875,220.667236328125,102.5634765625,7.3990478515625,4.126235604964128,left,False,"{'safe_roi': (450, 80, 1500, 420), 'cylinder_roi': (800, 190, 1000, 300)}",ok_cylinder_inside_confirmed
2026-09-06 21:16:06,2026-09-06,79183,1,98,100.44955444335938,,38.727935791015625,0.7714568376541138,862.703369140625,189.96852111816406,1037.1585693359375,306.9266357421875,174.4552001953125,116.95811462402344,20403.951301200315,949.9309692382812,248.44757080078125,1920,1080,876.1845703125,219.83795166015625,976.6204833984375,221.49346923828125,100.4359130859375,1.655517578125,0.9443393104960994,left,False,"{'safe_roi': (450, 80, 1500, 420), 'cylinder_roi': (800, 190, 1000, 300)}",ok_cylinder_inside_confirmed
2026-09-06 21:16:11,2026-09-06,79270,1,98,101.19487762451172,,39.10838317871094,0.7865533232688904,861.3428344726562,191.93556213378906,1037.038330078125,305.93450927734375,175.69549560546875,113.99894714355469,20029.101516888477,949.1905517578125,248.93502807617188,1920,1080,872.9019165039062,213.5201416015625,973.6488037109375,223.03160095214844,100.74688720703125,9.511459350585938,5.393277896715652,left,False,"{'safe_roi': (450, 80, 1500, 420), 'cylinder_roi': (800, 190, 1000, 300)}",ok_cylinder_inside_confirmed
2026-09-06 21:16:17,2026-09-06,79350,1,98,99.91638946533203,,38.8819580078125,0.7858291268348694,862.4078979492188,192.7053985595703,1037.4110107421875,304.4598388671875,175.00311279296875,111.75444030761719,19557.374922269024,949.909423828125,248.58261108398438,1920,1080,871.5606079101562,215.1134033203125,971.2550048828125,221.77017211914062,99.69439697265625,6.656768798828125,3.820068667145639,left,False,"{'safe_roi': (450, 80, 1500, 420), 'cylinder_roi': (800, 190, 1000, 300)}",ok_cylinder_inside_confirmed
2026-09-06 21:16:22,2026-09-06,79433,1,98,100.93795776367188,,38.14068603515625,0.7968562245368958,862.2146606445312,191.3450469970703,1035.048095703125,304.61004638671875,172.83343505859375,113.26499938964844,19575.978916422464,948.63134765625,247.9775390625,1920,1080,869.6998901367188,212.950439453125,970.4000244140625,219.87539672851562,100.70013427734375,6.924957275390625,3.9339286562400715,left,False,"{'safe_roi': (450, 80, 1500, 420), 'cylinder_roi': (800, 190, 1000, 300)}",ok_cylinder_inside_confirmed
2026-09-06 21:16:27,2026-09-06,79517,1,98,100.00679016113281,,39.83848571777344,0.7830661535263062,862.0369262695312,193.62258911132812,1034.4185791015625,307.12921142578125,172.38165283203125,113.50662231445312,19566.45916194655,948.227783203125,250.3759002685547,1920,1080,869.6463623046875,213.82032775878906,969.4560546875,220.09597778320312,99.8096923828125,6.2756500244140625,3.597802296833189,left,False,"{'safe_roi': (450, 80, 1500, 420), 'cylinder_roi': (800, 190, 1000, 300)}",ok_cylinder_inside_confirmed
2026-09-06 21:16:32,2026-09-06,79600,1,98,102.91676330566406,,39.62382507324219,0.7903816103935242,860.7486572265625,193.7625732421875,1035.10009765625,307.16119384765625,174.3514404296875,113.39862060546875,19771.21284530312,947.9243774414062,250.46188354492188,1920,1080,871.2421264648438,213.03567504882812,973.769775390625,221.97665405273438,102.52764892578125,8.94097900390625,4.9839010522197515,left,False,"{'safe_roi': (450, 80, 1500, 420), 'cylinder_roi': (800, 190, 1000, 300)}",ok_cylinder_inside_confirmed
2026-09-06 21:16:37,2026-09-06,79683,1,98,103.21075439453125,,40.33308410644531,0.7845601439476013,859.6445922851562,193.06240844726562,1033.8349609375,307.0445556640625,174.19036865234375,113.98214721679688,19854.592243479565,946.73974609375,250.05348205566406,1920,1080,868.47900390625,215.37905883789062,971.4327392578125,222.65835571289062,102.9537353515625,7.279296875,4.0443415046717455,left,False,"{'safe_roi': (450, 80, 1500, 420), 'cylinder_roi': (800, 190, 1000, 300)}",ok_cylinder_inside_confirmed
2026-09-06 21:16:42,2026-09-06,79768,1,98,98.26053619384766,,39.969940185546875,0.7836947441101074,860.5897827148438,194.61557006835938,1033.4896240234375,304.7347106933594,172.89984130859375,110.119140625,19039.58193910122,947.0396728515625,249.67514038085938,1920,1080,868.9232177734375,215.4857177734375,966.9742431640625,221.89895629882812,98.051025390625,6.413238525390625,3.742223423060786,left,False,"{'safe_roi': (450, 80, 1500, 420), 'cylinder_roi': (800, 190, 1000, 300)}",ok_cylinder_inside_confirmed
2026-09-06 21:16:47,2026-09-06,79852,1,98,90.9975814819336,,39.39018249511719,0.7902620434761047,861.8378295898438,194.31512451171875,1031.5382080078125,307.1355895996094,169.70037841796875,112.82046508789062,19145.67561870627,946.68798828125,250.72535705566406,1920,1080,873.7813720703125,215.4485626220703,964.6464233398438,220.35791015625,90.86505126953125,4.9093475341796875,3.09262654575268,left,False,"{'safe_roi': (450, 80, 1500, 420), 'cylinder_roi': (800, 190, 1000, 300)}",ok_cylinder_inside_confirmed
2026-09-06 21:16:52,2026-09-06,79935,1,98,93.62812805175781,,38.25096130371094,0.7873559594154358,860.5543823242188,193.640869140625,1032.28564453125,307.53179931640625,171.73126220703125,113.89093017578125,19558.633193019778,946.4200439453125,250.58633422851562,1920,1080,870.388671875,214.80252075195312,963.856689453125,220.27578735351562,93.468017578125,5.4732666015625,3.3512786651095587,left,False,"{'safe_roi': (450, 80, 1500, 420), 'cylinder_roi': (800, 190, 1000, 300)}",ok_cylinder_inside_confirmed
2026-09-06 21:16:57,2026-09-06,80022,1,98,95.11894226074219,,38.186767578125,0.7793552875518799,860.0812377929688,195.3318328857422,1031.4110107421875,307.40081787109375,171.32977294921875,112.06898498535156,19200.75375218969,945.74609375,251.3663330078125,1920,1080,868.48193359375,213.42678833007812,963.5078125,217.63345336914062,95.02587890625,4.2066650390625,2.5347504731982164,left,False,"{'safe_roi': (450, 80, 1500, 420), 'cylinder_roi': (800, 190, 1000, 300)}",ok_cylinder_inside_confirmed
2026-09-06 21:17:02,2026-09-06,80107,1,98,95.71102905273438,,37.032684326171875,0.7760420441627502,863.0820922851562,195.37496948242188,1030.330810546875,307.96966552734375,167.24871826171875,112.59469604492188,18831.318596580997,946.7064208984375,251.6723175048828,1920,1080,867.34130859375,211.27642822265625,962.9224853515625,216.26036071777344,95.5811767578125,4.9839324951171875,2.9848964321320386,left,False,"{'safe_roi': (450, 80, 1500, 420), 'cylinder_roi': (800, 190, 1000, 300)}",ok_cylinder_inside_confirmed
2026-09-06 21:17:07,2026-09-06,80191,1,98,97.38337707519531,,37.5145263671875,0.7852590084075928,862.8468627929688,194.17774963378906,1031.740966796875,307.516845703125,168.89410400390625,113.33909606933594,19142.305079243146,947.2939453125,250.8472900390625,1920,1080,868.872314453125,213.5306396484375,966.0630493164062,219.65304565429688,97.19073486328125,6.122406005859375,3.6045115480846426,left,False,"{'safe_roi': (450, 80, 1500, 420), 'cylinder_roi': (800, 190, 1000, 300)}",ok_cylinder_inside_confirmed
2026-09-06 21:17:12,2026-09-06,80275,1,98,98.15276336669922,,38.009002685546875,0.7897542119026184,860.2852783203125,195.74038696289062,1031.1158447265625,307.5923156738281,170.83056640625,111.8519287109375,19107.72833532095,945.7005615234375,251.66635131835938,1920,1080,868.2406005859375,212.22933959960938,966.0753173828125,220.12451171875,97.834716796875,7.895172119140625,4.613718938131206,left,False,"{'safe_roi': (450, 80, 1500, 420), 'cylinder_roi': (800, 190, 1000, 300)}",ok_cylinder_inside_confirmed
2026-09-06 21:17:23,2026-09-06,80460,1,98,87.63743591308594,,37.459136962890625,0.7734154462814331,881.9981079101562,194.7796630859375,1042.6273193359375,308.0635986328125,160.62921142578125,113.283935546875,18196.70923410356,962.312744140625,251.421630859375,1920,1080,891.643798828125,219.29727172851562,979.258056640625,221.3128662109375,87.6142578125,2.015594482421875,1.3178755730730527,left,False,"{'safe_roi': (450, 80, 1500, 420), 'cylinder_roi': (800, 190, 1000, 300)}",ok_cylinder_inside_confirmed
2026-09-06 21:17:28,2026-09-06,80548,1,98,88.38066864013672,,36.22900390625,0.7985097765922546,883.0492553710938,193.3373565673828,1042.408935546875,308.5067138671875,159.35968017578125,115.16935729980469,18353.351945347153,962.7291259765625,250.92202758789062,1920,1080,892.7589111328125,213.755859375,980.7986450195312,221.51138305664062,88.03973388671875,7.755523681640625,5.034257389497261,left,False,"{'safe_roi': (450, 80, 1500, 420), 'cylinder_roi': (800, 190, 1000, 300)}",ok_cylinder_inside_confirmed
2026-09-06 21:17:33,2026-09-06,80633,1,98,83.78984832763672,,37.07804870605469,0.7936765551567078,882.7443237304688,194.07644653320312,1041.62841796875,309.3703918457031,158.88409423828125,115.2939453125,18318.374072134495,962.1864013671875,251.72341918945312,1920,1080,894.1126708984375,211.86587524414062,977.46533203125,220.41409301757812,83.3526611328125,8.5482177734375,5.855487687669378,left,False,"{'safe_roi': (450, 80, 1500, 420), 'cylinder_roi': (800, 190, 1000, 300)}",ok_cylinder_inside_confirmed
2026-09-06 21:17:38,2026-09-06,80713,1,98,85.6077651977539,,37.24946594238281,0.8028343319892883,882.1331176757812,193.7755126953125,1043.976806640625,308.8188781738281,161.84368896484375,115.04336547851562,18619.042659973726,963.054931640625,251.2971954345703,1920,1080,892.8819580078125,211.61000061035156,978.119873046875,219.55908203125,85.2379150390625,7.9490814208984375,5.327855814757672,left,False,"{'safe_roi': (450, 80, 1500, 420), 'cylinder_roi': (800, 190, 1000, 300)}",ok_cylinder_inside_confirmed
2026-09-06 21:17:43,2026-09-06,80821,1,98,86.98908233642578,,36.69610595703125,0.7985730171203613,882.7440185546875,192.99685668945312,1043.6220703125,308.9252014160156,160.8780517578125,115.9283447265625,18650.32624311745,963.1830444335938,250.96102905273438,1920,1080,891.7022705078125,208.7122039794922,977.810302734375,221.06158447265625,86.1080322265625,12.349380493164062,8.161551981868538,left,False,"{'safe_roi': (450, 80, 1500, 420), 'cylinder_roi': (800, 190, 1000, 300)}",ok_cylinder_inside_confirmed
2026-09-06 21:17:49,2026-09-06,80905,1,98,84.52934265136719,,37.873199462890625,0.7900947332382202,881.9937133789062,191.87460327148438,1045.1024169921875,307.99627685546875,163.10870361328125,116.12167358398438,18940.455639688298,963.548095703125,249.93544006347656,1920,1080,892.9448852539062,215.170166015625,977.181884765625,222.1942138671875,84.23699951171875,7.0240478515625,4.766544830345535,left,False,"{'safe_roi': (450, 80, 1500, 420), 'cylinder_roi': (800, 190, 1000, 300)}",ok_cylinder_inside_confirmed
2026-09-06 21:17:54,2026-09-06,80989,1,98,87.71827697753906,,36.92091369628906,0.7929530143737793,883.015625,192.2226104736328,1045.9779052734375,309.791748046875,162.9622802734375,117.56913757324219,19159.334748717025,964.4967651367188,251.00717163085938,1920,1080,890.898681640625,215.1653289794922,978.4383544921875,220.7601318359375,87.5396728515625,5.5948028564453125,3.6568927615174096,left,False,"{'safe_roi': (450, 80, 1500, 420), 'cylinder_roi': (800, 190, 1000, 300)}",ok_cylinder_inside_confirmed
2026-09-06 21:20:58,2026-09-06,84098,1,99,108.58853149414062,,42.24043273925781,0.7694447040557861,847.4956665039062,187.37693786621094,1023.5602416992188,296.9069519042969,176.0645751953125,109.53001403808594,19284.355392752215,935.5279541015625,242.14193725585938,1920,1080,850.5076904296875,212.85662841796875,959.0803833007812,214.7110595703125,108.57269287109375,1.85443115234375,0.9785218109411556,left,False,"{'safe_roi': (450, 80, 1500, 420), 'cylinder_roi': (800, 190, 1000, 300)}",ok_cylinder_inside_confirmed
2026-09-06 21:21:03,2026-09-06,84199,1,99,109.90613555908203,,43.59930419921875,0.7791950106620789,847.4395751953125,190.0712432861328,1024.4930419921875,297.025390625,177.053466796875,106.95414733886719,18936.6025746502,935.96630859375,243.54830932617188,1920,1080,848.8494873046875,209.18960571289062,958.6949462890625,212.84124755859375,109.845458984375,3.651641845703125,1.9040081051422504,left,False,"{'safe_roi': (450, 80, 1500, 420), 'cylinder_roi': (800, 190, 1000, 300)}",ok_cylinder_inside_confirmed
2026-09-06 21:21:08,2026-09-06,84282,1,99,97.69544219970703,,36.417938232421875,0.7641584873199463,848.66064453125,189.6814422607422,1026.434326171875,296.9216613769531,177.773681640625,107.24021911621094,19064.48857223615,937.5474853515625,243.30154418945312,1920,1080,857.821044921875,215.10076904296875,955.5135498046875,215.85855102539062,97.6925048828125,0.757781982421875,0.44442343535767187,left,False,"{'safe_roi': (450, 80, 1500, 420), 'cylinder_roi': (800, 190, 1000, 300)}",ok_cylinder_inside_confirmed
2026-09-06 21:21:13,2026-09-06,84366,1,99,120.30536651611328,,46.368988037109375,0.7603346705436707,849.8603515625,185.92373657226562,1031.7237548828125,297.4398193359375,181.8634033203125,111.51608276367188,20280.694336351007,940.7920532226562,241.68177795410156,1920,1080,842.5054321289062,203.7949981689453,962.526611328125,212.05923461914062,120.02117919921875,8.264236450195312,3.9389686316362202,left,False,"{'safe_roi': (450, 80, 1500, 420), 'cylinder_roi': (800, 190, 1000, 300)}",ok_cylinder_inside_confirmed
2026-09-06 21:21:18,2026-09-06,84454,1,99,119.70745849609375,,47.0560302734375,0.7646511197090149,845.718505859375,184.11013793945312,1033.3883056640625,296.2071533203125,187.6697998046875,112.09701538085938,21037.224435228854,939.5534057617188,240.1586456298828,1920,1080,841.2815551757812,207.02272033691406,960.8480224609375,212.83087158203125,119.56646728515625,5.8081512451171875,2.7810570541485076,left,False,"{'safe_roi': (450, 80, 1500, 420), 'cylinder_roi': (800, 190, 1000, 300)}",ok_cylinder_inside_confirmed
2026-09-06 21:21:23,2026-09-06,84536,1,99,123.09615325927734,,49.54789733886719,0.7630293369293213,842.0201416015625,181.69625854492188,1032.495361328125,294.4745788574219,190.4752197265625,112.7783203125,21481.475341916084,937.2577514648438,238.08541870117188,1920,1080,837.8527221679688,206.84597778320312,960.7230224609375,214.29934692382812,122.87030029296875,7.453369140625,3.4713347928039306,left,False,"{'safe_roi': (450, 80, 1500, 420), 'cylinder_roi': (800, 190, 1000, 300)}",ok_cylinder_inside_confirmed
2026-09-06 21:24:19,2026-09-06,87432,1,100,119.37796020507812,,50.266265869140625,0.7749902606010437,843.3221435546875,186.58175659179688,1028.161865234375,299.73931884765625,184.8397216796875,113.15756225585938,20916.012313324958,935.7420043945312,243.16053771972656,1920,1080,837.2554931640625,205.1250762939453,956.525146484375,210.20912170410156,119.2696533203125,5.08404541015625,2.4408397270014754,left,False,"{'safe_roi': (450, 80, 1500, 420), 'cylinder_roi': (800, 190, 1000, 300)}",ok_cylinder_inside_confirmed
2026-09-06 21:24:24,2026-09-06,87517,1,100,122.46073150634766,,49.293914794921875,0.7988765239715576,841.2910766601562,187.534423828125,1032.012939453125,299.5361633300781,190.72186279296875,112.00173950195312,21361.180393865332,936.6519775390625,243.53529357910156,1920,1080,836.8072509765625,207.47291564941406,959.23583984375,210.27862548828125,122.4285888671875,2.8057098388671875,1.3128240721752755,left,False,"{'safe_roi': (450, 80, 1500, 420), 'cylinder_roi': (800, 190, 1000, 300)}",ok_cylinder_inside_confirmed
2026-09-06 21:24:29,2026-09-06,87599,1,100,122.65099334716797,,46.91400146484375,0.7978973984718323,839.6346435546875,188.71743774414062,1033.303955078125,300.3031921386719,193.6693115234375,111.58575439453125,21610.736229412258,936.4692993164062,244.51031494140625,1920,1080,836.124755859375,206.16165161132812,958.58837890625,212.93865966796875,122.463623046875,6.777008056640625,3.167457454496193,left,False,"{'safe_roi': (450, 80, 1500, 420), 'cylinder_roi': (800, 190, 1000, 300)}",ok_cylinder_inside_confirmed
2026-09-06 21:24:34,2026-09-06,87679,1,100,124.9581069946289,,48.44749450683594,0.8016443848609924,839.2232666015625,186.09947204589844,1034.2264404296875,298.45916748046875,195.003173828125,112.35969543457031,21910.497220102698,936.724853515625,242.27932739257812,1920,1080,835.7659912109375,202.8960418701172,960.5029907226562,210.3262939453125,124.73699951171875,7.4302520751953125,3.4089294283868474,left,False,"{'safe_roi': (450, 80, 1500, 420), 'cylinder_roi': (800, 190, 1000, 300)}",ok_cylinder_inside_confirmed
2026-09-06 21:24:39,2026-09-06,87760,1,100,124.33629608154297,,49.61201477050781,0.8052040934562683,838.2283935546875,185.80291748046875,1036.3443603515625,297.30865478515625,198.115966796875,111.5057373046875,22091.066949516535,937.286376953125,241.5557861328125,1920,1080,836.5748291015625,204.1270751953125,960.7891845703125,209.63246154785156,124.21435546875,5.5053863525390625,2.5377831443585297,left,False,"{'safe_roi': (450, 80, 1500, 420), 'cylinder_roi': (800, 190, 1000, 300)}",ok_cylinder_inside_confirmed
2026-09-06 21:24:44,2026-09-06,87846,1,100,120.47248077392578,,48.2052001953125,0.7845907211303711,837.8206176757812,186.80117797851562,1036.1112060546875,296.9701843261719,198.29058837890625,110.16900634765625,21845.477089796215,936.9659423828125,241.88568115234375,1920,1080,840.6173706054688,206.542724609375,961.0064086914062,211.0257568359375,120.3890380859375,4.4830322265625,2.1325878462200123,left,False,"{'safe_roi': (450, 80, 1500, 420), 'cylinder_roi': (800, 190, 1000, 300)}",ok_cylinder_inside_confirmed
2026-09-06 21:24:49,2026-09-06,87931,1,100,123.97150421142578,,47.72821044921875,0.7959274649620056,836.3272705078125,186.481689453125,1035.753662109375,298.6612548828125,199.4263916015625,112.1795654296875,22371.565945073962,936.0404663085938,242.57147216796875,1920,1080,836.7047119140625,204.49984741210938,960.5516967773438,210.05477905273438,123.84698486328125,5.554931640625,2.5681768563555316,left,False,"{'safe_roi': (450, 80, 1500, 420), 'cylinder_roi': (800, 190, 1000, 300)}",ok_cylinder_inside_confirmed
2026-09-06 21:24:54,2026-09-06,88015,1,100,124.5509033203125,,45.59877014160156,0.7903100848197937,837.9310302734375,187.3836212158203,1036.0491943359375,298.0630798339844,198.1181640625,110.67945861816406,21927.611140862107,936.9901123046875,242.72335815429688,1920,1080,837.2828369140625,202.50628662109375,961.2860107421875,214.1741943359375,124.003173828125,11.66790771484375,5.375340954015603,left,False,"{'safe_roi': (450, 80, 1500, 420), 'cylinder_roi': (800, 190, 1000, 300)}",ok_cylinder_inside_confirmed
2026-09-06 21:24:59,2026-09-06,88102,1,100,123.90362548828125,,47.67706298828125,0.785873532295227,838.7217407226562,187.21307373046875,1034.688232421875,299.2840270996094,195.96649169921875,112.07095336914062,21962.151553137228,936.7049560546875,243.24855041503906,1920,1080,837.6668701171875,204.53720092773438,961.3953857421875,211.1222381591797,123.728515625,6.5850372314453125,3.04650232562081,left,False,"{'safe_roi': (450, 80, 1500, 420), 'cylinder_roi': (800, 190, 1000, 300)}",ok_cylinder_inside_confirmed
2026-09-06 21:25:04,2026-09-06,88183,1,100,125.18753814697266,,45.4957275390625,0.7920049428939819,837.1626586914062,184.38990783691406,1035.1837158203125,296.44342041015625,198.02105712890625,112.05351257324219,22188.955014760606,936.1732177734375,240.41665649414062,1920,1080,836.3788452148438,204.087890625,961.482421875,208.672119140625,125.10357666015625,4.584228515625,2.098576935968278,left,False,"{'safe_roi': (450, 80, 1500, 420), 'cylinder_roi': (800, 190, 1000, 300)}",ok_cylinder_inside_confirmed
2026-09-06 21:25:09,2026-09-06,88270,1,100,123.44915008544922,,46.89772033691406,0.7927705645561218,840.018798828125,188.78231811523438,1036.3944091796875,299.55572509765625,196.3756103515625,110.77340698242188,21753.19540689513,938.2066040039062,244.1690216064453,1920,1080,836.518798828125,203.99630737304688,959.7838745117188,210.7352294921875,123.26507568359375,6.738922119140625,3.129254643538359,left,False,"{'safe_roi': (450, 80, 1500, 420), 'cylinder_roi': (800, 190, 1000, 300)}",ok_cylinder_inside_confirmed
2026-09-06 21:25:14,2026-09-06,88357,1,100,124.28851318359375,,46.3154296875,0.7896980047225952,837.259765625,182.80206298828125,1033.7762451171875,295.0449523925781,196.5164794921875,112.24288940429688,22057.577473763376,935.5180053710938,238.9235076904297,1920,1080,836.013671875,203.2945556640625,960.1688232421875,209.05067443847656,124.1551513671875,5.7561187744140625,2.6544635016150187,left,False,"{'safe_roi': (450, 80, 1500, 420), 'cylinder_roi': (800, 190, 1000, 300)}",ok_cylinder_inside_confirmed
2026-09-06 21:25:19,2026-09-06,88444,1,100,123.18356323242188,,45.04551696777344,0.7965012788772583,838.705078125,186.95220947265625,1035.2923583984375,296.8060302734375,196.5872802734375,109.85382080078125,21595.863858871162,936.9987182617188,241.87911987304688,1920,1080,836.1238403320312,203.36428833007812,959.226318359375,207.83314514160156,123.10247802734375,4.4688568115234375,2.0790340878127758,left,False,"{'safe_roi': (450, 80, 1500, 420), 'cylinder_roi': (800, 190, 1000, 300)}",ok_cylinder_inside_confirmed
2026-09-06 21:25:24,2026-09-06,88529,1,100,123.73284912109375,,46.5067138671875,0.7918323874473572,837.0226440429688,184.96249389648438,1034.78857421875,295.4815979003906,197.76593017578125,110.51910400390625,21856.91340552643,935.9056396484375,240.2220458984375,1920,1080,835.1959838867188,203.0716094970703,958.6908569335938,210.7419891357422,123.494873046875,7.670379638671875,3.554127687820398,left,False,"{'safe_roi': (450, 80, 1500, 420), 'cylinder_roi': (800, 190, 1000, 300)}",ok_cylinder_inside_confirmed
2026-09-06 21:25:29,2026-09-06,88612,1,100,105.72673797607422,,37.465545654296875,0.7720305323600769,849.8834838867188,188.67581176757812,1023.0133666992188,297.7555236816406,173.1298828125,109.0797119140625,18884.9577409029,936.4484252929688,243.21566772460938,1920,1080,849.1841430664062,207.78277587890625,954.8416748046875,211.6074981689453,105.65753173828125,3.8247222900390625,2.0731584125270235,left,False,"{'safe_roi': (450, 80, 1500, 420), 'cylinder_roi': (800, 190, 1000, 300)}",ok_cylinder_inside_confirmed
2026-09-06 21:25:34,2026-09-06,88697,1,100,98.79786682128906,,36.23857116699219,0.8013650178909302,848.4873046875,189.0018768310547,1013.7254638671875,294.3980712890625,165.2381591796875,105.39619445800781,17415.473156785592,931.1063842773438,241.69998168945312,1920,1080,853.0073852539062,210.15634155273438,951.3837280273438,219.27297973632812,98.3763427734375,9.11663818359375,5.294537779542603,left,False,"{'safe_roi': (450, 80, 1500, 420), 'cylinder_roi': (800, 190, 1000, 300)}",ok_cylinder_inside_confirmed
2026-09-06 21:25:39,2026-09-06,88780,1,100,118.25347137451172,,35.74114990234375,0.7580861449241638,828.4390258789062,180.40089416503906,1003.6924438476562,293.8773498535156,175.25341796875,113.47645568847656,19887.13671838492,916.0657348632812,237.13912963867188,1920,1080,825.0156860351562,207.8496856689453,943.1018676757812,214.13754272460938,118.086181640625,6.2878570556640625,3.048009082809069,left,False,"{'safe_roi': (450, 80, 1500, 420), 'cylinder_roi': (800, 190, 1000, 300)}",ok_cylinder_inside_confirmed
2026-09-06 21:25:44,2026-09-06,88860,1,100,122.6187973022461,,32.0384521484375,0.7602699398994446,827.3040161132812,181.3932647705078,1004.5896606445312,292.2886962890625,177.28564453125,110.89543151855469,19660.168052338064,915.9468383789062,236.84097290039062,1920,1080,818.1884155273438,207.07212829589844,940.806884765625,206.78903198242188,122.61846923828125,0.2830963134765625,0.1322818270272705,left,False,"{'safe_roi': (450, 80, 1500, 420), 'cylinder_roi': (800, 190, 1000, 300)}",ok_cylinder_inside_confirmed
2026-09-06 21:25:49,2026-09-06,88944,1,100,126.27049255371094,,33.6842041015625,0.7437978982925415,824.6932983398438,176.97732543945312,1003.7525024414062,291.3643798828125,179.0592041015625,114.38705444335938,20482.054928150028,914.222900390625,234.1708526611328,1920,1080,823.05859375,201.04660034179688,949.031982421875,209.7035369873047,125.973388671875,8.656936645507812,3.9312060225763976,left,False,"{'safe_roi': (450, 80, 1500, 420), 'cylinder_roi': (800, 190, 1000, 300)}",ok_cylinder_inside_confirmed
2026-09-06 21:25:55,2026-09-06,89023,1,100,116.19452667236328,,27.458053588867188,0.748529851436615,822.8946533203125,178.33139038085938,992.6102294921875,292.6509094238281,169.715576171875,114.31951904296875,19401.803042069077,907.75244140625,235.49114990234375,1920,1080,827.0327758789062,211.69920349121094,943.1668090820312,215.44808959960938,116.134033203125,3.7488861083984375,1.848904958699389,left,False,"{'safe_roi': (450, 80, 1500, 420), 'cylinder_roi': (800, 190, 1000, 300)}",ok_cylinder_inside_confirmed
2026-09-06 21:27:13,2026-09-06,90316,1,101,107.22339630126953,,42.502471923828125,0.7939548492431641,881.8712158203125,193.26211547851562,1053.99365234375,311.8516845703125,172.1224365234375,118.58956909179688,20411.925578344613,967.9324340820312,252.55690002441406,1920,1080,875.025634765625,211.6205596923828,981.9042358398438,220.2124481201172,106.87860107421875,8.591888427734375,4.596079980618909,left,False,"{'safe_roi': (450, 80, 1500, 420), 'cylinder_roi': (800, 190, 1000, 300)}",ok_cylinder_inside_confirmed
2026-09-06 21:27:18,2026-09-06,90396,1,101,99.930419921875,,39.14300537109375,0.7863399982452393,882.670166015625,194.44387817382812,1046.697509765625,312.7755126953125,164.02734375,118.33163452148438,19409.623692154884,964.683837890625,253.6096954345703,1920,1080,882.6994018554688,210.27700805664062,982.1763305664062,219.78643798828125,99.4769287109375,9.509429931640625,5.460558391963625,left,False,"{'safe_roi': (450, 80, 1500, 420), 'cylinder_roi': (800, 190, 1000, 300)}",ok_cylinder_inside_confirmed
2026-09-06 21:27:23,2026-09-06,90479,1,101,100.10195922851562,,37.901641845703125,0.7868353128433228,882.562255859375,193.655517578125,1050.371337890625,312.5738525390625,167.80908203125,118.9183349609375,19955.576626479626,966.466796875,253.11468505859375,1920,1080,887.359375,210.92041015625,986.9246826171875,221.27178955078125,99.5653076171875,10.35137939453125,5.935473294965131,left,False,"{'safe_roi': (450, 80, 1500, 420), 'cylinder_roi': (800, 190, 1000, 300)}",ok_cylinder_inside_confirmed
2026-09-06 21:27:28,2026-09-06,90559,1,101,102.97343444824219,,39.652191162109375,0.7975640296936035,882.3488159179688,193.064697265625,1055.9208984375,312.89111328125,173.57208251953125,119.826416015625,20798.520568683743,969.1348876953125,252.9779052734375,1920,1080,885.5689697265625,209.5040283203125,988.1241455078125,218.77572631835938,102.55517578125,9.271697998046875,5.1658914184462414,left,False,"{'safe_roi': (450, 80, 1500, 420), 'cylinder_roi': (800, 190, 1000, 300)}",ok_cylinder_inside_confirmed
2026-09-06 21:27:33,2026-09-06,90639,1,101,103.94752502441406,,40.66889953613281,0.7967814803123474,882.1561279296875,193.05538940429688,1054.5262451171875,312.5622253417969,172.3701171875,119.5068359375,20599.40731525421,968.3411865234375,252.80880737304688,1920,1080,882.692626953125,209.11233520507812,986.2442016601562,218.176513671875,103.55157470703125,9.064178466796875,5.00252015101089,left,False,"{'safe_roi': (450, 80, 1500, 420), 'cylinder_roi': (800, 190, 1000, 300)}",ok_cylinder_inside_confirmed
2026-09-06 21:27:40,2026-09-06,90752,1,101,104.01139831542969,,38.939453125,0.799612283706665,881.8717041015625,192.57640075683594,1051.5233154296875,312.2519226074219,169.651611328125,119.67552185058594,20303.145118486136,966.697509765625,252.41415405273438,1920,1080,883.6124877929688,209.4808349609375,987.1918334960938,218.95132446289062,103.579345703125,9.470489501953125,5.224154898985864,left,False,"{'safe_roi': (450, 80, 1500, 420), 'cylinder_roi': (800, 190, 1000, 300)}",ok_cylinder_inside_confirmed
2026-09-06 21:27:50,2026-09-06,90912,1,101,96.91157531738281,,37.308990478515625,0.7916515469551086,879.59912109375,193.37728881835938,1047.8194580078125,313.16949462890625,168.2203369140625,119.79220581054688,20151.48522112891,963.7092895507812,253.2733917236328,1920,1080,888.5003662109375,209.00184631347656,984.8756103515625,219.1835174560547,96.375244140625,10.181671142578125,6.030707056676637,left,False,"{'safe_roi': (450, 80, 1500, 420), 'cylinder_roi': (800, 190, 1000, 300)}",ok_cylinder_inside_confirmed
2026-09-06 21:30:38,2026-09-06,93695,1,102,106.00935363769531,,35.15544128417969,0.7822502851486206,864.2946166992188,194.0853271484375,1053.282470703125,310.42132568359375,188.98785400390625,116.33599853515625,21986.09070656076,958.78857421875,252.25332641601562,1920,1080,867.236572265625,229.30108642578125,973.1451416015625,224.67965698242188,105.9085693359375,4.621429443359375,2.498575274457344,left,False,"{'safe_roi': (450, 80, 1500, 420), 'cylinder_roi': (800, 190, 1000, 300)}",ok_cylinder_inside_confirmed
2026-09-06 21:35:43,2026-09-06,98653,1,103,111.68705749511719,,47.07777404785156,0.7866149544715881,815.859375,188.188720703125,1006.3682861328125,297.6697998046875,190.5089111328125,109.4810791015625,20857.121169283986,911.1138305664062,242.92926025390625,1920,1080,819.379150390625,208.11477661132812,930.868896484375,214.7506866455078,111.48974609375,6.6359100341796875,3.4062469173230627,left,False,"{'safe_roi': (450, 80, 1500, 420), 'cylinder_roi': (800, 190, 1000, 300)}",ok_cylinder_inside_confirmed
2026-09-06 21:35:48,2026-09-06,98731,1,103,117.26140594482422,,44.96484375,0.7785003781318665,816.47119140625,188.38034057617188,998.901123046875,298.91107177734375,182.429931640625,110.53073120117188,20164.113737218082,907.6861572265625,243.6457061767578,1920,1080,815.481689453125,205.7520294189453,932.5496215820312,212.48529052734375,117.06793212890625,6.7332611083984375,3.2917885791311616,left,False,"{'safe_roi': (450, 80, 1500, 420), 'cylinder_roi': (800, 190, 1000, 300)}",ok_cylinder_inside_confirmed
2026-09-06 21:35:53,2026-09-06,98812,1,103,114.49710845947266,,43.984130859375,0.7786679863929749,812.3963623046875,188.56552124023438,997.95947265625,298.7131042480469,185.5631103515625,110.1475830078125,20439.3281006366,905.1779174804688,243.63931274414062,1920,1080,816.799072265625,207.4279327392578,930.9866943359375,215.84066772460938,114.1876220703125,8.412734985351562,4.213634648281786,left,False,"{'safe_roi': (450, 80, 1500, 420), 'cylinder_roi': (800, 190, 1000, 300)}",ok_cylinder_inside_confirmed
2026-09-06 21:35:58,2026-09-06,98893,1,103,115.25690460205078,,40.963714599609375,0.7877135872840881,811.931884765625,183.91331481933594,997.872314453125,297.5600280761719,185.9404296875,113.64671325683594,21131.518695548177,904.902099609375,240.73666381835938,1920,1080,814.5716552734375,207.8026580810547,929.56103515625,215.65103149414062,114.9893798828125,7.8483734130859375,3.9045548894369864,left,False,"{'safe_roi': (450, 80, 1500, 420), 'cylinder_roi': (800, 190, 1000, 300)}",ok_cylinder_inside_confirmed
2026-09-06 21:36:03,2026-09-06,98974,1,103,114.76284790039062,,42.26641845703125,0.7692587971687317,810.2048950195312,186.84591674804688,999.5205688476562,297.5249328613281,189.315673828125,110.67901611328125,20953.272514119744,904.8627319335938,242.1854248046875,1920,1080,814.3292846679688,207.98289489746094,928.8202514648438,215.8778533935547,114.490966796875,7.89495849609375,3.944702976729034,left,False,"{'safe_roi': (450, 80, 1500, 420), 'cylinder_roi': (800, 190, 1000, 300)}",ok_cylinder_inside_confirmed
2026-09-06 21:36:08,2026-09-06,99058,1,103,114.32970428466797,,42.39508056640625,0.7768051624298096,810.4098510742188,184.1109619140625,999.2149047851562,295.9922180175781,188.8050537109375,111.88125610351562,21123.74656787142,904.8123779296875,240.0515899658203,1920,1080,813.9146728515625,206.7330780029297,927.9115600585938,215.4503173828125,113.99688720703125,8.717239379882812,4.372846509182634,left,False,"{'safe_roi': (450, 80, 1500, 420), 'cylinder_roi': (800, 190, 1000, 300)}",ok_cylinder_inside_confirmed
2026-09-06 21:36:13,2026-09-06,99143,1,103,114.22256469726562,,44.36012268066406,0.7854037284851074,809.2487182617188,185.83163452148438,999.2753295898438,297.4765625,190.026611328125,111.64492797851562,21215.507335729897,904.2620239257812,241.6540985107422,1920,1080,815.0433959960938,206.98599243164062,929.175537109375,211.5301055908203,114.13214111328125,4.5441131591796875,2.279998087498096,left,False,"{'safe_roi': (450, 80, 1500, 420), 'cylinder_roi': (800, 190, 1000, 300)}",ok_cylinder_inside_confirmed
2026-09-06 21:36:18,2026-09-06,99223,1,103,119.02786254882812,,45.271270751953125,0.7832281589508057,809.1068725585938,186.35537719726562,1002.2694702148438,298.42315673828125,193.16259765625,112.06777954101562,21647.303409710526,905.6881713867188,242.38926696777344,1920,1080,813.1065673828125,202.43775939941406,931.7850341796875,211.5511016845703,118.678466796875,9.11334228515625,4.391136335714679,left,False,"{'safe_roi': (450, 80, 1500, 420), 'cylinder_roi': (800, 190, 1000, 300)}",ok_cylinder_inside_confirmed
2026-09-06 21:36:23,2026-09-06,99308,1,103,116.06401062011719,,45.716522216796875,0.7735778093338013,806.6045532226562,187.37490844726562,1001.1331176757812,297.23016357421875,194.528564453125,109.85525512695312,21369.98507747799,903.8688354492188,242.3025360107422,1920,1080,812.6043701171875,205.46290588378906,928.256591796875,215.23109436035156,115.6522216796875,9.7681884765625,4.827843020118133,left,False,"{'safe_roi': (450, 80, 1500, 420), 'cylinder_roi': (800, 190, 1000, 300)}",ok_cylinder_inside_confirmed
2026-09-06 21:36:28,2026-09-06,99394,1,103,114.91608428955078,,46.67994689941406,0.7721928954124451,807.9795532226562,186.63894653320312,998.1589965820312,294.9962463378906,190.179443359375,108.3572998046875,20607.330960780382,903.0692749023438,240.81759643554688,1920,1080,814.1083984375,213.4480743408203,928.9555053710938,217.42910766601562,114.84710693359375,3.9810333251953125,1.985292630224568,left,False,"{'safe_roi': (450, 80, 1500, 420), 'cylinder_roi': (800, 190, 1000, 300)}",ok_cylinder_inside_confirmed
2026-09-06 21:36:33,2026-09-06,99475,1,103,114.28620147705078,,46.4476318359375,0.7796105742454529,808.8779296875,190.98529052734375,998.2904052734375,296.0921936035156,189.4124755859375,105.10690307617188,19908.558712828904,903.5841674804688,243.5387420654297,1920,1080,811.5396728515625,213.9610595703125,925.652099609375,220.26107788085938,114.1124267578125,6.300018310546875,3.160027328339685,left,False,"{'safe_roi': (450, 80, 1500, 420), 'cylinder_roi': (800, 190, 1000, 300)}",ok_cylinder_inside_confirmed
2026-09-06 21:36:38,2026-09-06,99556,1,103,110.51951599121094,,47.20257568359375,0.7915246486663818,808.3897094726562,187.73304748535156,996.8980102539062,296.224609375,188.50830078125,108.49156188964844,20451.559980921447,902.6438598632812,241.97882080078125,1920,1080,814.590576171875,212.2270050048828,924.9812622070312,217.56175231933594,110.39068603515625,5.334747314453125,2.766727012081651,left,False,"{'safe_roi': (450, 80, 1500, 420), 'cylinder_roi': (800, 190, 1000, 300)}",ok_cylinder_inside_confirmed
2026-09-06 21:36:43,2026-09-06,99636,1,103,112.24586486816406,,45.21978759765625,0.776578426361084,806.3543701171875,187.7572784423828,996.8787841796875,296.85260009765625,190.5244140625,109.09532165527344,20785.32223533094,901.6165771484375,242.304931640625,1920,1080,812.9041137695312,214.5887451171875,924.9695434570312,220.95059204101562,112.0654296875,6.361846923828125,3.2491390664540543,left,False,"{'safe_roi': (450, 80, 1500, 420), 'cylinder_roi': (800, 190, 1000, 300)}",ok_cylinder_inside_confirmed
2026-09-06 21:36:48,2026-09-06,99721,1,103,116.96864318847656,,45.862396240234375,0.7611978650093079,800.57275390625,190.29493713378906,994.196044921875,296.13421630859375,193.623291015625,105.83927917480469,20492.949552547187,897.3843994140625,243.21456909179688,1920,1080,807.1580810546875,213.36380004882812,924.0028076171875,218.74642944335938,116.8447265625,5.38262939453125,2.6375522259322963,left,False,"{'safe_roi': (450, 80, 1500, 420), 'cylinder_roi': (800, 190, 1000, 300)}",ok_cylinder_inside_confirmed
2026-09-06 21:40:32,2026-09-06,103370,1,104,103.58793640136719,,42.03558349609375,0.7640532851219177,857.4447631835938,191.51754760742188,1034.10888671875,303.466552734375,176.66412353515625,111.94900512695312,19777.372871385887,945.77685546875,247.49205017089844,1920,1080,862.2108154296875,211.2042999267578,965.7459716796875,214.51077270507812,103.53515625,3.3064727783203125,1.8291619617193693,left,False,"{'safe_roi': (450, 80, 1500, 420), 'cylinder_roi': (800, 190, 1000, 300)}",ok_cylinder_inside_confirmed
2026-09-06 21:40:37,2026-09-06,103452,1,104,92.14990997314453,,36.76942443847656,0.7557239532470703,859.9051513671875,190.96209716796875,1030.249267578125,302.4550476074219,170.3441162109375,111.49295043945312,18992.1681063585,945.0772094726562,246.7085723876953,1920,1080,868.033935546875,212.83145141601562,960.1737060546875,214.19834899902344,92.1397705078125,1.3668975830078125,0.8499230845588761,left,False,"{'safe_roi': (450, 80, 1500, 420), 'cylinder_roi': (800, 190, 1000, 300)}",ok_cylinder_inside_confirmed
2026-09-06 21:40:42,2026-09-06,103534,1,104,103.49755859375,,40.13426208496094,0.761940062046051,858.4601440429688,190.00125122070312,1032.23779296875,303.0844421386719,173.77764892578125,113.08319091796875,19651.331050749868,945.3489990234375,246.5428466796875,1920,1080,863.29541015625,209.14659118652344,966.437255859375,217.72003173828125,103.141845703125,8.573440551757812,4.75166285103087,left,False,"{'safe_roi': (450, 80, 1500, 420), 'cylinder_roi': (800, 190, 1000, 300)}",ok_cylinder_inside_confirmed
2026-09-06 21:40:47,2026-09-06,103619,1,104,106.75228118896484,,37.74552917480469,0.7589899897575378,857.4779052734375,191.87765502929688,1031.5599365234375,303.5645751953125,174.08203125,111.68692016601562,19442.685926556587,944.5189208984375,247.7211151123047,1920,1080,860.2725219726562,207.5839080810547,966.5758056640625,217.3645477294922,106.30328369140625,9.7806396484375,5.2568091318560946,left,False,"{'safe_roi': (450, 80, 1500, 420), 'cylinder_roi': (800, 190, 1000, 300)}",ok_cylinder_inside_confirmed
2026-09-06 21:40:52,2026-09-06,103700,1,104,94.49788665771484,,38.293121337890625,0.7634544968605042,859.7669067382812,188.81094360351562,1031.036376953125,300.8506164550781,171.26947021484375,112.0396728515625,19188.97541233152,945.401611328125,244.83078002929688,1920,1080,867.5304565429688,215.73654174804688,962.0263061523438,216.3567657470703,94.495849609375,0.6202239990234375,0.37605574595610675,left,False,"{'safe_roi': (450, 80, 1500, 420), 'cylinder_roi': (800, 190, 1000, 300)}",ok_cylinder_inside_confirmed
2026-09-06 21:40:57,2026-09-06,103785,1,104,99.6905517578125,,39.5177001953125,0.7631083130836487,858.768798828125,193.06396484375,1030.4759521484375,302.8292236328125,171.7071533203125,109.7652587890625,18847.480120137334,944.6223754882812,247.94659423828125,1920,1080,864.16357421875,210.5230712890625,963.58544921875,217.83726501464844,99.421875,7.3141937255859375,4.207513189433421,left,False,"{'safe_roi': (450, 80, 1500, 420), 'cylinder_roi': (800, 190, 1000, 300)}",ok_cylinder_inside_confirmed
2026-09-06 21:41:02,2026-09-06,103866,1,104,104.37248992919922,,38.095916748046875,0.7732418179512024,857.361328125,191.91909790039062,1031.660888671875,302.52313232421875,174.299560546875,110.60403442382812,19278.234594784677,944.5111083984375,247.2211151123047,1920,1080,860.6137084960938,210.1134796142578,964.64306640625,218.56976318359375,104.02935791015625,8.456283569335938,4.6472113542953055,left,False,"{'safe_roi': (450, 80, 1500, 420), 'cylinder_roi': (800, 190, 1000, 300)}",ok_cylinder_inside_confirmed
2026-09-06 21:41:07,2026-09-06,103951,1,104,94.5846939086914,,36.952911376953125,0.7723660469055176,857.2091674804688,192.75735473632812,1032.0943603515625,301.5335388183594,174.88519287109375,108.77618408203125,19023.343932967633,944.6517333984375,247.14544677734375,1920,1080,866.8359375,214.33489990234375,961.3511352539062,217.96014404296875,94.51519775390625,3.625244140625,2.1965717923161723,left,False,"{'safe_roi': (450, 80, 1500, 420), 'cylinder_roi': (800, 190, 1000, 300)}",ok_cylinder_inside_confirmed
2026-09-06 21:41:12,2026-09-06,104032,1,104,99.43153381347656,,38.26678466796875,0.7848897576332092,856.4398803710938,189.96047973632812,1030.496337890625,300.88763427734375,174.05645751953125,110.92715454101562,19307.587562130764,943.4681396484375,245.42405700683594,1920,1080,861.970703125,210.99212646484375,961.2542724609375,216.41461181640625,99.2835693359375,5.4224853515625,3.1261684277188935,left,False,"{'safe_roi': (450, 80, 1500, 420), 'cylinder_roi': (800, 190, 1000, 300)}",ok_cylinder_inside_confirmed
2026-09-06 21:41:17,2026-09-06,104115,1,104,95.44757843017578,,37.074615478515625,0.7779045104980469,856.3814697265625,192.62420654296875,1031.310546875,302.7438659667969,174.9290771484375,110.11965942382812,19263.130398910493,943.8460083007812,247.6840362548828,1920,1080,864.2279052734375,212.86697387695312,959.6495971679688,215.08990478515625,95.42169189453125,2.222930908203125,1.3345134007156798,left,False,"{'safe_roi': (450, 80, 1500, 420), 'cylinder_roi': (800, 190, 1000, 300)}",ok_cylinder_inside_confirmed
2026-09-06 21:41:22,2026-09-06,104200,1,104,96.67083740234375,,38.20416259765625,0.766594409942627,859.663330078125,194.20736694335938,1032.4423828125,303.6932678222656,172.779052734375,109.48590087890625,18916.870241627097,946.0528564453125,248.9503173828125,1920,1080,864.8364868164062,214.9154815673828,961.50732421875,214.89895629882812,96.67083740234375,0.0165252685546875,0.009794351220321969,left,False,"{'safe_roi': (450, 80, 1500, 420), 'cylinder_roi': (800, 190, 1000, 300)}",ok_cylinder_inside_confirmed
2026-09-06 21:41:27,2026-09-06,104285,1,104,94.3724136352539,,36.70625305175781,0.7733485698699951,859.468017578125,191.90701293945312,1032.6019287109375,302.7773742675781,173.1339111328125,110.870361328125,19195.419285446405,946.0349731445312,247.34219360351562,1920,1080,865.2152099609375,214.91879272460938,959.564697265625,216.9989471435547,94.3494873046875,2.0801544189453125,1.2630144242049346,left,False,"{'safe_roi': (450, 80, 1500, 420), 'cylinder_roi': (800, 190, 1000, 300)}",ok_cylinder_inside_confirmed
2026-09-06 21:41:32,2026-09-06,104370,1,104,94.32318878173828,,37.022552490234375,0.7602596282958984,858.7989501953125,192.46498107910156,1031.6082763671875,302.92523193359375,172.809326171875,110.46025085449219,19088.561518941075,945.20361328125,247.69509887695312,1920,1080,865.22216796875,212.5755615234375,959.4996948242188,215.51010131835938,94.27752685546875,2.934539794921875,1.7828477428613978,left,False,"{'safe_roi': (450, 80, 1500, 420), 'cylinder_roi': (800, 190, 1000, 300)}",ok_cylinder_inside_confirmed
2026-09-06 21:41:37,2026-09-06,104455,1,104,96.7861099243164,,37.524444580078125,0.7779664397239685,858.9903564453125,192.40377807617188,1030.6571044921875,302.8468933105469,171.666748046875,110.443115234375,18959.410436451435,944.82373046875,247.62533569335938,1920,1080,864.2107543945312,216.0010528564453,960.977783203125,217.92271423339844,96.76702880859375,1.921661376953125,1.1376665969026436,left,False,"{'safe_roi': (450, 80, 1500, 420), 'cylinder_roi': (800, 190, 1000, 300)}",ok_cylinder_inside_confirmed
2026-09-06 21:41:42,2026-09-06,104539,1,104,97.82447814941406,,38.31843566894531,0.7797142267227173,858.94482421875,194.09715270996094,1031.9498291015625,303.7705993652344,173.0050048828125,109.67344665527344,18974.055174110457,945.4473266601562,248.93386840820312,1920,1080,865.6153564453125,215.37887573242188,963.3740844726562,218.9649200439453,97.75872802734375,3.5860443115234375,2.100816201103331,left,False,"{'safe_roi': (450, 80, 1500, 420), 'cylinder_roi': (800, 190, 1000, 300)}",ok_cylinder_inside_confirmed
2026-09-06 21:41:47,2026-09-06,104619,1,104,95.58350372314453,,38.07130432128906,0.785918653011322,859.4974365234375,193.3919677734375,1032.605712890625,303.302490234375,173.1082763671875,109.9105224609375,19026.421097829938,946.0515747070312,248.34722900390625,1920,1080,868.38671875,216.61370849609375,963.88427734375,220.66610717773438,95.49755859375,4.052398681640625,2.4298644937209857,left,False,"{'safe_roi': (450, 80, 1500, 420), 'cylinder_roi': (800, 190, 1000, 300)}",ok_cylinder_inside_confirmed
2026-09-06 21:41:52,2026-09-06,104704,1,104,96.7385025024414,,38.37884521484375,0.7801969051361084,859.3336181640625,193.68136596679688,1033.94580078125,304.4647216796875,174.6121826171875,110.78335571289062,19344.1235386841,946.6397094726562,249.0730438232422,1920,1080,869.243896484375,217.62203979492188,965.9384765625,220.5367889404297,96.694580078125,2.9147491455078125,1.726593871731934,left,False,"{'safe_roi': (450, 80, 1500, 420), 'cylinder_roi': (800, 190, 1000, 300)}",ok_cylinder_inside_confirmed
2026-09-06 21:41:57,2026-09-06,104788,1,104,97.07421875,,38.6905517578125,0.7860472798347473,861.3046264648438,194.0318603515625,1034.1087646484375,304.46881103515625,172.80413818359375,110.43695068359375,19083.962086502463,947.7066650390625,249.25033569335938,1920,1080,869.9312133789062,217.25399780273438,966.8546752929688,222.6620330810547,96.9234619140625,5.4080352783203125,3.19361927521577,left,False,"{'safe_roi': (450, 80, 1500, 420), 'cylinder_roi': (800, 190, 1000, 300)}",ok_cylinder_inside_confirmed
2026-09-06 21:42:02,2026-09-06,104874,1,104,92.50453186035156,,37.84320068359375,0.7738422155380249,861.1531372070312,195.33114624023438,1037.1119384765625,306.05401611328125,175.95880126953125,110.72286987304688,19482.663455983624,949.132568359375,250.6925811767578,1920,1080,871.25390625,216.70858764648438,963.637939453125,221.4285888671875,92.384033203125,4.720001220703125,2.924760927274886,left,False,"{'safe_roi': (450, 80, 1500, 420), 'cylinder_roi': (800, 190, 1000, 300)}",ok_cylinder_inside_confirmed
2026-09-06 21:42:07,2026-09-06,104957,1,104,92.05065155029297,,37.375030517578125,0.7829491496086121,862.5714111328125,195.5216064453125,1034.742431640625,305.90179443359375,172.1710205078125,110.38018798828125,19004.26960978657,948.6569213867188,250.71170043945312,1920,1080,872.8524169921875,216.9346923828125,964.7288818359375,222.5949249267578,91.87646484375,5.6602325439453125,3.5253649968544756,left,False,"{'safe_roi': (450, 80, 1500, 420), 'cylinder_roi': (800, 190, 1000, 300)}",ok_cylinder_inside_confirmed
2026-09-06 21:42:12,2026-09-06,105038,1,104,95.27070617675781,,37.30546569824219,0.7945135831832886,862.5850219726562,195.30368041992188,1035.3172607421875,306.42950439453125,172.73223876953125,111.12582397460938,19195.012360243127,948.951171875,250.86659240722656,1920,1080,872.063720703125,216.26560974121094,967.16259765625,221.98501586914062,95.098876953125,5.7194061279296875,3.441718782238491,left,False,"{'safe_roi': (450, 80, 1500, 420), 'cylinder_roi': (800, 190, 1000, 300)}",ok_cylinder_inside_confirmed
2026-09-06 21:42:17,2026-09-06,105119,1,104,97.55563354492188,,36.4786376953125,0.7887872457504272,861.6340942382812,196.468505859375,1034.1407470703125,307.8409423828125,172.50665283203125,111.3724365234375,19212.48624240607,947.887451171875,252.15472412109375,1920,1080,870.4417724609375,217.7034912109375,967.826416015625,223.47689819335938,97.3846435546875,5.773406982421875,3.3927846966507693,left,False,"{'safe_roi': (450, 80, 1500, 420), 'cylinder_roi': (800, 190, 1000, 300)}",ok_cylinder_inside_confirmed
2026-09-06 21:42:22,2026-09-06,105199,1,104,95.82152557373047,,36.72090148925781,0.7910771369934082,862.8704833984375,196.2332000732422,1035.163330078125,305.52142333984375,172.2928466796875,109.28822326660156,18829.57909516804,949.0169067382812,250.8773193359375,1920,1080,871.9395751953125,214.37957763671875,967.3063354492188,223.70408630371094,95.36676025390625,9.324508666992188,5.584358723158704,left,False,"{'safe_roi': (450, 80, 1500, 420), 'cylinder_roi': (800, 190, 1000, 300)}",ok_cylinder_inside_confirmed
2026-09-06 21:42:27,2026-09-06,105281,1,104,95.34971618652344,,36.97804260253906,0.7805099487304688,863.2828369140625,196.11529541015625,1035.250244140625,307.40533447265625,171.9674072265625,111.2900390625,19138.259467720985,949.2665405273438,251.76031494140625,1920,1080,871.1420288085938,213.5889892578125,966.1937255859375,221.1217803955078,95.05169677734375,7.5327911376953125,4.5311867135939075,left,False,"{'safe_roi': (450, 80, 1500, 420), 'cylinder_roi': (800, 190, 1000, 300)}",ok_cylinder_inside_confirmed
2026-09-06 21:42:33,2026-09-06,105360,1,104,94.5610580444336,,37.03126525878906,0.7895485758781433,861.66015625,196.50987243652344,1034.6943359375,307.2943115234375,173.0341796875,110.78443908691406,19169.494539543986,948.17724609375,251.902099609375,1920,1080,871.1588134765625,219.41285705566406,965.626708984375,223.6092529296875,94.4678955078125,4.1963958740234375,2.5434864507299166,left,False,"{'safe_roi': (450, 80, 1500, 420), 'cylinder_roi': (800, 190, 1000, 300)}",ok_cylinder_inside_confirmed
2026-09-06 21:42:38,2026-09-06,105440,1,104,95.95315551757812,,37.1903076171875,0.7810466289520264,860.5136108398438,196.62615966796875,1035.197509765625,307.84661865234375,174.68389892578125,111.220458984375,19428.42341570556,947.8555908203125,252.23638916015625,1920,1080,870.9437255859375,218.7163543701172,966.767822265625,223.69131469726562,95.8240966796875,4.9749603271484375,2.971992918818081,left,False,"{'safe_roi': (450, 80, 1500, 420), 'cylinder_roi': (800, 190, 1000, 300)}",ok_cylinder_inside_confirmed
2026-09-06 21:42:43,2026-09-06,105524,1,104,98.4380874633789,,36.73455810546875,0.7856576442718506,861.7027587890625,197.56759643554688,1034.9945068359375,308.2949523925781,173.291748046875,110.72735595703125,19188.137070402503,948.3486328125,252.9312744140625,1920,1080,870.2196044921875,220.2064971923828,968.5143432617188,225.5170440673828,98.29473876953125,5.310546875,3.0924991354776794,left,False,"{'safe_roi': (450, 80, 1500, 420), 'cylinder_roi': (800, 190, 1000, 300)}",ok_cylinder_inside_confirmed
2026-09-06 21:42:48,2026-09-06,105600,1,104,97.12151336669922,,37.8568115234375,0.7867211103439331,861.8480224609375,196.0908203125,1034.6939697265625,307.1285705566406,172.845947265625,111.03775024414062,19192.42512319237,948.27099609375,251.6096954345703,1920,1080,871.192626953125,220.45974731445312,968.2432861328125,224.16888427734375,97.0506591796875,3.709136962890625,2.1886972634022235,left,False,"{'safe_roi': (450, 80, 1500, 420), 'cylinder_roi': (800, 190, 1000, 300)}",ok_cylinder_inside_confirmed
2026-09-06 21:42:53,2026-09-06,105681,1,104,95.77715301513672,,37.85054016113281,0.7945083379745483,863.6864013671875,196.93710327148438,1034.462158203125,308.44232177734375,170.7757568359375,111.50521850585938,19042.38808149472,949.0742797851562,252.68971252441406,1920,1080,871.7659912109375,220.97509765625,967.4132080078125,225.96240234375,95.647216796875,4.9873046875,2.984853799168149,left,False,"{'safe_roi': (450, 80, 1500, 420), 'cylinder_roi': (800, 190, 1000, 300)}",ok_cylinder_inside_confirmed
2026-09-06 21:42:58,2026-09-06,105762,1,104,93.71971893310547,,37.59651184082031,0.7861263155937195,861.806396484375,196.52586364746094,1034.5687255859375,307.9262390136719,172.7623291015625,111.40037536621094,19245.78831105493,948.1875610351562,252.22604370117188,1920,1080,872.0515747070312,219.43370056152344,965.6298217773438,224.58128356933594,93.5782470703125,5.1475830078125,3.1485718801616147,left,False,"{'safe_roi': (450, 80, 1500, 420), 'cylinder_roi': (800, 190, 1000, 300)}",ok_cylinder_inside_confirmed
2026-09-06 21:43:03,2026-09-06,105843,1,104,95.92581176757812,,38.41029357910156,0.7904632091522217,863.4215087890625,197.03280639648438,1034.6937255859375,307.7496337890625,171.272216796875,110.71682739257812,18962.71646424383,949.0576171875,252.39122009277344,1920,1080,868.69775390625,222.2788848876953,964.5679931640625,225.54367065429688,95.8702392578125,3.2647857666015625,1.9504090868126174,left,False,"{'safe_roi': (450, 80, 1500, 420), 'cylinder_roi': (800, 190, 1000, 300)}",ok_cylinder_inside_confirmed
2026-09-06 21:43:08,2026-09-06,105928,1,104,97.58768463134766,,37.3214111328125,0.7706384658813477,859.4754638671875,197.00521850585938,1036.0657958984375,307.73553466796875,176.59033203125,110.73031616210938,19553.903296992183,947.7706298828125,252.37037658691406,1920,1080,868.35693359375,221.19903564453125,965.8834228515625,224.65444946289062,97.5264892578125,3.455413818359375,2.0291702182697797,left,False,"{'safe_roi': (450, 80, 1500, 420), 'cylinder_roi': (800, 190, 1000, 300)}",ok_cylinder_inside_confirmed
2026-09-06 21:43:13,2026-09-06,106009,1,104,97.64013671875,,37.48930358886719,0.7714179754257202,857.9542236328125,197.51812744140625,1033.3587646484375,308.1434326171875,175.404541015625,110.62530517578125,19404.180879071355,945.656494140625,252.83078002929688,1920,1080,868.9425048828125,222.49005126953125,966.5685424804688,224.14950561523438,97.62603759765625,1.659454345703125,0.9738239609118405,left,False,"{'safe_roi': (450, 80, 1500, 420), 'cylinder_roi': (800, 190, 1000, 300)}",ok_cylinder_inside_confirmed
2026-09-06 21:43:18,2026-09-06,106093,1,104,98.74363708496094,,36.947296142578125,0.7784276604652405,861.2559814453125,197.80899047851562,1033.7701416015625,308.76153564453125,172.51416015625,110.95254516601562,19140.88514651358,947.5130615234375,253.28526306152344,1920,1080,868.903564453125,221.42893981933594,967.5906372070312,224.77069091796875,98.68707275390625,3.3417510986328125,1.9394141227568036,left,False,"{'safe_roi': (450, 80, 1500, 420), 'cylinder_roi': (800, 190, 1000, 300)}",ok_cylinder_inside_confirmed
2026-09-06 21:43:23,2026-09-06,106179,1,104,98.53775024414062,,37.12876892089844,0.7835847735404968,860.1714477539062,197.44873046875,1035.423095703125,308.95416259765625,175.25164794921875,111.50543212890625,19541.510735880584,947.7972412109375,253.20144653320312,1920,1080,869.8856201171875,221.70001220703125,968.3441162109375,225.65130615234375,98.45849609375,3.9512939453125,2.2981363184899544,left,False,"{'safe_roi': (450, 80, 1500, 420), 'cylinder_roi': (800, 190, 1000, 300)}",ok_cylinder_inside_confirmed
2026-09-06 21:43:28,2026-09-06,106263,1,104,96.82292938232422,,37.098419189453125,0.7808167338371277,859.9913330078125,198.08401489257812,1033.5775146484375,309.1939392089844,173.586181640625,111.10992431640625,19287.147504463792,946.784423828125,253.63897705078125,1920,1080,870.2366333007812,221.5804901123047,966.995849609375,225.092529296875,96.75921630859375,3.5120391845703125,2.0787345358532208,left,False,"{'safe_roi': (450, 80, 1500, 420), 'cylinder_roi': (800, 190, 1000, 300)}",ok_cylinder_inside_confirmed
2026-09-06 21:43:33,2026-09-06,106349,1,104,100.00833892822266,,37.3321533203125,0.782557487487793,859.1144409179688,198.0373077392578,1033.550048828125,309.6014099121094,174.43560791015625,111.56410217285156,19460.751983472146,946.332275390625,253.81936645507812,1920,1080,871.5484619140625,223.76727294921875,971.4728393554688,227.86448669433594,99.92437744140625,4.0972137451171875,2.3479918892172553,left,False,"{'safe_roi': (450, 80, 1500, 420), 'cylinder_roi': (800, 190, 1000, 300)}",ok_cylinder_inside_confirmed
2026-09-06 21:43:38,2026-09-06,106432,1,104,98.24772644042969,,37.34059143066406,0.7798937559127808,860.37158203125,197.6962432861328,1035.134521484375,308.88153076171875,174.762939453125,111.18528747558594,19431.067663174123,947.7530517578125,253.28887939453125,1920,1080,871.2093505859375,223.24436950683594,969.3617553710938,227.57110595703125,98.15240478515625,4.3267364501953125,2.5240680459868448,left,False,"{'safe_roi': (450, 80, 1500, 420), 'cylinder_roi': (800, 190, 1000, 300)}",ok_cylinder_inside_confirmed
2026-09-06 21:43:43,2026-09-06,106515,1,104,98.72749328613281,,36.50874328613281,0.7703936100006104,858.7173461914062,198.3033447265625,1033.416748046875,308.3775634765625,174.69940185546875,110.07421875,19229.900175333023,946.0670166015625,253.3404541015625,1920,1080,869.5032958984375,221.88034057617188,968.1865844726562,224.83447265625,98.68328857421875,2.954132080078125,1.7146648667279598,left,False,"{'safe_roi': (450, 80, 1500, 420), 'cylinder_roi': (800, 190, 1000, 300)}",ok_cylinder_inside_confirmed
2026-09-06 21:43:48,2026-09-06,106600,1,104,101.3936538696289,,36.725067138671875,0.7762246131896973,857.3619995117188,198.71087646484375,1031.7933349609375,308.0042724609375,174.43133544921875,109.29339599609375,19064.19301937893,944.57763671875,253.35757446289062,1920,1080,868.3391723632812,224.25579833984375,969.7030029296875,226.7147216796875,101.36383056640625,2.45892333984375,1.3896308258620105,left,False,"{'safe_roi': (450, 80, 1500, 420), 'cylinder_roi': (800, 190, 1000, 300)}",ok_cylinder_inside_confirmed
2026-09-06 21:43:53,2026-09-06,106680,1,104,104.6466064453125,,36.61936950683594,0.7794113755226135,856.0729370117188,197.83497619628906,1034.291015625,308.59906005859375,178.21807861328125,110.76408386230469,19740.162205300294,945.1820068359375,253.21701049804688,1920,1080,866.1063842773438,223.05859375,970.7080078125,226.12655639648438,104.60162353515625,3.067962646484375,1.6800019567564521,left,False,"{'safe_roi': (450, 80, 1500, 420), 'cylinder_roi': (800, 190, 1000, 300)}",ok_cylinder_inside_confirmed
2026-09-06 21:43:59,2026-09-06,106765,1,104,104.49151611328125,,36.88287353515625,0.7823297381401062,855.196044921875,197.6165008544922,1034.5670166015625,308.0672607421875,179.3709716796875,110.45075988769531,19811.66012381576,944.8815307617188,252.84188842773438,1920,1080,866.741455078125,225.78411865234375,971.171875,229.35690307617188,104.430419921875,3.572784423828125,1.959444936812764,left,False,"{'safe_roi': (450, 80, 1500, 420), 'cylinder_roi': (800, 190, 1000, 300)}",ok_cylinder_inside_confirmed
2026-09-06 21:44:04,2026-09-06,106848,1,104,104.26893615722656,,35.542083740234375,0.780855119228363,856.0723266601562,198.7529296875,1034.2174072265625,309.37451171875,178.14508056640625,110.62158203125,19706.69064334035,945.1448974609375,254.063720703125,1920,1080,866.8583984375,224.7949981689453,971.0569458007812,228.62567138671875,104.19854736328125,3.8306732177734375,2.1054286733236434,left,False,"{'safe_roi': (450, 80, 1500, 420), 'cylinder_roi': (800, 190, 1000, 300)}",ok_cylinder_inside_confirmed
2026-09-06 21:44:09,2026-09-06,106932,1,104,102.9532241821289,,36.53480529785156,0.7804340720176697,854.0189208984375,198.097900390625,1033.7225341796875,308.3345947265625,179.70361328125,110.2366943359375,19809.932288348675,943.8707275390625,253.21624755859375,1920,1080,867.38427734375,225.18316650390625,970.257568359375,229.23928833007812,102.873291015625,4.056121826171875,2.257907210871436,left,False,"{'safe_roi': (450, 80, 1500, 420), 'cylinder_roi': (800, 190, 1000, 300)}",ok_cylinder_inside_confirmed
2026-09-06 21:44:14,2026-09-06,107016,1,104,103.64280700683594,,36.35398864746094,0.7798191905021667,852.63427734375,198.03598022460938,1033.09375,307.4171142578125,180.45947265625,109.38113403320312,19738.861766174436,942.864013671875,252.72654724121094,1920,1080,866.3801879882812,226.88682556152344,969.9663696289062,230.3124237060547,103.586181640625,3.42559814453125,1.8940828808784365,left,False,"{'safe_roi': (450, 80, 1500, 420), 'cylinder_roi': (800, 190, 1000, 300)}",ok_cylinder_inside_confirmed
2026-09-06 21:44:19,2026-09-06,107099,1,104,102.43302154541016,,34.44947814941406,0.7827795743942261,849.8487548828125,198.66082763671875,1031.855712890625,307.7922668457031,182.0069580078125,109.13143920898438,19862.68127344176,940.8522338867188,253.22654724121094,1920,1080,864.9976806640625,227.47457885742188,967.4169921875,229.15066528320312,102.4193115234375,1.67608642578125,0.9375586045477273,left,False,"{'safe_roi': (450, 80, 1500, 420), 'cylinder_roi': (800, 190, 1000, 300)}",ok_cylinder_inside_confirmed
2026-09-06 21:44:24,2026-09-06,107182,1,104,104.98675537109375,,34.89299011230469,0.7894484400749207,862.7103271484375,196.76312255859375,1041.5643310546875,308.02581787109375,178.85400390625,111.2626953125,19899.77854204178,952.1373291015625,252.39447021484375,1920,1080,868.2219848632812,224.9672393798828,973.167236328125,227.91903686523438,104.94525146484375,2.9517974853515625,1.6111349167689304,left,False,"{'safe_roi': (450, 80, 1500, 420), 'cylinder_roi': (800, 190, 1000, 300)}",ok_cylinder_inside_confirmed
2026-09-06 21:47:08,2026-09-06,109901,1,105,122.54190063476562,,47.07423400878906,0.7873197197914124,838.546630859375,190.4562225341797,1032.834228515625,300.035888671875,194.28759765625,109.57966613769531,21289.97008586675,935.6904296875,245.24606323242188,1920,1080,837.4639892578125,211.2098388671875,959.9287109375,215.55825805664062,122.4647216796875,4.348419189453125,2.033576987255679,left,False,"{'safe_roi': (450, 80, 1500, 420), 'cylinder_roi': (800, 190, 1000, 300)}",ok_cylinder_inside_confirmed
2026-09-06 21:47:13,2026-09-06,109984,1,105,126.6713638305664,,41.065673828125,0.7948833107948303,840.70263671875,188.68679809570312,1033.3922119140625,300.1408386230469,192.6895751953125,111.45404052734375,21476.03172301501,937.0474243164062,244.413818359375,1920,1080,836.0069580078125,209.27694702148438,962.4271240234375,217.25045776367188,126.420166015625,7.9735107421875,3.6089508987080277,left,False,"{'safe_roi': (450, 80, 1500, 420), 'cylinder_roi': (800, 190, 1000, 300)}",ok_cylinder_inside_confirmed
2026-09-06 21:47:18,2026-09-06,110066,1,105,122.634033203125,,42.584625244140625,0.7994140982627869,839.9776000976562,189.21429443359375,1036.32080078125,300.5967102050781,196.34320068359375,111.38241577148438,21869.180012444034,938.149169921875,244.90550231933594,1920,1080,840.1956787109375,212.34124755859375,962.736083984375,217.1324462890625,122.5404052734375,4.79119873046875,2.2390631668033527,left,False,"{'safe_roi': (450, 80, 1500, 420), 'cylinder_roi': (800, 190, 1000, 300)}",ok_cylinder_inside_confirmed
2026-09-06 21:47:24,2026-09-06,110149,1,105,118.44607543945312,,42.20741271972656,0.7720338106155396,841.9613647460938,191.17770385742188,1040.1446533203125,300.4478759765625,198.18328857421875,109.27017211914062,21655.5220536422,941.052978515625,245.8127899169922,1920,1080,844.326416015625,211.4741668701172,962.69775390625,215.68112182617188,118.371337890625,4.2069549560546875,2.0354534922570284,left,False,"{'safe_roi': (450, 80, 1500, 420), 'cylinder_roi': (800, 190, 1000, 300)}",ok_cylinder_inside_confirmed
2026-09-06 21:47:29,2026-09-06,110236,1,105,119.22213745117188,,42.563018798828125,0.7640410661697388,843.4215698242188,189.60494995117188,1038.255615234375,299.4289245605469,194.83404541015625,109.823974609375,21397.449256166816,940.838623046875,244.51693725585938,1920,1080,848.0015258789062,214.7053680419922,967.1782836914062,217.99461364746094,119.1767578125,3.28924560546875,1.5809463482205768,left,False,"{'safe_roi': (450, 80, 1500, 420), 'cylinder_roi': (800, 190, 1000, 300)}",ok_cylinder_inside_confirmed
2026-09-06 21:47:34,2026-09-06,110323,1,105,110.67711639404297,,38.4359130859375,0.7722674012184143,842.22900390625,189.29307556152344,1039.5587158203125,298.6063232421875,197.3297119140625,109.31324768066406,21570.751673216,940.8938598632812,243.94970703125,1920,1080,855.6784057617188,215.63771057128906,966.2332763671875,220.83822631835938,110.55487060546875,5.2005157470703125,2.693215730541428,left,False,"{'safe_roi': (450, 80, 1500, 420), 'cylinder_roi': (800, 190, 1000, 300)}",ok_cylinder_inside_confirmed
2026-09-06 21:47:39,2026-09-06,110409,1,105,111.66780853271484,,38.9031982421875,0.7679460644721985,842.6668701171875,189.08282470703125,1036.9210205078125,300.23529052734375,194.254150390625,111.1524658203125,21591.82781174779,939.7939453125,244.6590576171875,1920,1080,853.804931640625,214.6788330078125,965.4147338867188,218.277587890625,111.60980224609375,3.5987548828125,1.8468095834525227,left,False,"{'safe_roi': (450, 80, 1500, 420), 'cylinder_roi': (800, 190, 1000, 300)}",ok_cylinder_inside_confirmed
2026-09-06 21:47:44,2026-09-06,110495,1,105,108.416015625,,38.53877258300781,0.7737413644790649,843.01318359375,190.88702392578125,1035.4002685546875,301.165283203125,192.3870849609375,110.27825927734375,21216.112836934626,939.2067260742188,246.02615356445312,1920,1080,858.3162231445312,217.9608612060547,966.6773681640625,221.40982055664062,108.36114501953125,3.4489593505859375,1.8230162242131078,left,False,"{'safe_roi': (450, 80, 1500, 420), 'cylinder_roi': (800, 190, 1000, 300)}",ok_cylinder_inside_confirmed
2026-09-06 21:47:49,2026-09-06,110581,1,105,107.84497833251953,,37.02116394042969,0.7629206776618958,842.8414306640625,192.0259246826172,1029.020263671875,300.8868713378906,186.1788330078125,108.86094665527344,20267.604008404538,935.9308471679688,246.45639038085938,1920,1080,853.2864990234375,212.6466064453125,961.0306396484375,217.30914306640625,107.744140625,4.66253662109375,2.477880467824885,left,False,"{'safe_roi': (450, 80, 1500, 420), 'cylinder_roi': (800, 190, 1000, 300)}",ok_cylinder_inside_confirmed
2026-09-06 21:47:54,2026-09-06,110664,1,105,111.66698455810547,,39.67927551269531,0.7716056704521179,846.6629028320312,190.40231323242188,1032.3450927734375,300.6332702636719,185.68218994140625,110.23095703125,20467.925500899553,939.5040283203125,245.51779174804688,1920,1080,848.80419921875,212.47607421875,960.4153442382812,216.00701904296875,111.61114501953125,3.53094482421875,1.8120124431891085,left,False,"{'safe_roi': (450, 80, 1500, 420), 'cylinder_roi': (800, 190, 1000, 300)}",ok_cylinder_inside_confirmed
2026-09-06 21:47:59,2026-09-06,110751,1,105,102.85139465332031,,37.65388488769531,0.7739566564559937,846.5791015625,189.10043334960938,1033.67822265625,300.60986328125,187.09912109375,111.50942993164062,20863.31633387506,940.128662109375,244.8551483154297,1920,1080,858.4739379882812,215.5380859375,961.2699584960938,218.91253662109375,102.7960205078125,3.37445068359375,1.8801542951898882,left,False,"{'safe_roi': (450, 80, 1500, 420), 'cylinder_roi': (800, 190, 1000, 300)}",ok_cylinder_inside_confirmed
2026-09-06 21:48:04,2026-09-06,110835,1,105,119.1009292602539,,40.40675354003906,0.7642806768417358,845.855224609375,189.78041076660156,1035.40478515625,301.07159423828125,189.549560546875,111.29118347167969,21095.194919798523,940.6300048828125,245.42599487304688,1920,1080,845.2825927734375,206.9042205810547,963.936767578125,217.21046447753906,118.6541748046875,10.306243896484375,4.964224230692133,left,False,"{'safe_roi': (450, 80, 1500, 420), 'cylinder_roi': (800, 190, 1000, 300)}",ok_cylinder_inside_confirmed
2026-09-06 21:48:09,2026-09-06,110918,1,105,125.08783721923828,,39.21678161621094,0.7680952548980713,846.8153076171875,189.70291137695312,1037.0401611328125,302.23370361328125,190.224853515625,112.53079223632812,21406.15346915275,941.927734375,245.9683074951172,1920,1080,838.950927734375,205.53073120117188,963.4102783203125,218.05422973632812,124.4593505859375,12.52349853515625,5.745944336090804,left,False,"{'safe_roi': (450, 80, 1500, 420), 'cylinder_roi': (800, 190, 1000, 300)}",ok_cylinder_inside_confirmed
2026-09-06 21:48:14,2026-09-06,111002,1,105,103.45818328857422,,37.98377990722656,0.7610705494880676,845.4719848632812,191.49404907226562,1030.580322265625,302.13665771484375,185.10833740234375,110.64260864257812,20480.869331685826,938.026123046875,246.8153533935547,1920,1080,855.0623779296875,214.55520629882812,958.386474609375,219.82089233398438,103.3240966796875,5.26568603515625,2.917429797268278,left,False,"{'safe_roi': (450, 80, 1500, 420), 'cylinder_roi': (800, 190, 1000, 300)}",ok_cylinder_inside_confirmed
2026-09-06 21:48:19,2026-09-06,111084,1,105,109.4510269165039,,37.43257141113281,0.7633501291275024,844.2089233398438,189.90597534179688,1026.4603271484375,302.1423645019531,182.25140380859375,112.23638916015625,20455.23948284611,935.3345947265625,246.024169921875,1920,1080,851.3380126953125,209.73779296875,960.5435791015625,217.06393432617188,109.20556640625,7.326141357421875,3.8379817331292814,left,False,"{'safe_roi': (450, 80, 1500, 420), 'cylinder_roi': (800, 190, 1000, 300)}",ok_cylinder_inside_confirmed
2026-09-06 21:48:24,2026-09-06,111167,1,105,99.87831115722656,,35.32920837402344,0.7695507407188416,843.59423828125,190.1414794921875,1025.3243408203125,302.64788818359375,181.7301025390625,112.50640869140625,20445.80118779093,934.4592895507812,246.39468383789062,1920,1080,859.085693359375,215.4463653564453,958.91015625,218.72552490234375,99.824462890625,3.2791595458984375,1.8814473035865826,left,False,"{'safe_roi': (450, 80, 1500, 420), 'cylinder_roi': (800, 190, 1000, 300)}",ok_cylinder_inside_confirmed
2026-09-06 21:48:29,2026-09-06,111252,1,105,96.9630355834961,,35.054962158203125,0.7738515734672546,844.6495971679688,189.4268798828125,1024.705322265625,301.7852783203125,180.05572509765625,112.3583984375,20230.77290147543,934.677490234375,245.6060791015625,1920,1080,860.1082763671875,214.49830627441406,957.01708984375,217.7406005859375,96.9088134765625,3.2422943115234375,1.9162396490347902,left,False,"{'safe_roi': (450, 80, 1500, 420), 'cylinder_roi': (800, 190, 1000, 300)}",ok_cylinder_inside_confirmed
2026-09-06 21:48:34,2026-09-06,111334,1,105,104.57022094726562,,37.79315185546875,0.7577758431434631,845.0833740234375,190.269287109375,1025.62744140625,301.56793212890625,180.5440673828125,111.29864501953125,20094.31006602198,935.3554077148438,245.91860961914062,1920,1080,852.9073486328125,213.80332946777344,957.4451904296875,216.40536499023438,104.537841796875,2.6020355224609375,1.4258461201398689,left,False,"{'safe_roi': (450, 80, 1500, 420), 'cylinder_roi': (800, 190, 1000, 300)}",ok_cylinder_inside_confirmed
2026-09-06 21:48:39,2026-09-06,111417,1,105,98.29190826416016,,34.08056640625,0.7580417990684509,846.2302856445312,190.89422607421875,1025.9976806640625,301.2261047363281,179.76739501953125,110.33187866210938,19834.074414698407,936.114013671875,246.06016540527344,1920,1080,858.6859130859375,217.00521850585938,956.9610595703125,218.82049560546875,98.275146484375,1.815277099609375,1.0582114984210689,left,False,"{'safe_roi': (450, 80, 1500, 420), 'cylinder_roi': (800, 190, 1000, 300)}",ok_cylinder_inside_confirmed
2026-09-06 21:48:44,2026-09-06,111503,1,105,97.57537841796875,,35.16436767578125,0.7752696871757507,844.3734130859375,189.84552001953125,1025.619384765625,299.0010070800781,181.2459716796875,109.15548706054688,19783.992316458374,934.9963989257812,244.4232635498047,1920,1080,857.8280029296875,219.76268005371094,955.380615234375,217.65504455566406,97.5526123046875,2.107635498046875,1.237689405956689,left,False,"{'safe_roi': (450, 80, 1500, 420), 'cylinder_roi': (800, 190, 1000, 300)}",ok_cylinder_inside_confirmed
2026-09-06 21:48:49,2026-09-06,111586,1,105,97.6980209350586,,34.781646728515625,0.7736350297927856,843.6077880859375,192.14694213867188,1024.3604736328125,300.8775329589844,180.752685546875,108.7305908203125,19653.34629186988,933.984130859375,246.51223754882812,1920,1080,859.1729736328125,219.12510681152344,956.8693237304688,218.55401611328125,97.69635009765625,0.5710906982421875,0.33492258413854775,left,False,"{'safe_roi': (450, 80, 1500, 420), 'cylinder_roi': (800, 190, 1000, 300)}",ok_cylinder_inside_confirmed
2026-09-06 21:48:54,2026-09-06,111668,1,105,99.92320251464844,,35.169952392578125,0.7709243893623352,845.1056518554688,191.05850219726562,1024.96044921875,300.51214599609375,179.85479736328125,109.45364379882812,19685.762926110998,935.0330810546875,245.7853240966797,1920,1080,857.0696411132812,220.8731231689453,956.9727172851562,218.86761474609375,99.903076171875,2.0055084228515625,1.1500320227160252,left,False,"{'safe_roi': (450, 80, 1500, 420), 'cylinder_roi': (800, 190, 1000, 300)}",ok_cylinder_inside_confirmed
2026-09-06 21:48:59,2026-09-06,111747,1,105,100.58392333984375,,34.21971130371094,0.7788347005844116,846.3305053710938,191.2452850341797,1024.6685791015625,300.75,178.33807373046875,109.50471496582031,19528.859931408428,935.49951171875,245.99765014648438,1920,1080,858.730224609375,219.64442443847656,959.3141479492188,219.62078857421875,100.58392333984375,0.0236358642578125,0.013463734533548195,left,False,"{'safe_roi': (450, 80, 1500, 420), 'cylinder_roi': (800, 190, 1000, 300)}",ok_cylinder_inside_confirmed
2026-09-06 21:49:04,2026-09-06,111832,1,105,100.21084594726562,,34.416595458984375,0.7702967524528503,846.4357299804688,191.36033630371094,1026.0911865234375,301.3009338378906,179.65545654296875,109.94059753417969,19751.428242609836,936.263427734375,246.33062744140625,1920,1080,857.534912109375,218.3079376220703,957.744873046875,217.88623046875,100.2099609375,0.4217071533203125,0.241112731914798,left,False,"{'safe_roi': (450, 80, 1500, 420), 'cylinder_roi': (800, 190, 1000, 300)}",ok_cylinder_inside_confirmed
2026-09-06 21:49:09,2026-09-06,111922,1,105,98.045654296875,,34.438140869140625,0.7757611870765686,845.4393310546875,191.60287475585938,1026.2457275390625,302.3610534667969,180.806396484375,110.7581787109375,20025.787173897028,935.842529296875,246.98196411132812,1920,1080,859.5818481445312,219.46636962890625,957.6256713867188,218.8675537109375,98.0438232421875,0.59881591796875,0.3499373755545529,left,False,"{'safe_roi': (450, 80, 1500, 420), 'cylinder_roi': (800, 190, 1000, 300)}",ok_cylinder_inside_confirmed
2026-09-06 21:49:15,2026-09-06,112008,1,105,98.38142395019531,,35.05805969238281,0.770826518535614,845.8390502929688,190.90660095214844,1028.0787353515625,302.0653076171875,182.23968505859375,111.15870666503906,20257.527694157325,936.9588623046875,246.4859619140625,1920,1080,857.3576049804688,219.1201171875,955.7337646484375,218.10235595703125,98.37615966796875,1.01776123046875,0.5927385550357236,left,False,"{'safe_roi': (450, 80, 1500, 420), 'cylinder_roi': (800, 190, 1000, 300)}",ok_cylinder_inside_confirmed
2026-09-06 21:49:20,2026-09-06,112086,1,105,97.73646545410156,,34.1900634765625,0.7758753895759583,846.8609619140625,191.29470825195312,1026.2900390625,302.3966369628906,179.4290771484375,111.1019287109375,19934.916538015008,936.5755004882812,246.84567260742188,1920,1080,859.142333984375,217.9525146484375,956.87744140625,217.43768310546875,97.735107421875,0.51483154296875,0.30180968254661816,left,False,"{'safe_roi': (450, 80, 1500, 420), 'cylinder_roi': (800, 190, 1000, 300)}",ok_cylinder_inside_confirmed
2026-09-06 21:49:25,2026-09-06,112169,1,105,99.15071868896484,,34.73207092285156,0.7798537611961365,846.8406982421875,192.3516845703125,1024.782958984375,301.4886169433594,177.9422607421875,109.13693237304688,19420.07247692719,935.8118286132812,246.92015075683594,1920,1080,858.03125,222.04676818847656,957.1416625976562,219.21987915039062,99.11041259765625,2.8268890380859375,1.6337830255242451,left,False,"{'safe_roi': (450, 80, 1500, 420), 'cylinder_roi': (800, 190, 1000, 300)}",ok_cylinder_inside_confirmed
2026-09-06 21:49:30,2026-09-06,112252,1,105,102.61568450927734,,34.47337341308594,0.786156177520752,846.1228637695312,191.05538940429688,1025.291748046875,301.0428466796875,179.16888427734375,109.98745727539062,19706.330004533753,935.707275390625,246.0491180419922,1920,1080,857.834228515625,221.9493408203125,960.4376220703125,220.36099243164062,102.6033935546875,1.588348388671875,0.8868945488144998,left,False,"{'safe_roi': (450, 80, 1500, 420), 'cylinder_roi': (800, 190, 1000, 300)}",ok_cylinder_inside_confirmed
2026-09-06 21:49:35,2026-09-06,112336,1,105,102.61103057861328,,35.011871337890625,0.7687687873840332,845.626953125,191.67437744140625,1023.9071044921875,299.5304260253906,178.2801513671875,107.85604858398438,19228.592667419463,934.7670288085938,245.60240173339844,1920,1080,858.78564453125,221.043701171875,961.3671264648438,218.58123779296875,102.58148193359375,2.46246337890625,1.3751182504478372,left,False,"{'safe_roi': (450, 80, 1500, 420), 'cylinder_roi': (800, 190, 1000, 300)}",ok_cylinder_inside_confirmed
2026-09-06 21:49:40,2026-09-06,112417,1,105,102.10746765136719,,34.870330810546875,0.7842453122138977,845.95703125,192.01922607421875,1025.0189208984375,300.97955322265625,179.0618896484375,108.9603271484375,19510.642075911164,935.4879760742188,246.4993896484375,1920,1080,857.3988037109375,220.58453369140625,959.506103515625,220.76785278320312,102.1072998046875,0.183319091796875,0.10286628868849643,left,False,"{'safe_roi': (450, 80, 1500, 420), 'cylinder_roi': (800, 190, 1000, 300)}",ok_cylinder_inside_confirmed
2026-09-06 21:49:45,2026-09-06,112501,1,105,103.33746337890625,,33.93846130371094,0.7615985870361328,843.6336669921875,191.43038940429688,1022.6619873046875,301.3877868652344,179.0283203125,109.9573974609375,19685.488173365593,933.1478271484375,246.40908813476562,1920,1080,859.1439208984375,218.2029571533203,962.480712890625,218.57608032226562,103.3367919921875,0.3731231689453125,0.20687975212674198,left,False,"{'safe_roi': (450, 80, 1500, 420), 'cylinder_roi': (800, 190, 1000, 300)}",ok_cylinder_inside_confirmed
2026-09-06 21:49:50,2026-09-06,112588,1,105,105.1472396850586,,35.054412841796875,0.7682802081108093,844.7481689453125,191.0284423828125,1024.0771484375,299.6998291015625,179.3289794921875,108.67138671875,19487.928880274296,934.4126586914062,245.3641357421875,1920,1080,857.580322265625,219.07879638671875,962.7142333984375,217.40484619140625,105.1339111328125,1.6739501953125,0.912190716454078,left,False,"{'safe_roi': (450, 80, 1500, 420), 'cylinder_roi': (800, 190, 1000, 300)}",ok_cylinder_inside_confirmed
2026-09-06 21:49:55,2026-09-06,112669,1,105,117.88755798339844,,43.9383544921875,0.7637680172920227,844.3743286132812,191.01904296875,1024.8350830078125,300.40643310546875,180.46075439453125,109.38739013671875,19740.130945321172,934.604736328125,245.71273803710938,1920,1080,842.7775268554688,218.76695251464844,960.6611938476562,217.8095703125,117.8836669921875,0.9573822021484375,0.46531258318852625,left,False,"{'safe_roi': (450, 80, 1500, 420), 'cylinder_roi': (800, 190, 1000, 300)}",ok_cylinder_inside_confirmed
2026-09-06 21:50:00,2026-09-06,112752,1,105,105.77872467041016,,34.90887451171875,0.7622010111808777,844.740478515625,191.09518432617188,1023.8140869140625,299.66094970703125,179.0736083984375,108.56576538085938,19441.263355288655,934.2772827148438,245.37806701660156,1920,1080,857.5919189453125,221.73104858398438,963.36083984375,220.2908935546875,105.7689208984375,1.440155029296875,0.7800940537288624,left,False,"{'safe_roi': (450, 80, 1500, 420), 'cylinder_roi': (800, 190, 1000, 300)}",ok_cylinder_inside_confirmed
2026-09-06 21:50:05,2026-09-06,112898,1,105,119.47345733642578,,46.3316650390625,0.7663413286209106,842.799072265625,192.0435791015625,1023.6668701171875,300.3114929199219,180.8677978515625,108.26791381835938,19582.179150309414,933.2329711914062,246.1775360107422,1920,1080,840.5764770507812,223.95321655273438,960.0316162109375,221.86131286621094,119.45513916015625,2.0919036865234375,1.0032636787887048,left,False,"{'safe_roi': (450, 80, 1500, 420), 'cylinder_roi': (800, 190, 1000, 300)}",ok_cylinder_inside_confirmed
2026-09-06 21:50:10,2026-09-06,113028,1,105,104.81524658203125,,34.734344482421875,0.7692688703536987,841.951171875,193.84793090820312,1023.2244873046875,298.6466979980469,181.2733154296875,104.79876708984375,18997.2199633196,932.5878295898438,246.247314453125,1920,1080,855.0836181640625,221.61843872070312,959.86572265625,218.98281860351562,104.7821044921875,2.6356201171875,1.4408765162055914,left,False,"{'safe_roi': (450, 80, 1500, 420), 'cylinder_roi': (800, 190, 1000, 300)}",ok_cylinder_inside_confirmed
2026-09-06 21:50:15,2026-09-06,113151,1,105,103.99697875976562,,37.72703552246094,0.7775723338127136,840.907470703125,194.59677124023438,1022.2239990234375,300.9433898925781,181.3165283203125,106.34661865234375,19282.39969264716,931.5657348632812,247.77008056640625,1920,1080,850.540771484375,222.7352294921875,954.4570922851562,218.64004516601562,103.91632080078125,4.095184326171875,2.2567718296093924,left,False,"{'safe_roi': (450, 80, 1500, 420), 'cylinder_roi': (800, 190, 1000, 300)}",ok_cylinder_inside_confirmed
2026-09-06 21:50:20,2026-09-06,113286,1,105,110.1763916015625,,38.44773864746094,0.7633182406425476,841.6780395507812,195.4116668701172,1020.7631225585938,301.1706848144531,179.0850830078125,105.75901794433594,18939.862507386133,931.2205810546875,248.29116821289062,1920,1080,845.502685546875,222.7126007080078,955.5468139648438,217.315673828125,110.04412841796875,5.3969268798828125,2.8077242888059075,left,False,"{'safe_roi': (450, 80, 1500, 420), 'cylinder_roi': (800, 190, 1000, 300)}",ok_cylinder_inside_confirmed
2026-09-06 21:50:25,2026-09-06,113409,1,105,107.92877197265625,,40.58721923828125,0.7609295845031738,840.2920532226562,194.60848999023438,1021.5317993164062,301.81439208984375,181.23974609375,107.20590209960938,19429.970476284623,930.9119262695312,248.21144104003906,1920,1080,847.3405151367188,220.64675903320312,955.2523803710938,222.5570068359375,107.911865234375,1.910247802734375,1.0141397016143858,left,False,"{'safe_roi': (450, 80, 1500, 420), 'cylinder_roi': (800, 190, 1000, 300)}",ok_cylinder_inside_confirmed
2026-09-06 21:50:30,2026-09-06,113537,1,105,113.33483123779297,,47.916046142578125,0.7859959602355957,840.6670532226562,194.4453582763672,1022.0309448242188,301.5052185058594,181.3638916015625,107.05986022949219,19416.792885540053,931.3489990234375,247.97528076171875,1920,1080,838.5765380859375,218.5928955078125,951.6474609375,226.32275390625,113.0709228515625,7.7298583984375,3.9108219434876856,left,False,"{'safe_roi': (450, 80, 1500, 420), 'cylinder_roi': (800, 190, 1000, 300)}",ok_cylinder_inside_confirmed
2026-09-06 21:50:35,2026-09-06,113668,1,105,107.98889923095703,,49.19671630859375,0.8010356426239014,841.9373779296875,194.54946899414062,1021.729248046875,302.1282958984375,179.7918701171875,107.57882690429688,19341.79847413674,931.8333129882812,248.33888244628906,1920,1080,842.460205078125,219.941650390625,950.3475952148438,224.62274169921875,107.88739013671875,4.68109130859375,2.4844299073138756,left,False,"{'safe_roi': (450, 80, 1500, 420), 'cylinder_roi': (800, 190, 1000, 300)}",ok_cylinder_inside_confirmed
2026-09-06 21:50:40,2026-09-06,113797,1,105,113.47541809082031,,51.5616455078125,0.7553638219833374,842.256103515625,194.95262145996094,1020.669921875,300.45428466796875,178.413818359375,105.50166320800781,18822.954576205462,931.4630126953125,247.70346069335938,1920,1080,837.6925659179688,218.76004028320312,951.1580810546875,220.25930786132812,113.46551513671875,1.499267578125,0.7570291791847829,left,False,"{'safe_roi': (450, 80, 1500, 420), 'cylinder_roi': (800, 190, 1000, 300)}",ok_cylinder_inside_confirmed
2026-09-06 21:51:57,2026-09-06,115818,1,106,126.75184631347656,,42.78874206542969,0.7890239357948303,826.9765014648438,187.3275146484375,1019.6478881835938,297.61260986328125,192.67138671875,110.28509521484375,21248.782229453325,923.3121948242188,242.47006225585938,1920,1080,827.3030395507812,209.8156280517578,954.0068969726562,213.30313110351562,126.703857421875,3.4875030517578125,1.5766589176968286,left,False,"{'safe_roi': (450, 80, 1500, 420), 'cylinder_roi': (800, 190, 1000, 300)}",ok_cylinder_inside_confirmed
2026-09-06 21:52:02,2026-09-06,115945,1,106,103.51043701171875,,38.96723937988281,0.7820900082588196,826.7559814453125,187.40011596679688,1006.81494140625,298.6886901855469,180.0589599609375,111.28857421875,20038.504929363728,916.7854614257812,243.04440307617188,1920,1080,839.1365356445312,209.4899444580078,942.1624755859375,219.49327087402344,103.02593994140625,10.003326416015625,5.54576245153419,left,False,"{'safe_roi': (450, 80, 1500, 420), 'cylinder_roi': (800, 190, 1000, 300)}",ok_cylinder_inside_confirmed
2026-09-06 22:01:14,2026-09-06,129797,1,107,103.64669799804688,,37.33624267578125,0.7654260993003845,844.5576171875,193.85580444335938,1035.499267578125,302.0203552246094,190.941650390625,108.16455078125,20653.11783993244,940.0284423828125,247.93807983398438,1920,1080,855.2685546875,219.53350830078125,958.8900146484375,217.24642944335938,103.6214599609375,2.287078857421875,1.2643972927661171,left,False,"{'safe_roi': (450, 80, 1500, 420), 'cylinder_roi': (800, 190, 1000, 300)}",ok_cylinder_inside_confirmed
2026-09-06 22:01:19,2026-09-06,129915,1,107,105.32360076904297,,38.50810241699219,0.7741214632987976,846.1803588867188,189.08900451660156,1035.6253662109375,300.4213562011719,189.44500732421875,111.33235168457031,21091.35818030592,940.90283203125,244.75518798828125,1920,1080,855.6254272460938,219.41160583496094,960.9410400390625,218.11419677734375,105.31561279296875,1.2974090576171875,0.7058051618898156,left,False,"{'safe_roi': (450, 80, 1500, 420), 'cylinder_roi': (800, 190, 1000, 300)}",ok_cylinder_inside_confirmed
2026-09-06 22:01:24,2026-09-06,130041,1,107,106.74720001220703,,40.330718994140625,0.7674538493156433,845.7442626953125,191.4455108642578,1033.7244873046875,300.9720764160156,187.980224609375,109.52656555175781,20588.828393112868,939.734375,246.20880126953125,1920,1080,853.7276611328125,216.31085205078125,960.47412109375,215.91407775878906,106.7464599609375,0.3967742919921875,0.2129661973320676,left,False,"{'safe_roi': (450, 80, 1500, 420), 'cylinder_roi': (800, 190, 1000, 300)}",ok_cylinder_inside_confirmed
2026-09-06 22:01:29,2026-09-06,130172,1,107,115.66146087646484,,44.10813903808594,0.7570826411247253,843.7362060546875,192.5332489013672,1035.554931640625,300.79058837890625,191.8187255859375,108.25733947753906,20765.784893905744,939.6455688476562,246.66192626953125,1920,1080,845.0135498046875,213.99380493164062,960.6749877929688,213.92428588867188,115.66143798828125,0.06951904296875,0.03443798855967364,left,False,"{'safe_roi': (450, 80, 1500, 420), 'cylinder_roi': (800, 190, 1000, 300)}",ok_cylinder_inside_confirmed
2026-09-06 22:01:34,2026-09-06,130289,1,107,104.43467712402344,,38.99052429199219,0.7667814493179321,845.7359008789062,192.87789916992188,1037.2576904296875,301.4671630859375,191.52178955078125,108.58926391601562,20797.21015119739,941.496826171875,247.1725311279297,1920,1080,855.72216796875,219.6677703857422,960.137939453125,217.68057250976562,104.415771484375,1.9871978759765625,1.0902980096491344,left,False,"{'safe_roi': (450, 80, 1500, 420), 'cylinder_roi': (800, 190, 1000, 300)}",ok_cylinder_inside_confirmed
2026-09-06 22:01:39,2026-09-06,130414,1,107,116.03585815429688,,44.74467468261719,0.7513839602470398,846.0951538085938,193.2108154296875,1036.3841552734375,302.6396179199219,190.28900146484375,109.42880249023438,20823.097557360306,941.2396240234375,247.9252166748047,1920,1080,843.9434204101562,213.9693145751953,959.974609375,215.00997924804688,116.03118896484375,1.0406646728515625,0.5138626561354843,left,False,"{'safe_roi': (450, 80, 1500, 420), 'cylinder_roi': (800, 190, 1000, 300)}",ok_cylinder_inside_confirmed
2026-09-06 22:01:44,2026-09-06,130540,1,107,112.34833526611328,,41.97674560546875,0.7657727003097534,844.0593872070312,191.59243774414062,1037.6683349609375,301.38958740234375,193.60894775390625,109.79714965820312,21257.710611702874,940.8638916015625,246.4910125732422,1920,1080,849.5726928710938,212.91494750976562,961.853515625,216.80914306640625,112.28082275390625,3.894195556640625,1.9863727930815729,left,False,"{'safe_roi': (450, 80, 1500, 420), 'cylinder_roi': (800, 190, 1000, 300)}",ok_cylinder_inside_confirmed
2026-09-06 22:01:49,2026-09-06,130660,1,107,111.70869445800781,,41.65486145019531,0.7597354650497437,845.2535400390625,191.79115295410156,1034.8291015625,299.793701171875,189.5755615234375,108.00254821777344,20474.643724346533,940.0413208007812,245.79241943359375,1920,1080,849.6436157226562,216.02159118652344,961.3518676757812,215.70654296875,111.708251953125,0.3150482177734375,0.16158954282557064,left,False,"{'safe_roi': (450, 80, 1500, 420), 'cylinder_roi': (800, 190, 1000, 300)}",ok_cylinder_inside_confirmed
2026-09-06 22:01:54,2026-09-06,130784,1,107,99.64513397216797,,34.284088134765625,0.7542044520378113,843.1936645507812,191.5406036376953,1035.30517578125,300.08551025390625,192.11151123046875,108.54490661621094,20852.72604641039,939.2493896484375,245.81304931640625,1920,1080,860.6290893554688,215.7964324951172,960.24560546875,213.40850830078125,99.61651611328125,2.3879241943359375,1.373183750328488,left,False,"{'safe_roi': (450, 80, 1500, 420), 'cylinder_roi': (800, 190, 1000, 300)}",ok_cylinder_inside_confirmed
2026-09-06 22:01:59,2026-09-06,130904,1,107,115.39176177978516,,42.3360595703125,0.7620477676391602,842.829345703125,191.6140899658203,1033.6990966796875,300.4479675292969,190.8697509765625,108.83387756347656,20773.095108354464,938.2642211914062,246.03103637695312,1920,1080,845.61181640625,214.90167236328125,961.001953125,215.51376342773438,115.39013671875,0.612091064453125,0.30392463980977624,left,False,"{'safe_roi': (450, 80, 1500, 420), 'cylinder_roi': (800, 190, 1000, 300)}",ok_cylinder_inside_confirmed
2026-09-06 22:02:04,2026-09-06,131038,1,107,111.75978088378906,,38.80010986328125,0.7663689851760864,841.9405517578125,193.41360473632812,1037.226318359375,300.0892333984375,195.2857666015625,106.67562866210938,20832.231920983642,939.5834350585938,246.7514190673828,1920,1080,849.0230102539062,212.78945922851562,960.7453002929688,215.68402099609375,111.7222900390625,2.894561767578125,1.4841181601020008,left,False,"{'safe_roi': (450, 80, 1500, 420), 'cylinder_roi': (800, 190, 1000, 300)}",ok_cylinder_inside_confirmed
2026-09-06 22:02:09,2026-09-06,131165,1,107,99.15434265136719,,36.4176025390625,0.7681555151939392,845.1674194335938,193.09658813476562,1035.979736328125,300.12359619140625,190.81231689453125,107.02700805664062,20422.07137757726,940.5736083984375,246.61009216308594,1920,1080,861.8333129882812,219.19839477539062,960.9849853515625,218.4708251953125,99.15167236328125,0.727569580078125,0.4204257685099172,left,False,"{'safe_roi': (450, 80, 1500, 420), 'cylinder_roi': (800, 190, 1000, 300)}",ok_cylinder_inside_confirmed
2026-09-06 22:02:14,2026-09-06,131288,1,107,98.43506622314453,,36.02899169921875,0.7732357978820801,843.405517578125,193.2898712158203,1035.518310546875,300.25274658203125,192.11279296875,106.96287536621094,20548.93673057109,939.4619140625,246.77130126953125,1920,1080,861.8363037109375,219.98301696777344,960.2257080078125,216.98513793945312,98.389404296875,2.9978790283203125,1.7452355898979648,left,False,"{'safe_roi': (450, 80, 1500, 420), 'cylinder_roi': (800, 190, 1000, 300)}",ok_cylinder_inside_confirmed
2026-09-06 22:02:19,2026-09-06,131419,1,107,99.26908111572266,,35.43499755859375,0.7752866148948669,843.193359375,192.5682373046875,1036.5098876953125,298.8150329589844,193.3165283203125,106.24679565429688,20539.261681046337,939.8516235351562,245.69163513183594,1920,1080,861.140869140625,218.6158447265625,960.4068603515625,217.83302307128906,99.2659912109375,0.7828216552734375,0.4518309508375748,left,False,"{'safe_roi': (450, 80, 1500, 420), 'cylinder_roi': (800, 190, 1000, 300)}",ok_cylinder_inside_confirmed
2026-09-06 22:02:24,2026-09-06,131536,1,107,105.05337524414062,,41.16914367675781,0.7543638944625854,844.0623168945312,191.51849365234375,1035.7100830078125,299.12640380859375,191.64776611328125,107.60791015625,20622.815597563982,939.88623046875,245.32244873046875,1920,1080,852.998291015625,217.27589416503906,957.9638061523438,212.980224609375,104.96551513671875,4.2956695556640625,2.3434979468940083,left,False,"{'safe_roi': (450, 80, 1500, 420), 'cylinder_roi': (800, 190, 1000, 300)}",ok_cylinder_inside_confirmed
2026-09-06 22:02:34,2026-09-06,131756,1,107,111.7592544555664,,44.56854248046875,0.762592613697052,841.195068359375,192.80320739746094,1033.9324951171875,298.890625,192.7374267578125,106.08741760253906,20447.01588009484,937.5637817382812,245.846923828125,1920,1080,847.31201171875,217.32211303710938,959.033203125,214.4056396484375,111.72119140625,2.916473388671875,1.4953624424890415,left,False,"{'safe_roi': (450, 80, 1500, 420), 'cylinder_roi': (800, 190, 1000, 300)}",ok_cylinder_inside_confirmed
2026-09-06 22:02:43,2026-09-06,131987,1,107,103.29409790039062,,39.701568603515625,0.7679793834686279,841.851318359375,194.7593994140625,1033.4468994140625,301.19915771484375,191.5955810546875,106.43975830078125,20393.38733895868,937.6491088867188,247.97927856445312,1920,1080,855.9307861328125,219.98936462402344,959.220703125,219.06005859375,103.2899169921875,0.9293060302734375,0.5154799068990112,left,False,"{'safe_roi': (450, 80, 1500, 420), 'cylinder_roi': (800, 190, 1000, 300)}",ok_cylinder_inside_confirmed
2026-09-06 22:02:48,2026-09-06,132118,1,107,100.35753631591797,,37.367462158203125,0.7533618807792664,843.541015625,193.6492462158203,1032.8515625,301.4058532714844,189.310546875,107.75660705566406,20399.462211102247,938.1962890625,247.52755737304688,1920,1080,858.7401733398438,220.7110595703125,959.0557861328125,217.81063842773438,100.31561279296875,2.900421142578125,1.6561291086795158,left,False,"{'safe_roi': (450, 80, 1500, 420), 'cylinder_roi': (800, 190, 1000, 300)}",ok_cylinder_inside_confirmed
2026-09-06 22:02:53,2026-09-06,132252,1,107,114.20636749267578,,46.372344970703125,0.7519576549530029,842.0863647460938,194.919677734375,1034.85107421875,301.54791259765625,192.76470947265625,106.62823486328125,20554.160715002567,938.46875,248.23379516601562,1920,1080,845.515869140625,216.70980834960938,959.7034912109375,214.64047241210938,114.1876220703125,2.0693359375,1.0382144454027542,left,False,"{'safe_roi': (450, 80, 1500, 420), 'cylinder_roi': (800, 190, 1000, 300)}",ok_cylinder_inside_confirmed
2026-09-06 22:02:58,2026-09-06,132379,1,107,98.10783386230469,,36.22996520996094,0.7660781741142273,840.2589111328125,193.53240966796875,1029.841064453125,299.92449951171875,189.5821533203125,106.39208984375,20170.041488826275,935.0499877929688,246.72845458984375,1920,1080,859.3644409179688,218.0040283203125,957.4567260742188,216.25755310058594,98.09228515625,1.7464752197265625,1.0200097536841954,left,False,"{'safe_roi': (450, 80, 1500, 420), 'cylinder_roi': (800, 190, 1000, 300)}",ok_cylinder_inside_confirmed
2026-09-06 22:03:03,2026-09-06,132494,1,107,97.34906005859375,,34.92938232421875,0.7558869123458862,842.7913818359375,194.15377807617188,1031.8623046875,300.2729187011719,189.0709228515625,106.119140625,20064.043850183487,937.3268432617188,247.21334838867188,1920,1080,859.1063842773438,218.18466186523438,956.42431640625,215.72317504882812,97.31793212890625,2.46148681640625,1.4488875707264286,left,False,"{'safe_roi': (450, 80, 1500, 420), 'cylinder_roi': (800, 190, 1000, 300)}",ok_cylinder_inside_confirmed
2026-09-06 22:03:08,2026-09-06,132614,1,107,98.66547393798828,,35.721954345703125,0.777105987071991,841.9580688476562,195.05616760253906,1031.32763671875,301.67352294921875,189.36956787109375,106.61735534667969,20190.08250955958,936.642822265625,248.36483764648438,1920,1080,860.8536376953125,219.5857696533203,959.515380859375,218.727783203125,98.6617431640625,0.8579864501953125,0.49824543683107625,left,False,"{'safe_roi': (450, 80, 1500, 420), 'cylinder_roi': (800, 190, 1000, 300)}",ok_cylinder_inside_confirmed
2026-09-06 22:03:13,2026-09-06,132741,1,107,99.99697875976562,,36.12922668457031,0.763536810874939,842.13037109375,195.32864379882812,1030.3450927734375,301.45733642578125,188.2147216796875,106.12869262695312,19974.982345011085,936.2377319335938,248.3929901123047,1920,1080,861.5464477539062,220.86363220214844,961.5364990234375,219.68646240234375,99.99005126953125,1.1771697998046875,0.6745045596712204,left,False,"{'safe_roi': (450, 80, 1500, 420), 'cylinder_roi': (800, 190, 1000, 300)}",ok_cylinder_inside_confirmed
2026-09-06 22:03:18,2026-09-06,132864,1,107,104.53313446044922,,42.16365051269531,0.7675167918205261,841.9307250976562,195.2545166015625,1031.47802734375,300.4502868652344,189.54730224609375,105.19577026367188,19939.574461178854,936.704345703125,247.85240173339844,1920,1080,855.3854370117188,219.5409698486328,959.8812255859375,216.74705505371094,104.49578857421875,2.793914794921875,1.53155834420007,left,False,"{'safe_roi': (450, 80, 1500, 420), 'cylinder_roi': (800, 190, 1000, 300)}",ok_cylinder_inside_confirmed
2026-09-06 22:03:23,2026-09-06,132988,1,107,96.39476013183594,,34.98834228515625,0.7690438032150269,841.490478515625,194.99229431152344,1030.628662109375,299.9413757324219,189.13818359375,104.94908142089844,19849.878629781306,936.0595703125,247.46682739257812,1920,1080,861.3265380859375,217.94715881347656,957.7210693359375,218.15737915039062,96.39453125,0.2102203369140625,0.12495230612991681,left,False,"{'safe_roi': (450, 80, 1500, 420), 'cylinder_roi': (800, 190, 1000, 300)}",ok_cylinder_inside_confirmed
2026-09-06 22:03:29,2026-09-06,133106,1,107,97.89401245117188,,34.86053466796875,0.7709092497825623,841.769775390625,195.09963989257812,1032.2120361328125,299.5544128417969,190.4422607421875,104.45477294921875,19892.60310576111,936.9909057617188,247.3270263671875,1920,1080,861.2945556640625,220.29843139648438,959.1796264648438,218.97518920898438,97.88507080078125,1.3232421875,0.7744957852861611,left,False,"{'safe_roi': (450, 80, 1500, 420), 'cylinder_roi': (800, 190, 1000, 300)}",ok_cylinder_inside_confirmed
2026-09-06 22:03:34,2026-09-06,133225,1,107,103.91876220703125,,39.184539794921875,0.7644381523132324,845.0252075195312,194.9496307373047,1031.31298828125,301.5700988769531,186.28778076171875,106.62046813964844,19862.090393510647,938.1690673828125,248.25985717773438,1920,1080,855.719482421875,217.67210388183594,959.6363525390625,217.0452880859375,103.9168701171875,0.6268157958984375,0.34559801546225805,left,False,"{'safe_roi': (450, 80, 1500, 420), 'cylinder_roi': (800, 190, 1000, 300)}",ok_cylinder_inside_confirmed
2026-09-06 22:03:39,2026-09-06,133330,1,107,98.46218872070312,,35.45762634277344,0.7618793249130249,843.3366088867188,194.3290557861328,1029.743408203125,302.0953063964844,186.40679931640625,107.76625061035156,20088.361850605346,936.5400390625,248.21218872070312,1920,1080,860.727783203125,219.38502502441406,959.1716918945312,217.48760986328125,98.44390869140625,1.8974151611328125,1.104186364852924,left,False,"{'safe_roi': (450, 80, 1500, 420), 'cylinder_roi': (800, 190, 1000, 300)}",ok_cylinder_inside_confirmed
2026-09-06 22:03:44,2026-09-06,133460,1,107,104.75662994384766,,36.906646728515625,0.7585577368736267,839.9716186523438,193.8343048095703,1026.525146484375,300.9871826171875,186.55352783203125,107.15287780761719,19989.747372365557,933.2484130859375,247.41073608398438,1920,1080,858.169189453125,222.1529541015625,962.92578125,222.23841857910156,104.756591796875,0.0854644775390625,0.046744101644311385,left,False,"{'safe_roi': (450, 80, 1500, 420), 'cylinder_roi': (800, 190, 1000, 300)}",ok_cylinder_inside_confirmed
2026-09-06 22:03:49,2026-09-06,133586,1,107,116.9195556640625,,47.68495178222656,0.7534524202346802,841.2423095703125,195.15567016601562,1026.7901611328125,302.12261962890625,185.5478515625,106.96694946289062,19847.48766103387,934.0162353515625,248.63914489746094,1920,1080,840.7008666992188,221.3002471923828,957.5741577148438,218.011474609375,116.873291015625,3.2887725830078125,1.6118573764084523,left,False,"{'safe_roi': (450, 80, 1500, 420), 'cylinder_roi': (800, 190, 1000, 300)}",ok_cylinder_inside_confirmed
2026-09-06 22:03:54,2026-09-06,133711,1,107,111.085693359375,,43.889190673828125,0.7553461194038391,844.5556030273438,194.99813842773438,1031.1414794921875,300.74041748046875,186.58587646484375,105.74227905273438,19730.01581644453,937.8485107421875,247.86927795410156,1920,1080,846.3303833007812,221.898193359375,957.3883056640625,219.4144287109375,111.05792236328125,2.4837646484375,1.2811829111596194,left,False,"{'safe_roi': (450, 80, 1500, 420), 'cylinder_roi': (800, 190, 1000, 300)}",ok_cylinder_inside_confirmed
2026-09-06 22:03:59,2026-09-06,133833,1,107,120.29441833496094,,46.317352294921875,0.7576223015785217,842.7538452148438,195.17955017089844,1030.8160400390625,299.1629638671875,188.06219482421875,103.98341369628906,19555.34900503885,936.784912109375,247.1712646484375,1920,1080,836.0161743164062,218.810791015625,956.30810546875,219.58409118652344,120.29193115234375,0.7733001708984375,0.3683225079080874,left,False,"{'safe_roi': (450, 80, 1500, 420), 'cylinder_roi': (800, 190, 1000, 300)}",ok_cylinder_inside_confirmed
2026-09-06 22:04:04,2026-09-06,133954,1,107,105.93140411376953,,35.437255859375,0.7593695521354675,842.931884765625,196.09078979492188,1029.8699951171875,301.58966064453125,186.9381103515625,105.49887084960938,19721.759560849518,936.4009399414062,248.84022521972656,1920,1080,852.0938720703125,223.31494140625,958.00341796875,221.16319274902344,105.9095458984375,2.1517486572265625,1.1639097936278602,left,False,"{'safe_roi': (450, 80, 1500, 420), 'cylinder_roi': (800, 190, 1000, 300)}",ok_cylinder_inside_confirmed
2026-09-06 22:04:09,2026-09-06,134082,1,107,113.84650421142578,,39.0628662109375,0.766860842704773,843.303466796875,196.7029266357422,1030.6298828125,300.283447265625,187.326416015625,103.58052062988281,19403.367698628455,936.9666748046875,248.49319458007812,1920,1080,843.528564453125,222.29931640625,957.374755859375,222.0323486328125,113.84619140625,0.2669677734375,0.13435757891873767,left,False,"{'safe_roi': (450, 80, 1500, 420), 'cylinder_roi': (800, 190, 1000, 300)}",ok_cylinder_inside_confirmed
2026-09-06 22:04:14,2026-09-06,134212,1,107,119.83476257324219,,44.60302734375,0.7558415532112122,844.2061157226562,196.82501220703125,1031.817138671875,300.3018798828125,187.61102294921875,103.47686767578125,19413.400996234268,938.0115966796875,248.56344604492188,1920,1080,837.0725708007812,221.876708984375,956.8946533203125,220.13369750976562,119.82208251953125,1.743011474609375,0.833403624655474,left,False,"{'safe_roi': (450, 80, 1500, 420), 'cylinder_roi': (800, 190, 1000, 300)}",ok_cylinder_inside_confirmed
2026-09-06 22:04:30,2026-09-06,134610,1,107,101.31095123291016,,35.863525390625,0.787194550037384,859.8009643554688,191.91989135742188,1030.574951171875,304.4408264160156,170.77398681640625,112.52093505859375,19215.648680265993,945.18798828125,248.18035888671875,1920,1080,866.43505859375,217.6641845703125,967.6546020507812,221.966796875,101.21954345703125,4.3026123046875,2.4340477919788226,left,False,"{'safe_roi': (450, 80, 1500, 420), 'cylinder_roi': (800, 190, 1000, 300)}",ok_cylinder_inside_confirmed
2026-09-06 22:04:35,2026-09-06,134720,1,107,95.57264709472656,,38.985565185546875,0.7762985229492188,864.0341186523438,192.27267456054688,1032.6968994140625,304.9588623046875,168.66278076171875,112.68618774414062,19005.96577836387,948.365478515625,248.6157684326172,1920,1080,871.611083984375,213.9515380859375,967.0345458984375,219.28948974609375,95.4234619140625,5.33795166015625,3.2017668930945162,left,False,"{'safe_roi': (450, 80, 1500, 420), 'cylinder_roi': (800, 190, 1000, 300)}",ok_cylinder_inside_confirmed
2026-09-06 22:04:40,2026-09-06,134847,1,107,108.88813018798828,,39.01515197753906,0.773938000202179,862.7500610351562,190.2173614501953,1036.83544921875,304.91461181640625,174.08538818359375,114.69725036621094,19967.11535359267,949.792724609375,247.56597900390625,1920,1080,864.863525390625,212.43310546875,973.433837890625,220.74652099609375,108.5703125,8.31341552734375,4.3786919466256755,left,False,"{'safe_roi': (450, 80, 1500, 420), 'cylinder_roi': (800, 190, 1000, 300)}",ok_cylinder_inside_confirmed
2026-09-06 22:04:45,2026-09-06,134969,1,107,106.18782806396484,,40.05958557128906,0.7745996713638306,862.8842163085938,190.9595184326172,1036.251708984375,304.424560546875,173.36749267578125,113.46504211425781,19671.149857700802,949.5679931640625,247.69204711914062,1920,1080,871.0013427734375,213.37742614746094,977.0560302734375,218.69326782226562,106.0546875,5.3158416748046875,2.869468709635871,left,False,"{'safe_roi': (450, 80, 1500, 420), 'cylinder_roi': (800, 190, 1000, 300)}",ok_cylinder_inside_confirmed
2026-09-06 22:04:50,2026-09-06,135098,1,107,105.14820861816406,,40.65315246582031,0.7725484371185303,863.2518920898438,191.2584991455078,1035.3773193359375,305.18560791015625,172.12542724609375,113.92710876464844,19609.752271027304,949.3145751953125,248.2220458984375,1920,1080,870.3372802734375,213.2799072265625,975.2769775390625,219.89849853515625,104.939697265625,6.61859130859375,3.6088889908807142,left,False,"{'safe_roi': (450, 80, 1500, 420), 'cylinder_roi': (800, 190, 1000, 300)}",ok_cylinder_inside_confirmed
2026-09-06 22:04:55,2026-09-06,135224,1,107,106.60919952392578,,41.10404968261719,0.7778130769729614,862.7898559570312,190.48672485351562,1033.7579345703125,304.7337341308594,170.96807861328125,114.24700927734375,19532.59166346118,948.27392578125,247.6102294921875,1920,1080,870.4769287109375,213.18052673339844,976.7699584960938,221.385009765625,106.29302978515625,8.204483032226562,4.413760788938475,left,False,"{'safe_roi': (450, 80, 1500, 420), 'cylinder_roi': (800, 190, 1000, 300)}",ok_cylinder_inside_confirmed
2026-09-06 22:05:00,2026-09-06,135358,1,107,105.98676300048828,,39.44328308105469,0.77598637342453,862.46923828125,191.24041748046875,1033.9510498046875,304.6314697265625,171.4818115234375,113.39105224609375,19444.503049708903,948.2101440429688,247.93594360351562,1920,1080,869.5093994140625,213.3405303955078,975.2184448242188,221.008056640625,105.70904541015625,7.6675262451171875,4.148640896591034,left,False,"{'safe_roi': (450, 80, 1500, 420), 'cylinder_roi': (800, 190, 1000, 300)}",ok_cylinder_inside_confirmed
2026-09-06 22:05:05,2026-09-06,135479,1,107,102.15714263916016,,40.0906982421875,0.7719830870628357,862.396240234375,191.84262084960938,1033.2789306640625,305.63525390625,170.8826904296875,113.79263305664062,19445.191287796944,947.8375854492188,248.7389373779297,1920,1080,870.0228271484375,209.45103454589844,971.90283203125,216.97071838378906,101.8800048828125,7.519683837890625,4.221302375261606,left,False,"{'safe_roi': (450, 80, 1500, 420), 'cylinder_roi': (800, 190, 1000, 300)}",ok_cylinder_inside_confirmed
2026-09-06 22:05:10,2026-09-06,135606,1,107,103.60455322265625,,39.10725402832031,0.7790100574493408,862.0657348632812,189.818603515625,1032.304443359375,304.4563293457031,170.23870849609375,114.63772583007812,19515.778390241787,947.18505859375,247.13746643066406,1920,1080,868.7933959960938,212.89178466796875,972.2071533203125,219.17660522460938,103.41375732421875,6.284820556640625,3.477790149570069,left,False,"{'safe_roi': (450, 80, 1500, 420), 'cylinder_roi': (800, 190, 1000, 300)}",ok_cylinder_inside_confirmed
2026-09-06 22:05:15,2026-09-06,135732,1,107,102.57015991210938,,39.2540283203125,0.7809634208679199,861.8804321289062,191.42178344726562,1032.845703125,305.3099060058594,170.96527099609375,113.88812255859375,19470.91373646632,947.363037109375,248.3658447265625,1920,1080,868.3052978515625,213.25607299804688,970.6033935546875,220.72177124023438,102.298095703125,7.4656982421875,4.174036699903261,left,False,"{'safe_roi': (450, 80, 1500, 420), 'cylinder_roi': (800, 190, 1000, 300)}",ok_cylinder_inside_confirmed
2026-09-06 22:05:20,2026-09-06,135859,1,107,104.54035186767578,,39.31097412109375,0.7757360339164734,861.226806640625,191.7220458984375,1032.8336181640625,305.1014709472656,171.6068115234375,113.37942504882812,19456.681624989957,947.0302124023438,248.41175842285156,1920,1080,866.6691284179688,211.20289611816406,970.917236328125,219.0142059326172,104.24810791015625,7.811309814453125,4.28516453942159,left,False,"{'safe_roi': (450, 80, 1500, 420), 'cylinder_roi': (800, 190, 1000, 300)}",ok_cylinder_inside_confirmed
2026-09-06 22:05:25,2026-09-06,135977,1,107,107.1262435913086,,40.12556457519531,0.7804117202758789,861.115966796875,190.82080078125,1033.69140625,304.5545959472656,172.575439453125,113.73379516601562,19627.65968144685,947.4036865234375,247.6876983642578,1920,1080,868.2734375,212.9739990234375,975.108154296875,220.87185668945312,106.834716796875,7.897857666015625,4.2279539938976685,left,False,"{'safe_roi': (450, 80, 1500, 420), 'cylinder_roi': (800, 190, 1000, 300)}",ok_cylinder_inside_confirmed
2026-09-06 22:05:30,2026-09-06,136099,1,107,106.22325134277344,,40.09718322753906,0.7689774632453918,861.5266723632812,190.2223663330078,1035.3375244140625,305.11834716796875,173.81085205078125,114.89598083496094,19970.168326134793,948.43212890625,247.67034912109375,1920,1080,868.3428955078125,212.52590942382812,974.3923950195312,218.59909057617188,106.04949951171875,6.07318115234375,3.277601528819502,left,False,"{'safe_roi': (450, 80, 1500, 420), 'cylinder_roi': (800, 190, 1000, 300)}",ok_cylinder_inside_confirmed
2026-09-06 22:05:36,2026-09-06,136222,1,107,105.30364227294922,,39.43006896972656,0.7765381932258606,861.6224365234375,189.9539337158203,1036.40771484375,305.04638671875,174.7852783203125,115.09245300292969,20116.46643068455,949.0150756835938,247.50015258789062,1920,1080,867.5324096679688,214.03369140625,972.6458129882812,220.36056518554688,105.1134033203125,6.326873779296875,3.444530631184525,left,False,"{'safe_roi': (450, 80, 1500, 420), 'cylinder_roi': (800, 190, 1000, 300)}",ok_cylinder_inside_confirmed
2026-09-06 22:05:41,2026-09-06,136345,1,107,103.42929077148438,,39.53314208984375,0.7671184539794922,860.605712890625,191.0895233154297,1032.75439453125,306.0831298828125,172.148681640625,114.99360656738281,19795.997767675668,946.6800537109375,248.58633422851562,1920,1080,869.1031494140625,212.96026611328125,972.3970947265625,218.24986267089844,103.2939453125,5.2895965576171875,2.9315082355074473,left,False,"{'safe_roi': (450, 80, 1500, 420), 'cylinder_roi': (800, 190, 1000, 300)}",ok_cylinder_inside_confirmed
2026-09-06 22:05:46,2026-09-06,136479,1,107,105.52862548828125,,40.951873779296875,0.7749841213226318,860.979248046875,191.3253631591797,1034.31787109375,305.26202392578125,173.338623046875,113.93666076660156,19749.62389184162,947.6485595703125,248.293701171875,1920,1080,866.2987060546875,210.3031768798828,971.6396484375,216.59420776367188,105.3409423828125,6.2910308837890625,3.4176826563814227,left,False,"{'safe_roi': (450, 80, 1500, 420), 'cylinder_roi': (800, 190, 1000, 300)}",ok_cylinder_inside_confirmed
2026-09-06 22:05:51,2026-09-06,136613,1,107,114.02520751953125,,38.99702453613281,0.7747405767440796,862.1882934570312,190.32632446289062,1034.20849609375,304.7040100097656,172.02020263671875,114.377685546875,19675.272644892335,948.1983642578125,247.51516723632812,1920,1080,860.5833129882812,207.39398193359375,973.826416015625,220.72616577148438,113.24310302734375,13.332183837890625,6.714560654455457,left,False,"{'safe_roi': (450, 80, 1500, 420), 'cylinder_roi': (800, 190, 1000, 300)}",ok_cylinder_inside_confirmed
2026-09-06 22:05:56,2026-09-06,136729,1,107,109.79852294921875,,39.8304443359375,0.7618588805198669,862.2005004882812,191.72508239746094,1034.5548095703125,305.7325134277344,172.35430908203125,114.00743103027344,19649.67200544011,948.377685546875,248.72879028320312,1920,1080,865.2979736328125,210.25193786621094,974.7987060546875,218.33309936523438,109.500732421875,8.081161499023438,4.220780764766725,left,False,"{'safe_roi': (450, 80, 1500, 420), 'cylinder_roi': (800, 190, 1000, 300)}",ok_cylinder_inside_confirmed
2026-09-06 22:06:01,2026-09-06,136856,1,107,106.10152435302734,,38.8121337890625,0.7848866581916809,861.566650390625,191.8607635498047,1034.91748046875,305.4191589355469,173.350830078125,113.55839538574219,19685.442102458328,948.2420654296875,248.63995361328125,1920,1080,871.182861328125,212.49624633789062,977.0185546875,220.0022430419922,105.835693359375,7.5059967041015625,4.056694316819706,left,False,"{'safe_roi': (450, 80, 1500, 420), 'cylinder_roi': (800, 190, 1000, 300)}",ok_cylinder_inside_confirmed
2026-09-06 22:06:06,2026-09-06,136983,1,107,108.52926635742188,,40.65065002441406,0.7813391089439392,862.5425415039062,190.95098876953125,1035.5064697265625,305.2393493652344,172.96392822265625,114.28836059570312,19767.76379876025,949.0245361328125,248.0951690673828,1920,1080,869.9360961914062,211.27249145507812,978.0086669921875,221.21836853027344,108.07257080078125,9.945877075195312,5.258097506082199,left,False,"{'safe_roi': (450, 80, 1500, 420), 'cylinder_roi': (800, 190, 1000, 300)}",ok_cylinder_inside_confirmed
2026-09-06 22:06:11,2026-09-06,137114,1,107,105.8572006225586,,41.72050476074219,0.7870017886161804,862.3986206054688,190.54864501953125,1036.2783203125,304.95257568359375,173.87969970703125,114.4039306640625,19892.52110917121,949.3385009765625,247.7506103515625,1920,1080,869.348876953125,208.9749298095703,974.8720703125,217.37747192382812,105.523193359375,8.402542114257812,4.552710461152554,left,False,"{'safe_roi': (450, 80, 1500, 420), 'cylinder_roi': (800, 190, 1000, 300)}",ok_cylinder_inside_confirmed
2026-09-06 22:06:16,2026-09-06,137247,1,107,104.57457733154297,,39.74687194824219,0.7783063650131226,861.988525390625,191.10963439941406,1034.3692626953125,305.43499755859375,172.3807373046875,114.32536315917969,19707.490394005552,948.1788940429688,248.27230834960938,1920,1080,870.82568359375,211.88047790527344,975.1799926757812,218.6643524169922,104.35430908203125,6.78387451171875,3.7194556522565185,left,False,"{'safe_roi': (450, 80, 1500, 420), 'cylinder_roi': (800, 190, 1000, 300)}",ok_cylinder_inside_confirmed
2026-09-06 22:06:21,2026-09-06,137366,1,107,103.6882553100586,,39.95170593261719,0.7758975028991699,860.8207397460938,191.801025390625,1033.140380859375,304.8924865722656,172.31964111328125,113.09146118164062,19487.88000379689,946.9805908203125,248.3467559814453,1920,1080,869.0435791015625,213.0670623779297,972.6122436523438,218.04562377929688,103.56866455078125,4.9785614013671875,2.7520983152546346,left,False,"{'safe_roi': (450, 80, 1500, 420), 'cylinder_roi': (800, 190, 1000, 300)}",ok_cylinder_inside_confirmed
2026-09-06 22:06:26,2026-09-06,137495,1,107,104.68525695800781,,39.17376708984375,0.7781025171279907,861.0137939453125,190.08306884765625,1033.42431640625,304.34710693359375,172.4105224609375,114.2640380859375,19700.322504892945,947.2190551757812,247.215087890625,1920,1080,871.375732421875,212.79864501953125,975.8690185546875,219.13552856445312,104.4932861328125,6.336883544921875,3.470391078175253,left,False,"{'safe_roi': (450, 80, 1500, 420), 'cylinder_roi': (800, 190, 1000, 300)}",ok_cylinder_inside_confirmed
2026-09-06 22:06:31,2026-09-06,137624,1,107,101.29450225830078,,38.31959533691406,0.7750769257545471,861.959716796875,190.02845764160156,1034.125732421875,304.67919921875,172.166015625,114.65074157714844,19738.961365789175,948.042724609375,247.35382080078125,1920,1080,870.3280029296875,212.81895446777344,971.453369140625,218.6701202392578,101.1253662109375,5.851165771484375,3.3114711806295447,left,False,"{'safe_roi': (450, 80, 1500, 420), 'cylinder_roi': (800, 190, 1000, 300)}",ok_cylinder_inside_confirmed
2026-09-06 22:06:36,2026-09-06,137749,1,107,102.14253234863281,,39.6910400390625,0.7815369963645935,862.4009399414062,188.4672393798828,1033.503662109375,305.56243896484375,171.10272216796875,117.09519958496094,20035.30740178842,947.9522705078125,247.01483154296875,1920,1080,869.2108154296875,214.2041015625,971.1913452148438,219.95460510253906,101.98052978515625,5.7505035400390625,3.227390954743682,left,False,"{'safe_roi': (450, 80, 1500, 420), 'cylinder_roi': (800, 190, 1000, 300)}",ok_cylinder_inside_confirmed
2026-09-06 22:06:41,2026-09-06,137880,1,107,108.57510375976562,,40.75804138183594,0.7749338746070862,861.15625,189.74539184570312,1034.7786865234375,305.58880615234375,173.6224365234375,115.84341430664062,20113.015847112983,947.9674682617188,247.66709899902344,1920,1080,865.3169555664062,209.33425903320312,973.64794921875,216.61083984375,108.33099365234375,7.276580810546875,3.8427788071456743,left,False,"{'safe_roi': (450, 80, 1500, 420), 'cylinder_roi': (800, 190, 1000, 300)}",ok_cylinder_inside_confirmed
2026-09-06 22:06:46,2026-09-06,138013,1,107,101.07272338867188,,40.368743896484375,0.7786625027656555,860.6442260742188,190.15261840820312,1034.882080078125,306.1770935058594,174.23785400390625,116.02447509765625,20215.855552945286,947.76318359375,248.16485595703125,1920,1080,870.0791015625,210.81878662109375,970.99658203125,216.41851806640625,100.91748046875,5.5997314453125,3.175983982648942,left,False,"{'safe_roi': (450, 80, 1500, 420), 'cylinder_roi': (800, 190, 1000, 300)}",ok_cylinder_inside_confirmed
2026-09-06 22:06:51,2026-09-06,138139,1,107,106.98470306396484,,38.635223388671875,0.7789292335510254,861.54931640625,193.99957275390625,1034.5029296875,309.18255615234375,172.95361328125,115.1829833984375,19921.313167274,948.026123046875,251.591064453125,1920,1080,864.6693115234375,206.95037841796875,970.9464111328125,219.2346954345703,106.277099609375,12.284317016601562,6.593422883795446,left,False,"{'safe_roi': (450, 80, 1500, 420), 'cylinder_roi': (800, 190, 1000, 300)}",ok_cylinder_inside_confirmed
2026-09-06 22:09:55,2026-09-06,142705,1,108,110.90699768066406,,42.261138916015625,0.7700369954109192,848.9813842773438,196.47930908203125,1039.2176513671875,305.85430908203125,190.23626708984375,109.375,20807.09171295166,944.0994873046875,251.16680908203125,1920,1080,855.1459350585938,246.1909637451172,965.6285400390625,236.49789428710938,110.48260498046875,9.693069458007812,5.013943799726769,left,False,"{'safe_roi': (450, 80, 1500, 420), 'cylinder_roi': (800, 190, 1000, 300)}",ok_cylinder_inside_confirmed
2026-09-06 22:10:06,2026-09-06,142983,1,108,108.5987319946289,,41.92597961425781,0.777414083480835,868.2938842773438,193.2449951171875,1037.7880859375,308.3290100097656,169.49420166015625,115.08401489257812,19506.073228063062,953.041015625,250.78700256347656,1920,1080,864.54345703125,215.33682250976562,972.81884765625,223.71084594726562,108.275390625,8.3740234375,4.422454498244703,left,False,"{'safe_roi': (450, 80, 1500, 420), 'cylinder_roi': (800, 190, 1000, 300)}",ok_cylinder_inside_confirmed
2026-09-06 22:10:12,2026-09-06,143114,1,108,94.46846008300781,,36.528717041015625,0.8136760592460632,873.03759765625,194.77896118164062,1034.3253173828125,307.7873229980469,161.2877197265625,113.00836181640625,18226.8609874025,953.6814575195312,251.28314208984375,1920,1080,882.3711547851562,212.94879150390625,976.3707275390625,222.34930419921875,93.99957275390625,9.4005126953125,5.710928331763449,left,False,"{'safe_roi': (450, 80, 1500, 420), 'cylinder_roi': (800, 190, 1000, 300)}",ok_cylinder_inside_confirmed
2026-09-06 22:13:11,2026-09-06,146839,1,109,112.13164520263672,,48.6075439453125,0.7861340045928955,824.7633056640625,186.943359375,1020.7322998046875,297.33294677734375,195.968994140625,110.38958740234375,21632.936406835914,922.747802734375,242.13815307617188,1920,1080,828.8707885742188,213.89697265625,940.9935302734375,215.31004333496094,112.12274169921875,1.4130706787109375,0.7220542300148171,left,False,"{'safe_roi': (450, 80, 1500, 420), 'cylinder_roi': (800, 190, 1000, 300)}",ok_cylinder_inside_confirmed
2026-09-06 22:13:16,2026-09-06,146943,1,109,127.1310806274414,,43.38615417480469,0.7760138511657715,823.8368530273438,186.53489685058594,1016.8855590820312,297.3035583496094,193.0487060546875,110.76866149902344,21383.746773796156,920.3612060546875,241.91921997070312,1920,1080,824.8900756835938,207.75216674804688,951.9534301757812,211.90133666992188,127.0633544921875,4.149169921875,1.8702912603584596,left,False,"{'safe_roi': (450, 80, 1500, 420), 'cylinder_roi': (800, 190, 1000, 300)}",ok_cylinder_inside_confirmed
2026-09-06 22:13:21,2026-09-06,147045,1,109,128.46087646484375,,43.11686706542969,0.76859450340271,824.5383911132812,188.21018981933594,1017.9756469726562,298.0662841796875,193.437255859375,109.85609436035156,21250.261432494968,921.2570190429688,243.13824462890625,1920,1080,823.9409790039062,207.63320922851562,952.3692626953125,210.5269775390625,128.42828369140625,2.893768310546875,1.2907800051558869,left,False,"{'safe_roi': (450, 80, 1500, 420), 'cylinder_roi': (800, 190, 1000, 300)}",ok_cylinder_inside_confirmed
2026-09-06 22:13:26,2026-09-06,147138,1,109,124.95381164550781,,45.11186218261719,0.7771803736686707,824.569091796875,186.59954833984375,1017.2685546875,296.0461120605469,192.699462890625,109.44656372070312,21090.294044204056,920.9188232421875,241.3228302001953,1920,1080,825.4240112304688,209.96449279785156,950.3554077148438,212.3311309814453,124.931396484375,2.36663818359375,1.0852529208147477,left,False,"{'safe_roi': (450, 80, 1500, 420), 'cylinder_roi': (800, 190, 1000, 300)}",ok_cylinder_inside_confirmed
2026-09-06 22:13:31,2026-09-06,147243,1,109,126.22137451171875,,46.290130615234375,0.7722741365432739,824.3707885742188,186.03494262695312,1017.0202026367188,295.5546569824219,192.6494140625,109.51971435546875,21098.908798873425,920.6954956054688,240.7947998046875,1920,1080,824.144775390625,209.16075134277344,950.3553466796875,207.50962829589844,126.2105712890625,1.651123046875,0.7495171338082892,left,False,"{'safe_roi': (450, 80, 1500, 420), 'cylinder_roi': (800, 190, 1000, 300)}",ok_cylinder_inside_confirmed
2026-09-06 22:13:36,2026-09-06,147336,1,109,129.44293212890625,,46.030731201171875,0.7594457268714905,824.720703125,187.2530975341797,1017.6798095703125,294.935546875,192.9591064453125,107.68244934082031,20778.309204647318,921.2002563476562,241.09432983398438,1920,1080,823.4049072265625,203.73199462890625,952.8336181640625,205.65087890625,129.4287109375,1.91888427734375,0.8493935800133514,left,False,"{'safe_roi': (450, 80, 1500, 420), 'cylinder_roi': (800, 190, 1000, 300)}",ok_cylinder_inside_confirmed
2026-09-06 22:13:41,2026-09-06,147430,1,109,131.4080352783203,,40.96275329589844,0.76917564868927,823.8272094726562,189.1578826904297,1017.4047241210938,298.87823486328125,193.5775146484375,109.72035217285156,21239.393079971895,920.615966796875,244.01806640625,1920,1080,818.880126953125,204.18252563476562,950.22412109375,208.28475952148438,131.343994140625,4.10223388671875,1.788923112435982,left,False,"{'safe_roi': (450, 80, 1500, 420), 'cylinder_roi': (800, 190, 1000, 300)}",ok_cylinder_inside_confirmed
2026-09-06 22:13:46,2026-09-06,147523,1,109,126.59188842773438,,44.92356872558594,0.7716997265815735,824.6527709960938,186.8059539794922,1017.4467163085938,295.9718017578125,192.7939453125,109.16584777832031,21046.514486566186,921.0497436523438,241.38888549804688,1920,1080,824.2620849609375,207.85565185546875,950.8421020507812,209.58914184570312,126.58001708984375,1.733489990234375,0.7846060860039683,left,False,"{'safe_roi': (450, 80, 1500, 420), 'cylinder_roi': (800, 190, 1000, 300)}",ok_cylinder_inside_confirmed
2026-09-06 22:13:51,2026-09-06,147624,1,109,128.72425842285156,,45.50794982910156,0.7864424586296082,824.2060546875,185.87701416015625,1017.7265625,297.0367126464844,193.5205078125,111.15969848632812,21511.681299358606,920.96630859375,241.4568634033203,1920,1080,824.2271728515625,206.5888671875,952.9383544921875,208.4239044189453,128.711181640625,1.8350372314453125,0.8168114415171056,left,False,"{'safe_roi': (450, 80, 1500, 420), 'cylinder_roi': (800, 190, 1000, 300)}",ok_cylinder_inside_confirmed
2026-09-06 22:13:56,2026-09-06,147718,1,109,130.37266540527344,,39.78398132324219,0.7730100154876709,822.1491088867188,186.02713012695312,1015.2984008789062,296.6799621582031,193.1492919921875,110.65283203125,21372.516163766384,918.7237548828125,241.35354614257812,1920,1080,823.4549560546875,204.94952392578125,953.6839599609375,211.06817626953125,130.22900390625,6.11865234375,2.689994745307825,left,False,"{'safe_roi': (450, 80, 1500, 420), 'cylinder_roi': (800, 190, 1000, 300)}",ok_cylinder_inside_confirmed
2026-09-06 22:14:02,2026-09-06,147819,1,109,129.89309692382812,,42.15472412109375,0.7670186161994934,823.2308349609375,186.36883544921875,1014.5889892578125,296.62689208984375,191.358154296875,110.258056640625,21098.778215110302,918.909912109375,241.49786376953125,1920,1080,823.8570556640625,206.47210693359375,953.733154296875,208.57313537597656,129.8760986328125,2.1010284423828125,0.9268030384855379,left,False,"{'safe_roi': (450, 80, 1500, 420), 'cylinder_roi': (800, 190, 1000, 300)}",ok_cylinder_inside_confirmed
2026-09-06 22:14:07,2026-09-06,147911,1,109,111.88084411621094,,34.912322998046875,0.7739812135696411,826.2872314453125,188.0856475830078,1015.0938720703125,296.71905517578125,188.806640625,108.63340759277344,20510.70874723792,920.6905517578125,242.40234375,1920,1080,840.6381225585938,212.90008544921875,952.513671875,213.98880004882812,111.87554931640625,1.088714599609375,0.5575550960017637,left,False,"{'safe_roi': (450, 80, 1500, 420), 'cylinder_roi': (800, 190, 1000, 300)}",ok_cylinder_inside_confirmed
2026-09-06 22:14:12,2026-09-06,148009,1,109,125.3730239868164,,40.936981201171875,0.7739315032958984,824.8716430664062,187.16940307617188,1016.6253051757812,295.9331970214844,191.753662109375,108.7637939453125,20855.85579392314,920.7484741210938,241.55130004882812,1920,1080,827.99560546875,209.65225219726562,953.3621826171875,210.92379760742188,125.3665771484375,1.27154541015625,0.5811093278322823,left,False,"{'safe_roi': (450, 80, 1500, 420), 'cylinder_roi': (800, 190, 1000, 300)}",ok_cylinder_inside_confirmed
2026-09-06 22:14:17,2026-09-06,148106,1,109,129.1764678955078,,44.28266906738281,0.7716518044471741,824.4235229492188,187.904296875,1014.8362426757812,297.6011962890625,190.4127197265625,109.6968994140625,20887.6849630028,919.6298828125,242.75274658203125,1920,1080,825.1287841796875,208.2830810546875,954.3050537109375,208.51370239257812,129.17626953125,0.230621337890625,0.1022913522416136,left,False,"{'safe_roi': (450, 80, 1500, 420), 'cylinder_roi': (800, 190, 1000, 300)}",ok_cylinder_inside_confirmed
2026-09-06 22:14:22,2026-09-06,148210,1,109,131.32656860351562,,40.19099426269531,0.774129331111908,823.251953125,186.8345947265625,1015.7154541015625,297.4126281738281,192.4635009765625,110.57803344726562,21282.23544836417,919.4837036132812,242.1236114501953,1920,1080,823.2986450195312,206.96209716796875,954.6194458007812,208.19268798828125,131.32080078125,1.2305908203125,0.5368958776062734,left,False,"{'safe_roi': (450, 80, 1500, 420), 'cylinder_roi': (800, 190, 1000, 300)}",ok_cylinder_inside_confirmed
2026-09-06 22:14:27,2026-09-06,148306,1,109,128.50881958007812,,41.603485107421875,0.7749295830726624,822.8748168945312,188.01629638671875,1017.3402709960938,299.3069763183594,194.4654541015625,111.29067993164062,21642.192610178143,920.1075439453125,243.66163635253906,1920,1080,824.1260986328125,208.49745178222656,952.628173828125,209.8144989013672,128.5020751953125,1.317047119140625,0.5872169696929914,left,False,"{'safe_roi': (450, 80, 1500, 420), 'cylinder_roi': (800, 190, 1000, 300)}",ok_cylinder_inside_confirmed
2026-09-06 22:14:32,2026-09-06,148395,1,109,131.51644897460938,,39.09715270996094,0.7738418579101562,823.9296875,185.75497436523438,1017.5938720703125,297.5832824707031,193.6641845703125,111.82830810546875,21657.138101123273,920.7617797851562,241.66912841796875,1920,1080,823.319580078125,206.1432342529297,954.7810668945312,209.94509887695312,131.46148681640625,3.8018646240234375,1.6565315381011252,left,False,"{'safe_roi': (450, 80, 1500, 420), 'cylinder_roi': (800, 190, 1000, 300)}",ok_cylinder_inside_confirmed
2026-09-06 22:14:37,2026-09-06,148485,1,109,128.64479064941406,,41.64927673339844,0.7792943716049194,824.2257690429688,188.59353637695312,1018.3212280273438,298.66363525390625,194.095458984375,110.07009887695312,21364.106361977756,921.2734985351562,243.6285858154297,1920,1080,825.7106323242188,205.4809112548828,954.240478515625,210.91773986816406,128.52984619140625,5.43682861328125,2.4221746815315557,left,False,"{'safe_roi': (450, 80, 1500, 420), 'cylinder_roi': (800, 190, 1000, 300)}",ok_cylinder_inside_confirmed
2026-09-06 22:14:42,2026-09-06,148584,1,109,129.70306396484375,,41.9202880859375,0.7740340828895569,823.6853637695312,188.06040954589844,1018.0398559570312,298.6800537109375,194.3544921875,110.61964416503906,21499.424767658114,920.8626098632812,243.3702392578125,1920,1080,824.8359985351562,209.3072509765625,954.536376953125,208.47348022460938,129.70037841796875,0.833770751953125,0.36831725332970144,left,False,"{'safe_roi': (450, 80, 1500, 420), 'cylinder_roi': (800, 190, 1000, 300)}",ok_cylinder_inside_confirmed
2026-09-06 22:14:47,2026-09-06,148679,1,109,131.76437377929688,,42.253082275390625,0.780497670173645,823.1024780273438,188.2471923828125,1017.3536987304688,298.2317810058594,194.251220703125,109.98458862304688,21364.64059855789,920.2280883789062,243.23948669433594,1920,1080,824.662109375,208.19400024414062,956.3770751953125,211.80203247070312,131.7149658203125,3.6080322265625,1.5690953168487891,left,False,"{'safe_roi': (450, 80, 1500, 420), 'cylinder_roi': (800, 190, 1000, 300)}",ok_cylinder_inside_confirmed
2026-09-06 22:14:52,2026-09-06,148776,1,109,130.5068817138672,,40.29237365722656,0.7847514152526855,823.0975341796875,186.13534545898438,1015.982421875,296.09649658203125,192.8848876953125,109.96115112304688,21209.844285216182,919.5399780273438,241.1159210205078,1920,1080,824.9371948242188,206.37452697753906,955.3875122070312,210.2163848876953,130.4503173828125,3.84185791015625,1.6869152988495784,left,False,"{'safe_roi': (450, 80, 1500, 420), 'cylinder_roi': (800, 190, 1000, 300)}",ok_cylinder_inside_confirmed
2026-09-06 22:14:57,2026-09-06,148870,1,109,130.95188903808594,,41.076202392578125,0.7767178416252136,823.6243286132812,186.14456176757812,1017.1231079101562,295.7081604003906,193.498779296875,109.5635986328125,21200.42259082198,920.3737182617188,240.92636108398438,1920,1080,825.9219970703125,206.0868377685547,956.7855224609375,210.89651489257812,130.863525390625,4.8096771240234375,2.104866247346368,left,False,"{'safe_roi': (450, 80, 1500, 420), 'cylinder_roi': (800, 190, 1000, 300)}",ok_cylinder_inside_confirmed
2026-09-06 22:15:02,2026-09-06,148971,1,109,129.59341430664062,,41.09629821777344,0.7750168442726135,822.7178344726562,187.3458709716797,1016.9616088867188,298.06280517578125,194.2437744140625,110.71693420410156,21506.075191358104,919.8397216796875,242.704345703125,1920,1080,825.6368408203125,208.76416015625,955.183837890625,212.2322235107422,129.5469970703125,3.4680633544921875,1.5334816664669586,left,False,"{'safe_roi': (450, 80, 1500, 420), 'cylinder_roi': (800, 190, 1000, 300)}",ok_cylinder_inside_confirmed
2026-09-06 22:15:07,2026-09-06,149068,1,109,125.15035247802734,,43.75355529785156,0.7725793719291687,823.7719116210938,186.6978302001953,1017.2926635742188,297.06402587890625,193.520751953125,110.36619567871094,21358.149177949876,920.5322875976562,241.88092041015625,1920,1080,825.7221069335938,209.3564453125,950.81396484375,213.18228149414062,125.09185791015625,3.825836181640625,1.7518003237570134,left,False,"{'safe_roi': (450, 80, 1500, 420), 'cylinder_roi': (800, 190, 1000, 300)}",ok_cylinder_inside_confirmed
2026-09-06 22:15:12,2026-09-06,149163,1,109,128.9639892578125,,42.50892639160156,0.7750720381736755,823.0059814453125,186.8665313720703,1016.0277099609375,296.95654296875,193.021728515625,110.09001159667969,21249.764330696315,919.516845703125,241.91152954101562,1920,1080,824.697021484375,207.80372619628906,953.5830688476562,212.28652954101562,128.88604736328125,4.4828033447265625,1.9920093857592704,left,False,"{'safe_roi': (450, 80, 1500, 420), 'cylinder_roi': (800, 190, 1000, 300)}",ok_cylinder_inside_confirmed
2026-09-06 22:15:17,2026-09-06,149262,1,109,130.16079711914062,,41.71568298339844,0.7681390643119812,823.6392822265625,186.9956512451172,1016.03759765625,296.13330078125,192.3983154296875,109.13764953613281,20997.89992070757,919.8384399414062,241.56448364257812,1920,1080,823.6217651367188,208.92185974121094,953.6884765625,213.87002563476562,130.06671142578125,4.9481658935546875,2.178669423710404,left,False,"{'safe_roi': (450, 80, 1500, 420), 'cylinder_roi': (800, 190, 1000, 300)}",ok_cylinder_inside_confirmed
2026-09-06 22:15:22,2026-09-06,149357,1,109,129.90325927734375,,42.390350341796875,0.7630186080932617,823.963623046875,189.0613250732422,1016.35986328125,296.5328369140625,192.396240234375,107.47151184082031,20677.114810477942,920.1617431640625,242.79708862304688,1920,1080,822.3289794921875,211.18394470214844,952.1932373046875,214.36691284179688,129.8642578125,3.1829681396484375,1.4040363218238108,left,False,"{'safe_roi': (450, 80, 1500, 420), 'cylinder_roi': (800, 190, 1000, 300)}",ok_cylinder_inside_confirmed
2026-09-06 22:15:27,2026-09-06,149460,1,109,122.28117370605469,,43.81623840332031,0.7639061212539673,824.055419921875,188.3416748046875,1014.9774169921875,296.07452392578125,190.9219970703125,107.73284912109375,20568.57070427388,919.5164184570312,242.20809936523438,1920,1080,825.141357421875,209.40008544921875,947.3905029296875,212.1986083984375,122.2491455078125,2.79852294921875,1.3113838389648054,left,False,"{'safe_roi': (450, 80, 1500, 420), 'cylinder_roi': (800, 190, 1000, 300)}",ok_cylinder_inside_confirmed
2026-09-06 22:15:32,2026-09-06,149564,1,109,116.04177856445312,,38.023193359375,0.7667278051376343,824.0225830078125,188.67788696289062,1015.999755859375,296.9592590332031,191.9771728515625,108.2813720703125,20787.551682546735,920.0111694335938,242.81857299804688,1920,1080,838.2154541015625,215.01499938964844,954.1990356445312,218.6897430419922,115.98358154296875,3.67474365234375,1.814712826558789,left,False,"{'safe_roi': (450, 80, 1500, 420), 'cylinder_roi': (800, 190, 1000, 300)}",ok_cylinder_inside_confirmed
2026-09-06 22:15:37,2026-09-06,149655,1,109,122.76544189453125,,39.915618896484375,0.7643071413040161,823.561279296875,188.24562072753906,1016.2816162109375,296.7659912109375,192.7203369140625,108.52037048339844,20914.08236159943,919.9214477539062,242.50579833984375,1920,1080,826.9221801757812,215.2381134033203,949.6759033203125,213.54168701171875,122.75372314453125,1.6964263916015625,0.7917632386284379,left,False,"{'safe_roi': (450, 80, 1500, 420), 'cylinder_roi': (800, 190, 1000, 300)}",ok_cylinder_inside_confirmed
2026-09-06 22:15:42,2026-09-06,149749,1,109,125.50048065185547,,44.0997314453125,0.7643537521362305,823.0598754882812,187.9202880859375,1015.2699584960938,294.845703125,192.2100830078125,106.9254150390625,20552.142900303006,919.1649169921875,241.38299560546875,1920,1080,823.7255859375,214.18060302734375,949.2066650390625,216.3873291015625,125.4810791015625,2.20672607421875,1.007506944822828,left,False,"{'safe_roi': (450, 80, 1500, 420), 'cylinder_roi': (800, 190, 1000, 300)}",ok_cylinder_inside_confirmed
2026-09-06 22:15:47,2026-09-06,149843,1,109,116.32135009765625,,38.90338134765625,0.76950603723526,823.73486328125,189.02566528320312,1015.4248046875,296.2847595214844,191.68994140625,107.25909423828125,20560.48948982358,919.579833984375,242.65521240234375,1920,1080,837.2919311523438,215.25326538085938,953.5964965820312,217.22903442382812,116.3045654296875,1.97576904296875,0.9732407254181384,left,False,"{'safe_roi': (450, 80, 1500, 420), 'cylinder_roi': (800, 190, 1000, 300)}",ok_cylinder_inside_confirmed
2026-09-06 22:15:52,2026-09-06,149937,1,109,126.21560668945312,,42.80332946777344,0.77046799659729,823.454345703125,187.3614501953125,1015.62255859375,295.8597412109375,192.168212890625,108.498291015625,20849.92268615961,919.5384521484375,241.610595703125,1920,1080,826.7874145507812,216.21649169921875,952.9863891601562,214.16732788085938,126.198974609375,2.049163818359375,0.9302620860624621,left,False,"{'safe_roi': (450, 80, 1500, 420), 'cylinder_roi': (800, 190, 1000, 300)}",ok_cylinder_inside_confirmed
2026-09-06 22:15:57,2026-09-06,150037,1,109,131.45057678222656,,43.356597900390625,0.7739574909210205,823.8248291015625,189.67897033691406,1016.556884765625,295.77508544921875,192.7320556640625,106.09611511230469,20448.12236356549,920.1908569335938,242.72702026367188,1920,1080,823.9890747070312,216.90130615234375,955.4005126953125,213.69384765625,131.41143798828125,3.20745849609375,1.398183878949766,left,False,"{'safe_roi': (450, 80, 1500, 420), 'cylinder_roi': (800, 190, 1000, 300)}",ok_cylinder_inside_confirmed
2026-09-06 22:16:02,2026-09-06,150131,1,109,109.7672119140625,,33.3514404296875,0.7771329283714294,823.6015014648438,188.70974731445312,1016.1593627929688,296.16131591796875,192.557861328125,107.45156860351562,20690.64424664527,919.8804321289062,242.43553161621094,1920,1080,843.5828857421875,217.05935668945312,953.3465576171875,217.94052124023438,109.763671875,0.88116455078125,0.45995113348394023,left,False,"{'safe_roi': (450, 80, 1500, 420), 'cylinder_roi': (800, 190, 1000, 300)}",ok_cylinder_inside_confirmed
2026-09-06 22:16:08,2026-09-06,150219,1,109,120.20675659179688,,37.53302001953125,0.7705693244934082,822.7224731445312,189.05323791503906,1015.3688354492188,295.3401794433594,192.6463623046875,106.28694152832031,20475.79264592193,919.045654296875,242.19671630859375,1920,1080,833.1162109375,217.13931274414062,953.3228759765625,216.9893035888672,120.2066650390625,0.1500091552734375,0.07150091902999234,left,False,"{'safe_roi': (450, 80, 1500, 420), 'cylinder_roi': (800, 190, 1000, 300)}",ok_cylinder_inside_confirmed
2026-09-06 22:16:13,2026-09-06,150316,1,109,122.16632843017578,,37.028228759765625,0.7672228217124939,822.287109375,189.71847534179688,1015.26806640625,297.0311279296875,192.98095703125,107.31265258789062,20709.29839797318,918.777587890625,243.3748016357422,1920,1080,833.22900390625,215.14898681640625,955.3320922851562,219.0792236328125,122.10308837890625,3.93023681640625,1.8435918761030776,left,False,"{'safe_roi': (450, 80, 1500, 420), 'cylinder_roi': (800, 190, 1000, 300)}",ok_cylinder_inside_confirmed
2026-09-06 22:16:18,2026-09-06,150411,1,109,117.13377380371094,,37.1129150390625,0.7673864364624023,820.8960571289062,186.85128784179688,1015.5214233398438,296.18902587890625,194.6253662109375,109.33773803710938,21279.897306147963,918.208740234375,241.52015686035156,1920,1080,835.1995239257812,212.8912353515625,952.3189697265625,214.723388671875,117.11944580078125,1.8321533203125,0.8962311096833269,left,False,"{'safe_roi': (450, 80, 1500, 420), 'cylinder_roi': (800, 190, 1000, 300)}",ok_cylinder_inside_confirmed
2026-09-06 22:16:23,2026-09-06,150514,1,109,131.91177368164062,,40.50933837890625,0.7686068415641785,823.6358032226562,191.02249145507812,1015.3280639648438,296.5463562011719,191.6922607421875,105.52386474609375,20228.10819543153,919.48193359375,243.784423828125,1920,1080,820.125,213.45025634765625,951.9661865234375,209.1354217529297,131.8411865234375,4.3148345947265625,1.8744795093396336,left,False,"{'safe_roi': (450, 80, 1500, 420), 'cylinder_roi': (800, 190, 1000, 300)}",ok_cylinder_inside_confirmed
2026-09-06 22:16:28,2026-09-06,150607,1,109,133.36782836914062,,38.15533447265625,0.7594490051269531,822.4485473632812,187.50942993164062,1013.8074340820312,293.71978759765625,191.35888671875,106.21035766601562,20324.295800969005,918.1279907226562,240.61460876464844,1920,1080,819.7598266601562,214.65087890625,953.12451171875,215.56613159179688,133.36468505859375,0.915252685546875,0.39320223940279614,left,False,"{'safe_roi': (450, 80, 1500, 420), 'cylinder_roi': (800, 190, 1000, 300)}",ok_cylinder_inside_confirmed
2026-09-06 22:16:33,2026-09-06,150702,1,109,131.30557250976562,,36.38587951660156,0.7588765621185303,823.3118896484375,191.89407348632812,1012.7655029296875,295.8885498046875,189.45361328125,103.99447631835938,19702.12929980457,918.0386962890625,243.8913116455078,1920,1080,817.9159545898438,218.8618927001953,949.142578125,214.3092803955078,131.22662353515625,4.5526123046875,1.9869511936250832,left,False,"{'safe_roi': (450, 80, 1500, 420), 'cylinder_roi': (800, 190, 1000, 300)}",ok_cylinder_inside_confirmed
2026-09-06 22:16:38,2026-09-06,150800,1,109,133.01870727539062,,35.211395263671875,0.770796537399292,822.6612548828125,189.2132110595703,1013.3743896484375,294.5048828125,190.713134765625,105.29167175292969,20080.50478471443,918.017822265625,241.85903930664062,1920,1080,816.819580078125,215.8680419921875,949.662109375,209.02418518066406,132.842529296875,6.8438568115234375,2.949189118737787,left,False,"{'safe_roi': (450, 80, 1500, 420), 'cylinder_roi': (800, 190, 1000, 300)}",ok_cylinder_inside_confirmed
2026-09-06 22:16:43,2026-09-06,150910,1,109,131.63551330566406,,35.42857360839844,0.7581465244293213,823.8836669921875,192.4334259033203,1015.773681640625,296.66558837890625,191.8900146484375,104.23216247558594,20001.111184278503,919.8286743164062,244.54949951171875,1920,1080,819.4659423828125,219.234619140625,951.0694580078125,216.33241271972656,131.603515625,2.9022064208984375,1.263319072627948,left,False,"{'safe_roi': (450, 80, 1500, 420), 'cylinder_roi': (800, 190, 1000, 300)}",ok_cylinder_inside_confirmed
2026-09-06 22:16:48,2026-09-06,151012,1,109,131.81512451171875,,39.29438781738281,0.7579354047775269,823.4976806640625,191.16439819335938,1015.3309326171875,295.8111267089844,191.833251953125,104.646728515625,20074.72223740816,919.414306640625,243.48776245117188,1920,1080,818.76123046875,219.44345092773438,950.515869140625,215.4507293701172,131.754638671875,3.9927215576171875,1.7357726915627902,left,False,"{'safe_roi': (450, 80, 1500, 420), 'cylinder_roi': (800, 190, 1000, 300)}",ok_cylinder_inside_confirmed
2026-09-06 22:16:53,2026-09-06,151106,1,109,131.81640625,,39.207061767578125,0.7690346837043762,824.0924682617188,191.8848876953125,1015.4767456054688,296.72930908203125,191.38427734375,104.84442138671875,20065.573820620775,919.7846069335938,244.30709838867188,1920,1080,819.217529296875,217.17039489746094,950.9091796875,211.4368133544922,131.691650390625,5.73358154296875,2.4929651158933157,left,False,"{'safe_roi': (450, 80, 1500, 420), 'cylinder_roi': (800, 190, 1000, 300)}",ok_cylinder_inside_confirmed
2026-09-06 22:16:58,2026-09-06,151206,1,109,130.9751434326172,,39.323211669921875,0.7548020482063293,824.108642578125,192.25030517578125,1016.6990966796875,297.3555603027344,192.5904541015625,105.10525512695312,20242.268813360482,920.4038696289062,244.8029327392578,1920,1080,818.9724731445312,219.53744506835938,949.8323974609375,214.04478454589844,130.85992431640625,5.4926605224609375,2.403498614072732,left,False,"{'safe_roi': (450, 80, 1500, 420), 'cylinder_roi': (800, 190, 1000, 300)}",ok_cylinder_inside_confirmed
2026-09-06 22:17:03,2026-09-06,151297,1,109,133.1837921142578,,39.53501892089844,0.7581299543380737,823.6624145507812,192.5495147705078,1016.2139282226562,295.76751708984375,192.551513671875,103.21800231933594,19874.78258477524,919.9381713867188,244.15850830078125,1920,1080,819.719970703125,218.8804931640625,952.7658081054688,212.82003784179688,133.04583740234375,6.060455322265625,2.608113485931065,left,False,"{'safe_roi': (450, 80, 1500, 420), 'cylinder_roi': (800, 190, 1000, 300)}",ok_cylinder_inside_confirmed
2026-09-06 22:17:08,2026-09-06,151390,1,109,130.92884826660156,,39.4254150390625,0.7579389214515686,822.5859375,189.82559204101562,1014.746826171875,295.4599914550781,192.160888671875,105.6343994140625,20298.80006572604,918.6663818359375,242.64279174804688,1920,1080,816.9794921875,222.8129425048828,947.6209716796875,214.14303588867188,130.6414794921875,8.669906616210938,3.79681645327281,left,False,"{'safe_roi': (450, 80, 1500, 420), 'cylinder_roi': (800, 190, 1000, 300)}",ok_cylinder_inside_confirmed
2026-09-06 22:17:13,2026-09-06,151481,1,109,131.5083465576172,,37.96336364746094,0.7566937208175659,821.3300170898438,191.84689331054688,1014.1181030273438,296.01708984375,192.7880859375,104.17019653320312,20082.77280136943,917.7240600585938,243.93199157714844,1920,1080,819.1090698242188,219.28106689453125,950.5889282226562,216.54360961914062,131.4798583984375,2.737457275390625,1.1927461200909635,left,False,"{'safe_roi': (450, 80, 1500, 420), 'cylinder_roi': (800, 190, 1000, 300)}",ok_cylinder_inside_confirmed
2026-09-06 22:17:18,2026-09-06,151585,1,109,129.02694702148438,,40.92449951171875,0.752874493598938,822.9619750976562,191.14254760742188,1015.9456176757812,294.5366516113281,192.983642578125,103.39410400390625,19953.370811775327,919.4537963867188,242.839599609375,1920,1080,820.267822265625,217.8050994873047,949.2671508789062,215.13560485839844,128.99932861328125,2.66949462890625,1.1855018929967132,left,False,"{'safe_roi': (450, 80, 1500, 420), 'cylinder_roi': (800, 190, 1000, 300)}",ok_cylinder_inside_confirmed
2026-09-06 22:17:23,2026-09-06,151684,1,109,129.10516357421875,,42.248504638671875,0.7960840463638306,836.0465698242188,197.20912170410156,1032.853271484375,297.60186767578125,196.80670166015625,100.39274597167969,19757.965205292217,934.449951171875,247.40548706054688,1920,1080,827.6210327148438,210.95059204101562,956.7139282226562,209.1712188720703,129.0928955078125,1.7793731689453125,0.7896957968491541,left,False,"{'safe_roi': (450, 80, 1500, 420), 'cylinder_roi': (800, 190, 1000, 300)}",ok_cylinder_inside_confirmed
2026-09-06 22:17:41,2026-09-06,152028,1,109,98.55908966064453,,35.398681640625,0.7886618375778198,840.0573120117188,191.5342254638672,1019.2180786132812,297.56817626953125,179.1607666015625,106.03395080566406,18997.12391213514,929.6376953125,244.55120849609375,1920,1080,857.0205078125,224.86544799804688,955.548583984375,222.39309692382812,98.528076171875,2.47235107421875,1.4374132491083704,left,False,"{'safe_roi': (450, 80, 1500, 420), 'cylinder_roi': (800, 190, 1000, 300)}",ok_cylinder_inside_confirmed
2026-09-06 22:17:46,2026-09-06,152134,1,109,120.40546417236328,,48.149658203125,0.7704919576644897,839.2244262695312,188.89707946777344,1023.6375122070312,298.0250549316406,184.4130859375,109.12797546386719,20124.62671740353,931.4309692382812,243.4610595703125,1920,1080,835.9518432617188,219.10438537597656,956.228759765625,213.5420684814453,120.27691650390625,5.56231689453125,2.6478096129763964,left,False,"{'safe_roi': (450, 80, 1500, 420), 'cylinder_roi': (800, 190, 1000, 300)}",ok_cylinder_inside_confirmed
2026-09-06 22:17:51,2026-09-06,152230,1,109,119.39659881591797,,43.81915283203125,0.7683150172233582,841.029052734375,187.03480529785156,1021.9259033203125,297.0130615234375,180.8968505859375,109.97825622558594,19894.72018414177,931.4774780273438,242.02392578125,1920,1080,838.739990234375,215.30108642578125,958.13623046875,215.00991821289062,119.396240234375,0.291168212890625,0.1397253098005157,left,False,"{'safe_roi': (450, 80, 1500, 420), 'cylinder_roi': (800, 190, 1000, 300)}",ok_cylinder_inside_confirmed
2026-09-06 22:17:57,2026-09-06,152332,1,109,106.06082916259766,,39.19087219238281,0.7921658158302307,841.0169677734375,188.67774963378906,1021.4764404296875,297.01995849609375,180.45947265625,108.34220886230469,19551.3778777048,931.2467041015625,242.84884643554688,1920,1080,850.972412109375,213.098876953125,957.0175170898438,214.92520141601562,106.04510498046875,1.826324462890625,0.9866588377349701,left,False,"{'safe_roi': (450, 80, 1500, 420), 'cylinder_roi': (800, 190, 1000, 300)}",ok_cylinder_inside_confirmed
2026-09-06 22:18:02,2026-09-06,152430,1,109,116.1165771484375,,43.6566162109375,0.7708684802055359,840.9248046875,188.6940460205078,1019.902099609375,298.1393737792969,178.977294921875,109.44532775878906,19588.228704106063,930.4134521484375,243.41671752929688,1920,1080,839.8975830078125,213.86941528320312,956.0081787109375,212.69100952148438,116.110595703125,1.17840576171875,0.5814745698358089,left,False,"{'safe_roi': (450, 80, 1500, 420), 'cylinder_roi': (800, 190, 1000, 300)}",ok_cylinder_inside_confirmed
2026-09-06 22:18:07,2026-09-06,152536,1,109,101.44267272949219,,36.1988525390625,0.7756588459014893,839.5474853515625,188.44708251953125,1020.092529296875,296.92071533203125,180.5450439453125,108.4736328125,19584.376803040504,929.8200073242188,242.68389892578125,1920,1080,855.490478515625,214.43130493164062,956.9246215820312,215.74655151367188,101.43414306640625,1.31524658203125,0.7428845257771997,left,False,"{'safe_roi': (450, 80, 1500, 420), 'cylinder_roi': (800, 190, 1000, 300)}",ok_cylinder_inside_confirmed
2026-09-06 22:18:12,2026-09-06,152629,1,109,114.56405639648438,,38.459228515625,0.7823218703269958,840.7691650390625,187.72998046875,1021.528564453125,297.6751403808594,180.7593994140625,109.94515991210938,19873.62107419595,931.1488647460938,242.7025604248047,1920,1080,841.8486328125,211.22506713867188,956.4102783203125,211.96875,114.5616455078125,0.743682861328125,0.37193329884691295,left,False,"{'safe_roi': (450, 80, 1500, 420), 'cylinder_roi': (800, 190, 1000, 300)}",ok_cylinder_inside_confirmed
2026-09-06 22:18:17,2026-09-06,152725,1,109,109.54023742675781,,37.06732177734375,0.7668893337249756,839.6452026367188,187.09303283691406,1019.9104614257812,297.375244140625,180.2652587890625,110.28221130371094,19880.051360493526,929.77783203125,242.234130859375,1920,1080,844.7362670898438,212.92550659179688,954.2737426757812,213.70289611816406,109.5374755859375,0.7773895263671875,0.4066223990614747,left,False,"{'safe_roi': (450, 80, 1500, 420), 'cylinder_roi': (800, 190, 1000, 300)}",ok_cylinder_inside_confirmed
2026-09-06 22:18:22,2026-09-06,152820,1,109,118.98774719238281,,43.89387512207031,0.7818727493286133,840.4520263671875,190.02978515625,1020.6512451171875,297.6958312988281,180.19921875,107.66604614257812,19401.33740079403,930.5516357421875,243.86280822753906,1920,1080,838.6246337890625,213.9470672607422,957.5679931640625,210.69723510742188,118.943359375,3.2498321533203125,1.5650756276583786,left,False,"{'safe_roi': (450, 80, 1500, 420), 'cylinder_roi': (800, 190, 1000, 300)}",ok_cylinder_inside_confirmed
2026-09-06 22:18:27,2026-09-06,152922,1,109,113.73819732666016,,42.20875549316406,0.7798579931259155,839.9959716796875,187.93743896484375,1020.140869140625,296.5856018066406,180.1448974609375,108.64816284179688,19572.412154454738,930.0684204101562,242.2615203857422,1920,1080,841.9429931640625,214.96826171875,955.6053466796875,210.81529235839844,113.662353515625,4.1529693603515625,2.0925293800269076,left,False,"{'safe_roi': (450, 80, 1500, 420), 'cylinder_roi': (800, 190, 1000, 300)}",ok_cylinder_inside_confirmed
2026-09-06 22:18:32,2026-09-06,153021,1,109,111.9551773071289,,40.18882751464844,0.7872079014778137,839.7723999023438,189.57797241210938,1020.9318237304688,298.7648010253906,181.159423828125,109.18682861328125,19780.222961202264,930.3521118164062,244.17138671875,1920,1080,845.31884765625,211.76580810546875,957.243408203125,214.38380432128906,111.924560546875,2.6179962158203125,1.3399452798830416,left,False,"{'safe_roi': (450, 80, 1500, 420), 'cylinder_roi': (800, 190, 1000, 300)}",ok_cylinder_inside_confirmed
2026-09-06 22:18:37,2026-09-06,153120,1,109,112.2610092163086,,41.49232482910156,0.7843795418739319,840.1323852539062,189.77841186523438,1021.7323608398438,297.0439147949219,181.5999755859375,107.2655029296875,19479.412713244557,930.932373046875,243.41116333007812,1920,1080,844.494384765625,212.25494384765625,956.7493896484375,213.41592407226562,112.2550048828125,1.160980224609375,0.5925517126335201,left,False,"{'safe_roi': (450, 80, 1500, 420), 'cylinder_roi': (800, 190, 1000, 300)}",ok_cylinder_inside_confirmed
2026-09-06 22:18:42,2026-09-06,153215,1,109,116.0234375,,43.7393798828125,0.7654544115066528,838.9740600585938,186.93020629882812,1020.3485717773438,296.73187255859375,181.37451171875,109.80166625976562,19915.223603770137,929.6613159179688,241.83103942871094,1920,1080,838.84619140625,217.3634033203125,954.7099609375,211.2785186767578,115.86376953125,6.0848846435546875,3.006273779960258,left,False,"{'safe_roi': (450, 80, 1500, 420), 'cylinder_roi': (800, 190, 1000, 300)}",ok_cylinder_inside_confirmed
2026-09-06 22:18:47,2026-09-06,153316,1,109,98.65494537353516,,37.4237060546875,0.7913235425949097,837.6800537109375,187.80307006835938,1020.56005859375,296.72064208984375,182.8800048828125,108.91757202148438,19918.846103113145,929.1200561523438,242.26185607910156,1920,1080,857.61669921875,213.6099853515625,956.2421264648438,216.02301025390625,98.62542724609375,2.41302490234375,1.4015509918807294,left,False,"{'safe_roi': (450, 80, 1500, 420), 'cylinder_roi': (800, 190, 1000, 300)}",ok_cylinder_inside_confirmed
2026-09-06 22:18:52,2026-09-06,153405,1,109,103.78884887695312,,39.2772216796875,0.7688254117965698,839.406005859375,188.87413024902344,1020.65673828125,297.78790283203125,181.250732421875,108.91377258300781,19740.701051499695,930.0313720703125,243.33102416992188,1920,1080,852.3038330078125,214.18362426757812,956.092041015625,214.54757690429688,103.7882080078125,0.36395263671875,0.2009174736935036,left,False,"{'safe_roi': (450, 80, 1500, 420), 'cylinder_roi': (800, 190, 1000, 300)}",ok_cylinder_inside_confirmed
2026-09-06 22:18:57,2026-09-06,153505,1,109,101.10186004638672,,37.83576965332031,0.7944521307945251,840.4765014648438,189.01126098632812,1021.4902954101562,297.8535461425781,181.0137939453125,108.84228515625,19701.954977810383,930.9833984375,243.43240356445312,1920,1080,854.5764770507812,216.032470703125,955.6485595703125,218.48614501953125,101.07208251953125,2.45367431640625,1.3906666514456953,left,False,"{'safe_roi': (450, 80, 1500, 420), 'cylinder_roi': (800, 190, 1000, 300)}",ok_cylinder_inside_confirmed
2026-09-06 22:19:02,2026-09-06,153607,1,109,116.09661102294922,,45.746307373046875,0.7657318115234375,838.76025390625,189.4686279296875,1022.1502685546875,297.2148132324219,183.3900146484375,107.74618530273438,19759.57450098172,930.4552612304688,243.3417205810547,1920,1080,838.0965576171875,218.7149658203125,953.9280395507812,210.87332153320312,115.83148193359375,7.841644287109375,3.872942037086099,left,False,"{'safe_roi': (450, 80, 1500, 420), 'cylinder_roi': (800, 190, 1000, 300)}",ok_cylinder_inside_confirmed
2026-09-06 22:19:07,2026-09-06,153712,1,109,102.05149841308594,,37.240997314453125,0.7854299545288086,837.763671875,188.98194885253906,1019.9515380859375,297.9311828613281,182.1878662109375,108.94923400878906,19849.228469377384,928.8576049804688,243.45657348632812,1920,1080,854.2252197265625,213.60191345214844,956.1956787109375,217.66812133789062,101.970458984375,4.0662078857421875,2.2835356773102666,left,False,"{'safe_roi': (450, 80, 1500, 420), 'cylinder_roi': (800, 190, 1000, 300)}",ok_cylinder_inside_confirmed
2026-09-06 22:19:12,2026-09-06,153804,1,109,100.55489349365234,,36.893524169921875,0.7714307904243469,838.3070068359375,188.47195434570312,1019.5750732421875,295.83099365234375,181.26806640625,107.35903930664062,19460.765466347337,928.9410400390625,242.15147399902344,1920,1080,855.5382080078125,212.53750610351562,956.0068969726562,216.70030212402344,100.46868896484375,4.1627960205078125,2.3726227301497245,left,False,"{'safe_roi': (450, 80, 1500, 420), 'cylinder_roi': (800, 190, 1000, 300)}",ok_cylinder_inside_confirmed
2026-09-06 22:19:17,2026-09-06,153904,1,109,100.97311401367188,,37.63307189941406,0.7846885919570923,838.834716796875,190.2696075439453,1020.8406982421875,296.79632568359375,182.0059814453125,106.52671813964844,19388.499885154888,929.8377075195312,243.532958984375,1920,1080,854.947265625,211.16954040527344,955.8831787109375,213.91014099121094,100.9359130859375,2.7406005859375,1.5553064475985408,left,False,"{'safe_roi': (450, 80, 1500, 420), 'cylinder_roi': (800, 190, 1000, 300)}",ok_cylinder_inside_confirmed
2026-09-06 22:19:22,2026-09-06,154005,1,109,108.94383239746094,,40.27293395996094,0.7685612440109253,838.4171142578125,190.2444610595703,1020.066650390625,296.930419921875,181.6495361328125,106.68595886230469,19379.454939221963,929.2418823242188,243.58743286132812,1920,1080,845.9630126953125,213.543212890625,954.90625,213.90382385253906,108.9432373046875,0.3606109619140625,0.18965299008327924,left,False,"{'safe_roi': (450, 80, 1500, 420), 'cylinder_roi': (800, 190, 1000, 300)}",ok_cylinder_inside_confirmed
2026-09-06 22:19:27,2026-09-06,154099,1,109,111.37197875976562,,40.36077880859375,0.7711758017539978,838.8518676757812,189.24465942382812,1019.7216186523438,297.02117919921875,180.8697509765625,107.77651977539062,19493.512292895466,929.2867431640625,243.13291931152344,1920,1080,842.9381103515625,213.34262084960938,954.3074951171875,212.58203125,111.369384765625,0.760589599609375,0.39129152586914595,left,False,"{'safe_roi': (450, 80, 1500, 420), 'cylinder_roi': (800, 190, 1000, 300)}",ok_cylinder_inside_confirmed
2026-09-06 22:19:32,2026-09-06,154196,1,109,105.26973724365234,,39.150909423828125,0.7805571556091309,839.1387939453125,188.67474365234375,1020.6180419921875,296.8835754394531,181.479248046875,108.20883178710938,19637.657424755394,929.87841796875,242.77915954589844,1920,1080,851.3070678710938,213.59898376464844,956.553466796875,215.81553649902344,105.24639892578125,2.216552734375,1.2065053651290043,left,False,"{'safe_roi': (450, 80, 1500, 420), 'cylinder_roi': (800, 190, 1000, 300)}",ok_cylinder_inside_confirmed
2026-09-06 22:19:38,2026-09-06,154293,1,109,114.52188873291016,,43.207855224609375,0.7837029099464417,838.800048828125,188.73727416992188,1019.1632080078125,295.4442443847656,180.3631591796875,106.70697021484375,19246.006254442036,928.9816284179688,242.09075927734375,1920,1080,841.4417724609375,213.50608825683594,955.9631958007812,213.83309936523438,114.52142333984375,0.3270111083984375,0.16360524429220247,left,False,"{'safe_roi': (450, 80, 1500, 420), 'cylinder_roi': (800, 190, 1000, 300)}",ok_cylinder_inside_confirmed
2026-09-06 22:19:43,2026-09-06,154395,1,109,119.6451187133789,,45.80503845214844,0.7812937498092651,839.4895629882812,190.29844665527344,1019.8170776367188,296.94366455078125,180.3275146484375,106.64521789550781,19231.067092237994,929.6533203125,243.62106323242188,1920,1080,837.4259643554688,213.07083129882812,957.0645751953125,211.82313537597656,119.63861083984375,1.2476959228515625,0.5975087679572655,left,False,"{'safe_roi': (450, 80, 1500, 420), 'cylinder_roi': (800, 190, 1000, 300)}",ok_cylinder_inside_confirmed
2026-09-06 22:19:48,2026-09-06,154494,1,109,111.89331817626953,,42.89654541015625,0.7831177115440369,838.0921630859375,189.47613525390625,1019.11865234375,295.608642578125,181.0264892578125,106.13250732421875,19212.795197032392,928.6054077148438,242.54238891601562,1920,1080,842.4843139648438,215.4508514404297,954.256591796875,210.247802734375,111.77227783203125,5.2030487060546875,2.6652197273353364,left,False,"{'safe_roi': (450, 80, 1500, 420), 'cylinder_roi': (800, 190, 1000, 300)}",ok_cylinder_inside_confirmed
2026-09-06 22:19:53,2026-09-06,154588,1,109,121.11558532714844,,44.16862487792969,0.7833476066589355,836.6088256835938,186.39395141601562,1020.7127075195312,295.30029296875,184.1038818359375,108.90634155273438,20050.08023640886,928.6607666015625,240.8471221923828,1920,1080,834.2241821289062,217.93466186523438,955.25830078125,213.49313354492188,121.03411865234375,4.4415283203125,2.101611443310233,left,False,"{'safe_roi': (450, 80, 1500, 420), 'cylinder_roi': (800, 190, 1000, 300)}",ok_cylinder_inside_confirmed
2026-09-06 22:19:58,2026-09-06,154681,1,109,116.70497131347656,,45.21696472167969,0.759543240070343,841.5855712890625,189.236328125,1023.919189453125,296.0832214355469,182.3336181640625,106.84689331054688,19481.780646901578,932.7523803710938,242.65977478027344,1920,1080,839.2183837890625,214.56094360351562,955.74658203125,208.1399383544922,116.5281982421875,6.4210052490234375,3.15395617503716,left,False,"{'safe_roi': (450, 80, 1500, 420), 'cylinder_roi': (800, 190, 1000, 300)}",ok_cylinder_inside_confirmed
2026-09-06 22:20:18,2026-09-06,155071,1,109,109.30569458007812,,40.55792236328125,0.7765849232673645,859.9332885742188,194.9505157470703,1043.5870361328125,309.70208740234375,183.65374755859375,114.75157165527344,21074.55617272947,951.7601318359375,252.3262939453125,1920,1080,859.3248291015625,238.2757568359375,968.5084228515625,233.11068725585938,109.18359375,5.165069580078125,2.7084309673794253,left,False,"{'safe_roi': (450, 80, 1500, 420), 'cylinder_roi': (800, 190, 1000, 300)}",ok_cylinder_inside_confirmed
2026-09-06 22:20:23,2026-09-06,155165,1,109,100.97801971435547,,37.370880126953125,0.7990233302116394,873.8658447265625,191.35028076171875,1055.5831298828125,309.83740234375,181.71728515625,118.48712158203125,21531.158059865236,964.7244873046875,250.59384155273438,1920,1080,889.12548828125,214.4342498779297,989.7213134765625,223.21151733398438,100.5958251953125,8.777267456054688,4.986588417214093,left,False,"{'safe_roi': (450, 80, 1500, 420), 'cylinder_roi': (800, 190, 1000, 300)}",ok_cylinder_inside_confirmed
2026-09-06 22:20:28,2026-09-06,155268,1,109,101.94883728027344,,39.25679016113281,0.802159309387207,876.7032470703125,191.6090087890625,1060.9219970703125,309.29754638671875,184.21875,117.68853759765625,21680.435285568237,968.8126220703125,250.45327758789062,1920,1080,884.6071166992188,213.3463134765625,986.3016357421875,220.54281616210938,101.69451904296875,7.196502685546875,4.047838633224922,left,False,"{'safe_roi': (450, 80, 1500, 420), 'cylinder_roi': (800, 190, 1000, 300)}",ok_cylinder_inside_confirmed
2026-09-06 22:20:46,2026-09-06,155613,1,109,101.15582275390625,,37.75218200683594,0.771773099899292,863.068603515625,196.682861328125,1052.447998046875,310.7777099609375,189.37939453125,114.0948486328125,21607.213353216648,957.75830078125,253.73028564453125,1920,1080,874.51806640625,231.5226593017578,975.4298706054688,224.50064086914062,100.91180419921875,7.0220184326171875,3.9805503091553884,left,False,"{'safe_roi': (450, 80, 1500, 420), 'cylinder_roi': (800, 190, 1000, 300)}",ok_cylinder_inside_confirmed
2026-09-06 22:27:09,2026-09-06,163054,1,110,98.81867980957031,,37.09797668457031,0.7778774499893188,877.3143310546875,197.7156982421875,1046.30078125,317.2386474609375,168.9864501953125,119.52294921875,20197.758905351162,961.8075561523438,257.4771728515625,1920,1080,882.4411010742188,222.02755737304688,980.9029541015625,230.417724609375,98.46185302734375,8.390167236328125,4.870542969416388,left,False,"{'safe_roi': (450, 80, 1500, 420), 'cylinder_roi': (800, 190, 1000, 300)}",ok_cylinder_inside_confirmed
2026-09-06 22:27:17,2026-09-06,163193,1,110,96.03125762939453,,37.174896240234375,0.7858794927597046,878.1788330078125,198.05648803710938,1045.6204833984375,317.6950988769531,167.441650390625,119.63861083984375,20032.486449465156,961.899658203125,257.87579345703125,1920,1080,887.6666870117188,223.41708374023438,983.3975830078125,231.00640869140625,95.73089599609375,7.589324951171875,4.532797162412228,left,False,"{'safe_roi': (450, 80, 1500, 420), 'cylinder_roi': (800, 190, 1000, 300)}",ok_cylinder_inside_confirmed
2026-09-06 22:27:52,2026-09-06,163845,1,111,93.84774780273438,,36.62286376953125,0.7709060311317444,868.6092529296875,198.50502014160156,1039.8052978515625,316.4518737792969,171.196044921875,117.94685363769531,20192.034853752702,954.207275390625,257.47845458984375,1920,1080,878.3807373046875,229.41055297851562,972.1692504882812,232.7443084716797,93.78851318359375,3.3337554931640625,2.0357475382449417,left,False,"{'safe_roi': (450, 80, 1500, 420), 'cylinder_roi': (800, 190, 1000, 300)}",ok_cylinder_inside_confirmed
2026-09-06 22:30:30,2026-09-06,166838,1,112,104.85018157958984,,36.903717041015625,0.7764812707901001,848.742431640625,191.35494995117188,1042.5087890625,300.6021728515625,193.766357421875,109.24722290039062,21168.436439864337,945.6256103515625,245.9785614013672,1920,1080,856.4885864257812,229.8235626220703,961.0357666015625,221.858154296875,104.54718017578125,7.9654083251953125,4.356925358634515,left,False,"{'safe_roi': (450, 80, 1500, 420), 'cylinder_roi': (800, 190, 1000, 300)}",ok_cylinder_inside_confirmed
2026-09-06 22:30:35,2026-09-06,166929,1,112,105.6084213256836,,39.95317077636719,0.7863947153091431,860.7583618164062,187.45021057128906,1038.2430419921875,302.45880126953125,177.48468017578125,115.00859069824219,20412.262937544845,949.500732421875,244.95449829101562,1920,1080,869.056640625,215.1843719482422,974.5877685546875,219.22406005859375,105.5311279296875,4.0396881103515625,2.1921885009429394,left,False,"{'safe_roi': (450, 80, 1500, 420), 'cylinder_roi': (800, 190, 1000, 300)}",ok_cylinder_inside_confirmed
2026-09-06 22:30:40,2026-09-06,167017,1,112,106.7962875366211,,38.57191467285156,0.7818893194198608,863.6964111328125,187.71482849121094,1040.68310546875,302.2102355957031,176.9866943359375,114.49540710449219,20264.163620071486,952.1897583007812,244.9625244140625,1920,1080,870.3160400390625,213.75247192382812,976.814208984375,221.72665405273438,106.4981689453125,7.97418212890625,4.282101825645981,left,False,"{'safe_roi': (450, 80, 1500, 420), 'cylinder_roi': (800, 190, 1000, 300)}",ok_cylinder_inside_confirmed
2026-09-06 22:30:45,2026-09-06,167113,1,112,107.74411010742188,,39.6929931640625,0.7889171838760376,859.146240234375,184.6008758544922,1038.4608154296875,301.513916015625,179.3145751953125,116.91304016113281,20964.21213128604,948.8035278320312,243.05740356445312,1920,1080,869.430419921875,209.62005615234375,976.79443359375,218.66229248046875,107.364013671875,9.042236328125,4.814110590620369,left,False,"{'safe_roi': (450, 80, 1500, 420), 'cylinder_roi': (800, 190, 1000, 300)}",ok_cylinder_inside_confirmed
2026-09-06 22:30:50,2026-09-06,167213,1,112,106.7012710571289,,38.3990478515625,0.7880474925041199,860.6956176757812,188.20904541015625,1038.0050048828125,303.85546875,177.30938720703125,115.64642333984375,20505.19645507261,949.350341796875,246.03225708007812,1920,1080,869.397216796875,211.97523498535156,975.87353515625,218.90020751953125,106.476318359375,6.9249725341796875,3.7211436897631263,left,False,"{'safe_roi': (450, 80, 1500, 420), 'cylinder_roi': (800, 190, 1000, 300)}",ok_cylinder_inside_confirmed
2026-09-06 22:30:55,2026-09-06,167316,1,112,105.59370422363281,,38.77259826660156,0.7834647297859192,862.8700561523438,187.7695770263672,1037.8931884765625,302.5567932128906,175.02313232421875,114.78721618652344,20090.418127742596,950.381591796875,245.16317749023438,1920,1080,866.8579711914062,214.52566528320312,972.3236083984375,219.72463989257812,105.46563720703125,5.198974609375,2.822135965559563,left,False,"{'safe_roi': (450, 80, 1500, 420), 'cylinder_roi': (800, 190, 1000, 300)}",ok_cylinder_inside_confirmed
2026-09-06 22:31:00,2026-09-06,167415,1,112,103.23138427734375,,38.042205810546875,0.78091961145401,862.8759155273438,188.52853393554688,1034.0736083984375,301.6590270996094,171.19769287109375,113.1304931640625,19367.679423056543,948.4747314453125,245.09378051757812,1920,1080,868.9573364257812,214.58030700683594,972.0549926757812,219.83309936523438,103.09765625,5.2527923583984375,2.916679471642943,left,False,"{'safe_roi': (450, 80, 1500, 420), 'cylinder_roi': (800, 190, 1000, 300)}",ok_cylinder_inside_confirmed
2026-09-06 22:31:05,2026-09-06,167512,1,112,103.98185729980469,,37.711944580078125,0.788117527961731,861.71875,188.87277221679688,1032.956787109375,301.9438171386719,171.238037109375,113.071044921875,19362.06378632784,947.3377685546875,245.40829467773438,1920,1080,868.422119140625,212.4654083251953,972.2584228515625,217.96527099609375,103.8363037109375,5.4998626708984375,3.031933123942061,left,False,"{'safe_roi': (450, 80, 1500, 420), 'cylinder_roi': (800, 190, 1000, 300)}",ok_cylinder_inside_confirmed
2026-09-06 22:31:10,2026-09-06,167611,1,112,101.17875671386719,,37.36613464355469,0.7665722966194153,861.9150390625,189.6650848388672,1032.52685546875,303.306396484375,170.61181640625,113.64131164550781,19388.55059862882,947.220947265625,246.48574829101562,1920,1080,867.5594482421875,215.2666015625,968.7039794921875,217.8980712890625,101.14453125,2.6314697265625,1.4903238263670013,left,False,"{'safe_roi': (450, 80, 1500, 420), 'cylinder_roi': (800, 190, 1000, 300)}",ok_cylinder_inside_confirmed
2026-09-06 22:31:15,2026-09-06,167701,1,112,100.86417388916016,,37.748382568359375,0.7832329273223877,862.194091796875,188.81211853027344,1032.878662109375,301.928466796875,170.6845703125,113.11634826660156,19307.215299203992,947.536376953125,245.37030029296875,1920,1080,869.2049560546875,214.3716278076172,969.9407958984375,219.45806884765625,100.73583984375,5.0864410400390625,2.890573125005646,left,False,"{'safe_roi': (450, 80, 1500, 420), 'cylinder_roi': (800, 190, 1000, 300)}",ok_cylinder_inside_confirmed
2026-09-06 22:31:20,2026-09-06,167797,1,112,101.7006607055664,,37.56611633300781,0.7773229479789734,862.0287475585938,190.70989990234375,1033.2081298828125,303.6783752441406,171.17938232421875,112.96847534179688,19337.873831117526,947.618408203125,247.1941375732422,1920,1080,867.1932373046875,214.72979736328125,968.7784423828125,219.57449340820312,101.585205078125,4.844696044921875,2.7304219861916112,left,False,"{'safe_roi': (450, 80, 1500, 420), 'cylinder_roi': (800, 190, 1000, 300)}",ok_cylinder_inside_confirmed
2026-09-06 22:31:25,2026-09-06,167899,1,112,103.29552459716797,,37.51397705078125,0.7790721654891968,862.393310546875,191.48585510253906,1033.1060791015625,301.95172119140625,170.7127685546875,110.46586608886719,18857.933830821887,947.7496948242188,246.71878051757812,1920,1080,868.8745727539062,214.59634399414062,972.1190185546875,217.84432983398438,103.24444580078125,3.24798583984375,1.8018840987323184,left,False,"{'safe_roi': (450, 80, 1500, 420), 'cylinder_roi': (800, 190, 1000, 300)}",ok_cylinder_inside_confirmed
2026-09-06 22:31:30,2026-09-06,167991,1,112,102.67157745361328,,38.385650634765625,0.7836448550224304,861.7213745117188,190.5603790283203,1031.9222412109375,302.304443359375,170.20086669921875,111.74406433105469,19018.936597638763,946.82177734375,246.43240356445312,1920,1080,868.2948608398438,214.49459838867188,970.8616333007812,219.13241577148438,102.5667724609375,4.6378173828125,2.5890107809409484,left,False,"{'safe_roi': (450, 80, 1500, 420), 'cylinder_roi': (800, 190, 1000, 300)}",ok_cylinder_inside_confirmed
2026-09-06 22:31:35,2026-09-06,168084,1,112,100.49314880371094,,38.35545349121094,0.7817391753196716,862.5462036132812,189.6022491455078,1032.1483154296875,301.92059326171875,169.60211181640625,112.31834411621094,19049.428357831202,947.3472900390625,245.76141357421875,1920,1080,869.868408203125,213.92372131347656,970.3041381835938,217.3203582763672,100.43572998046875,3.396636962890625,1.9369483233124083,left,False,"{'safe_roi': (450, 80, 1500, 420), 'cylinder_roi': (800, 190, 1000, 300)}",ok_cylinder_inside_confirmed
2026-09-06 22:31:40,2026-09-06,168180,1,112,102.67208862304688,,37.17881774902344,0.7910645008087158,862.2880859375,190.63967895507812,1032.15234375,302.2931213378906,169.8642578125,111.6534423828125,18965.929122567177,947.22021484375,246.46640014648438,1920,1080,868.1337890625,214.38616943359375,970.6998291015625,219.051513671875,102.5660400390625,4.66534423828125,2.60437482361234,left,False,"{'safe_roi': (450, 80, 1500, 420), 'cylinder_roi': (800, 190, 1000, 300)}",ok_cylinder_inside_confirmed
2026-09-06 22:31:45,2026-09-06,168280,1,112,98.78497314453125,,37.677734375,0.7792212963104248,862.1831665039062,190.25286865234375,1031.1741943359375,302.74249267578125,168.99102783203125,112.4896240234375,19009.737184159458,946.6787109375,246.4976806640625,1920,1080,867.6774291992188,214.48812866210938,966.3896484375,218.2786865234375,98.71221923828125,3.790557861328125,2.1990824764880665,left,False,"{'safe_roi': (450, 80, 1500, 420), 'cylinder_roi': (800, 190, 1000, 300)}",ok_cylinder_inside_confirmed
2026-09-06 22:31:50,2026-09-06,168377,1,112,103.3045654296875,,37.769195556640625,0.7858417630195618,862.9189453125,190.98521423339844,1033.528076171875,303.5655517578125,170.609130859375,112.58033752441406,19207.233536895365,948.2235107421875,247.275390625,1920,1080,867.2464599609375,213.1759796142578,970.3389892578125,219.79136657714844,103.092529296875,6.615386962890625,3.6716024545163846,left,False,"{'safe_roi': (450, 80, 1500, 420), 'cylinder_roi': (800, 190, 1000, 300)}",ok_cylinder_inside_confirmed
2026-09-06 22:31:55,2026-09-06,168481,1,112,101.72137451171875,,38.46110534667969,0.777925431728363,862.62255859375,190.3607177734375,1033.0076904296875,302.1656494140625,170.3851318359375,111.804931640625,19049.89801749587,947.8151245117188,246.26318359375,1920,1080,868.3204345703125,214.56614685058594,969.9481811523438,218.92950439453125,101.62774658203125,4.3633575439453125,2.458467622191692,left,False,"{'safe_roi': (450, 80, 1500, 420), 'cylinder_roi': (800, 190, 1000, 300)}",ok_cylinder_inside_confirmed
2026-09-06 22:32:01,2026-09-06,168577,1,112,104.43683624267578,,37.69316101074219,0.7942100167274475,862.5902099609375,190.43399047851562,1032.677490234375,301.5874938964844,170.0872802734375,111.15350341796875,18905.797089226544,947.6338500976562,246.0107421875,1920,1080,867.31640625,214.32095336914062,971.583984375,220.264404296875,104.267578125,5.943450927734375,3.26243836927266,left,False,"{'safe_roi': (450, 80, 1500, 420), 'cylinder_roi': (800, 190, 1000, 300)}",ok_cylinder_inside_confirmed
2026-09-06 22:32:06,2026-09-06,168680,1,112,102.50289916992188,,39.11015319824219,0.7841253876686096,862.9176635742188,190.810302734375,1033.237548828125,303.8609313964844,170.31988525390625,113.05062866210938,19254.770101612434,948.07763671875,247.3356170654297,1920,1080,867.7188720703125,214.7042236328125,970.0764770507812,220.16001892089844,102.35760498046875,5.4557952880859375,3.0510533907933435,left,False,"{'safe_roi': (450, 80, 1500, 420), 'cylinder_roi': (800, 190, 1000, 300)}",ok_cylinder_inside_confirmed
2026-09-06 22:32:11,2026-09-06,168775,1,112,106.5365219116211,,41.41938781738281,0.7775709629058838,862.37841796875,191.1195068359375,1037.5721435546875,306.0162048339844,175.1937255859375,114.89669799804688,20129.18057980016,949.9752807617188,248.56785583496094,1920,1080,860.7144165039062,211.75250244140625,967.08984375,217.6090087890625,106.37542724609375,5.85650634765625,3.151241720790338,left,False,"{'safe_roi': (450, 80, 1500, 420), 'cylinder_roi': (800, 190, 1000, 300)}",ok_cylinder_inside_confirmed
2026-09-06 22:32:16,2026-09-06,168867,1,112,95.00091552734375,,37.53656005859375,0.7794946432113647,857.0491333007812,189.48641967773438,1033.6566162109375,304.47613525390625,176.60748291015625,114.98971557617188,20308.044228462502,945.3529052734375,246.9812774658203,1920,1080,869.3672485351562,212.07070922851562,964.2413330078125,216.97805786132812,94.87408447265625,4.9073486328125,2.960977332538902,left,False,"{'safe_roi': (450, 80, 1500, 420), 'cylinder_roi': (800, 190, 1000, 300)}",ok_cylinder_inside_confirmed
2026-09-06 22:32:21,2026-09-06,168970,1,112,94.24293518066406,,36.8983154296875,0.7662384510040283,850.4963989257812,191.20416259765625,1030.15869140625,305.1429443359375,179.66229248046875,113.93878173828125,20470.502729531378,940.3275146484375,248.17355346679688,1920,1080,866.3864135742188,219.0743408203125,960.6195068359375,217.71221923828125,94.23309326171875,1.36212158203125,0.828142007034081,left,False,"{'safe_roi': (450, 80, 1500, 420), 'cylinder_roi': (800, 190, 1000, 300)}",ok_cylinder_inside_confirmed
2026-09-06 22:32:26,2026-09-06,169071,1,112,96.48806762695312,,37.806060791015625,0.7703870534896851,850.2175903320312,189.81088256835938,1030.83056640625,304.6296081542969,180.61297607421875,114.8187255859375,20737.751737125218,940.5240478515625,247.22024536132812,1920,1080,864.4825439453125,219.8026123046875,960.9630737304688,218.5967254638672,96.48052978515625,1.2058868408203125,0.7160888233276549,left,False,"{'safe_roi': (450, 80, 1500, 420), 'cylinder_roi': (800, 190, 1000, 300)}",ok_cylinder_inside_confirmed
2026-09-06 22:32:31,2026-09-06,169162,1,112,94.98699951171875,,36.32112121582031,0.7629061937332153,850.70849609375,190.67071533203125,1029.8555908203125,305.0578308105469,179.1470947265625,114.38711547851562,20492.119412127882,940.2820434570312,247.86427307128906,1920,1080,864.2078247070312,219.88272094726562,959.0616455078125,214.8544921875,94.85382080078125,5.028228759765625,3.0344258046912764,left,False,"{'safe_roi': (450, 80, 1500, 420), 'cylinder_roi': (800, 190, 1000, 300)}",ok_cylinder_inside_confirmed
2026-09-06 22:32:36,2026-09-06,169257,1,112,96.41706848144531,,36.327728271484375,0.7799625992774963,850.4854125976562,190.9156951904297,1030.701904296875,304.84698486328125,180.21649169921875,113.93128967285156,20532.29731960874,940.5936279296875,247.88134765625,1920,1080,864.2389526367188,219.21392822265625,960.6236572265625,216.7160186767578,96.38470458984375,2.4979095458984375,1.484547225847231,left,False,"{'safe_roi': (450, 80, 1500, 420), 'cylinder_roi': (800, 190, 1000, 300)}",ok_cylinder_inside_confirmed
2026-09-06 22:32:41,2026-09-06,169351,1,112,95.77391815185547,,37.79029846191406,0.7766706347465515,852.4168090820312,191.09759521484375,1031.607177734375,304.3558349609375,179.19036865234375,113.25823974609375,20294.78573301807,942.011962890625,247.72671508789062,1920,1080,864.311767578125,218.4268798828125,960.0734252929688,216.89456176757812,95.76165771484375,1.532318115234375,0.9167329697757625,left,False,"{'safe_roi': (450, 80, 1500, 420), 'cylinder_roi': (800, 190, 1000, 300)}",ok_cylinder_inside_confirmed
2026-09-06 22:32:46,2026-09-06,169452,1,112,97.57076263427734,,37.922637939453125,0.7764625549316406,851.8417358398438,190.85968017578125,1029.9754638671875,303.5624084472656,178.13372802734375,112.70272827148438,20076.157145852223,940.9085693359375,247.21104431152344,1920,1080,864.0523071289062,221.17015075683594,961.581787109375,218.3321990966797,97.52947998046875,2.83795166015625,1.666745102341997,left,False,"{'safe_roi': (450, 80, 1500, 420), 'cylinder_roi': (800, 190, 1000, 300)}",ok_cylinder_inside_confirmed
2026-09-06 22:32:51,2026-09-06,169546,1,112,95.66695404052734,,37.71379089355469,0.7726201415061951,852.41552734375,191.188232421875,1030.5523681640625,304.0320129394531,178.1368408203125,112.84378051757812,20101.634567622095,941.4839477539062,247.61012268066406,1920,1080,865.0098266601562,222.04647827148438,960.6619873046875,220.3642578125,95.65216064453125,1.682220458984375,1.0075485653909404,left,False,"{'safe_roi': (450, 80, 1500, 420), 'cylinder_roi': (800, 190, 1000, 300)}",ok_cylinder_inside_confirmed
2026-09-06 22:32:56,2026-09-06,169642,1,112,97.66092681884766,,37.35896301269531,0.7746798396110535,851.6117553710938,191.1751708984375,1029.43310546875,303.7790832519531,177.82135009765625,112.60391235351562,20023.3797209803,940.5224609375,247.4771270751953,1920,1080,863.552978515625,221.89300537109375,961.16845703125,218.913818359375,97.615478515625,2.97918701171875,1.7481026227772483,left,False,"{'safe_roi': (450, 80, 1500, 420), 'cylinder_roi': (800, 190, 1000, 300)}",ok_cylinder_inside_confirmed
2026-09-06 22:33:01,2026-09-06,169746,1,112,95.6655044555664,,36.2913818359375,0.7765241861343384,852.1141357421875,190.40310668945312,1030.2275390625,303.54339599609375,178.1134033203125,113.14028930664062,20151.80198105052,941.1708374023438,246.97325134277344,1920,1080,864.8076171875,221.19044494628906,960.4442138671875,218.8387451171875,95.6365966796875,2.3516998291015625,1.4086169034703777,left,False,"{'safe_roi': (450, 80, 1500, 420), 'cylinder_roi': (800, 190, 1000, 300)}",ok_cylinder_inside_confirmed
2026-09-06 22:33:06,2026-09-06,169840,1,112,95.16938018798828,,36.9461669921875,0.7991591095924377,853.6465454101562,188.8418731689453,1035.800048828125,302.71630859375,182.15350341796875,113.87443542480469,20742.627362371422,944.7232666015625,245.77908325195312,1920,1080,871.8697509765625,212.21240234375,966.752685546875,219.59075927734375,94.8829345703125,7.37835693359375,4.446528406000347,left,False,"{'safe_roi': (450, 80, 1500, 420), 'cylinder_roi': (800, 190, 1000, 300)}",ok_cylinder_inside_confirmed
2026-09-06 22:33:17,2026-09-06,170050,1,112,108.35293579101562,,40.2691650390625,0.7635353207588196,870.0476684570312,192.21163940429688,1041.01611328125,304.6675109863281,170.96844482421875,112.45587158203125,19226.40547573194,955.5318603515625,248.4395751953125,1920,1080,869.9682006835938,214.32272338867188,977.876708984375,224.12646484375,107.90850830078125,9.803741455078125,5.191204466862634,left,False,"{'safe_roi': (450, 80, 1500, 420), 'cylinder_roi': (800, 190, 1000, 300)}",ok_cylinder_inside_confirmed
2026-09-06 22:38:45,2026-09-06,176383,1,113,95.6781234741211,,37.993133544921875,0.7828845977783203,871.758544921875,194.9924774169922,1039.8935546875,306.711181640625,168.135009765625,111.71870422363281,18783.825425643474,955.8260498046875,250.85183715820312,1920,1080,882.946044921875,218.39913940429688,978.385009765625,225.15988159179688,95.43896484375,6.7607421875,4.05197186293471,left,False,"{'safe_roi': (450, 80, 1500, 420), 'cylinder_roi': (800, 190, 1000, 300)}",ok_cylinder_inside_confirmed
2026-09-06 22:38:50,2026-09-06,176478,1,113,98.03990936279297,,38.08833312988281,0.7716842293739319,875.5196533203125,193.72586059570312,1037.1820068359375,306.6219177246094,161.662353515625,112.89605712890625,18251.042298093438,956.350830078125,250.17388916015625,1920,1080,879.336181640625,207.4029083251953,976.132080078125,222.97137451171875,96.7958984375,15.568466186523438,9.137090492414169,left,False,"{'safe_roi': (450, 80, 1500, 420), 'cylinder_roi': (800, 190, 1000, 300)}",ok_cylinder_inside_confirmed
2026-09-06 22:38:55,2026-09-06,176570,1,113,95.5666275024414,,37.329620361328125,0.7799960374832153,874.1970825195312,194.72235107421875,1035.5648193359375,306.87310791015625,161.36773681640625,112.1507568359375,18097.513812862337,954.8809814453125,250.7977294921875,1920,1080,884.05126953125,207.20571899414062,978.5579833984375,221.39942932128906,94.5067138671875,14.193710327148438,8.541261944018736,left,False,"{'safe_roi': (450, 80, 1500, 420), 'cylinder_roi': (800, 190, 1000, 300)}",ok_cylinder_inside_confirmed
2026-09-06 22:39:00,2026-09-06,176668,1,113,93.45240783691406,,37.28758239746094,0.8066024780273438,872.5775146484375,194.79539489746094,1035.5804443359375,306.29864501953125,163.0029296875,111.50325012207031,18175.356439575553,954.0789794921875,250.54702758789062,1920,1080,884.082275390625,210.7855987548828,976.553466796875,224.29229736328125,92.47119140625,13.506698608398438,8.310077362999094,left,False,"{'safe_roi': (450, 80, 1500, 420), 'cylinder_roi': (800, 190, 1000, 300)}",ok_cylinder_inside_confirmed
2026-09-06 22:39:05,2026-09-06,176758,1,113,96.21802520751953,,36.58050537109375,0.8141500353813171,872.3440551757812,194.32608032226562,1034.8214111328125,305.6549377441406,162.47735595703125,111.328857421875,18088.418395623565,953.582763671875,249.99050903320312,1920,1080,884.8698120117188,209.9734344482422,979.6182861328125,226.72561645507812,94.74847412109375,16.752182006835938,10.02666485056865,left,False,"{'safe_roi': (450, 80, 1500, 420), 'cylinder_roi': (800, 190, 1000, 300)}",ok_cylinder_inside_confirmed
2026-09-06 22:39:10,2026-09-06,176850,1,113,96.82464599609375,,37.36102294921875,0.8152979016304016,873.9276123046875,194.009033203125,1035.772705078125,306.6986389160156,161.8450927734375,112.68960571289062,18238.259691204876,954.8501586914062,250.3538360595703,1920,1080,884.6900634765625,210.6752471923828,980.1112060546875,227.1013641357422,95.421142578125,16.426116943359375,9.767359473910933,left,False,"{'safe_roi': (450, 80, 1500, 420), 'cylinder_roi': (800, 190, 1000, 300)}",ok_cylinder_inside_confirmed
2026-09-06 22:39:15,2026-09-06,176952,1,113,98.55919647216797,,36.60408020019531,0.809285044670105,872.2782592773438,195.23883056640625,1035.670166015625,308.5707702636719,163.39190673828125,113.33193969726562,18517.52172148414,953.9742431640625,251.90480041503906,1920,1080,881.5198974609375,209.67886352539062,978.3323364257812,228.1522674560547,96.81243896484375,18.473403930664062,10.803108436037652,left,False,"{'safe_roi': (450, 80, 1500, 420), 'cylinder_roi': (800, 190, 1000, 300)}",ok_cylinder_inside_confirmed
2026-09-06 22:39:20,2026-09-06,177048,1,113,97.56407928466797,,36.93315124511719,0.8083944916725159,870.314208984375,195.1003875732422,1035.4495849609375,308.924072265625,165.1353759765625,113.82368469238281,18796.316966714337,952.8818969726562,252.01223754882812,1920,1080,879.367919921875,213.4625701904297,975.83056640625,228.081298828125,96.462646484375,14.618728637695312,8.617492365728856,left,False,"{'safe_roi': (450, 80, 1500, 420), 'cylinder_roi': (800, 190, 1000, 300)}",ok_cylinder_inside_confirmed
2026-09-06 22:39:26,2026-09-06,177150,1,113,93.46429443359375,,36.77015686035156,0.8067395091056824,869.2860107421875,194.47654724121094,1035.5533447265625,308.1107177734375,166.267333984375,113.63417053222656,18893.650583919138,952.419677734375,251.29364013671875,1920,1080,881.66796875,213.55105590820312,973.78515625,229.36236572265625,92.1171875,15.811309814453125,9.739537036449486,left,False,"{'safe_roi': (450, 80, 1500, 420), 'cylinder_roi': (800, 190, 1000, 300)}",ok_cylinder_inside_confirmed
2026-09-06 22:39:31,2026-09-06,177248,1,113,91.95702362060547,,36.76188659667969,0.798786461353302,868.4786376953125,195.53489685058594,1035.8665771484375,309.63232421875,167.387939453125,114.09742736816406,19098.533264059573,952.172607421875,252.5836181640625,1920,1080,882.3877563476562,214.03565979003906,973.5086059570312,226.40838623046875,91.120849609375,12.372726440429688,7.732542383490966,left,False,"{'safe_roi': (450, 80, 1500, 420), 'cylinder_roi': (800, 190, 1000, 300)}",ok_cylinder_inside_confirmed
2026-09-06 22:39:36,2026-09-06,177345,1,113,95.27147674560547,,36.311279296875,0.802340567111969,869.2694091796875,195.07997131347656,1035.4591064453125,309.29339599609375,166.189697265625,114.21342468261719,18981.094471674412,952.3642578125,252.18667602539062,1920,1080,881.732666015625,213.57379150390625,975.945556640625,227.73663330078125,94.212890625,14.162841796875,8.549147993719233,left,False,"{'safe_roi': (450, 80, 1500, 420), 'cylinder_roi': (800, 190, 1000, 300)}",ok_cylinder_inside_confirmed
2026-09-06 22:39:41,2026-09-06,177436,1,113,91.20701599121094,,35.895965576171875,0.80390864610672,870.6514282226562,194.8691864013672,1036.875244140625,309.83319091796875,166.22381591796875,114.96400451660156,19109.755523960106,953.7633056640625,252.3511962890625,1920,1080,884.209716796875,212.8401641845703,974.3281860351562,226.88941955566406,90.11846923828125,14.04925537109375,8.860949684620362,left,False,"{'safe_roi': (450, 80, 1500, 420), 'cylinder_roi': (800, 190, 1000, 300)}",ok_cylinder_inside_confirmed
2026-09-06 22:39:46,2026-09-06,177535,1,113,88.33946228027344,,35.48731994628906,0.7945539355278015,870.7527465820312,194.79623413085938,1035.2850341796875,308.615478515625,164.53228759765625,113.81924438476562,18726.94065126218,953.0189208984375,251.7058563232422,1920,1080,884.3948974609375,214.48223876953125,971.9534912109375,226.20199584960938,87.55859375,11.719757080078125,7.623752405549927,left,False,"{'safe_roi': (450, 80, 1500, 420), 'cylinder_roi': (800, 190, 1000, 300)}",ok_cylinder_inside_confirmed
2026-09-06 22:39:51,2026-09-06,177629,1,113,91.09639739990234,,35.09846496582031,0.7854315042495728,870.9613037109375,196.0238037109375,1035.356689453125,308.2301940917969,164.3953857421875,112.20639038085938,18446.212829399854,953.1589965820312,252.1269989013672,1920,1080,884.0560302734375,212.14849853515625,974.3050537109375,224.54476928710938,90.2490234375,12.396270751953125,7.820994985260958,left,False,"{'safe_roi': (450, 80, 1500, 420), 'cylinder_roi': (800, 190, 1000, 300)}",ok_cylinder_inside_confirmed
2026-09-06 22:39:56,2026-09-06,177729,1,113,89.36671447753906,,34.50624084472656,0.7973335981369019,871.2807006835938,195.57383728027344,1035.0357666015625,308.448974609375,163.75506591796875,112.87513732910156,18483.8755538268,953.158203125,252.01141357421875,1920,1080,885.8388671875,211.76856994628906,974.1201782226562,225.65451049804688,88.28131103515625,13.885940551757812,8.938927067285217,left,False,"{'safe_roi': (450, 80, 1500, 420), 'cylinder_roi': (800, 190, 1000, 300)}",ok_cylinder_inside_confirmed
2026-09-06 22:40:02,2026-09-06,177845,1,113,90.61357879638672,,34.52996826171875,0.7886818647384644,872.5449829101562,196.28005981445312,1035.95361328125,309.77349853515625,163.40863037109375,113.49343872070312,18545.807377455756,954.249267578125,253.0267791748047,1920,1080,885.3447265625,214.80381774902344,975.2838134765625,225.83929443359375,89.9390869140625,11.035476684570312,6.995195998585675,left,False,"{'safe_roi': (450, 80, 1500, 420), 'cylinder_roi': (800, 190, 1000, 300)}",ok_cylinder_inside_confirmed
2026-09-06 22:40:07,2026-09-06,177945,1,113,88.56893920898438,,34.89524841308594,0.79896479845047,872.9932861328125,196.74183654785156,1037.4876708984375,311.6571044921875,164.494384765625,114.91526794433594,18902.91630068049,955.240478515625,254.199462890625,1920,1080,887.1109619140625,215.0506134033203,974.7799682617188,227.6443328857422,87.66900634765625,12.593719482421875,8.174658948232992,left,False,"{'safe_roi': (450, 80, 1500, 420), 'cylinder_roi': (800, 190, 1000, 300)}",ok_cylinder_inside_confirmed
2026-09-06 22:40:12,2026-09-06,178039,1,113,92.21515655517578,,34.96913146972656,0.7922871708869934,873.352783203125,197.6680450439453,1037.4166259765625,312.3085021972656,164.0638427734375,114.64045715332031,18808.353937877342,955.3847045898438,254.98828125,1920,1080,886.4383544921875,213.10360717773438,977.5842895507812,227.10552978515625,91.14593505859375,14.001922607421875,8.73355539617484,left,False,"{'safe_roi': (450, 80, 1500, 420), 'cylinder_roi': (800, 190, 1000, 300)}",ok_cylinder_inside_confirmed
2026-09-06 22:40:17,2026-09-06,178138,1,113,91.62452697753906,,34.836273193359375,0.7855451703071594,873.54541015625,197.4872283935547,1037.9456787109375,312.1410827636719,164.4002685546875,114.65385437011719,18849.124449277297,955.7455444335938,254.81414794921875,1920,1080,887.692138671875,216.31214904785156,978.4749145507812,228.7033233642578,90.78277587890625,12.39117431640625,7.772418339508271,left,False,"{'safe_roi': (450, 80, 1500, 420), 'cylinder_roi': (800, 190, 1000, 300)}",ok_cylinder_inside_confirmed
2026-09-06 22:40:22,2026-09-06,178233,1,113,92.41841125488281,,35.08198547363281,0.7930961847305298,874.4711303710938,197.73159790039062,1037.471435546875,312.8021545410156,163.00030517578125,115.070556640625,18756.535849168897,955.9713134765625,255.26687622070312,1920,1080,885.547607421875,215.86663818359375,977.221923828125,227.57061767578125,91.67431640625,11.7039794921875,7.275543222591658,left,False,"{'safe_roi': (450, 80, 1500, 420), 'cylinder_roi': (800, 190, 1000, 300)}",ok_cylinder_inside_confirmed
2026-09-06 22:40:27,2026-09-06,178333,1,113,93.9459228515625,,34.25787353515625,0.7999177575111389,874.3630981445312,197.49801635742188,1036.8089599609375,311.88763427734375,162.44586181640625,114.38961791992188,18582.120065851137,955.5860595703125,254.6928253173828,1920,1080,886.1758422851562,216.54147338867188,979.24169921875,229.3704376220703,93.06585693359375,12.828964233398438,7.848657829758219,left,False,"{'safe_roi': (450, 80, 1500, 420), 'cylinder_roi': (800, 190, 1000, 300)}",ok_cylinder_inside_confirmed
2026-09-06 22:40:32,2026-09-06,178425,1,113,96.45201873779297,,35.45159912109375,0.7594091296195984,874.3933715820312,196.9617462158203,1036.5098876953125,311.8554992675781,162.11651611328125,114.89375305175781,18626.174967930652,955.45166015625,254.40863037109375,1920,1080,881.1470336914062,215.25302124023438,976.6287231445312,228.89993286132812,95.481689453125,13.64691162109375,8.134024898129752,left,False,"{'safe_roi': (450, 80, 1500, 420), 'cylinder_roi': (800, 190, 1000, 300)}",ok_cylinder_inside_confirmed
2026-09-06 22:40:37,2026-09-06,178518,1,113,93.00763702392578,,34.78173828125,0.7789030075073242,874.4056396484375,197.15536499023438,1037.3818359375,312.1004333496094,162.9761962890625,114.945068359375,18733.310023397207,955.8937377929688,254.62789916992188,1920,1080,884.863525390625,215.97747802734375,976.9716186523438,228.8817138671875,92.10809326171875,12.90423583984375,7.975163850105447,left,False,"{'safe_roi': (450, 80, 1500, 420), 'cylinder_roi': (800, 190, 1000, 300)}",ok_cylinder_inside_confirmed
2026-09-06 22:40:42,2026-09-06,178610,1,113,92.21788787841797,,33.34320068359375,0.7851647734642029,873.7206420898438,196.61012268066406,1037.031494140625,312.2655029296875,163.31085205078125,115.65538024902344,18887.778692725115,955.3760986328125,254.43780517578125,1920,1080,887.7691650390625,215.80056762695312,978.9771728515625,229.41078186035156,91.2080078125,13.610214233398438,8.48714876002184,left,False,"{'safe_roi': (450, 80, 1500, 420), 'cylinder_roi': (800, 190, 1000, 300)}",ok_cylinder_inside_confirmed
2026-09-06 22:40:47,2026-09-06,178700,1,113,89.80400085449219,,33.307830810546875,0.7662929892539978,873.473388671875,197.18618774414062,1036.4088134765625,311.8826599121094,162.9354248046875,114.69647216796875,18688.118416287005,954.9411010742188,254.534423828125,1920,1080,888.495849609375,216.7550048828125,977.318359375,229.99588012695312,88.822509765625,13.240875244140625,8.478711417795934,left,False,"{'safe_roi': (450, 80, 1500, 420), 'cylinder_roi': (800, 190, 1000, 300)}",ok_cylinder_inside_confirmed
2026-09-06 22:40:52,2026-09-06,178799,1,113,96.62248992919922,,36.4725341796875,0.7586941719055176,875.11572265625,197.04531860351562,1037.5167236328125,312.1591796875,162.4010009765625,115.11386108398438,18694.606266316026,956.3162231445312,254.6022491455078,1920,1080,880.3394165039062,215.69908142089844,976.135986328125,228.3055419921875,95.79656982421875,12.606460571289062,7.496826971667638,left,False,"{'safe_roi': (450, 80, 1500, 420), 'cylinder_roi': (800, 190, 1000, 300)}",ok_cylinder_inside_confirmed
2026-09-06 22:40:57,2026-09-06,178901,1,113,92.3132553100586,,32.912567138671875,0.7651638388633728,872.4281616210938,196.7926025390625,1036.2991943359375,312.1062927246094,163.87103271484375,115.31369018554688,18896.57349686511,954.3636474609375,254.44944763183594,1920,1080,886.97900390625,217.08154296875,978.61328125,228.25721740722656,91.63427734375,11.175674438476562,6.953427287736894,left,False,"{'safe_roi': (450, 80, 1500, 420), 'cylinder_roi': (800, 190, 1000, 300)}",ok_cylinder_inside_confirmed
2026-09-06 22:41:02,2026-09-06,178996,1,113,92.4759750366211,,33.470611572265625,0.7786136269569397,872.458251953125,197.09136962890625,1037.2420654296875,312.8136291503906,164.7838134765625,115.72225952148438,19069.15522807464,954.8501586914062,254.95249938964844,1920,1080,885.0975341796875,219.42144775390625,977.1396484375,228.36880493164062,92.0421142578125,8.947357177734375,5.5522423122139415,left,False,"{'safe_roi': (450, 80, 1500, 420), 'cylinder_roi': (800, 190, 1000, 300)}",ok_cylinder_inside_confirmed
2026-09-06 22:41:07,2026-09-06,179090,1,113,92.91754150390625,,33.635223388671875,0.795932412147522,872.2854614257812,197.72811889648438,1036.76904296875,312.55902099609375,164.48358154296875,114.83090209960938,18887.79804915376,954.5272216796875,255.14356994628906,1920,1080,883.6394653320312,220.28759765625,976.1272583007812,229.21383666992188,92.48779296875,8.926239013671875,5.512691649391536,left,False,"{'safe_roi': (450, 80, 1500, 420), 'cylinder_roi': (800, 190, 1000, 300)}",ok_cylinder_inside_confirmed
2026-09-06 22:41:12,2026-09-06,179191,1,113,91.84725952148438,,33.303253173828125,0.7946522831916809,872.027099609375,196.66770935058594,1035.4097900390625,313.0233154296875,163.3826904296875,116.35560607910156,19010.491967780516,953.7184448242188,254.84552001953125,1920,1080,885.4669189453125,218.13333129882812,976.6014404296875,229.55337524414062,91.134521484375,11.4200439453125,7.1424899155265695,left,False,"{'safe_roi': (450, 80, 1500, 420), 'cylinder_roi': (800, 190, 1000, 300)}",ok_cylinder_inside_confirmed
2026-09-06 22:41:17,2026-09-06,179287,1,113,96.0490493774414,,35.106109619140625,0.8037415742874146,870.7230224609375,196.61366271972656,1036.6435546875,314.30059814453125,165.9205322265625,117.68693542480469,19526.678961796686,953.6832885742188,255.45712280273438,1920,1080,882.409912109375,223.33242797851562,978.0286865234375,232.41375732421875,95.6187744140625,9.081329345703125,5.425355051755678,left,False,"{'safe_roi': (450, 80, 1500, 420), 'cylinder_roi': (800, 190, 1000, 300)}",ok_cylinder_inside_confirmed
2026-09-06 22:41:22,2026-09-06,179378,1,113,95.06897735595703,,34.59828186035156,0.8014919757843018,871.469970703125,197.6045684814453,1037.0399169921875,316.83990478515625,165.5699462890625,119.23533630371094,19741.788227563724,954.2549438476562,257.22222900390625,1920,1080,883.7952880859375,223.18212890625,978.2479248046875,233.989990234375,94.45263671875,10.807861328125,6.527750097603412,left,False,"{'safe_roi': (450, 80, 1500, 420), 'cylinder_roi': (800, 190, 1000, 300)}",ok_cylinder_inside_confirmed
2026-09-06 22:41:27,2026-09-06,179478,1,113,93.15071105957031,,34.3492431640625,0.8073007464408875,871.0756225585938,197.72567749023438,1037.2681884765625,316.6056213378906,166.19256591796875,118.87994384765625,19756.962904226035,954.171875,257.1656494140625,1920,1080,885.4000854492188,223.4702606201172,978.138916015625,232.22036743164062,92.73883056640625,8.750106811523438,5.390022432293146,left,False,"{'safe_roi': (450, 80, 1500, 420), 'cylinder_roi': (800, 190, 1000, 300)}",ok_cylinder_inside_confirmed
2026-09-06 22:41:33,2026-09-06,179574,1,113,93.6507797241211,,34.651123046875,0.798798143863678,870.1370849609375,198.01852416992188,1035.2938232421875,312.5610656738281,165.15673828125,114.54254150390625,18917.47254922986,952.7154541015625,255.289794921875,1920,1080,885.8209838867188,222.78834533691406,978.8768310546875,233.32766723632812,93.05584716796875,10.539321899414062,6.46167219651758,left,False,"{'safe_roi': (450, 80, 1500, 420), 'cylinder_roi': (800, 190, 1000, 300)}",ok_cylinder_inside_confirmed
2026-09-06 22:41:38,2026-09-06,179668,1,113,87.45072174072266,,35.103607177734375,0.7714926600456238,869.8214721679688,198.9522247314453,1034.976806640625,313.8166809082031,165.15533447265625,114.86445617675781,18970.477678892203,952.399169921875,256.38446044921875,1920,1080,886.7017822265625,223.30654907226562,973.7572631835938,231.61146545410156,87.05548095703125,8.304916381835938,5.449409848887877,left,False,"{'safe_roi': (450, 80, 1500, 420), 'cylinder_roi': (800, 190, 1000, 300)}",ok_cylinder_inside_confirmed
2026-09-06 22:41:43,2026-09-06,179761,1,113,89.43437957763672,,34.701629638671875,0.7896748185157776,870.155029296875,197.89122009277344,1034.7508544921875,313.9976806640625,164.5958251953125,116.10646057128906,19110.638688238338,952.4529418945312,255.9444580078125,1920,1080,886.7379150390625,223.29896545410156,975.71142578125,232.36660766601562,88.9735107421875,9.067642211914062,5.819148121422893,left,False,"{'safe_roi': (450, 80, 1500, 420), 'cylinder_roi': (800, 190, 1000, 300)}",ok_cylinder_inside_confirmed
2026-09-06 22:41:48,2026-09-06,179862,1,113,89.16094207763672,,35.15916442871094,0.7924419045448303,869.9403076171875,197.3509063720703,1035.979736328125,314.54095458984375,166.0394287109375,117.19004821777344,19458.16865668632,952.9600219726562,255.9459228515625,1920,1080,887.6153564453125,225.812255859375,976.4235229492188,233.73582458496094,88.80816650390625,7.9235687255859375,5.098496495136084,left,False,"{'safe_roi': (450, 80, 1500, 420), 'cylinder_roi': (800, 190, 1000, 300)}",ok_cylinder_inside_confirmed
2026-09-06 22:41:53,2026-09-06,179966,1,113,89.8909912109375,,34.182586669921875,0.7975817918777466,869.3016357421875,197.46969604492188,1035.845458984375,315.9186706542969,166.5438232421875,118.448974609375,19726.945090562105,952.5735473632812,256.6941833496094,1920,1080,886.6656494140625,224.3810272216797,976.1365966796875,233.06085205078125,89.470947265625,8.679824829101562,5.54108268968437,left,False,"{'safe_roi': (450, 80, 1500, 420), 'cylinder_roi': (800, 190, 1000, 300)}",ok_cylinder_inside_confirmed
2026-09-06 22:41:58,2026-09-06,180065,1,113,91.37410736083984,,34.261077880859375,0.7871766686439514,869.99853515625,196.78607177734375,1035.322509765625,313.0975341796875,165.323974609375,116.31146240234375,19229.073256984353,952.6605224609375,254.94180297851562,1920,1080,887.12744140625,222.9061279296875,978.1026611328125,231.43472290039062,90.9752197265625,8.528594970703125,5.3556178481598655,left,False,"{'safe_roi': (450, 80, 1500, 420), 'cylinder_roi': (800, 190, 1000, 300)}",ok_cylinder_inside_confirmed
2026-09-06 22:42:03,2026-09-06,180159,1,113,91.52581787109375,,34.799896240234375,0.7930455207824707,870.033203125,196.3697509765625,1036.6031494140625,313.5057067871094,166.5699462890625,117.13595581054688,19511.32986788079,953.3181762695312,254.93772888183594,1920,1080,887.4912109375,224.2940673828125,978.656005859375,232.41537475585938,91.164794921875,8.121307373046875,5.0906883404914645,left,False,"{'safe_roi': (450, 80, 1500, 420), 'cylinder_roi': (800, 190, 1000, 300)}",ok_cylinder_inside_confirmed
2026-09-06 22:42:08,2026-09-06,180259,1,113,88.7222900390625,,34.19940185546875,0.7649701833724976,869.5059814453125,197.94407653808594,1035.4747314453125,314.02685546875,165.96875,116.08277893066406,19266.11371564865,952.4903564453125,255.9854736328125,1920,1080,887.776611328125,222.38681030273438,976.0028686523438,231.75546264648438,88.22625732421875,9.36865234375,6.061462738698003,left,False,"{'safe_roi': (450, 80, 1500, 420), 'cylinder_roi': (800, 190, 1000, 300)}",ok_cylinder_inside_confirmed
2026-09-06 22:42:13,2026-09-06,180347,1,113,99.96296691894531,,39.504730224609375,0.7678741812705994,870.7969360351562,197.86026000976562,1036.4638671875,314.6070251464844,165.66693115234375,116.74676513671875,19341.07830216363,953.63037109375,256.233642578125,1920,1080,872.1867065429688,225.16015625,971.8458251953125,232.94827270507812,99.65911865234375,7.788116455078125,4.468443525080463,left,False,"{'safe_roi': (450, 80, 1500, 420), 'cylinder_roi': (800, 190, 1000, 300)}",ok_cylinder_inside_confirmed
2026-09-06 22:42:18,2026-09-06,180447,1,113,90.2643051147461,,33.57977294921875,0.7899236083030701,869.96484375,198.2423553466797,1035.6866455078125,314.9365234375,165.7218017578125,116.69416809082031,19338.767790639773,952.8257446289062,256.5894470214844,1920,1080,882.765380859375,226.83140563964844,972.8698120117188,232.20130920410156,90.10443115234375,5.369903564453125,3.410590616455032,left,False,"{'safe_roi': (450, 80, 1500, 420), 'cylinder_roi': (800, 190, 1000, 300)}",ok_cylinder_inside_confirmed
2026-09-06 22:42:23,2026-09-06,180540,1,113,91.84860229492188,,30.583999633789062,0.7794464826583862,868.883056640625,198.0327606201172,1034.478515625,314.114501953125,165.595458984375,116.08174133300781,19222.609235744923,951.6807861328125,256.0736389160156,1920,1080,882.208251953125,228.90792846679688,973.9649658203125,233.015380859375,91.7567138671875,4.107452392578125,2.5631113933053644,left,False,"{'safe_roi': (450, 80, 1500, 420), 'cylinder_roi': (800, 190, 1000, 300)}",ok_cylinder_inside_confirmed
2026-09-06 22:42:28,2026-09-06,180646,1,113,93.56661987304688,,32.39727783203125,0.7728760242462158,867.202880859375,198.09214782714844,1033.04052734375,314.0593566894531,165.837646484375,115.96720886230469,19231.728987086564,950.1217041015625,256.07574462890625,1920,1080,879.3994140625,229.11239624023438,972.865234375,233.4542999267578,93.4658203125,4.3419036865234375,2.65973202739389,left,False,"{'safe_roi': (450, 80, 1500, 420), 'cylinder_roi': (800, 190, 1000, 300)}",ok_cylinder_inside_confirmed
2026-09-06 22:42:33,2026-09-06,180737,1,113,91.13831329345703,,32.672393798828125,0.7771347165107727,866.575439453125,199.19692993164062,1032.52880859375,313.9540710449219,165.953369140625,114.75714111328125,19044.334200695157,949.5521240234375,256.57550048828125,1920,1080,879.1900634765625,230.37306213378906,970.2843627929688,233.20516967773438,91.09429931640625,2.8321075439453125,1.7807432451062308,left,False,"{'safe_roi': (450, 80, 1500, 420), 'cylinder_roi': (800, 190, 1000, 300)}",ok_cylinder_inside_confirmed
2026-09-06 22:45:25,2026-09-06,184058,1,114,119.83228302001953,,43.36273193359375,0.7931736707687378,830.9266967773438,189.6120147705078,1015.2570190429688,295.9477233886719,184.330322265625,106.33570861816406,19600.89543792978,923.0918579101562,242.77987670898438,1920,1080,832.89111328125,208.11289978027344,952.359130859375,217.44927978515625,119.468017578125,9.336380004882812,4.4685610417644925,left,False,"{'safe_roi': (450, 80, 1500, 420), 'cylinder_roi': (800, 190, 1000, 300)}",ok_cylinder_inside_confirmed
2026-09-06 22:45:30,2026-09-06,184162,1,114,123.40686798095703,,46.26808166503906,0.7974143624305725,831.4320068359375,187.83660888671875,1019.3265380859375,295.435791015625,187.89453125,107.59918212890625,20217.297888994217,925.3792724609375,241.63619995117188,1920,1080,833.3226928710938,209.38525390625,956.5716552734375,215.6260986328125,123.24896240234375,6.2408447265625,2.898758071314484,left,False,"{'safe_roi': (450, 80, 1500, 420), 'cylinder_roi': (800, 190, 1000, 300)}",ok_cylinder_inside_confirmed
2026-09-06 22:45:35,2026-09-06,184265,1,114,127.13471221923828,,42.48712158203125,0.7861236333847046,829.7891845703125,185.06051635742188,1022.86865234375,294.10302734375,193.0794677734375,109.04251098632812,21053.869985919446,926.3289184570312,239.58177185058594,1920,1080,829.7774047851562,209.4295654296875,956.7915649414062,214.9647979736328,127.01416015625,5.5352325439453125,2.495351059690574,left,False,"{'safe_roi': (450, 80, 1500, 420), 'cylinder_roi': (800, 190, 1000, 300)}",ok_cylinder_inside_confirmed
2026-09-06 22:45:40,2026-09-06,184360,1,114,129.14859008789062,,44.941192626953125,0.795466423034668,828.6907958984375,182.67916870117188,1020.4366455078125,292.5141296386719,191.745849609375,109.8349609375,21060.397901773453,924.563720703125,237.59664916992188,1920,1080,827.2091064453125,206.47454833984375,956.3298950195312,209.15379333496094,129.12078857421875,2.6792449951171875,1.1887117966980174,left,False,"{'safe_roi': (450, 80, 1500, 420), 'cylinder_roi': (800, 190, 1000, 300)}",ok_cylinder_inside_confirmed
2026-09-06 22:45:45,2026-09-06,184457,1,114,126.69550323486328,,47.2987060546875,0.7925893068313599,828.33935546875,186.9596710205078,1020.8380126953125,293.92926025390625,192.4986572265625,106.96958923339844,20591.502291506156,924.5886840820312,240.4444580078125,1920,1080,829.6051025390625,212.08294677734375,956.2766723632812,209.62030029296875,126.67156982421875,2.462646484375,1.1137580247031487,left,False,"{'safe_roi': (450, 80, 1500, 420), 'cylinder_roi': (800, 190, 1000, 300)}",ok_cylinder_inside_confirmed
2026-09-06 22:45:50,2026-09-06,184554,1,114,128.7187957763672,,44.083526611328125,0.7942098379135132,828.233642578125,185.80726623535156,1020.6097412109375,293.40625,192.3760986328125,107.59898376464844,20699.4727134984,924.4216918945312,239.60675048828125,1920,1080,828.3948974609375,206.60260009765625,957.013916015625,211.669677734375,128.6190185546875,5.06707763671875,2.2560590820010384,left,False,"{'safe_roi': (450, 80, 1500, 420), 'cylinder_roi': (800, 190, 1000, 300)}",ok_cylinder_inside_confirmed
2026-09-06 22:45:55,2026-09-06,184647,1,114,128.137451171875,,44.6209716796875,0.7879586219787598,829.717529296875,186.15782165527344,1022.2064208984375,293.95684814453125,192.4888916015625,107.79902648925781,20750.11512464471,925.9619750976562,240.05734252929688,1920,1080,829.1422119140625,208.11883544921875,957.2197265625,212.03775024414062,128.0775146484375,3.918914794921875,1.752589005140563,left,False,"{'safe_roi': (450, 80, 1500, 420), 'cylinder_roi': (800, 190, 1000, 300)}",ok_cylinder_inside_confirmed
2026-09-06 22:46:00,2026-09-06,184752,1,114,129.6280517578125,,43.536956787109375,0.7975683808326721,828.1481323242188,185.67327880859375,1021.0027465820312,293.4084167480469,192.8546142578125,107.73513793945312,20777.218469325453,924.575439453125,239.5408477783203,1920,1080,828.114501953125,206.8533172607422,957.6148681640625,212.60556030273438,129.5003662109375,5.7522430419921875,2.5433345012435176,left,False,"{'safe_roi': (450, 80, 1500, 420), 'cylinder_roi': (800, 190, 1000, 300)}",ok_cylinder_inside_confirmed
2026-09-06 22:46:05,2026-09-06,184846,1,114,129.02064514160156,,44.64128112792969,0.7905943989753723,828.4131469726562,185.85646057128906,1018.5620727539062,294.023193359375,190.14892578125,108.16673278808594,20567.788044922054,923.4876098632812,239.9398193359375,1920,1080,829.0337524414062,206.28433227539062,958.0081787109375,209.7372589111328,128.97442626953125,3.4529266357421875,1.5335666335701834,left,False,"{'safe_roi': (450, 80, 1500, 420), 'cylinder_roi': (800, 190, 1000, 300)}",ok_cylinder_inside_confirmed
2026-09-06 22:46:10,2026-09-06,184947,1,114,129.19247436523438,,40.90826416015625,0.7839298844337463,829.2979125976562,186.35614013671875,1018.1410522460938,295.5466613769531,188.8431396484375,109.19052124023438,20619.88085085526,923.719482421875,240.95140075683594,1920,1080,828.8273315429688,207.48553466796875,957.6519775390625,217.2275848388672,128.82464599609375,9.742050170898438,4.32462250341472,left,False,"{'safe_roi': (450, 80, 1500, 420), 'cylinder_roi': (800, 190, 1000, 300)}",ok_cylinder_inside_confirmed
2026-09-06 22:46:15,2026-09-06,185038,1,114,122.12483978271484,,45.69609069824219,0.785950779914856,827.7886352539062,184.82937622070312,1018.3157348632812,294.4754638671875,190.527099609375,109.64608764648438,20890.55106279999,923.0521850585938,239.6524200439453,1920,1080,831.4200439453125,210.10845947265625,953.4158935546875,215.71990966796875,121.995849609375,5.6114501953125,2.6335810370097428,left,False,"{'safe_roi': (450, 80, 1500, 420), 'cylinder_roi': (800, 190, 1000, 300)}",ok_cylinder_inside_confirmed
2026-09-06 22:46:20,2026-09-06,185139,1,114,122.81658172607422,,48.28367614746094,0.786451518535614,827.2352294921875,186.859375,1016.461669921875,295.1033020019531,189.2264404296875,108.24392700195312,20482.613004710525,921.8484497070312,240.98133850097656,1920,1080,828.5468139648438,211.54859924316406,951.357421875,210.3375244140625,122.81060791015625,1.2110748291015625,0.564993760873453,left,False,"{'safe_roi': (450, 80, 1500, 420), 'cylinder_roi': (800, 190, 1000, 300)}",ok_cylinder_inside_confirmed
2026-09-06 22:46:25,2026-09-06,185237,1,114,126.5587158203125,,46.72572326660156,0.7734941840171814,825.955810546875,186.674560546875,1015.2071533203125,297.18878173828125,189.2513427734375,110.51422119140625,20914.964756034315,920.5814819335938,241.93167114257812,1920,1080,826.3320922851562,212.52215576171875,952.890625,212.73944091796875,126.55853271484375,0.21728515625,0.09836958365914357,left,False,"{'safe_roi': (450, 80, 1500, 420), 'cylinder_roi': (800, 190, 1000, 300)}",ok_cylinder_inside_confirmed
2026-09-06 22:46:30,2026-09-06,185341,1,114,112.39727783203125,,48.00743103027344,0.7999907732009888,827.0745849609375,188.12081909179688,1014.9581298828125,297.4712219238281,187.883544921875,109.35040283203125,20545.14132271707,921.016357421875,242.7960205078125,1920,1080,832.0585327148438,210.6885223388672,944.31640625,216.28472900390625,112.25787353515625,5.5962066650390625,2.8539094467043755,left,False,"{'safe_roi': (450, 80, 1500, 420), 'cylinder_roi': (800, 190, 1000, 300)}",ok_cylinder_inside_confirmed
2026-09-06 22:46:35,2026-09-06,185433,1,114,127.48387908935547,,47.81153869628906,0.7774461507797241,827.0460815429688,186.98765563964844,1014.5598754882812,296.6561584472656,187.5137939453125,109.66850280761719,20564.357037758455,920.802978515625,241.8218994140625,1920,1080,826.9239501953125,210.282470703125,954.3861083984375,212.63572692871094,127.462158203125,2.3532562255859375,1.0576969298560062,left,False,"{'safe_roi': (450, 80, 1500, 420), 'cylinder_roi': (800, 190, 1000, 300)}",ok_cylinder_inside_confirmed
2026-09-06 22:46:40,2026-09-06,185538,1,114,120.67311096191406,,48.112213134765625,0.7911485433578491,828.59423828125,188.55242919921875,1013.179443359375,296.9606628417969,184.585205078125,108.40823364257812,20010.556039072573,920.8868408203125,242.7565460205078,1920,1080,828.9267578125,212.11061096191406,949.5997924804688,211.97781372070312,120.67303466796875,0.1327972412109375,0.06305234969703388,left,False,"{'safe_roi': (450, 80, 1500, 420), 'cylinder_roi': (800, 190, 1000, 300)}",ok_cylinder_inside_confirmed
2026-09-06 22:46:45,2026-09-06,185634,1,114,113.2523193359375,,39.3690185546875,0.7720293998718262,827.7708740234375,187.6902313232422,1011.9757080078125,296.46942138671875,184.204833984375,108.77919006347656,20037.652646597475,919.873291015625,242.079833984375,1920,1080,839.1255493164062,214.76751708984375,952.375244140625,213.9967041015625,113.24969482421875,0.77081298828125,0.38996704693641504,left,False,"{'safe_roi': (450, 80, 1500, 420), 'cylinder_roi': (800, 190, 1000, 300)}",ok_cylinder_inside_confirmed
2026-09-06 22:46:50,2026-09-06,185736,1,114,106.64802551269531,,36.85728454589844,0.7637970447540283,826.1605224609375,188.50558471679688,1012.66064453125,296.7761535644531,186.5001220703125,108.27056884765625,20192.474306710064,919.4105834960938,242.640869140625,1920,1080,845.986083984375,212.63491821289062,952.6336669921875,212.32742309570312,106.6475830078125,0.3074951171875,0.16519946460344773,left,False,"{'safe_roi': (450, 80, 1500, 420), 'cylinder_roi': (800, 190, 1000, 300)}",ok_cylinder_inside_confirmed
2026-09-06 22:46:55,2026-09-06,185832,1,114,128.1664581298828,,42.3582763671875,0.7842350006103516,828.6802978515625,185.98556518554688,1020.18896484375,298.85601806640625,191.5086669921875,112.87045288085938,21615.66997401789,924.4346313476562,242.42079162597656,1920,1080,823.7033081054688,205.01480102539062,951.833251953125,201.95559692382812,128.12994384765625,3.0592041015625,1.3677223573523198,left,False,"{'safe_roi': (450, 80, 1500, 420), 'cylinder_roi': (800, 190, 1000, 300)}",ok_cylinder_inside_confirmed
2026-09-06 22:47:00,2026-09-06,185934,1,114,125.32560729980469,,45.26678466796875,0.7783084511756897,833.2747802734375,187.60662841796875,1017.1475830078125,297.28131103515625,183.872802734375,109.6746826171875,20166.191281825304,925.211181640625,242.4439697265625,1920,1080,825.3239135742188,209.13580322265625,950.6365966796875,207.33583068847656,125.31268310546875,1.7999725341796875,0.8229313674666832,left,False,"{'safe_roi': (450, 80, 1500, 420), 'cylinder_roi': (800, 190, 1000, 300)}",ok_cylinder_inside_confirmed
2026-09-06 22:47:05,2026-09-06,186032,1,114,126.93953704833984,,44.01954650878906,0.7810964584350586,830.5262451171875,186.73179626464844,1012.708984375,297.11663818359375,182.1827392578125,110.38484191894531,20110.212873334065,921.6176147460938,241.92422485351562,1920,1080,826.3231201171875,208.8837127685547,953.2626342773438,208.95883178710938,126.93951416015625,0.0751190185546875,0.03390592953199232,left,False,"{'safe_roi': (450, 80, 1500, 420), 'cylinder_roi': (800, 190, 1000, 300)}",ok_cylinder_inside_confirmed
2026-09-06 22:47:11,2026-09-06,186133,1,114,112.54080200195312,,47.29670715332031,0.7911921739578247,832.0535888671875,186.13623046875,1014.619384765625,297.8075866699219,182.5657958984375,111.67135620117188,20387.370023924857,923.3364868164062,241.97190856933594,1920,1080,829.6303100585938,213.4458770751953,942.1709594726562,213.63348388671875,112.5406494140625,0.1876068115234375,0.09551276456270649,left,False,"{'safe_roi': (450, 80, 1500, 420), 'cylinder_roi': (800, 190, 1000, 300)}",ok_cylinder_inside_confirmed
2026-09-06 22:47:16,2026-09-06,186223,1,114,121.37632751464844,,48.22491455078125,0.7925338745117188,829.59521484375,186.19850158691406,1015.39404296875,297.67144775390625,185.798828125,111.47294616699219,20711.54276546836,922.49462890625,241.93496704101562,1920,1080,827.0545654296875,211.94845581054688,948.2305908203125,204.97825622558594,121.176025390625,6.9701995849609375,3.292098684875593,left,False,"{'safe_roi': (450, 80, 1500, 420), 'cylinder_roi': (800, 190, 1000, 300)}",ok_cylinder_inside_confirmed
2026-09-06 22:47:21,2026-09-06,186322,1,114,118.07909393310547,,49.97373962402344,0.8014837503433228,829.678955078125,187.34860229492188,1016.20166015625,298.1937255859375,186.522705078125,110.84512329101562,20675.132240958512,922.9403076171875,242.7711639404297,1920,1080,827.661865234375,211.56314086914062,945.686279296875,207.97003173828125,118.0244140625,3.593109130859375,1.7437614393851857,left,False,"{'safe_roi': (450, 80, 1500, 420), 'cylinder_roi': (800, 190, 1000, 300)}",ok_cylinder_inside_confirmed
2026-09-06 22:47:26,2026-09-06,186421,1,114,118.40509796142578,,48.77116394042969,0.7862694263458252,829.3005981445312,186.88026428222656,1012.5093383789062,297.63812255859375,183.208740234375,110.75785827636719,20291.807685870677,920.9049682617188,242.25918579101562,1920,1080,827.8372192382812,212.717041015625,946.1978759765625,209.47335815429688,118.36065673828125,3.243682861328125,1.5698023097866634,left,False,"{'safe_roi': (450, 80, 1500, 420), 'cylinder_roi': (800, 190, 1000, 300)}",ok_cylinder_inside_confirmed
2026-09-06 22:47:31,2026-09-06,186512,1,114,115.7254409790039,,47.769744873046875,0.7782691717147827,827.788818359375,186.73110961914062,1011.6693115234375,296.8030700683594,183.8804931640625,110.07196044921875,20240.086370937526,919.7290649414062,241.76708984375,1920,1080,826.9615478515625,213.36338806152344,942.6854248046875,212.76101684570312,115.723876953125,0.6023712158203125,0.2982359178791972,left,False,"{'safe_roi': (450, 80, 1500, 420), 'cylinder_roi': (800, 190, 1000, 300)}",ok_cylinder_inside_confirmed
2026-09-06 22:47:36,2026-09-06,186610,1,114,130.3256378173828,,30.00457763671875,0.7854161262512207,828.1840209960938,183.9189453125,1008.3956909179688,295.3225402832031,180.211669921875,111.40359497070312,20076.227884970605,918.2898559570312,239.62074279785156,1920,1080,828.2957153320312,198.7535400390625,958.413330078125,206.114013671875,130.11761474609375,7.3604736328125,3.237648560417421,left,False,"{'safe_roi': (450, 80, 1500, 420), 'cylinder_roi': (800, 190, 1000, 300)}",ok_cylinder_inside_confirmed
2026-09-06 22:47:41,2026-09-06,186706,1,114,132.78846740722656,,35.750335693359375,0.7780478000640869,818.4382934570312,188.11260986328125,1009.7246704101562,295.02227783203125,191.286376953125,106.90966796875,20450.363047003746,914.0814819335938,241.56744384765625,1920,1080,815.6204223632812,205.12107849121094,948.203857421875,197.74488830566406,132.58343505859375,7.376190185546875,3.184329486580431,left,False,"{'safe_roi': (450, 80, 1500, 420), 'cylinder_roi': (800, 190, 1000, 300)}",ok_cylinder_inside_confirmed
2026-09-06 22:47:46,2026-09-06,186797,1,114,98.75318145751953,,34.5694580078125,0.7661735415458679,854.289306640625,191.4116973876953,1031.2235107421875,298.1823425292969,176.9342041015625,106.77064514160156,18891.379119539633,942.7564086914062,244.79702758789062,1920,1080,864.2031860351562,223.04457092285156,962.757080078125,216.77392578125,98.55389404296875,6.2706451416015625,3.640625751826618,left,False,"{'safe_roi': (450, 80, 1500, 420), 'cylinder_roi': (800, 190, 1000, 300)}",ok_cylinder_inside_confirmed
2026-09-06 22:47:51,2026-09-06,186888,1,114,93.5158920288086,,34.846710205078125,0.7599905729293823,851.5419311523438,189.784423828125,1031.687255859375,297.33905029296875,180.14532470703125,107.55462646484375,19375.463108252734,941.6146240234375,243.56173706054688,1920,1080,864.510986328125,223.04852294921875,957.9656982421875,219.66635131835938,93.4547119140625,3.382171630859375,2.07265764846673,left,False,"{'safe_roi': (450, 80, 1500, 420), 'cylinder_roi': (800, 190, 1000, 300)}",ok_cylinder_inside_confirmed
2026-09-06 22:47:56,2026-09-06,186990,1,114,97.88308715820312,,36.62821960449219,0.7561381459236145,851.2015991210938,190.63143920898438,1032.31396484375,299.53363037109375,181.11236572265625,108.90219116210938,19723.533473750576,941.7578125,245.08253479003906,1920,1080,859.6470947265625,218.74484252929688,957.5197143554688,217.31336975097656,97.87261962890625,1.4314727783203125,0.8379412083385732,left,False,"{'safe_roi': (450, 80, 1500, 420), 'cylinder_roi': (800, 190, 1000, 300)}",ok_cylinder_inside_confirmed
2026-09-06 22:48:18,2026-09-06,187428,1,114,112.29841613769531,,20.138595581054688,0.8009291291236877,800.020751953125,180.72247314453125,987.5576171875,291.0252685546875,187.536865234375,110.30279541015625,20685.84047780931,893.7891845703125,235.87387084960938,1920,1080,986.7855224609375,219.2061767578125,875.2625732421875,206.03173828125,111.52294921875,13.1744384765625,6.737245810583519,right,False,"{'safe_roi': (450, 80, 1500, 420), 'cylinder_roi': (800, 190, 1000, 300)}",ok_cylinder_inside_confirmed
2026-09-06 22:48:23,2026-09-06,187524,1,114,120.11514282226562,,16.578262329101562,0.830078661441803,798.0160522460938,181.59866333007812,991.2383422851562,289.7248229980469,193.2222900390625,108.12615966796875,20892.38418417424,894.627197265625,235.6617431640625,1920,1080,995.0145263671875,220.7356414794922,876.7464599609375,199.75204467773438,118.26806640625,20.983596801757812,10.060949412310302,right,False,"{'safe_roi': (450, 80, 1500, 420), 'cylinder_roi': (800, 190, 1000, 300)}",ok_cylinder_inside_confirmed
2026-09-06 22:48:28,2026-09-06,187618,1,114,116.38146209716797,,19.795272827148438,0.7943280935287476,800.7693481445312,183.06410217285156,990.3353881835938,289.1331787109375,189.5660400390625,106.06907653808594,20107.094809925184,895.5523681640625,236.0986328125,1920,1080,992.2314453125,216.09768676757812,876.02490234375,209.71932983398438,116.20654296875,6.37835693359375,3.141704284952276,right,False,"{'safe_roi': (450, 80, 1500, 420), 'cylinder_roi': (800, 190, 1000, 300)}",ok_cylinder_inside_confirmed
2026-09-06 22:48:33,2026-09-06,187710,1,114,114.86799621582031,,15.261444091796875,0.7870317101478577,802.8348999023438,184.76177978515625,992.1741333007812,288.6811828613281,189.3392333984375,103.91940307617188,19676.02011366561,897.5045166015625,236.7214813232422,1920,1080,990.3626098632812,218.30384826660156,875.6181030273438,212.97886657714844,114.7445068359375,5.324981689453125,2.657035562489119,right,False,"{'safe_roi': (450, 80, 1500, 420), 'cylinder_roi': (800, 190, 1000, 300)}",ok_cylinder_inside_confirmed
2026-09-06 22:48:38,2026-09-06,187806,1,114,113.92029571533203,,15.19775390625,0.7848581671714783,801.931396484375,183.7996063232422,995.5389404296875,289.9058532714844,193.6075439453125,106.10624694824219,20542.96986890398,898.7351684570312,236.85272216796875,1920,1080,991.3472900390625,217.92678833007812,877.6239013671875,211.231689453125,113.723388671875,6.695098876953125,3.369215958014911,right,False,"{'safe_roi': (450, 80, 1500, 420), 'cylinder_roi': (800, 190, 1000, 300)}",ok_cylinder_inside_confirmed
2026-09-06 22:49:42,2026-09-06,189046,1,115,96.61434173583984,,35.28204345703125,0.7703976631164551,841.9749755859375,193.1890106201172,1026.22119140625,299.46697998046875,184.2462158203125,106.27796936035156,19581.313679711893,934.0980834960938,246.3280029296875,1920,1080,857.3756103515625,219.38873291015625,953.9502563476562,216.6194305419922,96.57464599609375,2.7693023681640625,1.6425208502100577,left,False,"{'safe_roi': (450, 80, 1500, 420), 'cylinder_roi': (800, 190, 1000, 300)}",ok_cylinder_inside_confirmed
2026-09-06 22:49:47,2026-09-06,189145,1,115,95.97798156738281,,36.738739013671875,0.773040235042572,848.36376953125,191.17446899414062,1030.149658203125,299.00811767578125,181.785888671875,107.83364868164062,19602.635654322803,939.2567138671875,245.09129333496094,1920,1080,859.6217041015625,216.65457153320312,955.5673828125,214.16476440429688,95.9456787109375,2.48980712890625,1.486501874758106,left,False,"{'safe_roi': (450, 80, 1500, 420), 'cylinder_roi': (800, 190, 1000, 300)}",ok_cylinder_inside_confirmed
2026-09-06 22:49:52,2026-09-06,189243,1,115,109.63607025146484,,35.3341064453125,0.7635418176651001,846.7448120117188,189.9500732421875,1032.44091796875,299.4046630859375,185.69610595703125,109.45458984375,20325.291113108397,939.5928955078125,244.6773681640625,1920,1080,849.9595947265625,211.13356018066406,959.5697021484375,213.51956176757812,109.610107421875,2.3860015869140625,1.2470221699893367,left,False,"{'safe_roi': (450, 80, 1500, 420), 'cylinder_roi': (800, 190, 1000, 300)}",ok_cylinder_inside_confirmed
2026-09-06 22:49:57,2026-09-06,189337,1,115,101.38034057617188,,37.927520751953125,0.7747949361801147,845.7238159179688,189.40658569335938,1029.96630859375,299.9273986816406,184.24249267578125,110.52081298828125,20362.630077514797,937.8450927734375,244.6669921875,1920,1080,857.7102661132812,215.18063354492188,959.0885009765625,215.8339080810547,101.37823486328125,0.6532745361328125,0.3692050444992332,left,False,"{'safe_roi': (450, 80, 1500, 420), 'cylinder_roi': (800, 190, 1000, 300)}",ok_cylinder_inside_confirmed
2026-09-06 22:50:02,2026-09-06,189438,1,115,100.31690979003906,,37.21815490722656,0.7705591917037964,849.0838012695312,188.2743377685547,1033.4217529296875,301.7938232421875,184.33795166015625,113.51948547363281,20925.949425724335,941.2528076171875,245.03408813476562,1920,1080,861.5250244140625,214.5475311279297,961.8157958984375,216.83743286132812,100.290771484375,2.2899017333984375,1.3079858721486324,left,False,"{'safe_roi': (450, 80, 1500, 420), 'cylinder_roi': (800, 190, 1000, 300)}",ok_cylinder_inside_confirmed
2026-09-06 22:50:07,2026-09-06,189529,1,115,100.21405792236328,,37.700927734375,0.7719526290893555,846.3510131835938,190.361083984375,1032.4102783203125,301.9163818359375,186.05926513671875,111.5552978515625,20755.8967403695,939.380615234375,246.13873291015625,1920,1080,859.913818359375,216.12022399902344,960.1026611328125,218.36807250976562,100.1888427734375,2.2478485107421875,1.2852791305099336,left,False,"{'safe_roi': (450, 80, 1500, 420), 'cylinder_roi': (800, 190, 1000, 300)}",ok_cylinder_inside_confirmed
2026-09-06 22:50:12,2026-09-06,189629,1,115,109.2951889038086,,40.695159912109375,0.7622016668319702,847.0531005859375,190.77642822265625,1033.3800048828125,301.9884033203125,186.326904296875,111.21197509765625,20721.783040687442,940.216552734375,246.38241577148438,1920,1080,849.962890625,214.8109130859375,959.25634765625,214.19532775878906,109.29345703125,0.6155853271484375,0.322709786729734,left,False,"{'safe_roi': (450, 80, 1500, 420), 'cylinder_roi': (800, 190, 1000, 300)}",ok_cylinder_inside_confirmed
2026-09-06 22:50:17,2026-09-06,189721,1,115,98.83787536621094,,37.96855163574219,0.7677339315414429,848.227783203125,189.22366333007812,1031.3748779296875,301.90771484375,183.1470947265625,112.68405151367188,20637.75665674731,939.8013305664062,245.56568908691406,1920,1080,856.3124389648438,215.29881286621094,955.1448974609375,214.2639923095703,98.83245849609375,1.034820556640625,0.5998908132091936,left,False,"{'safe_roi': (450, 80, 1500, 420), 'cylinder_roi': (800, 190, 1000, 300)}",ok_cylinder_inside_confirmed
2026-09-06 22:53:21,2026-09-06,193226,1,116,87.7951889038086,,38.14555358886719,0.7782861590385437,860.2263793945312,193.41326904296875,1024.6845703125,304.6168518066406,164.45819091796875,111.20358276367188,18288.34004491009,942.4554443359375,249.0150604248047,1920,1080,868.1737060546875,208.73681640625,955.7669067382812,214.68887329101562,87.59320068359375,5.952056884765625,3.8873371845217486,left,False,"{'safe_roi': (450, 80, 1500, 420), 'cylinder_roi': (800, 190, 1000, 300)}",ok_cylinder_inside_confirmed
2026-09-06 22:53:26,2026-09-06,193318,1,116,115.35657501220703,,20.804153442382812,0.7779642343521118,839.4716796875,185.73951721191406,1022.492431640625,298.0296630859375,183.020751953125,112.29014587402344,20551.426934789866,930.9820556640625,241.88458251953125,1920,1080,846.7974853515625,204.11322021484375,960.2764892578125,224.8413543701172,113.47900390625,20.728134155273438,10.35155770164011,left,False,"{'safe_roi': (450, 80, 1500, 420), 'cylinder_roi': (800, 190, 1000, 300)}",ok_cylinder_inside_confirmed
2026-09-06 22:53:31,2026-09-06,193420,1,116,95.9273910522461,,35.852874755859375,0.780562162399292,841.199951171875,188.49063110351562,1027.00439453125,298.3874816894531,185.804443359375,109.8968505859375,20419.32315006852,934.1021728515625,243.43905639648438,1920,1080,856.6939086914062,201.94715881347656,951.0265502929688,219.36602783203125,94.3326416015625,17.418869018554688,10.462030690464626,left,False,"{'safe_roi': (450, 80, 1500, 420), 'cylinder_roi': (800, 190, 1000, 300)}",ok_cylinder_inside_confirmed
2026-09-06 22:53:36,2026-09-06,193510,1,116,96.18406677246094,,35.73756408691406,0.7894572615623474,845.1619262695312,188.89889526367188,1027.2738037109375,298.7253723144531,182.11187744140625,109.82647705078125,20000.70592849329,936.2178955078125,243.8121337890625,1920,1080,856.5665283203125,203.22637939453125,951.2484741210938,220.15870666503906,94.68194580078125,16.932327270507812,10.139236354595491,left,False,"{'safe_roi': (450, 80, 1500, 420), 'cylinder_roi': (800, 190, 1000, 300)}",ok_cylinder_inside_confirmed
2026-09-06 22:53:41,2026-09-06,193604,1,116,92.97980499267578,,36.31733703613281,0.8036827445030212,870.1663208007812,194.33470153808594,1040.4404296875,310.6826171875,170.27410888671875,116.34791564941406,19811.0376580311,955.3033447265625,252.5086669921875,1920,1080,883.17333984375,218.67977905273438,975.970703125,224.50164794921875,92.79736328125,5.821868896484375,3.5898854788197223,left,False,"{'safe_roi': (450, 80, 1500, 420), 'cylinder_roi': (800, 190, 1000, 300)}",ok_cylinder_inside_confirmed
2026-09-06 22:53:46,2026-09-06,193704,1,116,85.35057067871094,,35.55133056640625,0.8033078908920288,874.2548828125,196.3258514404297,1032.0115966796875,312.664794921875,157.7567138671875,116.33894348144531,18353.249418413267,953.1332397460938,254.49533081054688,1920,1080,887.999267578125,210.05410766601562,972.369873046875,222.95066833496094,84.37060546875,12.896560668945312,8.690739019495846,left,False,"{'safe_roi': (450, 80, 1500, 420), 'cylinder_roi': (800, 190, 1000, 300)}",ok_cylinder_inside_confirmed
2026-09-06 22:53:51,2026-09-06,193798,1,116,84.99561309814453,,35.24888610839844,0.8021150827407837,874.5716552734375,194.3284912109375,1031.1905517578125,313.33221435546875,156.618896484375,119.00372314453125,18638.23179642856,952.881103515625,253.83035278320312,1920,1080,886.6810913085938,211.78932189941406,970.8291625976562,223.762451171875,84.1480712890625,11.973129272460938,8.098054759611847,left,False,"{'safe_roi': (450, 80, 1500, 420), 'cylinder_roi': (800, 190, 1000, 300)}",ok_cylinder_inside_confirmed
2026-09-06 22:55:07,2026-09-06,195249,1,117,92.71693420410156,,34.47193908691406,0.7779920697212219,847.4249267578125,190.44932556152344,1018.8385009765625,297.398681640625,171.41357421875,106.94935607910156,18332.571385912597,933.1317138671875,243.92401123046875,1920,1080,856.8185424804688,220.06716918945312,949.4967041015625,222.74826049804688,92.67816162109375,2.68109130859375,1.6570504019140928,left,False,"{'safe_roi': (450, 80, 1500, 420), 'cylinder_roi': (800, 190, 1000, 300)}",ok_cylinder_inside_confirmed
2026-09-06 22:55:12,2026-09-06,195353,1,117,106.46855926513672,,46.17523193359375,0.7942523956298828,841.74365234375,190.2244873046875,1026.3997802734375,298.9432678222656,184.6561279296875,108.71878051757812,20075.589043613523,934.0717163085938,244.58387756347656,1920,1080,844.6206665039062,211.35250854492188,950.7498168945312,219.84707641601562,106.129150390625,8.49456787109375,4.576193506540558,left,False,"{'safe_roi': (450, 80, 1500, 420), 'cylinder_roi': (800, 190, 1000, 300)}",ok_cylinder_inside_confirmed
2026-09-06 22:55:17,2026-09-06,195449,1,117,104.55654907226562,,43.06892395019531,0.7996118664741516,840.807373046875,191.40199279785156,1022.302978515625,298.82135009765625,181.49560546875,107.41935729980469,19496.141292192042,931.55517578125,245.11166381835938,1920,1080,845.6868896484375,210.91098022460938,949.7088623046875,221.47036743164062,104.02197265625,10.55938720703125,5.796303953296022,left,False,"{'safe_roi': (450, 80, 1500, 420), 'cylinder_roi': (800, 190, 1000, 300)}",ok_cylinder_inside_confirmed
2026-09-06 22:55:22,2026-09-06,195543,1,117,112.59563446044922,,45.73225402832031,0.7996185421943665,841.1253051757812,191.8673858642578,1022.3775024414062,298.03338623046875,181.252197265625,106.16600036621094,19242.82084127888,931.7514038085938,244.95037841796875,1920,1080,841.4661865234375,210.19277954101562,953.7525024414062,218.53302001953125,112.28631591796875,8.340240478515625,4.247932498115918,left,False,"{'safe_roi': (450, 80, 1500, 420), 'cylinder_roi': (800, 190, 1000, 300)}",ok_cylinder_inside_confirmed
2026-09-06 22:55:27,2026-09-06,195641,1,117,116.20708465576172,,47.32325744628906,0.7716395854949951,840.8394165039062,190.2169952392578,1024.19677734375,295.62158203125,183.35736083984375,105.40458679199219,19326.70685459394,932.51806640625,242.91928100585938,1920,1080,839.6227416992188,210.63241577148438,955.779052734375,214.06735229492188,116.15631103515625,3.4349365234375,1.6938384641086957,left,False,"{'safe_roi': (450, 80, 1500, 420), 'cylinder_roi': (800, 190, 1000, 300)}",ok_cylinder_inside_confirmed
2026-09-06 22:55:32,2026-09-06,195732,1,117,115.43034362792969,,48.31553649902344,0.7824338674545288,840.1384887695312,190.68504333496094,1022.0172729492188,297.480712890625,181.8787841796875,106.79566955566406,19423.866534439847,931.077880859375,244.0828857421875,1920,1080,840.0904541015625,208.55697631835938,955.2794189453125,216.01800537109375,115.18896484375,7.461029052734375,3.7059899714155935,left,False,"{'safe_roi': (450, 80, 1500, 420), 'cylinder_roi': (800, 190, 1000, 300)}",ok_cylinder_inside_confirmed
2026-09-06 22:55:37,2026-09-06,195825,1,117,112.5452880859375,,47.5074462890625,0.7943243980407715,839.1437377929688,190.6177978515625,1021.3220825195312,296.6921081542969,182.1783447265625,106.07431030273438,19324.442268963903,930.23291015625,243.6549530029297,1920,1080,840.7967529296875,209.60723876953125,953.0438232421875,217.79483032226562,112.2470703125,8.187591552734375,4.171913722761064,left,False,"{'safe_roi': (450, 80, 1500, 420), 'cylinder_roi': (800, 190, 1000, 300)}",ok_cylinder_inside_confirmed
2026-09-06 22:55:42,2026-09-06,195918,1,117,105.61177062988281,,40.2393798828125,0.7754259705543518,839.41552734375,190.806884765625,1021.0819091796875,296.91119384765625,181.6663818359375,106.10430908203125,19275.58592813462,930.2487182617188,243.85903930664062,1920,1080,850.2015380859375,210.35162353515625,955.5828857421875,217.32431030273438,105.38134765625,6.972686767578125,3.7855280028637823,left,False,"{'safe_roi': (450, 80, 1500, 420), 'cylinder_roi': (800, 190, 1000, 300)}",ok_cylinder_inside_confirmed
2026-09-06 22:55:47,2026-09-06,196012,1,117,101.33934783935547,,38.22096252441406,0.7969608902931213,838.6516723632812,191.99432373046875,1020.3201293945312,298.3765869140625,181.66845703125,106.38226318359375,19326.30160805583,929.4859008789062,245.18545532226562,1920,1080,853.3311767578125,208.52822875976562,954.1865234375,218.42080688476562,100.8553466796875,9.892578125,5.6020396960247325,left,False,"{'safe_roi': (450, 80, 1500, 420), 'cylinder_roi': (800, 190, 1000, 300)}",ok_cylinder_inside_confirmed
2026-09-06 22:55:52,2026-09-06,196111,1,117,104.37193298339844,,40.11674499511719,0.8011400103569031,838.7191162109375,190.48838806152344,1019.0865478515625,296.26318359375,180.367431640625,105.77479553222656,19078.32820245996,928.90283203125,243.37579345703125,1920,1080,848.54736328125,207.98716735839844,952.427001953125,218.11241149902344,103.879638671875,10.125244140625,5.567086705683118,left,False,"{'safe_roi': (450, 80, 1500, 420), 'cylinder_roi': (800, 190, 1000, 300)}",ok_cylinder_inside_confirmed
2026-09-06 22:55:57,2026-09-06,196203,1,117,110.02066040039062,,42.00762939453125,0.7787119150161743,837.533935546875,190.88626098632812,1020.407470703125,296.5994567871094,182.87353515625,105.71319580078125,19332.14582875371,928.970703125,243.74285888671875,1920,1080,846.6329345703125,208.02926635742188,956.3765869140625,215.83157348632812,109.74365234375,7.80230712890625,4.066643793143604,left,False,"{'safe_roi': (450, 80, 1500, 420), 'cylinder_roi': (800, 190, 1000, 300)}",ok_cylinder_inside_confirmed
2026-09-06 22:56:02,2026-09-06,196296,1,117,122.90050506591797,,47.269683837890625,0.7797906994819641,837.148681640625,190.57022094726562,1021.5552978515625,297.61407470703125,184.4066162109375,107.04385375976562,19739.59485801682,929.3519897460938,244.09214782714844,1920,1080,836.58837890625,208.39370727539062,959.1842041015625,217.04229736328125,122.5958251953125,8.648590087890625,4.0352771320728245,left,False,"{'safe_roi': (450, 80, 1500, 420), 'cylinder_roi': (800, 190, 1000, 300)}",ok_cylinder_inside_confirmed
2026-09-06 22:56:07,2026-09-06,196389,1,117,120.54301452636719,,43.27418518066406,0.7733237147331238,837.3010864257812,190.62315368652344,1022.4340209960938,297.936767578125,185.1329345703125,107.31361389160156,19867.28425909765,929.8675537109375,244.27996826171875,1920,1080,838.1744995117188,208.34461975097656,958.291259765625,218.472900390625,120.11676025390625,10.128280639648438,4.819795823651466,left,False,"{'safe_roi': (450, 80, 1500, 420), 'cylinder_roi': (800, 190, 1000, 300)}",ok_cylinder_inside_confirmed
2026-09-06 22:56:12,2026-09-06,196486,1,117,113.67938232421875,,43.137481689453125,0.7865000367164612,837.5405883789062,189.77769470214844,1023.2960815429688,297.8473815917969,185.7554931640625,108.06968688964844,20074.537984272465,930.4183349609375,243.81253051757812,1920,1080,840.9712524414062,211.0623016357422,954.3515625,219.3029327392578,113.38031005859375,8.240631103515625,4.157023495059506,left,False,"{'safe_roi': (450, 80, 1500, 420), 'cylinder_roi': (800, 190, 1000, 300)}",ok_cylinder_inside_confirmed
2026-09-06 22:56:17,2026-09-06,196589,1,117,122.19149017333984,,44.4925537109375,0.8024899363517761,836.3123779296875,190.25965881347656,1023.3250732421875,298.11236572265625,187.0126953125,107.85270690917969,20169.825415834785,929.8187255859375,244.18600463867188,1920,1080,836.9532470703125,209.1875762939453,958.7481079101562,219.02487182617188,121.79486083984375,9.837295532226562,4.6177205304684215,left,False,"{'safe_roi': (450, 80, 1500, 420), 'cylinder_roi': (800, 190, 1000, 300)}",ok_cylinder_inside_confirmed
2026-09-06 22:56:22,2026-09-06,196687,1,117,116.90745544433594,,45.92320251464844,0.776709794998169,836.78955078125,190.8551483154297,1025.06884765625,297.08709716796875,188.279296875,106.23194885253906,20001.276635617018,930.92919921875,243.97113037109375,1920,1080,836.8087158203125,211.0391845703125,953.4285888671875,219.23419189453125,116.619873046875,8.19500732421875,4.019630069669648,left,False,"{'safe_roi': (450, 80, 1500, 420), 'cylinder_roi': (800, 190, 1000, 300)}",ok_cylinder_inside_confirmed
2026-09-06 22:56:27,2026-09-06,196780,1,117,112.38543701171875,,41.009368896484375,0.7851434350013733,835.6121826171875,189.7272186279297,1029.6505126953125,297.9847106933594,194.038330078125,108.25749206542969,21006.102978821844,932.63134765625,243.85595703125,1920,1080,845.0140991210938,214.16427612304688,957.32861328125,218.15621948242188,112.31451416015625,3.991943359375,2.03558078559634,left,False,"{'safe_roi': (450, 80, 1500, 420), 'cylinder_roi': (800, 190, 1000, 300)}",ok_cylinder_inside_confirmed
2026-09-06 22:56:32,2026-09-06,196882,1,117,114.296142578125,,40.88008117675781,0.7677944302558899,835.7884521484375,189.708984375,1031.10791015625,296.97393798828125,195.3194580078125,107.26495361328125,20950.932602979243,933.4481811523438,243.34146118164062,1920,1080,844.9495849609375,215.48635864257812,959.2279052734375,217.50482177734375,114.2783203125,2.018463134765625,1.0118926691023349,left,False,"{'safe_roi': (450, 80, 1500, 420), 'cylinder_roi': (800, 190, 1000, 300)}",ok_cylinder_inside_confirmed
2026-09-06 22:56:38,2026-09-06,196982,1,117,106.55401611328125,,38.978485107421875,0.7619801759719849,835.963623046875,189.6068115234375,1032.7391357421875,295.98291015625,196.7755126953125,106.3760986328125,20932.21134699881,934.3513793945312,242.79486083984375,1920,1080,849.1678466796875,217.74256896972656,955.7218627929688,217.76272583007812,106.55401611328125,0.0201568603515625,0.010838662443047372,left,False,"{'safe_roi': (450, 80, 1500, 420), 'cylinder_roi': (800, 190, 1000, 300)}",ok_cylinder_inside_confirmed
2026-09-06 22:56:43,2026-09-06,197074,1,117,99.78323364257812,,36.966949462890625,0.771388053894043,836.386962890625,188.95657348632812,1032.3551025390625,296.101806640625,195.9681396484375,107.14523315429688,20997.052013445646,934.3710327148438,242.52919006347656,1920,1080,855.038818359375,220.56942749023438,954.805908203125,218.77439880371094,99.76708984375,1.7950286865234375,1.0307654784276619,left,False,"{'safe_roi': (450, 80, 1500, 420), 'cylinder_roi': (800, 190, 1000, 300)}",ok_cylinder_inside_confirmed
2026-09-06 22:56:48,2026-09-06,197166,1,117,99.63267517089844,,35.92146301269531,0.7693961262702942,836.7008056640625,189.0565185546875,1031.9908447265625,295.9699401855469,195.2900390625,106.91342163085938,20879.12628659606,934.3458251953125,242.5132293701172,1920,1080,855.072265625,218.07359313964844,954.6854248046875,216.1015167236328,99.6131591796875,1.972076416015625,1.134156351638877,left,False,"{'safe_roi': (450, 80, 1500, 420), 'cylinder_roi': (800, 190, 1000, 300)}",ok_cylinder_inside_confirmed
2026-09-06 22:56:53,2026-09-06,197266,1,117,102.90807342529297,,34.91212463378906,0.7716315984725952,837.4686279296875,189.25375366210938,1031.2706298828125,296.6512145996094,193.802001953125,107.3974609375,20813.84293437004,934.36962890625,242.95248413085938,1920,1080,855.692626953125,217.91830444335938,958.5701293945312,215.41006469726562,102.87750244140625,2.50823974609375,1.3966424431044207,left,False,"{'safe_roi': (450, 80, 1500, 420), 'cylinder_roi': (800, 190, 1000, 300)}",ok_cylinder_inside_confirmed
2026-09-06 22:56:58,2026-09-06,197371,1,117,116.8976821899414,,29.5328369140625,0.7350601553916931,818.3138427734375,192.8925323486328,984.7398681640625,292.2760925292969,166.426025390625,99.38356018066406,16540.010910037905,901.52685546875,242.58432006835938,1920,1080,821.90234375,223.44436645507812,938.57080078125,216.12728881835938,116.66845703125,7.31707763671875,3.588710216706856,left,False,"{'safe_roi': (450, 80, 1500, 420), 'cylinder_roi': (800, 190, 1000, 300)}",ok_cylinder_inside_confirmed
2026-09-06 23:00:31,2026-09-06,201501,1,118,120.14627075195312,,47.94062805175781,0.790635883808136,834.7130737304688,184.82443237304688,1032.4786376953125,297.6038513183594,197.76556396484375,112.7794189453125,22303.88539134711,933.5958251953125,241.21414184570312,1920,1080,832.3363037109375,211.1804962158203,951.925048828125,222.74154663085938,119.5887451171875,11.561050415039062,5.521818550251675,left,False,"{'safe_roi': (450, 80, 1500, 420), 'cylinder_roi': (800, 190, 1000, 300)}",ok_cylinder_inside_confirmed
2026-09-06 23:00:36,2026-09-06,201593,1,118,126.37670135498047,,47.657958984375,0.7877221703529358,831.47705078125,185.62493896484375,1030.146484375,295.8847351074219,198.66943359375,110.25979614257812,21905.251247808337,930.811767578125,240.7548370361328,1920,1080,832.8877563476562,208.05621337890625,958.9142456054688,217.45809936523438,126.0264892578125,9.401885986328125,4.266502638112098,left,False,"{'safe_roi': (450, 80, 1500, 420), 'cylinder_roi': (800, 190, 1000, 300)}",ok_cylinder_inside_confirmed
2026-09-06 23:00:41,2026-09-06,201686,1,118,125.24812316894531,,47.69114685058594,0.8027781844139099,832.5491333007812,184.30953979492188,1031.9488525390625,296.2265625,199.39971923828125,111.91702270507812,22316.222905376926,932.2490234375,240.26805114746094,1920,1080,834.8803100585938,206.37289428710938,960.03076171875,211.318359375,125.15045166015625,4.945465087890625,2.2629317202435466,left,False,"{'safe_roi': (450, 80, 1500, 420), 'cylinder_roi': (800, 190, 1000, 300)}",ok_cylinder_inside_confirmed
2026-09-06 23:00:46,2026-09-06,201787,1,118,124.29290008544922,,46.587066650390625,0.7947213649749756,831.4675903320312,185.6788330078125,1029.0009765625,295.7919616699219,197.53338623046875,110.11312866210938,21751.01917305775,930.2342529296875,240.7353973388672,1920,1080,833.8981323242188,206.0673828125,957.9453125,213.8790283203125,124.04718017578125,7.8116455078125,3.603339350278867,left,False,"{'safe_roi': (450, 80, 1500, 420), 'cylinder_roi': (800, 190, 1000, 300)}",ok_cylinder_inside_confirmed
2026-09-06 23:00:51,2026-09-06,201877,1,118,130.11898803710938,,47.35072326660156,0.7914756536483765,832.0228881835938,184.8358154296875,1029.1640625,294.7013854980469,197.14117431640625,109.86557006835938,21659.02750021778,930.593505859375,239.7686004638672,1920,1080,829.856201171875,205.17724609375,959.7962036132812,211.99990844726562,129.94000244140625,6.822662353515625,3.005626518015056,left,False,"{'safe_roi': (450, 80, 1500, 420), 'cylinder_roi': (800, 190, 1000, 300)}",ok_cylinder_inside_confirmed
2026-09-06 23:00:57,2026-09-06,201973,1,118,131.66012573242188,,44.70433044433594,0.7853645086288452,830.4326171875,185.59576416015625,1026.623779296875,294.8287353515625,196.191162109375,109.23297119140625,21430.543558701873,928.5281982421875,240.21224975585938,1920,1080,827.728515625,203.85028076171875,958.9801635742188,214.21337890625,131.25164794921875,10.36309814453125,4.514476923209871,left,False,"{'safe_roi': (450, 80, 1500, 420), 'cylinder_roi': (800, 190, 1000, 300)}",ok_cylinder_inside_confirmed
2026-09-06 23:01:02,2026-09-06,202075,1,118,128.8944854736328,,44.82060241699219,0.783624529838562,830.3463134765625,189.17832946777344,1025.355224609375,297.8008117675781,195.0089111328125,108.62248229980469,21182.35199782811,927.8507690429688,243.48956298828125,1920,1080,829.9771728515625,207.18179321289062,958.7186279296875,213.4609375,128.741455078125,6.279144287109375,2.792290924550052,left,False,"{'safe_roi': (450, 80, 1500, 420), 'cylinder_roi': (800, 190, 1000, 300)}",ok_cylinder_inside_confirmed
2026-09-06 23:01:07,2026-09-06,202168,1,118,129.92372131347656,,40.29779052734375,0.7835865020751953,828.7271728515625,188.53753662109375,1025.4783935546875,297.0585021972656,196.751220703125,108.52096557617188,21351.632448993623,927.102783203125,242.7980194091797,1920,1080,828.0925903320312,206.2896270751953,957.7010498046875,215.33502197265625,129.60845947265625,9.045394897460938,3.992208345158607,left,False,"{'safe_roi': (450, 80, 1500, 420), 'cylinder_roi': (800, 190, 1000, 300)}",ok_cylinder_inside_confirmed
2026-09-06 23:01:12,2026-09-06,202262,1,118,130.07582092285156,,42.362335205078125,0.7832807898521423,828.2866821289062,189.333740234375,1024.93603515625,296.1351318359375,196.64935302734375,106.8013916015625,21002.42456086725,926.611328125,242.73443603515625,1920,1080,827.4009399414062,206.69483947753906,957.2698974609375,214.02777099609375,129.86895751953125,7.3329315185546875,3.231722079828799,left,False,"{'safe_roi': (450, 80, 1500, 420), 'cylinder_roi': (800, 190, 1000, 300)}",ok_cylinder_inside_confirmed
2026-09-06 23:01:17,2026-09-06,202361,1,118,131.95870971679688,,38.85755920410156,0.77737957239151,827.8182373046875,191.82400512695312,1023.4793701171875,294.32073974609375,195.6611328125,102.49673461914062,20054.62720516324,925.6488037109375,243.07237243652344,1920,1080,823.5130004882812,209.11447143554688,955.3831176757812,213.9490509033203,131.8701171875,4.8345794677734375,2.099618938875671,left,False,"{'safe_roi': (450, 80, 1500, 420), 'cylinder_roi': (800, 190, 1000, 300)}",ok_cylinder_inside_confirmed
2026-09-06 23:01:22,2026-09-06,202462,1,118,122.85214233398438,,34.785400390625,0.7665134072303772,822.5693359375,193.8150634765625,1021.421142578125,293.7727966308594,198.851806640625,99.95773315429688,19876.775825433433,921.9952392578125,243.79393005371094,1920,1080,829.0067749023438,211.39344787597656,951.6915283203125,217.80438232421875,122.68475341796875,6.4109344482421875,2.991290166747405,left,False,"{'safe_roi': (450, 80, 1500, 420), 'cylinder_roi': (800, 190, 1000, 300)}",ok_cylinder_inside_confirmed
2026-09-06 23:01:27,2026-09-06,202554,1,118,134.18753051757812,,34.245147705078125,0.7715070843696594,820.8753662109375,192.6222686767578,1018.7266845703125,293.0986633300781,197.851318359375,100.47639465332031,19879.38714615628,919.801025390625,242.8604736328125,1920,1080,820.9998779296875,212.20846557617188,955.0748291015625,217.70404052734375,134.074951171875,5.495574951171875,2.3471728884857006,left,False,"{'safe_roi': (450, 80, 1500, 420), 'cylinder_roi': (800, 190, 1000, 300)}",ok_cylinder_inside_confirmed
2026-09-06 23:01:32,2026-09-06,202659,1,118,137.43699645996094,,33.34480285644531,0.764136791229248,820.351318359375,194.1239471435547,1018.6529541015625,293.8695068359375,198.3016357421875,99.74555969238281,19779.707645019516,919.5021362304688,243.99673461914062,1920,1080,817.810546875,215.63658142089844,955.2197265625,218.4013671875,137.4091796875,2.7647857666015625,1.1526826945796662,left,False,"{'safe_roi': (450, 80, 1500, 420), 'cylinder_roi': (800, 190, 1000, 300)}",ok_cylinder_inside_confirmed
2026-09-06 23:01:37,2026-09-06,202753,1,118,135.76968383789062,,37.786590576171875,0.7581222057342529,820.211669921875,195.15704345703125,1020.6573486328125,294.1289978027344,200.4456787109375,98.97195434570312,19838.500562172383,920.4345092773438,244.6430206298828,1920,1080,818.995361328125,212.4447021484375,954.4793090820312,221.24839782714844,135.48394775390625,8.803695678710938,3.717831296405349,left,False,"{'safe_roi': (450, 80, 1500, 420), 'cylinder_roi': (800, 190, 1000, 300)}",ok_cylinder_inside_confirmed
2026-09-06 23:01:42,2026-09-06,202843,1,118,123.4312515258789,,37.39837646484375,0.7872807383537292,795.9112548828125,179.58795166015625,997.3634033203125,288.7317810058594,201.4521484375,109.14382934570312,21987.258910387754,896.6373291015625,234.1598663330078,1920,1080,804.4356079101562,198.88916015625,927.50390625,208.34786987304688,123.06829833984375,9.458709716796875,4.394964592494904,left,False,"{'safe_roi': (450, 80, 1500, 420), 'cylinder_roi': (800, 190, 1000, 300)}",ok_cylinder_inside_confirmed
2026-09-06 23:02:49,2026-09-06,203901,1,119,120.2543716430664,,38.20347595214844,0.7647955417633057,825.6575927734375,191.423095703125,1009.428466796875,297.02276611328125,183.7708740234375,105.59967041015625,19406.143727861345,917.5430297851562,244.22293090820312,1920,1080,827.612060546875,205.2666473388672,947.614990234375,213.03909301757812,120.0029296875,7.7724456787109375,3.7058026889490914,left,False,"{'safe_roi': (450, 80, 1500, 420), 'cylinder_roi': (800, 190, 1000, 300)}",ok_cylinder_inside_confirmed
2026-09-06 23:02:54,2026-09-06,203995,1,119,119.42928314208984,,42.81837463378906,0.7632825374603271,824.739013671875,190.89739990234375,1011.758544921875,294.95843505859375,187.01953125,104.06103515625,19461.446016311646,918.248779296875,242.92791748046875,1920,1080,821.87109375,205.18299865722656,941.0646362304688,212.68321228027344,119.19354248046875,7.500213623046875,3.600570518283779,left,False,"{'safe_roi': (450, 80, 1500, 420), 'cylinder_roi': (800, 190, 1000, 300)}",ok_cylinder_inside_confirmed
2026-09-06 23:04:11,2026-09-06,205473,1,120,103.83953094482422,,38.864166259765625,0.782118558883667,851.8966674804688,195.24325561523438,1031.291259765625,305.9007263183594,179.39459228515625,110.657470703125,19851.351840093732,941.593994140625,250.57199096679688,1920,1080,864.0186767578125,225.01718139648438,967.85791015625,225.26449584960938,103.8392333984375,0.247314453125,0.13646140403429385,left,False,"{'safe_roi': (450, 80, 1500, 420), 'cylinder_roi': (800, 190, 1000, 300)}",ok_cylinder_inside_confirmed
2026-09-06 23:04:16,2026-09-06,205579,1,120,96.30316162109375,,39.43962097167969,0.7899203896522522,857.8380126953125,194.34848022460938,1034.787841796875,306.9291076660156,176.9498291015625,112.58062744140625,19921.122785903513,946.3129272460938,250.6387939453125,1920,1080,872.6699829101562,217.6575927734375,968.683837890625,225.11671447753906,96.01385498046875,7.4591217041015625,4.4422702783120664,left,False,"{'safe_roi': (450, 80, 1500, 420), 'cylinder_roi': (800, 190, 1000, 300)}",ok_cylinder_inside_confirmed
2026-09-06 23:04:21,2026-09-06,205669,1,120,98.6053466796875,,39.801422119140625,0.7805747985839844,859.004150390625,194.04910278320312,1036.823974609375,309.5222473144531,177.81982421875,115.47314453125,20533.414262533188,947.9140625,251.78567504882812,1920,1080,870.4974365234375,218.5125274658203,968.8519287109375,225.5416259765625,98.3544921875,7.0290985107421875,4.087806243344036,left,False,"{'safe_roi': (450, 80, 1500, 420), 'cylinder_roi': (800, 190, 1000, 300)}",ok_cylinder_inside_confirmed
2026-09-06 23:04:26,2026-09-06,205761,1,120,100.922607421875,,39.84431457519531,0.767820417881012,857.2730102539062,194.61672973632812,1037.31640625,306.4183349609375,180.04339599609375,111.80160522460938,20129.14068245329,947.294677734375,250.5175323486328,1920,1080,868.009765625,215.74417114257812,968.537841796875,224.65921020507812,100.528076171875,8.9150390625,5.067851354891825,left,False,"{'safe_roi': (450, 80, 1500, 420), 'cylinder_roi': (800, 190, 1000, 300)}",ok_cylinder_inside_confirmed
2026-09-06 23:04:31,2026-09-06,205860,1,120,100.68814849853516,,38.897186279296875,0.7731407284736633,856.5687866210938,194.1593017578125,1038.7281494140625,308.8408203125,182.15936279296875,114.6815185546875,20890.312344051898,947.6484375,251.50006103515625,1920,1080,871.0277099609375,218.38424682617188,971.510986328125,224.80413818359375,100.4832763671875,6.419891357421875,3.655667127572143,left,False,"{'safe_roi': (450, 80, 1500, 420), 'cylinder_roi': (800, 190, 1000, 300)}",ok_cylinder_inside_confirmed
2026-09-06 23:04:37,2026-09-06,205956,1,120,103.8260269165039,,38.634857177734375,0.7721672058105469,855.9642333984375,193.30728149414062,1038.2962646484375,308.6370849609375,182.33203125,115.32980346679688,21028.317329764366,947.1302490234375,250.97218322753906,1920,1080,867.7941284179688,218.54103088378906,971.4156494140625,225.05445861816406,103.62152099609375,6.513427734375,3.5967583767293174,left,False,"{'safe_roi': (450, 80, 1500, 420), 'cylinder_roi': (800, 190, 1000, 300)}",ok_cylinder_inside_confirmed
2026-09-06 23:04:42,2026-09-06,206049,1,120,98.05760192871094,,38.32060241699219,0.7984536290168762,857.2091674804688,195.7427215576172,1037.224609375,308.5484619140625,180.01544189453125,112.80574035644531,20306.77519850526,947.2169189453125,252.14559936523438,1920,1080,871.7288208007812,216.90475463867188,969.5907592773438,223.09622192382812,97.8619384765625,6.19146728515625,3.620128150430781,left,False,"{'safe_roi': (450, 80, 1500, 420), 'cylinder_roi': (800, 190, 1000, 300)}",ok_cylinder_inside_confirmed
2026-09-06 23:04:47,2026-09-06,206149,1,120,98.74178314208984,,38.49436950683594,0.7926976084709167,857.6710815429688,194.98170471191406,1036.9072265625,309.46392822265625,179.23614501953125,114.48222351074219,20519.352415329777,947.2891845703125,252.22280883789062,1920,1080,872.1790771484375,218.30819702148438,970.5924682617188,226.3546142578125,98.41339111328125,8.046417236328125,4.674186466384644,left,False,"{'safe_roi': (450, 80, 1500, 420), 'cylinder_roi': (800, 190, 1000, 300)}",ok_cylinder_inside_confirmed
2026-09-06 23:04:52,2026-09-06,206252,1,120,103.00524139404297,,37.749847412109375,0.7938142418861389,857.25634765625,196.84959411621094,1038.738525390625,310.75018310546875,181.482177734375,113.90058898925781,20670.926934998482,947.9974365234375,253.79989624023438,1920,1080,870.9034423828125,219.37448120117188,973.712158203125,225.73434448242188,102.8087158203125,6.35986328125,3.539870775574191,left,False,"{'safe_roi': (450, 80, 1500, 420), 'cylinder_roi': (800, 190, 1000, 300)}",ok_cylinder_inside_confirmed
2026-09-06 23:04:57,2026-09-06,206348,1,120,101.27855682373047,,38.254791259765625,0.7986446619033813,857.2919921875,196.39707946777344,1037.7783203125,310.4031677246094,180.486328125,114.00608825683594,20576.540253371,947.53515625,253.40011596679688,1920,1080,872.5086669921875,218.08828735351562,973.5496215820312,225.02166748046875,101.04095458984375,6.933380126953125,3.9254544751693277,left,False,"{'safe_roi': (450, 80, 1500, 420), 'cylinder_roi': (800, 190, 1000, 300)}",ok_cylinder_inside_confirmed
2026-09-06 23:05:02,2026-09-06,206439,1,120,101.22797393798828,,39.04869079589844,0.8018478155136108,857.0064697265625,195.91256713867188,1037.47412109375,310.1410827636719,180.4676513671875,114.228515625,20614.55193400383,947.2402954101562,253.02682495117188,1920,1080,871.7156982421875,219.48703002929688,972.6495361328125,227.1982879638672,100.933837890625,7.7112579345703125,4.368861102805922,left,False,"{'safe_roi': (450, 80, 1500, 420), 'cylinder_roi': (800, 190, 1000, 300)}",ok_cylinder_inside_confirmed
2026-09-06 23:05:07,2026-09-06,206542,1,120,101.09991455078125,,38.305145263671875,0.7894715666770935,856.2027587890625,196.41253662109375,1038.0953369140625,310.4139099121094,181.892578125,114.00137329101562,20736.003697693348,947.1490478515625,253.41322326660156,1920,1080,870.2339477539062,219.23394775390625,971.0501708984375,226.8024139404297,100.81622314453125,7.5684661865234375,4.293250262344725,left,False,"{'safe_roi': (450, 80, 1500, 420), 'cylinder_roi': (800, 190, 1000, 300)}",ok_cylinder_inside_confirmed
2026-09-06 23:05:12,2026-09-06,206632,1,120,103.21066284179688,,39.230438232421875,0.7984912395477295,855.7275390625,196.64852905273438,1037.8970947265625,309.63165283203125,182.1695556640625,112.98312377929688,20582.085456412286,946.8123168945312,253.1400909423828,1920,1080,869.5919189453125,221.12191772460938,972.6158447265625,227.32763671875,103.02392578125,6.205718994140625,3.447086737900897,left,False,"{'safe_roi': (450, 80, 1500, 420), 'cylinder_roi': (800, 190, 1000, 300)}",ok_cylinder_inside_confirmed
2026-09-06 23:05:17,2026-09-06,206721,1,120,102.5459213256836,,38.400909423828125,0.7943318486213684,856.3460083007812,196.85989379882812,1038.1202392578125,309.9690246582031,181.77423095703125,113.109130859375,20560.3252761811,947.233154296875,253.41445922851562,1920,1080,870.8228759765625,220.94041442871094,973.1532592773438,227.58560180664062,102.33038330078125,6.6451873779296875,3.71548831748786,left,False,"{'safe_roi': (450, 80, 1500, 420), 'cylinder_roi': (800, 190, 1000, 300)}",ok_cylinder_inside_confirmed
2026-09-06 23:05:22,2026-09-06,206816,1,120,104.00019073486328,,38.52455139160156,0.7889445424079895,856.6759643554688,196.55557250976562,1037.0423583984375,309.76904296875,180.36639404296875,113.21347045898438,20419.905423777178,946.859130859375,253.1623077392578,1920,1080,869.8698120117188,222.65963745117188,973.64111328125,229.55572509765625,103.77130126953125,6.896087646484375,3.8019819314946877,left,False,"{'safe_roi': (450, 80, 1500, 420), 'cylinder_roi': (800, 190, 1000, 300)}",ok_cylinder_inside_confirmed
2026-09-06 23:05:27,2026-09-06,206908,1,120,106.67835235595703,,39.71382141113281,0.798115611076355,856.5808715820312,197.47366333007812,1036.6951904296875,310.5479736328125,180.11431884765625,113.07431030273438,20366.30237934552,946.6380615234375,254.0108184814453,1920,1080,870.093505859375,223.73599243164062,976.598388671875,229.81712341308594,106.5048828125,6.0811309814453125,3.2678806761885393,left,False,"{'safe_roi': (450, 80, 1500, 420), 'cylinder_roi': (800, 190, 1000, 300)}",ok_cylinder_inside_confirmed
2026-09-06 23:05:32,2026-09-06,207012,1,120,102.56094360351562,,38.969329833984375,0.7799161672592163,856.4404907226562,198.31134033203125,1035.83984375,308.67529296875,179.39935302734375,110.36395263671875,19799.221700567752,946.14013671875,253.49331665039062,1920,1080,871.321044921875,222.28848266601562,973.7374267578125,227.73202514648438,102.4163818359375,5.44354248046875,3.0424703417618963,left,False,"{'safe_roi': (450, 80, 1500, 420), 'cylinder_roi': (800, 190, 1000, 300)}",ok_cylinder_inside_confirmed
2026-09-06 23:05:37,2026-09-06,207105,1,120,103.42220306396484,,37.98109436035156,0.7847886085510254,856.3504028320312,198.07843017578125,1036.1710205078125,309.05535888671875,179.82061767578125,110.9769287109375,19955.939868561924,946.2607421875,253.56689453125,1920,1080,872.604248046875,222.80624389648438,975.8240966796875,229.27264404296875,103.2198486328125,6.466400146484375,3.5847164245376004,left,False,"{'safe_roi': (450, 80, 1500, 420), 'cylinder_roi': (800, 190, 1000, 300)}",ok_cylinder_inside_confirmed
2026-09-06 23:05:42,2026-09-06,207205,1,120,103.81539154052734,,39.74298095703125,0.7849363088607788,856.3745727539062,197.63882446289062,1036.599365234375,309.9862060546875,180.22479248046875,112.34738159179688,20247.783533105627,946.4869384765625,253.81251525878906,1920,1080,870.4315185546875,223.92483520507812,974.1641845703125,228.0684814453125,103.732666015625,4.143646240234375,2.287488560350265,left,False,"{'safe_roi': (450, 80, 1500, 420), 'cylinder_roi': (800, 190, 1000, 300)}",ok_cylinder_inside_confirmed
2026-09-06 23:05:49,2026-09-06,207326,1,120,104.45259857177734,,39.222381591796875,0.7947789430618286,857.3086547851562,198.34693908691406,1037.959716796875,311.4390869140625,180.65106201171875,113.09214782714844,20430.216610160656,947.6341552734375,254.89300537109375,1920,1080,871.143310546875,223.06069946289062,975.427001953125,228.99844360351562,104.28369140625,5.937744140625,3.2588100718832624,left,False,"{'safe_roi': (450, 80, 1500, 420), 'cylinder_roi': (800, 190, 1000, 300)}",ok_cylinder_inside_confirmed
2026-09-06 23:05:54,2026-09-06,207417,1,120,98.41878509521484,,37.695770263671875,0.7701131105422974,857.114013671875,198.2926788330078,1037.32958984375,311.09906005859375,180.215576171875,112.80638122558594,20329.466988433152,947.2218017578125,254.69586181640625,1920,1080,870.655029296875,222.65576171875,968.9576416015625,227.43634033203125,98.3026123046875,4.78057861328125,2.7841717306143914,left,False,"{'safe_roi': (450, 80, 1500, 420), 'cylinder_roi': (800, 190, 1000, 300)}",ok_cylinder_inside_confirmed
2026-09-06 23:05:59,2026-09-06,207511,1,120,98.97036743164062,,37.37921142578125,0.7659494876861572,858.4810791015625,198.33018493652344,1036.8558349609375,311.630126953125,178.374755859375,113.29994201660156,20209.849496092647,947.66845703125,254.98016357421875,1920,1080,871.1749877929688,221.89804077148438,970.020751953125,226.86270141601562,98.84576416015625,4.96466064453125,2.8753408852309303,left,False,"{'safe_roi': (450, 80, 1500, 420), 'cylinder_roi': (800, 190, 1000, 300)}",ok_cylinder_inside_confirmed
2026-09-06 23:06:04,2026-09-06,207616,1,120,102.6888427734375,,38.17927551269531,0.7936201691627502,857.2879028320312,198.4861297607422,1036.951904296875,309.76190185546875,179.66400146484375,111.27577209472656,19992.250480628572,947.119873046875,254.1240234375,1920,1080,872.5419921875,223.38722229003906,975.0877075195312,228.8070068359375,102.54571533203125,5.4197845458984375,3.025403062185871,left,False,"{'safe_roi': (450, 80, 1500, 420), 'cylinder_roi': (800, 190, 1000, 300)}",ok_cylinder_inside_confirmed
2026-09-06 23:06:09,2026-09-06,207717,1,120,105.5346450805664,,38.564178466796875,0.7879807353019714,857.2340087890625,198.64553833007812,1036.3095703125,310.0169372558594,179.0755615234375,111.37139892578125,19943.89580028504,946.7717895507812,254.33123779296875,1920,1080,869.4892578125,224.7843017578125,974.9107666015625,229.6697235107422,105.4215087890625,4.8854217529296875,2.653290879865063,left,False,"{'safe_roi': (450, 80, 1500, 420), 'cylinder_roi': (800, 190, 1000, 300)}",ok_cylinder_inside_confirmed
2026-09-06 23:06:14,2026-09-06,207818,1,120,102.30299377441406,,36.5355224609375,0.780022382736206,857.9707641601562,198.8827362060547,1036.328369140625,309.4378662109375,178.35760498046875,110.55513000488281,19718.348205975257,947.1495361328125,254.16030883789062,1920,1080,870.665283203125,225.49667358398438,972.89794921875,229.28945922851562,102.232666015625,3.79278564453125,2.1246730653647,left,False,"{'safe_roi': (450, 80, 1500, 420), 'cylinder_roi': (800, 190, 1000, 300)}",ok_cylinder_inside_confirmed
2026-09-06 23:06:19,2026-09-06,207913,1,120,99.12309265136719,,36.0892333984375,0.7798280715942383,855.0786743164062,199.086669921875,1033.67431640625,308.7255554199219,178.59564208984375,109.63888549804688,19581.02715353854,944.37646484375,253.90611267089844,1920,1080,872.0242919921875,227.98809814453125,971.124755859375,230.10610961914062,99.1004638671875,2.118011474609375,1.2243600245170745,left,False,"{'safe_roi': (450, 80, 1500, 420), 'cylinder_roi': (800, 190, 1000, 300)}",ok_cylinder_inside_confirmed
2026-09-06 23:06:24,2026-09-06,208003,1,120,98.02799224853516,,36.641632080078125,0.7756859660148621,856.7620849609375,199.3681640625,1031.8701171875,307.3744812011719,175.1080322265625,108.00631713867188,18912.773662190884,944.3161010742188,253.37132263183594,1920,1080,873.5465087890625,226.34152221679688,971.5433349609375,228.8131103515625,97.996826171875,2.471588134765625,1.4447565215787104,left,False,"{'safe_roi': (450, 80, 1500, 420), 'cylinder_roi': (800, 190, 1000, 300)}",ok_cylinder_inside_confirmed
2026-09-06 23:06:29,2026-09-06,208108,1,120,100.40980529785156,,36.50697326660156,0.7780275344848633,855.8848876953125,199.88156127929688,1033.889404296875,308.66143798828125,178.0045166015625,108.77987670898438,19363.30936956033,944.8871459960938,254.27149963378906,1920,1080,870.2993774414062,226.5872039794922,970.6781005859375,229.08538818359375,100.37872314453125,2.4981842041015625,1.4256593979994305,left,False,"{'safe_roi': (450, 80, 1500, 420), 'cylinder_roi': (800, 190, 1000, 300)}",ok_cylinder_inside_confirmed
2026-09-06 23:06:34,2026-09-06,208205,1,120,98.89805603027344,,36.404296875,0.7786439061164856,856.1876220703125,200.3775634765625,1034.4974365234375,309.6128845214844,178.309814453125,109.23532104492188,19477.72982724756,945.342529296875,254.99522399902344,1920,1080,871.2327270507812,226.27622985839844,970.1085205078125,228.37460327148438,98.87579345703125,2.0983734130859375,1.215766684602063,left,False,"{'safe_roi': (450, 80, 1500, 420), 'cylinder_roi': (800, 190, 1000, 300)}",ok_cylinder_inside_confirmed
2026-09-06 23:06:39,2026-09-06,208299,1,120,99.1152114868164,,36.664276123046875,0.7805010676383972,856.0950317382812,199.44808959960938,1035.04931640625,309.38763427734375,178.95428466796875,109.93954467773438,19674.152574526146,945.5721435546875,254.41786193847656,1920,1080,872.6100463867188,226.59300231933594,971.7017211914062,228.7528076171875,99.0916748046875,2.1598052978515625,1.2486229323546159,left,False,"{'safe_roi': (450, 80, 1500, 420), 'cylinder_roi': (800, 190, 1000, 300)}",ok_cylinder_inside_confirmed
2026-09-06 23:06:44,2026-09-06,208404,1,120,102.26588439941406,,36.406494140625,0.7782357931137085,856.2300415039062,199.78225708007812,1033.966796875,310.2572326660156,177.73675537109375,110.4749755859375,19635.463710345328,945.098388671875,255.01974487304688,1920,1080,869.73876953125,226.20440673828125,971.9385986328125,229.87948608398438,102.1998291015625,3.675079345703125,2.059453980359131,left,False,"{'safe_roi': (450, 80, 1500, 420), 'cylinder_roi': (800, 190, 1000, 300)}",ok_cylinder_inside_confirmed
2026-09-06 23:06:49,2026-09-06,208507,1,120,103.07316589355469,,36.806365966796875,0.7734861373901367,856.2091674804688,199.92723083496094,1034.0355224609375,309.97967529296875,177.82635498046875,110.05244445800781,19570.225054658018,945.122314453125,254.95346069335938,1920,1080,869.406494140625,225.12786865234375,972.3876342773438,229.48245239257812,102.98114013671875,4.354583740234375,2.421324173828492,left,False,"{'safe_roi': (450, 80, 1500, 420), 'cylinder_roi': (800, 190, 1000, 300)}",ok_cylinder_inside_confirmed
2026-09-06 23:06:54,2026-09-06,208605,1,120,101.77971649169922,,36.28935241699219,0.7750318050384521,854.9669189453125,199.89137268066406,1033.5108642578125,310.1692199707031,178.5439453125,110.27784729003906,19689.44193573296,944.2388916015625,255.03030395507812,1920,1080,870.5672607421875,227.8802490234375,972.3057861328125,230.77554321289062,101.738525390625,2.895294189453125,1.630094166283854,left,False,"{'safe_roi': (450, 80, 1500, 420), 'cylinder_roi': (800, 190, 1000, 300)}",ok_cylinder_inside_confirmed
2026-09-06 23:07:19,2026-09-06,209069,1,121,111.83010864257812,,42.788909912109375,0.7813490629196167,866.8743896484375,200.60882568359375,1042.47021484375,317.4466552734375,175.5958251953125,116.83782958984375,20516.235100857913,954.6723022460938,259.0277404785156,1920,1080,868.8667602539062,236.70013427734375,980.69189453125,237.75531005859375,111.82513427734375,1.05517578125,0.5406237612742247,left,False,"{'safe_roi': (450, 80, 1500, 420), 'cylinder_roi': (800, 190, 1000, 300)}",ok_cylinder_inside_confirmed
2026-09-06 23:10:57,2026-09-06,213253,1,122,103.64840698242188,,40.01515197753906,0.7646795511245728,863.7745361328125,192.34701538085938,1045.85400390625,305.5367736816406,182.0794677734375,113.18975830078125,20609.53094881028,954.8142700195312,248.94189453125,1920,1080,869.142578125,218.87445068359375,972.7737426757812,220.76513671875,103.63116455078125,1.89068603515625,1.0452098437435033,left,False,"{'safe_roi': (450, 80, 1500, 420), 'cylinder_roi': (800, 190, 1000, 300)}",ok_cylinder_inside_confirmed
2026-09-06 23:11:02,2026-09-06,213344,1,122,112.25016784667969,,40.86741638183594,0.7732378244400024,863.048828125,192.44912719726562,1043.7421875,303.9945068359375,180.693359375,111.54537963867188,20155.509369671345,953.3955078125,248.22181701660156,1920,1080,864.2720947265625,211.3713836669922,975.9998779296875,222.18817138671875,111.727783203125,10.816787719726562,5.5297865730733164,left,False,"{'safe_roi': (450, 80, 1500, 420), 'cylinder_roi': (800, 190, 1000, 300)}",ok_cylinder_inside_confirmed
2026-09-06 23:11:07,2026-09-06,213443,1,122,101.85978698730469,,39.89372253417969,0.7822554111480713,864.3517456054688,192.89901733398438,1041.4776611328125,305.3722839355469,177.12591552734375,112.4732666015625,19921.930319152772,952.9146728515625,249.13565063476562,1920,1080,874.8311767578125,210.33737182617188,976.0744018554688,221.52780151367188,101.24322509765625,11.1904296875,6.307309432030421,left,False,"{'safe_roi': (450, 80, 1500, 420), 'cylinder_roi': (800, 190, 1000, 300)}",ok_cylinder_inside_confirmed
2026-09-06 23:11:12,2026-09-06,213536,1,122,99.18206787109375,,38.407958984375,0.7676361203193665,863.7839965820312,193.59774780273438,1041.140625,305.6272888183594,177.35662841796875,112.029541015625,19869.181677743793,952.4622802734375,249.61251831054688,1920,1080,874.7048950195312,218.12350463867188,973.8643188476562,220.24293518066406,99.159423828125,2.1194305419921875,1.2244518282394066,left,False,"{'safe_roi': (450, 80, 1500, 420), 'cylinder_roi': (800, 190, 1000, 300)}",ok_cylinder_inside_confirmed
2026-09-06 23:11:17,2026-09-06,213636,1,122,103.91726684570312,,40.22137451171875,0.7640871405601501,864.9058227539062,193.3192901611328,1041.55859375,305.532470703125,176.65277099609375,112.21318054199219,19822.76928502787,953.232177734375,249.42587280273438,1920,1080,872.2114868164062,213.53555297851562,975.974365234375,219.197998046875,103.76287841796875,5.662445068359375,3.123590332258948,left,False,"{'safe_roi': (450, 80, 1500, 420), 'cylinder_roi': (800, 190, 1000, 300)}",ok_cylinder_inside_confirmed
2026-09-06 23:11:22,2026-09-06,213728,1,122,100.21702575683594,,39.361480712890625,0.7805883288383484,864.8001708984375,194.90933227539062,1039.7574462890625,306.33367919921875,174.957275390625,111.42434692382812,19494.500149972737,952.27880859375,250.6215057373047,1920,1080,875.162841796875,210.8539276123047,974.7646484375,221.94140625,99.601806640625,11.087478637695312,6.351903466147417,left,False,"{'safe_roi': (450, 80, 1500, 420), 'cylinder_roi': (800, 190, 1000, 300)}",ok_cylinder_inside_confirmed
2026-09-06 23:11:27,2026-09-06,213829,1,122,101.3826904296875,,39.00732421875,0.7826917171478271,863.9649047851562,193.19964599609375,1038.480712890625,306.6214599609375,174.51580810546875,113.42181396484375,19793.899520862848,951.2227783203125,249.91055297851562,1920,1080,875.63232421875,209.74200439453125,976.508056640625,219.8680419921875,100.875732421875,10.12603759765625,5.7322231415604215,left,False,"{'safe_roi': (450, 80, 1500, 420), 'cylinder_roi': (800, 190, 1000, 300)}",ok_cylinder_inside_confirmed
2026-09-06 23:11:32,2026-09-06,213930,1,122,101.52799987792969,,38.65492248535156,0.7892848253250122,865.189208984375,191.07089233398438,1038.9853515625,304.4325866699219,173.796142578125,113.3616943359375,19701.82519170642,952.0872802734375,247.75173950195312,1920,1080,876.0035400390625,210.47323608398438,977.08984375,219.93338012695312,101.0863037109375,9.46014404296875,5.346443522216486,left,False,"{'safe_roi': (450, 80, 1500, 420), 'cylinder_roi': (800, 190, 1000, 300)}",ok_cylinder_inside_confirmed
2026-09-06 23:11:37,2026-09-06,214024,1,122,107.29537200927734,,40.31413269042969,0.763709306716919,863.4513549804688,193.69363403320312,1038.6005859375,306.14739990234375,175.14923095703125,112.45376586914062,19696.19061020203,951.0260009765625,249.92051696777344,1920,1080,869.0120849609375,208.92660522460938,975.8077392578125,219.2699737548828,106.795654296875,10.343368530273438,5.531954515723909,left,False,"{'safe_roi': (450, 80, 1500, 420), 'cylinder_roi': (800, 190, 1000, 300)}",ok_cylinder_inside_confirmed
2026-09-06 23:11:42,2026-09-06,214119,1,122,102.67001342773438,,39.00054931640625,0.7894328236579895,864.0968017578125,192.40679931640625,1038.94677734375,306.2645263671875,174.8499755859375,113.85772705078125,19908.020795099437,951.5217895507812,249.33566284179688,1920,1080,874.834228515625,210.73216247558594,977.0238037109375,220.6529541015625,102.1895751953125,9.920791625976562,5.545024947594051,left,False,"{'safe_roi': (450, 80, 1500, 420), 'cylinder_roi': (800, 190, 1000, 300)}",ok_cylinder_inside_confirmed
2026-09-06 23:11:47,2026-09-06,214212,1,122,103.14678955078125,,38.20469665527344,0.7772718071937561,864.6917724609375,193.2981414794922,1040.7235107421875,306.1559143066406,176.03173828125,112.85777282714844,19866.54992931336,952.7076416015625,249.72702026367188,1920,1080,873.449462890625,209.5164337158203,976.1278686523438,219.3350372314453,102.67840576171875,9.818603515625,5.462289448949917,left,False,"{'safe_roi': (450, 80, 1500, 420), 'cylinder_roi': (800, 190, 1000, 300)}",ok_cylinder_inside_confirmed
2026-09-06 23:11:52,2026-09-06,214312,1,122,104.37210083007812,,39.00242614746094,0.7938729524612427,864.7548828125,192.31863403320312,1040.360107421875,305.42718505859375,175.605224609375,113.10855102539062,19862.452508054674,952.5574951171875,248.87290954589844,1920,1080,874.6395263671875,210.15623474121094,978.4033813476562,221.4078369140625,103.76385498046875,11.251602172851562,6.1886704438191416,left,False,"{'safe_roi': (450, 80, 1500, 420), 'cylinder_roi': (800, 190, 1000, 300)}",ok_cylinder_inside_confirmed
2026-09-06 23:11:57,2026-09-06,214414,1,122,103.2483139038086,,39.0360107421875,0.7983572483062744,864.9149169921875,194.67135620117188,1039.666015625,307.071044921875,174.7510986328125,112.39968872070312,19641.969089929014,952.2904663085938,250.87120056152344,1920,1080,873.9642333984375,211.12550354003906,976.6517333984375,221.8721923828125,102.6875,10.746688842773438,5.974501315143205,left,False,"{'safe_roi': (450, 80, 1500, 420), 'cylinder_roi': (800, 190, 1000, 300)}",ok_cylinder_inside_confirmed
2026-09-06 23:12:02,2026-09-06,214507,1,122,100.06503295898438,,39.48052978515625,0.7981567978858948,864.70947265625,192.89781188964844,1037.1279296875,305.063720703125,172.41845703125,112.16590881347656,19339.472929127514,950.918701171875,248.98077392578125,1920,1080,875.0960693359375,211.33485412597656,974.7557373046875,220.33270263671875,99.65966796875,8.997848510742188,5.159005229243388,left,False,"{'safe_roi': (450, 80, 1500, 420), 'cylinder_roi': (800, 190, 1000, 300)}",ok_cylinder_inside_confirmed
2026-09-06 23:12:07,2026-09-06,214604,1,122,102.36270904541016,,38.98265075683594,0.7948066592216492,865.400634765625,194.3524932861328,1038.9951171875,306.4405822753906,173.594482421875,112.08808898925781,19457.873793747276,952.1978759765625,250.39654541015625,1920,1080,874.8400268554688,210.41400146484375,976.76123046875,219.9109344482422,101.92120361328125,9.496932983398438,5.323402031068867,left,False,"{'safe_roi': (450, 80, 1500, 420), 'cylinder_roi': (800, 190, 1000, 300)}",ok_cylinder_inside_confirmed
2026-09-06 23:12:12,2026-09-06,214697,1,122,105.0978012084961,,38.927398681640625,0.7762079238891602,865.09326171875,192.9598388671875,1040.3614501953125,306.3782043457031,175.2681884765625,113.41836547851562,19878.631457392126,952.7273559570312,249.6690216064453,1920,1080,874.22216796875,211.45529174804688,978.857666015625,221.3021697998047,104.635498046875,9.846878051757812,5.3760710286276625,left,False,"{'safe_roi': (450, 80, 1500, 420), 'cylinder_roi': (800, 190, 1000, 300)}",ok_cylinder_inside_confirmed
2026-09-06 23:12:17,2026-09-06,214791,1,122,103.55416107177734,,37.31036376953125,0.7981969118118286,864.6135864257812,191.8906707763672,1040.340576171875,306.75152587890625,175.72698974609375,114.86085510253906,20184.152306831442,952.47705078125,249.32110595703125,1920,1080,877.330322265625,211.53311157226562,980.2064208984375,223.36410522460938,102.8760986328125,11.83099365234375,6.560329590903077,left,False,"{'safe_roi': (450, 80, 1500, 420), 'cylinder_roi': (800, 190, 1000, 300)}",ok_cylinder_inside_confirmed
2026-09-06 23:12:22,2026-09-06,214891,1,122,103.87982177734375,,38.44786071777344,0.7846405506134033,863.8204956054688,189.82754516601562,1038.7802734375,303.2121887207031,174.95977783203125,113.3846435546875,19837.75204589218,951.3004150390625,246.51986694335938,1920,1080,874.41015625,210.61572265625,977.7368774414062,221.3211212158203,103.32672119140625,10.705398559570312,5.915153688198436,left,False,"{'safe_roi': (450, 80, 1500, 420), 'cylinder_roi': (800, 190, 1000, 300)}",ok_cylinder_inside_confirmed
2026-09-06 23:12:27,2026-09-06,214993,1,122,103.66804504394531,,38.38604736328125,0.7664186358451843,862.6992797851562,189.47071838378906,1039.822509765625,302.70806884765625,177.12322998046875,113.23735046386719,20056.965268590488,951.2608642578125,246.08938598632812,1920,1080,875.5992431640625,210.47315979003906,978.7476806640625,220.839599609375,103.1484375,10.366439819335938,5.73896799432832,left,False,"{'safe_roi': (450, 80, 1500, 420), 'cylinder_roi': (800, 190, 1000, 300)}",ok_cylinder_inside_confirmed
2026-09-06 23:12:32,2026-09-06,215082,1,122,101.94063568115234,,37.478790283203125,0.787959098815918,862.0574951171875,188.44534301757812,1044.606689453125,305.49700927734375,182.5491943359375,117.05166625976562,21367.687371399254,953.3320922851562,246.97117614746094,1920,1080,877.3340454101562,215.6919403076172,979.2215576171875,218.98263549804688,101.88751220703125,3.2906951904296875,1.849858000119936,left,False,"{'safe_roi': (450, 80, 1500, 420), 'cylinder_roi': (800, 190, 1000, 300)}",ok_cylinder_inside_confirmed
2026-09-06 23:12:37,2026-09-06,215178,1,122,93.78987121582031,,37.08750915527344,0.7783921360969543,861.9940185546875,188.89404296875,1041.1871337890625,304.37762451171875,179.193115234375,115.48358154296875,20693.86273510754,951.590576171875,246.63583374023438,1920,1080,880.26904296875,219.54519653320312,974.058349609375,219.21998596191406,93.789306640625,0.3252105712890625,0.19866996759580674,left,False,"{'safe_roi': (450, 80, 1500, 420), 'cylinder_roi': (800, 190, 1000, 300)}",ok_cylinder_inside_confirmed
2026-09-06 23:12:43,2026-09-06,215271,1,122,95.1035385131836,,37.912872314453125,0.7885216474533081,862.0530395507812,189.25132751464844,1042.0362548828125,303.199462890625,179.98321533203125,113.94813537597656,20508.751786057837,952.044677734375,246.22540283203125,1920,1080,880.3402099609375,217.76043701171875,975.4428100585938,218.18263244628906,95.10260009765625,0.4221954345703125,0.25435537614562553,left,False,"{'safe_roi': (450, 80, 1500, 420), 'cylinder_roi': (800, 190, 1000, 300)}",ok_cylinder_inside_confirmed
2026-09-06 23:12:48,2026-09-06,215364,1,122,94.34375,,38.14820861816406,0.7898282408714294,861.9447021484375,188.31028747558594,1043.4393310546875,301.96697998046875,181.49462890625,113.65669250488281,20628.079228885472,952.6920166015625,245.13864135742188,1920,1080,880.8414306640625,219.76416015625,975.144287109375,222.54173278808594,94.3028564453125,2.7775726318359375,1.6870877393277264,left,False,"{'safe_roi': (450, 80, 1500, 420), 'cylinder_roi': (800, 190, 1000, 300)}",ok_cylinder_inside_confirmed
2026-09-06 23:12:53,2026-09-06,215467,1,122,96.35413360595703,,38.075103759765625,0.7851178646087646,861.3457641601562,187.65322875976562,1041.746826171875,302.2721252441406,180.40106201171875,114.618896484375,20677.370652392507,951.5462646484375,244.96267700195312,1920,1080,879.7803955078125,216.57093811035156,975.9354248046875,222.76199340820312,96.155029296875,6.1910552978515625,3.683971418170544,left,False,"{'safe_roi': (450, 80, 1500, 420), 'cylinder_roi': (800, 190, 1000, 300)}",ok_cylinder_inside_confirmed
2026-09-06 23:12:58,2026-09-06,215560,1,122,94.3536148071289,,37.640045166015625,0.7774810791015625,861.4623413085938,187.54803466796875,1040.562744140625,303.21636962890625,179.10040283203125,115.6683349609375,20716.24538641423,951.0125732421875,245.3822021484375,1920,1080,881.552734375,217.20068359375,975.8262329101562,221.088134765625,94.27349853515625,3.887451171875,2.361304412225786,left,False,"{'safe_roi': (450, 80, 1500, 420), 'cylinder_roi': (800, 190, 1000, 300)}",ok_cylinder_inside_confirmed
2026-09-06 23:13:03,2026-09-06,215660,1,122,100.00682830810547,,38.56793212890625,0.7680651545524597,863.99755859375,191.1831512451172,1042.086181640625,302.9674072265625,178.088623046875,111.78425598144531,19907.504226054996,953.0418701171875,247.07528686523438,1920,1080,876.8321533203125,220.6324462890625,976.8089599609375,223.08267211914062,99.976806640625,2.450225830078125,1.4039206324441962,left,False,"{'safe_roi': (450, 80, 1500, 420), 'cylinder_roi': (800, 190, 1000, 300)}",ok_cylinder_inside_confirmed
2026-09-06 23:13:08,2026-09-06,215758,1,122,100.92230987548828,,39.144989013671875,0.7847430109977722,866.9425048828125,189.31765747070312,1041.708251953125,302.69488525390625,174.7657470703125,113.37722778320312,19814.455914292485,954.3253784179688,246.0062713623047,1920,1080,874.8863525390625,213.20816040039062,975.3070068359375,223.2582550048828,100.420654296875,10.050094604492188,5.715128851748662,left,False,"{'safe_roi': (450, 80, 1500, 420), 'cylinder_roi': (800, 190, 1000, 300)}",ok_cylinder_inside_confirmed
2026-09-06 23:13:13,2026-09-06,215857,1,122,99.90852355957031,,37.965057373046875,0.765504002571106,865.2296752929688,191.0913543701172,1039.454833984375,303.83160400390625,174.22515869140625,112.74024963378906,19642.187883355655,952.34228515625,247.46148681640625,1920,1080,876.5677490234375,217.79318237304688,976.44580078125,220.26040649414062,99.8780517578125,2.46722412109375,1.4150534980298857,left,False,"{'safe_roi': (450, 80, 1500, 420), 'cylinder_roi': (800, 190, 1000, 300)}",ok_cylinder_inside_confirmed
2026-09-06 23:13:18,2026-09-06,215946,1,122,106.13597869873047,,38.81134033203125,0.7653385996818542,866.8687133789062,189.70645141601562,1040.5291748046875,302.99530029296875,173.66046142578125,113.28884887695312,19673.79377036728,953.698974609375,246.3508758544922,1920,1080,869.918212890625,214.30738830566406,975.8243408203125,221.28860473632812,105.9061279296875,6.9812164306640625,3.7714189505243643,left,False,"{'safe_roi': (450, 80, 1500, 420), 'cylinder_roi': (800, 190, 1000, 300)}",ok_cylinder_inside_confirmed
2026-09-06 23:13:23,2026-09-06,216039,1,122,103.00312805175781,,37.7357177734375,0.7576199769973755,865.4957885742188,189.8130340576172,1041.444091796875,303.1282043457031,175.94830322265625,113.31517028808594,19937.611941575073,953.469970703125,246.47061157226562,1920,1080,873.2765502929688,216.07852172851562,976.17333984375,220.75772094726562,102.89678955078125,4.67919921875,2.6037138034528624,left,False,"{'safe_roi': (450, 80, 1500, 420), 'cylinder_roi': (800, 190, 1000, 300)}",ok_cylinder_inside_confirmed
2026-09-06 23:13:28,2026-09-06,216134,1,122,102.60639953613281,,38.226715087890625,0.7776893973350525,864.0452270507812,189.8412628173828,1042.849853515625,304.0929260253906,178.80462646484375,114.25166320800781,20428.72596289497,953.447509765625,246.96710205078125,1920,1080,874.3197631835938,220.24082946777344,976.9136962890625,221.8402099609375,102.59393310546875,1.5993804931640625,0.8931359469549397,left,False,"{'safe_roi': (450, 80, 1500, 420), 'cylinder_roi': (800, 190, 1000, 300)}",ok_cylinder_inside_confirmed
2026-09-06 23:13:33,2026-09-06,216235,1,122,101.91031646728516,,37.96453857421875,0.7826600074768066,864.5811157226562,189.51791381835938,1043.3980712890625,302.5664367675781,178.81695556640625,113.04852294921875,20214.992705058306,953.9896240234375,246.04217529296875,1920,1080,875.3817138671875,220.1431121826172,977.2698364257812,222.26992797851562,101.88812255859375,2.1268157958984375,1.19582019640758,left,False,"{'safe_roi': (450, 80, 1500, 420), 'cylinder_roi': (800, 190, 1000, 300)}",ok_cylinder_inside_confirmed
2026-09-06 23:13:38,2026-09-06,216328,1,122,104.69567108154297,,40.30540466308594,0.7604716420173645,864.3190307617188,189.35971069335938,1040.0301513671875,302.9588928222656,175.71112060546875,113.59918212890625,19960.639591734856,952.174560546875,246.1593017578125,1920,1080,869.819091796875,214.42462158203125,974.1943359375,222.60951232910156,104.375244140625,8.184890747070312,4.483840602705139,left,False,"{'safe_roi': (450, 80, 1500, 420), 'cylinder_roi': (800, 190, 1000, 300)}",ok_cylinder_inside_confirmed
2026-09-06 23:13:43,2026-09-06,216428,1,122,99.3426513671875,,38.60844421386719,0.7979711890220642,865.3407592773438,189.6468963623047,1037.000244140625,303.6048583984375,171.65948486328125,113.95796203613281,19561.96505919192,951.1705322265625,246.62588500976562,1920,1080,871.9765014648438,214.32806396484375,971.0791015625,221.23004150390625,99.10260009765625,6.9019775390625,3.9839183603923014,left,False,"{'safe_roi': (450, 80, 1500, 420), 'cylinder_roi': (800, 190, 1000, 300)}",ok_cylinder_inside_confirmed
2026-09-06 23:13:58,2026-09-06,216701,1,122,92.75530242919922,,37.31806945800781,0.7813664674758911,854.2354125976562,189.32778930664062,1031.7823486328125,300.7284851074219,177.54693603515625,111.40069580078125,19778.852211613208,943.0089111328125,245.02813720703125,1920,1080,867.065185546875,222.64126586914062,959.8118896484375,221.3783721923828,92.7467041015625,1.2628936767578125,0.7801248229749704,left,False,"{'safe_roi': (450, 80, 1500, 420), 'cylinder_roi': (800, 190, 1000, 300)}",ok_cylinder_inside_confirmed
2026-09-06 23:14:03,2026-09-06,216796,1,122,102.94229888916016,,39.46589660644531,0.7763451933860779,859.7000732421875,189.439453125,1031.9622802734375,302.229736328125,172.26220703125,112.790283203125,19429.503116250038,945.8311767578125,245.8345947265625,1920,1080,864.3955078125,214.34152221679688,967.038818359375,222.18162536621094,102.643310546875,7.8401031494140625,4.367886020690721,left,False,"{'safe_roi': (450, 80, 1500, 420), 'cylinder_roi': (800, 190, 1000, 300)}",ok_cylinder_inside_confirmed
2026-09-06 23:14:08,2026-09-06,216896,1,122,102.42030334472656,,39.68309020996094,0.7801532745361328,858.6629028320312,189.15164184570312,1032.914306640625,302.3966064453125,174.25140380859375,113.24496459960938,19733.094055736437,945.78857421875,245.7741241455078,1920,1080,865.1456298828125,215.9071044921875,967.272216796875,223.65817260742188,102.1265869140625,7.751068115234375,4.340238074905344,left,False,"{'safe_roi': (450, 80, 1500, 420), 'cylinder_roi': (800, 190, 1000, 300)}",ok_cylinder_inside_confirmed
2026-09-06 23:14:13,2026-09-06,216990,1,122,103.18126678466797,,40.16157531738281,0.7770447134971619,857.5994262695312,187.98426818847656,1032.3343505859375,302.55828857421875,174.73492431640625,114.57402038574219,20020.082780729048,944.9669189453125,245.27127075195312,1920,1080,862.9608154296875,216.67861938476562,965.9140625,223.534423828125,102.9532470703125,6.855804443359375,3.8097834193048823,left,False,"{'safe_roi': (450, 80, 1500, 420), 'cylinder_roi': (800, 190, 1000, 300)}",ok_cylinder_inside_confirmed
2026-09-06 23:14:18,2026-09-06,217090,1,122,105.54570007324219,,39.29322814941406,0.7705194354057312,856.5952758789062,189.90386962890625,1032.5474853515625,302.7579040527344,175.95220947265625,112.85403442382812,19856.916704775766,944.5714111328125,246.3308868408203,1920,1080,864.981689453125,217.1373291015625,970.1837158203125,225.6477813720703,105.2020263671875,8.510452270507812,4.624943934622742,left,False,"{'safe_roi': (450, 80, 1500, 420), 'cylinder_roi': (800, 190, 1000, 300)}",ok_cylinder_inside_confirmed
2026-09-06 23:14:23,2026-09-06,217188,1,122,104.83349609375,,38.25776672363281,0.769584059715271,856.893798828125,190.44667053222656,1032.3585205078125,302.75146484375,175.4647216796875,112.30479431152344,19705.529477166012,944.6261596679688,246.59906005859375,1920,1080,862.922607421875,216.37696838378906,967.6275024414062,221.5680694580078,104.70489501953125,5.19110107421875,2.8383090085873177,left,False,"{'safe_roi': (450, 80, 1500, 420), 'cylinder_roi': (800, 190, 1000, 300)}",ok_cylinder_inside_confirmed
2026-09-06 23:14:28,2026-09-06,217288,1,122,103.13434600830078,,39.36824035644531,0.7764092087745667,856.8952026367188,190.58767700195312,1032.25830078125,303.03515625,175.36309814453125,112.44747924804688,19719.138339480385,944.5767822265625,246.81141662597656,1920,1080,864.066650390625,216.05555725097656,966.9541015625,223.18760681152344,102.887451171875,7.132049560546875,3.965339795959175,left,False,"{'safe_roi': (450, 80, 1500, 420), 'cylinder_roi': (800, 190, 1000, 300)}",ok_cylinder_inside_confirmed
2026-09-06 23:14:33,2026-09-06,217388,1,122,102.01881408691406,,33.969970703125,0.7727892994880676,859.7642822265625,199.48007202148438,1035.4678955078125,304.8299865722656,175.70361328125,105.34991455078125,18510.3606454432,947.6160888671875,252.155029296875,1920,1080,865.5891723632812,231.5131378173828,967.6065673828125,230.97470092773438,102.01739501953125,0.5384368896484375,0.3023981827243652,left,False,"{'safe_roi': (450, 80, 1500, 420), 'cylinder_roi': (800, 190, 1000, 300)}",ok_cylinder_inside_confirmed
2026-09-06 23:14:38,2026-09-06,217479,1,122,96.5338363647461,,35.250946044921875,0.791742742061615,866.4840087890625,195.35275268554688,1030.7203369140625,301.2730407714844,164.236328125,105.9202880859375,17395.95918917656,948.6021728515625,248.31289672851562,1920,1080,867.8828125,221.83514404296875,964.3575439453125,225.2127685546875,96.4747314453125,3.37762451171875,2.0051324852106833,left,False,"{'safe_roi': (450, 80, 1500, 420), 'cylinder_roi': (800, 190, 1000, 300)}",ok_cylinder_inside_confirmed
2026-09-06 23:14:43,2026-09-06,217576,1,122,90.99398040771484,,36.61323547363281,0.7974710464477539,864.1636962890625,196.0572509765625,1032.3662109375,301.844970703125,168.2025146484375,105.7877197265625,17793.76047693193,948.2649536132812,248.95111083984375,1920,1080,872.2520141601562,219.78172302246094,962.994140625,226.547119140625,90.74212646484375,6.7653961181640625,4.2638718747505635,left,False,"{'safe_roi': (450, 80, 1500, 420), 'cylinder_roi': (800, 190, 1000, 300)}",ok_cylinder_inside_confirmed
2026-09-06 23:14:48,2026-09-06,217674,1,122,89.29407501220703,,37.447998046875,0.7756078243255615,863.8814697265625,194.7997283935547,1034.834716796875,301.204833984375,170.9532470703125,106.40510559082031,18190.298305610195,949.3580932617188,248.00228881835938,1920,1080,875.853271484375,215.89564514160156,964.8065185546875,223.68995666503906,88.9532470703125,7.7943115234375,5.007613527553397,left,False,"{'safe_roi': (450, 80, 1500, 420), 'cylinder_roi': (800, 190, 1000, 300)}",ok_cylinder_inside_confirmed
2026-09-06 23:14:53,2026-09-06,217771,1,122,103.49066162109375,,38.606201171875,0.7697888016700745,860.3407592773438,193.23806762695312,1036.3740234375,301.50311279296875,176.03326416015625,108.26504516601562,19058.249295020476,948.357421875,247.37059020996094,1920,1080,863.003662109375,224.02508544921875,966.4318237304688,227.6212921142578,103.42816162109375,3.5962066650390625,1.9913772688532543,left,False,"{'safe_roi': (450, 80, 1500, 420), 'cylinder_roi': (800, 190, 1000, 300)}",ok_cylinder_inside_confirmed
2026-09-06 23:15:30,2026-09-06,218474,1,123,117.92224884033203,,48.8192138671875,0.7672595977783203,852.5685424804688,199.37261962890625,1043.4599609375,312.19482421875,190.89141845703125,112.82220458984375,21536.790667604655,948.0142822265625,255.78372192382812,1920,1080,854.733154296875,246.20986938476562,972.615234375,243.13214111328125,117.882080078125,3.077728271484375,1.4955690364762326,left,False,"{'safe_roi': (450, 80, 1500, 420), 'cylinder_roi': (800, 190, 1000, 300)}",ok_cylinder_inside_confirmed
2026-09-06 23:15:35,2026-09-06,218564,1,123,112.84520721435547,,40.477783203125,0.7764394879341125,860.9077758789062,197.01275634765625,1045.3443603515625,311.7072448730469,184.43658447265625,114.69448852539062,21153.85972146131,953.1260986328125,254.36000061035156,1920,1080,862.3607177734375,232.2158660888672,975.2058715820312,232.32630920410156,112.84515380859375,0.110443115234375,0.05607615520180348,left,False,"{'safe_roi': (450, 80, 1500, 420), 'cylinder_roi': (800, 190, 1000, 300)}",ok_cylinder_inside_confirmed
2026-09-06 23:15:40,2026-09-06,218668,1,123,117.69043731689453,,41.86427307128906,0.7808758616447449,859.9916381835938,199.433349609375,1045.4427490234375,313.41094970703125,185.45111083984375,113.97760009765625,21137.272548969835,952.7171630859375,256.4221496582031,1920,1080,858.6395874023438,229.84376525878906,976.291748046875,232.84521484375,117.65216064453125,3.0014495849609375,1.4613679840781073,left,False,"{'safe_roi': (450, 80, 1500, 420), 'cylinder_roi': (800, 190, 1000, 300)}",ok_cylinder_inside_confirmed
2026-09-06 23:15:45,2026-09-06,218758,1,123,118.03645324707031,,42.94004821777344,0.7721051573753357,861.7791137695312,200.30926513671875,1044.2965087890625,313.85113525390625,182.51739501953125,113.5418701171875,20723.366359435022,953.037841796875,257.0802001953125,1920,1080,857.1438598632812,231.4890594482422,975.1578369140625,233.79251098632812,118.01397705078125,2.3034515380859375,1.1181836140207155,left,False,"{'safe_roi': (450, 80, 1500, 420), 'cylinder_roi': (800, 190, 1000, 300)}",ok_cylinder_inside_confirmed
2026-09-06 23:15:50,2026-09-06,218850,1,123,119.19385528564453,,42.695220947265625,0.7722215056419373,861.7012939453125,200.21632385253906,1045.951904296875,314.01837158203125,184.2506103515625,113.80204772949219,20968.096753416583,953.8265991210938,257.1173400878906,1920,1080,859.7158203125,231.00375366210938,978.8853759765625,233.410400390625,119.1695556640625,2.406646728515625,1.1569394395810837,left,False,"{'safe_roi': (450, 80, 1500, 420), 'cylinder_roi': (800, 190, 1000, 300)}",ok_cylinder_inside_confirmed
2026-09-06 23:15:57,2026-09-06,218986,1,123,118.00757598876953,,40.77479553222656,0.7767391204833984,862.2166748046875,199.46246337890625,1045.7030029296875,314.7503662109375,183.486328125,115.28790283203125,21153.753967881203,953.9598388671875,257.1064147949219,1920,1080,862.192138671875,228.98529052734375,980.101806640625,233.791259765625,117.90966796875,4.80596923828125,2.33406996165826,left,False,"{'safe_roi': (450, 80, 1500, 420), 'cylinder_roi': (800, 190, 1000, 300)}",ok_cylinder_inside_confirmed
2026-09-06 23:16:02,2026-09-06,219078,1,123,118.63113403320312,,40.17045593261719,0.7878497242927551,862.6729736328125,198.81658935546875,1041.8033447265625,315.616455078125,179.13037109375,116.79986572265625,20922.403290599585,952.2381591796875,257.2165222167969,1920,1080,862.234375,228.24188232421875,980.7223510742188,234.06817626953125,118.48797607421875,5.8262939453125,2.8150822203817736,left,False,"{'safe_roi': (450, 80, 1500, 420), 'cylinder_roi': (800, 190, 1000, 300)}",ok_cylinder_inside_confirmed
2026-09-06 23:16:07,2026-09-06,219169,1,123,103.97447204589844,,36.90362548828125,0.7748951315879822,862.8677978515625,200.2227783203125,1039.802978515625,315.76898193359375,176.9351806640625,115.54620361328125,20444.18841136247,951.3353881835938,257.9958801269531,1920,1080,870.77001953125,227.83335876464844,974.3809814453125,236.52008056640625,103.6109619140625,8.686721801757812,4.792458468840817,left,False,"{'safe_roi': (450, 80, 1500, 420), 'cylinder_roi': (800, 190, 1000, 300)}",ok_cylinder_inside_confirmed
2026-09-06 23:16:12,2026-09-06,219264,1,123,113.19879913330078,,42.58726501464844,0.7681281566619873,862.6409912109375,200.13345336914062,1041.1932373046875,314.3636779785156,178.55224609375,114.230224609375,20396.063175797462,951.9171142578125,257.2485656738281,1920,1080,865.490478515625,228.4584197998047,978.2197265625,238.7581329345703,112.729248046875,10.299713134765625,5.220438921565018,left,False,"{'safe_roi': (450, 80, 1500, 420), 'cylinder_roi': (800, 190, 1000, 300)}",ok_cylinder_inside_confirmed
2026-09-06 23:16:17,2026-09-06,219365,1,123,102.19963836669922,,34.494232177734375,0.7660614252090454,862.383056640625,200.47994995117188,1041.05224609375,314.3504333496094,178.669189453125,113.8704833984375,20345.146971434355,951.7176513671875,257.4151916503906,1920,1080,871.29833984375,227.11563110351562,973.0701904296875,236.4567413330078,101.7718505859375,9.341110229492188,5.244188848882827,left,False,"{'safe_roi': (450, 80, 1500, 420), 'cylinder_roi': (800, 190, 1000, 300)}",ok_cylinder_inside_confirmed
2026-09-06 23:16:23,2026-09-06,219456,1,123,96.5435791015625,,32.73652648925781,0.7679311633110046,862.4000854492188,200.11544799804688,1041.42333984375,315.1384582519531,179.02325439453125,115.02301025390625,20591.793625909835,951.9117431640625,257.626953125,1920,1080,873.3111572265625,228.17251586914062,969.5885620117188,235.33663940429688,96.27740478515625,7.16412353515625,4.2556085424128085,left,False,"{'safe_roi': (450, 80, 1500, 420), 'cylinder_roi': (800, 190, 1000, 300)}",ok_cylinder_inside_confirmed
2026-09-06 23:16:28,2026-09-06,219559,1,123,98.37667846679688,,33.416259765625,0.7773059606552124,862.3800048828125,201.0889892578125,1040.8978271484375,315.8992919921875,178.517822265625,114.810302734375,20495.685217797756,951.638916015625,258.494140625,1920,1080,872.5614013671875,226.94021606445312,970.61083984375,234.95761108398438,98.0494384765625,8.01739501953125,4.674613151977031,left,False,"{'safe_roi': (450, 80, 1500, 420), 'cylinder_roi': (800, 190, 1000, 300)}",ok_cylinder_inside_confirmed
2026-09-06 23:16:33,2026-09-06,219658,1,123,107.0594482421875,,40.75807189941406,0.7622194886207581,862.6863403320312,201.52447509765625,1041.9456787109375,314.0416259765625,179.25933837890625,112.51715087890625,20169.750022832304,952.3160400390625,257.7830505371094,1920,1080,866.564208984375,231.33734130859375,973.5662841796875,234.8418426513672,107.0020751953125,3.5045013427734375,1.8758644334887726,left,False,"{'safe_roi': (450, 80, 1500, 420), 'cylinder_roi': (800, 190, 1000, 300)}",ok_cylinder_inside_confirmed
2026-09-06 23:16:38,2026-09-06,219749,1,123,97.34101867675781,,35.653839111328125,0.7658995389938354,862.677001953125,200.86273193359375,1042.5555419921875,313.50433349609375,179.8785400390625,112.6416015625,20261.80683672428,952.6162719726562,257.18353271484375,1920,1080,872.6434326171875,228.53298950195312,969.7548828125,235.21429443359375,97.1114501953125,6.681304931640625,3.9357693946083336,left,False,"{'safe_roi': (450, 80, 1500, 420), 'cylinder_roi': (800, 190, 1000, 300)}",ok_cylinder_inside_confirmed
2026-09-06 23:16:43,2026-09-06,219843,1,123,105.00440979003906,,38.13385009765625,0.7726792693138123,862.0534057617188,200.2123260498047,1042.442138671875,313.55999755859375,180.38873291015625,113.34767150878906,20446.642841787077,952.247802734375,256.88616943359375,1920,1080,868.8922729492188,229.359375,973.742431640625,235.04885864257812,104.85015869140625,5.689483642578125,3.105994485112235,left,False,"{'safe_roi': (450, 80, 1500, 420), 'cylinder_roi': (800, 190, 1000, 300)}",ok_cylinder_inside_confirmed
2026-09-06 23:16:48,2026-09-06,219945,1,123,99.05780029296875,,32.729522705078125,0.776335597038269,861.5962524414062,200.8639678955078,1040.8516845703125,315.49798583984375,179.25543212890625,114.63401794433594,20548.77042328473,951.2239990234375,258.18096923828125,1920,1080,873.5576782226562,226.80032348632812,972.1793823242188,236.08514404296875,98.6217041015625,9.284820556640625,5.3783050694157115,left,False,"{'safe_roi': (450, 80, 1500, 420), 'cylinder_roi': (800, 190, 1000, 300)}",ok_cylinder_inside_confirmed
2026-09-06 23:16:53,2026-09-06,220037,1,123,97.51826477050781,,32.97633361816406,0.7738931179046631,861.6258544921875,200.05653381347656,1041.88330078125,314.9221496582031,180.2574462890625,114.86561584472656,20705.382578590885,951.7545776367188,257.4893493652344,1920,1080,873.1309814453125,226.95950317382812,970.2401123046875,235.88302612304688,97.109130859375,8.92352294921875,5.250261727168553,left,False,"{'safe_roi': (450, 80, 1500, 420), 'cylinder_roi': (800, 190, 1000, 300)}",ok_cylinder_inside_confirmed
2026-09-06 23:16:58,2026-09-06,220129,1,123,114.0711441040039,,39.97088623046875,0.7870638370513916,863.8576049804688,201.4932403564453,1040.889892578125,313.47137451171875,177.03228759765625,111.97813415527344,19823.7452504253,952.373779296875,257.4822998046875,1920,1080,866.1109619140625,232.09912109375,979.982421875,238.845703125,113.8714599609375,6.74658203125,3.3906593504918625,left,False,"{'safe_roi': (450, 80, 1500, 420), 'cylinder_roi': (800, 190, 1000, 300)}",ok_cylinder_inside_confirmed
2026-09-06 23:17:03,2026-09-06,220224,1,123,114.93344116210938,,39.98371887207031,0.7832598686218262,863.1558837890625,202.1014404296875,1040.64794921875,313.25775146484375,177.4920654296875,111.15631103515625,19729.363231174648,951.9019165039062,257.6795959472656,1920,1080,864.5697631835938,231.65614318847656,979.3492431640625,237.60308837890625,114.77947998046875,5.9469451904296875,2.9659522115549404,left,False,"{'safe_roi': (450, 80, 1500, 420), 'cylinder_roi': (800, 190, 1000, 300)}",ok_cylinder_inside_confirmed
2026-09-06 23:17:08,2026-09-06,220324,1,123,117.19988250732422,,41.65193176269531,0.7839093208312988,862.8958740234375,202.5250701904297,1037.5604248046875,315.1271667480469,174.66455078125,112.60209655761719,19667.594612263143,950.2281494140625,258.82611083984375,1920,1080,862.2014770507812,230.78570556640625,979.1763916015625,238.04393005371094,116.97491455078125,7.2582244873046875,3.5506172315472835,left,False,"{'safe_roi': (450, 80, 1500, 420), 'cylinder_roi': (800, 190, 1000, 300)}",ok_cylinder_inside_confirmed
2026-09-06 23:17:13,2026-09-06,220423,1,123,116.17581939697266,,42.045379638671875,0.780441164970398,864.1212158203125,201.81756591796875,1039.9071044921875,313.17041015625,175.785888671875,111.35284423828125,19574.258680567145,952.01416015625,257.4939880371094,1920,1080,861.7509765625,235.82028198242188,977.841064453125,240.28253173828125,116.090087890625,4.462249755859375,2.201241128043371,left,False,"{'safe_roi': (450, 80, 1500, 420), 'cylinder_roi': (800, 190, 1000, 300)}",ok_cylinder_inside_confirmed
2026-09-06 23:17:18,2026-09-06,220522,1,123,118.60049438476562,,41.153228759765625,0.7957987785339355,863.2363891601562,201.2913055419922,1044.2232666015625,314.0477294921875,180.98687744140625,112.75642395019531,20407.433082205243,953.7298583984375,257.6695251464844,1920,1080,862.900634765625,236.01522827148438,981.463134765625,239.01715087890625,118.5625,3.001922607421875,1.4503806508358168,left,False,"{'safe_roi': (450, 80, 1500, 420), 'cylinder_roi': (800, 190, 1000, 300)}",ok_cylinder_inside_confirmed
2026-09-06 23:17:24,2026-09-06,220640,1,123,119.3877182006836,,41.71955871582031,0.7914423942565918,864.168701171875,202.17831420898438,1044.347412109375,316.4126281738281,180.1787109375,114.23431396484375,20582.5914350152,954.258056640625,259.29547119140625,1920,1080,862.8324584960938,236.66766357421875,982.1741943359375,239.9808349609375,119.34173583984375,3.31317138671875,1.590239901895821,left,False,"{'safe_roi': (450, 80, 1500, 420), 'cylinder_roi': (800, 190, 1000, 300)}",ok_cylinder_inside_confirmed
2026-09-06 23:17:29,2026-09-06,220732,1,123,115.69749450683594,,41.963470458984375,0.7835944294929504,864.9886474609375,203.57928466796875,1039.660888671875,315.41546630859375,174.6722412109375,111.836181640625,19534.67649564147,952.3247680664062,259.49737548828125,1920,1080,866.2149658203125,240.01922607421875,981.9097900390625,240.804931640625,115.69482421875,0.78570556640625,0.3891005595401204,left,False,"{'safe_roi': (450, 80, 1500, 420), 'cylinder_roi': (800, 190, 1000, 300)}",ok_cylinder_inside_confirmed
2026-09-06 23:17:34,2026-09-06,220831,1,123,115.83748626708984,,43.466400146484375,0.7825469970703125,865.2296752929688,203.30181884765625,1040.245849609375,313.66424560546875,175.01617431640625,110.3624267578125,19315.20971942693,952.73779296875,258.4830322265625,1920,1080,865.099853515625,240.45571899414062,980.93603515625,241.0060272216797,115.836181640625,0.5503082275390625,0.27219562331114655,left,False,"{'safe_roi': (450, 80, 1500, 420), 'cylinder_roi': (800, 190, 1000, 300)}",ok_cylinder_inside_confirmed
2026-09-06 23:17:39,2026-09-06,220926,1,123,118.88932037353516,,41.937835693359375,0.7830138802528381,862.5970458984375,204.23236083984375,1036.5224609375,312.94049072265625,173.9254150390625,108.7081298828125,18907.106607988477,949.5597534179688,258.58642578125,1920,1080,861.273193359375,239.5170135498047,980.1597900390625,240.32186889648438,118.8865966796875,0.8048553466796875,0.3878831699907834,left,False,"{'safe_roi': (450, 80, 1500, 420), 'cylinder_roi': (800, 190, 1000, 300)}",ok_cylinder_inside_confirmed
2026-09-06 23:17:44,2026-09-06,221027,1,123,117.22991943359375,,42.515625,0.7889124155044556,863.4155883789062,204.7353515625,1038.6802978515625,313.78466796875,175.26470947265625,109.04931640625,19112.496758133173,951.0479736328125,259.260009765625,1920,1080,863.6954345703125,240.0604248046875,980.9078369140625,242.08702087402344,117.21240234375,2.0265960693359375,0.990542218275458,left,False,"{'safe_roi': (450, 80, 1500, 420), 'cylinder_roi': (800, 190, 1000, 300)}",ok_cylinder_inside_confirmed
2026-09-06 23:17:49,2026-09-06,221125,1,123,116.52912139892578,,44.032989501953125,0.7871214151382446,863.279296875,205.02809143066406,1039.43701171875,313.7540588378906,176.15771484375,108.72596740722656,19152.917962633073,951.358154296875,259.3910827636719,1920,1080,863.6338500976562,241.89971923828125,980.1629638671875,241.92971801757812,116.52911376953125,0.029998779296875,0.014749991231243305,left,False,"{'safe_roi': (450, 80, 1500, 420), 'cylinder_roi': (800, 190, 1000, 300)}",ok_cylinder_inside_confirmed
2026-09-06 23:17:54,2026-09-06,221221,1,123,115.83590698242188,,42.03468322753906,0.7836406230926514,863.841796875,205.37794494628906,1038.0181884765625,313.0482177734375,174.1763916015625,107.67027282714844,18753.61960378848,950.9299926757812,259.21307373046875,1920,1080,863.0262451171875,239.3259735107422,978.8482666015625,241.1192626953125,115.822021484375,1.7932891845703125,0.8870479989672208,left,False,"{'safe_roi': (450, 80, 1500, 420), 'cylinder_roi': (800, 190, 1000, 300)}",ok_cylinder_inside_confirmed
2026-09-06 23:17:59,2026-09-06,221310,1,123,117.49354553222656,,42.7681884765625,0.7864630222320557,863.8675537109375,206.02516174316406,1038.62939453125,313.79119873046875,174.7618408203125,107.76603698730469,18833.39100181125,951.2484741210938,259.9081726074219,1920,1080,861.1690673828125,238.37478637695312,978.6215209960938,241.4818115234375,117.45245361328125,3.107025146484375,1.515318875924624,left,False,"{'safe_roi': (450, 80, 1500, 420), 'cylinder_roi': (800, 190, 1000, 300)}",ok_cylinder_inside_confirmed
2026-09-06 23:18:04,2026-09-06,221411,1,123,115.10469818115234,,44.843658447265625,0.772443413734436,861.4178466796875,206.36326599121094,1037.9520263671875,314.34906005859375,176.5341796875,107.98579406738281,19063.18357358873,949.6849365234375,260.3561706542969,1920,1080,863.3056030273438,241.30157470703125,978.400634765625,242.7930908203125,115.09503173828125,1.49151611328125,0.7424542464476502,left,False,"{'safe_roi': (450, 80, 1500, 420), 'cylinder_roi': (800, 190, 1000, 300)}",ok_cylinder_inside_confirmed
2026-09-06 23:18:09,2026-09-06,221504,1,123,113.56147766113281,,41.563232421875,0.7815779447555542,861.2025756835938,206.5329132080078,1037.879150390625,314.7646789550781,176.67657470703125,108.23176574707031,19122.017646686174,949.5408935546875,260.6488037109375,1920,1080,865.2069091796875,241.13258361816406,978.757568359375,242.69979858398438,113.5506591796875,1.5672149658203125,0.7907404737830201,left,False,"{'safe_roi': (450, 80, 1500, 420), 'cylinder_roi': (800, 190, 1000, 300)}",ok_cylinder_inside_confirmed
2026-09-06 23:18:14,2026-09-06,221607,1,123,108.04572296142578,,43.76490783691406,0.7725548148155212,861.1920776367188,205.161376953125,1039.343017578125,314.463134765625,178.15093994140625,109.3017578125,19472.21089154482,950.267578125,259.812255859375,1920,1080,868.38623046875,244.271728515625,976.4234008789062,242.9121551513672,108.03717041015625,1.3595733642578125,0.7209898566616697,left,False,"{'safe_roi': (450, 80, 1500, 420), 'cylinder_roi': (800, 190, 1000, 300)}",ok_cylinder_inside_confirmed
2026-09-06 23:18:19,2026-09-06,221698,1,123,108.4086685180664,,40.34571838378906,0.7840982675552368,860.6015625,205.21109008789062,1037.5130615234375,313.0634460449219,176.9114990234375,107.85235595703125,19080.321965567768,949.0573120117188,259.13726806640625,1920,1080,867.4367065429688,242.81069946289062,975.843994140625,242.26406860351562,108.40728759765625,0.546630859375,0.28890470789921435,left,False,"{'safe_roi': (450, 80, 1500, 420), 'cylinder_roi': (800, 190, 1000, 300)}",ok_cylinder_inside_confirmed
2026-09-06 23:18:24,2026-09-06,221799,1,123,113.7353515625,,44.75349426269531,0.7738159894943237,860.8088989257812,206.16326904296875,1037.740478515625,313.97296142578125,176.93157958984375,107.8096923828125,19074.93916838616,949.274658203125,260.068115234375,1920,1080,864.3857421875,243.0091552734375,978.1183471679688,242.2183380126953,113.73260498046875,0.7908172607421875,0.3983884938301573,left,False,"{'safe_roi': (450, 80, 1500, 420), 'cylinder_roi': (800, 190, 1000, 300)}",ok_cylinder_inside_confirmed
2026-09-06 23:18:29,2026-09-06,221888,1,123,116.16092681884766,,43.79829406738281,0.7830570340156555,861.66357421875,204.85272216796875,1039.7347412109375,313.71868896484375,178.0711669921875,108.865966796875,19385.889753252268,950.6991577148438,259.28570556640625,1920,1080,864.790283203125,241.48828125,980.9505615234375,241.10037231445312,116.1602783203125,0.387908935546875,0.19133444363286495,left,False,"{'safe_roi': (450, 80, 1500, 420), 'cylinder_roi': (800, 190, 1000, 300)}",ok_cylinder_inside_confirmed
2026-09-06 23:18:34,2026-09-06,221983,1,123,112.00249481201172,,44.19830322265625,0.7769211530685425,862.6116943359375,206.02340698242188,1038.310302734375,313.7890930175781,175.6986083984375,107.76568603515625,18934.281069479883,950.4609985351562,259.90625,1920,1080,866.1668701171875,242.82469177246094,978.15869140625,241.27847290039062,111.9918212890625,1.5462188720703125,0.7910058615181327,left,False,"{'safe_roi': (450, 80, 1500, 420), 'cylinder_roi': (800, 190, 1000, 300)}",ok_cylinder_inside_confirmed
2026-09-06 23:18:39,2026-09-06,222078,1,123,113.87548828125,,45.473297119140625,0.7792783975601196,861.765869140625,203.33462524414062,1039.0860595703125,314.3470153808594,177.3201904296875,111.01239013671875,19684.73815909773,950.4259643554688,258.8408203125,1920,1080,864.5621337890625,242.1659698486328,978.4373168945312,241.9031982421875,113.87518310546875,0.2627716064453125,0.13221210181275928,left,False,"{'safe_roi': (450, 80, 1500, 420), 'cylinder_roi': (800, 190, 1000, 300)}",ok_cylinder_inside_confirmed
2026-09-06 23:18:44,2026-09-06,222179,1,123,116.34500885009766,,44.8311767578125,0.7790088057518005,861.0989990234375,201.80162048339844,1039.750244140625,314.82958984375,178.6512451171875,113.02796936035156,20192.587459294125,950.4246215820312,258.31561279296875,1920,1080,862.462646484375,240.83279418945312,978.807373046875,240.5779571533203,116.3447265625,0.2548370361328125,0.12549828183048434,left,False,"{'safe_roi': (450, 80, 1500, 420), 'cylinder_roi': (800, 190, 1000, 300)}",ok_cylinder_inside_confirmed
2026-09-06 23:18:49,2026-09-06,222274,1,123,115.458740234375,,44.51617431640625,0.7895420789718628,859.1282958984375,201.12136840820312,1038.27685546875,314.0829772949219,179.1485595703125,112.96160888671875,20236.909518800676,948.7025756835938,257.6021728515625,1920,1080,862.3279418945312,241.79649353027344,977.7783203125,240.40672302246094,115.45037841796875,1.3897705078125,0.6896827861757604,left,False,"{'safe_roi': (450, 80, 1500, 420), 'cylinder_roi': (800, 190, 1000, 300)}",ok_cylinder_inside_confirmed
2026-09-06 23:21:53,2026-09-06,225815,1,124,96.14642333984375,,38.05720520019531,0.7411563396453857,879.6389770507812,199.22390747070312,1037.012939453125,316.9766540527344,157.37396240234375,117.75274658203125,18531.216313373297,958.325927734375,258.10028076171875,1920,1080,875.0974731445312,222.98995971679688,970.8511352539062,231.67160034179688,95.753662109375,8.681640625,5.180637889820411,left,False,"{'safe_roi': (450, 80, 1500, 420), 'cylinder_roi': (800, 190, 1000, 300)}",ok_cylinder_inside_confirmed
2026-09-06 23:21:58,2026-09-06,225905,1,124,91.28170776367188,,36.02311706542969,0.7701514363288879,850.96533203125,197.42562866210938,1024.84716796875,304.4155578613281,173.8818359375,106.98992919921875,18603.605315983295,937.90625,250.92059326171875,1920,1080,861.5521850585938,226.9927978515625,952.7015991210938,231.905517578125,91.1494140625,4.9127197265625,3.0851105827135403,left,False,"{'safe_roi': (450, 80, 1500, 420), 'cylinder_roi': (800, 190, 1000, 300)}",ok_cylinder_inside_confirmed
2026-09-06 23:22:03,2026-09-06,225996,1,124,84.9505844116211,,36.698333740234375,0.7717788815498352,859.8564453125,194.4144744873047,1028.71630859375,304.8664855957031,168.85986328125,110.45201110839844,18650.911494903266,944.286376953125,249.64047241210938,1920,1080,867.7669677734375,213.83746337890625,952.5770263671875,218.72171020507812,84.81005859375,4.884246826171875,3.2960472253845596,left,False,"{'safe_roi': (450, 80, 1500, 420), 'cylinder_roi': (800, 190, 1000, 300)}",ok_cylinder_inside_confirmed
2026-09-06 23:22:08,2026-09-06,226087,1,124,91.54952239990234,,38.04084777832031,0.7626333832740784,858.011474609375,194.00167846679688,1026.6622314453125,306.921142578125,168.6507568359375,112.91946411132812,19043.95308388397,942.3368530273438,250.46141052246094,1920,1080,867.66552734375,215.52560424804688,958.8860473632812,223.28004455566406,91.22052001953125,7.7544403076171875,4.858897007916208,left,False,"{'safe_roi': (450, 80, 1500, 420), 'cylinder_roi': (800, 190, 1000, 300)}",ok_cylinder_inside_confirmed
2026-09-06 23:22:13,2026-09-06,226178,1,124,107.48768615722656,,36.766571044921875,0.7674671411514282,857.7442626953125,193.7792205810547,1026.402099609375,303.58349609375,168.6578369140625,109.80427551269531,18519.351591886953,942.0731811523438,248.68136596679688,1920,1080,856.9282836914062,209.12136840820312,962.9964599609375,226.53240966796875,106.06817626953125,17.411041259765625,9.321941741417229,left,False,"{'safe_roi': (450, 80, 1500, 420), 'cylinder_roi': (800, 190, 1000, 300)}",ok_cylinder_inside_confirmed
2026-09-06 23:22:18,2026-09-06,226284,1,124,107.85711669921875,,36.31150817871094,0.7718991041183472,859.3571166992188,194.98670959472656,1026.742431640625,304.47674560546875,167.38531494140625,109.49003601074219,18327.024160603993,943.0498046875,249.73171997070312,1920,1080,857.4507446289062,207.88583374023438,963.92431640625,225.10606384277344,106.47357177734375,17.220230102539062,9.18703427270585,left,False,"{'safe_roi': (450, 80, 1500, 420), 'cylinder_roi': (800, 190, 1000, 300)}",ok_cylinder_inside_confirmed
2026-09-06 23:22:23,2026-09-06,226376,1,124,104.95823669433594,,33.21049499511719,0.7797298431396484,860.0017700195312,194.78512573242188,1027.0306396484375,304.2215270996094,167.02886962890625,109.4364013671875,18279.03841661662,943.5162353515625,249.50332641601562,1920,1080,857.62841796875,207.02491760253906,961.1863403320312,224.11257934570312,103.55792236328125,17.087661743164062,9.369710714076634,left,False,"{'safe_roi': (450, 80, 1500, 420), 'cylinder_roi': (800, 190, 1000, 300)}",ok_cylinder_inside_confirmed
2026-09-06 23:22:29,2026-09-06,226472,1,124,87.34417724609375,,22.938461303710938,0.7513881325721741,864.7440185546875,195.63427734375,1026.71728515625,307.226806640625,161.9732666015625,111.592529296875,18075.00649854541,945.7306518554688,251.4305419921875,1920,1080,877.5556030273438,207.41006469726562,963.1908569335938,224.60333251953125,85.63525390625,17.193267822265625,11.352525825888117,left,False,"{'safe_roi': (450, 80, 1500, 420), 'cylinder_roi': (800, 190, 1000, 300)}",ok_cylinder_inside_confirmed
2026-09-06 23:22:34,2026-09-06,226561,1,124,86.61273956298828,,37.37223815917969,0.7607983946800232,879.8883666992188,196.01547241210938,1040.8682861328125,303.7075500488281,160.97991943359375,107.69207763671875,17336.261981595308,960.3782958984375,249.86151123046875,1920,1080,890.8756103515625,214.32562255859375,977.3572387695312,219.08953857421875,86.48162841796875,4.763916015625,3.1530014087377456,left,False,"{'safe_roi': (450, 80, 1500, 420), 'cylinder_roi': (800, 190, 1000, 300)}",ok_cylinder_inside_confirmed
2026-09-06 23:22:47,2026-09-06,226804,1,124,99.20205688476562,,33.59869384765625,0.7972727417945862,839.1353149414062,193.791259765625,1034.22607421875,300.8011474609375,195.09075927734375,107.0098876953125,20876.6402406618,936.6806640625,247.29620361328125,1920,1080,856.078369140625,232.57225036621094,955.0337524414062,225.580810546875,98.95538330078125,6.9914398193359375,4.041371334324958,left,False,"{'safe_roi': (450, 80, 1500, 420), 'cylinder_roi': (800, 190, 1000, 300)}",ok_cylinder_inside_confirmed
2026-09-06 23:22:52,2026-09-06,226904,1,124,105.40257263183594,,40.247802734375,0.7807078957557678,848.037841796875,189.53602600097656,1038.71826171875,299.5114440917969,190.680419921875,109.97541809082031,20970.158902641386,943.3780517578125,244.52374267578125,1920,1080,861.43701171875,213.9026336669922,966.5621337890625,221.54530334472656,105.1251220703125,7.642669677734375,4.158127642058588,left,False,"{'safe_roi': (450, 80, 1500, 420), 'cylinder_roi': (800, 190, 1000, 300)}",ok_cylinder_inside_confirmed
2026-09-06 23:22:57,2026-09-06,226996,1,124,106.6156005859375,,40.68174743652344,0.7723804712295532,845.4467163085938,189.16000366210938,1040.2254638671875,298.87786865234375,194.77874755859375,109.71786499023438,21370.708327600732,942.8360595703125,244.01893615722656,1920,1080,861.3487548828125,216.27064514160156,967.6638793945312,224.26943969726562,106.31512451171875,7.9987945556640625,4.302636692010636,left,False,"{'safe_roi': (450, 80, 1500, 420), 'cylinder_roi': (800, 190, 1000, 300)}",ok_cylinder_inside_confirmed
2026-09-06 23:23:02,2026-09-06,227089,1,124,105.68792724609375,,38.96351623535156,0.7769549489021301,845.9658813476562,191.9947509765625,1038.2947998046875,301.4165954589844,192.32891845703125,109.42184448242188,21044.98500487767,942.13037109375,246.70567321777344,1920,1080,861.3762817382812,217.23501586914062,967.009521484375,220.63455200195312,105.63323974609375,3.3995361328125,1.8432821909704793,left,False,"{'safe_roi': (450, 80, 1500, 420), 'cylinder_roi': (800, 190, 1000, 300)}",ok_cylinder_inside_confirmed
2026-09-06 23:23:07,2026-09-06,227179,1,124,105.8211441040039,,39.52711486816406,0.7780253887176514,845.5879516601562,188.57135009765625,1038.546630859375,297.4629211425781,192.95867919921875,108.89157104492188,21011.573724756017,942.0672607421875,243.0171356201172,1920,1080,860.286865234375,217.87022399902344,966.0001220703125,222.6474609375,105.7132568359375,4.7772369384765625,2.5874656097637625,left,False,"{'safe_roi': (450, 80, 1500, 420), 'cylinder_roi': (800, 190, 1000, 300)}",ok_cylinder_inside_confirmed
2026-09-06 23:23:12,2026-09-06,227272,1,124,105.5684585571289,,40.010711669921875,0.7787222862243652,848.3153686523438,190.65673828125,1035.4415283203125,299.8490295410156,187.12615966796875,109.19229125976562,20432.73412878625,941.87841796875,245.2528839111328,1920,1080,860.3199462890625,217.98114013671875,965.7731323242188,222.91310119628906,105.45318603515625,4.9319610595703125,2.6777264783623758,left,False,"{'safe_roi': (450, 80, 1500, 420), 'cylinder_roi': (800, 190, 1000, 300)}",ok_cylinder_inside_confirmed
2026-09-06 23:23:17,2026-09-06,227373,1,124,104.19755554199219,,39.263702392578125,0.77415531873703,846.2450561523438,190.72218322753906,1041.1114501953125,297.8668212890625,194.86639404296875,107.14463806152344,20878.889260088094,943.67822265625,244.29449462890625,1920,1080,858.4847412109375,218.00912475585938,962.5650634765625,222.95045471191406,104.080322265625,4.9413299560546875,2.7181403641461714,left,False,"{'safe_roi': (450, 80, 1500, 420), 'cylinder_roi': (800, 190, 1000, 300)}",ok_cylinder_inside_confirmed
2026-09-06 23:23:22,2026-09-06,227462,1,124,104.24642181396484,,40.66961669921875,0.7753161787986755,847.2595825195312,189.97743225097656,1040.584228515625,299.0604553222656,193.32464599609375,109.08302307128906,21088.436819440685,943.921875,244.51895141601562,1920,1080,858.9470825195312,219.471435546875,963.0731811523438,224.47857666015625,104.1260986328125,5.00714111328125,2.753077578423679,left,False,"{'safe_roi': (450, 80, 1500, 420), 'cylinder_roi': (800, 190, 1000, 300)}",ok_cylinder_inside_confirmed
2026-09-06 23:23:27,2026-09-06,227551,1,124,103.40894317626953,,39.39997863769531,0.7798845171928406,847.844970703125,192.7240753173828,1039.156005859375,300.28118896484375,191.31103515625,107.55711364746094,20576.862750314176,943.50048828125,246.50262451171875,1920,1080,859.1187133789062,219.5014190673828,962.385498046875,224.921875,103.26678466796875,5.4204559326171875,3.004688241231981,left,False,"{'safe_roi': (450, 80, 1500, 420), 'cylinder_roi': (800, 190, 1000, 300)}",ok_cylinder_inside_confirmed
2026-09-06 23:23:32,2026-09-06,227659,1,124,105.47706604003906,,39.79994201660156,0.7805295586585999,845.7138061523438,190.572265625,1037.056884765625,299.2892150878906,191.34307861328125,108.71694946289062,20802.235807674006,941.3853759765625,244.9307403564453,1920,1080,860.66259765625,216.75863647460938,965.892333984375,223.97769165039062,105.229736328125,7.21905517578125,3.924502261222862,left,False,"{'safe_roi': (450, 80, 1500, 420), 'cylinder_roi': (800, 190, 1000, 300)}",ok_cylinder_inside_confirmed
2026-09-06 23:23:37,2026-09-06,227752,1,124,108.81853485107422,,38.77685546875,0.7849834561347961,845.9298095703125,190.996826171875,1034.39306640625,299.941162109375,188.4632568359375,108.9443359375,20532.00436460972,940.1614379882812,245.468994140625,1920,1080,859.0633544921875,216.80072021484375,967.6073608398438,224.52554321289062,108.54400634765625,7.724822998046875,4.070743295840702,left,False,"{'safe_roi': (450, 80, 1500, 420), 'cylinder_roi': (800, 190, 1000, 300)}",ok_cylinder_inside_confirmed
2026-09-06 23:23:42,2026-09-06,227857,1,124,100.45973205566406,,38.34605407714844,0.7770045399665833,845.986572265625,190.31863403320312,1034.79931640625,301.0964050292969,188.812744140625,110.77777099609375,20916.2549315542,940.3929443359375,245.70751953125,1920,1080,860.6531982421875,214.53213500976562,960.9147338867188,220.83946228027344,100.26153564453125,6.3073272705078125,3.5996619557037635,left,False,"{'safe_roi': (450, 80, 1500, 420), 'cylinder_roi': (800, 190, 1000, 300)}",ok_cylinder_inside_confirmed
2026-09-06 23:23:47,2026-09-06,227949,1,124,100.1623764038086,,39.35014343261719,0.7773800492286682,846.7391967773438,190.93093872070312,1034.571533203125,301.34619140625,187.83233642578125,110.41525268554688,20739.554888969287,940.6553955078125,246.13856506347656,1920,1080,861.8126220703125,216.12315368652344,961.7251586914062,223.19326782226562,99.91253662109375,7.0701141357421875,4.04767601971835,left,False,"{'safe_roi': (450, 80, 1500, 420), 'cylinder_roi': (800, 190, 1000, 300)}",ok_cylinder_inside_confirmed
2026-09-06 23:23:52,2026-09-06,228041,1,124,107.20701599121094,,38.231292724609375,0.769645631313324,846.3966064453125,189.16954040527344,1036.0325927734375,298.58392333984375,189.635986328125,109.41438293457031,20748.90442628041,941.214599609375,243.87673950195312,1920,1080,859.37353515625,216.24099731445312,966.4518432617188,221.49264526367188,107.07830810546875,5.25164794921875,2.8078175306573496,left,False,"{'safe_roi': (450, 80, 1500, 420), 'cylinder_roi': (800, 190, 1000, 300)}",ok_cylinder_inside_confirmed
2026-09-06 23:23:57,2026-09-06,228140,1,124,105.91641235351562,,38.12077331542969,0.7831916809082031,847.0751342773438,191.51263427734375,1034.2249755859375,300.154541015625,187.14984130859375,108.64190673828125,20332.315605532378,940.6500244140625,245.83358764648438,1920,1080,859.2535400390625,215.0196533203125,964.969482421875,221.53317260742188,105.7159423828125,6.513519287109375,3.5257311631837105,left,False,"{'safe_roi': (450, 80, 1500, 420), 'cylinder_roi': (800, 190, 1000, 300)}",ok_cylinder_inside_confirmed
2026-09-06 23:24:02,2026-09-06,228232,1,124,104.7291259765625,,37.631744384765625,0.7799317836761475,846.2705078125,191.41421508789062,1035.595703125,300.7786560058594,189.3251953125,109.36444091796875,20705.4441370368,940.93310546875,246.096435546875,1920,1080,859.5992431640625,215.0662841796875,964.11181640625,221.79771423339844,104.5125732421875,6.7314300537109375,3.6852076803336002,left,False,"{'safe_roi': (450, 80, 1500, 420), 'cylinder_roi': (800, 190, 1000, 300)}",ok_cylinder_inside_confirmed
2026-09-06 23:24:07,2026-09-06,228328,1,124,101.84317779541016,,39.17857360839844,0.781159520149231,848.4608154296875,190.06149291992188,1035.353515625,300.532958984375,186.8927001953125,110.47146606445312,20646.310587320477,941.9071655273438,245.29722595214844,1920,1080,860.2910766601562,215.6229248046875,961.9925537109375,220.993408203125,101.70147705078125,5.3704833984375,3.0227731727020033,left,False,"{'safe_roi': (450, 80, 1500, 420), 'cylinder_roi': (800, 190, 1000, 300)}",ok_cylinder_inside_confirmed
2026-09-06 23:24:12,2026-09-06,228427,1,124,96.94837188720703,,38.86256408691406,0.7816307544708252,850.024658203125,191.75103759765625,1030.3948974609375,301.3996276855469,180.3702392578125,109.64859008789062,19777.34242843464,940.2097778320312,246.57533264160156,1920,1080,863.5439453125,214.45310974121094,960.3065795898438,220.45138549804688,96.76263427734375,5.9982757568359375,3.5472027453208064,left,False,"{'safe_roi': (450, 80, 1500, 420), 'cylinder_roi': (800, 190, 1000, 300)}",ok_cylinder_inside_confirmed
2026-09-06 23:24:17,2026-09-06,228518,1,124,102.55484771728516,,39.424774169921875,0.785391628742218,850.9671020507812,190.8662109375,1035.4222412109375,300.5628662109375,184.45513916015625,109.6966552734375,20234.111813865602,943.1947021484375,245.71453857421875,1920,1080,861.7276611328125,215.18174743652344,964.073974609375,221.71853637695312,102.3463134765625,6.5367889404296875,3.6544783622973847,left,False,"{'safe_roi': (450, 80, 1500, 420), 'cylinder_roi': (800, 190, 1000, 300)}",ok_cylinder_inside_confirmed
2026-09-06 23:24:22,2026-09-06,228614,1,124,101.5596923828125,,38.041717529296875,0.7802722454071045,849.9204711914062,190.1573944091797,1035.31884765625,300.38250732421875,185.39837646484375,110.22511291503906,20435.556980102323,942.61962890625,245.26995849609375,1920,1080,862.938232421875,213.80218505859375,964.2359619140625,221.09194946289062,101.2977294921875,7.289764404296875,4.116123395094956,left,False,"{'safe_roi': (450, 80, 1500, 420), 'cylinder_roi': (800, 190, 1000, 300)}",ok_cylinder_inside_confirmed
2026-09-06 23:24:27,2026-09-06,228708,1,124,102.58092498779297,,38.54522705078125,0.7778125405311584,850.9403686523438,191.0051727294922,1034.642822265625,300.6883544921875,183.70245361328125,109.68318176269531,20149.06960991863,942.7916259765625,245.84677124023438,1920,1080,861.44970703125,214.7173614501953,963.8491821289062,220.8159637451172,102.39947509765625,6.098602294921875,3.4083369030560595,left,False,"{'safe_roi': (450, 80, 1500, 420), 'cylinder_roi': (800, 190, 1000, 300)}",ok_cylinder_inside_confirmed
2026-09-06 23:24:32,2026-09-06,228805,1,124,103.35198974609375,,39.3212890625,0.7810264229774475,850.0974731445312,191.1204071044922,1035.888671875,300.98089599609375,185.79119873046875,109.86048889160156,20411.111924286,942.9930419921875,246.0506591796875,1920,1080,860.982666015625,215.8319549560547,964.0989990234375,222.80728149414062,103.1163330078125,6.9753265380859375,3.869889810457487,left,False,"{'safe_roi': (450, 80, 1500, 420), 'cylinder_roi': (800, 190, 1000, 300)}",ok_cylinder_inside_confirmed
2026-09-06 23:24:37,2026-09-06,228891,1,124,102.00553894042969,,39.25543212890625,0.7858417630195618,852.4652709960938,191.3558349609375,1036.6966552734375,301.24847412109375,184.23138427734375,109.89263916015625,20245.67303436622,944.5809326171875,246.30215454101562,1920,1080,862.7355346679688,214.843505859375,964.4326171875,222.77023315429688,101.69708251953125,7.926727294921875,4.456879234204032,left,False,"{'safe_roi': (450, 80, 1500, 420), 'cylinder_roi': (800, 190, 1000, 300)}",ok_cylinder_inside_confirmed
2026-09-06 23:24:42,2026-09-06,228994,1,124,102.67878723144531,,39.87709045410156,0.7793266177177429,851.4560546875,191.79115295410156,1034.6397705078125,301.8011169433594,183.1837158203125,110.00996398925781,20152.033980811015,943.0479125976562,246.796142578125,1920,1080,861.3938598632812,215.03024291992188,963.8326416015625,222.04660034179688,102.43878173828125,7.016357421875,3.9182502604487133,left,False,"{'safe_roi': (450, 80, 1500, 420), 'cylinder_roi': (800, 190, 1000, 300)}",ok_cylinder_inside_confirmed
2026-09-06 23:24:48,2026-09-06,229090,1,124,101.222412109375,,38.694580078125,0.7893485426902771,853.4929809570312,190.4444122314453,1037.2666015625,300.7052307128906,183.77362060546875,110.26081848144531,20263.029823257588,945.3797607421875,245.5748291015625,1920,1080,863.27392578125,213.54566955566406,964.1634521484375,221.74810791015625,100.8895263671875,8.202438354492188,4.647992038058665,left,False,"{'safe_roi': (450, 80, 1500, 420), 'cylinder_roi': (800, 190, 1000, 300)}",ok_cylinder_inside_confirmed
2026-09-06 23:24:53,2026-09-06,229182,1,124,102.32353210449219,,38.5657958984375,0.7817482948303223,852.6429443359375,192.09609985351562,1035.4334716796875,302.51214599609375,182.79052734375,110.41604614257812,20183.00730161369,944.0382080078125,247.3041229248047,1920,1080,862.3184814453125,214.6370391845703,964.3519287109375,222.33639526367188,102.033447265625,7.6993560791015625,4.3153120101042965,left,False,"{'safe_roi': (450, 80, 1500, 420), 'cylinder_roi': (800, 190, 1000, 300)}",ok_cylinder_inside_confirmed
2026-09-06 23:24:58,2026-09-06,229278,1,124,99.90377807617188,,39.77629089355469,0.7856132388114929,854.2791137695312,191.40383911132812,1035.705810546875,301.0884704589844,181.42669677734375,109.68463134765625,19899.720352645963,944.992431640625,246.24615478515625,1920,1080,863.4527587890625,214.87020874023438,963.0087890625,223.1986083984375,99.5560302734375,8.328399658203125,4.781967070344909,left,False,"{'safe_roi': (450, 80, 1500, 420), 'cylinder_roi': (800, 190, 1000, 300)}",ok_cylinder_inside_confirmed
2026-09-06 23:25:03,2026-09-06,229379,1,124,103.43206024169922,,38.35456848144531,0.7899810671806335,852.9882202148438,191.34217834472656,1036.15966796875,302.23968505859375,183.17144775390625,110.89750671386719,20313.25685707759,944.573974609375,246.79092407226562,1920,1080,863.02001953125,213.22193908691406,966.0562744140625,222.261962890625,103.0362548828125,9.040023803710938,5.014082670314422,left,False,"{'safe_roi': (450, 80, 1500, 420), 'cylinder_roi': (800, 190, 1000, 300)}",ok_cylinder_inside_confirmed
2026-09-06 23:25:08,2026-09-06,229466,1,124,101.92279815673828,,39.09156799316406,0.784033477306366,852.6156616210938,190.06732177734375,1036.2750244140625,301.431640625,183.65936279296875,111.36431884765625,20453.099837433547,944.4453125,245.74948120117188,1920,1080,863.4229736328125,213.73472595214844,965.08056640625,221.08255004882812,101.6575927734375,7.3478240966796875,4.134156916776926,left,False,"{'safe_roi': (450, 80, 1500, 420), 'cylinder_roi': (800, 190, 1000, 300)}",ok_cylinder_inside_confirmed
2026-09-06 23:25:13,2026-09-06,229561,1,124,102.19465637207031,,39.26629638671875,0.7769464254379272,851.542724609375,191.69454956054688,1037.261962890625,301.953857421875,185.71923828125,110.25930786132812,20477.2746694237,944.40234375,246.82420349121094,1920,1080,862.700439453125,215.68089294433594,964.5859985351562,223.62319946289062,101.88555908203125,7.9423065185546875,4.45737587622557,left,False,"{'safe_roi': (450, 80, 1500, 420), 'cylinder_roi': (800, 190, 1000, 300)}",ok_cylinder_inside_confirmed
2026-09-06 23:25:18,2026-09-06,229664,1,124,100.96510314941406,,38.76605224609375,0.7789832949638367,851.521240234375,191.3638153076172,1036.1630859375,301.1724548339844,184.641845703125,109.80863952636719,20275.269876297563,943.8421630859375,246.26812744140625,1920,1080,862.8819580078125,214.65298461914062,963.5385131835938,222.54034423828125,100.65655517578125,7.887359619140625,4.480491831988066,left,False,"{'safe_roi': (450, 80, 1500, 420), 'cylinder_roi': (800, 190, 1000, 300)}",ok_cylinder_inside_confirmed
2026-09-06 23:25:23,2026-09-06,229758,1,124,102.01251983642578,,39.128936767578125,0.7803142666816711,851.5831909179688,191.98944091796875,1037.247802734375,302.4512023925781,185.66461181640625,110.46176147460938,20508.84006473981,944.41552734375,247.22032165527344,1920,1080,862.2384033203125,215.9789581298828,963.99755859375,223.16429138183594,101.7591552734375,7.185333251953125,4.039018300007517,left,False,"{'safe_roi': (450, 80, 1500, 420), 'cylinder_roi': (800, 190, 1000, 300)}",ok_cylinder_inside_confirmed
2026-09-06 23:25:28,2026-09-06,229852,1,124,101.42766571044922,,38.634246826171875,0.7804501056671143,850.9972534179688,191.0535125732422,1036.0478515625,301.442138671875,185.05059814453125,110.38862609863281,20427.481287905015,943.5225830078125,246.24783325195312,1920,1080,863.0874633789062,215.7119140625,964.2674560546875,222.79571533203125,101.17999267578125,7.08380126953125,4.004850161932884,left,False,"{'safe_roi': (450, 80, 1500, 420), 'cylinder_roi': (800, 190, 1000, 300)}",ok_cylinder_inside_confirmed
2026-09-06 23:25:33,2026-09-06,229944,1,124,101.14239501953125,,38.80787658691406,0.7834563255310059,850.9995727539062,191.23770141601562,1036.4752197265625,301.7927551269531,185.47564697265625,110.5550537109375,20505.270113132894,943.7374267578125,246.51522827148438,1920,1080,863.7017822265625,215.38633728027344,964.6246337890625,222.04684448242188,100.9228515625,6.6605072021484375,3.775818316492042,left,False,"{'safe_roi': (450, 80, 1500, 420), 'cylinder_roi': (800, 190, 1000, 300)}",ok_cylinder_inside_confirmed
2026-09-06 23:25:38,2026-09-06,230042,1,124,102.50460052490234,,38.638641357421875,0.7767653465270996,846.8612060546875,192.23556518554688,1039.5263671875,302.9161071777344,192.6651611328125,110.6805419921875,21324.284457191825,943.1937866210938,247.57583618164062,1920,1080,861.370361328125,215.99530029296875,963.65283203125,222.73992919921875,102.282470703125,6.74462890625,3.772690619179293,left,False,"{'safe_roi': (450, 80, 1500, 420), 'cylinder_roi': (800, 190, 1000, 300)}",ok_cylinder_inside_confirmed
2026-09-06 23:41:14,2026-09-06,247993,1,125,115.49210357666016,,39.85664367675781,0.7837229371070862,873.5919189453125,190.20216369628906,1061.952880859375,308.7781982421875,188.3609619140625,118.57603454589844,22335.095927020535,967.7723999023438,249.49017333984375,1920,1080,873.4267578125,210.57553100585938,988.5359497070312,219.97238159179688,115.10919189453125,9.3968505859375,4.666948293223692,left,False,"{'safe_roi': (450, 80, 1500, 420), 'cylinder_roi': (800, 190, 1000, 300)}",ok_cylinder_inside_confirmed
2026-09-06 23:41:30,2026-09-06,248298,1,125,112.39202880859375,,37.78558349609375,0.7272481322288513,844.5776977539062,196.5637969970703,1025.11083984375,304.3675842285156,180.53314208984375,107.80378723144531,19462.1564380778,934.84423828125,250.4656982421875,1920,1080,848.6880493164062,251.2783203125,960.6339111328125,241.27371215820312,111.94586181640625,10.004608154296875,5.106959530750792,left,False,"{'safe_roi': (450, 80, 1500, 420), 'cylinder_roi': (800, 190, 1000, 300)}",ok_cylinder_inside_confirmed
2026-09-06 23:42:57,2026-09-06,249919,1,126,128.0299835205078,,17.674896240234375,0.8226739764213562,788.1288452148438,178.17901611328125,993.3251342773438,288.408935546875,205.1962890625,110.22991943359375,22618.77041143179,890.7269897460938,233.29397583007812,1920,1080,994.3685302734375,208.62184143066406,866.7223510742188,198.71575927734375,127.64617919921875,9.906082153320312,4.437589610233992,right,False,"{'safe_roi': (450, 80, 1500, 420), 'cylinder_roi': (800, 190, 1000, 300)}",ok_cylinder_inside_confirmed
2026-09-06 23:43:02,2026-09-06,250024,1,126,127.19186401367188,,15.781692504882812,0.8110396265983582,794.4892578125,180.01840209960938,994.7523193359375,292.2998046875,200.2630615234375,112.28140258789062,22485.817434396595,894.6207885742188,236.1591033935547,1920,1080,996.2355346679688,213.5025177001953,870.6026000976562,193.64967346191406,125.6329345703125,19.85284423828125,8.97977485880364,right,False,"{'safe_roi': (450, 80, 1500, 420), 'cylinder_roi': (800, 190, 1000, 300)}",ok_cylinder_inside_confirmed
2026-09-06 23:43:07,2026-09-06,250117,1,126,125.33621215820312,,15.825958251953125,0.813818097114563,788.4884033203125,177.58966064453125,991.1722412109375,289.35308837890625,202.683837890625,111.763427734375,22652.640469014645,889.830322265625,233.47137451171875,1920,1080,991.9033813476562,211.47654724121094,866.9578247070312,201.58843994140625,124.945556640625,9.888107299804688,4.524918600818093,right,False,"{'safe_roi': (450, 80, 1500, 420), 'cylinder_roi': (800, 190, 1000, 300)}",ok_cylinder_inside_confirmed
2026-09-06 23:43:12,2026-09-06,250219,1,126,126.39886474609375,,12.898468017578125,0.8210188150405884,791.160888671875,176.4136962890625,993.404541015625,291.81378173828125,202.24365234375,115.40008544921875,23338.93476203084,892.28271484375,234.11373901367188,1920,1080,992.3988647460938,210.63018798828125,866.2473754882812,202.72610473632812,126.1514892578125,7.904083251953125,3.5852084896477505,right,False,"{'safe_roi': (450, 80, 1500, 420), 'cylinder_roi': (800, 190, 1000, 300)}",ok_cylinder_inside_confirmed
2026-09-06 23:43:17,2026-09-06,250321,1,126,124.30267333984375,,14.428863525390625,0.7928626537322998,791.51220703125,178.54736328125,991.17626953125,291.3062744140625,199.6640625,112.7589111328125,22513.90227985382,891.34423828125,234.92681884765625,1920,1080,992.4835205078125,207.6160125732422,868.1871337890625,206.3660125732422,124.29638671875,1.25,0.5761817539480903,right,False,"{'safe_roi': (450, 80, 1500, 420), 'cylinder_roi': (800, 190, 1000, 300)}",ok_cylinder_inside_confirmed
2026-09-06 23:43:22,2026-09-06,250414,1,126,122.31729888916016,,17.165863037109375,0.794156014919281,795.6962280273438,177.118896484375,995.6304321289062,291.033935546875,199.9342041015625,113.9150390625,22775.51267015934,895.663330078125,234.076416015625,1920,1080,990.624755859375,209.47235107421875,868.316650390625,210.9720458984375,122.30810546875,1.49969482421875,0.7025035486496564,right,False,"{'safe_roi': (450, 80, 1500, 420), 'cylinder_roi': (800, 190, 1000, 300)}",ok_cylinder_inside_confirmed
2026-09-06 23:43:27,2026-09-06,250513,1,126,121.18312072753906,,16.917388916015625,0.7971029877662659,797.5492553710938,177.7438201904297,991.2874145507812,288.95501708984375,193.7381591796875,111.21119689941406,21545.85256746225,894.4183349609375,233.34942626953125,1920,1080,991.8564453125,213.66238403320312,870.6734008789062,213.52513122558594,121.18304443359375,0.1372528076171875,0.06489359362852197,right,False,"{'safe_roi': (450, 80, 1500, 420), 'cylinder_roi': (800, 190, 1000, 300)}",ok_cylinder_inside_confirmed
2026-09-06 23:44:06,2026-09-06,251247,1,127,114.5597152709961,,41.77906799316406,0.76275235414505,848.798828125,197.03509521484375,1041.4368896484375,306.9683532714844,192.6380615234375,109.93325805664062,21177.329728987068,945.1178588867188,252.00172424316406,1920,1080,855.1217041015625,241.41253662109375,969.68115234375,241.65902709960938,114.5594482421875,0.246490478515625,0.12327959440897611,left,False,"{'safe_roi': (450, 80, 1500, 420), 'cylinder_roi': (800, 190, 1000, 300)}",ok_cylinder_inside_confirmed
2026-09-06 23:44:11,2026-09-06,251341,1,127,109.74156951904297,,44.12953186035156,0.7668457627296448,856.6707153320312,198.57630920410156,1037.4281005859375,309.8460693359375,180.75738525390625,111.26976013183594,20112.830899260007,947.0494384765625,254.211181640625,1920,1080,860.9127807617188,233.8356170654297,970.4529418945312,240.4813232421875,109.5401611328125,6.6457061767578125,3.471829579020842,left,False,"{'safe_roi': (450, 80, 1500, 420), 'cylinder_roi': (800, 190, 1000, 300)}",ok_cylinder_inside_confirmed
2026-09-06 23:44:16,2026-09-06,251440,1,127,108.65167999267578,,42.91957092285156,0.7663947343826294,856.0498046875,198.63427734375,1036.38916015625,311.3538513183594,180.33935546875,112.71957397460938,20327.77531929314,946.219482421875,254.9940643310547,1920,1080,861.95654296875,233.0502471923828,970.4437255859375,239.02682495117188,108.4871826171875,5.9765777587890625,3.153247077499748,left,False,"{'safe_roi': (450, 80, 1500, 420), 'cylinder_roi': (800, 190, 1000, 300)}",ok_cylinder_inside_confirmed
2026-09-06 23:44:21,2026-09-06,251531,1,127,110.09123992919922,,40.1156005859375,0.7703866958618164,857.1052856445312,198.71519470214844,1037.246337890625,313.0081481933594,180.14105224609375,114.29295349121094,20588.852906220593,947.17578125,255.86166381835938,1920,1080,861.9721069335938,230.9632568359375,971.7576293945312,239.16207885742188,109.7855224609375,8.198822021484375,4.270941147071224,left,False,"{'safe_roi': (450, 80, 1500, 420), 'cylinder_roi': (800, 190, 1000, 300)}",ok_cylinder_inside_confirmed
2026-09-06 23:44:26,2026-09-06,251634,1,127,112.4177017211914,,43.291961669921875,0.7679644823074341,857.2951049804688,198.95716857910156,1038.519775390625,311.9817199707031,181.22467041015625,113.02455139160156,20482.83707419876,947.907470703125,255.46945190429688,1920,1080,860.14599609375,230.864501953125,972.1818237304688,240.12266540527344,112.03582763671875,9.258163452148438,4.723945864758842,left,False,"{'safe_roi': (450, 80, 1500, 420), 'cylinder_roi': (800, 190, 1000, 300)}",ok_cylinder_inside_confirmed
2026-09-06 23:44:31,2026-09-06,251727,1,127,108.32361602783203,,42.44956970214844,0.7687610387802124,859.0885620117188,199.025146484375,1035.92626953125,314.44403076171875,176.83770751953125,115.41888427734375,20410.410900067538,947.5074462890625,256.7345886230469,1920,1080,862.1951904296875,231.36175537109375,970.38037109375,236.83642578125,108.1851806640625,5.47467041015625,2.8969602039606275,left,False,"{'safe_roi': (450, 80, 1500, 420), 'cylinder_roi': (800, 190, 1000, 300)}",ok_cylinder_inside_confirmed
2026-09-06 23:44:36,2026-09-06,251824,1,127,108.65605926513672,,41.84619140625,0.7549178600311279,859.8566284179688,199.26625061035156,1038.1849365234375,315.894287109375,178.32830810546875,116.62803649902344,20798.080426533706,949.020751953125,257.58026123046875,1920,1080,862.866943359375,231.15652465820312,971.39208984375,236.4886932373047,108.525146484375,5.3321685791015625,2.8128528803928963,left,False,"{'safe_roi': (450, 80, 1500, 420), 'cylinder_roi': (800, 190, 1000, 300)}",ok_cylinder_inside_confirmed
2026-09-06 23:44:41,2026-09-06,251927,1,127,109.9421615600586,,42.792449951171875,0.7638828754425049,860.8252563476562,198.29188537597656,1039.5567626953125,315.4137268066406,178.73150634765625,117.12184143066406,20933.363145113923,950.1910400390625,256.8528137207031,1920,1080,863.7381591796875,232.675048828125,973.6441650390625,235.49447631835938,109.906005859375,2.819427490234375,1.4694908875213821,left,False,"{'safe_roi': (450, 80, 1500, 420), 'cylinder_roi': (800, 190, 1000, 300)}",ok_cylinder_inside_confirmed
2026-09-06 23:44:46,2026-09-06,252025,1,127,110.64405822753906,,40.936920166015625,0.765584409236908,861.238037109375,199.9074249267578,1042.7667236328125,313.32989501953125,181.5286865234375,113.42247009277344,20589.432018185034,952.0023803710938,256.61865234375,1920,1080,860.8402709960938,230.95993041992188,971.3192749023438,237.001220703125,110.47900390625,6.041290283203125,3.129970691571111,left,False,"{'safe_roi': (450, 80, 1500, 420), 'cylinder_roi': (800, 190, 1000, 300)}",ok_cylinder_inside_confirmed
2026-09-06 23:44:51,2026-09-06,252116,1,127,112.20252990722656,,41.230865478515625,0.7718000411987305,861.21435546875,199.97886657714844,1041.615966796875,315.70928955078125,180.401611328125,115.73042297363281,20877.954784128815,951.4151611328125,257.8440856933594,1920,1080,863.4337768554688,228.24835205078125,975.0535278320312,239.6693115234375,111.6197509765625,11.42095947265625,5.842186277917255,left,False,"{'safe_roi': (450, 80, 1500, 420), 'cylinder_roi': (800, 190, 1000, 300)}",ok_cylinder_inside_confirmed
2026-09-06 23:44:56,2026-09-06,252216,1,127,110.87936401367188,,41.71942138671875,0.7825350761413574,862.5687866210938,200.38690185546875,1045.854248046875,316.58782958984375,183.28546142578125,116.200927734375,21297.940657898784,954.2115478515625,258.48736572265625,1920,1080,863.5963134765625,229.27053833007812,974.19677734375,237.13002014160156,110.6004638671875,7.8594818115234375,4.064715550109959,left,False,"{'safe_roi': (450, 80, 1500, 420), 'cylinder_roi': (800, 190, 1000, 300)}",ok_cylinder_inside_confirmed
2026-09-06 23:46:31,2026-09-06,254038,1,128,119.50027465820312,,21.082427978515625,0.7952622175216675,774.1099243164062,184.22698974609375,972.3823852539062,295.3188171386719,198.2724609375,111.09182739257812,22026.45000717044,873.2461547851562,239.7729034423828,1920,1080,983.1390991210938,226.09054565429688,866.342041015625,200.81680297851562,116.79705810546875,25.27374267578125,12.209993544945156,right,False,"{'safe_roi': (450, 80, 1500, 420), 'cylinder_roi': (800, 190, 1000, 300)}",ok_cylinder_inside_confirmed
2026-09-06 23:46:36,2026-09-06,254128,1,128,133.4204864501953,,24.733062744140625,0.7590773701667786,776.7865600585938,186.4624481201172,969.4484252929688,294.215087890625,192.661865234375,107.75263977050781,20759.824562113732,873.1174926757812,240.33877563476562,1920,1080,985.871826171875,216.0721893310547,853.5140380859375,199.26614379882812,132.3577880859375,16.806045532226562,7.236371340949864,right,False,"{'safe_roi': (450, 80, 1500, 420), 'cylinder_roi': (800, 190, 1000, 300)}",ok_cylinder_inside_confirmed
2026-09-06 23:47:47,2026-09-06,255503,1,129,128.03518676757812,,30.290481567382812,0.8182726502418518,784.6362915039062,181.93487548828125,986.7807006835938,291.8319091796875,202.1444091796875,109.89703369140625,22215.070946149528,885.70849609375,236.88339233398438,1920,1080,994.2015991210938,232.7530517578125,872.1090698242188,194.19886779785156,122.092529296875,38.55418395996094,17.52499160433544,right,False,"{'safe_roi': (450, 80, 1500, 420), 'cylinder_roi': (800, 190, 1000, 300)}",ok_cylinder_inside_confirmed
2026-09-06 23:47:53,2026-09-06,255617,1,129,130.93067932128906,,22.763290405273438,0.8273283243179321,790.9664306640625,181.44500732421875,984.7171630859375,292.3666076660156,193.750732421875,110.92160034179688,21491.141307629645,887.841796875,236.9058074951172,1920,1080,994.6890869140625,228.1894073486328,868.2667846679688,194.12704467773438,126.42230224609375,34.06236267089844,15.079300972363706,right,False,"{'safe_roi': (450, 80, 1500, 420), 'cylinder_roi': (800, 190, 1000, 300)}",ok_cylinder_inside_confirmed
2026-09-06 23:47:58,2026-09-06,255708,1,129,108.89912414550781,,23.433822631835938,0.7927409410476685,793.0947265625,182.72430419921875,982.6163330078125,292.3430480957031,189.5216064453125,109.61874389648438,20775.120439779013,887.8555297851562,237.53367614746094,1920,1080,981.428466796875,220.2215576171875,873.1752319335938,208.3785400390625,108.25323486328125,11.843017578125,6.243389263632359,right,False,"{'safe_roi': (450, 80, 1500, 420), 'cylinder_roi': (800, 190, 1000, 300)}",ok_cylinder_inside_confirmed
2026-09-06 23:54:52,2026-09-06,263595,1,130,96.48299407958984,,36.23590087890625,0.7874451875686646,864.8198852539062,195.79910278320312,1032.5703125,308.4479064941406,167.75042724609375,112.6488037109375,18896.884951271117,948.695068359375,252.12350463867188,1920,1080,869.630859375,221.274169921875,966.0811767578125,223.78515625,96.4503173828125,2.510986328125,1.4913007324158132,left,False,"{'safe_roi': (450, 80, 1500, 420), 'cylinder_roi': (800, 190, 1000, 300)}",ok_cylinder_inside_confirmed
2026-09-06 23:54:57,2026-09-06,263694,1,130,93.28845977783203,,35.39656066894531,0.8095743060112,865.7376098632812,195.19456481933594,1033.8792724609375,307.98095703125,168.14166259765625,112.78639221191406,18964.09150490258,949.8084716796875,251.5877685546875,1920,1080,879.02392578125,216.1497344970703,971.7579345703125,226.30555725097656,92.7340087890625,10.15582275390625,6.249876088861858,left,False,"{'safe_roi': (450, 80, 1500, 420), 'cylinder_roi': (800, 190, 1000, 300)}",ok_cylinder_inside_confirmed
2026-09-06 23:55:02,2026-09-06,263794,1,130,93.58769226074219,,37.317840576171875,0.8013951182365417,865.120849609375,195.524169921875,1035.9991455078125,309.9866943359375,170.8782958984375,114.4625244140625,19559.1611161083,950.5599975585938,252.75543212890625,1920,1080,877.4820556640625,217.13229370117188,970.75341796875,224.820556640625,93.2713623046875,7.688262939453125,4.712179378609734,left,False,"{'safe_roi': (450, 80, 1500, 420), 'cylinder_roi': (800, 190, 1000, 300)}",ok_cylinder_inside_confirmed
2026-09-06 23:55:07,2026-09-06,263893,1,130,94.08296966552734,,37.46339416503906,0.8039424419403076,864.6175537109375,195.13990783691406,1037.24072265625,309.9111022949219,172.6231689453125,114.77119445800781,19812.167290979996,950.9291381835938,252.5255126953125,1920,1080,877.265625,218.303955078125,970.9150390625,227.32571411132812,93.6494140625,9.021759033203125,5.502634548528519,left,False,"{'safe_roi': (450, 80, 1500, 420), 'cylinder_roi': (800, 190, 1000, 300)}",ok_cylinder_inside_confirmed
2026-09-06 23:55:12,2026-09-06,263985,1,130,92.83588409423828,,37.649261474609375,0.8036461472511292,867.1282958984375,194.6708221435547,1039.8111572265625,311.58966064453125,172.682861328125,116.91883850097656,20189.879575509578,953.4697265625,253.1302490234375,1920,1080,877.7472534179688,218.30039978027344,970.1251831054688,227.51016235351562,92.3779296875,9.209762573242188,5.693379395322334,left,False,"{'safe_roi': (450, 80, 1500, 420), 'cylinder_roi': (800, 190, 1000, 300)}",ok_cylinder_inside_confirmed
2026-09-06 23:55:17,2026-09-06,264078,1,130,91.8690414428711,,35.322845458984375,0.7961273789405823,853.83642578125,192.08206176757812,1031.5560302734375,299.29638671875,177.7196044921875,107.21432495117188,19054.087426219136,942.6962280273438,245.68922424316406,1920,1080,866.373291015625,220.74234008789062,958.2396240234375,220.03675842285156,91.8663330078125,0.7055816650390625,0.44005301267811053,left,False,"{'safe_roi': (450, 80, 1500, 420), 'cylinder_roi': (800, 190, 1000, 300)}",ok_cylinder_inside_confirmed
2026-09-06 23:55:22,2026-09-06,264181,1,130,90.23690032958984,,34.4407958984375,0.7856852412223816,855.5314331054688,190.96768188476562,1032.8834228515625,300.3871154785156,177.35198974609375,109.41943359375,19405.754264742136,944.2073974609375,245.67739868164062,1920,1080,863.1925048828125,217.39089965820312,953.4227294921875,216.29327392578125,90.230224609375,1.097625732421875,0.6969529375475977,left,False,"{'safe_roi': (450, 80, 1500, 420), 'cylinder_roi': (800, 190, 1000, 300)}",ok_cylinder_inside_confirmed
2026-09-06 23:55:30,2026-09-06,264317,1,130,92.1928482055664,,35.05235290527344,0.7813706994056702,852.6495361328125,190.25885009765625,1032.3489990234375,302.3559265136719,179.699462890625,112.09707641601562,20143.784423567355,942.499267578125,246.30738830566406,1920,1080,863.5296630859375,218.24066162109375,955.7020874023438,216.30026245117188,92.17242431640625,1.940399169921875,1.206003470530167,left,False,"{'safe_roi': (450, 80, 1500, 420), 'cylinder_roi': (800, 190, 1000, 300)}",ok_cylinder_inside_confirmed
2026-09-06 23:55:35,2026-09-06,264418,1,130,93.1319351196289,,34.5390625,0.7897076606750488,853.59521484375,192.14031982421875,1033.0670166015625,301.2311706542969,179.4718017578125,109.09085083007812,19578.731553766876,943.3311157226562,246.6857452392578,1920,1080,863.3111572265625,216.31744384765625,956.438720703125,217.21969604492188,93.1275634765625,0.902252197265625,0.5550840554496596,left,False,"{'safe_roi': (450, 80, 1500, 420), 'cylinder_roi': (800, 190, 1000, 300)}",ok_cylinder_inside_confirmed
2026-09-06 23:55:40,2026-09-06,264510,1,130,91.5008316040039,,36.93220520019531,0.7630921006202698,857.3505859375,191.50418090820312,1029.320556640625,301.74566650390625,171.969970703125,110.24148559570312,18958.225048162043,943.3355712890625,246.6249237060547,1920,1080,863.06982421875,212.938232421875,954.4969482421875,216.6101531982422,91.4271240234375,3.6719207763671875,2.299892476455852,left,False,"{'safe_roi': (450, 80, 1500, 420), 'cylinder_roi': (800, 190, 1000, 300)}",ok_cylinder_inside_confirmed
2026-09-06 23:55:45,2026-09-06,264600,1,130,90.56855010986328,,36.14073181152344,0.7842676043510437,855.5015869140625,192.24758911132812,1031.1649169921875,302.2071533203125,175.663330078125,109.95956420898438,19315.863222889602,943.333251953125,247.2273712158203,1920,1080,864.1065063476562,217.45785522460938,954.6729736328125,218.07177734375,90.56646728515625,0.613922119140625,0.3883844503608235,left,False,"{'safe_roi': (450, 80, 1500, 420), 'cylinder_roi': (800, 190, 1000, 300)}",ok_cylinder_inside_confirmed
2026-09-06 23:55:50,2026-09-06,264700,1,130,91.3929443359375,,37.65910339355469,0.78401780128479,855.8255004882812,191.0089111328125,1031.4134521484375,301.5369873046875,175.58795166015625,110.528076171875,19407.398495957255,943.6195068359375,246.27294921875,1920,1080,866.360107421875,215.3927764892578,957.7119140625,218.13470458984375,91.351806640625,2.7419281005859375,1.7192189362562074,left,False,"{'safe_roi': (450, 80, 1500, 420), 'cylinder_roi': (800, 190, 1000, 300)}",ok_cylinder_inside_confirmed
2026-09-06 23:55:55,2026-09-06,264796,1,130,88.55663299560547,,36.30328369140625,0.7806615233421326,853.2435302734375,192.9684600830078,1029.8436279296875,302.9976806640625,176.60009765625,110.02922058105469,19431.17109965533,941.5435791015625,247.98306274414062,1920,1080,865.0343017578125,215.64132690429688,953.5726318359375,217.44158935546875,88.538330078125,1.800262451171875,1.1648427175448812,left,False,"{'safe_roi': (450, 80, 1500, 420), 'cylinder_roi': (800, 190, 1000, 300)}",ok_cylinder_inside_confirmed
2026-09-06 23:56:00,2026-09-06,264891,1,130,91.09980773925781,,36.269500732421875,0.7829656600952148,852.1193237304688,192.35110473632812,1032.9019775390625,302.01904296875,180.78265380859375,109.66793823242188,19826.060911374167,942.5106201171875,247.18507385253906,1920,1080,864.2578125,215.94381713867188,955.353759765625,216.782470703125,91.095947265625,0.838653564453125,0.527465312047561,left,False,"{'safe_roi': (450, 80, 1500, 420), 'cylinder_roi': (800, 190, 1000, 300)}",ok_cylinder_inside_confirmed
2026-09-06 23:56:05,2026-09-06,264991,1,130,92.6006851196289,,38.222137451171875,0.7755756378173828,851.5818481445312,193.06602478027344,1033.551025390625,302.081298828125,181.96917724609375,109.01527404785156,19837.419725744985,942.56640625,247.57366943359375,1920,1080,863.840087890625,218.29244995117188,956.4368896484375,219.14088439941406,92.5968017578125,0.8484344482421875,0.5249679452296452,left,False,"{'safe_roi': (450, 80, 1500, 420), 'cylinder_roi': (800, 190, 1000, 300)}",ok_cylinder_inside_confirmed
2026-09-06 23:56:10,2026-09-06,265084,1,130,93.64585876464844,,37.31697082519531,0.7844765186309814,851.558837890625,194.1157989501953,1034.9083251953125,301.8603515625,183.3494873046875,107.74455261230469,19754.908481338993,943.2335815429688,247.98806762695312,1920,1080,864.152587890625,215.49740600585938,957.777099609375,217.4969024658203,93.62451171875,1.9994964599609375,1.223454131141186,left,False,"{'safe_roi': (450, 80, 1500, 420), 'cylinder_roi': (800, 190, 1000, 300)}",ok_cylinder_inside_confirmed
2026-09-06 23:56:15,2026-09-06,265181,1,130,93.3028335571289,,37.37251281738281,0.7618542313575745,850.6911010742188,193.06240844726562,1033.412353515625,302.14874267578125,182.72125244140625,109.08633422851562,19932.39161447622,942.0517578125,247.60557556152344,1920,1080,865.031982421875,215.81329345703125,958.330810546875,214.94839477539062,93.298828125,0.864898681640625,0.5311280506204195,left,False,"{'safe_roi': (450, 80, 1500, 420), 'cylinder_roi': (800, 190, 1000, 300)}",ok_cylinder_inside_confirmed
2026-09-06 23:56:20,2026-09-06,265272,1,130,95.3028793334961,,37.19401550292969,0.7649390697479248,852.1287841796875,192.5059814453125,1035.4801025390625,301.1732482910156,183.351318359375,108.66726684570312,19924.28663866967,943.804443359375,246.83961486816406,1920,1080,864.2723388671875,217.40194702148438,959.5745849609375,217.0536651611328,95.30224609375,0.3482818603515625,0.20938637505418142,left,False,"{'safe_roi': (450, 80, 1500, 420), 'cylinder_roi': (800, 190, 1000, 300)}",ok_cylinder_inside_confirmed
2026-09-06 23:56:25,2026-09-06,265364,1,130,95.29120635986328,,37.260650634765625,0.7704046964645386,850.9981689453125,192.13027954101562,1034.7098388671875,301.3861389160156,183.711669921875,109.255859375,20071.576374530792,942.85400390625,246.75820922851562,1920,1080,864.8908081054688,216.37327575683594,960.1777954101562,217.2698974609375,95.2869873046875,0.8966217041015625,0.5391200286577665,left,False,"{'safe_roi': (450, 80, 1500, 420), 'cylinder_roi': (800, 190, 1000, 300)}",ok_cylinder_inside_confirmed
2026-09-06 23:56:30,2026-09-06,265468,1,130,95.37000274658203,,37.31388854980469,0.7722260355949402,849.8001098632812,191.73304748535156,1034.2022705078125,302.2515563964844,184.40216064453125,110.51850891113281,20379.85183442477,942.001220703125,246.9923095703125,1920,1080,863.9348754882812,217.01820373535156,959.3046875,216.826416015625,95.36981201171875,0.1917877197265625,0.11522107318921379,left,False,"{'safe_roi': (450, 80, 1500, 420), 'cylinder_roi': (800, 190, 1000, 300)}",ok_cylinder_inside_confirmed
2026-09-06 23:56:35,2026-09-06,265561,1,130,95.8406982421875,,37.4862060546875,0.7823294401168823,849.854248046875,189.3040771484375,1034.4085693359375,299.8145446777344,184.5543212890625,110.51046752929688,20395.184330206364,942.1314086914062,244.55931091308594,1920,1080,865.1985473632812,217.44613647460938,961.0242919921875,219.13909912109375,95.82574462890625,1.692962646484375,1.0121447502322585,left,False,"{'safe_roi': (450, 80, 1500, 420), 'cylinder_roi': (800, 190, 1000, 300)}",ok_cylinder_inside_confirmed
2026-09-06 23:56:40,2026-09-06,265659,1,130,97.22955322265625,,38.668304443359375,0.7724677920341492,850.6548461914062,190.05303955078125,1034.983642578125,300.85357666015625,184.32879638671875,110.800537109375,20423.72964437306,942.8192138671875,245.45330810546875,1920,1080,864.0169067382812,218.3145294189453,961.24267578125,219.1727294921875,97.22576904296875,0.8582000732421875,0.5057297636114509,left,False,"{'safe_roi': (450, 80, 1500, 420), 'cylinder_roi': (800, 190, 1000, 300)}",ok_cylinder_inside_confirmed
2026-09-06 23:56:45,2026-09-06,265756,1,130,96.81664276123047,,37.31108093261719,0.7683070302009583,850.3975830078125,190.46420288085938,1034.4761962890625,299.6740417480469,184.07861328125,109.2098388671875,20103.195695340633,942.4368896484375,245.06912231445312,1920,1080,863.9371337890625,218.62075805664062,960.7489624023438,219.58592224121094,96.81182861328125,0.9651641845703125,0.5711905571749363,left,False,"{'safe_roi': (450, 80, 1500, 420), 'cylinder_roi': (800, 190, 1000, 300)}",ok_cylinder_inside_confirmed
2026-09-06 23:56:50,2026-09-06,265849,1,130,94.31681823730469,,35.27925109863281,0.777969241142273,848.5651245117188,192.23681640625,1034.0045166015625,302.4031677246094,185.43939208984375,110.16635131835938,20429.18121723272,941.2847900390625,247.3199920654297,1920,1080,863.3031005859375,218.54049682617188,957.611328125,217.26730346679688,94.3082275390625,1.273193359375,0.7734656512132068,left,False,"{'safe_roi': (450, 80, 1500, 420), 'cylinder_roi': (800, 190, 1000, 300)}",ok_cylinder_inside_confirmed
2026-09-06 23:56:55,2026-09-06,265943,1,130,94.15968322753906,,35.37895202636719,0.7771446108818054,848.925048828125,191.31353759765625,1034.5003662109375,302.4643249511719,185.5753173828125,111.15078735351562,20626.842640478164,941.7127075195312,246.88893127441406,1920,1080,865.1160888671875,219.1893310546875,959.26953125,218.1053466796875,94.1534423828125,1.083984375,0.6596146067958923,left,False,"{'safe_roi': (450, 80, 1500, 420), 'cylinder_roi': (800, 190, 1000, 300)}",ok_cylinder_inside_confirmed
2026-09-06 23:57:01,2026-09-06,266040,1,130,97.07898712158203,,36.353271484375,0.7888959050178528,849.8905639648438,192.49810791015625,1035.3214111328125,301.75177001953125,185.43084716796875,109.253662109375,20258.999121144414,942.60595703125,247.12493896484375,1920,1080,862.8209838867188,219.81832885742188,959.8983154296875,220.38482666015625,97.07733154296875,0.566497802734375,0.3343475171510747,left,False,"{'safe_roi': (450, 80, 1500, 420), 'cylinder_roi': (800, 190, 1000, 300)}",ok_cylinder_inside_confirmed
2026-09-06 23:57:06,2026-09-06,266131,1,130,94.96993255615234,,36.469329833984375,0.7886059284210205,848.9129638671875,190.27371215820312,1034.6368408203125,302.0743103027344,185.723876953125,111.80059814453125,20764.040533080697,941.77490234375,246.17401123046875,1920,1080,864.17724609375,221.323486328125,959.14404296875,220.5517120361328,94.966796875,0.7717742919921875,0.46561996063573474,left,False,"{'safe_roi': (450, 80, 1500, 420), 'cylinder_roi': (800, 190, 1000, 300)}",ok_cylinder_inside_confirmed
2026-09-06 23:57:11,2026-09-06,266221,1,130,95.08123779296875,,35.29200744628906,0.7858855724334717,848.7335815429688,190.48995971679688,1033.8148193359375,301.5213928222656,185.08123779296875,111.03143310546875,20549.835073087364,941.274169921875,246.00567626953125,1920,1080,864.8394775390625,218.60556030273438,959.91650390625,219.50018310546875,95.0770263671875,0.894622802734375,0.5391060294108845,left,False,"{'safe_roi': (450, 80, 1500, 420), 'cylinder_roi': (800, 190, 1000, 300)}",ok_cylinder_inside_confirmed
2026-09-06 23:57:16,2026-09-06,266315,1,130,94.95575714111328,,35.7060546875,0.7884241342544556,848.6046142578125,190.43966674804688,1033.90576171875,301.12506103515625,185.3011474609375,110.68539428710938,20510.130568567663,941.2551879882812,245.78236389160156,1920,1080,864.33251953125,219.910888671875,959.2880859375,220.1014862060547,94.95556640625,0.1905975341796875,0.11500557620169691,left,False,"{'safe_roi': (450, 80, 1500, 420), 'cylinder_roi': (800, 190, 1000, 300)}",ok_cylinder_inside_confirmed
2026-09-06 23:57:21,2026-09-06,266409,1,130,94.4711685180664,,36.436065673828125,0.7873520255088806,848.1155395507812,191.6976776123047,1035.718017578125,302.00030517578125,187.60247802734375,110.30262756347656,20693.046263835393,941.916748046875,246.8489990234375,1920,1080,865.252685546875,219.2908935546875,959.714599609375,220.61318969726562,94.4619140625,1.322296142578125,0.801985022893927,left,False,"{'safe_roi': (450, 80, 1500, 420), 'cylinder_roi': (800, 190, 1000, 300)}",ok_cylinder_inside_confirmed
2026-09-06 23:57:28,2026-09-06,266549,1,130,94.63062286376953,,34.36419677734375,0.7750669121742249,846.6134643554688,193.97933959960938,1033.5660400390625,300.8804016113281,186.95257568359375,106.90106201171875,19985.4288864024,940.0897216796875,247.42987060546875,1920,1080,862.625732421875,217.41552734375,957.255859375,217.72219848632812,94.630126953125,0.306671142578125,0.18567977474099526,left,False,"{'safe_roi': (450, 80, 1500, 420), 'cylinder_roi': (800, 190, 1000, 300)}",ok_cylinder_inside_confirmed
2026-09-06 23:57:33,2026-09-06,266641,1,130,96.57392120361328,,34.082916259765625,0.7827339768409729,845.0252075195312,194.37249755859375,1035.075927734375,301.4183654785156,190.05072021484375,107.04586791992188,20344.14429420419,940.050537109375,247.8954315185547,1920,1080,861.324951171875,216.14108276367188,957.873779296875,218.34234619140625,96.548828125,2.201263427734375,1.3060879106086094,left,False,"{'safe_roi': (450, 80, 1500, 420), 'cylinder_roi': (800, 190, 1000, 300)}",ok_cylinder_inside_confirmed
2026-09-06 23:57:38,2026-09-06,266739,1,130,95.91950988769531,,33.818328857421875,0.7731842994689941,845.0358276367188,194.08609008789062,1035.9814453125,301.2764892578125,190.94561767578125,107.19039916992188,20467.536978414282,940.5086669921875,247.68128967285156,1920,1080,861.6212158203125,217.68124389648438,957.5208740234375,219.63278198242188,95.899658203125,1.9515380859375,1.1657962823460364,left,False,"{'safe_roi': (450, 80, 1500, 420), 'cylinder_roi': (800, 190, 1000, 300)}",ok_cylinder_inside_confirmed
2026-09-06 23:57:43,2026-09-06,266838,1,130,98.91703033447266,,34.0277099609375,0.7755845785140991,843.899169921875,194.35546875,1033.7828369140625,301.3246154785156,189.8836669921875,106.96914672851562,20311.693835835904,938.8410034179688,247.8400421142578,1920,1080,861.3164672851562,220.86952209472656,960.217041015625,219.06536865234375,98.90057373046875,1.8041534423828125,1.0450790112718125,left,False,"{'safe_roi': (450, 80, 1500, 420), 'cylinder_roi': (800, 190, 1000, 300)}",ok_cylinder_inside_confirmed
2026-09-06 23:57:48,2026-09-06,266932,1,130,100.28302764892578,,34.009613037109375,0.7860311269760132,843.751220703125,194.4661865234375,1033.1011962890625,301.0621032714844,189.3499755859375,106.59591674804688,20183.934233803302,938.4262084960938,247.76414489746094,1920,1080,861.6486206054688,219.93130493164062,961.9308471679688,220.3319091796875,100.2822265625,0.400604248046875,0.22888213954184153,left,False,"{'safe_roi': (450, 80, 1500, 420), 'cylinder_roi': (800, 190, 1000, 300)}",ok_cylinder_inside_confirmed
2026-09-06 23:57:53,2026-09-06,267025,1,130,100.15116882324219,,34.78224182128906,0.7894785404205322,844.2841796875,194.7420654296875,1034.1343994140625,301.39105224609375,189.8502197265625,106.64898681640625,20247.333580709994,939.2092895507812,248.06655883789062,1920,1080,861.1410522460938,222.37017822265625,961.2830810546875,221.01736450195312,100.14202880859375,1.352813720703125,0.7739587772699374,left,False,"{'safe_roi': (450, 80, 1500, 420), 'cylinder_roi': (800, 190, 1000, 300)}",ok_cylinder_inside_confirmed
2026-09-06 23:58:12,2026-09-06,267395,1,130,101.50569152832031,,37.50457763671875,0.813898503780365,865.0278930664062,191.34788513183594,1038.437744140625,306.5899963378906,173.40985107421875,115.24211120605469,19984.1173417205,951.7327880859375,248.96893310546875,1920,1080,877.13232421875,207.83236694335938,977.5277099609375,222.80471801757812,100.3953857421875,14.97235107421875,8.482225122840696,left,False,"{'safe_roi': (450, 80, 1500, 420), 'cylinder_roi': (800, 190, 1000, 300)}",ok_cylinder_inside_confirmed
2026-09-06 23:58:17,2026-09-06,267493,1,130,93.94271850585938,,36.68731689453125,0.7902452945709229,869.441650390625,193.23338317871094,1038.315673828125,307.6629638671875,168.8740234375,114.42958068847656,19324.18369112909,953.878662109375,250.44818115234375,1920,1080,880.83447265625,214.52362060546875,974.6492919921875,219.424072265625,93.8148193359375,4.90045166015625,2.9901485594402355,left,False,"{'safe_roi': (450, 80, 1500, 420), 'cylinder_roi': (800, 190, 1000, 300)}",ok_cylinder_inside_confirmed
2026-09-06 23:58:22,2026-09-06,267588,1,130,103.6072998046875,,39.56379699707031,0.7789592742919922,870.421875,192.9538116455078,1040.828125,309.721923828125,170.40625,116.76811218261719,19898.01611661911,955.625,251.33786010742188,1920,1080,870.947021484375,206.7781219482422,974.0770874023438,216.71096801757812,103.13006591796875,9.932846069335938,5.50140378102107,left,False,"{'safe_roi': (450, 80, 1500, 420), 'cylinder_roi': (800, 190, 1000, 300)}",ok_cylinder_inside_confirmed
2026-09-06 23:58:27,2026-09-06,267690,1,130,96.36287689208984,,37.91029357910156,0.7773213386535645,870.9490356445312,192.7173614501953,1044.035888671875,309.2798767089844,173.08685302734375,116.56251525878906,20175.438947095536,957.492431640625,250.99862670898438,1920,1080,878.8433837890625,213.9031219482422,975.0078125,220.084228515625,96.1644287109375,6.1811065673828125,3.6777091960870734,left,False,"{'safe_roi': (450, 80, 1500, 420), 'cylinder_roi': (800, 190, 1000, 300)}",ok_cylinder_inside_confirmed
2026-09-06 23:58:32,2026-09-06,267784,1,130,93.96409606933594,,37.190155029296875,0.7849298119544983,869.3626098632812,192.64886474609375,1044.5147705078125,308.7372741699219,175.15216064453125,116.08840942382812,20333.13573637046,956.938720703125,250.6930694580078,1920,1080,882.6939086914062,215.74456787109375,976.57421875,219.71185302734375,93.88031005859375,3.96728515625,2.419820827106948,left,False,"{'safe_roi': (450, 80, 1500, 420), 'cylinder_roi': (800, 190, 1000, 300)}",ok_cylinder_inside_confirmed
2026-09-06 23:58:37,2026-09-06,267880,1,130,94.05732727050781,,37.13276672363281,0.7882369756698608,870.2454223632812,193.55389404296875,1043.59912109375,308.8248596191406,173.35369873046875,115.27096557617188,19982.648238861933,956.9222412109375,251.1893768310547,1920,1080,883.3323974609375,216.9132537841797,977.248291015625,222.0694580078125,93.9158935546875,5.1562042236328125,3.1425185975049645,left,False,"{'safe_roi': (450, 80, 1500, 420), 'cylinder_roi': (800, 190, 1000, 300)}",ok_cylinder_inside_confirmed
2026-09-06 23:58:42,2026-09-06,267973,1,130,96.51704406738281,,37.66349792480469,0.7849249839782715,867.4808959960938,193.08787536621094,1043.4998779296875,309.4358825683594,176.01898193359375,116.34800720214844,20479.4577777246,955.4903564453125,251.26187133789062,1920,1080,881.9910888671875,215.7513427734375,978.3331298828125,221.56088256835938,96.342041015625,5.809539794921875,3.450825110333434,left,False,"{'safe_roi': (450, 80, 1500, 420), 'cylinder_roi': (800, 190, 1000, 300)}",ok_cylinder_inside_confirmed
2026-09-06 23:58:47,2026-09-06,268079,1,130,93.9848403930664,,37.54864501953125,0.7868353128433228,869.2740478515625,192.1500244140625,1043.0714111328125,307.3861389160156,173.79736328125,115.23611450195312,20027.73285521567,956.1727294921875,249.76808166503906,1920,1080,882.1082763671875,216.95852661132812,976.02783203125,220.4610595703125,93.9195556640625,3.502532958984375,2.1357362639662956,left,False,"{'safe_roi': (450, 80, 1500, 420), 'cylinder_roi': (800, 190, 1000, 300)}",ok_cylinder_inside_confirmed
2026-09-06 23:58:52,2026-09-06,268175,1,130,95.0400390625,,38.285125732421875,0.7903274893760681,868.0413208007812,192.6161346435547,1044.2452392578125,308.78802490234375,176.20391845703125,116.17189025878906,20469.94227815885,956.143310546875,250.70208740234375,1920,1080,882.343994140625,216.50009155273438,977.2366943359375,221.79013061523438,94.8927001953125,5.2900390625,3.1907987418692336,left,False,"{'safe_roi': (450, 80, 1500, 420), 'cylinder_roi': (800, 190, 1000, 300)}",ok_cylinder_inside_confirmed
2026-09-06 23:58:57,2026-09-06,268269,1,130,96.48529815673828,,36.42781066894531,0.7816006541252136,868.3663330078125,193.2647247314453,1043.709716796875,308.2876281738281,175.3433837890625,115.02290344238281,20168.505102830008,956.0380249023438,250.77618408203125,1920,1080,881.115234375,216.32225036621094,977.435546875,221.96229553222656,96.3203125,5.640045166015625,3.351133368214508,left,False,"{'safe_roi': (450, 80, 1500, 420), 'cylinder_roi': (800, 190, 1000, 300)}",ok_cylinder_inside_confirmed
2026-09-06 23:59:02,2026-09-06,268368,1,130,95.57099914550781,,37.109893798828125,0.7815975546836853,869.23876953125,193.82083129882812,1043.7916259765625,308.8719482421875,174.5528564453125,115.05111694335938,20082.50109968707,956.5151977539062,251.3463897705078,1920,1080,881.1898803710938,215.67408752441406,976.6415405273438,220.44866943359375,95.45166015625,4.7745819091796875,2.8636020925147556,left,False,"{'safe_roi': (450, 80, 1500, 420), 'cylinder_roi': (800, 190, 1000, 300)}",ok_cylinder_inside_confirmed
2026-09-06 23:59:07,2026-09-06,268469,1,130,95.22691345214844,,37.33111572265625,0.7888164520263672,869.4149780273438,192.09494018554688,1043.42431640625,308.1389465332031,174.00933837890625,116.04400634765625,20192.74076739326,956.419677734375,250.116943359375,1920,1080,882.2291870117188,215.82949829101562,977.3140869140625,221.02822875976562,95.08489990234375,5.19873046875,3.129508911619972,left,False,"{'safe_roi': (450, 80, 1500, 420), 'cylinder_roi': (800, 190, 1000, 300)}",ok_cylinder_inside_confirmed
2026-09-06 23:59:12,2026-09-06,268561,1,130,94.08493041992188,,38.092742919921875,0.7842661738395691,867.9733276367188,192.03106689453125,1042.0511474609375,307.3178405761719,174.07781982421875,115.28677368164062,20068.87021706812,955.01220703125,249.67445373535156,1920,1080,882.998046875,216.60256958007812,976.903076171875,222.41802978515625,93.905029296875,5.815460205078125,3.543754138793483,left,False,"{'safe_roi': (450, 80, 1500, 420), 'cylinder_roi': (800, 190, 1000, 300)}",ok_cylinder_inside_confirmed
2026-09-06 23:59:17,2026-09-06,268657,1,130,95.70159149169922,,37.26164245605469,0.7968913912773132,871.6467895507812,191.45901489257812,1041.1865234375,306.27789306640625,169.53973388671875,114.81887817382812,19466.3620507624,956.4166259765625,248.8684539794922,1920,1080,884.983154296875,214.0812530517578,980.0177612304688,225.36033630371094,95.03460693359375,11.279083251953125,6.768428599412797,left,False,"{'safe_roi': (450, 80, 1500, 420), 'cylinder_roi': (800, 190, 1000, 300)}",ok_cylinder_inside_confirmed
2026-09-06 23:59:23,2026-09-06,268753,1,130,95.9007339477539,,27.135116577148438,0.7542139887809753,876.9854736328125,193.22482299804688,1048.75537109375,311.5422668457031,171.7698974609375,118.31744384765625,20323.375197552145,962.8704223632812,252.383544921875,1920,1080,890.9415283203125,210.0938720703125,985.7408447265625,224.5866241455078,94.79931640625,14.492752075195312,8.691978933331923,left,False,"{'safe_roi': (450, 80, 1500, 420), 'cylinder_roi': (800, 190, 1000, 300)}",ok_cylinder_inside_confirmed
2026-09-06 23:59:45,2026-09-06,269181,1,131,91.18093872070312,,31.390228271484375,0.7717611789703369,888.0414428710938,197.11373901367188,1036.301025390625,316.1387634277344,148.25958251953125,119.0250244140625,17646.60042900592,962.1712646484375,256.6262512207031,1920,1080,880.06787109375,236.86135864257812,971.121826171875,232.0508575439453,91.053955078125,4.8105010986328125,3.0242003786044878,left,False,"{'safe_roi': (450, 80, 1500, 420), 'cylinder_roi': (800, 190, 1000, 300)}",ok_cylinder_inside_confirmed
2026-09-06 23:59:58,2026-09-06,269446,1,131,94.76115417480469,,32.27949523925781,0.799865186214447,853.2184448242188,194.65447998046875,1023.5914916992188,296.53265380859375,170.373046875,101.878173828125,17357.29488515854,938.4049682617188,245.59356689453125,1920,1080,863.0316772460938,224.91567993164062,957.6968994140625,220.65286254882812,94.66522216796875,4.2628173828125,2.5783128554404597,left,False,"{'safe_roi': (450, 80, 1500, 420), 'cylinder_roi': (800, 190, 1000, 300)}",ok_cylinder_inside_confirmed
