datetime,date,frame_id,track_id,event_id,body_length_px,body_length_cm,body_height_px,pose_conf,bbox_x1,bbox_y1,bbox_x2,bbox_y2,bbox_w,bbox_h,bbox_area,center_x,center_y,frame_w,frame_h,head_x,head_y,tail_x,tail_y,head_tail_dx,head_tail_dy,side_tilt_deg,facing,flipped,growth_roi,save_reason
2026-09-05 06:15:13,2026-09-05,784348,150,1,118.62452697753906,,34.50398254394531,0.39293038845062256,824.7794189453125,182.0931396484375,1029.011962890625,293.8790588378906,204.2325439453125,111.78591918945312,22830.322653327137,926.8956909179688,237.98609924316406,1920,1080,836.187255859375,199.68630981445312,952.729736328125,221.81385803222656,116.54248046875,22.127548217773438,10.75060120296804,left,False,"{'safe_roi': (450, 80, 1500, 420), 'cylinder_roi': (800, 190, 1000, 300)}",ok_cylinder_inside_confirmed
2026-09-05 06:15:51,2026-09-05,785205,150,2,127.32513427734375,,30.756805419921875,0.6509610414505005,816.762451171875,183.27191162109375,1024.766845703125,298.7887878417969,208.00439453125,115.51687622070312,24028.017896428704,920.7646484375,241.0303497314453,1920,1080,831.3860473632812,213.5628662109375,957.021484375,234.23715209960938,125.63543701171875,20.674285888671875,9.344716327291659,left,False,"{'safe_roi': (450, 80, 1500, 420), 'cylinder_roi': (800, 190, 1000, 300)}",ok_cylinder_inside_confirmed
2026-09-05 06:24:11,2026-09-05,796610,184,3,113.4621353149414,,41.86543273925781,0.6774663329124451,810.114990234375,178.12911987304688,1017.634521484375,292.9881286621094,207.51953125,114.8590087890625,23835.48766374588,913.874755859375,235.55862426757812,1920,1080,823.7490234375,192.02186584472656,935.6526489257812,210.76312255859375,111.90362548828125,18.741256713867188,9.50747678060681,left,False,"{'safe_roi': (450, 80, 1500, 420), 'cylinder_roi': (800, 190, 1000, 300)}",ok_cylinder_inside_confirmed
2026-09-05 06:24:16,2026-09-05,796720,184,3,113.58287811279297,,43.991851806640625,0.7200209498405457,807.9996337890625,181.28030395507812,1014.5560302734375,296.9994812011719,206.556396484375,115.71917724609375,23902.536256089807,911.27783203125,239.139892578125,1920,1080,824.804931640625,197.63232421875,937.282470703125,213.43968200683594,112.4775390625,15.807357788085938,7.999835435950744,left,False,"{'safe_roi': (450, 80, 1500, 420), 'cylinder_roi': (800, 190, 1000, 300)}",ok_cylinder_inside_confirmed
2026-09-05 06:24:21,2026-09-05,796835,184,3,113.06953430175781,,41.49974060058594,0.7797781229019165,809.5740966796875,181.20709228515625,1012.0091552734375,294.40484619140625,202.43505859375,113.19775390625,22915.19394469261,910.7916259765625,237.80596923828125,1920,1080,825.8018798828125,201.41204833984375,937.578857421875,218.4598388671875,111.7769775390625,17.04779052734375,8.671703871424965,left,False,"{'safe_roi': (450, 80, 1500, 420), 'cylinder_roi': (800, 190, 1000, 300)}",ok_cylinder_inside_confirmed
2026-09-05 06:24:26,2026-09-05,796943,184,3,111.40955352783203,,37.735687255859375,0.7164060473442078,812.548095703125,182.3855438232422,1012.36767578125,294.22686767578125,199.819580078125,111.84132385253906,22348.08636759594,912.4578857421875,238.30621337890625,1920,1080,828.1658935546875,200.3730010986328,937.877685546875,219.74853515625,109.7117919921875,19.375534057617188,10.015389031787713,left,False,"{'safe_roi': (450, 80, 1500, 420), 'cylinder_roi': (800, 190, 1000, 300)}",ok_cylinder_inside_confirmed
2026-09-05 06:24:31,2026-09-05,797053,184,3,111.0097427368164,,40.064453125,0.7515069842338562,812.9741821289062,180.31336975097656,1009.2211303710938,296.2200927734375,196.2469482421875,115.90672302246094,22746.340673910454,911.09765625,238.2667236328125,1920,1080,825.051513671875,201.03457641601562,934.3653564453125,220.36453247070312,109.3138427734375,19.3299560546875,10.027943949770386,left,False,"{'safe_roi': (450, 80, 1500, 420), 'cylinder_roi': (800, 190, 1000, 300)}",ok_cylinder_inside_confirmed
2026-09-05 06:24:36,2026-09-05,797163,184,3,113.2285385131836,,36.521240234375,0.7046524882316589,811.3076782226562,181.76443481445312,1010.9125366210938,295.40643310546875,199.6048583984375,113.64199829101562,22683.49497699365,911.110107421875,238.58543395996094,1920,1080,828.0179443359375,202.37741088867188,939.3519287109375,223.00375366210938,111.333984375,20.6263427734375,10.49592432620382,left,False,"{'safe_roi': (450, 80, 1500, 420), 'cylinder_roi': (800, 190, 1000, 300)}",ok_cylinder_inside_confirmed
2026-09-05 06:24:41,2026-09-05,797276,184,3,114.01055908203125,,34.4774169921875,0.7274937033653259,810.827880859375,180.47686767578125,1012.6817626953125,295.0511779785156,201.8538818359375,114.57431030273438,23127.26929328218,911.7548217773438,237.76402282714844,1920,1080,827.202880859375,202.43557739257812,939.436279296875,222.4873046875,112.2333984375,20.051727294921875,10.12964311923171,left,False,"{'safe_roi': (450, 80, 1500, 420), 'cylinder_roi': (800, 190, 1000, 300)}",ok_cylinder_inside_confirmed
2026-09-05 06:24:46,2026-09-05,797389,184,3,114.77122497558594,,36.12248229980469,0.7150335907936096,808.5606079101562,183.23825073242188,1010.7874145507812,296.4666748046875,202.226806640625,113.22842407226562,22897.82262108475,909.6740112304688,239.8524627685547,1920,1080,826.648681640625,203.99301147460938,940.0076904296875,221.94210815429688,113.3590087890625,17.9490966796875,8.997432833762208,left,False,"{'safe_roi': (450, 80, 1500, 420), 'cylinder_roi': (800, 190, 1000, 300)}",ok_cylinder_inside_confirmed
2026-09-05 06:24:51,2026-09-05,797497,184,3,116.13420104980469,,33.21226501464844,0.6930301785469055,810.0072631835938,180.36856079101562,1010.0745239257812,296.22882080078125,200.0672607421875,115.86026000976562,23179.84484903142,910.0408935546875,238.29869079589844,1920,1080,827.5166015625,204.58067321777344,941.976318359375,224.23074340820312,114.459716796875,19.650070190429688,9.74139064313437,left,False,"{'safe_roi': (450, 80, 1500, 420), 'cylinder_roi': (800, 190, 1000, 300)}",ok_cylinder_inside_confirmed
2026-09-05 06:24:56,2026-09-05,797607,184,3,115.46121978759766,,36.39179992675781,0.5674933195114136,806.2613525390625,181.80105590820312,1008.5035400390625,295.8613586425781,202.2421875,114.060302734375,23067.80513191223,907.3824462890625,238.83120727539062,1920,1080,824.343994140625,204.69808959960938,938.0511474609375,224.7474365234375,113.7071533203125,20.049346923828125,9.999857249191665,left,False,"{'safe_roi': (450, 80, 1500, 420), 'cylinder_roi': (800, 190, 1000, 300)}",ok_cylinder_inside_confirmed
2026-09-05 06:25:01,2026-09-05,797721,184,3,121.79161071777344,,42.238800048828125,0.676976203918457,806.1926879882812,181.75352478027344,1009.6218872070312,294.5468444824219,203.42919921875,112.79331970214844,22945.454704232514,907.9072875976562,238.15017700195312,1920,1080,817.9872436523438,207.2729034423828,938.4207763671875,225.41018676757812,120.43353271484375,18.137283325195312,8.564380524778144,left,False,"{'safe_roi': (450, 80, 1500, 420), 'cylinder_roi': (800, 190, 1000, 300)}",ok_cylinder_inside_confirmed
2026-09-05 06:25:06,2026-09-05,797836,184,3,117.34364318847656,,38.1544189453125,0.41040855646133423,802.7807006835938,182.3455047607422,1006.1963500976562,295.60845947265625,203.4156494140625,113.26295471191406,23039.45748727955,904.488525390625,238.97698974609375,1920,1080,821.2525024414062,206.32720947265625,936.9376220703125,225.98641967773438,115.68511962890625,19.659210205078125,9.64455052697817,left,False,"{'safe_roi': (450, 80, 1500, 420), 'cylinder_roi': (800, 190, 1000, 300)}",ok_cylinder_inside_confirmed
2026-09-05 06:25:22,2026-09-05,798193,184,3,112.09414672851562,,34.65531921386719,0.6666879653930664,800.0360717773438,184.2912139892578,1009.1803588867188,296.0379333496094,209.144287109375,111.74671936035156,23371.18795743212,904.6082153320312,240.16458129882812,1920,1080,821.2957763671875,206.43450927734375,931.6773681640625,225.95379638671875,110.381591796875,19.519287109375,10.028206235594556,left,False,"{'safe_roi': (450, 80, 1500, 420), 'cylinder_roi': (800, 190, 1000, 300)}",ok_cylinder_inside_confirmed
2026-09-05 06:25:27,2026-09-05,798304,184,3,113.11141204833984,,33.17974853515625,0.6836888790130615,808.5274047851562,185.07293701171875,1007.0917358398438,294.5459899902344,198.5643310546875,109.47305297851562,21737.44353319332,907.8095703125,239.80946350097656,1920,1080,828.9558715820312,212.31610107421875,940.0235595703125,233.7207794189453,111.06768798828125,21.404678344726562,10.908163815255772,left,False,"{'safe_roi': (450, 80, 1500, 420), 'cylinder_roi': (800, 190, 1000, 300)}",ok_cylinder_inside_confirmed
2026-09-05 06:25:32,2026-09-05,798418,184,3,107.41175842285156,,33.12898254394531,0.7311118245124817,814.1908569335938,186.3837890625,1003.4736938476562,294.622314453125,189.2828369140625,108.238525390625,20487.695149332285,908.832275390625,240.5030517578125,1920,1080,829.0972900390625,212.78466796875,934.7305908203125,232.24978637695312,105.63330078125,19.465118408203125,10.440807830457613,left,False,"{'safe_roi': (450, 80, 1500, 420), 'cylinder_roi': (800, 190, 1000, 300)}",ok_cylinder_inside_confirmed
2026-09-05 06:25:37,2026-09-05,798529,184,3,106.84259796142578,,35.25929260253906,0.7163401246070862,815.4509887695312,186.60943603515625,1002.3413696289062,294.99212646484375,186.890380859375,108.3826904296875,20255.682292968035,908.8961791992188,240.80078125,1920,1080,830.2442016601562,216.76400756835938,935.7183227539062,233.8095703125,105.47412109375,17.045562744140625,9.1801396938342,left,False,"{'safe_roi': (450, 80, 1500, 420), 'cylinder_roi': (800, 190, 1000, 300)}",ok_cylinder_inside_confirmed
2026-09-05 06:25:42,2026-09-05,798641,184,3,106.38725280761719,,34.56541442871094,0.6990576386451721,815.075439453125,186.114013671875,1004.2867431640625,294.668701171875,189.2113037109375,108.5546875,20539.77394580841,909.6810913085938,240.391357421875,1920,1080,830.837158203125,214.65469360351562,935.72216796875,232.46990966796875,104.885009765625,17.815216064453125,9.639956109967542,left,False,"{'safe_roi': (450, 80, 1500, 420), 'cylinder_roi': (800, 190, 1000, 300)}",ok_cylinder_inside_confirmed
2026-09-05 06:25:47,2026-09-05,798754,184,3,111.41828918457031,,36.71968078613281,0.7389497756958008,817.7421264648438,187.15260314941406,1003.2537231445312,295.81427001953125,185.5115966796875,108.66166687011719,20157.99931895174,910.4979248046875,241.48342895507812,1920,1080,828.6018676757812,215.0277099609375,938.3426513671875,234.28897094726562,109.74078369140625,19.261260986328125,9.954927883551203,left,False,"{'safe_roi': (450, 80, 1500, 420), 'cylinder_roi': (800, 190, 1000, 300)}",ok_cylinder_inside_confirmed
2026-09-05 06:25:52,2026-09-05,798864,184,3,106.85880279541016,,36.049346923828125,0.759286105632782,814.216796875,185.5017852783203,1004.8768310546875,294.2731628417969,190.6600341796875,108.77137756347656,20738.354564024135,909.5468139648438,239.88748168945312,1920,1080,829.4373779296875,215.89105224609375,935.1144409179688,231.73916625976562,105.67706298828125,15.848114013671875,8.528938668347713,left,False,"{'safe_roi': (450, 80, 1500, 420), 'cylinder_roi': (800, 190, 1000, 300)}",ok_cylinder_inside_confirmed
2026-09-05 06:25:57,2026-09-05,798979,184,3,106.37207794189453,,32.957611083984375,0.709440290927887,818.9216918945312,187.2712860107422,999.3148803710938,295.3633117675781,180.3931884765625,108.09202575683594,19499.065175166354,909.1182861328125,241.31729125976562,1920,1080,829.6528930664062,217.119873046875,934.7501220703125,233.53912353515625,105.09722900390625,16.41925048828125,8.879492858437134,left,False,"{'safe_roi': (450, 80, 1500, 420), 'cylinder_roi': (800, 190, 1000, 300)}",ok_cylinder_inside_confirmed
2026-09-05 06:26:02,2026-09-05,799091,184,3,102.44894409179688,,28.590484619140625,0.5306469202041626,816.2756958007812,186.1578369140625,996.8550415039062,294.5810852050781,180.579345703125,108.42324829101562,19578.999235399067,906.5653686523438,240.3694610595703,1920,1080,833.9705810546875,216.70144653320312,934.4810791015625,236.53640747070312,100.510498046875,19.8349609375,11.163433117521901,left,False,"{'safe_roi': (450, 80, 1500, 420), 'cylinder_roi': (800, 190, 1000, 300)}",ok_cylinder_inside_confirmed
2026-09-05 06:26:07,2026-09-05,799203,184,3,100.99285125732422,,30.36126708984375,0.5865087509155273,816.6312255859375,187.27056884765625,995.2445068359375,293.4869689941406,178.61328125,106.21640014648438,18971.659752726555,905.9378662109375,240.37876892089844,1920,1080,832.873779296875,215.37770080566406,931.6920166015625,236.22264099121094,98.8182373046875,20.844940185546875,11.91147536441055,left,False,"{'safe_roi': (450, 80, 1500, 420), 'cylinder_roi': (800, 190, 1000, 300)}",ok_cylinder_inside_confirmed
2026-09-05 06:26:12,2026-09-05,799317,184,3,107.30889129638672,,32.79206848144531,0.6543092131614685,813.5018920898438,187.04571533203125,998.3535766601562,295.5227355957031,184.8516845703125,108.47702026367188,20052.15993290767,905.927734375,241.2842254638672,1920,1080,830.4566650390625,214.2982635498047,935.621826171875,235.64041137695312,105.1651611328125,21.342147827148438,11.47177466596418,left,False,"{'safe_roi': (450, 80, 1500, 420), 'cylinder_roi': (800, 190, 1000, 300)}",ok_cylinder_inside_confirmed
2026-09-05 06:26:17,2026-09-05,799435,184,3,101.33113098144531,,28.11602783203125,0.40960127115249634,816.8154907226562,187.2790985107422,997.4096069335938,295.28851318359375,180.5941162109375,108.00941467285156,19505.864785304293,907.112548828125,241.2838134765625,1920,1080,833.1259155273438,213.39332580566406,932.4093017578125,233.6616973876953,99.28338623046875,20.26837158203125,11.538197367324013,left,False,"{'safe_roi': (450, 80, 1500, 420), 'cylinder_roi': (800, 190, 1000, 300)}",ok_cylinder_inside_confirmed
2026-09-05 06:26:22,2026-09-05,799552,184,3,105.38053131103516,,31.309112548828125,0.5427452325820923,810.1917114257812,187.16525268554688,994.9931030273438,295.660400390625,184.8013916015625,108.49514770507812,20050.054277915508,902.5924072265625,241.41282653808594,1920,1080,832.3074340820312,218.1910400390625,935.8014526367188,238.04159545898438,103.4940185546875,19.850555419921875,10.85768819584117,left,False,"{'safe_roi': (450, 80, 1500, 420), 'cylinder_roi': (800, 190, 1000, 300)}",ok_cylinder_inside_confirmed
2026-09-05 06:44:28,2026-09-05,824024,198,4,104.00547790527344,,36.796875,0.7917917966842651,858.2819213867188,186.93199157714844,1047.333251953125,303.2239990234375,189.05133056640625,116.29200744628906,21985.15874195937,952.8076171875,245.0780029296875,1920,1080,870.2119140625,199.83688354492188,973.466796875,212.30958557128906,103.2548828125,12.472702026367188,6.887688278289856,left,False,"{'safe_roi': (450, 80, 1500, 420), 'cylinder_roi': (800, 190, 1000, 300)}",ok_cylinder_inside_confirmed
2026-09-05 06:44:39,2026-09-05,824272,198,4,106.4564208984375,,26.982421875,0.4642288088798523,818.1497802734375,182.86892700195312,995.716064453125,296.2688903808594,177.5662841796875,113.39996337890625,20136.010123305023,906.9329223632812,239.56890869140625,1920,1080,825.3314208984375,205.99961853027344,930.689697265625,221.25094604492188,105.3582763671875,15.251327514648438,8.236739666602782,left,False,"{'safe_roi': (450, 80, 1500, 420), 'cylinder_roi': (800, 190, 1000, 300)}",ok_cylinder_inside_confirmed
2026-09-05 06:44:44,2026-09-05,824386,198,4,103.64551544189453,,27.034439086914062,0.4475192129611969,809.7489624023438,182.56228637695312,992.5090942382812,295.9575500488281,182.7601318359375,113.395263671875,20724.13333824277,901.1290283203125,239.25991821289062,1920,1080,823.598876953125,206.99969482421875,926.106689453125,222.314453125,102.5078125,15.31475830078125,8.497191473946552,left,False,"{'safe_roi': (450, 80, 1500, 420), 'cylinder_roi': (800, 190, 1000, 300)}",ok_cylinder_inside_confirmed
2026-09-05 06:45:02,2026-09-05,824801,198,4,104.90047454833984,,34.72337341308594,0.5972270965576172,810.0026245117188,184.5428924560547,993.6100463867188,297.5783386230469,183.607421875,113.03544616699219,20754.146851211786,901.8063354492188,241.06060791015625,1920,1080,823.7515869140625,204.49533081054688,927.4663696289062,220.22280883789062,103.71478271484375,15.72747802734375,8.622731740785918,left,False,"{'safe_roi': (450, 80, 1500, 420), 'cylinder_roi': (800, 190, 1000, 300)}",ok_cylinder_inside_confirmed
2026-09-05 06:45:10,2026-09-05,824987,198,4,104.26875305175781,,38.106292724609375,0.510023832321167,813.001953125,183.60415649414062,994.1480712890625,296.30859375,181.1461181640625,112.70443725585938,20415.97130876407,903.5750122070312,239.9563751220703,1920,1080,825.1015014648438,205.57801818847656,928.439208984375,219.48092651367188,103.33770751953125,13.902908325195312,7.66248190536671,left,False,"{'safe_roi': (450, 80, 1500, 420), 'cylinder_roi': (800, 190, 1000, 300)}",ok_cylinder_inside_confirmed
2026-09-05 06:45:15,2026-09-05,825103,198,4,106.64051055908203,,40.51856994628906,0.644663393497467,820.1328735351562,184.55593872070312,990.4740600585938,298.3996276855469,170.3411865234375,113.84368896484375,19392.269056476653,905.303466796875,241.477783203125,1920,1080,824.073486328125,205.6344757080078,929.9694213867188,218.21417236328125,105.89593505859375,12.579696655273438,6.774589862380571,left,False,"{'safe_roi': (450, 80, 1500, 420), 'cylinder_roi': (800, 190, 1000, 300)}",ok_cylinder_inside_confirmed
2026-09-05 06:45:20,2026-09-05,825217,198,4,108.06851196289062,,37.89189147949219,0.6717003583908081,816.0032348632812,182.27682495117188,991.7850952148438,300.4812316894531,175.7818603515625,118.20440673828125,20778.190518207848,903.8941650390625,241.3790283203125,1920,1080,824.1932983398438,207.484619140625,931.7124633789062,218.36727905273438,107.5191650390625,10.882659912109375,5.779566704036733,left,False,"{'safe_roi': (450, 80, 1500, 420), 'cylinder_roi': (800, 190, 1000, 300)}",ok_cylinder_inside_confirmed
2026-09-05 06:45:25,2026-09-05,825324,198,4,107.5632095336914,,35.50712585449219,0.673711895942688,821.6488647460938,181.916748046875,995.3298950195312,298.6146240234375,173.6810302734375,116.6978759765625,20268.207330331206,908.4893798828125,240.26568603515625,1920,1080,826.271484375,206.13426208496094,932.9149780273438,220.17025756835938,106.64349365234375,14.035995483398438,7.497947323703629,left,False,"{'safe_roi': (450, 80, 1500, 420), 'cylinder_roi': (800, 190, 1000, 300)}",ok_cylinder_inside_confirmed
2026-09-05 06:45:31,2026-09-05,825439,198,4,102.09788513183594,,32.959442138671875,0.7011295557022095,818.5681762695312,181.86404418945312,990.7183227539062,299.17919921875,172.150146484375,117.31515502929688,20195.82112313062,904.6432495117188,240.52162170410156,1920,1080,827.8150634765625,205.29466247558594,928.681884765625,221.10171508789062,100.8668212890625,15.807052612304688,8.90650339672653,left,False,"{'safe_roi': (450, 80, 1500, 420), 'cylinder_roi': (800, 190, 1000, 300)}",ok_cylinder_inside_confirmed
2026-09-05 06:45:36,2026-09-05,825550,198,4,103.75846862792969,,37.14202880859375,0.5610139966011047,814.5977783203125,184.12876892089844,991.6031494140625,299.3879089355469,177.00537109375,115.25914001464844,20401.486850239336,903.1004638671875,241.75833129882812,1920,1080,825.2356567382812,202.79193115234375,927.8594360351562,218.09487915039062,102.623779296875,15.302947998046875,8.481279167449186,left,False,"{'safe_roi': (450, 80, 1500, 420), 'cylinder_roi': (800, 190, 1000, 300)}",ok_cylinder_inside_confirmed
2026-09-05 06:45:41,2026-09-05,825662,198,4,102.23973846435547,,37.457977294921875,0.689612090587616,818.5662841796875,185.72418212890625,992.55859375,300.9619445800781,173.9923095703125,115.23776245117188,20050.48443859443,905.5624389648438,243.3430633544922,1920,1080,825.4976806640625,201.59718322753906,926.4070434570312,218.03689575195312,100.90936279296875,16.439712524414062,9.253085966328985,left,False,"{'safe_roi': (450, 80, 1500, 420), 'cylinder_roi': (800, 190, 1000, 300)}",ok_cylinder_inside_confirmed
2026-09-05 06:45:46,2026-09-05,825771,198,4,105.05194854736328,,36.239776611328125,0.6237990856170654,818.455810546875,181.69357299804688,990.733154296875,299.2577209472656,172.27734375,117.56414794921875,20253.639128923416,904.594482421875,240.47564697265625,1920,1080,822.5604858398438,202.44033813476562,926.1846923828125,219.701171875,103.62420654296875,17.260833740234375,9.457013737131478,left,False,"{'safe_roi': (450, 80, 1500, 420), 'cylinder_roi': (800, 190, 1000, 300)}",ok_cylinder_inside_confirmed
2026-09-05 06:45:51,2026-09-05,825882,198,4,102.2928695678711,,27.752029418945312,0.5916706919670105,813.0823974609375,183.48011779785156,989.6304931640625,298.13763427734375,176.548095703125,114.65751647949219,20242.56619250402,901.3564453125,240.80886840820312,1920,1080,826.5266723632812,203.00259399414062,926.9910888671875,222.25701904296875,100.46441650390625,19.254425048828125,10.84941437234025,left,False,"{'safe_roi': (450, 80, 1500, 420), 'cylinder_roi': (800, 190, 1000, 300)}",ok_cylinder_inside_confirmed
2026-09-05 06:45:56,2026-09-05,825997,198,4,104.73005676269531,,34.98371887207031,0.5386195778846741,811.2134399414062,181.13670349121094,989.9428100585938,297.000244140625,178.7293701171875,115.86354064941406,20708.217639816925,900.578125,239.0684814453125,1920,1080,822.3377685546875,201.61805725097656,925.3135986328125,220.70635986328125,102.975830078125,19.088302612304688,10.501538780819597,left,False,"{'safe_roi': (450, 80, 1500, 420), 'cylinder_roi': (800, 190, 1000, 300)}",ok_cylinder_inside_confirmed
2026-09-05 06:46:01,2026-09-05,826113,198,4,103.43853759765625,,31.53839111328125,0.5762967467308044,815.1611328125,182.92202758789062,989.95703125,298.7625732421875,174.7958984375,115.84054565429688,20248.45225313306,902.55908203125,240.84230041503906,1920,1080,826.2081298828125,202.77426147460938,928.1458740234375,220.3306884765625,101.937744140625,17.556427001953125,9.772010560800934,left,False,"{'safe_roi': (450, 80, 1500, 420), 'cylinder_roi': (800, 190, 1000, 300)}",ok_cylinder_inside_confirmed
2026-09-05 06:46:06,2026-09-05,826228,198,4,100.7728042602539,,35.45323181152344,0.6000685691833496,815.03076171875,182.9621124267578,992.542236328125,299.52423095703125,177.511474609375,116.56211853027344,20691.113543901592,903.7864990234375,241.2431640625,1920,1080,823.5159301757812,201.96156311035156,922.567626953125,220.50662231445312,99.05169677734375,18.545059204101562,10.604492133159269,left,False,"{'safe_roi': (450, 80, 1500, 420), 'cylinder_roi': (800, 190, 1000, 300)}",ok_cylinder_inside_confirmed
2026-09-05 06:46:11,2026-09-05,826339,198,4,100.88713073730469,,33.575836181640625,0.44467589259147644,813.020751953125,183.07980346679688,990.13427734375,298.1522521972656,177.113525390625,115.07244873046875,20380.88706998527,901.5775146484375,240.61602783203125,1920,1080,825.0220947265625,200.57757568359375,923.7731323242188,221.2281494140625,98.75103759765625,20.65057373046875,11.811344693689259,left,False,"{'safe_roi': (450, 80, 1500, 420), 'cylinder_roi': (800, 190, 1000, 300)}",ok_cylinder_inside_confirmed
2026-09-05 06:46:16,2026-09-05,826453,198,4,104.17721557617188,,32.78199768066406,0.4810890853404999,809.000244140625,181.14364624023438,989.6610107421875,297.6764831542969,180.6607666015625,116.5328369140625,21052.911651149392,899.3306274414062,239.41006469726562,1920,1080,823.5079345703125,202.4694061279297,925.2760009765625,224.74388122558594,101.76806640625,22.27447509765625,12.345916403754186,left,False,"{'safe_roi': (450, 80, 1500, 420), 'cylinder_roi': (800, 190, 1000, 300)}",ok_cylinder_inside_confirmed
2026-09-05 06:46:21,2026-09-05,826565,198,4,104.10607147216797,,32.70576477050781,0.46725043654441833,811.8016967773438,185.7451171875,988.8342895507812,302.7929382324219,177.0325927734375,117.04782104492188,20721.279238063842,900.3179931640625,244.26902770996094,1920,1080,822.2974853515625,200.3018035888672,923.936279296875,222.83245849609375,101.6387939453125,22.530654907226562,12.498859160136426,left,False,"{'safe_roi': (450, 80, 1500, 420), 'cylinder_roi': (800, 190, 1000, 300)}",ok_cylinder_inside_confirmed
2026-09-05 06:46:26,2026-09-05,826678,198,4,104.68348693847656,,34.79119873046875,0.5250444412231445,810.1053466796875,183.32200622558594,988.1878662109375,297.014404296875,178.08251953125,113.69239807128906,20246.628700084984,899.1466064453125,240.168212890625,1920,1080,819.6638793945312,204.78533935546875,922.8287963867188,222.55137634277344,103.1649169921875,17.766036987304688,9.771070818500734,left,False,"{'safe_roi': (450, 80, 1500, 420), 'cylinder_roi': (800, 190, 1000, 300)}",ok_cylinder_inside_confirmed
2026-09-05 06:46:31,2026-09-05,826792,198,4,101.7936019897461,,30.204833984375,0.5615736246109009,808.2976684570312,186.94207763671875,987.2597045898438,299.1224365234375,178.9620361328125,112.18035888671875,20076.025440476835,897.7786865234375,243.03225708007812,1920,1080,825.7183227539062,205.1100311279297,925.3976440429688,225.74908447265625,99.6793212890625,20.639053344726562,11.69804791346784,left,False,"{'safe_roi': (450, 80, 1500, 420), 'cylinder_roi': (800, 190, 1000, 300)}",ok_cylinder_inside_confirmed
2026-09-05 06:46:36,2026-09-05,826906,198,4,109.09320831298828,,32.27412414550781,0.47761890292167664,800.6593017578125,183.9687957763672,986.498779296875,294.203369140625,185.8394775390625,110.23457336425781,20485.935520755127,893.5790405273438,239.08609008789062,1920,1080,819.013916015625,204.76132202148438,926.2777099609375,224.65621948242188,107.2637939453125,19.8948974609375,10.50760579649772,left,False,"{'safe_roi': (450, 80, 1500, 420), 'cylinder_roi': (800, 190, 1000, 300)}",ok_cylinder_inside_confirmed
2026-09-05 06:47:29,2026-09-05,828116,198,5,110.63508605957031,,39.181793212890625,0.7649201154708862,847.8788452148438,185.279541015625,1053.943603515625,301.1335144042969,206.06475830078125,115.85397338867188,23873.421024521813,950.9112548828125,243.20652770996094,1920,1080,861.1583251953125,227.86228942871094,971.6763916015625,222.77511596679688,110.51806640625,5.0871734619140625,2.635478373375556,left,False,"{'safe_roi': (450, 80, 1500, 420), 'cylinder_roi': (800, 190, 1000, 300)}",ok_cylinder_inside_confirmed
2026-09-05 06:47:34,2026-09-05,828228,198,5,116.00578308105469,,42.84063720703125,0.7734820246696472,854.8629150390625,186.1746368408203,1056.6802978515625,303.38690185546875,201.8173828125,117.21226501464844,23655.472558781505,955.7716064453125,244.78076171875,1920,1080,859.711669921875,224.41275024414062,975.5966186523438,219.1193084716797,115.88494873046875,5.2934417724609375,2.6153628949394365,left,False,"{'safe_roi': (450, 80, 1500, 420), 'cylinder_roi': (800, 190, 1000, 300)}",ok_cylinder_inside_confirmed
2026-09-05 06:47:39,2026-09-05,828343,198,5,114.9710693359375,,39.76170349121094,0.7684676051139832,852.2760620117188,184.51791381835938,1057.2225341796875,301.1069030761719,204.94647216796875,116.5889892578125,23894.502042017877,954.749267578125,242.81240844726562,1920,1080,863.2666015625,222.2384033203125,978.2249755859375,220.52996826171875,114.9583740234375,1.70843505859375,0.8514291704465128,left,False,"{'safe_roi': (450, 80, 1500, 420), 'cylinder_roi': (800, 190, 1000, 300)}",ok_cylinder_inside_confirmed
2026-09-05 06:47:44,2026-09-05,828454,198,5,115.45909118652344,,43.971282958984375,0.7708042860031128,856.5958862304688,182.40374755859375,1053.2994384765625,300.8338317871094,196.70355224609375,118.43008422851562,23295.618260553107,954.9476318359375,241.61878967285156,1920,1080,861.512451171875,222.90087890625,976.8991088867188,218.8116455078125,115.38665771484375,4.0892333984375,2.0296783498251725,left,False,"{'safe_roi': (450, 80, 1500, 420), 'cylinder_roi': (800, 190, 1000, 300)}",ok_cylinder_inside_confirmed
2026-09-05 06:47:49,2026-09-05,828565,198,5,114.08369445800781,,38.660125732421875,0.7755821943283081,857.8989868164062,187.1610565185547,1045.762451171875,304.27288818359375,187.86346435546875,117.11183166503906,22001.034413608722,951.8306884765625,245.71697998046875,1920,1080,866.6575927734375,217.61782836914062,980.6737060546875,221.54409790039062,114.01611328125,3.92626953125,1.9722634644417694,left,False,"{'safe_roi': (450, 80, 1500, 420), 'cylinder_roi': (800, 190, 1000, 300)}",ok_cylinder_inside_confirmed
2026-09-05 06:47:54,2026-09-05,828679,198,5,110.48110961914062,,37.84869384765625,0.7739952206611633,858.5543212890625,186.31146240234375,1038.565673828125,303.5735778808594,180.0113525390625,117.26211547851562,21108.512008879334,948.5599975585938,244.94252014160156,1920,1080,866.8724365234375,215.21815490722656,977.281005859375,219.22113037109375,110.4085693359375,4.0029754638671875,2.0764075207737385,left,False,"{'safe_roi': (450, 80, 1500, 420), 'cylinder_roi': (800, 190, 1000, 300)}",ok_cylinder_inside_confirmed
2026-09-05 06:48:00,2026-09-05,828810,198,5,106.43767547607422,,37.22747802734375,0.7853766679763794,858.48095703125,187.8881072998047,1038.1307373046875,304.38055419921875,179.6497802734375,116.49244689941406,20927.842488994822,948.3058471679688,246.13433837890625,1920,1080,866.7868041992188,213.98779296875,973.1634521484375,217.59164428710938,106.37664794921875,3.603851318359375,1.9403368323115584,left,False,"{'safe_roi': (450, 80, 1500, 420), 'cylinder_roi': (800, 190, 1000, 300)}",ok_cylinder_inside_confirmed
2026-09-05 06:48:07,2026-09-05,828952,198,5,109.31014251708984,,39.258819580078125,0.7704978585243225,862.6265869140625,187.0169677734375,1037.0538330078125,304.3226013183594,174.42724609375,117.30563354492188,20461.298610523343,949.8402099609375,245.66978454589844,1920,1080,863.432373046875,211.75514221191406,972.6800537109375,215.45001220703125,109.2476806640625,3.6948699951171875,1.9370644016386587,left,False,"{'safe_roi': (450, 80, 1500, 420), 'cylinder_roi': (800, 190, 1000, 300)}",ok_cylinder_inside_confirmed
2026-09-05 06:48:13,2026-09-05,829093,198,5,105.14215087890625,,37.3455810546875,0.7801363468170166,862.2059936523438,185.124755859375,1039.2105712890625,304.0033874511719,177.00457763671875,118.87863159179688,21042.061974937096,950.708251953125,244.56407165527344,1920,1080,866.6841430664062,211.77008056640625,971.7213134765625,216.46737670898438,105.03717041015625,4.697296142578125,2.5605796771596987,left,False,"{'safe_roi': (450, 80, 1500, 420), 'cylinder_roi': (800, 190, 1000, 300)}",ok_cylinder_inside_confirmed
2026-09-05 06:48:26,2026-09-05,829372,198,5,106.24415588378906,,35.338958740234375,0.7512863278388977,861.545654296875,184.773681640625,1039.0965576171875,303.4007263183594,177.5509033203125,118.62704467773438,21062.338940750808,950.3211059570312,244.0872039794922,1920,1080,866.6983642578125,210.21099853515625,972.828125,215.1399688720703,106.1297607421875,4.9289703369140625,2.659069534268756,left,False,"{'safe_roi': (450, 80, 1500, 420), 'cylinder_roi': (800, 190, 1000, 300)}",ok_cylinder_inside_confirmed
2026-09-05 06:48:35,2026-09-05,829575,198,5,106.7677993774414,,35.43177795410156,0.7829452753067017,858.0574951171875,183.80032348632812,1037.5638427734375,302.8988952636719,179.50634765625,119.09857177734375,21378.94963082671,947.8106689453125,243.349609375,1920,1080,865.1079711914062,213.03533935546875,971.764892578125,217.89996337890625,106.65692138671875,4.8646240234375,2.61145165024014,left,False,"{'safe_roi': (450, 80, 1500, 420), 'cylinder_roi': (800, 190, 1000, 300)}",ok_cylinder_inside_confirmed
2026-09-05 06:48:40,2026-09-05,829690,198,5,107.6771240234375,,35.12339782714844,0.7603621482849121,859.913818359375,185.21656799316406,1036.6661376953125,304.9982604980469,176.7523193359375,119.78169250488281,21171.69196422212,948.2899780273438,245.107421875,1920,1080,864.1539306640625,211.01690673828125,971.6697998046875,216.90760803222656,107.515869140625,5.8907012939453125,3.136050629759366,left,False,"{'safe_roi': (450, 80, 1500, 420), 'cylinder_roi': (800, 190, 1000, 300)}",ok_cylinder_inside_confirmed
2026-09-05 06:48:45,2026-09-05,829804,198,5,106.82697296142578,,39.052398681640625,0.7783631682395935,856.7439575195312,188.1614227294922,1036.40625,304.93988037109375,179.66229248046875,116.77845764160156,20980.68541222345,946.5750732421875,246.5506591796875,1920,1080,862.7197265625,215.32984924316406,969.5448608398438,215.95628356933594,106.82513427734375,0.626434326171875,0.33598489594335385,left,False,"{'safe_roi': (450, 80, 1500, 420), 'cylinder_roi': (800, 190, 1000, 300)}",ok_cylinder_inside_confirmed
2026-09-05 06:48:50,2026-09-05,829915,198,5,106.94053649902344,,34.487457275390625,0.7684831619262695,858.8074951171875,184.80776977539062,1038.2320556640625,302.46697998046875,179.424560546875,117.65921020507812,21110.952085338533,948.519775390625,243.6373748779297,1920,1080,864.149169921875,215.62315368652344,971.076171875,217.3245849609375,106.927001953125,1.7014312744140625,0.911618235692523,left,False,"{'safe_roi': (450, 80, 1500, 420), 'cylinder_roi': (800, 190, 1000, 300)}",ok_cylinder_inside_confirmed
2026-09-05 06:48:55,2026-09-05,830029,198,5,107.8875732421875,,32.51585388183594,0.7776252031326294,856.4725341796875,187.2490997314453,1038.4757080078125,303.0061340332031,182.003173828125,115.75703430175781,21068.147635851055,947.47412109375,245.12762451171875,1920,1080,863.2000732421875,213.96473693847656,971.0048828125,218.18980407714844,107.8048095703125,4.225067138671875,2.2443774646588164,left,False,"{'safe_roi': (450, 80, 1500, 420), 'cylinder_roi': (800, 190, 1000, 300)}",ok_cylinder_inside_confirmed
2026-09-05 06:49:00,2026-09-05,830142,198,5,111.90178680419922,,32.77923583984375,0.7820573449134827,855.0684814453125,185.61181640625,1040.1260986328125,299.1854248046875,185.0576171875,113.5736083984375,21017.661345601082,947.5972900390625,242.39862060546875,1920,1080,861.7930908203125,214.88888549804688,973.6135864257812,219.15353393554688,111.82049560546875,4.2646484375,2.184107560718648,left,False,"{'safe_roi': (450, 80, 1500, 420), 'cylinder_roi': (800, 190, 1000, 300)}",ok_cylinder_inside_confirmed
2026-09-05 06:49:05,2026-09-05,830254,198,5,107.19084167480469,,33.96385192871094,0.781739354133606,857.3771362304688,187.0414581298828,1037.7608642578125,305.5216064453125,180.38372802734375,118.48014831542969,21371.89085036982,947.5689697265625,246.28152465820312,1920,1080,864.563720703125,213.65066528320312,971.644775390625,218.50088500976562,107.0810546875,4.8502197265625,2.59343081510889,left,False,"{'safe_roi': (450, 80, 1500, 420), 'cylinder_roi': (800, 190, 1000, 300)}",ok_cylinder_inside_confirmed
2026-09-05 06:49:10,2026-09-05,830376,198,5,107.03890991210938,,37.65533447265625,0.7774520516395569,857.208984375,184.754638671875,1039.035888671875,304.3974304199219,181.826904296875,119.64279174804688,21754.278444983065,948.1224365234375,244.57603454589844,1920,1080,862.9649047851562,212.58753967285156,969.8802490234375,217.72927856445312,106.91534423828125,5.1417388916015625,2.7533291567931624,left,False,"{'safe_roi': (450, 80, 1500, 420), 'cylinder_roi': (800, 190, 1000, 300)}",ok_cylinder_inside_confirmed
2026-09-05 06:49:15,2026-09-05,830488,198,5,106.87551879882812,,34.42047119140625,0.7586166262626648,859.279052734375,186.60662841796875,1038.7984619140625,302.63690185546875,179.5194091796875,116.0302734375,20829.68613445759,949.0387573242188,244.62176513671875,1920,1080,864.1868286132812,212.79476928710938,970.969482421875,217.2492218017578,106.78265380859375,4.4544525146484375,2.38871607968674,left,False,"{'safe_roi': (450, 80, 1500, 420), 'cylinder_roi': (800, 190, 1000, 300)}",ok_cylinder_inside_confirmed
2026-09-05 06:49:20,2026-09-05,830594,198,5,106.9091796875,,35.3529052734375,0.7761777639389038,856.1839599609375,185.3726348876953,1038.953857421875,302.1972961425781,182.7698974609375,116.82466125488281,21352.03135846369,947.5689086914062,243.78497314453125,1920,1080,863.46875,214.3236083984375,970.20361328125,220.42620849609375,106.73486328125,6.10260009765625,3.272341922716392,left,False,"{'safe_roi': (450, 80, 1500, 420), 'cylinder_roi': (800, 190, 1000, 300)}",ok_cylinder_inside_confirmed
2026-09-05 06:49:25,2026-09-05,830705,198,5,108.07361602783203,,35.63279724121094,0.7786892056465149,854.2100219726562,184.97544860839844,1037.229248046875,303.11090087890625,183.01922607421875,118.13545227050781,21621.059046476148,945.7196044921875,244.04318237304688,1920,1080,862.4707641601562,213.95159912109375,970.4200439453125,219.1341552734375,107.94927978515625,5.18255615234375,2.748612812714085,left,False,"{'safe_roi': (450, 80, 1500, 420), 'cylinder_roi': (800, 190, 1000, 300)}",ok_cylinder_inside_confirmed
2026-09-05 06:49:30,2026-09-05,830817,198,5,105.85396575927734,,35.10374450683594,0.7606937289237976,857.7128295898438,187.79519653320312,1039.3685302734375,304.829345703125,181.65570068359375,117.03414916992188,21259.92037137039,948.5406494140625,246.31227111816406,1920,1080,865.1048583984375,214.9649658203125,970.9036865234375,218.3811798095703,105.798828125,3.4162139892578125,1.8494218083562697,left,False,"{'safe_roi': (450, 80, 1500, 420), 'cylinder_roi': (800, 190, 1000, 300)}",ok_cylinder_inside_confirmed
2026-09-05 06:49:35,2026-09-05,830926,198,5,107.18321990966797,,35.9207763671875,0.7651235461235046,858.362548828125,188.53860473632812,1040.5860595703125,304.77496337890625,182.2235107421875,116.23635864257812,21180.997347738594,949.4743041992188,246.6567840576172,1920,1080,864.2802124023438,214.25314331054688,971.3424072265625,219.34523010253906,107.06219482421875,5.0920867919921875,2.723046952560222,left,False,"{'safe_roi': (450, 80, 1500, 420), 'cylinder_roi': (800, 190, 1000, 300)}",ok_cylinder_inside_confirmed
2026-09-05 06:49:40,2026-09-05,831040,198,5,106.96753692626953,,36.76097106933594,0.7049881815910339,856.4284057617188,187.0080108642578,1037.95458984375,304.7015380859375,181.52618408203125,117.69352722167969,21364.456887706183,947.1915283203125,245.85476684570312,1920,1080,862.6705322265625,213.09613037109375,969.5047607421875,218.43478393554688,106.834228515625,5.338653564453125,2.860769365711755,left,False,"{'safe_roi': (450, 80, 1500, 420), 'cylinder_roi': (800, 190, 1000, 300)}",ok_cylinder_inside_confirmed
2026-09-05 06:49:46,2026-09-05,831156,198,5,106.15338897705078,,36.467193603515625,0.7785425782203674,858.2152709960938,187.35890197753906,1038.9132080078125,304.53826904296875,180.69793701171875,117.17936706542969,21174.069889062084,948.564208984375,245.94857788085938,1920,1080,863.8324584960938,215.23660278320312,969.9130249023438,219.16796875,106.08056640625,3.931365966796875,2.1224211564155913,left,False,"{'safe_roi': (450, 80, 1500, 420), 'cylinder_roi': (800, 190, 1000, 300)}",ok_cylinder_inside_confirmed
2026-09-05 06:49:52,2026-09-05,831297,198,5,107.45600891113281,,34.58647155761719,0.7531304359436035,857.7614135742188,187.1464080810547,1038.3876953125,304.4097595214844,180.62628173828125,117.26335144042969,21180.84315485414,948.0745849609375,245.778076171875,1920,1080,863.9864501953125,213.63558959960938,971.1715087890625,221.26168823242188,107.18505859375,7.6260986328125,4.069673607601833,left,False,"{'safe_roi': (450, 80, 1500, 420), 'cylinder_roi': (800, 190, 1000, 300)}",ok_cylinder_inside_confirmed
2026-09-05 06:49:57,2026-09-05,831409,198,5,102.9161376953125,,35.68597412109375,0.7755040526390076,855.6803588867188,185.3589630126953,1036.780029296875,304.2486572265625,181.09967041015625,118.88969421386719,21530.88443729561,946.230224609375,244.80380249023438,1920,1080,863.9439697265625,215.00962829589844,966.768798828125,219.34381103515625,102.8248291015625,4.3341827392578125,2.413653067570101,left,False,"{'safe_roi': (450, 80, 1500, 420), 'cylinder_roi': (800, 190, 1000, 300)}",ok_cylinder_inside_confirmed
2026-09-05 06:50:02,2026-09-05,831520,198,5,91.46585845947266,,33.759307861328125,0.7826381325721741,856.7578125,187.54922485351562,1036.505615234375,305.0346374511719,179.747802734375,117.48541259765625,21117.74476777017,946.6317138671875,246.29193115234375,1920,1080,869.7288818359375,214.57052612304688,961.1033935546875,218.6573486328125,91.37451171875,4.086822509765625,2.560908137072808,left,False,"{'safe_roi': (450, 80, 1500, 420), 'cylinder_roi': (800, 190, 1000, 300)}",ok_cylinder_inside_confirmed
2026-09-05 06:50:07,2026-09-05,831631,198,5,105.21412658691406,,26.289321899414062,0.7467349767684937,858.016357421875,185.22325134277344,1041.5181884765625,304.16748046875,183.5018310546875,118.94422912597656,21826.48383800499,949.7672729492188,244.69537353515625,1920,1080,866.0318603515625,218.288330078125,970.9013671875,226.797119140625,104.8695068359375,8.5087890625,4.638642001242204,left,False,"{'safe_roi': (450, 80, 1500, 420), 'cylinder_roi': (800, 190, 1000, 300)}",ok_cylinder_inside_confirmed
2026-09-05 06:50:12,2026-09-05,831742,198,5,92.7646255493164,,32.545562744140625,0.7767994403839111,853.0851440429688,184.68402099609375,1038.0460205078125,302.33251953125,184.96087646484375,117.64849853515625,21760.369403835386,945.5655517578125,243.50827026367188,1920,1080,869.741943359375,220.31817626953125,962.505859375,220.68106079101562,92.763916015625,0.362884521484375,0.22413505559530594,left,False,"{'safe_roi': (450, 80, 1500, 420), 'cylinder_roi': (800, 190, 1000, 300)}",ok_cylinder_inside_confirmed
2026-09-05 06:50:17,2026-09-05,831851,198,5,106.12699890136719,,32.76710510253906,0.7222986817359924,855.858154296875,186.21519470214844,1039.18359375,303.3283996582031,183.325439453125,117.11320495605469,21469.829764332622,947.5208740234375,244.77178955078125,1920,1080,862.2418823242188,218.5406951904297,968.3426513671875,220.90020751953125,106.10076904296875,2.3595123291015625,1.2739570132308868,left,False,"{'safe_roi': (450, 80, 1500, 420), 'cylinder_roi': (800, 190, 1000, 300)}",ok_cylinder_inside_confirmed
2026-09-05 06:50:22,2026-09-05,831963,198,5,105.110107421875,,28.706512451171875,0.7622742056846619,856.21435546875,185.2932586669922,1039.4163818359375,300.81512451171875,183.2020263671875,115.52186584472656,21163.839912472293,947.8153686523438,243.05419921875,1920,1080,864.3563232421875,216.1177520751953,969.1884765625,223.7567138671875,104.8321533203125,7.6389617919921875,4.167691379168951,left,False,"{'safe_roi': (450, 80, 1500, 420), 'cylinder_roi': (800, 190, 1000, 300)}",ok_cylinder_inside_confirmed
2026-09-05 06:50:27,2026-09-05,832073,198,5,106.98178100585938,,32.34417724609375,0.7670703530311584,856.59814453125,185.8177032470703,1039.1378173828125,302.8222351074219,182.5396728515625,117.00453186035156,21357.968967938796,947.8679809570312,244.31997680664062,1920,1080,863.3771362304688,219.8774871826172,970.1614990234375,226.37374877929688,106.78436279296875,6.4962615966796875,3.4813169838014217,left,False,"{'safe_roi': (450, 80, 1500, 420), 'cylinder_roi': (800, 190, 1000, 300)}",ok_cylinder_inside_confirmed
2026-09-05 06:50:32,2026-09-05,832183,198,5,95.48394775390625,,35.062774658203125,0.7873862385749817,856.080810546875,185.48585510253906,1041.0028076171875,301.07342529296875,184.9219970703125,115.58757019042969,21374.68431611918,948.5418090820312,243.27963256835938,1920,1080,866.0887451171875,219.63275146484375,961.5718994140625,220.0228271484375,95.483154296875,0.39007568359375,0.23406815779298493,left,False,"{'safe_roi': (450, 80, 1500, 420), 'cylinder_roi': (800, 190, 1000, 300)}",ok_cylinder_inside_confirmed
2026-09-05 06:53:59,2026-09-05,836785,198,6,97.4951171875,,29.517257690429688,0.7538182139396667,863.3157958984375,185.8779296875,1033.7861328125,304.1500549316406,170.4703369140625,118.27212524414062,20161.88903791085,948.5509643554688,245.0139923095703,1920,1080,868.8198852539062,203.16542053222656,965.5731201171875,215.16998291015625,96.75323486328125,12.004562377929688,7.0727716455030185,left,False,"{'safe_roi': (450, 80, 1500, 420), 'cylinder_roi': (800, 190, 1000, 300)}",ok_cylinder_inside_confirmed
2026-09-05 06:54:08,2026-09-05,836986,198,6,96.54115295410156,,30.116165161132812,0.7767055034637451,862.4927978515625,186.05996704101562,1035.048095703125,302.7491455078125,172.5552978515625,116.68917846679688,20135.335946392268,948.7704467773438,244.40455627441406,1920,1080,869.2230834960938,205.01953125,965.1522216796875,215.87286376953125,95.92913818359375,10.85333251953125,6.454941976347357,left,False,"{'safe_roi': (450, 80, 1500, 420), 'cylinder_roi': (800, 190, 1000, 300)}",ok_cylinder_inside_confirmed
2026-09-05 06:54:13,2026-09-05,837097,198,6,96.6463394165039,,29.2838134765625,0.7754594683647156,861.69091796875,186.1153106689453,1033.9072265625,303.19769287109375,172.21630859375,117.08238220214844,20163.495664216578,947.799072265625,244.656494140625,1920,1080,869.6163330078125,204.95460510253906,965.4608764648438,217.37789916992188,95.84454345703125,12.423294067382812,7.385456052061432,left,False,"{'safe_roi': (450, 80, 1500, 420), 'cylinder_roi': (800, 190, 1000, 300)}",ok_cylinder_inside_confirmed
2026-09-05 06:54:20,2026-09-05,837253,198,6,97.08686828613281,,31.505859375,0.777841329574585,863.5125122070312,186.65818786621094,1035.22900390625,303.48388671875,171.71649169921875,116.82569885253906,20060.899147267453,949.3707275390625,245.071044921875,1920,1080,868.45703125,205.2157745361328,964.8430786132812,216.86009216308594,96.38604736328125,11.644317626953125,6.88847247628106,left,False,"{'safe_roi': (450, 80, 1500, 420), 'cylinder_roi': (800, 190, 1000, 300)}",ok_cylinder_inside_confirmed
2026-09-05 06:54:25,2026-09-05,837367,198,6,97.15824890136719,,30.050064086914062,0.7503224015235901,862.5296630859375,188.58895874023438,1034.991943359375,304.1667175292969,172.4622802734375,115.5777587890625,19932.80382965505,948.7608032226562,246.37783813476562,1920,1080,868.6580810546875,204.10061645507812,964.9722900390625,216.87942504882812,96.314208984375,12.77880859375,7.5577669212281755,left,False,"{'safe_roi': (450, 80, 1500, 420), 'cylinder_roi': (800, 190, 1000, 300)}",ok_cylinder_inside_confirmed
2026-09-05 06:54:30,2026-09-05,837480,198,6,97.305908203125,,32.01531982421875,0.7758338451385498,860.9625854492188,187.48880004882812,1033.4544677734375,304.820068359375,172.49188232421875,117.33126831054688,20238.691326374188,947.20849609375,246.15443420410156,1920,1080,867.8148193359375,206.77041625976562,964.6289672851562,216.54083251953125,96.81414794921875,9.770416259765625,5.76273900994696,left,False,"{'safe_roi': (450, 80, 1500, 420), 'cylinder_roi': (800, 190, 1000, 300)}",ok_cylinder_inside_confirmed
2026-09-05 06:54:35,2026-09-05,837594,198,6,101.49956512451172,,31.194747924804688,0.7745774388313293,860.6364135742188,187.87738037109375,1033.2108154296875,304.8305358886719,172.57440185546875,116.95315551757812,20183.12085855566,946.923583984375,246.3539581298828,1920,1080,864.9095458984375,208.7646484375,965.8997192382812,218.92074584960938,100.99017333984375,10.156097412109375,5.74265452785127,left,False,"{'safe_roi': (450, 80, 1500, 420), 'cylinder_roi': (800, 190, 1000, 300)}",ok_cylinder_inside_confirmed
2026-09-05 06:54:40,2026-09-05,837703,198,6,98.14874267578125,,30.240142822265625,0.7777915000915527,862.5298461914062,189.42352294921875,1036.357421875,306.0538024902344,173.82757568359375,116.63027954101562,20273.55874391459,949.443603515625,247.73866271972656,1920,1080,868.8685302734375,208.869873046875,966.53564453125,218.58123779296875,97.6671142578125,9.71136474609375,5.678444039154853,left,False,"{'safe_roi': (450, 80, 1500, 420), 'cylinder_roi': (800, 190, 1000, 300)}",ok_cylinder_inside_confirmed
2026-09-05 06:54:45,2026-09-05,837817,198,6,101.34315490722656,,30.22900390625,0.7799046635627747,859.1669921875,188.8421630859375,1035.3941650390625,304.3672180175781,176.2271728515625,115.52505493164062,20358.653824124485,947.2805786132812,246.6046905517578,1920,1080,867.4902954101562,206.6593017578125,968.102783203125,218.80682373046875,100.61248779296875,12.14752197265625,6.884325503328473,left,False,"{'safe_roi': (450, 80, 1500, 420), 'cylinder_roi': (800, 190, 1000, 300)}",ok_cylinder_inside_confirmed
2026-09-05 06:54:50,2026-09-05,837930,198,6,101.86038970947266,,30.240463256835938,0.7687228322029114,863.8098754882812,190.01467895507812,1034.9613037109375,304.508544921875,171.15142822265625,114.49386596679688,19595.78868295066,949.3856201171875,247.26161193847656,1920,1080,868.573486328125,209.00706481933594,969.492919921875,222.82037353515625,100.91943359375,13.813308715820312,7.793906556033614,left,False,"{'safe_roi': (450, 80, 1500, 420), 'cylinder_roi': (800, 190, 1000, 300)}",ok_cylinder_inside_confirmed
2026-09-05 06:54:55,2026-09-05,838041,198,6,91.04508209228516,,31.541213989257812,0.7798747420310974,862.402587890625,188.62081909179688,1035.22900390625,303.4754943847656,172.826416015625,114.85467529296875,19849.921893522143,948.8157958984375,246.04815673828125,1920,1080,870.4086303710938,208.829345703125,960.9400024414062,218.48736572265625,90.5313720703125,9.65802001953125,6.089366883546222,left,False,"{'safe_roi': (450, 80, 1500, 420), 'cylinder_roi': (800, 190, 1000, 300)}",ok_cylinder_inside_confirmed
2026-09-05 06:55:02,2026-09-05,838191,198,6,99.81918334960938,,26.969955444335938,0.7790606617927551,862.4100952148438,189.1953125,1036.751220703125,304.6144104003906,174.34112548828125,115.41909790039062,20122.29543079622,949.5806884765625,246.9048614501953,1920,1080,868.7031860351562,209.10195922851562,967.783935546875,221.22113037109375,99.08074951171875,12.119171142578125,6.97355647249985,left,False,"{'safe_roi': (450, 80, 1500, 420), 'cylinder_roi': (800, 190, 1000, 300)}",ok_cylinder_inside_confirmed
2026-09-05 06:55:07,2026-09-05,838301,198,6,99.81688690185547,,28.024169921875,0.7812168598175049,861.3790283203125,188.2301025390625,1035.9190673828125,304.41278076171875,174.5400390625,116.18267822265625,20278.52919536829,948.6490478515625,246.32144165039062,1920,1080,868.517822265625,211.04299926757812,967.8027954101562,221.333984375,99.28497314453125,10.290985107421875,5.917632189173372,left,False,"{'safe_roi': (450, 80, 1500, 420), 'cylinder_roi': (800, 190, 1000, 300)}",ok_cylinder_inside_confirmed
2026-09-05 06:55:12,2026-09-05,838414,198,6,101.71512603759766,,29.420440673828125,0.7869704961776733,862.3529052734375,188.47576904296875,1038.3109130859375,304.53643798828125,175.9580078125,116.0606689453125,20421.804093003273,950.3319091796875,246.506103515625,1920,1080,869.1634521484375,209.69113159179688,970.1317749023438,221.99417114257812,100.96832275390625,12.30303955078125,6.947270569450765,left,False,"{'safe_roi': (450, 80, 1500, 420), 'cylinder_roi': (800, 190, 1000, 300)}",ok_cylinder_inside_confirmed
2026-09-05 06:55:17,2026-09-05,838527,198,6,100.94833374023438,,28.219329833984375,0.7840585112571716,860.760009765625,188.30123901367188,1037.474609375,304.7947998046875,176.714599609375,116.49356079101562,20586.112952254713,949.1173095703125,246.5480194091797,1920,1080,867.3339233398438,211.27987670898438,967.8363647460938,220.75750732421875,100.50244140625,9.477630615234375,5.387203055892473,left,False,"{'safe_roi': (450, 80, 1500, 420), 'cylinder_roi': (800, 190, 1000, 300)}",ok_cylinder_inside_confirmed
2026-09-05 06:55:22,2026-09-05,838638,198,6,95.93566131591797,,27.507431030273438,0.7878020405769348,859.072509765625,188.63177490234375,1037.7972412109375,304.44580078125,178.7247314453125,115.81402587890625,20698.83067280799,948.4348754882812,246.53878784179688,1920,1080,866.2659912109375,213.64498901367188,961.9112548828125,221.10385131835938,95.645263671875,7.4588623046875,4.459166231457642,left,False,"{'safe_roi': (450, 80, 1500, 420), 'cylinder_roi': (800, 190, 1000, 300)}",ok_cylinder_inside_confirmed
2026-09-05 06:55:27,2026-09-05,838748,198,6,97.99256896972656,,29.4300537109375,0.7767901420593262,859.7274169921875,188.31790161132812,1034.705322265625,304.68475341796875,174.9779052734375,116.36685180664062,20361.627972390503,947.2163696289062,246.50132751464844,1920,1080,865.9356079101562,216.76312255859375,963.6663208007812,223.922119140625,97.730712890625,7.15899658203125,4.189563026369863,left,False,"{'safe_roi': (450, 80, 1500, 420), 'cylinder_roi': (800, 190, 1000, 300)}",ok_cylinder_inside_confirmed
2026-09-05 06:55:50,2026-09-05,839259,198,7,102.1819839477539,,31.291885375976562,0.7697012424468994,857.2114868164062,187.70535278320312,1035.0462646484375,303.97454833984375,177.83477783203125,116.26919555664062,20676.70656052418,946.12890625,245.83995056152344,1920,1080,864.21484375,218.93106079101562,966.3216552734375,222.84983825683594,102.1068115234375,3.9187774658203125,2.1978873149156177,left,False,"{'safe_roi': (450, 80, 1500, 420), 'cylinder_roi': (800, 190, 1000, 300)}",ok_cylinder_inside_confirmed
2026-09-05 06:55:55,2026-09-05,839382,198,7,103.8376693725586,,31.377273559570312,0.7683780789375305,856.7357788085938,188.96897888183594,1031.70849609375,303.3782958984375,174.97271728515625,114.40931701660156,20018.50908113364,944.22216796875,246.17364501953125,1920,1080,863.2988891601562,219.41697692871094,967.09765625,222.25897216796875,103.79876708984375,2.8419952392578125,1.5683583295294743,left,False,"{'safe_roi': (450, 80, 1500, 420), 'cylinder_roi': (800, 190, 1000, 300)}",ok_cylinder_inside_confirmed
2026-09-05 06:56:02,2026-09-05,839532,198,7,93.93248748779297,,32.12043762207031,0.7731797099113464,857.9523315429688,189.559326171875,1034.1358642578125,304.54998779296875,176.18353271484375,114.99066162109375,20259.4609936215,946.0440673828125,247.05465698242188,1920,1080,866.7774658203125,220.345458984375,960.7086181640625,219.84490966796875,93.93115234375,0.50054931640625,0.3053203446006436,left,False,"{'safe_roi': (450, 80, 1500, 420), 'cylinder_roi': (800, 190, 1000, 300)}",ok_cylinder_inside_confirmed
2026-09-05 06:56:07,2026-09-05,839658,198,7,102.521240234375,,30.670135498046875,0.7839027047157288,855.9902954101562,188.6521453857422,1035.4263916015625,304.695556640625,179.43609619140625,116.04341125488281,20822.376704310067,945.7083740234375,246.67385864257812,1920,1080,861.0242309570312,220.22213745117188,963.4895629882812,223.60736083984375,102.46533203125,3.385223388671875,1.8922350315448473,left,False,"{'safe_roi': (450, 80, 1500, 420), 'cylinder_roi': (800, 190, 1000, 300)}",ok_cylinder_inside_confirmed
2026-09-05 06:56:12,2026-09-05,839770,198,7,93.78604125976562,,31.46240234375,0.7830745577812195,857.4154052734375,188.95071411132812,1034.58154296875,304.04449462890625,177.1661376953125,115.09378051757812,20390.72056705132,945.9984741210938,246.4976043701172,1920,1080,866.4578857421875,219.81951904296875,960.2283325195312,221.52976989746094,93.77044677734375,1.7102508544921875,1.044884565745483,left,False,"{'safe_roi': (450, 80, 1500, 420), 'cylinder_roi': (800, 190, 1000, 300)}",ok_cylinder_inside_confirmed
2026-09-05 06:56:17,2026-09-05,839881,198,7,102.47393035888672,,32.92608642578125,0.7781611084938049,854.81787109375,188.23193359375,1033.76123046875,303.37347412109375,178.943359375,115.14154052734375,20603.8140655756,944.28955078125,245.80270385742188,1920,1080,863.5244750976562,222.86859130859375,965.9698486328125,225.2877655029297,102.44537353515625,2.4191741943359375,1.352747428133471,left,False,"{'safe_roi': (450, 80, 1500, 420), 'cylinder_roi': (800, 190, 1000, 300)}",ok_cylinder_inside_confirmed
2026-09-05 06:56:22,2026-09-05,839994,198,7,99.9551773071289,,29.13177490234375,0.7697150111198425,856.5903930664062,188.380126953125,1038.199951171875,302.3570861816406,181.60955810546875,113.97695922851562,20699.30519969575,947.3951416015625,245.3686065673828,1920,1080,867.157958984375,225.3876190185547,967.107177734375,226.47894287109375,99.94921875,1.0913238525390625,0.6255753363864643,left,False,"{'safe_roi': (450, 80, 1500, 420), 'cylinder_roi': (800, 190, 1000, 300)}",ok_cylinder_inside_confirmed
2026-09-05 06:57:56,2026-09-05,842079,198,8,98.81410217285156,,30.388214111328125,0.783722460269928,850.8114013671875,190.41334533691406,1033.05029296875,302.2163391113281,182.2388916015625,111.80299377441406,20374.85366318561,941.9308471679688,246.31484985351562,1920,1080,861.4939575195312,227.584228515625,960.3020629882812,226.49569702148438,98.80810546875,1.088531494140625,0.6311803798027391,left,False,"{'safe_roi': (450, 80, 1500, 420), 'cylinder_roi': (800, 190, 1000, 300)}",ok_cylinder_inside_confirmed
2026-09-05 06:58:01,2026-09-05,842191,198,8,101.36905670166016,,35.57843017578125,0.762064516544342,853.5390014648438,190.2378387451172,1031.7493896484375,300.5091552734375,178.21038818359375,110.27131652832031,19651.4941240279,942.6441650390625,245.37350463867188,1920,1080,860.0277099609375,228.1987762451172,961.3953857421875,228.72784423828125,101.36767578125,0.5290679931640625,0.29904096743448305,left,False,"{'safe_roi': (450, 80, 1500, 420), 'cylinder_roi': (800, 190, 1000, 300)}",ok_cylinder_inside_confirmed
2026-09-05 07:10:57,2026-09-05,859514,198,9,101.94415283203125,,32.37516784667969,0.7895082235336304,861.6209716796875,187.73284912109375,1042.253173828125,306.2403869628906,180.6322021484375,118.50753784179688,21406.27753155306,951.9370727539062,246.9866180419922,1920,1080,870.2688598632812,208.2311248779297,971.4202880859375,220.919677734375,101.15142822265625,12.688552856445312,7.149902934606243,left,False,"{'safe_roi': (450, 80, 1500, 420), 'cylinder_roi': (800, 190, 1000, 300)}",ok_cylinder_inside_confirmed
2026-09-05 07:11:17,2026-09-05,859953,198,9,106.7137451171875,,35.93708801269531,0.7379185557365417,861.7083740234375,184.80361938476562,1040.5853271484375,302.78961181640625,178.876953125,117.98599243164062,21104.974837601185,951.1468505859375,243.79661560058594,1920,1080,866.6262817382812,230.80296325683594,973.2975463867188,227.79226684570312,106.6712646484375,3.0106964111328125,1.61669045344151,left,False,"{'safe_roi': (450, 80, 1500, 420), 'cylinder_roi': (800, 190, 1000, 300)}",ok_cylinder_inside_confirmed
2026-09-05 07:11:22,2026-09-05,860067,198,9,108.28913879394531,,34.059783935546875,0.7335968613624573,860.0148315429688,187.5835418701172,1043.673583984375,303.1998291015625,183.65875244140625,115.61628723144531,21233.943074834533,951.84423828125,245.39169311523438,1920,1080,867.9342041015625,228.95669555664062,976.2215576171875,228.335205078125,108.287353515625,0.621490478515625,0.3288324010410591,left,False,"{'safe_roi': (450, 80, 1500, 420), 'cylinder_roi': (800, 190, 1000, 300)}",ok_cylinder_inside_confirmed
2026-09-05 07:11:27,2026-09-05,860180,198,9,109.98184204101562,,37.637725830078125,0.7409074902534485,858.8514404296875,185.59567260742188,1045.7279052734375,300.66888427734375,186.87646484375,115.07321166992188,21504.474995091558,952.2896728515625,243.1322784423828,1920,1080,865.2333984375,229.9049072265625,975.177490234375,227.0235595703125,109.944091796875,2.88134765625,1.501229188342576,left,False,"{'safe_roi': (450, 80, 1500, 420), 'cylinder_roi': (800, 190, 1000, 300)}",ok_cylinder_inside_confirmed
2026-09-05 07:11:32,2026-09-05,860292,198,9,109.336181640625,,41.901275634765625,0.7455539703369141,855.2047729492188,186.8907928466797,1046.735107421875,301.9892578125,191.53033447265625,115.09846496582031,22044.847492192872,950.969970703125,244.44003295898438,1920,1080,864.2939453125,232.06710815429688,973.408447265625,225.1082763671875,109.114501953125,6.958831787109375,3.649124892307959,left,False,"{'safe_roi': (450, 80, 1500, 420), 'cylinder_roi': (800, 190, 1000, 300)}",ok_cylinder_inside_confirmed
2026-09-05 07:11:37,2026-09-05,860416,198,9,107.29999542236328,,34.1148681640625,0.7619744539260864,854.3080444335938,186.25633239746094,1052.686279296875,302.1613464355469,198.37823486328125,115.90501403808594,22993.032096679322,953.4971923828125,244.20883178710938,1920,1080,866.58642578125,231.1851806640625,973.8502807617188,228.40045166015625,107.26385498046875,2.78472900390625,1.4871494904575713,left,False,"{'safe_roi': (450, 80, 1500, 420), 'cylinder_roi': (800, 190, 1000, 300)}",ok_cylinder_inside_confirmed
2026-09-05 07:11:42,2026-09-05,860527,198,9,110.88765716552734,,33.23957824707031,0.7725803852081299,853.4708251953125,187.0137481689453,1052.7623291015625,303.29400634765625,199.29150390625,116.28025817871094,23173.66752704233,953.1165771484375,245.15386962890625,1920,1080,863.8065185546875,228.5808563232422,974.691162109375,229.3982391357422,110.8846435546875,0.8173828125,0.42234646437275014,left,False,"{'safe_roi': (450, 80, 1500, 420), 'cylinder_roi': (800, 190, 1000, 300)}",ok_cylinder_inside_confirmed
2026-09-05 07:11:47,2026-09-05,860641,198,9,110.6923828125,,32.21382141113281,0.7827866077423096,852.9603271484375,185.89697265625,1053.253662109375,302.0203552246094,200.2933349609375,116.12338256835938,23258.739561561495,953.1069946289062,243.9586639404297,1920,1080,862.6099853515625,231.50234985351562,973.2955322265625,230.2720947265625,110.685546875,1.230255126953125,0.6368087431849101,left,False,"{'safe_roi': (450, 80, 1500, 420), 'cylinder_roi': (800, 190, 1000, 300)}",ok_cylinder_inside_confirmed
2026-09-05 07:11:56,2026-09-05,860835,198,9,117.64205169677734,,41.81562805175781,0.7765339612960815,842.7228393554688,186.76388549804688,1047.8260498046875,303.27813720703125,205.10321044921875,116.51425170898438,23897.447088601068,945.2744140625,245.02101135253906,1920,1080,855.3201904296875,247.31735229492188,971.8756103515625,231.36471557617188,116.555419921875,15.95263671875,7.793500443880978,left,False,"{'safe_roi': (450, 80, 1500, 420), 'cylinder_roi': (800, 190, 1000, 300)}",ok_cylinder_inside_confirmed
2026-09-05 07:12:01,2026-09-05,860945,198,9,117.4212646484375,,40.886749267578125,0.7707200646400452,842.1549072265625,186.90338134765625,1038.681640625,302.6220397949219,196.5267333984375,115.71865844726562,22741.80993789062,940.4182739257812,244.76271057128906,1920,1080,854.8297119140625,244.42715454101562,971.7672119140625,233.77944946289062,116.9375,10.647705078125,5.20270130523376,left,False,"{'safe_roi': (450, 80, 1500, 420), 'cylinder_roi': (800, 190, 1000, 300)}",ok_cylinder_inside_confirmed
2026-09-05 07:12:06,2026-09-05,861056,198,9,115.82070922851562,,42.17768859863281,0.7844051122665405,839.785888671875,185.02923583984375,1043.2169189453125,301.87298583984375,203.4310302734375,116.84375,23769.644443511963,941.5014038085938,243.45111083984375,1920,1080,852.5877685546875,243.6117401123047,967.908935546875,232.8662567138672,115.3211669921875,10.7454833984375,5.3233788671163556,left,False,"{'safe_roi': (450, 80, 1500, 420), 'cylinder_roi': (800, 190, 1000, 300)}",ok_cylinder_inside_confirmed
2026-09-05 07:12:11,2026-09-05,861169,198,9,116.58917999267578,,43.41679382324219,0.7817884683609009,845.7490844726562,186.14016723632812,1040.8348388671875,303.3293762207031,195.08575439453125,117.189208984375,22861.945241615176,943.2919921875,244.73477172851562,1920,1080,855.0067138671875,242.88002014160156,971.1842041015625,233.0908203125,116.177490234375,9.789199829101562,4.816406935770783,left,False,"{'safe_roi': (450, 80, 1500, 420), 'cylinder_roi': (800, 190, 1000, 300)}",ok_cylinder_inside_confirmed
2026-09-05 07:12:16,2026-09-05,861278,198,9,113.0470199584961,,37.774322509765625,0.7716338038444519,848.3314819335938,186.753662109375,1039.52392578125,304.9367370605469,191.19244384765625,118.18307495117188,22595.71092134528,943.927734375,245.84519958496094,1920,1080,858.3636474609375,242.7247314453125,970.7677612304688,230.68548583984375,112.40411376953125,12.03924560546875,6.113461422207199,left,False,"{'safe_roi': (450, 80, 1500, 420), 'cylinder_roi': (800, 190, 1000, 300)}",ok_cylinder_inside_confirmed
2026-09-05 07:12:21,2026-09-05,861391,198,9,114.716552734375,,36.016265869140625,0.7789153456687927,849.33935546875,187.5860595703125,1044.9197998046875,303.41632080078125,195.5804443359375,115.83026123046875,22654.133959002793,947.1295776367188,245.50119018554688,1920,1080,859.1890869140625,238.8548126220703,973.439208984375,228.5205078125,114.2501220703125,10.334304809570312,5.168529116651773,left,False,"{'safe_roi': (450, 80, 1500, 420), 'cylinder_roi': (800, 190, 1000, 300)}",ok_cylinder_inside_confirmed
2026-09-05 07:12:26,2026-09-05,861504,198,9,101.71186065673828,,32.38690185546875,0.777559220790863,846.0838623046875,184.13372802734375,1034.71533203125,296.1586608886719,188.6314697265625,112.02493286132812,21131.427731651813,940.3995971679688,240.1461944580078,1920,1080,860.607421875,235.3123779296875,961.9334716796875,226.46173095703125,101.3260498046875,8.85064697265625,4.9920124566026605,left,False,"{'safe_roi': (450, 80, 1500, 420), 'cylinder_roi': (800, 190, 1000, 300)}",ok_cylinder_inside_confirmed
2026-09-05 07:12:43,2026-09-05,861885,198,9,110.52818298339844,,37.64881896972656,0.776446521282196,845.6409301757812,185.48822021484375,1035.51806640625,301.14642333984375,189.87713623046875,115.658203125,21960.84839093685,940.5794677734375,243.31732177734375,1920,1080,858.712890625,237.84657287597656,968.7899169921875,227.8702392578125,110.0770263671875,9.976333618164062,5.17859606617154,left,False,"{'safe_roi': (450, 80, 1500, 420), 'cylinder_roi': (800, 190, 1000, 300)}",ok_cylinder_inside_confirmed
2026-09-05 07:12:48,2026-09-05,862001,198,9,96.65739440917969,,31.02984619140625,0.7745580673217773,845.2252807617188,184.04991149902344,1033.5126953125,297.95806884765625,188.28741455078125,113.90815734863281,21447.472443417646,939.3690185546875,241.00399780273438,1920,1080,862.4423828125,233.36917114257812,958.7913208007812,225.6533660888672,96.34893798828125,7.7158050537109375,4.578583343467091,left,False,"{'safe_roi': (450, 80, 1500, 420), 'cylinder_roi': (800, 190, 1000, 300)}",ok_cylinder_inside_confirmed
2026-09-05 07:21:15,2026-09-05,873304,198,10,118.51525115966797,,44.13372802734375,0.738994836807251,826.3325805664062,185.02340698242188,1032.977294921875,293.03497314453125,206.64471435546875,108.01156616210938,22320.019236655906,929.6549072265625,239.02919006347656,1920,1080,829.138916015625,206.81997680664062,947.548828125,211.81565856933594,118.409912109375,4.9956817626953125,2.4158605368309503,left,False,"{'safe_roi': (450, 80, 1500, 420), 'cylinder_roi': (800, 190, 1000, 300)}",ok_cylinder_inside_confirmed
2026-09-05 07:21:20,2026-09-05,873416,198,10,121.49803161621094,,37.68988037109375,0.7423779368400574,828.3299560546875,184.40240478515625,1022.3106689453125,292.4054870605469,193.980712890625,108.00308227539062,20950.5148941651,925.3203125,238.40394592285156,1920,1080,832.279296875,209.48629760742188,953.5740966796875,216.51071166992188,121.2947998046875,7.0244140625,3.3144063121136624,left,False,"{'safe_roi': (450, 80, 1500, 420), 'cylinder_roi': (800, 190, 1000, 300)}",ok_cylinder_inside_confirmed
2026-09-05 07:21:26,2026-09-05,873531,198,10,117.35279083251953,,43.95051574707031,0.7150654792785645,828.1030883789062,185.94671630859375,1012.5496215820312,294.8894348144531,184.446533203125,108.94271850585938,20094.10674612969,920.3263549804688,240.41807556152344,1920,1080,830.1654663085938,205.54373168945312,947.129150390625,215.09226989746094,116.96368408203125,9.548538208007812,4.667093098069668,left,False,"{'safe_roi': (450, 80, 1500, 420), 'cylinder_roi': (800, 190, 1000, 300)}",ok_cylinder_inside_confirmed
2026-09-05 07:21:32,2026-09-05,873668,198,10,116.26882934570312,,36.13958740234375,0.7367224097251892,827.3042602539062,185.74432373046875,1011.2175903320312,293.192626953125,183.913330078125,107.44830322265625,19761.17525692284,919.2609252929688,239.46847534179688,1920,1080,831.8524780273438,208.7786102294922,947.83056640625,216.9958953857422,115.97808837890625,8.21728515625,4.052750789857749,left,False,"{'safe_roi': (450, 80, 1500, 420), 'cylinder_roi': (800, 190, 1000, 300)}",ok_cylinder_inside_confirmed
2026-09-05 07:21:37,2026-09-05,873780,198,10,115.23357391357422,,35.99847412109375,0.7534313797950745,825.7271728515625,184.45663452148438,1011.4080810546875,295.9412536621094,185.680908203125,111.484619140625,20700.565332710743,918.567626953125,240.19894409179688,1920,1080,831.273681640625,209.9106903076172,946.1235961914062,219.30609130859375,114.84991455078125,9.395401000976562,4.676719027649838,left,False,"{'safe_roi': (450, 80, 1500, 420), 'cylinder_roi': (800, 190, 1000, 300)}",ok_cylinder_inside_confirmed
2026-09-05 07:21:42,2026-09-05,873892,198,10,112.51187896728516,,38.7298583984375,0.682066023349762,827.4219360351562,182.939453125,1013.7612915039062,298.2908935546875,186.33935546875,115.3514404296875,21494.51306205988,920.5916137695312,240.61517333984375,1920,1080,831.7734375,205.8516845703125,943.6333618164062,217.9462890625,111.85992431640625,12.0946044921875,6.17100526271965,left,False,"{'safe_roi': (450, 80, 1500, 420), 'cylinder_roi': (800, 190, 1000, 300)}",ok_cylinder_inside_confirmed
2026-09-05 07:21:49,2026-09-05,874054,198,10,111.65384674072266,,36.32940673828125,0.7147418260574341,825.0451049804688,184.8417205810547,1016.4879760742188,298.636474609375,191.44287109375,113.79475402832031,21785.194426588714,920.7665405273438,241.73910522460938,1920,1080,833.623291015625,209.2720184326172,944.83349609375,219.2154541015625,111.210205078125,9.943435668945312,5.1092969771660695,left,False,"{'safe_roi': (450, 80, 1500, 420), 'cylinder_roi': (800, 190, 1000, 300)}",ok_cylinder_inside_confirmed
2026-09-05 07:21:54,2026-09-05,874171,198,10,113.5365219116211,,32.08280944824219,0.7223246693611145,824.6406860351562,183.18734741210938,1013.8577270507812,294.282470703125,189.217041015625,111.09512329101562,21021.09050039202,919.2492065429688,238.7349090576172,1920,1080,833.0543212890625,208.26393127441406,946.1863403320312,217.83929443359375,113.13201904296875,9.575363159179688,4.837917935203813,left,False,"{'safe_roi': (450, 80, 1500, 420), 'cylinder_roi': (800, 190, 1000, 300)}",ok_cylinder_inside_confirmed
2026-09-05 07:21:59,2026-09-05,874297,198,10,112.48162841796875,,36.4136962890625,0.6880830526351929,825.2640991210938,182.41050720214844,1015.1669311523438,298.31878662109375,189.90283203125,115.90827941894531,22011.310517527163,920.2155151367188,240.36465454101562,1920,1080,833.1887817382812,207.670654296875,945.16455078125,218.3263397216797,111.97576904296875,10.655685424804688,5.435933817581548,left,False,"{'safe_roi': (450, 80, 1500, 420), 'cylinder_roi': (800, 190, 1000, 300)}",ok_cylinder_inside_confirmed
2026-09-05 07:22:04,2026-09-05,874411,198,10,110.99596405029297,,35.21583557128906,0.7240718603134155,827.744384765625,183.37416076660156,1014.4649658203125,296.04443359375,186.7205810546875,112.67027282714844,21037.858809875324,921.1046752929688,239.70928955078125,1920,1080,834.2489013671875,208.77828979492188,945.0270385742188,215.728759765625,110.77813720703125,6.950469970703125,3.590160263105481,left,False,"{'safe_roi': (450, 80, 1500, 420), 'cylinder_roi': (800, 190, 1000, 300)}",ok_cylinder_inside_confirmed
2026-09-05 07:22:09,2026-09-05,874525,198,10,111.88932800292969,,39.067779541015625,0.7248932719230652,826.9318237304688,183.90447998046875,1012.5073852539062,297.94537353515625,185.5755615234375,114.0408935546875,21163.202858045697,919.7196044921875,240.9249267578125,1920,1080,831.92529296875,207.1878662109375,943.4796142578125,215.83975219726562,111.5543212890625,8.651885986328125,4.4348455197101755,left,False,"{'safe_roi': (450, 80, 1500, 420), 'cylinder_roi': (800, 190, 1000, 300)}",ok_cylinder_inside_confirmed
2026-09-05 07:22:22,2026-09-05,874796,198,10,113.80059814453125,,35.532135009765625,0.617962121963501,830.2778930664062,182.58126831054688,1013.2522583007812,296.2652893066406,182.974365234375,113.68402099609375,20801.261579051614,921.7650756835938,239.42327880859375,1920,1080,833.1539916992188,205.92259216308594,946.497314453125,216.1141357421875,113.34332275390625,10.191543579101562,5.138073272757677,left,False,"{'safe_roi': (450, 80, 1500, 420), 'cylinder_roi': (800, 190, 1000, 300)}",ok_cylinder_inside_confirmed
2026-09-05 07:22:30,2026-09-05,874985,198,10,110.38447570800781,,43.10882568359375,0.4937640130519867,824.5169677734375,182.6454620361328,1016.1513671875,299.1869201660156,191.6343994140625,116.54145812988281,22333.352335559204,920.3341674804688,240.91619873046875,1920,1080,833.2723999023438,203.0543212890625,942.8930053710938,216.01792907714844,109.62060546875,12.963607788085938,6.744409402331094,left,False,"{'safe_roi': (450, 80, 1500, 420), 'cylinder_roi': (800, 190, 1000, 300)}",ok_cylinder_inside_confirmed
2026-09-05 07:22:35,2026-09-05,875098,198,10,110.62902069091797,,39.46516418457031,0.5618007779121399,825.2335205078125,183.83226013183594,1011.0882568359375,296.0218811035156,185.854736328125,112.18962097167969,20850.97242444381,918.160888671875,239.92706298828125,1920,1080,833.5006713867188,202.51763916015625,943.5941772460938,213.3896026611328,110.093505859375,10.871963500976562,5.639792216433321,left,False,"{'safe_roi': (450, 80, 1500, 420), 'cylinder_roi': (800, 190, 1000, 300)}",ok_cylinder_inside_confirmed
2026-09-05 07:32:12,2026-09-05,888145,202,11,114.43273162841797,,36.471282958984375,0.7155546545982361,866.5499877929688,187.3836669921875,1048.6319580078125,305.6221923828125,182.08197021484375,118.238525390625,21529.103658422828,957.5909423828125,246.5029296875,1920,1080,865.2073974609375,208.1181640625,979.4259033203125,215.11695861816406,114.218505859375,6.9987945556640625,3.5064426408992775,left,False,"{'safe_roi': (450, 80, 1500, 420), 'cylinder_roi': (800, 190, 1000, 300)}",ok_cylinder_inside_confirmed
2026-09-05 07:32:19,2026-09-05,888303,202,11,111.293212890625,,38.19462585449219,0.7190086841583252,866.0899658203125,187.9408416748047,1048.2174072265625,306.78277587890625,182.12744140625,118.84193420410156,21644.377408362925,957.1536865234375,247.36181640625,1920,1080,866.0509033203125,210.61898803710938,977.2666015625,214.7719268798828,111.2156982421875,4.1529388427734375,2.138505349356563,left,False,"{'safe_roi': (450, 80, 1500, 420), 'cylinder_roi': (800, 190, 1000, 300)}",ok_cylinder_inside_confirmed
2026-09-05 07:32:44,2026-09-05,888843,202,12,114.83256530761719,,38.724853515625,0.7109801769256592,864.477783203125,187.47711181640625,1045.4984130859375,306.03955078125,181.0206298828125,118.56243896484375,21462.247381858528,954.9880981445312,246.75833129882812,1920,1080,864.0936279296875,210.6526336669922,978.7550048828125,216.92051696777344,114.661376953125,6.26788330078125,3.128919259448818,left,False,"{'safe_roi': (450, 80, 1500, 420), 'cylinder_roi': (800, 190, 1000, 300)}",ok_cylinder_inside_confirmed
2026-09-05 07:33:17,2026-09-05,889571,202,13,115.57288360595703,,35.86195373535156,0.7152272462844849,865.8298950195312,188.2638702392578,1044.0498046875,306.672607421875,178.21990966796875,118.40873718261719,21102.794444584288,954.9398193359375,247.46823120117188,1920,1080,867.3713989257812,206.98744201660156,982.3291015625,218.89617919921875,114.95770263671875,11.908737182617188,5.914307746596245,left,False,"{'safe_roi': (450, 80, 1500, 420), 'cylinder_roi': (800, 190, 1000, 300)}",ok_cylinder_inside_confirmed
2026-09-05 07:58:05,2026-09-05,922795,205,14,101.59984588623047,,28.759689331054688,0.6809675097465515,873.8175048828125,191.8828125,1037.8382568359375,310.9936218261719,164.020751953125,119.11080932617188,19536.644511424005,955.827880859375,251.43821716308594,1920,1080,876.401611328125,209.8043670654297,976.2440795898438,228.61953735351562,99.84246826171875,18.815170288085938,10.672149437672113,left,False,"{'safe_roi': (450, 80, 1500, 420), 'cylinder_roi': (800, 190, 1000, 300)}",ok_cylinder_inside_confirmed
2026-09-05 07:58:11,2026-09-05,922927,205,14,103.72035217285156,,27.201278686523438,0.6774110198020935,871.59619140625,191.70352172851562,1037.2408447265625,311.6551513671875,165.6446533203125,119.95162963867188,19869.346106704324,954.4185180664062,251.67933654785156,1920,1080,876.6900634765625,208.59774780273438,978.4698486328125,228.5673828125,101.77978515625,19.969635009765625,11.100669487114505,left,False,"{'safe_roi': (450, 80, 1500, 420), 'cylinder_roi': (800, 190, 1000, 300)}",ok_cylinder_inside_confirmed
2026-09-05 07:58:42,2026-09-05,923621,205,15,108.16986083984375,,25.625808715820312,0.6794875860214233,875.1578369140625,195.0997772216797,1037.0247802734375,312.27166748046875,161.866943359375,117.17189025878906,18966.255723830312,956.09130859375,253.68572998046875,1920,1080,873.7406005859375,207.89923095703125,979.0980224609375,232.40499877929688,105.357421875,24.505767822265625,13.093978295629428,left,False,"{'safe_roi': (450, 80, 1500, 420), 'cylinder_roi': (800, 190, 1000, 300)}",ok_cylinder_inside_confirmed
2026-09-05 07:58:48,2026-09-05,923764,205,15,86.17900085449219,,39.305328369140625,0.6841768622398376,876.1307373046875,194.55174255371094,1038.1727294921875,312.8104248046875,162.0419921875,118.25868225097656,19162.87246541679,957.1517333984375,253.68109130859375,1920,1080,885.72509765625,213.82257080078125,971.303466796875,223.9794921875,85.578369140625,10.15692138671875,6.768522256681209,left,False,"{'safe_roi': (450, 80, 1500, 420), 'cylinder_roi': (800, 190, 1000, 300)}",ok_cylinder_inside_confirmed
2026-09-05 07:58:54,2026-09-05,923893,205,15,111.21414184570312,,29.076919555664062,0.6774757504463196,877.4647216796875,194.02877807617188,1035.193359375,311.86724853515625,157.7286376953125,117.83847045898438,18586.50141359493,956.3290405273438,252.94801330566406,1920,1080,873.2049560546875,208.2335205078125,982.3876953125,229.39280700683594,109.1827392578125,21.159286499023438,10.967791717276963,left,False,"{'safe_roi': (450, 80, 1500, 420), 'cylinder_roi': (800, 190, 1000, 300)}",ok_cylinder_inside_confirmed
2026-09-05 08:00:27,2026-09-05,925976,205,16,99.4748764038086,,28.6053466796875,0.48053213953971863,886.0702514648438,185.62832641601562,1037.5338134765625,303.83819580078125,151.46356201171875,118.20986938476562,17904.487881956622,961.802001953125,244.73326110839844,1920,1080,883.1751708984375,214.52354431152344,982.0386962890625,225.53509521484375,98.863525390625,11.011550903320312,6.355484859363328,left,False,"{'safe_roi': (450, 80, 1500, 420), 'cylinder_roi': (800, 190, 1000, 300)}",ok_cylinder_inside_confirmed
2026-09-05 08:02:39,2026-09-05,928937,205,17,101.4732666015625,,33.17964172363281,0.6537802219390869,861.3289794921875,184.75547790527344,1039.486572265625,298.6836853027344,178.1575927734375,113.92820739746094,20297.175178924575,950.4077758789062,241.71957397460938,1920,1080,862.8587646484375,229.32485961914062,963.9677124023438,220.73390197753906,101.10894775390625,8.590957641601562,4.856604663368661,left,False,"{'safe_roi': (450, 80, 1500, 420), 'cylinder_roi': (800, 190, 1000, 300)}",ok_cylinder_inside_confirmed
2026-09-05 08:02:44,2026-09-05,929044,205,17,104.80192565917969,,29.262664794921875,0.7161899209022522,858.8016967773438,184.9610137939453,1044.1728515625,300.3816833496094,185.37115478515625,115.42066955566406,21395.662801609375,951.4873046875,242.67135620117188,1920,1080,863.310302734375,227.1246337890625,968.04296875,223.3151397705078,104.732666015625,3.8094940185546875,2.0831298917001524,left,False,"{'safe_roi': (450, 80, 1500, 420), 'cylinder_roi': (800, 190, 1000, 300)}",ok_cylinder_inside_confirmed
2026-09-05 08:04:32,2026-09-05,931456,205,18,102.41913604736328,,24.6083984375,0.6783555746078491,804.8668823242188,183.91331481933594,996.3101196289062,289.5343933105469,191.4432373046875,105.62107849121094,20220.44119396992,900.5885009765625,236.72384643554688,1920,1080,826.4574584960938,208.25955200195312,927.9560546875,221.96044921875,101.49859619140625,13.700897216796875,7.687664260002299,left,False,"{'safe_roi': (450, 80, 1500, 420), 'cylinder_roi': (800, 190, 1000, 300)}",ok_cylinder_inside_confirmed
2026-09-05 08:04:45,2026-09-05,931738,205,18,104.41429901123047,,24.910247802734375,0.5876902937889099,805.1973266601562,183.52139282226562,1003.0086059570312,292.2743835449219,197.811279296875,108.75299072265625,21512.56822220981,904.1029663085938,237.89788818359375,1920,1080,827.008056640625,207.3038330078125,930.2044067382812,223.20538330078125,103.19635009765625,15.90155029296875,8.759823479623373,left,False,"{'safe_roi': (450, 80, 1500, 420), 'cylinder_roi': (800, 190, 1000, 300)}",ok_cylinder_inside_confirmed
2026-09-05 08:05:04,2026-09-05,932164,205,18,106.59519958496094,,31.26934814453125,0.6623051762580872,802.7362670898438,183.61427307128906,1005.3239135742188,292.0637512207031,202.587646484375,108.44947814941406,21970.524540748447,904.0300903320312,237.83901977539062,1920,1080,825.8966064453125,209.49667358398438,931.85595703125,221.12222290039062,105.9593505859375,11.62554931640625,6.2612810166651105,left,False,"{'safe_roi': (450, 80, 1500, 420), 'cylinder_roi': (800, 190, 1000, 300)}",ok_cylinder_inside_confirmed
2026-09-05 08:05:47,2026-09-05,933128,205,19,109.29732513427734,,33.074737548828125,0.5494564771652222,805.401611328125,183.5984649658203,1002.263916015625,292.3587341308594,196.8623046875,108.76026916503906,21410.79724626243,903.832763671875,237.97860717773438,1920,1080,821.0140380859375,208.31765747070312,929.6762084960938,220.0836181640625,108.66217041015625,11.765960693359375,6.179920703496061,left,False,"{'safe_roi': (450, 80, 1500, 420), 'cylinder_roi': (800, 190, 1000, 300)}",ok_cylinder_inside_confirmed
2026-09-05 08:05:57,2026-09-05,933355,205,19,104.51559448242188,,26.749786376953125,0.6187903881072998,803.0512084960938,183.847412109375,1001.6104125976562,292.76849365234375,198.5592041015625,108.92108154296875,21627.283261053264,902.330810546875,238.30795288085938,1920,1080,826.2110595703125,208.8642578125,929.7701416015625,222.971923828125,103.55908203125,14.107666015625,7.7575468916400325,left,False,"{'safe_roi': (450, 80, 1500, 420), 'cylinder_roi': (800, 190, 1000, 300)}",ok_cylinder_inside_confirmed
2026-09-05 08:06:18,2026-09-05,933821,205,19,106.93851470947266,,27.180694580078125,0.5736110210418701,806.6214599609375,183.54766845703125,1001.974365234375,292.14801025390625,195.3529052734375,108.600341796875,21215.392283707857,904.2979125976562,237.84783935546875,1920,1080,825.0640869140625,206.79220581054688,930.7310180664062,223.234375,105.66693115234375,16.442169189453125,8.844509819795508,left,False,"{'safe_roi': (450, 80, 1500, 420), 'cylinder_roi': (800, 190, 1000, 300)}",ok_cylinder_inside_confirmed
2026-09-05 08:10:53,2026-09-05,939986,205,20,107.80799865722656,,28.955291748046875,0.7639111280441284,883.839599609375,196.06198120117188,1044.6375732421875,314.6065368652344,160.7979736328125,118.5445556640625,19061.724335983396,964.2385864257812,255.33425903320312,1920,1080,879.29052734375,214.869384765625,986.2454833984375,228.40460205078125,106.9549560546875,13.53521728515625,7.212477417862289,left,False,"{'safe_roi': (450, 80, 1500, 420), 'cylinder_roi': (800, 190, 1000, 300)}",ok_cylinder_inside_confirmed
2026-09-05 08:11:35,2026-09-05,940946,205,21,107.44225311279297,,25.713104248046875,0.7873598337173462,880.55126953125,195.86154174804688,1047.5938720703125,315.8315734863281,167.0426025390625,119.97003173828125,20040.10632825643,964.0725708007812,255.8465576171875,1920,1080,878.4415893554688,213.12442016601562,984.9110717773438,227.54962158203125,106.469482421875,14.425201416015625,7.715834103098941,left,False,"{'safe_roi': (450, 80, 1500, 420), 'cylinder_roi': (800, 190, 1000, 300)}",ok_cylinder_inside_confirmed
2026-09-05 08:12:47,2026-09-05,942537,205,22,85.06324768066406,,34.4443359375,0.7472495436668396,892.061279296875,197.82290649414062,1045.56396484375,315.8152770996094,153.502685546875,117.99237060546875,18112.145761981606,968.8126220703125,256.819091796875,1920,1080,899.9796142578125,233.62460327148438,984.9742431640625,230.2086181640625,84.99462890625,3.415985107421875,2.3015130731898514,left,False,"{'safe_roi': (450, 80, 1500, 420), 'cylinder_roi': (800, 190, 1000, 300)}",ok_cylinder_inside_confirmed
2026-09-05 08:13:08,2026-09-05,943032,205,22,91.18821716308594,,28.74615478515625,0.7544072866439819,891.9903564453125,196.56552124023438,1047.1290283203125,316.3877868652344,155.138671875,119.822265625,18589.067150115967,969.5596923828125,256.4766540527344,1920,1080,892.0701904296875,230.83132934570312,983.171875,234.80300903320312,91.1016845703125,3.9716796875,2.496292798009428,left,False,"{'safe_roi': (450, 80, 1500, 420), 'cylinder_roi': (800, 190, 1000, 300)}",ok_cylinder_inside_confirmed
2026-09-05 08:13:18,2026-09-05,943252,205,22,95.18205261230469,,29.768280029296875,0.7746722102165222,890.6222534179688,196.07960510253906,1046.5540771484375,315.2770080566406,155.93182373046875,119.19740295410156,18586.66842656862,968.588134765625,255.67831420898438,1920,1080,889.2049560546875,231.71365356445312,984.33251953125,234.9337921142578,95.1275634765625,3.2201385498046875,1.9387643151825187,left,False,"{'safe_roi': (450, 80, 1500, 420), 'cylinder_roi': (800, 190, 1000, 300)}",ok_cylinder_inside_confirmed
2026-09-05 08:13:26,2026-09-05,943416,205,22,91.87963104248047,,31.273269653320312,0.7655059099197388,889.6478271484375,197.99517822265625,1044.70751953125,316.35406494140625,155.0596923828125,118.35888671875,18352.692565381527,967.1776733398438,257.17462158203125,1920,1080,888.9439697265625,231.51632690429688,980.813720703125,230.168701171875,91.8697509765625,1.347625732421875,0.840404252563474,left,False,"{'safe_roi': (450, 80, 1500, 420), 'cylinder_roi': (800, 190, 1000, 300)}",ok_cylinder_inside_confirmed
2026-09-05 08:13:31,2026-09-05,943526,205,22,93.10982513427734,,26.78759765625,0.7580624222755432,888.6077880859375,196.9661865234375,1042.5506591796875,316.049560546875,153.94287109375,119.0833740234375,18332.036496698856,965.5792236328125,256.50787353515625,1920,1080,889.374755859375,228.87966918945312,982.298828125,234.75811767578125,92.924072265625,5.878448486328125,3.6197516895399158,left,False,"{'safe_roi': (450, 80, 1500, 420), 'cylinder_roi': (800, 190, 1000, 300)}",ok_cylinder_inside_confirmed
2026-09-05 08:13:39,2026-09-05,943699,205,22,94.5301513671875,,27.829330444335938,0.7642006278038025,888.9669189453125,198.04876708984375,1043.5313720703125,317.17327880859375,154.564453125,119.12451171875,18412.415007591248,966.2491455078125,257.61102294921875,1920,1080,889.7685546875,231.98416137695312,984.198486328125,236.33587646484375,94.429931640625,4.351715087890625,2.638555602365774,left,False,"{'safe_roi': (450, 80, 1500, 420), 'cylinder_roi': (800, 190, 1000, 300)}",ok_cylinder_inside_confirmed
2026-09-05 08:14:37,2026-09-05,945001,205,23,108.24524688720703,,33.85322570800781,0.6639572381973267,878.8782958984375,190.25985717773438,1042.019287109375,308.81463623046875,163.1409912109375,118.55477905273438,19341.144167456776,960.4487915039062,249.53724670410156,1920,1080,875.5003051757812,229.55393981933594,983.6466064453125,234.18121337890625,108.14630126953125,4.6272735595703125,2.4500295367339486,left,False,"{'safe_roi': (450, 80, 1500, 420), 'cylinder_roi': (800, 190, 1000, 300)}",ok_cylinder_inside_confirmed
2026-09-05 08:14:42,2026-09-05,945109,205,23,109.61089324951172,,33.191864013671875,0.6794708371162415,879.1929321289062,190.1316375732422,1043.854248046875,308.3573913574219,164.66131591796875,118.22575378417969,19467.2081934968,961.5235595703125,249.2445068359375,1920,1080,875.7860717773438,227.33840942382812,985.113037109375,235.22274780273438,109.32696533203125,7.88433837890625,4.124861612104766,left,False,"{'safe_roi': (450, 80, 1500, 420), 'cylinder_roi': (800, 190, 1000, 300)}",ok_cylinder_inside_confirmed
2026-09-05 08:15:13,2026-09-05,945817,205,24,109.9048080444336,,33.564453125,0.6976262331008911,876.8995361328125,189.0303192138672,1041.01123046875,307.77044677734375,164.1116943359375,118.74012756347656,19486.643520107493,958.9553833007812,248.400390625,1920,1080,874.3443603515625,226.79391479492188,983.9594116210938,234.76931762695312,109.61505126953125,7.97540283203125,4.161409652784728,left,False,"{'safe_roi': (450, 80, 1500, 420), 'cylinder_roi': (800, 190, 1000, 300)}",ok_cylinder_inside_confirmed
2026-09-05 08:15:18,2026-09-05,945924,205,24,108.46660614013672,,34.90797424316406,0.7443105578422546,876.639892578125,189.55609130859375,1042.447021484375,309.41802978515625,165.80712890625,119.8619384765625,19873.963883936405,959.54345703125,249.487060546875,1920,1080,873.3167724609375,226.94345092773438,981.6690063476562,231.92323303222656,108.35223388671875,4.9797821044921875,2.631416559082901,left,False,"{'safe_roi': (450, 80, 1500, 420), 'cylinder_roi': (800, 190, 1000, 300)}",ok_cylinder_inside_confirmed
2026-09-05 08:15:37,2026-09-05,946328,205,24,106.97986602783203,,31.135910034179688,0.73091059923172,874.7042846679688,189.5172119140625,1041.25146484375,307.5694885253906,166.54718017578125,118.05227661132812,19661.273782948032,957.9779052734375,248.54335021972656,1920,1080,874.2263793945312,227.53964233398438,981.1168823242188,231.91131591796875,106.8905029296875,4.371673583984375,2.342012814469017,left,False,"{'safe_roi': (450, 80, 1500, 420), 'cylinder_roi': (800, 190, 1000, 300)}",ok_cylinder_inside_confirmed
2026-09-05 08:15:42,2026-09-05,946438,205,24,107.35257720947266,,34.0587158203125,0.7564355731010437,875.9912109375,190.2264404296875,1046.1197509765625,309.71759033203125,170.1285400390625,119.49114990234375,20328.854880474508,961.0554809570312,249.97201538085938,1920,1080,874.9375,228.18405151367188,982.25,231.1171417236328,107.3125,2.9330902099609375,1.5656317808949272,left,False,"{'safe_roi': (450, 80, 1500, 420), 'cylinder_roi': (800, 190, 1000, 300)}",ok_cylinder_inside_confirmed
2026-09-05 08:15:47,2026-09-05,946554,205,24,106.96609497070312,,30.845779418945312,0.7285940647125244,875.4784545898438,190.36752319335938,1040.528076171875,309.43402099609375,165.04962158203125,119.06649780273438,19651.880405439064,958.0032958984375,249.90077209472656,1920,1080,873.88623046875,227.606201171875,980.7755126953125,231.6592559814453,106.8892822265625,4.0530548095703125,2.171515511791689,left,False,"{'safe_roi': (450, 80, 1500, 420), 'cylinder_roi': (800, 190, 1000, 300)}",ok_cylinder_inside_confirmed
2026-09-05 08:15:55,2026-09-05,946730,205,24,106.71820831298828,,31.6165771484375,0.7592455744743347,874.7162475585938,189.34280395507812,1041.9830322265625,307.5349426269531,167.26678466796875,118.192138671875,19769.619008675218,958.349609375,248.43887329101562,1920,1080,874.0785522460938,228.7931365966797,980.761474609375,231.53720092773438,106.68292236328125,2.7440643310546875,1.473419005745162,left,False,"{'safe_roi': (450, 80, 1500, 420), 'cylinder_roi': (800, 190, 1000, 300)}",ok_cylinder_inside_confirmed
2026-09-05 08:39:49,2026-09-05,979515,213,25,106.21034240722656,,42.939544677734375,0.5408931970596313,845.9058837890625,182.2073516845703,1033.4854736328125,298.69525146484375,187.57958984375,116.48789978027344,21850.752462543547,939.6956787109375,240.4512939453125,1920,1080,849.5589599609375,197.99964904785156,955.3692626953125,207.2092742919922,105.810302734375,9.209625244140625,4.974432124839384,left,False,"{'safe_roi': (450, 80, 1500, 420), 'cylinder_roi': (800, 190, 1000, 300)}",ok_cylinder_inside_confirmed
2026-09-05 08:39:54,2026-09-05,979626,213,25,96.54817962646484,,43.91239929199219,0.5346084833145142,848.7274169921875,182.47999572753906,1032.662841796875,297.5437316894531,183.9354248046875,115.06373596191406,21164.29715376906,940.6951293945312,240.01187133789062,1920,1080,859.182861328125,196.93394470214844,955.4189453125,204.69070434570312,96.236083984375,7.7567596435546875,4.608156129773045,left,False,"{'safe_roi': (450, 80, 1500, 420), 'cylinder_roi': (800, 190, 1000, 300)}",ok_cylinder_inside_confirmed
2026-09-05 08:39:59,2026-09-05,979737,213,25,99.21907043457031,,39.62884521484375,0.7297865152359009,848.6727294921875,183.17515563964844,1031.7454833984375,298.0589294433594,183.07275390625,114.88377380371094,21032.088849388063,940.2091064453125,240.61703491210938,1920,1080,856.73681640625,196.51283264160156,955.3521118164062,207.44203186035156,98.61529541015625,10.92919921875,6.324089511641532,left,False,"{'safe_roi': (450, 80, 1500, 420), 'cylinder_roi': (800, 190, 1000, 300)}",ok_cylinder_inside_confirmed
2026-09-05 08:40:04,2026-09-05,979847,213,25,100.45126342773438,,41.41539001464844,0.7300094962120056,845.7787475585938,183.63870239257812,1030.9893798828125,296.9502868652344,185.21063232421875,113.31158447265625,20986.51020983979,938.384033203125,240.29449462890625,1920,1080,856.382080078125,196.5479736328125,956.200439453125,207.806396484375,99.818359375,11.2584228515625,6.435143356338474,left,False,"{'safe_roi': (450, 80, 1500, 420), 'cylinder_roi': (800, 190, 1000, 300)}",ok_cylinder_inside_confirmed
2026-09-05 08:40:14,2026-09-05,980077,213,25,105.99156951904297,,40.91423034667969,0.6853944659233093,807.3204345703125,179.51861572265625,1009.9427490234375,290.6273193359375,202.622314453125,111.10870361328125,22513.10268200934,908.631591796875,235.07296752929688,1920,1080,827.5445556640625,196.7455596923828,932.5498657226562,211.17117309570312,105.00531005859375,14.425613403320312,7.822319866875924,left,False,"{'safe_roi': (450, 80, 1500, 420), 'cylinder_roi': (800, 190, 1000, 300)}",ok_cylinder_inside_confirmed
2026-09-05 08:58:56,2026-09-05,1005573,223,26,89.74678039550781,,34.59202575683594,0.7528468370437622,870.176513671875,190.23118591308594,1027.7589111328125,307.3619079589844,157.5823974609375,117.13072204589844,18457.739996323362,948.9677124023438,248.79653930664062,1920,1080,873.620849609375,226.96826171875,962.797119140625,216.86489868164062,89.17626953125,10.103363037109375,6.4638508797073095,left,False,"{'safe_roi': (450, 80, 1500, 420), 'cylinder_roi': (800, 190, 1000, 300)}",ok_cylinder_inside_confirmed
2026-09-05 08:59:01,2026-09-05,1005685,223,26,87.96337890625,,33.82948303222656,0.7188993692398071,868.90966796875,190.31895446777344,1027.887451171875,308.44720458984375,158.977783203125,118.12825012207031,18779.76733807102,948.3985595703125,249.38308715820312,1920,1080,875.0699462890625,227.22308349609375,962.333251953125,216.14736938476562,87.2633056640625,11.075714111328125,7.233471102853877,left,False,"{'safe_roi': (450, 80, 1500, 420), 'cylinder_roi': (800, 190, 1000, 300)}",ok_cylinder_inside_confirmed
2026-09-05 08:59:06,2026-09-05,1005799,223,26,84.24356079101562,,31.858795166015625,0.6489383578300476,870.1624145507812,190.84231567382812,1029.9990234375,308.72509765625,159.83660888671875,117.88278198242188,18841.9841182027,950.0806884765625,249.78370666503906,1920,1080,876.73974609375,225.2303466796875,960.5339965820312,216.54119873046875,83.79425048828125,8.68914794921875,5.9201971109321345,left,False,"{'safe_roi': (450, 80, 1500, 420), 'cylinder_roi': (800, 190, 1000, 300)}",ok_cylinder_inside_confirmed
2026-09-05 08:59:11,2026-09-05,1005913,223,26,87.5334701538086,,34.61553955078125,0.7099563479423523,868.7905883789062,190.13414001464844,1028.9610595703125,307.7410583496094,160.17047119140625,117.60691833496094,18837.15552507993,948.8758544921875,248.93759155273438,1920,1080,875.2703857421875,224.70413208007812,962.2567138671875,214.93240356445312,86.986328125,9.771728515625,6.409528540353416,left,False,"{'safe_roi': (450, 80, 1500, 420), 'cylinder_roi': (800, 190, 1000, 300)}",ok_cylinder_inside_confirmed
2026-09-05 08:59:16,2026-09-05,1006026,223,26,83.75039672851562,,34.78733825683594,0.710722804069519,869.68701171875,189.82388305664062,1030.03759765625,307.5673828125,160.3505859375,117.74349975585938,18880.23917618394,949.8623046875,248.6956329345703,1920,1080,878.2638549804688,221.80935668945312,961.6378173828125,213.87765502929688,83.37396240234375,7.93170166015625,5.43442349163142,left,False,"{'safe_roi': (450, 80, 1500, 420), 'cylinder_roi': (800, 190, 1000, 300)}",ok_cylinder_inside_confirmed
2026-09-05 08:59:21,2026-09-05,1006139,223,26,85.06148529052734,,32.12062072753906,0.679423451423645,872.4699096679688,188.76170349121094,1029.6065673828125,307.4939880371094,157.13665771484375,118.73228454589844,18657.194356390275,951.0382080078125,248.12783813476562,1920,1080,877.4194946289062,219.9980926513672,962.2159423828125,213.2884521484375,84.79644775390625,6.7096405029296875,4.524184451233779,left,False,"{'safe_roi': (450, 80, 1500, 420), 'cylinder_roi': (800, 190, 1000, 300)}",ok_cylinder_inside_confirmed
2026-09-05 08:59:28,2026-09-05,1006316,223,26,88.98111724853516,,33.23394775390625,0.7279525399208069,867.588623046875,187.7276611328125,1027.3009033203125,304.115478515625,159.7122802734375,116.3878173828125,18588.56371025741,947.4447631835938,245.92156982421875,1920,1080,874.6065673828125,226.83917236328125,963.0,216.62936401367188,88.3934326171875,10.209808349609375,6.588703439218191,left,False,"{'safe_roi': (450, 80, 1500, 420), 'cylinder_roi': (800, 190, 1000, 300)}",ok_cylinder_inside_confirmed
2026-09-05 08:59:35,2026-09-05,1006461,223,26,87.60498046875,,34.21260070800781,0.6981212496757507,872.4717407226562,189.14024353027344,1031.2169189453125,307.3114013671875,158.74517822265625,118.17115783691406,18759.101511598565,951.8443603515625,248.225830078125,1920,1080,875.61376953125,221.81698608398438,962.985595703125,215.4297637939453,87.371826171875,6.3872222900390625,4.181108006665506,left,False,"{'safe_roi': (450, 80, 1500, 420), 'cylinder_roi': (800, 190, 1000, 300)}",ok_cylinder_inside_confirmed
2026-09-05 08:59:40,2026-09-05,1006576,223,26,93.1696548461914,,28.521499633789062,0.6858386993408203,870.579833984375,190.29019165039062,1028.2720947265625,306.0660400390625,157.6922607421875,115.77584838867188,18256.955271754414,949.4259643554688,248.17811584472656,1920,1080,872.18798828125,220.3038330078125,965.3341064453125,222.39810180664062,93.1461181640625,2.094268798828125,1.2880037557546649,left,False,"{'safe_roi': (450, 80, 1500, 420), 'cylinder_roi': (800, 190, 1000, 300)}",ok_cylinder_inside_confirmed
2026-09-05 08:59:45,2026-09-05,1006699,223,26,98.82279968261719,,30.846435546875,0.5346004366874695,873.4622192382812,189.32144165039062,1029.6090087890625,306.1761474609375,156.14678955078125,116.85470581054688,18246.487156217918,951.53564453125,247.74879455566406,1920,1080,868.5784912109375,215.78497314453125,966.9271240234375,225.4541015625,98.3486328125,9.66912841796875,5.6149797135696,left,False,"{'safe_roi': (450, 80, 1500, 420), 'cylinder_roi': (800, 190, 1000, 300)}",ok_cylinder_inside_confirmed
2026-09-05 08:59:50,2026-09-05,1006807,223,26,104.20155334472656,,30.230209350585938,0.6526066660881042,872.8108520507812,189.43533325195312,1034.0120849609375,307.7319030761719,161.20123291015625,118.29656982421875,19069.55290470645,953.4114990234375,248.5836181640625,1920,1080,868.5384521484375,215.6901092529297,972.1702880859375,226.5716094970703,103.6318359375,10.881500244140625,5.994179061815858,left,False,"{'safe_roi': (450, 80, 1500, 420), 'cylinder_roi': (800, 190, 1000, 300)}",ok_cylinder_inside_confirmed
2026-09-05 08:59:55,2026-09-05,1006916,223,26,103.40489196777344,,29.942062377929688,0.5752375721931458,872.373779296875,191.21099853515625,1032.1904296875,307.0032653808594,159.816650390625,115.79226684570312,18505.532228417695,952.2821044921875,249.1071319580078,1920,1080,866.119384765625,219.16436767578125,969.2120361328125,227.19415283203125,103.0926513671875,8.02978515625,4.453719943847379,left,False,"{'safe_roi': (450, 80, 1500, 420), 'cylinder_roi': (800, 190, 1000, 300)}",ok_cylinder_inside_confirmed
2026-09-05 09:00:00,2026-09-05,1007027,223,26,99.28207397460938,,32.715301513671875,0.5405027866363525,872.7864990234375,189.17391967773438,1029.9755859375,307.89630126953125,157.1890869140625,118.72238159179688,18661.862758677453,951.3810424804688,248.5351104736328,1920,1080,868.5813598632812,215.372314453125,967.283203125,226.09034729003906,98.70184326171875,10.718032836914062,6.1974649094410195,left,False,"{'safe_roi': (450, 80, 1500, 420), 'cylinder_roi': (800, 190, 1000, 300)}",ok_cylinder_inside_confirmed
2026-09-05 09:00:05,2026-09-05,1007135,223,26,97.77032470703125,,30.980499267578125,0.5295270085334778,871.060546875,188.77145385742188,1033.1868896484375,308.4201965332031,162.1263427734375,119.64874267578125,19398.21306746453,952.1237182617188,248.5958251953125,1920,1080,869.9202270507812,215.09007263183594,967.0626831054688,226.15261840820312,97.1424560546875,11.062545776367188,6.4968330763565705,left,False,"{'safe_roi': (450, 80, 1500, 420), 'cylinder_roi': (800, 190, 1000, 300)}",ok_cylinder_inside_confirmed
2026-09-05 09:00:10,2026-09-05,1007245,223,26,96.96450805664062,,33.30072021484375,0.5929838418960571,867.376708984375,189.70974731445312,1028.7197265625,307.02294921875,161.343017578125,117.31320190429688,18927.665996991098,948.0482177734375,248.36634826660156,1920,1080,870.9432983398438,215.91543579101562,967.473388671875,225.083740234375,96.53009033203125,9.168304443359375,5.425604160335293,left,False,"{'safe_roi': (450, 80, 1500, 420), 'cylinder_roi': (800, 190, 1000, 300)}",ok_cylinder_inside_confirmed
2026-09-05 09:00:15,2026-09-05,1007358,223,26,91.71421813964844,,31.958786010742188,0.6644591093063354,872.83935546875,190.0945281982422,1029.0177001953125,308.2772216796875,156.1783447265625,118.18269348144531,18457.577443258837,950.9285278320312,249.18588256835938,1920,1080,873.6873168945312,216.11669921875,965.2666625976562,221.08871459960938,91.579345703125,4.972015380859375,3.107644942003053,left,False,"{'safe_roi': (450, 80, 1500, 420), 'cylinder_roi': (800, 190, 1000, 300)}",ok_cylinder_inside_confirmed
2026-09-05 09:00:20,2026-09-05,1007470,223,26,100.00636291503906,,31.014968872070312,0.5953007340431213,868.38623046875,188.86428833007812,1028.4652099609375,304.8545227050781,160.0789794921875,115.990234375,18567.598349809647,948.4257202148438,246.85940551757812,1920,1080,869.087646484375,215.999267578125,968.593505859375,225.9921112060547,99.505859375,9.992843627929688,5.734683319164723,left,False,"{'safe_roi': (450, 80, 1500, 420), 'cylinder_roi': (800, 190, 1000, 300)}",ok_cylinder_inside_confirmed
2026-09-05 09:00:25,2026-09-05,1007581,223,26,101.51992797851562,,23.465835571289062,0.7041926383972168,873.4102172851562,188.9892578125,1030.732177734375,306.3525695800781,157.32196044921875,117.36331176757812,18463.826292088255,952.0711669921875,247.67091369628906,1920,1080,871.7616577148438,215.69992065429688,972.662841796875,226.89132690429688,100.90118408203125,11.19140625,6.329064944846098,left,False,"{'safe_roi': (450, 80, 1500, 420), 'cylinder_roi': (800, 190, 1000, 300)}",ok_cylinder_inside_confirmed
2026-09-05 09:00:35,2026-09-05,1007801,223,26,101.7610855102539,,23.33331298828125,0.651319146156311,875.07177734375,189.3185272216797,1030.599853515625,308.54302978515625,155.528076171875,119.22450256347656,18542.75751624629,952.8358154296875,248.9307861328125,1920,1080,872.6688232421875,212.2681121826172,973.3585205078125,226.99575805664062,100.689697265625,14.727645874023438,8.321510027314456,left,False,"{'safe_roi': (450, 80, 1500, 420), 'cylinder_roi': (800, 190, 1000, 300)}",ok_cylinder_inside_confirmed
2026-09-05 09:00:41,2026-09-05,1007920,223,26,101.54151153564453,,27.470809936523438,0.7348703145980835,873.2117919921875,188.49014282226562,1029.5792236328125,307.9349060058594,156.367431640625,119.44476318359375,18677.270841941237,951.3955078125,248.2125244140625,1920,1080,871.7833251953125,212.1952667236328,972.4478759765625,225.51170349121094,100.66455078125,13.316436767578125,7.535634296863796,left,False,"{'safe_roi': (450, 80, 1500, 420), 'cylinder_roi': (800, 190, 1000, 300)}",ok_cylinder_inside_confirmed
2026-09-05 09:00:50,2026-09-05,1008131,223,26,99.88713073730469,,25.156646728515625,0.684220552444458,869.3507690429688,188.8343048095703,1029.8651123046875,303.0064697265625,160.51434326171875,114.17216491699219,18326.270070419647,949.60791015625,245.92037963867188,1920,1080,872.8051147460938,211.01181030273438,971.7561645507812,224.65472412109375,98.9510498046875,13.642913818359375,7.850184172938264,left,False,"{'safe_roi': (450, 80, 1500, 420), 'cylinder_roi': (800, 190, 1000, 300)}",ok_cylinder_inside_confirmed
2026-09-05 09:00:55,2026-09-05,1008251,223,26,94.85842895507812,,24.8863525390625,0.7188047170639038,873.7763671875,187.6258087158203,1028.2271728515625,307.14208984375,154.4508056640625,119.51628112792969,18459.38591018133,951.0017700195312,247.38394165039062,1920,1080,874.3203125,216.90313720703125,968.9044189453125,224.11209106445312,94.5841064453125,7.208953857421875,4.358508228009509,left,False,"{'safe_roi': (450, 80, 1500, 420), 'cylinder_roi': (800, 190, 1000, 300)}",ok_cylinder_inside_confirmed
2026-09-05 09:01:00,2026-09-05,1008363,223,26,81.30039978027344,,33.378387451171875,0.7167734503746033,872.1275634765625,189.57569885253906,1028.813232421875,304.44140625,156.6856689453125,114.86570739746094,17997.810202447698,950.4703979492188,247.008544921875,1920,1080,878.8353271484375,221.6817626953125,959.9381103515625,216.01666259765625,81.102783203125,5.66510009765625,3.9956700892810995,left,False,"{'safe_roi': (450, 80, 1500, 420), 'cylinder_roi': (800, 190, 1000, 300)}",ok_cylinder_inside_confirmed
2026-09-05 09:01:29,2026-09-05,1009034,223,27,93.4306869506836,,25.810394287109375,0.5477967262268066,876.0386352539062,189.30636596679688,1031.206298828125,305.8409729003906,155.16766357421875,116.53460693359375,18082.402683425695,953.6224365234375,247.57366943359375,1920,1080,872.9307861328125,210.4202117919922,965.0916748046875,225.77154541015625,92.160888671875,15.351333618164062,9.456990321879559,left,False,"{'safe_roi': (450, 80, 1500, 420), 'cylinder_roi': (800, 190, 1000, 300)}",ok_cylinder_inside_confirmed
2026-09-05 09:01:35,2026-09-05,1009144,223,27,95.40812683105469,,27.818496704101562,0.6364102959632874,878.8203735351562,189.29495239257812,1036.321533203125,306.1084289550781,157.50115966796875,116.8134765625,18398.258023440838,957.5709228515625,247.70169067382812,1920,1080,875.52783203125,215.035400390625,970.3433227539062,225.65298461914062,94.81549072265625,10.617584228515625,6.389450473920961,left,False,"{'safe_roi': (450, 80, 1500, 420), 'cylinder_roi': (800, 190, 1000, 300)}",ok_cylinder_inside_confirmed
2026-09-05 09:01:40,2026-09-05,1009256,223,27,106.1705093383789,,25.584976196289062,0.6261319518089294,877.7459716796875,188.03533935546875,1041.278076171875,306.04998779296875,163.5321044921875,118.0146484375,19299.183819890022,959.5120239257812,247.04266357421875,1920,1080,872.8970947265625,215.04193115234375,978.1578369140625,228.91107177734375,105.2607421875,13.869140625,7.50604651134898,left,False,"{'safe_roi': (450, 80, 1500, 420), 'cylinder_roi': (800, 190, 1000, 300)}",ok_cylinder_inside_confirmed
2026-09-05 09:01:45,2026-09-05,1009368,223,27,104.41017150878906,,27.982681274414062,0.6312132477760315,878.9948120117188,189.55908203125,1041.447021484375,306.673583984375,162.45220947265625,117.114501953125,19025.509603574872,960.220947265625,248.1163330078125,1920,1080,873.763671875,216.01095581054688,977.5739135742188,227.18760681152344,103.81024169921875,11.176651000976562,6.1450360539463444,left,False,"{'safe_roi': (450, 80, 1500, 420), 'cylinder_roi': (800, 190, 1000, 300)}",ok_cylinder_inside_confirmed
2026-09-05 09:01:50,2026-09-05,1009480,223,27,104.27679443359375,,27.948516845703125,0.6663285493850708,876.8137817382812,189.62295532226562,1041.045654296875,307.3995056152344,164.23187255859375,117.77655029296875,19342.66339810565,958.9296875,248.51123046875,1920,1080,870.530029296875,217.92877197265625,974.38037109375,227.34983825683594,103.850341796875,9.421066284179688,5.183553879945645,left,False,"{'safe_roi': (450, 80, 1500, 420), 'cylinder_roi': (800, 190, 1000, 300)}",ok_cylinder_inside_confirmed
2026-09-05 09:01:55,2026-09-05,1009590,223,27,98.8663330078125,,25.594894409179688,0.6374992728233337,877.47021484375,189.85226440429688,1035.9954833984375,305.6685485839844,158.5252685546875,115.8162841796875,18359.807552590966,956.7328491210938,247.76040649414062,1920,1080,872.44189453125,214.54847717285156,970.5230712890625,226.98367309570312,98.0811767578125,12.435195922851562,7.225678673732579,left,False,"{'safe_roi': (450, 80, 1500, 420), 'cylinder_roi': (800, 190, 1000, 300)}",ok_cylinder_inside_confirmed
2026-09-05 09:02:36,2026-09-05,1010515,223,28,91.11499786376953,,29.47393798828125,0.6231991052627563,844.3795776367188,185.7996368408203,1018.2061157226562,294.9071044921875,173.8265380859375,109.10746765136719,18965.773381160572,931.2928466796875,240.35336303710938,1920,1080,858.89306640625,210.69094848632812,949.7651977539062,217.33914184570312,90.87213134765625,6.648193359375,4.184297136016702,left,False,"{'safe_roi': (450, 80, 1500, 420), 'cylinder_roi': (800, 190, 1000, 300)}",ok_cylinder_inside_confirmed
2026-09-05 09:02:42,2026-09-05,1010654,223,28,90.55094909667969,,22.015228271484375,0.6041157841682434,845.1306762695312,183.6320343017578,1020.3302612304688,294.18365478515625,175.1995849609375,110.55162048339844,19368.598025450483,932.73046875,238.9078369140625,1920,1080,861.219970703125,204.1671142578125,950.8082275390625,217.33596801757812,89.5882568359375,13.168853759765625,8.362198972673486,left,False,"{'safe_roi': (450, 80, 1500, 420), 'cylinder_roi': (800, 190, 1000, 300)}",ok_cylinder_inside_confirmed
2026-09-05 09:02:47,2026-09-05,1010764,223,28,90.0995101928711,,26.29620361328125,0.726949155330658,847.4200439453125,184.43136596679688,1018.43505859375,294.7441101074219,171.0150146484375,110.312744140625,18865.135555118322,932.9275512695312,239.58773803710938,1920,1080,861.6443481445312,207.10606384277344,951.2420654296875,216.60186767578125,89.59771728515625,9.495803833007812,6.0497751925555665,left,False,"{'safe_roi': (450, 80, 1500, 420), 'cylinder_roi': (800, 190, 1000, 300)}",ok_cylinder_inside_confirmed
2026-09-05 09:02:52,2026-09-05,1010872,223,28,92.15254974365234,,26.57476806640625,0.728887140750885,846.783447265625,184.6758270263672,1018.9842529296875,294.5829772949219,172.2008056640625,109.90715026855469,18926.0998244863,932.8838500976562,239.62939453125,1920,1080,859.5372924804688,207.28062438964844,951.2509765625,216.2635040283203,91.71368408203125,8.982879638671875,5.593981906471506,left,False,"{'safe_roi': (450, 80, 1500, 420), 'cylinder_roi': (800, 190, 1000, 300)}",ok_cylinder_inside_confirmed
2026-09-05 09:02:57,2026-09-05,1010981,223,28,90.41842651367188,,25.746932983398438,0.643373966217041,849.460693359375,183.60235595703125,1020.4976806640625,295.0722961425781,171.0369873046875,111.46994018554688,19065.482744369656,934.9791870117188,239.3373260498047,1920,1080,860.1185302734375,207.09254455566406,949.9647216796875,217.2489776611328,89.84619140625,10.15643310546875,6.449476220973825,left,False,"{'safe_roi': (450, 80, 1500, 420), 'cylinder_roi': (800, 190, 1000, 300)}",ok_cylinder_inside_confirmed
2026-09-05 09:03:02,2026-09-05,1011090,223,28,92.62135314941406,,28.178192138671875,0.7524363398551941,848.4134521484375,184.72312927246094,1021.6336669921875,294.27386474609375,173.22021484375,109.55073547363281,18976.4019350335,935.0235595703125,239.49850463867188,1920,1080,858.2730712890625,207.914794921875,950.6180419921875,215.06468200683594,92.344970703125,7.1498870849609375,4.427341103574855,left,False,"{'safe_roi': (450, 80, 1500, 420), 'cylinder_roi': (800, 190, 1000, 300)}",ok_cylinder_inside_confirmed
2026-09-05 09:03:08,2026-09-05,1011208,223,28,99.12591552734375,,35.02069091796875,0.7276098132133484,825.8094482421875,185.90444946289062,1011.47802734375,298.2390441894531,185.6685791015625,112.3345947265625,20857.004586830735,918.6437377929688,242.07174682617188,1920,1080,849.5391845703125,216.69277954101562,948.652587890625,218.267822265625,99.1134033203125,1.575042724609375,0.9104288854939142,left,False,"{'safe_roi': (450, 80, 1500, 420), 'cylinder_roi': (800, 190, 1000, 300)}",ok_cylinder_inside_confirmed
2026-09-05 09:03:13,2026-09-05,1011324,223,28,102.50302124023438,,29.976287841796875,0.7164978384971619,823.9876708984375,185.00949096679688,991.6710205078125,294.341796875,167.683349609375,109.33230590820312,18333.20727520436,907.829345703125,239.67564392089844,1920,1080,831.798828125,210.9048309326172,933.5650024414062,223.1732940673828,101.76617431640625,12.268463134765625,6.874142403865481,left,False,"{'safe_roi': (450, 80, 1500, 420), 'cylinder_roi': (800, 190, 1000, 300)}",ok_cylinder_inside_confirmed
2026-09-05 09:03:18,2026-09-05,1011436,223,28,102.34954833984375,,32.64628601074219,0.7312541007995605,820.533935546875,183.5849609375,992.318603515625,292.4283447265625,171.78466796875,108.8433837890625,18697.624544799328,906.42626953125,238.00665283203125,1920,1080,831.4251708984375,210.44570922851562,933.2371826171875,220.921630859375,101.81201171875,10.475921630859375,5.874760522830919,left,False,"{'safe_roi': (450, 80, 1500, 420), 'cylinder_roi': (800, 190, 1000, 300)}",ok_cylinder_inside_confirmed
2026-09-05 09:03:23,2026-09-05,1011547,223,28,97.2403564453125,,30.100982666015625,0.7043269872665405,822.0454711914062,184.3546600341797,990.3668823242188,293.19915771484375,168.3214111328125,108.84449768066406,18320.859443651512,906.2061767578125,238.77691650390625,1920,1080,830.1326293945312,207.83143615722656,926.4450073242188,221.23342895507812,96.3123779296875,13.401992797851562,7.921912803612478,left,False,"{'safe_roi': (450, 80, 1500, 420), 'cylinder_roi': (800, 190, 1000, 300)}",ok_cylinder_inside_confirmed
2026-09-05 09:03:30,2026-09-05,1011701,223,28,83.86149597167969,,31.306716918945312,0.7415278553962708,823.5906982421875,184.3614501953125,983.619873046875,293.6341552734375,160.0291748046875,109.272705078125,17486.82082232833,903.6052856445312,238.997802734375,1920,1080,841.59423828125,204.06956481933594,924.572265625,216.2103271484375,82.97802734375,12.140762329101562,8.324052476617569,left,False,"{'safe_roi': (450, 80, 1500, 420), 'cylinder_roi': (800, 190, 1000, 300)}",ok_cylinder_inside_confirmed
2026-09-05 09:03:35,2026-09-05,1011821,223,28,91.98294067382812,,30.714096069335938,0.6680758595466614,819.5274658203125,185.17066955566406,985.31689453125,294.517578125,165.7894287109375,109.34690856933594,18128.56150301732,902.4221801757812,239.8441162109375,1920,1080,833.7673950195312,205.1937713623047,924.91064453125,217.59414672851562,91.14324951171875,12.400375366210938,7.747730840944397,left,False,"{'safe_roi': (450, 80, 1500, 420), 'cylinder_roi': (800, 190, 1000, 300)}",ok_cylinder_inside_confirmed
2026-09-05 09:03:40,2026-09-05,1011930,223,28,96.67225646972656,,31.449783325195312,0.7112722992897034,818.9288330078125,183.3287353515625,988.828369140625,293.8056640625,169.8995361328125,110.4769287109375,18769.978941366076,903.8786010742188,238.56719970703125,1920,1080,832.615234375,207.15724182128906,928.6151123046875,218.53916931152344,95.9998779296875,11.381927490234375,6.761532002855317,left,False,"{'safe_roi': (450, 80, 1500, 420), 'cylinder_roi': (800, 190, 1000, 300)}",ok_cylinder_inside_confirmed
2026-09-05 09:03:45,2026-09-05,1012044,223,28,100.01084899902344,,32.67784118652344,0.7204249501228333,819.4344482421875,185.84754943847656,988.6632080078125,294.1860656738281,169.228759765625,108.33851623535156,18333.992737356573,904.048828125,240.01681518554688,1920,1080,832.3526000976562,207.87442016601562,931.689208984375,219.46786499023438,99.33660888671875,11.59344482421875,6.6568000818398865,left,False,"{'safe_roi': (450, 80, 1500, 420), 'cylinder_roi': (800, 190, 1000, 300)}",ok_cylinder_inside_confirmed
2026-09-05 09:03:50,2026-09-05,1012159,223,28,101.87675476074219,,33.01921081542969,0.7222958207130432,818.2947998046875,186.1836395263672,988.0418701171875,296.74151611328125,169.7470703125,110.55787658691406,18766.8756505996,903.1683349609375,241.46258544921875,1920,1080,831.0960083007812,211.04312133789062,932.636474609375,219.31398010253906,101.54046630859375,8.270858764648438,4.656679616548243,left,False,"{'safe_roi': (450, 80, 1500, 420), 'cylinder_roi': (800, 190, 1000, 300)}",ok_cylinder_inside_confirmed
2026-09-05 09:03:55,2026-09-05,1012275,223,28,102.98235321044922,,33.44621276855469,0.7508342266082764,817.8605346679688,185.78857421875,991.2915649414062,293.4399719238281,173.4310302734375,107.65139770507812,18670.092814367265,904.5760498046875,239.61427307128906,1920,1080,830.7617797851562,210.48043823242188,933.2985229492188,220.05023193359375,102.5367431640625,9.569793701171875,5.331991405095389,left,False,"{'safe_roi': (450, 80, 1500, 420), 'cylinder_roi': (800, 190, 1000, 300)}",ok_cylinder_inside_confirmed
2026-09-05 09:04:02,2026-09-05,1012436,223,28,103.22246551513672,,31.298873901367188,0.7427517175674438,818.219970703125,184.2926025390625,990.3631591796875,294.863525390625,172.1431884765625,110.5709228515625,19034.031212463975,904.2915649414062,239.57806396484375,1920,1080,830.2105712890625,211.4893798828125,933.105712890625,219.7032012939453,102.8951416015625,8.213821411132812,4.564078043766523,left,False,"{'safe_roi': (450, 80, 1500, 420), 'cylinder_roi': (800, 190, 1000, 300)}",ok_cylinder_inside_confirmed
2026-09-05 09:04:07,2026-09-05,1012549,223,28,100.97027587890625,,32.33683776855469,0.7518525123596191,818.97216796875,184.9849395751953,990.83642578125,294.68060302734375,171.8642578125,109.69566345214844,18852.763784453273,904.904296875,239.832763671875,1920,1080,830.7493286132812,210.39410400390625,931.2867431640625,219.73350524902344,100.53741455078125,9.339401245117188,5.307247748162615,left,False,"{'safe_roi': (450, 80, 1500, 420), 'cylinder_roi': (800, 190, 1000, 300)}",ok_cylinder_inside_confirmed
2026-09-05 09:04:12,2026-09-05,1012670,223,28,99.33456420898438,,33.11875915527344,0.7552423477172852,817.7893676757812,184.1314697265625,989.2163696289062,294.9955139160156,171.427001953125,110.86404418945312,19005.090719796717,903.5028686523438,239.56349182128906,1920,1080,831.6372680664062,209.87881469726562,930.5460205078125,219.0665283203125,98.90875244140625,9.187713623046875,5.307021803718424,left,False,"{'safe_roi': (450, 80, 1500, 420), 'cylinder_roi': (800, 190, 1000, 300)}",ok_cylinder_inside_confirmed
2026-09-05 09:04:17,2026-09-05,1012786,223,28,99.26179504394531,,32.13946533203125,0.7484268546104431,818.513427734375,186.09877014160156,988.0001220703125,295.86248779296875,169.4866943359375,109.76371765136719,18603.489662753418,903.2567749023438,240.98062133789062,1920,1080,831.6900024414062,208.47972106933594,930.35400390625,219.357177734375,98.66400146484375,10.877456665039062,6.291307655308159,left,False,"{'safe_roi': (450, 80, 1500, 420), 'cylinder_roi': (800, 190, 1000, 300)}",ok_cylinder_inside_confirmed
2026-09-05 09:04:22,2026-09-05,1012896,223,28,102.53455352783203,,34.52552795410156,0.7445707321166992,821.1588134765625,184.4373779296875,991.1580810546875,293.3158264160156,169.999267578125,108.87844848632812,18509.256497718394,906.158447265625,238.87660217285156,1920,1080,831.2236938476562,208.986572265625,933.214111328125,219.53591918945312,101.99041748046875,10.549346923828125,5.905370780280458,left,False,"{'safe_roi': (450, 80, 1500, 420), 'cylinder_roi': (800, 190, 1000, 300)}",ok_cylinder_inside_confirmed
2026-09-05 09:04:27,2026-09-05,1013011,223,28,99.12042999267578,,31.396240234375,0.7409563064575195,820.101806640625,186.82420349121094,991.903076171875,294.700439453125,171.80126953125,107.87623596191406,18533.274290509522,906.00244140625,240.7623291015625,1920,1080,833.2136840820312,209.4842529296875,931.7449951171875,220.2749786376953,98.53131103515625,10.790725708007812,6.249880562975922,left,False,"{'safe_roi': (450, 80, 1500, 420), 'cylinder_roi': (800, 190, 1000, 300)}",ok_cylinder_inside_confirmed
2026-09-05 09:04:32,2026-09-05,1013134,223,28,101.30828857421875,,32.552276611328125,0.7537546753883362,822.5765380859375,183.9161376953125,992.022705078125,292.796875,169.4461669921875,108.8807373046875,18449.423595562577,907.2996215820312,238.35650634765625,1920,1080,832.0553588867188,209.6251983642578,932.8311767578125,219.99844360351562,100.77581787109375,10.373245239257812,5.876978536736143,left,False,"{'safe_roi': (450, 80, 1500, 420), 'cylinder_roi': (800, 190, 1000, 300)}",ok_cylinder_inside_confirmed
2026-09-05 09:04:37,2026-09-05,1013247,223,28,99.54845428466797,,33.35333251953125,0.7522292733192444,823.4713745117188,184.3560791015625,988.0219116210938,291.8471984863281,164.550537109375,107.49111938476562,17687.721429251134,905.7466430664062,238.1016387939453,1920,1080,831.3739013671875,209.35325622558594,930.4425048828125,219.11575317382812,99.068603515625,9.762496948242188,5.627916140932273,left,False,"{'safe_roi': (450, 80, 1500, 420), 'cylinder_roi': (800, 190, 1000, 300)}",ok_cylinder_inside_confirmed
2026-09-05 09:04:42,2026-09-05,1013362,223,28,93.45812225341797,,26.783248901367188,0.6972702741622925,819.899658203125,184.70924377441406,989.1573486328125,292.62420654296875,169.2576904296875,107.91496276855469,18265.43736101128,904.5285034179688,238.66671752929688,1920,1080,833.2472534179688,207.09091186523438,925.5689697265625,221.6209259033203,92.32171630859375,14.530014038085938,8.944105230087299,left,False,"{'safe_roi': (450, 80, 1500, 420), 'cylinder_roi': (800, 190, 1000, 300)}",ok_cylinder_inside_confirmed
2026-09-05 09:04:48,2026-09-05,1013487,223,28,93.31298065185547,,28.602142333984375,0.6902124285697937,821.28955078125,184.8085174560547,984.980712890625,295.1778564453125,163.691162109375,110.36933898925781,18066.485360395163,903.1351318359375,239.99319458007812,1920,1080,832.214599609375,204.99098205566406,924.4602661132812,219.06396484375,92.24566650390625,14.072982788085938,8.674151269464376,left,False,"{'safe_roi': (450, 80, 1500, 420), 'cylinder_roi': (800, 190, 1000, 300)}",ok_cylinder_inside_confirmed
2026-09-05 09:04:53,2026-09-05,1013598,223,28,98.78877258300781,,31.171371459960938,0.7348092794418335,820.86328125,184.2577362060547,986.7559814453125,294.0047607421875,165.8927001953125,109.74702453613281,18206.230238700286,903.8096313476562,239.13125610351562,1920,1080,831.9307250976562,208.62979125976562,930.0999145507812,219.67662048339844,98.169189453125,11.046829223632812,6.420397856380537,left,False,"{'safe_roi': (450, 80, 1500, 420), 'cylinder_roi': (800, 190, 1000, 300)}",ok_cylinder_inside_confirmed
2026-09-05 09:05:00,2026-09-05,1013768,223,28,99.35568237304688,,27.98907470703125,0.7425317168235779,824.6965942382812,184.04119873046875,994.7554321289062,293.7215881347656,170.058837890625,109.68038940429688,18652.119561485946,909.7260131835938,238.8813934326172,1920,1080,832.7943725585938,208.2032012939453,931.3468627929688,220.81106567382812,98.552490234375,12.607864379882812,7.290275563833557,left,False,"{'safe_roi': (450, 80, 1500, 420), 'cylinder_roi': (800, 190, 1000, 300)}",ok_cylinder_inside_confirmed
2026-09-05 09:05:05,2026-09-05,1013887,223,28,101.57917022705078,,29.51593017578125,0.7134038209915161,821.7927856445312,185.7872314453125,993.3109741210938,296.327880859375,171.5181884765625,110.5406494140625,18959.73194052279,907.5518798828125,241.05755615234375,1920,1080,831.8694458007812,208.1883087158203,932.7213134765625,220.32208251953125,100.85186767578125,12.133773803710938,6.860442265562723,left,False,"{'safe_roi': (450, 80, 1500, 420), 'cylinder_roi': (800, 190, 1000, 300)}",ok_cylinder_inside_confirmed
2026-09-05 09:05:10,2026-09-05,1013998,223,28,98.40196228027344,,26.874374389648438,0.7101649641990662,821.1615600585938,186.60565185546875,992.4235229492188,295.0631408691406,171.261962890625,108.45748901367188,18574.64245866984,906.7925415039062,240.8343963623047,1920,1080,833.72021484375,207.29425048828125,931.2574462890625,220.31097412109375,97.5372314453125,13.0167236328125,7.60143038699859,left,False,"{'safe_roi': (450, 80, 1500, 420), 'cylinder_roi': (800, 190, 1000, 300)}",ok_cylinder_inside_confirmed
2026-09-05 09:05:15,2026-09-05,1014108,223,28,101.42236328125,,28.875,0.7243710160255432,821.6891479492188,184.16018676757812,990.7221069335938,293.4655456542969,169.032958984375,109.30535888671875,18476.20824547112,906.2056274414062,238.8128662109375,1920,1080,833.5855712890625,207.76535034179688,934.099609375,221.30874633789062,100.5140380859375,13.54339599609375,7.673892303871377,left,False,"{'safe_roi': (450, 80, 1500, 420), 'cylinder_roi': (800, 190, 1000, 300)}",ok_cylinder_inside_confirmed
2026-09-05 09:05:20,2026-09-05,1014227,223,28,100.11320495605469,,28.381423950195312,0.6660321354866028,818.0396118164062,186.9200897216797,991.5255737304688,296.8130187988281,173.4859619140625,109.89292907714844,19064.880508502945,904.7825927734375,241.86654663085938,1920,1080,833.35009765625,207.14991760253906,932.375,221.87139892578125,99.02490234375,14.721481323242188,8.45591270612264,left,False,"{'safe_roi': (450, 80, 1500, 420), 'cylinder_roi': (800, 190, 1000, 300)}",ok_cylinder_inside_confirmed
2026-09-05 09:05:31,2026-09-05,1014463,223,28,99.51862335205078,,26.242141723632812,0.6314771175384521,819.9257202148438,184.031005859375,996.2681274414062,294.9866027832031,176.3424072265625,110.95559692382812,19566.177056808025,908.096923828125,239.50880432128906,1920,1080,832.4486083984375,206.78274536132812,930.94189453125,221.03155517578125,98.4932861328125,14.248809814453125,8.231746226679698,left,False,"{'safe_roi': (450, 80, 1500, 420), 'cylinder_roi': (800, 190, 1000, 300)}",ok_cylinder_inside_confirmed
2026-09-05 09:05:36,2026-09-05,1014580,223,28,95.04244995117188,,21.3623046875,0.6623796820640564,819.553955078125,184.23748779296875,991.1055908203125,294.5354309082031,171.5516357421875,110.29794311523438,18921.792560417205,905.3297729492188,239.38645935058594,1920,1080,832.8749389648438,205.15272521972656,926.3909912109375,222.11782836914062,93.51605224609375,16.965103149414062,10.282417367107778,left,False,"{'safe_roi': (450, 80, 1500, 420), 'cylinder_roi': (800, 190, 1000, 300)}",ok_cylinder_inside_confirmed
2026-09-05 09:05:43,2026-09-05,1014742,223,28,88.62159729003906,,21.2369384765625,0.5946812629699707,818.376708984375,184.7273712158203,987.1888427734375,293.4273986816406,168.8121337890625,108.70002746582031,18349.883579434827,902.7827758789062,239.077392578125,1920,1080,832.8224487304688,202.58482360839844,919.412841796875,221.44989013671875,86.59039306640625,18.865066528320312,12.290719104210428,left,False,"{'safe_roi': (450, 80, 1500, 420), 'cylinder_roi': (800, 190, 1000, 300)}",ok_cylinder_inside_confirmed
2026-09-05 09:05:48,2026-09-05,1014855,223,28,93.4483871459961,,24.946441650390625,0.5570347905158997,821.7720336914062,184.0572509765625,989.9015502929688,294.359130859375,168.1295166015625,110.3018798828125,18545.001744940877,905.8367919921875,239.20819091796875,1920,1080,836.1559448242188,204.23782348632812,927.8038330078125,222.49339294433594,91.64788818359375,18.255569458007812,11.265437197628954,left,False,"{'safe_roi': (450, 80, 1500, 420), 'cylinder_roi': (800, 190, 1000, 300)}",ok_cylinder_inside_confirmed
2026-09-05 09:06:00,2026-09-05,1015136,223,28,99.96465301513672,,24.619476318359375,0.6282562017440796,820.2911987304688,184.13848876953125,997.6580200195312,293.2348327636719,177.3668212890625,109.09634399414062,19350.071748498827,908.974609375,238.68666076660156,1920,1080,833.9559936523438,207.3962860107422,933.0357666015625,220.667724609375,99.07977294921875,13.271438598632812,7.629187082810579,left,False,"{'safe_roi': (450, 80, 1500, 420), 'cylinder_roi': (800, 190, 1000, 300)}",ok_cylinder_inside_confirmed
2026-09-05 09:06:24,2026-09-05,1015688,224,29,94.8477554321289,,23.506011962890625,0.43159598112106323,818.0755004882812,185.49110412597656,988.9024047851562,292.39007568359375,170.826904296875,106.89897155761719,18261.220383707434,903.4889526367188,238.94058227539062,1920,1080,834.3917236328125,210.14199829101562,928.35205078125,223.08627319335938,93.9603271484375,12.94427490234375,7.84387615011149,left,False,"{'safe_roi': (450, 80, 1500, 420), 'cylinder_roi': (800, 190, 1000, 300)}",ok_cylinder_inside_confirmed
2026-09-05 09:10:19,2026-09-05,1020982,224,30,96.30506896972656,,26.83184814453125,0.7277737259864807,866.0302124023438,184.1708984375,1033.5711669921875,302.01605224609375,167.54095458984375,117.84515380859375,19743.889562878758,949.8006591796875,243.09347534179688,1920,1080,872.3311157226562,196.0615234375,966.5731201171875,215.8885498046875,94.24200439453125,19.8270263671875,11.88085939866858,left,False,"{'safe_roi': (450, 80, 1500, 420), 'cylinder_roi': (800, 190, 1000, 300)}",ok_cylinder_inside_confirmed
2026-09-05 09:10:24,2026-09-05,1021096,224,30,96.2225341796875,,27.064682006835938,0.7232346534729004,868.4652709960938,186.63299560546875,1033.13720703125,303.7586364746094,164.67193603515625,117.12564086914062,19287.306041279808,950.80126953125,245.19581604003906,1920,1080,872.09619140625,195.80694580078125,966.2761840820312,215.52761840820312,94.17999267578125,19.720672607421875,11.82648960111975,left,False,"{'safe_roi': (450, 80, 1500, 420), 'cylinder_roi': (800, 190, 1000, 300)}",ok_cylinder_inside_confirmed
2026-09-05 09:10:29,2026-09-05,1021214,224,30,96.80998229980469,,26.317520141601562,0.7396734356880188,867.0382080078125,184.83457946777344,1032.3050537109375,302.9817810058594,165.266845703125,118.14720153808594,19525.81532685086,949.671630859375,243.90817260742188,1920,1080,871.274169921875,195.80386352539062,966.3297119140625,214.15097045898438,95.0555419921875,18.34710693359375,10.924580010169073,left,False,"{'safe_roi': (450, 80, 1500, 420), 'cylinder_roi': (800, 190, 1000, 300)}",ok_cylinder_inside_confirmed
2026-09-05 09:10:34,2026-09-05,1021324,224,30,99.23307800292969,,25.436691284179688,0.5886003971099854,869.2320556640625,187.97935485839844,1029.009521484375,301.946044921875,159.7774658203125,113.96669006347656,18209.308926271275,949.1207885742188,244.96270751953125,1920,1080,872.3411865234375,192.4623565673828,969.3558349609375,213.32766723632812,97.0146484375,20.865310668945312,12.137922603046238,left,False,"{'safe_roi': (450, 80, 1500, 420), 'cylinder_roi': (800, 190, 1000, 300)}",ok_cylinder_inside_confirmed
2026-09-05 09:10:39,2026-09-05,1021437,224,30,97.5611343383789,,26.73699951171875,0.6342331767082214,868.9680786132812,187.69178771972656,1029.8701171875,301.867431640625,160.90203857421875,114.17564392089844,18371.093862396665,949.4190673828125,244.77960205078125,1920,1080,870.9276123046875,194.27403259277344,966.98779296875,211.321533203125,96.0601806640625,17.047500610351562,10.063329699504852,left,False,"{'safe_roi': (450, 80, 1500, 420), 'cylinder_roi': (800, 190, 1000, 300)}",ok_cylinder_inside_confirmed
2026-09-05 09:10:44,2026-09-05,1021550,224,30,96.69133758544922,,32.59989929199219,0.4915529191493988,866.701171875,184.3690643310547,1030.754150390625,301.3065185546875,164.052978515625,116.93745422363281,19183.937665421516,948.7276611328125,242.83779907226562,1920,1080,866.848388671875,190.54171752929688,961.9202880859375,208.16409301757812,95.0718994140625,17.62237548828125,10.501072322632387,left,False,"{'safe_roi': (450, 80, 1500, 420), 'cylinder_roi': (800, 190, 1000, 300)}",ok_cylinder_inside_confirmed
2026-09-05 09:10:49,2026-09-05,1021663,224,30,99.7497329711914,,27.749237060546875,0.6399868130683899,866.691650390625,184.30186462402344,1031.8515625,301.4996643066406,165.159912109375,117.19779968261719,19356.378294993192,949.2716064453125,242.9007568359375,1920,1080,872.6807250976562,193.912109375,970.4539794921875,213.67063903808594,97.77325439453125,19.758529663085938,11.424765433279182,left,False,"{'safe_roi': (450, 80, 1500, 420), 'cylinder_roi': (800, 190, 1000, 300)}",ok_cylinder_inside_confirmed
2026-09-05 09:11:03,2026-09-05,1021974,224,30,98.22077178955078,,30.243698120117188,0.5821223258972168,868.8564453125,187.93045043945312,1028.02197265625,302.1412353515625,159.16552734375,114.21078491210938,18178.419808879495,948.439208984375,245.0358428955078,1920,1080,873.6171264648438,191.646240234375,969.5813598632812,212.57911682128906,95.9642333984375,20.932876586914062,12.305294783931792,left,False,"{'safe_roi': (450, 80, 1500, 420), 'cylinder_roi': (800, 190, 1000, 300)}",ok_cylinder_inside_confirmed
2026-09-05 09:11:23,2026-09-05,1022402,224,30,98.87054443359375,,25.103012084960938,0.6283178925514221,864.9292602539062,184.83067321777344,1032.4383544921875,303.411376953125,167.50909423828125,118.58070373535156,19863.346276846714,948.683837890625,244.12103271484375,1920,1080,872.8984375,191.37338256835938,968.9845581054688,214.67236328125,96.08612060546875,23.298980712890625,13.630022410627499,left,False,"{'safe_roi': (450, 80, 1500, 420), 'cylinder_roi': (800, 190, 1000, 300)}",ok_cylinder_inside_confirmed
2026-09-05 09:11:42,2026-09-05,1022821,224,30,96.90471649169922,,28.928924560546875,0.7228125929832458,865.828125,183.82391357421875,1031.0699462890625,303.7813720703125,165.2418212890625,119.95745849609375,19821.988919101655,948.4490356445312,243.80264282226562,1920,1080,872.2426147460938,194.12979125976562,967.1013793945312,213.9373321533203,94.8587646484375,19.807540893554688,11.794508965832351,left,False,"{'safe_roi': (450, 80, 1500, 420), 'cylinder_roi': (800, 190, 1000, 300)}",ok_cylinder_inside_confirmed
2026-09-05 09:11:55,2026-09-05,1023111,224,30,97.28507232666016,,30.144302368164062,0.7386500239372253,865.1558227539062,184.2547607421875,1032.0206298828125,302.0830383300781,166.86480712890625,117.82827758789062,19661.392814034596,948.5882568359375,243.1688995361328,1920,1080,872.8076171875,198.18649291992188,968.41943359375,216.1521759033203,95.61181640625,17.965682983398438,10.641922516674517,left,False,"{'safe_roi': (450, 80, 1500, 420), 'cylinder_roi': (800, 190, 1000, 300)}",ok_cylinder_inside_confirmed
2026-09-05 09:12:00,2026-09-05,1023227,224,30,86.13583374023438,,30.78509521484375,0.7721916437149048,868.3551635742188,182.42449951171875,1030.193359375,299.792724609375,161.83819580078125,117.36822509765625,18994.66179414466,949.2742919921875,241.10861206054688,1920,1080,878.6307983398438,196.45997619628906,962.6181030273438,215.57839965820312,83.9873046875,19.118423461914062,12.823984454716083,left,False,"{'safe_roi': (450, 80, 1500, 420), 'cylinder_roi': (800, 190, 1000, 300)}",ok_cylinder_inside_confirmed
2026-09-05 09:12:05,2026-09-05,1023342,224,30,86.1906509399414,,30.737380981445312,0.7619873881340027,869.3660888671875,184.32061767578125,1032.3172607421875,303.0921325683594,162.951171875,118.77151489257812,19353.95753711462,950.8416748046875,243.7063751220703,1920,1080,879.9628295898438,195.4593048095703,963.9735717773438,214.72128295898438,84.0107421875,19.261978149414062,12.913574911377289,left,False,"{'safe_roi': (450, 80, 1500, 420), 'cylinder_roi': (800, 190, 1000, 300)}",ok_cylinder_inside_confirmed
2026-09-05 09:12:13,2026-09-05,1023517,224,30,98.8908462524414,,27.749114990234375,0.7472032904624939,869.6277465820312,182.73519897460938,1032.198486328125,299.9832458496094,162.57073974609375,117.248046875,19061.101714253426,950.9130859375,241.35922241210938,1920,1080,875.785888671875,198.59002685546875,972.7738647460938,217.8962860107422,96.98797607421875,19.306259155273438,11.258041454042976,left,False,"{'safe_roi': (450, 80, 1500, 420), 'cylinder_roi': (800, 190, 1000, 300)}",ok_cylinder_inside_confirmed
2026-09-05 09:12:19,2026-09-05,1023647,224,30,109.29933166503906,,35.29551696777344,0.6882282495498657,866.4647216796875,182.77066040039062,1051.58349609375,299.4786376953125,185.1187744140625,116.70797729492188,21604.83772118017,959.0241088867188,241.12464904785156,1920,1080,866.1072998046875,200.72311401367188,974.9912109375,210.2435302734375,108.8839111328125,9.520416259765625,4.9970277586384615,left,False,"{'safe_roi': (450, 80, 1500, 420), 'cylinder_roi': (800, 190, 1000, 300)}",ok_cylinder_inside_confirmed
2026-09-05 09:12:24,2026-09-05,1023758,224,30,109.80813598632812,,33.59320068359375,0.7053767442703247,868.073974609375,182.59877014160156,1038.7489013671875,300.06536865234375,170.6749267578125,117.46659851074219,20048.60309731029,953.4114379882812,241.33206176757812,1920,1080,862.9287109375,199.8279571533203,972.2957763671875,209.66009521484375,109.3670654296875,9.832138061523438,5.137101170933282,left,False,"{'safe_roi': (450, 80, 1500, 420), 'cylinder_roi': (800, 190, 1000, 300)}",ok_cylinder_inside_confirmed
2026-09-05 09:12:29,2026-09-05,1023879,224,30,107.4676284790039,,34.23616027832031,0.6628566980361938,868.8674926757812,181.94317626953125,1039.2274169921875,298.7309875488281,170.35992431640625,116.78781127929688,19895.96269061975,954.0474853515625,240.3370819091797,1920,1080,863.4169921875,202.2627410888672,970.4910888671875,211.45130920410156,107.0740966796875,9.188568115234375,4.904823216824903,left,False,"{'safe_roi': (450, 80, 1500, 420), 'cylinder_roi': (800, 190, 1000, 300)}",ok_cylinder_inside_confirmed
2026-09-05 09:12:34,2026-09-05,1023992,224,30,106.2843246459961,,34.254180908203125,0.610863208770752,867.7845458984375,182.8035125732422,1034.2005615234375,298.9500732421875,166.416015625,116.14656066894531,19328.647855073214,950.9925537109375,240.87680053710938,1920,1080,862.9632568359375,198.55067443847656,968.6832885742188,209.48834228515625,105.72003173828125,10.937667846679688,5.9067378389900345,left,False,"{'safe_roi': (450, 80, 1500, 420), 'cylinder_roi': (800, 190, 1000, 300)}",ok_cylinder_inside_confirmed
2026-09-05 09:12:39,2026-09-05,1024105,224,30,106.48771667480469,,33.05961608886719,0.6370252966880798,866.892578125,182.93289184570312,1034.783203125,298.8346252441406,167.890625,115.9017333984375,19458.814458847046,950.837890625,240.88375854492188,1920,1080,863.1502685546875,198.85671997070312,968.9386596679688,211.04075622558594,105.78839111328125,12.184036254882812,6.570016355649983,left,False,"{'safe_roi': (450, 80, 1500, 420), 'cylinder_roi': (800, 190, 1000, 300)}",ok_cylinder_inside_confirmed
2026-09-05 09:12:44,2026-09-05,1024221,224,30,105.0284194946289,,33.56016540527344,0.5735398530960083,867.5028076171875,183.48953247070312,1035.80224609375,299.7315368652344,168.2994384765625,116.24200439453125,19563.46406698972,951.6525268554688,241.61053466796875,1920,1080,862.5721435546875,200.54054260253906,967.1371459960938,210.39593505859375,104.56500244140625,9.855392456054688,5.384298583171217,left,False,"{'safe_roi': (450, 80, 1500, 420), 'cylinder_roi': (800, 190, 1000, 300)}",ok_cylinder_inside_confirmed
2026-09-05 09:12:49,2026-09-05,1024333,224,30,103.94114685058594,,35.56304931640625,0.7020906209945679,869.0625610351562,182.56301879882812,1036.2919921875,298.4663391113281,167.22943115234375,115.9033203125,19382.446324527264,952.67724609375,240.51467895507812,1920,1080,862.6510009765625,201.1432647705078,966.2208862304688,209.9205322265625,103.56988525390625,8.777267456054688,4.844087453337229,left,False,"{'safe_roi': (450, 80, 1500, 420), 'cylinder_roi': (800, 190, 1000, 300)}",ok_cylinder_inside_confirmed
2026-09-05 09:12:54,2026-09-05,1024448,224,30,101.68867492675781,,32.64942932128906,0.6844284534454346,867.2645874023438,182.83152770996094,1033.73681640625,298.64532470703125,166.47222900390625,115.81379699707031,19279.7809355082,950.500732421875,240.73843383789062,1920,1080,865.4961547851562,201.55859375,966.8010864257812,210.384521484375,101.304931640625,8.825927734375,4.979172806850214,left,False,"{'safe_roi': (450, 80, 1500, 420), 'cylinder_roi': (800, 190, 1000, 300)}",ok_cylinder_inside_confirmed
2026-09-05 09:12:59,2026-09-05,1024558,224,30,104.16117095947266,,35.328277587890625,0.7153340578079224,867.6107177734375,184.1949005126953,1034.2781982421875,297.9390869140625,166.66748046875,113.74418640136719,18957.456965483725,950.9444580078125,241.06698608398438,1920,1080,863.6031494140625,202.96775817871094,967.5160522460938,210.15509033203125,103.91290283203125,7.1873321533203125,3.956669171157514,left,False,"{'safe_roi': (450, 80, 1500, 420), 'cylinder_roi': (800, 190, 1000, 300)}",ok_cylinder_inside_confirmed
2026-09-05 09:13:04,2026-09-05,1024672,224,30,103.29684448242188,,34.10350036621094,0.6873427033424377,866.9735717773438,183.79132080078125,1033.71044921875,300.5976257324219,166.73687744140625,116.80630493164062,19475.91854977049,950.342041015625,242.19447326660156,1920,1080,863.1248779296875,201.89691162109375,965.9814453125,211.4239501953125,102.8565673828125,9.52703857421875,5.291894067353397,left,False,"{'safe_roi': (450, 80, 1500, 420), 'cylinder_roi': (800, 190, 1000, 300)}",ok_cylinder_inside_confirmed
2026-09-05 09:13:09,2026-09-05,1024787,224,30,102.79601287841797,,33.50514221191406,0.7097033858299255,866.7590942382812,183.583984375,1034.065673828125,299.7458801269531,167.30657958984375,116.16189575195312,19434.649456931278,950.412353515625,241.66493225097656,1920,1080,863.3836059570312,203.3941650390625,965.8073120117188,212.13510131835938,102.4237060546875,8.740936279296875,4.8778571739802095,left,False,"{'safe_roi': (450, 80, 1500, 420), 'cylinder_roi': (800, 190, 1000, 300)}",ok_cylinder_inside_confirmed
2026-09-05 09:13:14,2026-09-05,1024900,224,30,102.76571655273438,,34.36323547363281,0.6783244609832764,869.2521362304688,187.04074096679688,1037.3038330078125,302.7748718261719,168.05169677734375,115.734130859375,19449.31706596911,953.2779541015625,244.90780639648438,1920,1080,863.5784301757812,203.66818237304688,966.05322265625,211.39535522460938,102.47479248046875,7.7271728515625,4.3122616072627755,left,False,"{'safe_roi': (450, 80, 1500, 420), 'cylinder_roi': (800, 190, 1000, 300)}",ok_cylinder_inside_confirmed
2026-09-05 09:13:19,2026-09-05,1025013,224,30,101.78976440429688,,33.86332702636719,0.6822409629821777,867.6486206054688,183.92071533203125,1033.9185791015625,298.361328125,166.26995849609375,114.44061279296875,19028.03593935445,950.7835693359375,241.14102172851562,1920,1080,864.634521484375,202.67745971679688,966.0916137695312,210.90029907226562,101.45709228515625,8.22283935546875,4.633549503738758,left,False,"{'safe_roi': (450, 80, 1500, 420), 'cylinder_roi': (800, 190, 1000, 300)}",ok_cylinder_inside_confirmed
2026-09-05 09:13:24,2026-09-05,1025126,224,30,103.85665130615234,,34.2554931640625,0.6809878349304199,869.1638793945312,185.31503295898438,1036.9893798828125,299.95123291015625,167.82550048828125,114.63619995117188,19238.877630880103,953.07666015625,242.6331329345703,1920,1080,864.1837768554688,201.95909118652344,967.4992065429688,212.54803466796875,103.3154296875,10.588943481445312,5.851891615456826,left,False,"{'safe_roi': (450, 80, 1500, 420), 'cylinder_roi': (800, 190, 1000, 300)}",ok_cylinder_inside_confirmed
2026-09-05 09:13:29,2026-09-05,1025238,224,30,103.71908569335938,,33.876861572265625,0.6784382462501526,868.074462890625,186.3638153076172,1036.2122802734375,300.993408203125,168.1378173828125,114.62959289550781,19273.569556931034,952.1433715820312,243.67861938476562,1920,1080,862.9962158203125,202.35244750976562,966.267822265625,211.97659301757812,103.2716064453125,9.6241455078125,5.3241627846135255,left,False,"{'safe_roi': (450, 80, 1500, 420), 'cylinder_roi': (800, 190, 1000, 300)}",ok_cylinder_inside_confirmed
2026-09-05 09:13:34,2026-09-05,1025356,224,30,100.01127624511719,,30.172439575195312,0.6978466510772705,868.9927978515625,186.8480224609375,1037.8289794921875,300.9070739746094,168.836181640625,114.05905151367188,19257.29473911971,953.410888671875,243.87754821777344,1920,1080,864.8203125,202.75726318359375,964.3681640625,212.37393188476562,99.5478515625,9.616668701171875,5.517849474166808,left,False,"{'safe_roi': (450, 80, 1500, 420), 'cylinder_roi': (800, 190, 1000, 300)}",ok_cylinder_inside_confirmed
2026-09-05 09:13:39,2026-09-05,1025468,224,30,104.54975128173828,,35.86785888671875,0.6940882802009583,865.6629638671875,184.19961547851562,1034.8045654296875,299.5008544921875,169.1416015625,115.30123901367188,19502.23622891307,950.2337646484375,241.85023498535156,1920,1080,862.8350219726562,205.4418487548828,967.1513671875,212.42401123046875,104.31634521484375,6.9821624755859375,3.8292430569653675,left,False,"{'safe_roi': (450, 80, 1500, 420), 'cylinder_roi': (800, 190, 1000, 300)}",ok_cylinder_inside_confirmed
2026-09-05 09:13:45,2026-09-05,1025581,224,30,99.33121490478516,,31.948379516601562,0.731316864490509,867.778076171875,185.65377807617188,1038.5625,298.8668212890625,170.784423828125,113.21304321289062,19335.024354942143,953.1702880859375,242.2602996826172,1920,1080,867.2329711914062,203.4642333984375,966.2410888671875,211.46937561035156,99.00811767578125,8.005142211914062,4.622502805479152,left,False,"{'safe_roi': (450, 80, 1500, 420), 'cylinder_roi': (800, 190, 1000, 300)}",ok_cylinder_inside_confirmed
2026-09-05 09:13:50,2026-09-05,1025692,224,30,103.145263671875,,31.800582885742188,0.7289972901344299,867.402587890625,185.1728057861328,1037.3446044921875,297.9837341308594,169.9420166015625,112.81092834472656,19171.3166575972,952.3735961914062,241.57827758789062,1920,1080,863.7775268554688,204.73883056640625,966.5851440429688,213.077880859375,102.8076171875,8.33905029296875,4.637289178032391,left,False,"{'safe_roi': (450, 80, 1500, 420), 'cylinder_roi': (800, 190, 1000, 300)}",ok_cylinder_inside_confirmed
2026-09-05 09:13:55,2026-09-05,1025802,224,30,100.45616912841797,,32.6552734375,0.7351318597793579,869.3804321289062,186.2319793701172,1038.016357421875,299.5931701660156,168.63592529296875,113.36119079589844,19116.769302179106,953.6983642578125,242.91256713867188,1920,1080,863.8714599609375,206.16107177734375,964.1607055664062,211.94981384277344,100.28924560546875,5.7887420654296875,3.303473714252006,left,False,"{'safe_roi': (450, 80, 1500, 420), 'cylinder_roi': (800, 190, 1000, 300)}",ok_cylinder_inside_confirmed
2026-09-05 09:14:00,2026-09-05,1025923,224,30,102.16577911376953,,33.24810791015625,0.6811819076538086,868.3411865234375,186.15243530273438,1037.6883544921875,301.0699768066406,169.34716796875,114.91754150390625,19460.96020361781,953.0147705078125,243.6112060546875,1920,1080,864.19384765625,206.2592010498047,966.0684814453125,213.96670532226562,101.8746337890625,7.7075042724609375,4.326570334973129,left,False,"{'safe_roi': (450, 80, 1500, 420), 'cylinder_roi': (800, 190, 1000, 300)}",ok_cylinder_inside_confirmed
2026-09-05 09:14:05,2026-09-05,1026032,224,30,105.03382110595703,,35.409149169921875,0.7139873504638672,866.6337280273438,184.68701171875,1035.7474365234375,300.7967529296875,169.11370849609375,116.1097412109375,19635.748928703368,951.1905517578125,242.74188232421875,1920,1080,861.6558837890625,208.14581298828125,966.6195068359375,211.9853057861328,104.963623046875,3.8394927978515625,2.094903813917525,left,False,"{'safe_roi': (450, 80, 1500, 420), 'cylinder_roi': (800, 190, 1000, 300)}",ok_cylinder_inside_confirmed
2026-09-05 09:14:10,2026-09-05,1026146,224,30,100.93688201904297,,29.217605590820312,0.6869567036628723,872.433837890625,187.1306915283203,1036.536376953125,304.51422119140625,164.1025390625,117.38352966308594,19262.935261830688,954.485107421875,245.82244873046875,1920,1080,868.6963500976562,203.8457794189453,969.0001220703125,215.13330078125,100.30377197265625,11.287521362304688,6.4206747190567235,left,False,"{'safe_roi': (450, 80, 1500, 420), 'cylinder_roi': (800, 190, 1000, 300)}",ok_cylinder_inside_confirmed
2026-09-05 09:14:15,2026-09-05,1026252,224,30,88.6549301147461,,30.065673828125,0.6766764521598816,875.2406616210938,187.76419067382812,1030.9222412109375,301.966796875,155.68157958984375,114.20260620117188,17779.242126675323,953.0814208984375,244.86549377441406,1920,1080,873.46337890625,207.71438598632812,961.5695190429688,217.56350708007812,88.10614013671875,9.84912109375,6.37844222430575,left,False,"{'safe_roi': (450, 80, 1500, 420), 'cylinder_roi': (800, 190, 1000, 300)}",ok_cylinder_inside_confirmed
2026-09-05 09:14:20,2026-09-05,1026362,224,30,93.20947265625,,32.04266357421875,0.6211885213851929,876.5281372070312,188.30906677246094,1032.0743408203125,302.1145935058594,155.54620361328125,113.80552673339844,17702.017633589916,954.30126953125,245.21182250976562,1920,1080,871.9944458007812,205.1046142578125,964.3037719726562,218.0272216796875,92.309326171875,12.922607421875,7.96918533087308,left,False,"{'safe_roi': (450, 80, 1500, 420), 'cylinder_roi': (800, 190, 1000, 300)}",ok_cylinder_inside_confirmed
2026-09-05 09:14:25,2026-09-05,1026474,224,30,96.42003631591797,,27.202056884765625,0.5569766759872437,875.7781982421875,188.56195068359375,1032.064453125,301.6173095703125,156.2862548828125,113.05535888671875,17668.998634837568,953.9213256835938,245.08963012695312,1920,1080,868.554443359375,206.35125732421875,963.99755859375,220.04196166992188,95.443115234375,13.690704345703125,8.163029313088263,left,False,"{'safe_roi': (450, 80, 1500, 420), 'cylinder_roi': (800, 190, 1000, 300)}",ok_cylinder_inside_confirmed
2026-09-05 09:14:30,2026-09-05,1026587,224,30,97.8353042602539,,24.156234741210938,0.5595293045043945,876.9417724609375,188.211181640625,1033.2139892578125,302.4735412597656,156.272216796875,114.26235961914062,17856.03223412484,955.077880859375,245.3423614501953,1920,1080,866.6727905273438,206.74398803710938,963.6558227539062,219.62957763671875,96.9830322265625,12.885589599609375,7.568241537921007,left,False,"{'safe_roi': (450, 80, 1500, 420), 'cylinder_roi': (800, 190, 1000, 300)}",ok_cylinder_inside_confirmed
2026-09-05 09:14:35,2026-09-05,1026697,224,30,95.12445068359375,,31.505142211914062,0.6059135794639587,873.649169921875,186.5595703125,1031.2099609375,301.54022216796875,157.560791015625,114.98065185546875,18116.442457839847,952.4295654296875,244.04989624023438,1920,1080,870.6343994140625,207.3284454345703,965.0499877929688,218.91970825195312,94.41558837890625,11.591262817382812,6.999095031095291,left,False,"{'safe_roi': (450, 80, 1500, 420), 'cylinder_roi': (800, 190, 1000, 300)}",ok_cylinder_inside_confirmed
2026-09-05 09:14:40,2026-09-05,1026803,224,30,95.74678802490234,,29.521530151367188,0.6249894499778748,873.6736450195312,186.76890563964844,1032.57763671875,302.2164306640625,158.90399169921875,115.44752502441406,18345.07255817484,953.1256103515625,244.49267578125,1920,1080,869.18408203125,205.88967895507812,964.0374755859375,218.9388427734375,94.8533935546875,13.049163818359375,7.833120928261661,left,False,"{'safe_roi': (450, 80, 1500, 420), 'cylinder_roi': (800, 190, 1000, 300)}",ok_cylinder_inside_confirmed
2026-09-05 09:27:36,2026-09-05,1044176,224,31,115.87528991699219,,42.45391845703125,0.7544113993644714,861.007568359375,191.656005859375,1033.531982421875,310.33184814453125,172.5244140625,118.67584228515625,20474.480153620243,947.269775390625,250.99392700195312,1920,1080,856.2667846679688,268.93505859375,967.4945678710938,236.44717407226562,111.227783203125,32.487884521484375,16.28225263553197,left,False,"{'safe_roi': (450, 80, 1500, 420), 'cylinder_roi': (800, 190, 1000, 300)}",ok_cylinder_inside_confirmed
2026-09-05 09:35:15,2026-09-05,1054779,228,32,99.16667175292969,,34.18360900878906,0.436518132686615,834.1699829101562,182.02537536621094,1006.2356567382812,289.0956115722656,172.065673828125,107.07023620605469,18423.112339731306,920.2028198242188,235.56048583984375,1920,1080,843.2440185546875,194.5522003173828,940.65771484375,213.1156005859375,97.4136962890625,18.563400268554688,10.7890714000268,left,False,"{'safe_roi': (450, 80, 1500, 420), 'cylinder_roi': (800, 190, 1000, 300)}",ok_cylinder_inside_confirmed
2026-09-05 09:35:20,2026-09-05,1054894,228,32,109.48492431640625,,39.99644470214844,0.6822739243507385,831.0150146484375,182.75238037109375,1005.239013671875,289.7892150878906,174.2239990234375,107.03683471679688,18648.38538717106,918.1270141601562,236.2707977294922,1920,1080,835.7205810546875,196.36141967773438,943.7783813476562,213.9813232421875,108.05780029296875,17.619903564453125,9.261142944020657,left,False,"{'safe_roi': (450, 80, 1500, 420), 'cylinder_roi': (800, 190, 1000, 300)}",ok_cylinder_inside_confirmed
2026-09-05 09:35:25,2026-09-05,1055013,228,32,108.91766357421875,,37.90472412109375,0.74228835105896,830.3263549804688,182.822998046875,1004.4638061523438,289.7790222167969,174.137451171875,106.95602416992188,18625.049436427653,917.3950805664062,236.30101013183594,1920,1080,835.693359375,199.80364990234375,943.114501953125,217.79684448242188,107.421142578125,17.993194580078125,9.508851440459244,left,False,"{'safe_roi': (450, 80, 1500, 420), 'cylinder_roi': (800, 190, 1000, 300)}",ok_cylinder_inside_confirmed
2026-09-05 09:35:30,2026-09-05,1055122,228,32,109.96994018554688,,36.55805969238281,0.7549141645431519,828.6692504882812,183.53079223632812,1001.3434448242188,290.21917724609375,172.6741943359375,106.68838500976562,18422.33092656359,915.00634765625,236.87498474121094,1920,1080,833.6522827148438,199.51409912109375,942.267578125,216.72183227539062,108.61529541015625,17.207733154296875,9.002449684681054,left,False,"{'safe_roi': (450, 80, 1500, 420), 'cylinder_roi': (800, 190, 1000, 300)}",ok_cylinder_inside_confirmed
2026-09-05 09:35:35,2026-09-05,1055235,228,32,105.36389923095703,,36.13238525390625,0.7509745955467224,828.7562255859375,183.14295959472656,1001.1507568359375,289.9886474609375,172.39453125,106.84568786621094,18419.612275779247,914.9534912109375,236.5657958984375,1920,1080,834.6964721679688,198.39910888671875,938.4640502929688,216.67041015625,103.767578125,18.27130126953125,9.986224890683864,left,False,"{'safe_roi': (450, 80, 1500, 420), 'cylinder_roi': (800, 190, 1000, 300)}",ok_cylinder_inside_confirmed
2026-09-05 09:35:40,2026-09-05,1055358,228,32,107.31051635742188,,35.985687255859375,0.7554693222045898,830.158935546875,183.44952392578125,1000.642333984375,290.4158020019531,170.4833984375,106.96627807617188,18235.97460463643,915.400634765625,236.9326629638672,1920,1080,834.6287231445312,199.63302612304688,940.4462890625,217.47091674804688,105.81756591796875,17.837890625,9.568512629330286,left,False,"{'safe_roi': (450, 80, 1500, 420), 'cylinder_roi': (800, 190, 1000, 300)}",ok_cylinder_inside_confirmed
2026-09-05 09:35:45,2026-09-05,1055470,228,32,103.08171844482422,,34.199432373046875,0.754204511642456,827.9321899414062,183.57505798339844,999.2164916992188,290.9130859375,171.2843017578125,107.33802795410156,18385.319170178846,913.5743408203125,237.24407958984375,1920,1080,834.2981567382812,198.5281219482422,935.6434326171875,217.36892700195312,101.34527587890625,18.840805053710938,10.53146236664169,left,False,"{'safe_roi': (450, 80, 1500, 420), 'cylinder_roi': (800, 190, 1000, 300)}",ok_cylinder_inside_confirmed
2026-09-05 09:35:51,2026-09-05,1055584,228,32,105.15452575683594,,32.58583068847656,0.7410334348678589,825.9398803710938,182.79714965820312,1002.4518432617188,291.7881774902344,176.511962890625,108.99102783203125,19238.220260098577,914.1958618164062,237.29266357421875,1920,1080,832.3504638671875,196.5206298828125,935.3756103515625,217.57516479492188,103.025146484375,21.054534912109375,11.55010005708917,left,False,"{'safe_roi': (450, 80, 1500, 420), 'cylinder_roi': (800, 190, 1000, 300)}",ok_cylinder_inside_confirmed
2026-09-05 09:35:56,2026-09-05,1055706,228,32,104.52452087402344,,34.301300048828125,0.734259307384491,822.6879272460938,183.789306640625,994.3353881835938,288.91650390625,171.6474609375,105.127197265625,18044.816486120224,908.5116577148438,236.3529052734375,1920,1080,829.834716796875,198.7879180908203,932.869384765625,216.3729248046875,103.03466796875,17.585006713867188,9.685394287277196,left,False,"{'safe_roi': (450, 80, 1500, 420), 'cylinder_roi': (800, 190, 1000, 300)}",ok_cylinder_inside_confirmed
2026-09-05 09:36:01,2026-09-05,1055818,228,32,107.52864074707031,,34.01008605957031,0.6985528469085693,821.63916015625,186.9322967529297,992.03466796875,290.48388671875,170.3955078125,103.55158996582031,17644.72575701773,906.8369140625,238.70809936523438,1920,1080,828.322509765625,198.717041015625,934.2069091796875,217.44944763183594,105.8843994140625,18.732406616210938,10.032602615709207,left,False,"{'safe_roi': (450, 80, 1500, 420), 'cylinder_roi': (800, 190, 1000, 300)}",ok_cylinder_inside_confirmed
2026-09-05 09:36:06,2026-09-05,1055928,228,32,103.42739868164062,,34.643646240234375,0.7195886373519897,820.1453247070312,185.31524658203125,989.4774780273438,289.5668640136719,169.3321533203125,104.25161743164062,17653.150866825134,904.8114013671875,237.44105529785156,1920,1080,826.3092651367188,199.82171630859375,928.47216796875,215.94525146484375,102.16290283203125,16.12353515625,8.968550307075889,left,False,"{'safe_roi': (450, 80, 1500, 420), 'cylinder_roi': (800, 190, 1000, 300)}",ok_cylinder_inside_confirmed
2026-09-05 09:36:11,2026-09-05,1056043,228,32,106.26953125,,40.42572021484375,0.732003390789032,821.230712890625,184.39846801757812,995.5859375,290.57965087890625,174.355224609375,106.18118286132812,18513.243987075984,908.4083251953125,237.4890594482422,1920,1080,824.3662109375,201.88693237304688,929.577392578125,216.84754943847656,105.211181640625,14.960617065429688,8.092980048150462,left,False,"{'safe_roi': (450, 80, 1500, 420), 'cylinder_roi': (800, 190, 1000, 300)}",ok_cylinder_inside_confirmed
2026-09-05 09:36:16,2026-09-05,1056156,228,32,107.12056732177734,,40.75816345214844,0.6646448969841003,817.4157104492188,184.3076934814453,996.8059692382812,289.5712585449219,179.3902587890625,105.26356506347656,18883.25817779638,907.11083984375,236.93948364257812,1920,1080,823.0396118164062,201.03292846679688,929.159912109375,215.63766479492188,106.12030029296875,14.604736328125,7.836068379122222,left,False,"{'safe_roi': (450, 80, 1500, 420), 'cylinder_roi': (800, 190, 1000, 300)}",ok_cylinder_inside_confirmed
2026-09-05 09:36:21,2026-09-05,1056265,228,32,107.13347625732422,,40.774261474609375,0.6873824596405029,815.765380859375,183.11831665039062,999.5986328125,289.582275390625,183.833251953125,106.46395874023438,19571.61575102061,907.6820068359375,236.3502960205078,1920,1080,823.5690307617188,201.29644775390625,929.757568359375,215.49420166015625,106.18853759765625,14.19775390625,7.615467507827877,left,False,"{'safe_roi': (450, 80, 1500, 420), 'cylinder_roi': (800, 190, 1000, 300)}",ok_cylinder_inside_confirmed
2026-09-05 09:36:26,2026-09-05,1056373,228,32,109.24457550048828,,42.372314453125,0.7077407836914062,813.5217895507812,183.6016082763672,997.7527465820312,290.73602294921875,184.23095703125,107.13441467285156,19737.475746162236,905.6372680664062,237.1688232421875,1920,1080,820.8206787109375,203.51414489746094,929.3184204101562,216.26632690429688,108.49774169921875,12.752182006835938,6.7034517577127355,left,False,"{'safe_roi': (450, 80, 1500, 420), 'cylinder_roi': (800, 190, 1000, 300)}",ok_cylinder_inside_confirmed
2026-09-05 09:36:31,2026-09-05,1056484,228,32,105.20305633544922,,34.86921691894531,0.5256860852241516,811.4265747070312,183.67015075683594,988.8684692382812,289.3116455078125,177.44189453125,105.64149475097656,18745.226969726384,900.1475219726562,236.49090576171875,1920,1080,820.1237182617188,202.54820251464844,924.3192138671875,217.0734100341797,104.19549560546875,14.52520751953125,7.936082720227339,left,False,"{'safe_roi': (450, 80, 1500, 420), 'cylinder_roi': (800, 190, 1000, 300)}",ok_cylinder_inside_confirmed
2026-09-05 09:43:38,2026-09-05,1066069,228,33,107.50473022460938,,40.43156433105469,0.6705859899520874,826.826171875,183.26644897460938,988.841552734375,292.0150146484375,162.015380859375,108.74856567382812,17618.94028555602,907.8338623046875,237.64073181152344,1920,1080,827.406494140625,215.2674560546875,934.8984375,216.92532348632812,107.491943359375,1.657867431640625,0.8836129772024629,left,False,"{'safe_roi': (450, 80, 1500, 420), 'cylinder_roi': (800, 190, 1000, 300)}",ok_cylinder_inside_confirmed
2026-09-05 09:43:43,2026-09-05,1066179,228,33,107.87275695800781,,37.89888000488281,0.6322847008705139,825.7328491210938,182.1275177001953,990.3125610351562,294.38531494140625,164.5797119140625,112.25779724121094,18475.355930065736,908.022705078125,238.25640869140625,1920,1080,826.0526123046875,215.50738525390625,933.9251708984375,215.3022918701172,107.87255859375,0.2050933837890625,0.10893383165589765,left,False,"{'safe_roi': (450, 80, 1500, 420), 'cylinder_roi': (800, 190, 1000, 300)}",ok_cylinder_inside_confirmed
2026-09-05 09:45:08,2026-09-05,1068123,228,34,104.0602798461914,,39.35038757324219,0.7696700692176819,847.9224243164062,184.31570434570312,1026.0616455078125,293.54345703125,178.13922119140625,109.22775268554688,19457.746795890853,936.9920654296875,238.92958068847656,1920,1080,846.5769653320312,203.36123657226562,950.54150390625,207.82400512695312,103.96453857421875,4.4627685546875,2.457962376810045,left,False,"{'safe_roi': (450, 80, 1500, 420), 'cylinder_roi': (800, 190, 1000, 300)}",ok_cylinder_inside_confirmed
2026-09-05 09:45:13,2026-09-05,1068235,228,34,92.2930679321289,,32.77447509765625,0.7651972770690918,848.5010375976562,184.57257080078125,1014.2623901367188,291.7326965332031,165.7613525390625,107.16012573242188,17763.007379662246,931.3817138671875,238.1526336669922,1920,1080,853.8137817382812,199.6715545654297,945.6036987304688,209.2955322265625,91.7899169921875,9.623977661132812,5.985471689258706,left,False,"{'safe_roi': (450, 80, 1500, 420), 'cylinder_roi': (800, 190, 1000, 300)}",ok_cylinder_inside_confirmed
2026-09-05 09:45:18,2026-09-05,1068349,228,34,89.00912475585938,,33.341461181640625,0.7401721477508545,849.0562744140625,184.24391174316406,1016.658935546875,293.8193664550781,167.6026611328125,109.57545471191406,18365.137804554775,932.8576049804688,239.03164672851562,1920,1080,858.943115234375,192.73489379882812,946.6741943359375,207.76425170898438,87.7310791015625,15.02935791015625,9.72107183599274,left,False,"{'safe_roi': (450, 80, 1500, 420), 'cylinder_roi': (800, 190, 1000, 300)}",ok_cylinder_inside_confirmed
2026-09-05 09:45:23,2026-09-05,1068461,228,34,86.1053695678711,,34.513885498046875,0.6960023045539856,850.9303588867188,185.04229736328125,1011.6438598632812,293.40142822265625,160.7135009765625,108.359130859375,17414.775283187628,931.287109375,239.22186279296875,1920,1080,861.259521484375,190.84619140625,945.5667724609375,208.35110473632812,84.3072509765625,17.504913330078125,11.729791301035517,left,False,"{'safe_roi': (450, 80, 1500, 420), 'cylinder_roi': (800, 190, 1000, 300)}",ok_cylinder_inside_confirmed
2026-09-05 09:45:28,2026-09-05,1068572,228,34,82.59368896484375,,34.263946533203125,0.6075699329376221,849.6156005859375,185.1650390625,1008.1400146484375,293.01239013671875,158.5244140625,107.84735107421875,17096.438137233257,928.8778076171875,239.08871459960938,1920,1080,860.875,192.4080047607422,942.0169677734375,207.82546997070312,81.1419677734375,15.417465209960938,10.758301938836187,left,False,"{'safe_roi': (450, 80, 1500, 420), 'cylinder_roi': (800, 190, 1000, 300)}",ok_cylinder_inside_confirmed
2026-09-05 09:45:33,2026-09-05,1068685,228,34,83.8396987915039,,33.80506896972656,0.7327831387519836,852.3057861328125,184.69912719726562,1008.1080322265625,293.37274169921875,155.80224609375,108.67361450195312,16931.59323053062,930.2069091796875,239.0359344482422,1920,1080,862.2471923828125,191.46856689453125,943.91259765625,210.43844604492188,81.6654052734375,18.969879150390625,13.077198818892061,left,False,"{'safe_roi': (450, 80, 1500, 420), 'cylinder_roi': (800, 190, 1000, 300)}",ok_cylinder_inside_confirmed
2026-09-05 09:45:39,2026-09-05,1068808,228,34,86.7415771484375,,31.504898071289062,0.7431381344795227,851.2931518554688,184.83990478515625,1009.1264038085938,293.2496643066406,157.833251953125,108.40975952148438,17110.664888732135,930.2097778320312,239.04478454589844,1920,1080,860.73095703125,193.20738220214844,945.59375,211.16310119628906,84.86279296875,17.955718994140625,11.946745531895653,left,False,"{'safe_roi': (450, 80, 1500, 420), 'cylinder_roi': (800, 190, 1000, 300)}",ok_cylinder_inside_confirmed
2026-09-05 09:46:01,2026-09-05,1069284,228,35,84.01224517822266,,33.83757019042969,0.714526891708374,847.2523193359375,184.99388122558594,1009.147216796875,295.4334411621094,161.8948974609375,110.43955993652344,17879.601231554523,928.1997680664062,240.21365356445312,1920,1080,862.3792114257812,190.28952026367188,944.21630859375,209.28285217285156,81.83709716796875,18.993331909179688,13.066284810193878,left,False,"{'safe_roi': (450, 80, 1500, 420), 'cylinder_roi': (800, 190, 1000, 300)}",ok_cylinder_inside_confirmed
2026-09-05 09:47:13,2026-09-05,1070895,228,36,83.80264282226562,,32.93693542480469,0.7607072591781616,850.3510131835938,185.91200256347656,1011.7803344726562,294.6736145019531,161.4293212890625,108.76161193847656,17557.31319753267,931.065673828125,240.29281616210938,1920,1080,863.8995971679688,190.34405517578125,945.1790771484375,210.7530975341797,81.27947998046875,20.409042358398438,14.095390206769952,left,False,"{'safe_roi': (450, 80, 1500, 420), 'cylinder_roi': (800, 190, 1000, 300)}",ok_cylinder_inside_confirmed
2026-09-05 09:47:18,2026-09-05,1071006,228,36,83.17347717285156,,31.435043334960938,0.7322768568992615,850.7512817382812,184.13479614257812,1011.1730346679688,293.1817932128906,160.4217529296875,109.0469970703125,17493.51042173803,930.962158203125,238.65829467773438,1920,1080,864.22900390625,193.3513641357422,945.3990478515625,211.4966583251953,81.1700439453125,18.145294189453125,12.601102371842376,left,False,"{'safe_roi': (450, 80, 1500, 420), 'cylinder_roi': (800, 190, 1000, 300)}",ok_cylinder_inside_confirmed
2026-09-05 09:47:24,2026-09-05,1071139,228,36,82.61151885986328,,30.934539794921875,0.7132163047790527,854.96142578125,184.31283569335938,1013.8248291015625,294.0165100097656,158.8634033203125,109.70367431640625,17427.899058647454,934.3931274414062,239.1646728515625,1920,1080,865.0084228515625,193.69338989257812,945.8402709960938,210.74844360351562,80.83184814453125,17.0550537109375,11.91432742520248,left,False,"{'safe_roi': (450, 80, 1500, 420), 'cylinder_roi': (800, 190, 1000, 300)}",ok_cylinder_inside_confirmed
2026-09-05 09:47:32,2026-09-05,1071305,228,36,82.08573150634766,,29.766891479492188,0.7359508872032166,854.1644897460938,183.6764373779297,1015.9432983398438,292.6292419433594,161.77880859375,108.95280456542969,17626.2549155429,935.0538940429688,238.15283203125,1920,1080,865.561279296875,196.43934631347656,946.0858764648438,212.3722381591797,80.52459716796875,15.932891845703125,11.192189044808083,left,False,"{'safe_roi': (450, 80, 1500, 420), 'cylinder_roi': (800, 190, 1000, 300)}",ok_cylinder_inside_confirmed
2026-09-05 09:47:37,2026-09-05,1071416,228,36,83.99600219726562,,28.466812133789062,0.7499018907546997,853.5072021484375,184.4527587890625,1014.4605712890625,292.90802001953125,160.953369140625,108.45526123046875,17456.239696070552,933.98388671875,238.68038940429688,1920,1080,863.8765869140625,196.96890258789062,946.552490234375,211.8020782470703,82.6759033203125,14.833175659179688,10.17142268585192,left,False,"{'safe_roi': (450, 80, 1500, 420), 'cylinder_roi': (800, 190, 1000, 300)}",ok_cylinder_inside_confirmed
2026-09-05 09:47:51,2026-09-05,1071730,228,36,81.43999481201172,,30.275527954101562,0.7294794917106628,854.2730712890625,184.8339080810547,1014.4140625,292.124755859375,160.1409912109375,107.29084777832031,17181.662711082026,934.3435668945312,238.47933959960938,1920,1080,865.4072265625,194.35699462890625,945.4324340820312,209.47120666503906,80.02520751953125,15.114212036132812,10.695362820196513,left,False,"{'safe_roi': (450, 80, 1500, 420), 'cylinder_roi': (800, 190, 1000, 300)}",ok_cylinder_inside_confirmed
2026-09-05 09:48:08,2026-09-05,1072100,228,36,80.9944076538086,,33.74537658691406,0.706397533416748,851.5693359375,184.84042358398438,1012.60009765625,292.53839111328125,161.03076171875,107.69796752929688,17342.68574680388,932.084716796875,238.6894073486328,1920,1080,863.4515991210938,191.6597900390625,941.9149169921875,211.74964904785156,78.46331787109375,20.089859008789062,14.361563532551552,left,False,"{'safe_roi': (450, 80, 1500, 420), 'cylinder_roi': (800, 190, 1000, 300)}",ok_cylinder_inside_confirmed
2026-09-05 09:48:15,2026-09-05,1072265,228,36,90.46459197998047,,30.171356201171875,0.734102725982666,849.2774658203125,185.87022399902344,1008.3038330078125,292.31072998046875,159.0263671875,106.44050598144531,16926.846987828612,928.7906494140625,239.09048461914062,1920,1080,857.43896484375,197.730224609375,946.3771362304688,214.2784423828125,88.93817138671875,16.5482177734375,10.540168310386345,left,False,"{'safe_roi': (450, 80, 1500, 420), 'cylinder_roi': (800, 190, 1000, 300)}",ok_cylinder_inside_confirmed
2026-09-05 09:48:20,2026-09-05,1072378,228,36,83.79981994628906,,31.297775268554688,0.6927047371864319,853.7769775390625,186.85238647460938,1010.9923095703125,291.3436279296875,157.21533203125,104.49124145507812,16427.62521971762,932.3846435546875,239.09800720214844,1920,1080,862.4954833984375,191.79605102539062,944.0452270507812,211.08462524414062,81.54974365234375,19.28857421875,13.307340316715871,left,False,"{'safe_roi': (450, 80, 1500, 420), 'cylinder_roi': (800, 190, 1000, 300)}",ok_cylinder_inside_confirmed
2026-09-05 09:48:27,2026-09-05,1072523,228,36,81.47787475585938,,34.38392639160156,0.6445026397705078,850.5675659179688,184.10604858398438,1009.5208129882812,291.85015869140625,158.9532470703125,107.74411010742188,17126.276154275984,930.044189453125,237.9781036376953,1920,1080,861.8629150390625,190.19468688964844,940.7152099609375,210.7119903564453,78.852294921875,20.517303466796875,14.584905910281794,left,False,"{'safe_roi': (450, 80, 1500, 420), 'cylinder_roi': (800, 190, 1000, 300)}",ok_cylinder_inside_confirmed
2026-09-05 09:48:32,2026-09-05,1072632,228,36,88.33782196044922,,31.690444946289062,0.7557089924812317,851.8530883789062,186.12144470214844,1010.7896118164062,293.2667541503906,158.9365234375,107.14530944824219,17029.302986338735,931.3213500976562,239.694091796875,1920,1080,858.1722412109375,194.7572784423828,944.5779418945312,213.1318817138672,86.40570068359375,18.374603271484375,12.005395547539976,left,False,"{'safe_roi': (450, 80, 1500, 420), 'cylinder_roi': (800, 190, 1000, 300)}",ok_cylinder_inside_confirmed
2026-09-05 09:48:37,2026-09-05,1072744,228,36,84.78768920898438,,35.44334411621094,0.684377133846283,852.3457641601562,186.00213623046875,1011.6174926757812,293.87005615234375,159.271728515625,107.867919921875,17180.310057342052,931.9816284179688,239.93609619140625,1920,1080,856.8580322265625,196.43438720703125,940.4739990234375,210.48155212402344,83.615966796875,14.047164916992188,9.536424167865192,left,False,"{'safe_roi': (450, 80, 1500, 420), 'cylinder_roi': (800, 190, 1000, 300)}",ok_cylinder_inside_confirmed
2026-09-05 09:48:42,2026-09-05,1072855,228,36,83.6600341796875,,35.2275390625,0.7366688847541809,850.2708740234375,185.0646209716797,1011.5728759765625,292.8875732421875,161.302001953125,107.82295227050781,17392.058057729155,930.921875,238.97610473632812,1920,1080,859.19873046875,195.1006317138672,941.271728515625,211.3186492919922,82.072998046875,16.218017578125,11.177914782506045,left,False,"{'safe_roi': (450, 80, 1500, 420), 'cylinder_roi': (800, 190, 1000, 300)}",ok_cylinder_inside_confirmed
2026-09-05 09:48:47,2026-09-05,1072969,228,36,86.27684783935547,,32.18731689453125,0.7634519338607788,854.0565795898438,186.3225555419922,1015.3348999023438,293.100830078125,161.2783203125,106.77827453613281,17221.02076305449,934.6957397460938,239.71170043945312,1920,1080,860.213134765625,195.10769653320312,944.521484375,213.43246459960938,84.308349609375,18.32476806640625,12.262739950453614,left,False,"{'safe_roi': (450, 80, 1500, 420), 'cylinder_roi': (800, 190, 1000, 300)}",ok_cylinder_inside_confirmed
2026-09-05 09:48:52,2026-09-05,1073086,228,36,82.794677734375,,35.15704345703125,0.7440963387489319,850.3311767578125,185.16726684570312,1010.3487548828125,292.14959716796875,160.017578125,106.98233032226562,17119.053400337696,930.3399658203125,238.65843200683594,1920,1080,860.5010986328125,193.6343994140625,941.61328125,210.24078369140625,81.1121826171875,16.60638427734375,11.570474140326684,left,False,"{'safe_roi': (450, 80, 1500, 420), 'cylinder_roi': (800, 190, 1000, 300)}",ok_cylinder_inside_confirmed
2026-09-05 09:48:57,2026-09-05,1073205,228,36,81.75068664550781,,34.498504638671875,0.7319374084472656,851.1962890625,187.56727600097656,1012.57666015625,292.8739929199219,161.38037109375,105.30671691894531,16994.437055043876,931.886474609375,240.22064208984375,1920,1080,860.9815673828125,194.65896606445312,941.0609130859375,211.10504150390625,80.079345703125,16.446075439453125,11.60559292710496,left,False,"{'safe_roi': (450, 80, 1500, 420), 'cylinder_roi': (800, 190, 1000, 300)}",ok_cylinder_inside_confirmed
2026-09-05 09:49:02,2026-09-05,1073319,228,36,84.39753723144531,,34.736419677734375,0.7687460780143738,851.4158325195312,184.38243103027344,1013.3527221679688,292.8499450683594,161.9368896484375,108.46751403808594,17564.891851225868,932.38427734375,238.61618041992188,1920,1080,861.5079345703125,193.3241424560547,943.8104248046875,212.01220703125,82.302490234375,18.688064575195312,12.792981090351764,left,False,"{'safe_roi': (450, 80, 1500, 420), 'cylinder_roi': (800, 190, 1000, 300)}",ok_cylinder_inside_confirmed
2026-09-05 09:49:07,2026-09-05,1073435,228,36,84.25778198242188,,33.45463562011719,0.7923787236213684,851.99853515625,186.27371215820312,1014.710205078125,292.7626953125,162.711669921875,106.48898315429688,17327.00027731806,933.3543701171875,239.51820373535156,1920,1080,863.8494873046875,190.85064697265625,945.3748779296875,212.13409423828125,81.525390625,21.283447265625,14.631371525343187,left,False,"{'safe_roi': (450, 80, 1500, 420), 'cylinder_roi': (800, 190, 1000, 300)}",ok_cylinder_inside_confirmed
2026-09-05 09:49:12,2026-09-05,1073550,228,36,86.19824981689453,,34.09034729003906,0.7662538886070251,851.9393920898438,185.0598602294922,1015.4152221679688,293.169921875,163.475830078125,108.11006164550781,17673.382067296654,933.6773071289062,239.11489868164062,1920,1080,863.1602783203125,190.35780334472656,946.6673583984375,211.7284698486328,83.507080078125,21.37066650390625,14.35473500734204,left,False,"{'safe_roi': (450, 80, 1500, 420), 'cylinder_roi': (800, 190, 1000, 300)}",ok_cylinder_inside_confirmed
2026-09-05 09:49:17,2026-09-05,1073668,228,36,85.37764739990234,,34.41261291503906,0.7803081274032593,850.1624755859375,184.09185791015625,1013.7967529296875,292.26519775390625,163.63427734375,108.17333984375,17700.86629319191,931.9796142578125,238.17852783203125,1920,1080,863.7474365234375,190.277587890625,946.3223876953125,211.97366333007812,82.574951171875,21.696075439453125,14.721383667036635,left,False,"{'safe_roi': (450, 80, 1500, 420), 'cylinder_roi': (800, 190, 1000, 300)}",ok_cylinder_inside_confirmed
2026-09-05 09:49:44,2026-09-05,1074281,228,37,97.02971649169922,,32.683380126953125,0.41855838894844055,887.4713134765625,186.52610778808594,1045.5806884765625,304.4322814941406,158.109375,117.90617370605469,18642.07143330574,966.5260009765625,245.47918701171875,1920,1080,880.8670654296875,207.35720825195312,977.4107666015625,217.05665588378906,96.543701171875,9.699447631835938,5.737079186006569,left,False,"{'safe_roi': (450, 80, 1500, 420), 'cylinder_roi': (800, 190, 1000, 300)}",ok_cylinder_inside_confirmed
2026-09-05 09:49:49,2026-09-05,1074393,228,37,92.78287506103516,,31.937393188476562,0.6486107110977173,890.5689697265625,187.00059509277344,1052.0272216796875,304.3135681152344,161.458251953125,117.31297302246094,18941.147555630654,971.298095703125,245.65707397460938,1920,1080,889.2998657226562,213.38299560546875,982.0574951171875,215.54713439941406,92.75762939453125,2.1641387939453125,1.3365318694328303,left,False,"{'safe_roi': (450, 80, 1500, 420), 'cylinder_roi': (800, 190, 1000, 300)}",ok_cylinder_inside_confirmed
2026-09-05 09:49:56,2026-09-05,1074548,228,37,98.9373550415039,,31.602127075195312,0.6840727925300598,891.2346801757812,186.13528442382812,1053.91796875,305.04193115234375,162.68328857421875,118.90664672851562,19344.12432312779,972.5762939453125,245.58860778808594,1920,1080,885.5224609375,212.25112915039062,984.3408203125,217.10214233398438,98.818359375,4.85101318359375,2.810405266375914,left,False,"{'safe_roi': (450, 80, 1500, 420), 'cylinder_roi': (800, 190, 1000, 300)}",ok_cylinder_inside_confirmed
2026-09-05 09:50:01,2026-09-05,1074660,228,37,101.0180892944336,,31.9208984375,0.6547295451164246,889.3621215820312,186.20497131347656,1052.8662109375,304.9380798339844,163.50408935546875,118.73310852050781,19413.348784989677,971.1141357421875,245.571533203125,1920,1080,882.6787109375,208.07528686523438,983.3905029296875,215.9358673095703,100.7117919921875,7.8605804443359375,4.4629021033326,left,False,"{'safe_roi': (450, 80, 1500, 420), 'cylinder_roi': (800, 190, 1000, 300)}",ok_cylinder_inside_confirmed
2026-09-05 09:50:06,2026-09-05,1074768,228,37,101.56556701660156,,33.1656494140625,0.7221702933311462,888.7669067382812,186.32229614257812,1051.0767822265625,304.9271240234375,162.30987548828125,118.60482788085938,19250.734845651314,969.921875,245.6247100830078,1920,1080,881.3622436523438,211.02255249023438,982.7825927734375,216.45181274414062,101.42034912109375,5.42926025390625,3.064247587037527,left,False,"{'safe_roi': (450, 80, 1500, 420), 'cylinder_roi': (800, 190, 1000, 300)}",ok_cylinder_inside_confirmed
2026-09-05 09:50:11,2026-09-05,1074882,228,37,104.31929016113281,,35.076904296875,0.7030091285705566,887.4144897460938,186.68313598632812,1050.8419189453125,306.2136535644531,163.42742919921875,119.530517578125,19534.565198644996,969.128173828125,246.44839477539062,1920,1080,878.123046875,207.96240234375,982.168701171875,215.51327514648438,104.045654296875,7.550872802734375,4.150831741176615,left,False,"{'safe_roi': (450, 80, 1500, 420), 'cylinder_roi': (800, 190, 1000, 300)}",ok_cylinder_inside_confirmed
2026-09-05 09:50:18,2026-09-05,1075043,228,37,100.22613525390625,,33.86137390136719,0.6697336435317993,887.731201171875,186.469482421875,1047.7493896484375,305.3088073730469,160.0181884765625,118.83932495117188,19016.453498464078,967.7402954101562,245.88914489746094,1920,1080,880.736083984375,206.8250274658203,980.5654296875,215.73458862304688,99.829345703125,8.909561157226562,5.1000167466247035,left,False,"{'safe_roi': (450, 80, 1500, 420), 'cylinder_roi': (800, 190, 1000, 300)}",ok_cylinder_inside_confirmed
2026-09-05 09:50:23,2026-09-05,1075153,228,37,97.96924591064453,,32.11724853515625,0.6658927798271179,887.4204711914062,186.5860595703125,1046.640869140625,305.2602844238281,159.22039794921875,118.67422485351562,18895.357307491824,967.0306396484375,245.9231719970703,1920,1080,882.453125,204.38502502441406,979.9114990234375,214.376953125,97.4583740234375,9.991928100585938,5.853801318222281,left,False,"{'safe_roi': (450, 80, 1500, 420), 'cylinder_roi': (800, 190, 1000, 300)}",ok_cylinder_inside_confirmed
2026-09-05 09:50:28,2026-09-05,1075263,228,37,98.93709564208984,,33.79718017578125,0.6631190180778503,886.3209228515625,186.00567626953125,1049.77099609375,304.6156005859375,163.4500732421875,118.60992431640625,19386.800816766918,968.0459594726562,245.31063842773438,1920,1080,882.0731201171875,208.43719482421875,980.8360595703125,214.30496215820312,98.762939453125,5.867767333984375,3.4000968689079656,left,False,"{'safe_roi': (450, 80, 1500, 420), 'cylinder_roi': (800, 190, 1000, 300)}",ok_cylinder_inside_confirmed
2026-09-05 09:50:33,2026-09-05,1075371,228,37,98.56103515625,,31.781478881835938,0.708499014377594,886.2828369140625,186.27960205078125,1051.9979248046875,305.1691589355469,165.715087890625,118.88955688476562,19701.793368436396,969.140380859375,245.72438049316406,1920,1080,883.6583251953125,208.3502197265625,981.9231567382812,215.9857177734375,98.26483154296875,7.635498046875,4.443141113950497,left,False,"{'safe_roi': (450, 80, 1500, 420), 'cylinder_roi': (800, 190, 1000, 300)}",ok_cylinder_inside_confirmed
2026-09-05 09:50:38,2026-09-05,1075481,228,37,98.6914291381836,,30.597671508789062,0.4846135377883911,886.1423950195312,186.23268127441406,1049.7139892578125,305.181396484375,163.57159423828125,118.94871520996094,19456.630979488604,967.92822265625,245.70703125,1920,1080,883.84521484375,205.2660369873047,982.0279541015625,215.27340698242188,98.1827392578125,10.007369995117188,5.819829010017748,left,False,"{'safe_roi': (450, 80, 1500, 420), 'cylinder_roi': (800, 190, 1000, 300)}",ok_cylinder_inside_confirmed
2026-09-05 09:50:51,2026-09-05,1075761,228,37,101.97505187988281,,33.2086181640625,0.44433069229125977,885.2095947265625,186.61581420898438,1048.816162109375,306.1427001953125,163.6065673828125,119.52688598632812,19555.38352617994,967.0128784179688,246.37925720214844,1920,1080,878.5507202148438,201.63526916503906,979.9232177734375,212.7045135498047,101.37249755859375,11.069244384765625,6.231652737492576,left,False,"{'safe_roi': (450, 80, 1500, 420), 'cylinder_roi': (800, 190, 1000, 300)}",ok_cylinder_inside_confirmed
2026-09-05 09:50:57,2026-09-05,1075901,228,37,97.71620178222656,,30.644287109375,0.4331442713737488,886.9104614257812,187.0603485107422,1049.5186767578125,305.9436340332031,162.60821533203125,118.88328552246094,19331.39889161568,968.214599609375,246.50198364257812,1920,1080,882.877685546875,206.10862731933594,980.1783447265625,215.1107177734375,97.3006591796875,9.002090454101562,5.285860053167668,left,False,"{'safe_roi': (450, 80, 1500, 420), 'cylinder_roi': (800, 190, 1000, 300)}",ok_cylinder_inside_confirmed
2026-09-05 09:51:02,2026-09-05,1076031,228,37,99.94519805908203,,31.543930053710938,0.6480938792228699,886.359375,186.74984741210938,1050.0631103515625,306.03875732421875,163.7037353515625,119.28890991210938,19528.040138628334,968.2112426757812,246.39430236816406,1920,1080,880.6705932617188,200.99310302734375,979.817626953125,213.5989990234375,99.14703369140625,12.60589599609375,7.245905564766658,left,False,"{'safe_roi': (450, 80, 1500, 420), 'cylinder_roi': (800, 190, 1000, 300)}",ok_cylinder_inside_confirmed
2026-09-05 09:51:07,2026-09-05,1076144,228,37,97.14524841308594,,30.812637329101562,0.4816757142543793,887.145751953125,187.28790283203125,1050.1905517578125,306.6922607421875,163.0447998046875,119.40435791015625,19468.25963126868,968.6681518554688,246.99008178710938,1920,1080,883.27197265625,202.796142578125,979.796630859375,213.7592315673828,96.524658203125,10.963088989257812,6.479778969616686,left,False,"{'safe_roi': (450, 80, 1500, 420), 'cylinder_roi': (800, 190, 1000, 300)}",ok_cylinder_inside_confirmed
2026-09-05 09:51:29,2026-09-05,1076626,228,37,100.03620147705078,,29.4620361328125,0.4150258004665375,883.2877197265625,186.2035369873047,1049.8475341796875,304.7641296386719,166.559814453125,118.56059265136719,19747.430313464254,966.567626953125,245.48382568359375,1920,1080,881.3951416015625,198.07919311523438,980.3453369140625,212.77955627441406,98.9501953125,14.700363159179688,8.450240730282855,left,False,"{'safe_roi': (450, 80, 1500, 420), 'cylinder_roi': (800, 190, 1000, 300)}",ok_cylinder_inside_confirmed
2026-09-05 09:51:34,2026-09-05,1076745,228,37,99.51579284667969,,28.6529541015625,0.4616926908493042,883.8543701171875,186.15884399414062,1049.69580078125,306.1573486328125,165.8414306640625,119.99850463867188,19900.723686825484,966.7750854492188,246.15809631347656,1920,1080,881.745361328125,201.45570373535156,980.4551391601562,214.09585571289062,98.70977783203125,12.640151977539062,7.297223302669112,left,False,"{'safe_roi': (450, 80, 1500, 420), 'cylinder_roi': (800, 190, 1000, 300)}",ok_cylinder_inside_confirmed
2026-09-05 09:51:39,2026-09-05,1076862,228,37,98.72187805175781,,30.232711791992188,0.4189121127128601,884.3065795898438,186.64450073242188,1050.2978515625,305.852294921875,165.99127197265625,119.20779418945312,19787.453386561945,967.30224609375,246.24839782714844,1920,1080,882.081787109375,204.17340087890625,980.197021484375,215.10086059570312,98.115234375,10.927459716796875,6.355054826262417,left,False,"{'safe_roi': (450, 80, 1500, 420), 'cylinder_roi': (800, 190, 1000, 300)}",ok_cylinder_inside_confirmed
2026-09-05 09:51:44,2026-09-05,1076977,228,37,99.62430572509766,,29.852020263671875,0.5936055779457092,884.604248046875,186.9141845703125,1049.05322265625,306.1336975097656,164.448974609375,119.21951293945312,19605.52665632218,966.8287353515625,246.52394104003906,1920,1080,880.7867431640625,201.87646484375,979.65673828125,214.11273193359375,98.8699951171875,12.23626708984375,7.055118457277776,left,False,"{'safe_roi': (450, 80, 1500, 420), 'cylinder_roi': (800, 190, 1000, 300)}",ok_cylinder_inside_confirmed
2026-09-05 09:51:49,2026-09-05,1077087,228,37,99.01939392089844,,29.5206298828125,0.45808449387550354,884.2833862304688,186.2720489501953,1049.7296142578125,305.6839599609375,165.44622802734375,119.41191101074219,19756.250258264132,967.0064697265625,245.97799682617188,1920,1080,880.770263671875,202.11415100097656,979.0477294921875,214.2129364013672,98.2774658203125,12.098785400390625,7.018280519174624,left,False,"{'safe_roi': (450, 80, 1500, 420), 'cylinder_roi': (800, 190, 1000, 300)}",ok_cylinder_inside_confirmed
2026-09-05 09:51:56,2026-09-05,1077244,228,37,99.46392822265625,,30.041534423828125,0.5374857187271118,884.1224365234375,186.88180541992188,1050.7459716796875,306.1090393066406,166.62353515625,119.22723388671875,19866.063197106123,967.4342041015625,246.49542236328125,1920,1080,881.1317749023438,201.32325744628906,979.7645874023438,214.1544952392578,98.6328125,12.83123779296875,7.412037381534686,left,False,"{'safe_roi': (450, 80, 1500, 420), 'cylinder_roi': (800, 190, 1000, 300)}",ok_cylinder_inside_confirmed
2026-09-05 09:52:01,2026-09-05,1077355,228,37,102.40930938720703,,30.339630126953125,0.6077753901481628,884.2801513671875,187.26686096191406,1050.4136962890625,306.69696044921875,166.133544921875,119.43009948730469,19841.345798198134,967.346923828125,246.98190307617188,1920,1080,879.38134765625,203.0246124267578,981.1688842773438,214.29246520996094,101.78753662109375,11.267852783203125,6.316907717167475,left,False,"{'safe_roi': (450, 80, 1500, 420), 'cylinder_roi': (800, 190, 1000, 300)}",ok_cylinder_inside_confirmed
2026-09-05 09:52:06,2026-09-05,1077465,228,37,101.67254638671875,,30.412017822265625,0.6239733695983887,883.6149291992188,186.7204132080078,1049.80908203125,305.5750427246094,166.19415283203125,118.85462951660156,19752.944462676533,966.7120361328125,246.14773559570312,1920,1080,879.0641479492188,207.33023071289062,980.359130859375,216.084228515625,101.29498291015625,8.753997802734375,4.939277519889791,left,False,"{'safe_roi': (450, 80, 1500, 420), 'cylinder_roi': (800, 190, 1000, 300)}",ok_cylinder_inside_confirmed
2026-09-05 09:52:11,2026-09-05,1077579,228,37,84.86750030517578,,25.324066162109375,0.4327281415462494,890.582275390625,189.83981323242188,1040.1734619140625,304.4911804199219,149.5911865234375,114.6513671875,17150.834054112434,965.3778686523438,247.16549682617188,1920,1080,889.8803100585938,206.70472717285156,973.6427001953125,220.35589599609375,83.76239013671875,13.651168823242188,9.256395102360429,left,False,"{'safe_roi': (450, 80, 1500, 420), 'cylinder_roi': (800, 190, 1000, 300)}",ok_cylinder_inside_confirmed
2026-09-05 09:52:16,2026-09-05,1077695,228,37,88.46498107910156,,28.780853271484375,0.7981827855110168,850.2676391601562,185.81475830078125,1025.71728515625,296.637451171875,175.44964599609375,110.82269287109375,19443.80223256722,937.992431640625,241.22610473632812,1920,1080,861.1005859375,225.3460693359375,949.1112060546875,216.39157104492188,88.0106201171875,8.954498291015625,5.809475502956439,left,False,"{'safe_roi': (450, 80, 1500, 420), 'cylinder_roi': (800, 190, 1000, 300)}",ok_cylinder_inside_confirmed
2026-09-05 09:52:22,2026-09-05,1077814,228,37,102.76603698730469,,34.461700439453125,0.7787794470787048,850.0421752929688,185.15829467773438,1037.00537109375,295.59918212890625,186.96319580078125,110.44088745117188,20648.381264945492,943.5238037109375,240.3787384033203,1920,1080,861.0029296875,225.75091552734375,963.6928100585938,221.79539489746094,102.68988037109375,3.9555206298828125,2.2058906804135443,left,False,"{'safe_roi': (450, 80, 1500, 420), 'cylinder_roi': (800, 190, 1000, 300)}",ok_cylinder_inside_confirmed
2026-09-05 09:52:27,2026-09-05,1077923,228,37,111.98362731933594,,37.97459411621094,0.7787248492240906,854.1549682617188,184.54180908203125,1042.4036865234375,295.3384704589844,188.24871826171875,110.79666137695312,20857.329491889104,948.279296875,239.9401397705078,1920,1080,855.6273193359375,223.10438537597656,967.606689453125,224.080810546875,111.9793701171875,0.9764251708984375,0.4995886601250316,left,False,"{'safe_roi': (450, 80, 1500, 420), 'cylinder_roi': (800, 190, 1000, 300)}",ok_cylinder_inside_confirmed
2026-09-05 09:52:32,2026-09-05,1078033,228,37,110.04225158691406,,37.18760681152344,0.7650968432426453,858.44775390625,186.14950561523438,1041.6953125,295.493408203125,183.24755859375,109.34390258789062,20037.00319634378,950.071533203125,240.8214569091797,1920,1080,858.223388671875,221.12249755859375,968.212646484375,224.53713989257812,109.9892578125,3.414642333984375,1.778189797615141,left,False,"{'safe_roi': (450, 80, 1500, 420), 'cylinder_roi': (800, 190, 1000, 300)}",ok_cylinder_inside_confirmed
2026-09-05 09:52:37,2026-09-05,1078147,228,37,99.90406036376953,,36.04254150390625,0.7684923410415649,859.7728271484375,185.22422790527344,1044.2523193359375,296.0972900390625,184.4794921875,110.87306213378906,20453.80619971454,952.0125732421875,240.6607666015625,1920,1080,864.536376953125,218.31777954101562,964.431396484375,219.6616973876953,99.89501953125,1.3439178466796875,0.770770915298216,left,False,"{'safe_roi': (450, 80, 1500, 420), 'cylinder_roi': (800, 190, 1000, 300)}",ok_cylinder_inside_confirmed
2026-09-05 09:52:42,2026-09-05,1078266,228,37,108.10122680664062,,33.83587646484375,0.7755626440048218,860.0752563476562,186.45301818847656,1043.2052001953125,295.26751708984375,183.12994384765625,108.81449890136719,19927.193073618226,951.6402587890625,240.86026000976562,1920,1080,862.3577880859375,216.41143798828125,970.0750732421875,225.51431274414062,107.71728515625,9.102874755859375,4.830422909375725,left,False,"{'safe_roi': (450, 80, 1500, 420), 'cylinder_roi': (800, 190, 1000, 300)}",ok_cylinder_inside_confirmed
2026-09-05 09:52:47,2026-09-05,1078381,228,37,108.61107635498047,,38.10986328125,0.7815303802490234,855.4447021484375,187.57444763183594,1040.1812744140625,296.2098388671875,184.736572265625,108.63539123535156,20068.92980355397,947.81298828125,241.89215087890625,1920,1080,862.3179931640625,218.20095825195312,970.6533813476562,225.93466186523438,108.33538818359375,7.73370361328125,4.083228714768819,left,False,"{'safe_roi': (450, 80, 1500, 420), 'cylinder_roi': (800, 190, 1000, 300)}",ok_cylinder_inside_confirmed
2026-09-05 09:55:13,2026-09-05,1081671,228,38,103.0990982055664,,36.30548095703125,0.7501537799835205,876.7867431640625,186.67752075195312,1051.9803466796875,304.6105651855469,175.193603515625,117.93304443359375,20661.11502788961,964.383544921875,245.64404296875,1920,1080,878.7939453125,196.5559539794922,980.5380859375,213.21588134765625,101.744140625,16.659927368164062,9.299279021768166,left,False,"{'safe_roi': (450, 80, 1500, 420), 'cylinder_roi': (800, 190, 1000, 300)}",ok_cylinder_inside_confirmed
2026-09-05 09:55:18,2026-09-05,1081785,228,38,94.5448989868164,,35.342010498046875,0.6960164308547974,874.863525390625,184.73495483398438,1048.6795654296875,304.5095520019531,173.8160400390625,119.77459716796875,20818.746177010238,961.7715454101562,244.62225341796875,1920,1080,885.51220703125,198.85345458984375,978.78955078125,214.28314208984375,93.27734375,15.4296875,9.392660064087003,left,False,"{'safe_roi': (450, 80, 1500, 420), 'cylinder_roi': (800, 190, 1000, 300)}",ok_cylinder_inside_confirmed
2026-09-05 09:55:23,2026-09-05,1081898,228,38,96.0041732788086,,36.87040710449219,0.7921313047409058,875.6654663085938,188.04994201660156,1048.4644775390625,307.3448181152344,172.79901123046875,119.29487609863281,20614.03663470503,962.06494140625,247.6973876953125,1920,1080,884.443603515625,201.98709106445312,979.509033203125,215.37985229492188,95.0654296875,13.39276123046875,8.019022060918468,left,False,"{'safe_roi': (450, 80, 1500, 420), 'cylinder_roi': (800, 190, 1000, 300)}",ok_cylinder_inside_confirmed
2026-09-05 09:55:28,2026-09-05,1082007,228,38,102.96231842041016,,36.80696105957031,0.790069580078125,875.7824096679688,186.41949462890625,1045.1588134765625,303.33001708984375,169.37640380859375,116.9105224609375,19801.88386181742,960.4705810546875,244.874755859375,1920,1080,879.67431640625,197.72506713867188,981.21142578125,214.79708862304688,101.537109375,17.072021484375,9.544201886452116,left,False,"{'safe_roi': (450, 80, 1500, 420), 'cylinder_roi': (800, 190, 1000, 300)}",ok_cylinder_inside_confirmed
2026-09-05 09:55:33,2026-09-05,1082115,228,38,98.76433563232422,,34.56427001953125,0.7527885437011719,875.85595703125,188.08731079101562,1037.1453857421875,302.6846923828125,161.2894287109375,114.59738159179688,18483.346208710223,956.5006713867188,245.38600158691406,1920,1080,880.2781982421875,197.2997589111328,977.1453857421875,216.56480407714844,96.8671875,19.265045166015625,11.248272339458204,left,False,"{'safe_roi': (450, 80, 1500, 420), 'cylinder_roi': (800, 190, 1000, 300)}",ok_cylinder_inside_confirmed
2026-09-05 09:55:38,2026-09-05,1082232,228,38,95.21723937988281,,33.567535400390625,0.6842653155326843,875.9176025390625,187.372314453125,1036.7237548828125,301.3866271972656,160.80615234375,114.01431274414062,18334.202944502234,956.3206787109375,244.3794708251953,1920,1080,878.6560668945312,192.66326904296875,971.6048583984375,213.323486328125,92.94879150390625,20.66021728515625,12.531703799201429,left,False,"{'safe_roi': (450, 80, 1500, 420), 'cylinder_roi': (800, 190, 1000, 300)}",ok_cylinder_inside_confirmed
2026-09-05 09:55:43,2026-09-05,1082341,228,38,94.28164672851562,,33.48875427246094,0.5995258688926697,875.27001953125,187.10061645507812,1036.9593505859375,301.726318359375,161.6893310546875,114.62570190429688,18533.75306257978,956.1146850585938,244.41346740722656,1920,1080,879.192626953125,190.92173767089844,970.662109375,213.77700805664062,91.469482421875,22.855270385742188,14.029109613470007,left,False,"{'safe_roi': (450, 80, 1500, 420), 'cylinder_roi': (800, 190, 1000, 300)}",ok_cylinder_inside_confirmed
2026-09-05 09:55:48,2026-09-05,1082450,228,38,102.63629913330078,,33.69403076171875,0.7641422152519226,877.1931762695312,186.70008850097656,1040.6917724609375,301.88336181640625,163.49859619140625,115.18327331542969,18832.303491803817,958.9425048828125,244.29171752929688,1920,1080,875.4677124023438,194.900634765625,976.20703125,214.5424346923828,100.73931884765625,19.641799926757812,11.032911938721607,left,False,"{'safe_roi': (450, 80, 1500, 420), 'cylinder_roi': (800, 190, 1000, 300)}",ok_cylinder_inside_confirmed
2026-09-05 09:55:53,2026-09-05,1082556,228,38,102.07301330566406,,31.059463500976562,0.7111741900444031,877.19384765625,187.28564453125,1039.7301025390625,302.2347717285156,162.5362548828125,114.94912719726562,18683.4006366916,958.4619750976562,244.7602081298828,1920,1080,875.3373413085938,195.77488708496094,975.5799560546875,215.01853942871094,100.24261474609375,19.24365234375,10.866910341761356,left,False,"{'safe_roi': (450, 80, 1500, 420), 'cylinder_roi': (800, 190, 1000, 300)}",ok_cylinder_inside_confirmed
2026-09-05 09:55:58,2026-09-05,1082668,228,38,108.21295166015625,,32.42118835449219,0.7643617987632751,877.4168701171875,187.70310974121094,1043.7376708984375,302.80560302734375,166.32080078125,115.10249328613281,19143.93885526806,960.5772705078125,245.25436401367188,1920,1080,875.2610473632812,197.40330505371094,981.6749267578125,217.053466796875,106.41387939453125,19.650161743164062,10.462263824766135,left,False,"{'safe_roi': (450, 80, 1500, 420), 'cylinder_roi': (800, 190, 1000, 300)}",ok_cylinder_inside_confirmed
2026-09-05 09:56:03,2026-09-05,1082778,228,38,105.80538940429688,,33.88291931152344,0.6343028545379639,876.6488647460938,188.26358032226562,1042.59765625,303.4093017578125,165.94879150390625,115.14572143554688,19108.293319074437,959.623291015625,245.83644104003906,1920,1080,875.1078491210938,194.9132080078125,978.839111328125,215.76040649414062,103.73126220703125,20.847198486328125,11.36353528237156,left,False,"{'safe_roi': (450, 80, 1500, 420), 'cylinder_roi': (800, 190, 1000, 300)}",ok_cylinder_inside_confirmed
2026-09-05 09:56:08,2026-09-05,1082889,228,38,102.64863586425781,,33.617645263671875,0.7415350675582886,875.4850463867188,187.89407348632812,1040.0675048828125,302.3539123535156,164.58245849609375,114.4598388671875,18838.081679828465,957.7762451171875,245.12399291992188,1920,1080,878.4097900390625,200.0513153076172,979.5626220703125,217.51119995117188,101.15283203125,17.459884643554688,9.793265831431613,left,False,"{'safe_roi': (450, 80, 1500, 420), 'cylinder_roi': (800, 190, 1000, 300)}",ok_cylinder_inside_confirmed
2026-09-05 09:56:13,2026-09-05,1083007,228,38,106.04727935791016,,34.58038330078125,0.7057287096977234,875.8760986328125,189.00404357910156,1037.9937744140625,303.30804443359375,162.11767578125,114.30400085449219,18530.698951028287,956.9349365234375,246.15603637695312,1920,1080,872.1854248046875,196.0508575439453,976.3319091796875,216.03924560546875,104.146484375,19.988388061523438,10.864420168347296,left,False,"{'safe_roi': (450, 80, 1500, 420), 'cylinder_roi': (800, 190, 1000, 300)}",ok_cylinder_inside_confirmed
2026-09-05 09:56:18,2026-09-05,1083117,228,38,106.69699096679688,,32.20906066894531,0.63376784324646,876.1980590820312,188.65805053710938,1038.84765625,304.34686279296875,162.64959716796875,115.68881225585938,18816.738710256293,957.5228271484375,246.50245666503906,1920,1080,873.6644287109375,197.1262969970703,978.4617309570312,217.17056274414062,104.79730224609375,20.044265747070312,10.828015278145557,left,False,"{'safe_roi': (450, 80, 1500, 420), 'cylinder_roi': (800, 190, 1000, 300)}",ok_cylinder_inside_confirmed
2026-09-05 09:56:23,2026-09-05,1083228,228,38,103.34828186035156,,32.97686767578125,0.5665907263755798,875.8857421875,187.54470825195312,1037.9078369140625,303.3279113769531,162.0220947265625,115.783203125,18759.437104463577,956.8967895507812,245.43630981445312,1920,1080,875.8946533203125,195.92263793945312,976.9197998046875,217.71224975585938,101.025146484375,21.78961181640625,12.17139010897039,left,False,"{'safe_roi': (450, 80, 1500, 420), 'cylinder_roi': (800, 190, 1000, 300)}",ok_cylinder_inside_confirmed
2026-09-05 09:56:28,2026-09-05,1083346,228,38,106.39384460449219,,31.04254150390625,0.6627443432807922,876.9186401367188,187.97320556640625,1039.342041015625,303.6874694824219,162.42340087890625,115.71426391601562,18794.704275438562,958.13037109375,245.83033752441406,1920,1080,874.3673095703125,196.46746826171875,978.4150390625,218.68728637695312,104.0477294921875,22.219818115234375,12.054672398517164,left,False,"{'safe_roi': (450, 80, 1500, 420), 'cylinder_roi': (800, 190, 1000, 300)}",ok_cylinder_inside_confirmed
2026-09-05 09:56:33,2026-09-05,1083465,228,38,104.74024200439453,,32.36210632324219,0.6846079230308533,874.7386474609375,187.37123107910156,1040.253662109375,304.5728759765625,165.5150146484375,117.20164489746094,19398.631972024217,957.4961547851562,245.9720458984375,1920,1080,875.6773071289062,196.18756103515625,977.9302368164062,218.87802124023438,102.2529296875,22.690460205078125,12.511499101900348,left,False,"{'safe_roi': (450, 80, 1500, 420), 'cylinder_roi': (800, 190, 1000, 300)}",ok_cylinder_inside_confirmed
2026-09-05 09:56:38,2026-09-05,1083575,228,38,107.42277526855469,,32.297637939453125,0.6507241725921631,875.5673828125,187.61875915527344,1041.7535400390625,305.69970703125,166.1861572265625,118.08094787597656,19623.418969178572,958.6604614257812,246.65924072265625,1920,1080,875.1884765625,196.36183166503906,980.095703125,219.47300720214844,104.9072265625,23.111175537109375,12.423871833573559,left,False,"{'safe_roi': (450, 80, 1500, 420), 'cylinder_roi': (800, 190, 1000, 300)}",ok_cylinder_inside_confirmed
2026-09-05 09:56:43,2026-09-05,1083684,228,38,103.47296142578125,,29.974609375,0.7261959910392761,876.3403930664062,189.51080322265625,1038.2252197265625,308.3292541503906,161.88482666015625,118.81845092773438,19234.90433246456,957.2828369140625,248.92002868652344,1920,1080,872.3494262695312,200.06202697753906,973.5206909179688,221.76524353027344,101.1712646484375,21.703216552734375,12.107567359171973,left,False,"{'safe_roi': (450, 80, 1500, 420), 'cylinder_roi': (800, 190, 1000, 300)}",ok_cylinder_inside_confirmed
2026-09-05 09:56:49,2026-09-05,1083792,228,38,107.29314422607422,,34.56103515625,0.5754789710044861,875.6798095703125,189.72579956054688,1040.5157470703125,303.0849304199219,164.8359375,113.359130859375,18685.65860939026,958.0977783203125,246.40536499023438,1920,1080,869.7357788085938,201.93331909179688,975.1134643554688,222.11651611328125,105.377685546875,20.183197021484375,10.842661050143269,left,False,"{'safe_roi': (450, 80, 1500, 420), 'cylinder_roi': (800, 190, 1000, 300)}",ok_cylinder_inside_confirmed
2026-09-05 09:56:54,2026-09-05,1083906,228,38,112.8003921508789,,32.766387939453125,0.7635165452957153,875.4820556640625,189.1668701171875,1042.2457275390625,303.3028869628906,166.763671875,114.13601684570312,19033.74126237631,958.8638916015625,246.23487854003906,1920,1080,867.21728515625,201.67433166503906,978.365234375,220.9113311767578,111.14794921875,19.23699951171875,9.81922779352033,left,False,"{'safe_roi': (450, 80, 1500, 420), 'cylinder_roi': (800, 190, 1000, 300)}",ok_cylinder_inside_confirmed
2026-09-05 09:57:01,2026-09-05,1084062,228,38,110.44029998779297,,34.61663818359375,0.5901476740837097,874.1047973632812,189.29737854003906,1036.988037109375,302.7160339355469,162.88323974609375,113.41865539550781,18473.99803846609,955.54638671875,246.0067138671875,1920,1080,866.1131591796875,202.414794921875,975.0107421875,220.80979919433594,108.8975830078125,18.395004272460938,9.58790580669617,left,False,"{'safe_roi': (450, 80, 1500, 420), 'cylinder_roi': (800, 190, 1000, 300)}",ok_cylinder_inside_confirmed
2026-09-05 09:57:06,2026-09-05,1084172,228,38,108.00758361816406,,34.273284912109375,0.575903058052063,874.2030639648438,189.94607543945312,1039.910888671875,303.883056640625,165.70782470703125,113.93698120117188,18880.249308532104,957.0570068359375,246.91456604003906,1920,1080,867.9384765625,199.8990478515625,973.944580078125,220.59552001953125,106.006103515625,20.69647216796875,11.047372631466509,left,False,"{'safe_roi': (450, 80, 1500, 420), 'cylinder_roi': (800, 190, 1000, 300)}",ok_cylinder_inside_confirmed
2026-09-05 09:57:11,2026-09-05,1084285,228,38,105.91934204101562,,35.59521484375,0.6754812002182007,875.0358276367188,188.73733520507812,1039.753173828125,302.30743408203125,164.71734619140625,113.57009887695312,18706.965293707326,957.39453125,245.5223846435547,1920,1080,870.4426879882812,202.96279907226562,974.6590576171875,221.87986755371094,104.21636962890625,18.917068481445312,10.288155029834057,left,False,"{'safe_roi': (450, 80, 1500, 420), 'cylinder_roi': (800, 190, 1000, 300)}",ok_cylinder_inside_confirmed
2026-09-05 09:57:16,2026-09-05,1084398,228,38,104.9784927368164,,34.69451904296875,0.6537448763847351,874.750244140625,188.5003662109375,1040.4876708984375,303.2199401855469,165.7374267578125,114.71957397460938,19013.326989304274,957.6189575195312,245.8601531982422,1920,1080,871.6596069335938,204.89251708984375,975.1979370117188,222.22161865234375,103.538330078125,17.3291015625,9.501468090080675,left,False,"{'safe_roi': (450, 80, 1500, 420), 'cylinder_roi': (800, 190, 1000, 300)}",ok_cylinder_inside_confirmed
2026-09-05 09:57:21,2026-09-05,1084510,228,38,105.85218811035156,,36.854339599609375,0.6868836879730225,876.2701416015625,189.70436096191406,1043.0577392578125,304.0203857421875,166.78759765625,114.31602478027344,19066.49514671415,959.6639404296875,246.86236572265625,1920,1080,870.3739624023438,204.5872802734375,975.1390380859375,219.7188720703125,104.76507568359375,15.131591796875,8.218597799581001,left,False,"{'safe_roi': (450, 80, 1500, 420), 'cylinder_roi': (800, 190, 1000, 300)}",ok_cylinder_inside_confirmed
2026-09-05 09:57:26,2026-09-05,1084624,228,38,108.2734603881836,,36.75677490234375,0.7173555493354797,875.556396484375,189.331787109375,1043.227294921875,304.1935729980469,167.6708984375,114.86178588867188,19258.978836089373,959.391845703125,246.76268005371094,1920,1080,869.99560546875,201.64378356933594,976.778076171875,219.55038452148438,106.782470703125,17.906600952148438,9.519490396092577,left,False,"{'safe_roi': (450, 80, 1500, 420), 'cylinder_roi': (800, 190, 1000, 300)}",ok_cylinder_inside_confirmed
2026-09-05 09:57:31,2026-09-05,1084738,228,38,105.34825134277344,,37.767852783203125,0.7080178260803223,874.439697265625,188.49703979492188,1041.708251953125,303.3902893066406,167.2685546875,114.89324951171875,19218.02778917551,958.073974609375,245.94366455078125,1920,1080,869.8028564453125,203.94044494628906,974.15625,218.38424682617188,104.3533935546875,14.443801879882812,7.880375879061757,left,False,"{'safe_roi': (450, 80, 1500, 420), 'cylinder_roi': (800, 190, 1000, 300)}",ok_cylinder_inside_confirmed
2026-09-05 09:57:37,2026-09-05,1084871,228,38,109.07685852050781,,38.41571044921875,0.7596273422241211,875.8607177734375,189.46890258789062,1043.8951416015625,305.72271728515625,168.034423828125,116.25381469726562,19534.64277047664,959.8779296875,247.59580993652344,1920,1080,869.2262573242188,202.63047790527344,977.119873046875,218.65325927734375,107.89361572265625,16.022781372070312,8.446995746989568,left,False,"{'safe_roi': (450, 80, 1500, 420), 'cylinder_roi': (800, 190, 1000, 300)}",ok_cylinder_inside_confirmed
2026-09-05 09:57:42,2026-09-05,1084986,228,38,102.45154571533203,,37.197845458984375,0.7931311726570129,876.2903442382812,188.72793579101562,1046.6246337890625,306.4412536621094,170.33428955078125,117.71331787109375,20050.614370238036,961.45751953125,247.5845947265625,1920,1080,873.3926391601562,204.9866943359375,975.0797119140625,217.47900390625,101.68707275390625,12.4923095703125,7.003722911188702,left,False,"{'safe_roi': (450, 80, 1500, 420), 'cylinder_roi': (800, 190, 1000, 300)}",ok_cylinder_inside_confirmed
2026-09-05 10:00:38,2026-09-05,1088898,228,39,111.33663177490234,,29.852249145507812,0.7487806677818298,847.6483764648438,187.79019165039062,1028.3310546875,292.5310363769531,180.68267822265625,104.7408447265625,18924.856344498694,937.98974609375,240.16061401367188,1920,1080,845.3597412109375,250.9327392578125,954.633056640625,229.59759521484375,109.2733154296875,21.33514404296875,11.047769795122736,left,False,"{'safe_roi': (450, 80, 1500, 420), 'cylinder_roi': (800, 190, 1000, 300)}",ok_cylinder_inside_confirmed
2026-09-05 10:02:31,2026-09-05,1091451,228,40,99.74485778808594,,33.6605224609375,0.7025650143623352,875.9734497070312,187.8026123046875,1039.6915283203125,307.7626953125,163.71807861328125,119.9600830078125,19639.63430032879,957.83251953125,247.78265380859375,1920,1080,873.1375732421875,203.9462127685547,972.028076171875,216.97328186035156,98.8905029296875,13.027069091796875,7.504491942620978,left,False,"{'safe_roi': (450, 80, 1500, 420), 'cylinder_roi': (800, 190, 1000, 300)}",ok_cylinder_inside_confirmed
2026-09-05 10:02:36,2026-09-05,1091561,228,40,96.58035278320312,,34.1773681640625,0.6188274025917053,875.0413818359375,188.0548095703125,1038.137939453125,306.53497314453125,163.0965576171875,118.48016357421875,19323.706824876368,956.5896606445312,247.29489135742188,1920,1080,878.1357421875,201.416015625,973.301025390625,217.88821411132812,95.165283203125,16.472198486328125,9.820051256162353,left,False,"{'safe_roi': (450, 80, 1500, 420), 'cylinder_roi': (800, 190, 1000, 300)}",ok_cylinder_inside_confirmed
2026-09-05 10:02:41,2026-09-05,1091673,228,40,95.55689239501953,,35.13360595703125,0.6523546576499939,876.97314453125,188.7427978515625,1039.432861328125,307.7920837402344,162.459716796875,119.04928588867188,19340.71327034384,958.2030029296875,248.26744079589844,1920,1080,878.1958618164062,197.7305908203125,971.9073486328125,216.41952514648438,93.71148681640625,18.688934326171875,11.278557417159892,left,False,"{'safe_roi': (450, 80, 1500, 420), 'cylinder_roi': (800, 190, 1000, 300)}",ok_cylinder_inside_confirmed
2026-09-05 10:02:46,2026-09-05,1091791,228,40,97.91458129882812,,35.81513977050781,0.6325860023498535,877.6724853515625,188.9603271484375,1039.7325439453125,307.4155578613281,162.06005859375,118.45523071289062,19196.86163006723,958.7025146484375,248.1879425048828,1920,1080,875.7327880859375,200.35411071777344,972.5130004882812,215.21530151367188,96.78021240234375,14.861190795898438,8.729926263966853,left,False,"{'safe_roi': (450, 80, 1500, 420), 'cylinder_roi': (800, 190, 1000, 300)}",ok_cylinder_inside_confirmed
2026-09-05 10:10:11,2026-09-05,1101794,228,41,102.9676742553711,,36.4471435546875,0.7804684042930603,854.8612670898438,184.2168426513672,1032.7509765625,303.30633544921875,177.88970947265625,119.08949279785156,21184.795275055803,943.80615234375,243.7615966796875,1920,1080,861.7754516601562,213.79830932617188,963.9564208984375,226.5023193359375,102.18096923828125,12.704010009765625,7.087132880984821,left,False,"{'safe_roi': (450, 80, 1500, 420), 'cylinder_roi': (800, 190, 1000, 300)}",ok_cylinder_inside_confirmed
2026-09-05 10:10:23,2026-09-05,1102070,228,41,98.89261627197266,,31.1239013671875,0.7528809905052185,855.0518798828125,185.72923278808594,1028.0970458984375,305.2397766113281,173.045166015625,119.51054382324219,20680.72189651057,941.574462890625,245.4844970703125,1920,1080,862.8306884765625,211.37081909179688,960.5166015625,226.77249145507812,97.6859130859375,15.40167236328125,8.959796481379296,left,False,"{'safe_roi': (450, 80, 1500, 420), 'cylinder_roi': (800, 190, 1000, 300)}",ok_cylinder_inside_confirmed
2026-09-05 10:11:46,2026-09-05,1103962,228,42,113.34334564208984,,44.74211120605469,0.7612811923027039,829.1295776367188,176.62417602539062,1022.6434936523438,291.5734558105469,193.513916015625,114.94927978515625,22244.285274401307,925.8865356445312,234.09881591796875,1920,1080,835.88623046875,206.96075439453125,949.19091796875,209.92079162597656,113.3046875,2.9600372314453125,1.4964877181544376,left,False,"{'safe_roi': (450, 80, 1500, 420), 'cylinder_roi': (800, 190, 1000, 300)}",ok_cylinder_inside_confirmed
2026-09-05 10:11:51,2026-09-05,1104077,228,42,111.35041809082031,,39.09761047363281,0.7087109088897705,830.8502197265625,177.232177734375,1019.7911376953125,291.8347473144531,188.94091796875,114.60256958007812,21653.114698037505,925.3206787109375,234.53346252441406,1920,1080,836.001953125,201.6137237548828,947.0679931640625,209.5667724609375,111.0660400390625,7.9530487060546875,4.0957585914232695,left,False,"{'safe_roi': (450, 80, 1500, 420), 'cylinder_roi': (800, 190, 1000, 300)}",ok_cylinder_inside_confirmed
2026-09-05 10:11:56,2026-09-05,1104187,228,42,111.53218841552734,,39.98692321777344,0.764453113079071,829.447998046875,176.68743896484375,1023.3795166015625,291.6902160644531,193.9315185546875,115.00277709960938,22302.663200933486,926.4137573242188,234.18882751464844,1920,1080,834.7303466796875,203.71847534179688,946.130615234375,209.14157104492188,111.4002685546875,5.423095703125,2.787025505433467,left,False,"{'safe_roi': (450, 80, 1500, 420), 'cylinder_roi': (800, 190, 1000, 300)}",ok_cylinder_inside_confirmed
2026-09-05 10:12:01,2026-09-05,1104299,228,42,109.06912231445312,,36.446044921875,0.7230557799339294,828.5569458007812,176.79434204101562,1018.0896606445312,292.1409912109375,189.53271484375,115.34664916992188,21861.963565304875,923.3233032226562,234.46766662597656,1920,1080,836.9771728515625,202.67730712890625,945.813232421875,209.8037567138672,108.8360595703125,7.1264495849609375,3.746308309025112,left,False,"{'safe_roi': (450, 80, 1500, 420), 'cylinder_roi': (800, 190, 1000, 300)}",ok_cylinder_inside_confirmed
2026-09-05 10:12:06,2026-09-05,1104411,228,42,112.12321472167969,,37.824737548828125,0.7538799047470093,827.413330078125,177.08872985839844,1016.3443603515625,292.72601318359375,188.9310302734375,115.63728332519531,21847.471076650545,921.8788452148438,234.90737915039062,1920,1080,835.1664428710938,202.12051391601562,946.9945678710938,210.24978637695312,111.828125,8.1292724609375,4.157765678056251,left,False,"{'safe_roi': (450, 80, 1500, 420), 'cylinder_roi': (800, 190, 1000, 300)}",ok_cylinder_inside_confirmed
2026-09-05 10:12:11,2026-09-05,1104525,228,42,110.12614440917969,,37.77519226074219,0.7436317801475525,826.7672119140625,176.87838745117188,1017.01513671875,292.8822021484375,190.2479248046875,116.00381469726562,22069.485015582293,921.8911743164062,234.8802947998047,1920,1080,836.0106201171875,202.93150329589844,945.8349609375,211.07904052734375,109.8243408203125,8.147537231445312,4.242829024516639,left,False,"{'safe_roi': (450, 80, 1500, 420), 'cylinder_roi': (800, 190, 1000, 300)}",ok_cylinder_inside_confirmed
2026-09-05 10:12:16,2026-09-05,1104640,228,42,104.45922088623047,,36.014373779296875,0.7512376308441162,826.2062377929688,176.26547241210938,1021.0420532226562,293.13897705078125,194.8358154296875,116.87350463867188,22771.144578401,923.6241455078125,234.7022247314453,1920,1080,839.22607421875,201.0078125,943.211181640625,210.94898986816406,103.985107421875,9.941177368164062,5.460990357910558,left,False,"{'safe_roi': (450, 80, 1500, 420), 'cylinder_roi': (800, 190, 1000, 300)}",ok_cylinder_inside_confirmed
2026-09-05 10:12:21,2026-09-05,1104750,228,42,110.65898895263672,,38.72377014160156,0.7579048275947571,826.5315551757812,176.65309143066406,1016.7214965820312,293.4532470703125,190.18994140625,116.80015563964844,22214.214757345617,921.6265258789062,235.05316162109375,1920,1080,834.6407470703125,205.25003051757812,945.1282958984375,211.4073486328125,110.487548828125,6.157318115234375,3.1897151142286546,left,False,"{'safe_roi': (450, 80, 1500, 420), 'cylinder_roi': (800, 190, 1000, 300)}",ok_cylinder_inside_confirmed
2026-09-05 10:12:26,2026-09-05,1104860,228,42,112.91645050048828,,39.03631591796875,0.7626810073852539,826.8355712890625,177.2473907470703,1013.964111328125,292.744873046875,187.1285400390625,115.49748229980469,21612.875240949914,920.3998413085938,234.99612426757812,1920,1080,833.673583984375,204.23048400878906,946.399169921875,210.79307556152344,112.7255859375,6.562591552734375,3.3318510544574105,left,False,"{'safe_roi': (450, 80, 1500, 420), 'cylinder_roi': (800, 190, 1000, 300)}",ok_cylinder_inside_confirmed
2026-09-05 10:12:31,2026-09-05,1104969,228,42,110.30101013183594,,38.54499816894531,0.7570067644119263,824.4092407226562,177.82168579101562,1013.5162963867188,293.82379150390625,189.1070556640625,116.00210571289062,21936.81666219607,918.9627685546875,235.82273864746094,1920,1080,834.4343872070312,206.88563537597656,944.5574951171875,213.1477813720703,110.12310791015625,6.26214599609375,3.254617093466599,left,False,"{'safe_roi': (450, 80, 1500, 420), 'cylinder_roi': (800, 190, 1000, 300)}",ok_cylinder_inside_confirmed
2026-09-05 10:12:36,2026-09-05,1105085,228,42,114.43537902832031,,43.569976806640625,0.7415186762809753,824.3064575195312,177.19729614257812,1013.6848754882812,292.06231689453125,189.37841796875,114.86502075195312,21752.95590995252,918.9956665039062,234.6298065185547,1920,1080,833.9703369140625,203.88917541503906,948.3431396484375,207.6730499267578,114.372802734375,3.78387451171875,1.8948647611731328,left,False,"{'safe_roi': (450, 80, 1500, 420), 'cylinder_roi': (800, 190, 1000, 300)}",ok_cylinder_inside_confirmed
2026-09-05 10:12:41,2026-09-05,1105198,228,42,113.58341217041016,,42.424468994140625,0.7615607380867004,824.7503662109375,177.7960205078125,1013.5499267578125,293.91070556640625,188.799560546875,116.11468505859375,21922.401512101293,919.150146484375,235.85336303710938,1920,1080,833.318603515625,206.06698608398438,946.770263671875,211.53622436523438,113.45166015625,5.46923828125,2.7599583613378096,left,False,"{'safe_roi': (450, 80, 1500, 420), 'cylinder_roi': (800, 190, 1000, 300)}",ok_cylinder_inside_confirmed
2026-09-05 10:12:47,2026-09-05,1105318,228,42,113.96068572998047,,42.36604309082031,0.7554743885993958,824.5681762695312,178.02114868164062,1014.0886840820312,293.61700439453125,189.5205078125,115.59585571289062,21907.78527572751,919.3284301757812,235.81907653808594,1920,1080,833.9843139648438,204.28282165527344,947.8339233398438,209.31307983398438,113.849609375,5.0302581787109375,2.5298746116447526,left,False,"{'safe_roi': (450, 80, 1500, 420), 'cylinder_roi': (800, 190, 1000, 300)}",ok_cylinder_inside_confirmed
2026-09-05 10:12:52,2026-09-05,1105434,228,42,110.49403381347656,,39.94996643066406,0.7681158185005188,822.5775146484375,177.07032775878906,1014.09912109375,293.89453125,191.5216064453125,116.82420349121094,22374.359124330804,918.3383178710938,235.482421875,1920,1080,835.176025390625,206.0130615234375,945.4750366210938,212.57504272460938,110.29901123046875,6.561981201171875,3.4046651238944614,left,False,"{'safe_roi': (450, 80, 1500, 420), 'cylinder_roi': (800, 190, 1000, 300)}",ok_cylinder_inside_confirmed
2026-09-05 10:12:57,2026-09-05,1105551,228,42,100.4768295288086,,35.87562561035156,0.7649901509284973,824.0706787109375,177.46591186523438,1014.29931640625,293.33984375,190.2286376953125,115.87393188476562,22042.5402068384,919.1849975585938,235.4028778076172,1920,1080,839.823974609375,204.73141479492188,939.99951171875,212.50674438476562,100.175537109375,7.77532958984375,4.438231039989435,left,False,"{'safe_roi': (450, 80, 1500, 420), 'cylinder_roi': (800, 190, 1000, 300)}",ok_cylinder_inside_confirmed
2026-09-05 10:13:02,2026-09-05,1105681,228,42,115.23324584960938,,39.84269714355469,0.7626664638519287,824.8526611328125,177.10633850097656,1014.6895751953125,292.8654479980469,189.8369140625,115.75910949707031,21975.352121546865,919.7711181640625,234.98590087890625,1920,1080,832.772216796875,206.1604461669922,947.8101806640625,212.86619567871094,115.0379638671875,6.70574951171875,3.3360887624344278,left,False,"{'safe_roi': (450, 80, 1500, 420), 'cylinder_roi': (800, 190, 1000, 300)}",ok_cylinder_inside_confirmed
2026-09-05 10:13:07,2026-09-05,1105798,228,42,102.18054962158203,,37.890228271484375,0.7490018606185913,825.2513427734375,177.22642517089844,1012.9522705078125,293.2760009765625,187.700927734375,116.04957580566406,21782.613041903824,919.101806640625,235.251220703125,1920,1080,837.803955078125,207.8140869140625,939.8656005859375,212.74212646484375,102.0616455078125,4.92803955078125,2.7643757962192113,left,False,"{'safe_roi': (450, 80, 1500, 420), 'cylinder_roi': (800, 190, 1000, 300)}",ok_cylinder_inside_confirmed
2026-09-05 10:13:12,2026-09-05,1105914,228,42,103.37515258789062,,38.308319091796875,0.7494903802871704,825.4244384765625,177.41781616210938,1012.5926513671875,292.9425964355469,187.168212890625,115.5247802734375,21622.566668361425,919.008544921875,235.18020629882812,1920,1080,836.8177490234375,207.66796875,940.12353515625,211.45436096191406,103.3057861328125,3.7863922119140625,2.099081114284963,left,False,"{'safe_roi': (450, 80, 1500, 420), 'cylinder_roi': (800, 190, 1000, 300)}",ok_cylinder_inside_confirmed
2026-09-05 10:13:17,2026-09-05,1106038,228,42,109.72958374023438,,38.51832580566406,0.7585630416870117,823.970947265625,177.46121215820312,1013.2425537109375,292.31536865234375,189.2716064453125,114.85415649414062,21738.630706567317,918.6067504882812,234.88829040527344,1920,1080,832.6380615234375,208.10687255859375,942.31298828125,211.56985473632812,109.6749267578125,3.462982177734375,1.808511483330003,left,False,"{'safe_roi': (450, 80, 1500, 420), 'cylinder_roi': (800, 190, 1000, 300)}",ok_cylinder_inside_confirmed
2026-09-05 10:13:22,2026-09-05,1106151,228,42,114.34497833251953,,42.47564697265625,0.7553871870040894,825.5387573242188,176.81716918945312,1009.5042114257812,292.9947509765625,183.9654541015625,116.17758178710938,21372.661589886993,917.521484375,234.9059600830078,1920,1080,829.2658081054688,207.88780212402344,943.4093017578125,214.67291259765625,114.14349365234375,6.7851104736328125,3.4018694405635155,left,False,"{'safe_roi': (450, 80, 1500, 420), 'cylinder_roi': (800, 190, 1000, 300)}",ok_cylinder_inside_confirmed
2026-09-05 10:17:24,2026-09-05,1111620,228,43,112.14885711669922,,43.90232849121094,0.7650025486946106,842.4866943359375,183.94424438476562,1039.0296630859375,299.5919494628906,196.54296875,115.647705078125,22729.74328517914,940.7581787109375,241.76809692382812,1920,1080,839.14013671875,202.22666931152344,951.126953125,208.25323486328125,111.98681640625,6.0265655517578125,3.080398461025441,left,False,"{'safe_roi': (450, 80, 1500, 420), 'cylinder_roi': (800, 190, 1000, 300)}",ok_cylinder_inside_confirmed
2026-09-05 10:17:29,2026-09-05,1111742,228,43,115.01531982421875,,48.333740234375,0.7834771275520325,819.7804565429688,180.77154541015625,1024.6187744140625,297.7095642089844,204.83831787109375,116.93801879882812,23953.387065930292,922.1995849609375,239.2405548095703,1920,1080,836.2823486328125,193.8572540283203,950.4423828125,207.85763549804688,114.1600341796875,14.000381469726562,6.99173872071063,left,False,"{'safe_roi': (450, 80, 1500, 420), 'cylinder_roi': (800, 190, 1000, 300)}",ok_cylinder_inside_confirmed
2026-09-05 10:17:43,2026-09-05,1112058,228,43,105.87076568603516,,39.24018859863281,0.7473046779632568,822.0076904296875,179.29376220703125,1014.4940185546875,296.9930114746094,192.486328125,117.69924926757812,22655.49631458521,918.2508544921875,238.1433868408203,1920,1080,837.3818359375,206.9668426513672,943.159423828125,211.40762329101562,105.777587890625,4.4407806396484375,2.403993778568915,left,False,"{'safe_roi': (450, 80, 1500, 420), 'cylinder_roi': (800, 190, 1000, 300)}",ok_cylinder_inside_confirmed
2026-09-05 10:17:57,2026-09-05,1112376,228,43,118.310546875,,48.250244140625,0.7616084218025208,824.87841796875,180.26773071289062,1011.017822265625,292.5325622558594,186.139404296875,112.26483154296875,20896.908866897225,917.9481201171875,236.400146484375,1920,1080,828.7841186523438,205.5009765625,946.7581787109375,214.41763305664062,117.97406005859375,8.916656494140625,4.322283057151741,left,False,"{'safe_roi': (450, 80, 1500, 420), 'cylinder_roi': (800, 190, 1000, 300)}",ok_cylinder_inside_confirmed
2026-09-05 10:18:05,2026-09-05,1112557,228,43,99.94122314453125,,34.853515625,0.7665760517120361,822.031982421875,180.9164581298828,1009.865966796875,293.85699462890625,187.833984375,112.94053649902344,21214.070968061686,915.948974609375,237.38671875,1920,1080,836.973876953125,207.38272094726562,936.7685546875,212.7928924560547,99.794677734375,5.4101715087890625,3.103139895455316,left,False,"{'safe_roi': (450, 80, 1500, 420), 'cylinder_roi': (800, 190, 1000, 300)}",ok_cylinder_inside_confirmed
2026-09-05 10:18:18,2026-09-05,1112845,228,43,116.9368667602539,,41.032501220703125,0.758729100227356,803.7169189453125,180.4656524658203,1001.223388671875,291.4842529296875,197.5064697265625,111.01860046386719,21926.891851602122,902.4701538085938,235.97494506835938,1920,1080,816.2330322265625,211.58575439453125,932.849365234375,220.23800659179688,116.6163330078125,8.652252197265625,4.243238257252447,left,False,"{'safe_roi': (450, 80, 1500, 420), 'cylinder_roi': (800, 190, 1000, 300)}",ok_cylinder_inside_confirmed
2026-09-05 10:18:23,2026-09-05,1112953,228,43,114.05648040771484,,40.435516357421875,0.74718177318573,798.6166381835938,180.79513549804688,996.6074829101562,291.7029113769531,197.9908447265625,110.90777587890625,21958.72423300892,897.612060546875,236.2490234375,1920,1080,817.6515502929688,208.61451721191406,931.3892211914062,217.1364288330078,113.7376708984375,8.52191162109375,4.284938582240568,left,False,"{'safe_roi': (450, 80, 1500, 420), 'cylinder_roi': (800, 190, 1000, 300)}",ok_cylinder_inside_confirmed
2026-09-05 10:18:28,2026-09-05,1113066,228,43,115.58866882324219,,37.29902648925781,0.7458305954933167,801.421630859375,179.38404846191406,998.7540283203125,290.8822937011719,197.3323974609375,111.49824523925781,22002.216045750305,900.0878295898438,235.1331787109375,1920,1080,816.19091796875,208.42103576660156,931.1432495117188,220.53309631347656,114.95233154296875,12.112060546875,6.014830377990084,left,False,"{'safe_roi': (450, 80, 1500, 420), 'cylinder_roi': (800, 190, 1000, 300)}",ok_cylinder_inside_confirmed
2026-09-05 10:18:33,2026-09-05,1113177,228,43,112.2362289428711,,39.498748779296875,0.7522482872009277,800.4619140625,179.78671264648438,999.130615234375,290.7272644042969,198.668701171875,110.9405517578125,22040.415325015783,899.7962646484375,235.25698852539062,1920,1080,816.5108032226562,208.6333465576172,928.280517578125,218.85597229003906,111.76971435546875,10.222625732421875,5.225818620057747,left,False,"{'safe_roi': (450, 80, 1500, 420), 'cylinder_roi': (800, 190, 1000, 300)}",ok_cylinder_inside_confirmed
2026-09-05 10:18:38,2026-09-05,1113298,228,43,113.70178985595703,,37.1414794921875,0.729489266872406,798.0119018554688,180.3666229248047,997.3119506835938,290.88397216796875,199.300048828125,110.51734924316406,22026.11310051754,897.6619262695312,235.62530517578125,1920,1080,816.6550903320312,204.77084350585938,929.2620239257812,220.51174926757812,112.60693359375,15.74090576171875,7.957600886216392,left,False,"{'safe_roi': (450, 80, 1500, 420), 'cylinder_roi': (800, 190, 1000, 300)}",ok_cylinder_inside_confirmed
2026-09-05 10:18:43,2026-09-05,1113408,228,43,107.30590057373047,,36.07244873046875,0.7691083550453186,796.832763671875,179.9872589111328,995.572021484375,289.4200439453125,198.7392578125,109.43278503417969,21748.59047804773,896.202392578125,234.70364379882812,1920,1080,819.5408325195312,205.18438720703125,926.0181884765625,218.49334716796875,106.47735595703125,13.3089599609375,7.124640420299514,left,False,"{'safe_roi': (450, 80, 1500, 420), 'cylinder_roi': (800, 190, 1000, 300)}",ok_cylinder_inside_confirmed
2026-09-05 10:18:48,2026-09-05,1113525,228,43,106.46688079833984,,37.54743957519531,0.7483541965484619,794.5964965820312,181.59091186523438,993.0138549804688,288.1908874511719,198.4173583984375,106.5999755859375,21151.28556109965,893.80517578125,234.89089965820312,1920,1080,818.7716674804688,204.75787353515625,924.5162963867188,217.1381378173828,105.74462890625,12.380264282226562,6.677618806816089,left,False,"{'safe_roi': (450, 80, 1500, 420), 'cylinder_roi': (800, 190, 1000, 300)}",ok_cylinder_inside_confirmed
2026-09-05 10:18:53,2026-09-05,1113641,228,43,105.193359375,,38.898101806640625,0.6959119439125061,795.6973876953125,179.61672973632812,987.738037109375,290.6278381347656,192.0406494140625,111.0111083984375,21318.645349010825,891.7177124023438,235.12228393554688,1920,1080,816.7452392578125,205.07492065429688,921.31103515625,216.5482635498047,104.5657958984375,11.473342895507812,6.261654767915702,left,False,"{'safe_roi': (450, 80, 1500, 420), 'cylinder_roi': (800, 190, 1000, 300)}",ok_cylinder_inside_confirmed
2026-09-05 10:21:07,2026-09-05,1116648,228,44,112.8094253540039,,38.843963623046875,0.7629460096359253,869.10986328125,188.92996215820312,1047.428955078125,306.6920471191406,178.319091796875,117.7620849609375,20999.228038340807,958.2694091796875,247.81100463867188,1920,1080,863.938232421875,206.39556884765625,975.90771484375,220.13604736328125,111.969482421875,13.740478515625,6.996145945556954,left,False,"{'safe_roi': (450, 80, 1500, 420), 'cylinder_roi': (800, 190, 1000, 300)}",ok_cylinder_inside_confirmed
2026-09-05 10:21:15,2026-09-05,1116814,228,44,112.59381866455078,,36.79331970214844,0.7754022479057312,869.6836547851562,188.43560791015625,1053.3336181640625,307.0385437011719,183.64996337890625,118.60293579101562,21781.42481465079,961.5086669921875,247.73707580566406,1920,1080,867.0501708984375,201.84571838378906,978.6587524414062,216.70819091796875,111.60858154296875,14.862472534179688,7.585225236155286,left,False,"{'safe_roi': (450, 80, 1500, 420), 'cylinder_roi': (800, 190, 1000, 300)}",ok_cylinder_inside_confirmed
2026-09-05 10:30:23,2026-09-05,1129165,228,45,104.88216400146484,,30.513626098632812,0.6874169111251831,807.2291259765625,182.37332153320312,994.3946533203125,293.4435119628906,187.16552734375,111.0701904296875,20788.510763943195,900.8118896484375,237.90841674804688,1920,1080,818.7553100585938,206.6801300048828,922.9937133789062,218.2828369140625,104.2384033203125,11.602706909179688,6.351410147063363,left,False,"{'safe_roi': (450, 80, 1500, 420), 'cylinder_roi': (800, 190, 1000, 300)}",ok_cylinder_inside_confirmed
2026-09-05 10:30:28,2026-09-05,1129280,228,45,103.1185531616211,,26.717620849609375,0.7017475962638855,804.7146606445312,181.3087158203125,993.6599731445312,294.3660888671875,188.9453125,113.057373046875,21361.660680770874,899.1873168945312,237.83740234375,1920,1080,819.3611450195312,203.50607299804688,921.2491455078125,219.38914489746094,101.88800048828125,15.883071899414062,8.86038671537591,left,False,"{'safe_roi': (450, 80, 1500, 420), 'cylinder_roi': (800, 190, 1000, 300)}",ok_cylinder_inside_confirmed
2026-09-05 10:30:33,2026-09-05,1129389,228,45,103.89663696289062,,31.4703369140625,0.6919789910316467,809.5680541992188,180.4593963623047,993.9255981445312,291.1269836425781,184.3575439453125,110.66758728027344,20402.404585344717,901.746826171875,235.79318237304688,1920,1080,822.2992553710938,203.27268981933594,925.170654296875,217.83242797851562,102.87139892578125,14.559738159179688,8.055760258572208,left,False,"{'safe_roi': (450, 80, 1500, 420), 'cylinder_roi': (800, 190, 1000, 300)}",ok_cylinder_inside_confirmed
2026-09-05 10:30:38,2026-09-05,1129505,228,45,101.5380859375,,32.40687561035156,0.6475623250007629,809.08447265625,179.65814208984375,994.88671875,290.7421569824219,185.80224609375,111.08401489257812,20639.65947215259,901.985595703125,235.2001495361328,1920,1080,823.3765869140625,204.20704650878906,924.1045532226562,217.0078125,100.72796630859375,12.800765991210938,7.242471230787556,left,False,"{'safe_roi': (450, 80, 1500, 420), 'cylinder_roi': (800, 190, 1000, 300)}",ok_cylinder_inside_confirmed
2026-09-05 10:30:43,2026-09-05,1129628,228,45,102.57010650634766,,32.33872985839844,0.6966601610183716,806.4642333984375,179.20558166503906,994.4935302734375,291.411865234375,188.029296875,112.20628356933594,21098.0686044991,900.4788818359375,235.3087158203125,1920,1080,821.9237670898438,206.24896240234375,923.8903198242188,217.35972595214844,101.966552734375,11.110763549804688,6.218687607631979,left,False,"{'safe_roi': (450, 80, 1500, 420), 'cylinder_roi': (800, 190, 1000, 300)}",ok_cylinder_inside_confirmed
2026-09-05 10:30:48,2026-09-05,1129741,228,45,102.6112289428711,,31.7410888671875,0.7194231152534485,806.681640625,179.20191955566406,995.2874755859375,291.3896484375,188.6058349609375,112.18772888183594,21159.26027812995,900.9845581054688,235.2957763671875,1920,1080,822.4644775390625,204.14395141601562,924.3268432617188,216.51820373535156,101.86236572265625,12.374252319335938,6.926359444878859,left,False,"{'safe_roi': (450, 80, 1500, 420), 'cylinder_roi': (800, 190, 1000, 300)}",ok_cylinder_inside_confirmed
2026-09-05 10:30:53,2026-09-05,1129855,228,45,102.31417846679688,,34.548553466796875,0.630927562713623,807.76513671875,179.77383422851562,994.9383544921875,290.9862365722656,187.1732177734375,111.21240234375,20815.98320299387,901.3517456054688,235.38003540039062,1920,1080,822.17138671875,204.1497039794922,923.314453125,219.58575439453125,101.14306640625,15.436050415039062,8.6772967029224,left,False,"{'safe_roi': (450, 80, 1500, 420), 'cylinder_roi': (800, 190, 1000, 300)}",ok_cylinder_inside_confirmed
2026-09-05 10:31:54,2026-09-05,1131204,228,46,100.55194854736328,,33.603851318359375,0.7712992429733276,855.276123046875,183.54966735839844,1040.1138916015625,300.0214538574219,184.8377685546875,116.47178649902344,21528.38511605747,947.6950073242188,241.78555297851562,1920,1080,856.6287841796875,203.2581329345703,956.722900390625,212.84262084960938,100.0941162109375,9.584487915039062,5.4696671256067475,left,False,"{'safe_roi': (450, 80, 1500, 420), 'cylinder_roi': (800, 190, 1000, 300)}",ok_cylinder_inside_confirmed
2026-09-05 10:31:59,2026-09-05,1131318,228,46,102.87167358398438,,38.239990234375,0.7578133940696716,854.4818725585938,184.3201904296875,1042.823486328125,302.1700134277344,188.34161376953125,117.84982299804688,22196.025845905766,948.6527099609375,243.24510192871094,1920,1080,859.5591430664062,201.48583984375,962.1284790039062,209.36695861816406,102.5693359375,7.8811187744140625,4.393801772243273,left,False,"{'safe_roi': (450, 80, 1500, 420), 'cylinder_roi': (800, 190, 1000, 300)}",ok_cylinder_inside_confirmed
2026-09-05 10:32:04,2026-09-05,1131442,228,46,98.43257141113281,,33.36993408203125,0.7688130140304565,855.5728759765625,180.74942016601562,1040.7449951171875,297.0602111816406,185.172119140625,116.310791015625,21537.51565128565,948.158935546875,238.90481567382812,1920,1080,862.5980224609375,201.63258361816406,960.3106689453125,213.51577758789062,97.712646484375,11.883193969726562,6.93390019309867,left,False,"{'safe_roi': (450, 80, 1500, 420), 'cylinder_roi': (800, 190, 1000, 300)}",ok_cylinder_inside_confirmed
2026-09-05 10:32:09,2026-09-05,1131557,228,46,99.53469848632812,,32.309661865234375,0.6407331824302673,858.149658203125,183.3582305908203,1034.8604736328125,298.2337951660156,176.7108154296875,114.87556457519531,20299.754689028487,946.5050659179688,240.7960205078125,1920,1080,858.607177734375,200.57730102539062,957.0916137695312,214.99853515625,98.48443603515625,14.421234130859375,8.330706763530957,left,False,"{'safe_roi': (450, 80, 1500, 420), 'cylinder_roi': (800, 190, 1000, 300)}",ok_cylinder_inside_confirmed
2026-09-05 10:32:14,2026-09-05,1131667,228,46,96.4590072631836,,31.01715087890625,0.7696066498756409,858.1441040039062,184.9390869140625,1030.0167236328125,300.5296936035156,171.87261962890625,115.59060668945312,19866.860376210883,944.0804443359375,242.73439025878906,1920,1080,862.5101318359375,203.91346740722656,957.8837890625,218.34280395507812,95.3736572265625,14.429336547851562,8.603187353812249,left,False,"{'safe_roi': (450, 80, 1500, 420), 'cylinder_roi': (800, 190, 1000, 300)}",ok_cylinder_inside_confirmed
2026-09-05 10:32:25,2026-09-05,1131931,228,46,98.67750549316406,,32.96527099609375,0.7642927169799805,858.7603149414062,185.29637145996094,1031.725830078125,301.0172119140625,172.96551513671875,115.72084045410156,20015.71478119772,945.2430419921875,243.15679931640625,1920,1080,862.9423217773438,203.22506713867188,960.4423828125,218.42337036132812,97.50006103515625,15.19830322265625,8.859960165279606,left,False,"{'safe_roi': (450, 80, 1500, 420), 'cylinder_roi': (800, 190, 1000, 300)}",ok_cylinder_inside_confirmed
2026-09-05 10:32:36,2026-09-05,1132168,228,46,101.49775695800781,,35.67413330078125,0.7438847422599792,853.6204833984375,185.48074340820312,1028.04931640625,297.72576904296875,174.4288330078125,112.24502563476562,19578.768832404166,940.8348999023438,241.60325622558594,1920,1080,854.120361328125,205.6172332763672,954.822509765625,218.30075073242188,100.7021484375,12.683517456054688,7.178649506549403,left,False,"{'safe_roi': (450, 80, 1500, 420), 'cylinder_roi': (800, 190, 1000, 300)}",ok_cylinder_inside_confirmed
2026-09-05 10:32:41,2026-09-05,1132282,228,46,107.71989440917969,,34.338134765625,0.7307652235031128,853.8282470703125,187.05836486816406,1029.3836669921875,298.7197265625,175.555419921875,111.66136169433594,19602.757241297513,941.60595703125,242.8890380859375,1920,1080,852.1873779296875,203.30984497070312,958.74169921875,219.1134033203125,106.5543212890625,15.803558349609375,8.436299284860178,left,False,"{'safe_roi': (450, 80, 1500, 420), 'cylinder_roi': (800, 190, 1000, 300)}",ok_cylinder_inside_confirmed
2026-09-05 10:32:49,2026-09-05,1132454,228,46,94.52365112304688,,34.38276672363281,0.7886248230934143,836.432373046875,180.05511474609375,1020.2049560546875,290.9233703613281,183.7725830078125,110.86825561523438,20374.545707982033,928.3186645507812,235.48924255371094,1920,1080,851.8853759765625,207.50396728515625,946.335693359375,211.2266845703125,94.4503173828125,3.72271728515625,2.2571193535594243,left,False,"{'safe_roi': (450, 80, 1500, 420), 'cylinder_roi': (800, 190, 1000, 300)}",ok_cylinder_inside_confirmed
2026-09-05 10:32:54,2026-09-05,1132567,228,46,106.39350891113281,,36.703460693359375,0.7693701982498169,832.94189453125,178.0447235107422,1018.7586669921875,288.72943115234375,185.8167724609375,110.68470764160156,20567.075134744868,925.8502807617188,233.3870849609375,1920,1080,842.6051025390625,205.66751098632812,948.7587890625,212.80714416503906,106.1536865234375,7.1396331787109375,3.847776840133302,left,False,"{'safe_roi': (450, 80, 1500, 420), 'cylinder_roi': (800, 190, 1000, 300)}",ok_cylinder_inside_confirmed
2026-09-05 10:32:59,2026-09-05,1132678,228,46,116.39153289794922,,39.22590637207031,0.7742887735366821,833.8564453125,178.2511444091797,1019.29736328125,290.361572265625,185.44091796875,112.11042785644531,20789.86065556854,926.576904296875,234.30636596679688,1920,1080,833.1795043945312,208.380615234375,949.496826171875,212.53622436523438,116.31732177734375,4.155609130859375,2.0461066046970497,left,False,"{'safe_roi': (450, 80, 1500, 420), 'cylinder_roi': (800, 190, 1000, 300)}",ok_cylinder_inside_confirmed
2026-09-05 10:33:04,2026-09-05,1132790,228,46,114.99752807617188,,38.717559814453125,0.7809608578681946,832.233642578125,179.4656982421875,1019.0419921875,290.6116027832031,186.808349609375,111.14590454101562,20762.982993148267,925.6378173828125,235.0386505126953,1920,1080,834.1771240234375,210.16189575195312,949.025146484375,216.02386474609375,114.8480224609375,5.861968994140625,2.921903795018424,left,False,"{'safe_roi': (450, 80, 1500, 420), 'cylinder_roi': (800, 190, 1000, 300)}",ok_cylinder_inside_confirmed
2026-09-05 10:33:09,2026-09-05,1132905,228,46,109.0187759399414,,37.49595642089844,0.7777096629142761,833.5009155273438,177.953125,1019.6796264648438,288.8420104980469,186.1787109375,110.88888549804688,20645.149759322405,926.5902709960938,233.39756774902344,1920,1080,838.0778198242188,208.28793334960938,946.96630859375,213.61614990234375,108.88848876953125,5.328216552734375,2.80140733313347,left,False,"{'safe_roi': (450, 80, 1500, 420), 'cylinder_roi': (800, 190, 1000, 300)}",ok_cylinder_inside_confirmed
2026-09-05 10:33:15,2026-09-05,1133031,228,46,115.36227416992188,,36.553680419921875,0.7868876457214355,832.9479370117188,178.08721923828125,1019.4242553710938,290.2821960449219,186.476318359375,112.19497680664062,20921.70621331781,926.1860961914062,234.18470764160156,1920,1080,834.0753173828125,211.3081817626953,949.24462890625,217.97781372070312,115.1693115234375,6.6696319580078125,3.3143848171710615,left,False,"{'safe_roi': (450, 80, 1500, 420), 'cylinder_roi': (800, 190, 1000, 300)}",ok_cylinder_inside_confirmed
2026-09-05 10:33:20,2026-09-05,1133144,228,46,94.88892364501953,,37.62559509277344,0.7768022418022156,832.7855224609375,180.04000854492188,1020.2701416015625,293.08477783203125,187.484619140625,113.04476928710938,21194.155515633523,926.52783203125,236.56239318847656,1920,1080,848.2867431640625,208.97756958007812,942.9892578125,214.92245483398438,94.7025146484375,5.94488525390625,3.5919899032318097,left,False,"{'safe_roi': (450, 80, 1500, 420), 'cylinder_roi': (800, 190, 1000, 300)}",ok_cylinder_inside_confirmed
2026-09-05 10:33:25,2026-09-05,1133259,228,46,95.78988647460938,,37.40228271484375,0.773646354675293,828.76220703125,177.7637176513672,1020.2586669921875,295.5123291015625,191.4964599609375,117.74861145019531,22548.442258028314,924.5104370117188,236.63803100585938,1920,1080,846.4760131835938,207.94198608398438,942.0450439453125,214.44297790527344,95.56903076171875,6.5009918212890625,3.8914956018170863,left,False,"{'safe_roi': (450, 80, 1500, 420), 'cylinder_roi': (800, 190, 1000, 300)}",ok_cylinder_inside_confirmed
2026-09-05 10:33:42,2026-09-05,1133643,228,46,106.96550750732422,,38.78083801269531,0.7756401300430298,828.7623291015625,177.4442138671875,1016.248046875,289.5417785644531,187.4857177734375,112.09756469726562,21016.692377921194,922.5051879882812,233.4929962158203,1920,1080,839.2546997070312,208.35914611816406,946.1322021484375,212.69725036621094,106.87750244140625,4.338104248046875,2.3243310783600957,left,False,"{'safe_roi': (450, 80, 1500, 420), 'cylinder_roi': (800, 190, 1000, 300)}",ok_cylinder_inside_confirmed
2026-09-05 10:33:50,2026-09-05,1133821,228,46,104.28910064697266,,39.93138122558594,0.7867496013641357,827.7942504882812,178.68536376953125,1016.1710815429688,292.2132568359375,188.3768310546875,113.52789306640625,21386.02473216504,921.982666015625,235.44931030273438,1920,1080,840.1024780273438,207.3745574951172,944.244140625,212.9180145263672,104.14166259765625,5.54345703125,3.0469766986554254,left,False,"{'safe_roi': (450, 80, 1500, 420), 'cylinder_roi': (800, 190, 1000, 300)}",ok_cylinder_inside_confirmed
2026-09-05 10:33:55,2026-09-05,1133929,228,46,100.19703674316406,,38.5596923828125,0.7776823043823242,827.6516723632812,179.47100830078125,1014.6206665039062,291.4576721191406,186.968994140625,111.98666381835938,20938.033891282976,921.1361694335938,235.46434020996094,1920,1080,841.536376953125,207.22467041015625,941.5897827148438,212.5877685546875,100.05340576171875,5.36309814453125,3.068252364096012,left,False,"{'safe_roi': (450, 80, 1500, 420), 'cylinder_roi': (800, 190, 1000, 300)}",ok_cylinder_inside_confirmed
2026-09-05 10:34:00,2026-09-05,1134048,228,46,97.45542907714844,,38.23211669921875,0.7751073241233826,829.345458984375,178.45884704589844,1013.3614501953125,289.42974853515625,184.0159912109375,110.97090148925781,20420.420433117077,921.3534545898438,233.94430541992188,1920,1080,843.3719482421875,207.0633544921875,940.64794921875,212.97439575195312,97.2760009765625,5.911041259765625,3.4773405811608793,left,False,"{'safe_roi': (450, 80, 1500, 420), 'cylinder_roi': (800, 190, 1000, 300)}",ok_cylinder_inside_confirmed
2026-09-05 10:34:05,2026-09-05,1134157,228,46,114.97383880615234,,43.4449462890625,0.7813552618026733,828.3892211914062,178.30288696289062,1015.0679321289062,291.24493408203125,186.6787109375,112.94204711914062,21083.875766843557,921.7285766601562,234.77391052246094,1920,1080,831.6590576171875,208.9564971923828,946.3802490234375,216.57431030273438,114.72119140625,7.6178131103515625,3.7990253980911555,left,False,"{'safe_roi': (450, 80, 1500, 420), 'cylinder_roi': (800, 190, 1000, 300)}",ok_cylinder_inside_confirmed
2026-09-05 10:34:10,2026-09-05,1134271,228,46,101.78485870361328,,37.185302734375,0.7780053019523621,823.383056640625,176.73919677734375,1016.0914306640625,295.0113525390625,192.7083740234375,118.27215576171875,22792.034829087555,919.7372436523438,235.87527465820312,1920,1080,841.675048828125,211.63906860351562,943.2736206054688,217.79434204101562,101.59857177734375,6.1552734375,3.4669842677849285,left,False,"{'safe_roi': (450, 80, 1500, 420), 'cylinder_roi': (800, 190, 1000, 300)}",ok_cylinder_inside_confirmed
2026-09-05 10:34:15,2026-09-05,1134382,228,46,102.1968994140625,,38.748992919921875,0.7667268514633179,827.2691040039062,180.3664093017578,1012.9765014648438,290.7729797363281,185.7073974609375,110.40657043457031,20503.31685799174,920.122802734375,235.5697021484375,1920,1080,837.18115234375,210.35662841796875,939.2515869140625,215.43927001953125,102.0704345703125,5.0826416015625,2.850713574999324,left,False,"{'safe_roi': (450, 80, 1500, 420), 'cylinder_roi': (800, 190, 1000, 300)}",ok_cylinder_inside_confirmed
2026-09-05 10:34:42,2026-09-05,1134971,228,47,94.07674407958984,,28.942916870117188,0.7745845317840576,824.5213623046875,183.28427124023438,1006.688720703125,291.8725280761719,182.1673583984375,108.5882568359375,19781.235900893807,915.6050415039062,237.57839965820312,1920,1080,838.65185546875,212.722412109375,932.529541015625,218.83908081054688,93.877685546875,6.116668701171875,3.7278787534400943,left,False,"{'safe_roi': (450, 80, 1500, 420), 'cylinder_roi': (800, 190, 1000, 300)}",ok_cylinder_inside_confirmed
2026-09-05 10:34:47,2026-09-05,1135088,228,47,106.07762908935547,,29.737030029296875,0.7560659646987915,828.684814453125,183.69070434570312,1007.5086669921875,292.7839050292969,178.8238525390625,109.09320068359375,19508.46643205732,918.0967407226562,238.2373046875,1920,1080,833.4522705078125,212.3746795654297,939.0625610351562,222.32101440429688,105.61029052734375,9.946334838867188,5.38022384023617,left,False,"{'safe_roi': (450, 80, 1500, 420), 'cylinder_roi': (800, 190, 1000, 300)}",ok_cylinder_inside_confirmed
2026-09-05 10:34:55,2026-09-05,1135265,228,47,107.08245086669922,,30.4044189453125,0.7829408049583435,825.7487182617188,185.8486328125,1008.3956909179688,296.4674987792969,182.64697265625,110.61886596679688,20204.200987502933,917.0722045898438,241.15806579589844,1920,1080,830.9710083007812,220.48045349121094,937.9697875976562,224.7128448486328,106.998779296875,4.232391357421875,2.265182913664356,left,False,"{'safe_roi': (450, 80, 1500, 420), 'cylinder_roi': (800, 190, 1000, 300)}",ok_cylinder_inside_confirmed
2026-09-05 10:35:02,2026-09-05,1135411,228,47,91.45155334472656,,30.123687744140625,0.7735915780067444,825.9745483398438,185.75787353515625,1007.8128051757812,293.9307861328125,181.8382568359375,108.17291259765625,19669.973863624036,916.8936767578125,239.84432983398438,1920,1080,844.3930053710938,217.724365234375,935.84375,217.33990478515625,91.45074462890625,0.38446044921875,0.24087098960683714,left,False,"{'safe_roi': (450, 80, 1500, 420), 'cylinder_roi': (800, 190, 1000, 300)}",ok_cylinder_inside_confirmed
2026-09-05 10:35:32,2026-09-05,1136098,228,48,94.96617889404297,,29.354888916015625,0.8184400796890259,833.5465087890625,186.55787658691406,1011.422607421875,303.0706787109375,177.8760986328125,116.51280212402344,20724.84268259816,922.4845581054688,244.81427001953125,1920,1080,849.7294921875,223.45835876464844,944.6915893554688,222.5782470703125,94.96209716796875,0.8801116943359375,0.5310038777587094,left,False,"{'safe_roi': (450, 80, 1500, 420), 'cylinder_roi': (800, 190, 1000, 300)}",ok_cylinder_inside_confirmed
2026-09-05 10:36:03,2026-09-05,1136791,228,49,110.27679443359375,,20.50213623046875,0.7586789131164551,802.1126098632812,185.85508728027344,996.7925415039062,293.2590026855469,194.679931640625,107.40391540527344,20909.386909034103,899.4525756835938,239.55703735351562,1920,1080,819.6895141601562,213.76492309570312,929.09619140625,227.59060668945312,109.40667724609375,13.82568359375,7.202271175772166,left,False,"{'safe_roi': (450, 80, 1500, 420), 'cylinder_roi': (800, 190, 1000, 300)}",ok_cylinder_inside_confirmed
2026-09-05 10:36:09,2026-09-05,1136905,228,49,113.61898040771484,,23.795745849609375,0.7584109902381897,805.5208129882812,186.4244384765625,998.7304077148438,294.2892761230469,193.2095947265625,107.86483764648438,20840.521566923708,902.1256103515625,240.3568572998047,1920,1080,816.9332275390625,212.44387817382812,929.699951171875,226.33413696289062,112.7667236328125,13.8902587890625,7.022146131702117,left,False,"{'safe_roi': (450, 80, 1500, 420), 'cylinder_roi': (800, 190, 1000, 300)}",ok_cylinder_inside_confirmed
2026-09-05 10:36:14,2026-09-05,1137027,228,49,98.3502197265625,,28.19610595703125,0.7663947343826294,804.6025390625,186.404052734375,998.0291748046875,294.6192932128906,193.4266357421875,108.21524047851562,20931.709901791066,901.3158569335938,240.5116729736328,1920,1080,825.3550415039062,214.3007354736328,923.3951416015625,222.10482788085938,98.04010009765625,7.8040924072265625,4.55120629802163,left,False,"{'safe_roi': (450, 80, 1500, 420), 'cylinder_roi': (800, 190, 1000, 300)}",ok_cylinder_inside_confirmed
2026-09-05 10:36:19,2026-09-05,1137136,228,49,100.85416412353516,,26.085006713867188,0.7681388854980469,803.204345703125,186.91372680664062,998.11962890625,293.8209228515625,194.915283203125,106.90719604492188,20837.846393547952,900.6619873046875,240.36732482910156,1920,1080,823.9597778320312,215.3232879638672,924.489013671875,223.41246032714844,100.52923583984375,8.08917236328125,4.600442882333101,left,False,"{'safe_roi': (450, 80, 1500, 420), 'cylinder_roi': (800, 190, 1000, 300)}",ok_cylinder_inside_confirmed
2026-09-05 10:46:58,2026-09-05,1151579,228,50,116.889404296875,,8.947219848632812,0.7114039063453674,816.81982421875,183.76548767089844,1012.1983642578125,291.7186279296875,195.3785400390625,107.95314025878906,21091.72693639435,914.5090942382812,237.7420654296875,1920,1080,999.44677734375,210.3363494873047,882.8856201171875,219.0902099609375,116.5611572265625,8.753860473632812,4.294908281217026,right,False,"{'safe_roi': (450, 80, 1500, 420), 'cylinder_roi': (800, 190, 1000, 300)}",ok_cylinder_inside_confirmed
2026-09-05 11:06:50,2026-09-05,1178457,228,51,105.77474212646484,,31.335281372070312,0.6585227847099304,828.9956665039062,178.68548583984375,1005.2870483398438,292.67388916015625,176.2913818359375,113.9884033203125,20095.173134610057,917.141357421875,235.6796875,1920,1080,834.1014404296875,199.24801635742188,938.3897094726562,216.91871643066406,104.28826904296875,17.670700073242188,9.61690917198019,left,False,"{'safe_roi': (450, 80, 1500, 420), 'cylinder_roi': (800, 190, 1000, 300)}",ok_cylinder_inside_confirmed
2026-09-05 11:06:55,2026-09-05,1178572,228,51,96.59555053710938,,35.969512939453125,0.7662184834480286,823.28515625,177.41989135742188,1006.7027587890625,296.53350830078125,183.4176025390625,119.11361694335938,21847.53404950723,914.9939575195312,236.97669982910156,1920,1080,836.74169921875,201.7452392578125,932.918701171875,210.72767639160156,96.177001953125,8.982437133789062,5.335653342107328,left,False,"{'safe_roi': (450, 80, 1500, 420), 'cylinder_roi': (800, 190, 1000, 300)}",ok_cylinder_inside_confirmed
2026-09-05 11:07:07,2026-09-05,1178847,228,51,95.45299530029297,,34.92091369628906,0.7466480731964111,825.3507690429688,177.85362243652344,1003.5238647460938,291.00341796875,178.173095703125,113.14979553222656,20160.24934815243,914.4373168945312,234.42852783203125,1920,1080,839.2134399414062,200.30203247070312,934.0914306640625,210.76345825195312,94.87799072265625,10.46142578125,6.292123392343295,left,False,"{'safe_roi': (450, 80, 1500, 420), 'cylinder_roi': (800, 190, 1000, 300)}",ok_cylinder_inside_confirmed
2026-09-05 11:07:12,2026-09-05,1178959,228,51,100.84760284423828,,34.46685791015625,0.7547383308410645,825.8279418945312,179.09304809570312,1001.7577514648438,290.67626953125,175.9298095703125,111.58322143554688,19630.814898397774,913.7928466796875,234.88465881347656,1920,1080,835.1289672851562,199.75083923339844,934.779296875,215.24441528320312,99.65032958984375,15.493576049804688,8.837555664853369,left,False,"{'safe_roi': (450, 80, 1500, 420), 'cylinder_roi': (800, 190, 1000, 300)}",ok_cylinder_inside_confirmed
2026-09-05 11:07:17,2026-09-05,1179072,228,51,104.50639343261719,,31.82586669921875,0.7382454872131348,825.7677001953125,180.16563415527344,1001.5335693359375,291.1402587890625,175.765869140625,110.97462463378906,19505.551351312548,913.650634765625,235.6529541015625,1920,1080,833.81005859375,198.9077606201172,936.7889404296875,216.71046447753906,102.9788818359375,17.802703857421875,9.808191475844877,left,False,"{'safe_roi': (450, 80, 1500, 420), 'cylinder_roi': (800, 190, 1000, 300)}",ok_cylinder_inside_confirmed
2026-09-05 11:07:22,2026-09-05,1179195,228,51,101.8093032836914,,34.44184875488281,0.7521805763244629,825.0448608398438,179.82632446289062,1000.8423461914062,290.52996826171875,175.7974853515625,110.70364379882812,19461.42219908908,912.943603515625,235.1781463623047,1920,1080,836.1357421875,199.49327087402344,936.6085205078125,215.9357452392578,100.4727783203125,16.442474365234375,9.294127396057425,left,False,"{'safe_roi': (450, 80, 1500, 420), 'cylinder_roi': (800, 190, 1000, 300)}",ok_cylinder_inside_confirmed
2026-09-05 11:07:27,2026-09-05,1179303,228,51,95.33313751220703,,34.249603271484375,0.7781857848167419,824.1764526367188,180.073974609375,1000.9424438476562,291.4092102050781,176.7659912109375,111.33523559570312,19680.283276777714,912.5594482421875,235.74159240722656,1920,1080,839.0947265625,200.38429260253906,933.67724609375,212.32386779785156,94.58251953125,11.9395751953125,7.194648082522769,left,False,"{'safe_roi': (450, 80, 1500, 420), 'cylinder_roi': (800, 190, 1000, 300)}",ok_cylinder_inside_confirmed
2026-09-05 11:07:33,2026-09-05,1179429,228,51,103.14018249511719,,34.307525634765625,0.7223323583602905,822.2750854492188,180.06422424316406,1000.5637817382812,290.919677734375,178.2886962890625,110.85545349121094,19764.2742794808,911.41943359375,235.491943359375,1920,1080,833.6937866210938,199.74713134765625,935.643310546875,215.373779296875,101.94952392578125,15.62664794921875,8.71437522465355,left,False,"{'safe_roi': (450, 80, 1500, 420), 'cylinder_roi': (800, 190, 1000, 300)}",ok_cylinder_inside_confirmed
2026-09-05 11:07:38,2026-09-05,1179550,228,51,111.03278350830078,,33.85893249511719,0.6682512164115906,823.06201171875,181.136962890625,999.437744140625,290.3591613769531,176.375732421875,109.22219848632812,19264.14525475353,911.2498779296875,235.74806213378906,1920,1080,829.049072265625,200.3309783935547,938.531005859375,218.8238067626953,109.48193359375,18.492828369140625,9.587455739240104,left,False,"{'safe_roi': (450, 80, 1500, 420), 'cylinder_roi': (800, 190, 1000, 300)}",ok_cylinder_inside_confirmed
2026-09-05 11:07:43,2026-09-05,1179660,228,51,111.18128204345703,,36.19831848144531,0.7447096705436707,821.17578125,186.81698608398438,1000.211669921875,290.1811218261719,179.035888671875,103.3641357421875,18505.889899402857,910.6937255859375,238.49905395507812,1920,1080,827.293212890625,203.36029052734375,937.1676025390625,220.3572540283203,109.8743896484375,16.996963500976562,8.793638862708427,left,False,"{'safe_roi': (450, 80, 1500, 420), 'cylinder_roi': (800, 190, 1000, 300)}",ok_cylinder_inside_confirmed
2026-09-05 11:07:48,2026-09-05,1179772,228,51,100.68083190917969,,38.270233154296875,0.7081295847892761,821.773681640625,188.2197265625,997.4818115234375,291.6141357421875,175.7081298828125,103.3944091796875,18167.238277301192,909.6277465820312,239.91693115234375,1920,1080,828.8284301757812,202.5700225830078,926.653564453125,226.3791046142578,97.82513427734375,23.80908203125,13.67892642025011,left,False,"{'safe_roi': (450, 80, 1500, 420), 'cylinder_roi': (800, 190, 1000, 300)}",ok_cylinder_inside_confirmed
2026-09-05 11:07:53,2026-09-05,1179893,228,51,110.02635192871094,,36.43963623046875,0.6889388561248779,814.4723510742188,187.328125,998.1358032226562,296.1575012207031,183.6634521484375,108.82937622070312,19987.97893185541,906.3040771484375,241.74281311035156,1920,1080,824.515625,207.60012817382812,932.8008422851562,227.09652709960938,108.28521728515625,19.49639892578125,10.206566924741816,left,False,"{'safe_roi': (450, 80, 1500, 420), 'cylinder_roi': (800, 190, 1000, 300)}",ok_cylinder_inside_confirmed
2026-09-05 11:07:58,2026-09-05,1180004,228,51,107.94384765625,,39.234466552734375,0.7497326731681824,808.88525390625,184.99380493164062,1002.9075927734375,297.2640075683594,194.0223388671875,112.27020263671875,21782.927300669253,905.8964233398438,241.12890625,1920,1080,822.267578125,207.3256378173828,928.624755859375,225.76541137695312,106.357177734375,18.439773559570312,9.835932823383208,left,False,"{'safe_roi': (450, 80, 1500, 420), 'cylinder_roi': (800, 190, 1000, 300)}",ok_cylinder_inside_confirmed
2026-09-05 11:08:03,2026-09-05,1180114,228,51,107.0261001586914,,38.35400390625,0.7422590255737305,809.5668334960938,186.02261352539062,1001.1884155273438,299.1849365234375,191.62158203125,113.16232299804688,21684.343359217048,905.3776245117188,242.60377502441406,1920,1080,822.713134765625,206.81442260742188,928.1949462890625,224.92999267578125,105.4818115234375,18.115570068359375,9.744977080243043,left,False,"{'safe_roi': (450, 80, 1500, 420), 'cylinder_roi': (800, 190, 1000, 300)}",ok_cylinder_inside_confirmed
2026-09-05 11:08:08,2026-09-05,1180225,228,51,107.87751007080078,,35.7020263671875,0.7399986386299133,812.5687866210938,186.16285705566406,1000.8167114257812,298.5412292480469,188.2479248046875,112.37837219238281,21154.995358144864,906.6927490234375,242.35205078125,1920,1080,822.5944213867188,206.51718139648438,928.1929931640625,228.57391357421875,105.59857177734375,22.056732177734375,11.797941820399979,left,False,"{'safe_roi': (450, 80, 1500, 420), 'cylinder_roi': (800, 190, 1000, 300)}",ok_cylinder_inside_confirmed
2026-09-05 11:08:13,2026-09-05,1180336,228,51,102.32831573486328,,30.564102172851562,0.7361682057380676,810.920654296875,186.594970703125,999.241455078125,299.32855224609375,188.32080078125,112.73358154296875,21230.07835111022,905.0810546875,242.96176147460938,1920,1080,824.8550415039062,207.62942504882812,925.3056640625,227.14239501953125,100.45062255859375,19.512969970703125,10.993045431700924,left,False,"{'safe_roi': (450, 80, 1500, 420), 'cylinder_roi': (800, 190, 1000, 300)}",ok_cylinder_inside_confirmed
2026-09-05 11:08:18,2026-09-05,1180444,228,51,104.45785522460938,,34.23332214355469,0.7333987355232239,807.4505004882812,186.30245971679688,998.5310668945312,300.544189453125,191.08056640625,114.24172973632812,21829.37442524731,902.9907836914062,243.42332458496094,1920,1080,821.6569213867188,209.16873168945312,924.5703125,227.06503295898438,102.91339111328125,17.89630126953125,9.86489919143951,left,False,"{'safe_roi': (450, 80, 1500, 420), 'cylinder_roi': (800, 190, 1000, 300)}",ok_cylinder_inside_confirmed
2026-09-05 11:08:23,2026-09-05,1180557,228,51,99.83899688720703,,31.701873779296875,0.7271069884300232,808.27783203125,184.6720428466797,1003.1217041015625,299.9715881347656,194.8438720703125,115.29954528808594,22465.40985187702,905.6997680664062,242.32180786132812,1920,1080,825.095947265625,207.52000427246094,923.145263671875,226.3390655517578,98.04931640625,18.819061279296875,10.864914168369006,left,False,"{'safe_roi': (450, 80, 1500, 420), 'cylinder_roi': (800, 190, 1000, 300)}",ok_cylinder_inside_confirmed
2026-09-05 11:08:37,2026-09-05,1180857,228,51,97.29409790039062,,31.94134521484375,0.7423393130302429,812.81640625,186.5022430419922,997.5140380859375,297.1336669921875,184.6976318359375,110.63142395019531,20433.362010238692,905.1652221679688,241.81796264648438,1920,1080,826.3720092773438,206.7056884765625,921.6473999023438,226.42222595214844,95.275390625,19.716537475585938,11.691899465873712,left,False,"{'safe_roi': (450, 80, 1500, 420), 'cylinder_roi': (800, 190, 1000, 300)}",ok_cylinder_inside_confirmed
2026-09-05 11:08:49,2026-09-05,1181144,228,51,106.2392349243164,,33.31268310546875,0.7622426152229309,811.5505981445312,186.9809112548828,997.8948364257812,299.257080078125,186.34423828125,112.27616882324219,20922.017156504095,904.7227172851562,243.11898803710938,1920,1080,821.7985229492188,209.28863525390625,926.3592529296875,228.09896850585938,104.56072998046875,18.810333251953125,10.198348449543358,left,False,"{'safe_roi': (450, 80, 1500, 420), 'cylinder_roi': (800, 190, 1000, 300)}",ok_cylinder_inside_confirmed
2026-09-05 11:08:54,2026-09-05,1181268,228,51,104.24301147460938,,33.43328857421875,0.7310507297515869,814.2230834960938,186.95362854003906,996.6126098632812,296.35565185546875,182.3895263671875,109.40202331542969,19953.783216113225,905.4178466796875,241.65463256835938,1920,1080,823.3154296875,206.72930908203125,925.7156982421875,226.2431640625,102.4002685546875,19.51385498046875,10.789179866197038,left,False,"{'safe_roi': (450, 80, 1500, 420), 'cylinder_roi': (800, 190, 1000, 300)}",ok_cylinder_inside_confirmed
2026-09-05 11:08:59,2026-09-05,1181381,228,51,107.33476257324219,,29.662551879882812,0.6892338991165161,816.5213012695312,186.8876953125,998.1593627929688,295.4615783691406,181.6380615234375,108.57388305664062,19721.1496504806,907.34033203125,241.1746368408203,1920,1080,823.4431762695312,207.60165405273438,928.3863525390625,230.13343811035156,104.94317626953125,22.531784057617188,12.117702531882058,left,False,"{'safe_roi': (450, 80, 1500, 420), 'cylinder_roi': (800, 190, 1000, 300)}",ok_cylinder_inside_confirmed
2026-09-05 11:09:04,2026-09-05,1181491,228,51,105.78559112548828,,35.54539489746094,0.6795902252197266,816.994873046875,186.27920532226562,997.576171875,293.4993896484375,180.581298828125,107.22018432617188,19361.960146211088,907.2855224609375,239.88929748535156,1920,1080,820.8555297851562,209.21456909179688,925.0975341796875,227.22000122070312,104.24200439453125,18.00543212890625,9.799846003591313,left,False,"{'safe_roi': (450, 80, 1500, 420), 'cylinder_roi': (800, 190, 1000, 300)}",ok_cylinder_inside_confirmed
2026-09-05 11:09:09,2026-09-05,1181610,228,51,105.68358612060547,,32.282989501953125,0.7242516279220581,813.5665893554688,185.74781799316406,998.1438598632812,297.33154296875,184.5772705078125,111.58372497558594,20595.81938908808,905.855224609375,241.5396728515625,1920,1080,822.8551025390625,210.200439453125,927.1515502929688,227.26708984375,104.29644775390625,17.066650390625,9.293286631111538,left,False,"{'safe_roi': (450, 80, 1500, 420), 'cylinder_roi': (800, 190, 1000, 300)}",ok_cylinder_inside_confirmed
2026-09-05 11:09:14,2026-09-05,1181722,228,51,101.79378509521484,,35.87409973144531,0.7407635450363159,813.358154296875,185.85739135742188,998.810546875,299.6011047363281,185.452392578125,113.74371337890625,21094.04378683865,906.0843505859375,242.729248046875,1920,1080,821.3949584960938,211.87840270996094,922.2550659179688,225.63388061523438,100.860107421875,13.755477905273438,7.766184876647206,left,False,"{'safe_roi': (450, 80, 1500, 420), 'cylinder_roi': (800, 190, 1000, 300)}",ok_cylinder_inside_confirmed
2026-09-05 11:09:19,2026-09-05,1181845,228,51,108.19641876220703,,29.479034423828125,0.7406477332115173,810.9801635742188,182.81568908691406,999.6038208007812,297.4048156738281,188.6236572265625,114.58912658691406,21614.220135221258,905.2919921875,240.11026000976562,1920,1080,822.205078125,209.23716735839844,929.0817260742188,226.08493041992188,106.87664794921875,16.847763061523438,8.958243596668327,left,False,"{'safe_roi': (450, 80, 1500, 420), 'cylinder_roi': (800, 190, 1000, 300)}",ok_cylinder_inside_confirmed
2026-09-05 11:09:24,2026-09-05,1181955,228,51,106.0579605102539,,39.09820556640625,0.7416990399360657,814.2130126953125,186.37896728515625,999.4876708984375,300.30657958984375,185.274658203125,113.9276123046875,21107.899429649115,906.850341796875,243.3427734375,1920,1080,821.23046875,209.2581787109375,926.45556640625,222.5235595703125,105.22509765625,13.265380859375,7.185185589386856,left,False,"{'safe_roi': (450, 80, 1500, 420), 'cylinder_roi': (800, 190, 1000, 300)}",ok_cylinder_inside_confirmed
2026-09-05 11:09:29,2026-09-05,1182068,228,51,105.67796325683594,,36.73710632324219,0.7577913403511047,809.6119995117188,185.8454132080078,1002.5972290039062,301.63873291015625,192.9852294921875,115.79331970214844,22346.400376381353,906.1046142578125,243.7420654296875,1920,1080,820.244873046875,210.75283813476562,925.3050537109375,222.16294860839844,105.0601806640625,11.410110473632812,6.198341222874606,left,False,"{'safe_roi': (450, 80, 1500, 420), 'cylinder_roi': (800, 190, 1000, 300)}",ok_cylinder_inside_confirmed
2026-09-05 11:09:34,2026-09-05,1182186,228,51,104.96952056884766,,33.5538330078125,0.705285906791687,809.7572631835938,185.15835571289062,999.3159790039062,300.618408203125,189.5587158203125,115.46005249023438,21886.459278594702,904.53662109375,242.8883819580078,1920,1080,823.8987426757812,209.79751586914062,927.4918212890625,226.74078369140625,103.59307861328125,16.943267822265625,9.288823184296172,left,False,"{'safe_roi': (450, 80, 1500, 420), 'cylinder_roi': (800, 190, 1000, 300)}",ok_cylinder_inside_confirmed
2026-09-05 11:09:40,2026-09-05,1182300,228,51,100.9075927734375,,32.0499267578125,0.7468094825744629,808.8462524414062,185.06240844726562,998.9110717773438,300.7647399902344,190.0648193359375,115.70233154296875,21990.9427414611,903.878662109375,242.91357421875,1920,1080,825.1888427734375,212.08753967285156,925.2495727539062,225.13330078125,100.06072998046875,13.045761108398438,7.42823332328711,left,False,"{'safe_roi': (450, 80, 1500, 420), 'cylinder_roi': (800, 190, 1000, 300)}",ok_cylinder_inside_confirmed
2026-09-05 11:09:45,2026-09-05,1182411,228,51,105.72171020507812,,22.60736083984375,0.7061253190040588,807.91650390625,185.4830780029297,998.974365234375,300.97821044921875,191.057861328125,115.49513244628906,22066.252998996526,903.4454345703125,243.23065185546875,1920,1080,821.536376953125,208.54531860351562,926.375,222.181396484375,104.838623046875,13.636077880859375,7.410704687661441,left,False,"{'safe_roi': (450, 80, 1500, 420), 'cylinder_roi': (800, 190, 1000, 300)}",ok_cylinder_inside_confirmed
2026-09-05 11:09:50,2026-09-05,1182526,228,51,97.32591247558594,,29.752090454101562,0.7589333057403564,808.1304931640625,185.45777893066406,998.870849609375,301.02130126953125,190.7403564453125,115.56352233886719,22042.62744299136,903.5006713867188,243.23953247070312,1920,1080,829.2701416015625,210.98611450195312,925.8836669921875,222.74026489257812,96.613525390625,11.754150390625,6.936602769442502,left,False,"{'safe_roi': (450, 80, 1500, 420), 'cylinder_roi': (800, 190, 1000, 300)}",ok_cylinder_inside_confirmed
2026-09-05 11:09:55,2026-09-05,1182653,228,51,104.88956451416016,,30.126007080078125,0.7403263449668884,808.653564453125,184.4716033935547,999.2347412109375,297.1610107421875,190.5811767578125,112.68940734863281,21476.479860642925,903.9441528320312,240.81631469726562,1920,1080,823.4361572265625,207.616943359375,927.400634765625,221.5168914794922,103.9644775390625,13.899948120117188,7.615228357653681,left,False,"{'safe_roi': (450, 80, 1500, 420), 'cylinder_roi': (800, 190, 1000, 300)}",ok_cylinder_inside_confirmed
2026-09-05 11:10:00,2026-09-05,1182763,228,51,103.00005340576172,,34.15052795410156,0.7664082646369934,811.736083984375,186.05224609375,999.563232421875,300.0358581542969,187.8271484375,113.98361206054688,21409.216821938753,905.649658203125,243.04405212402344,1920,1080,821.422119140625,211.77099609375,923.9661254882812,221.45285034179688,102.54400634765625,9.681854248046875,5.3936820912058,left,False,"{'safe_roi': (450, 80, 1500, 420), 'cylinder_roi': (800, 190, 1000, 300)}",ok_cylinder_inside_confirmed
2026-09-05 11:10:05,2026-09-05,1182872,228,51,104.34874725341797,,30.703765869140625,0.7407229542732239,806.7501220703125,184.17213439941406,997.871337890625,293.163330078125,191.1212158203125,108.99119567871094,20830.529831824824,902.3107299804688,238.667724609375,1920,1080,820.3768310546875,210.47264099121094,924.125732421875,221.6451873779297,103.7489013671875,11.17254638671875,6.14640061808686,left,False,"{'safe_roi': (450, 80, 1500, 420), 'cylinder_roi': (800, 190, 1000, 300)}",ok_cylinder_inside_confirmed
2026-09-05 11:10:10,2026-09-05,1182984,228,51,103.14556121826172,,32.54840087890625,0.7538976073265076,808.04052734375,184.516357421875,995.30078125,299.23486328125,187.26025390625,114.718505859375,21482.21653497219,901.670654296875,241.8756103515625,1920,1080,818.817138671875,211.51678466796875,921.5394287109375,220.85153198242188,102.7222900390625,9.334747314453125,5.192413759615076,left,False,"{'safe_roi': (450, 80, 1500, 420), 'cylinder_roi': (800, 190, 1000, 300)}",ok_cylinder_inside_confirmed
2026-09-05 11:10:15,2026-09-05,1183097,228,51,103.46900177001953,,35.98307800292969,0.7590161561965942,808.54248046875,186.0879669189453,996.4217529296875,300.1947937011719,187.8792724609375,114.10682678222656,21438.307598670945,902.4821166992188,243.14138793945312,1920,1080,820.715576171875,211.86102294921875,923.8391723632812,220.30841064453125,103.12359619140625,8.4473876953125,4.682938308100008,left,False,"{'safe_roi': (450, 80, 1500, 420), 'cylinder_roi': (800, 190, 1000, 300)}",ok_cylinder_inside_confirmed
2026-09-05 11:10:20,2026-09-05,1183205,228,51,103.80889892578125,,33.35585021972656,0.7518830895423889,809.7078247070312,185.43569946289062,998.7501831054688,298.8482971191406,189.0423583984375,113.41259765625,21439.784933030605,904.22900390625,242.14199829101562,1920,1080,821.254638671875,211.63742065429688,924.8355712890625,218.51327514648438,103.5809326171875,6.8758544921875,3.797806221376449,left,False,"{'safe_roi': (450, 80, 1500, 420), 'cylinder_roi': (800, 190, 1000, 300)}",ok_cylinder_inside_confirmed
2026-09-05 11:10:25,2026-09-05,1183318,228,51,102.33244323730469,,29.049331665039062,0.7306456565856934,805.7998046875,184.9829559326172,997.5283203125,299.85528564453125,191.728515625,114.87232971191406,22024.301262050867,901.6640625,242.41912841796875,1920,1080,820.6968383789062,211.90316772460938,922.7017211914062,220.08441162109375,102.0048828125,8.181243896484375,4.585559791144781,left,False,"{'safe_roi': (450, 80, 1500, 420), 'cylinder_roi': (800, 190, 1000, 300)}",ok_cylinder_inside_confirmed
2026-09-05 11:20:07,2026-09-05,1196434,228,52,105.23477172851562,,41.546875,0.7573239207267761,837.899658203125,183.512451171875,1021.124755859375,296.07012939453125,183.22509765625,112.55767822265625,20623.391584306955,929.51220703125,239.79129028320312,1920,1080,841.6897583007812,208.58889770507812,946.8510131835938,212.52175903320312,105.1612548828125,3.932861328125,2.141771597051678,left,False,"{'safe_roi': (450, 80, 1500, 420), 'cylinder_roi': (800, 190, 1000, 300)}",ok_cylinder_inside_confirmed
2026-09-05 11:20:12,2026-09-05,1196545,228,52,102.37481689453125,,43.0606689453125,0.7671070694923401,836.1664428710938,182.99655151367188,1021.8895874023438,296.16461181640625,185.72314453125,113.16806030273438,21017.928019925952,929.0280151367188,239.58058166503906,1920,1080,844.7528686523438,208.48519897460938,946.9989013671875,213.6186065673828,102.24603271484375,5.1334075927734375,2.8742027905356857,left,False,"{'safe_roi': (450, 80, 1500, 420), 'cylinder_roi': (800, 190, 1000, 300)}",ok_cylinder_inside_confirmed
2026-09-05 11:20:17,2026-09-05,1196653,228,52,91.26818084716797,,38.63218688964844,0.732873260974884,834.6968994140625,183.31246948242188,1015.416015625,295.713623046875,180.7191162109375,112.40115356445312,20313.037133257836,925.0564575195312,239.51304626464844,1920,1080,849.544189453125,204.0923309326172,940.5326538085938,211.23236083984375,90.98846435546875,7.1400299072265625,4.486908995301621,left,False,"{'safe_roi': (450, 80, 1500, 420), 'cylinder_roi': (800, 190, 1000, 300)}",ok_cylinder_inside_confirmed
2026-09-05 11:21:23,2026-09-05,1198149,228,53,104.02911376953125,,35.18864440917969,0.7632703185081482,837.9456176757812,185.16390991210938,1016.9556274414062,292.40594482421875,179.010009765625,107.24203491210938,19197.397716902196,927.4506225585938,238.78492736816406,1920,1080,843.6666870117188,208.11131286621094,947.0665283203125,219.53622436523438,103.39984130859375,11.424911499023438,6.30518029030975,left,False,"{'safe_roi': (450, 80, 1500, 420), 'cylinder_roi': (800, 190, 1000, 300)}",ok_cylinder_inside_confirmed
2026-09-05 11:21:28,2026-09-05,1198263,228,53,112.38618469238281,,37.398162841796875,0.7699247002601624,839.140869140625,185.76416015625,1019.356201171875,292.6020202636719,180.21533203125,106.83786010742188,19253.820432767272,929.24853515625,239.18309020996094,1920,1080,837.2598876953125,208.11279296875,949.248291015625,217.5601043701172,111.9884033203125,9.447311401367188,4.822039299894657,left,False,"{'safe_roi': (450, 80, 1500, 420), 'cylinder_roi': (800, 190, 1000, 300)}",ok_cylinder_inside_confirmed
2026-09-05 11:21:33,2026-09-05,1198374,228,53,109.12495422363281,,36.384552001953125,0.7582798004150391,837.7826538085938,184.14161682128906,1026.68359375,292.2770080566406,188.90093994140625,108.13539123535156,20426.877045289613,932.233154296875,238.20932006835938,1920,1080,841.1160888671875,207.29345703125,949.8450317382812,216.58180236816406,108.72894287109375,9.288345336914062,4.882729840000678,left,False,"{'safe_roi': (450, 80, 1500, 420), 'cylinder_roi': (800, 190, 1000, 300)}",ok_cylinder_inside_confirmed
2026-09-05 11:21:38,2026-09-05,1198486,228,53,103.64778900146484,,33.251190185546875,0.7725188732147217,838.4767456054688,185.98495483398438,1032.66845703125,292.2952880859375,194.19171142578125,106.31033325195312,20644.585556441918,935.5726318359375,239.14012145996094,1920,1080,847.2294311523438,206.6266326904297,950.5875854492188,214.36981201171875,103.358154296875,7.7431793212890625,4.284367282678532,left,False,"{'safe_roi': (450, 80, 1500, 420), 'cylinder_roi': (800, 190, 1000, 300)}",ok_cylinder_inside_confirmed
2026-09-05 11:21:43,2026-09-05,1198600,228,53,115.95210266113281,,33.754302978515625,0.7698037028312683,839.7843017578125,187.01583862304688,1027.011962890625,293.96209716796875,187.2276611328125,106.94625854492188,20023.297854270786,933.3981323242188,240.4889678955078,1920,1080,839.5079345703125,208.72015380859375,954.6552734375,222.35760498046875,115.1473388671875,13.637451171875,6.754350376821308,left,False,"{'safe_roi': (450, 80, 1500, 420), 'cylinder_roi': (800, 190, 1000, 300)}",ok_cylinder_inside_confirmed
2026-09-05 11:21:48,2026-09-05,1198713,228,53,113.00350189208984,,29.16900634765625,0.7871453762054443,827.994384765625,188.0259246826172,1019.091064453125,294.197509765625,191.0966796875,106.17158508300781,20289.037386521697,923.542724609375,241.11172485351562,1920,1080,836.9059448242188,213.07533264160156,948.9383544921875,227.85812377929688,112.03240966796875,14.782791137695312,7.51681222633996,left,False,"{'safe_roi': (450, 80, 1500, 420), 'cylinder_roi': (800, 190, 1000, 300)}",ok_cylinder_inside_confirmed
2026-09-05 11:21:58,2026-09-05,1198922,228,53,100.04590606689453,,31.050674438476562,0.8044689297676086,826.8721923828125,187.61854553222656,1022.7069091796875,294.6922912597656,195.834716796875,107.07374572753906,20968.756670933217,924.78955078125,241.15542602539062,1920,1080,854.2984008789062,212.2013397216797,953.6861572265625,223.65809631347656,99.38775634765625,11.456756591796875,6.575651573523303,left,False,"{'safe_roi': (450, 80, 1500, 420), 'cylinder_roi': (800, 190, 1000, 300)}",ok_cylinder_inside_confirmed
2026-09-05 11:34:38,2026-09-05,1216001,228,54,102.35354614257812,,29.67572021484375,0.7616515755653381,860.2662963867188,188.8292999267578,1029.4320068359375,307.8734130859375,169.16571044921875,119.04411315917969,20138.181977369823,944.84912109375,248.35134887695312,1920,1080,866.865966796875,202.48013305664062,967.89501953125,218.89288330078125,101.029052734375,16.412750244140625,9.227415954550178,left,False,"{'safe_roi': (450, 80, 1500, 420), 'cylinder_roi': (800, 190, 1000, 300)}",ok_cylinder_inside_confirmed
2026-09-05 11:34:49,2026-09-05,1216258,228,54,101.95417022705078,,33.57698059082031,0.780735969543457,867.8290405273438,187.19407653808594,1033.6060791015625,306.4399108886719,165.77703857421875,119.24583435058594,19768.221280951984,950.717529296875,246.81698608398438,1920,1080,871.416259765625,203.50775146484375,972.3602905273438,217.82400512695312,100.94403076171875,14.316253662109375,8.0720650364736,left,False,"{'safe_roi': (450, 80, 1500, 420), 'cylinder_roi': (800, 190, 1000, 300)}",ok_cylinder_inside_confirmed
2026-09-05 11:34:54,2026-09-05,1216372,228,54,104.22393798828125,,30.938095092773438,0.7862974405288696,870.52880859375,187.1267852783203,1033.0146484375,305.0939636230469,162.48583984375,117.96717834472656,19167.996047340333,951.771728515625,246.11038208007812,1920,1080,870.501953125,201.4260711669922,973.3338623046875,218.40335083007812,102.8319091796875,16.977279663085938,9.37481707528369,left,False,"{'safe_roi': (450, 80, 1500, 420), 'cylinder_roi': (800, 190, 1000, 300)}",ok_cylinder_inside_confirmed
2026-09-05 11:34:59,2026-09-05,1216484,228,54,101.07037353515625,,29.115982055664062,0.7801085710525513,869.2349243164062,187.5781707763672,1034.5966796875,304.61749267578125,165.36175537109375,117.03932189941406,19353.827716729604,951.915771484375,246.09783935546875,1920,1080,871.56787109375,201.57005310058594,971.2492065429688,218.2689208984375,99.68133544921875,16.698867797851562,9.51002664263289,left,False,"{'safe_roi': (450, 80, 1500, 420), 'cylinder_roi': (800, 190, 1000, 300)}",ok_cylinder_inside_confirmed
2026-09-05 11:35:08,2026-09-05,1216685,228,54,99.3410873413086,,27.694747924804688,0.7794925570487976,872.4423217773438,187.51889038085938,1033.68017578125,307.3247375488281,161.23785400390625,119.80584716796875,19317.23769448325,953.061279296875,247.42181396484375,1920,1080,874.695068359375,204.9632110595703,972.6708984375,221.37625122070312,97.975830078125,16.413040161132812,9.509960037409954,left,False,"{'safe_roi': (450, 80, 1500, 420), 'cylinder_roi': (800, 190, 1000, 300)}",ok_cylinder_inside_confirmed
2026-09-05 11:35:21,2026-09-05,1216959,228,54,102.42694854736328,,29.816558837890625,0.7807841300964355,872.2484130859375,186.8188018798828,1038.1627197265625,306.13018798828125,165.914306640625,119.31138610839844,19795.465900506824,955.20556640625,246.4744873046875,1920,1080,872.494873046875,202.38706970214844,973.2203369140625,220.97903442382812,100.7254638671875,18.591964721679688,10.457980748973064,left,False,"{'safe_roi': (450, 80, 1500, 420), 'cylinder_roi': (800, 190, 1000, 300)}",ok_cylinder_inside_confirmed
2026-09-05 11:35:26,2026-09-05,1217073,228,54,105.90109252929688,,29.680694580078125,0.7446672320365906,873.095703125,186.7479248046875,1040.3433837890625,305.2259521484375,167.2476806640625,118.47802734375,19815.175282895565,956.7195434570312,245.9869384765625,1920,1080,869.5091552734375,202.55862426757812,974.089111328125,219.23416137695312,104.5799560546875,16.675537109375,9.059688774670805,left,False,"{'safe_roi': (450, 80, 1500, 420), 'cylinder_roi': (800, 190, 1000, 300)}",ok_cylinder_inside_confirmed
2026-09-05 11:35:39,2026-09-05,1217348,228,54,109.32626342773438,,34.06529235839844,0.7632279396057129,870.251708984375,186.6951446533203,1046.2266845703125,306.0224609375,175.9749755859375,119.32731628417969,20998.621569843963,958.2391967773438,246.35879516601562,1920,1080,867.731201171875,203.7779083251953,976.0950927734375,218.25198364257812,108.3638916015625,14.474075317382812,7.6079195127083095,left,False,"{'safe_roi': (450, 80, 1500, 420), 'cylinder_roi': (800, 190, 1000, 300)}",ok_cylinder_inside_confirmed
2026-09-05 11:35:44,2026-09-05,1217465,228,54,110.21659851074219,,36.72657775878906,0.7812721133232117,867.5787353515625,186.123046875,1048.437744140625,305.24493408203125,180.8590087890625,119.12188720703125,21544.266445346177,958.0082397460938,245.68399047851562,1920,1080,868.7593994140625,205.85682678222656,978.2639770507812,218.3646697998047,109.50457763671875,12.507843017578125,6.516203991374551,left,False,"{'safe_roi': (450, 80, 1500, 420), 'cylinder_roi': (800, 190, 1000, 300)}",ok_cylinder_inside_confirmed
2026-09-05 11:36:43,2026-09-05,1218766,228,55,105.88970184326172,,33.57966613769531,0.7841768264770508,869.5210571289062,188.5621337890625,1036.1597900390625,307.218017578125,166.63873291015625,118.6558837890625,19772.666126944125,952.8404541015625,247.89007568359375,1920,1080,867.6752319335938,203.45162963867188,971.9304809570312,221.984619140625,104.2552490234375,18.532989501953125,10.079917688157884,left,False,"{'safe_roi': (450, 80, 1500, 420), 'cylinder_roi': (800, 190, 1000, 300)}",ok_cylinder_inside_confirmed
2026-09-05 11:36:48,2026-09-05,1218878,228,55,102.81587982177734,,33.17549133300781,0.7606015205383301,869.42138671875,188.2474365234375,1034.41259765625,307.2291564941406,164.9912109375,118.98171997070312,19630.938057392836,951.9169921875,247.73829650878906,1920,1080,865.4371337890625,203.67283630371094,967.120849609375,218.8888702392578,101.6837158203125,15.216033935546875,8.510637526706743,left,False,"{'safe_roi': (450, 80, 1500, 420), 'cylinder_roi': (800, 190, 1000, 300)}",ok_cylinder_inside_confirmed
2026-09-05 11:37:16,2026-09-05,1219521,228,56,105.27301788330078,,30.8695068359375,0.7441121339797974,865.1327514648438,189.41085815429688,1035.636962890625,308.8863525390625,170.50421142578125,119.47549438476562,20371.07495477982,950.3848876953125,249.1486053466797,1920,1080,863.8098754882812,205.21255493164062,968.0328979492188,220.04393005371094,104.2230224609375,14.831375122070312,8.099052982013886,left,False,"{'safe_roi': (450, 80, 1500, 420), 'cylinder_roi': (800, 190, 1000, 300)}",ok_cylinder_inside_confirmed
2026-09-05 11:37:23,2026-09-05,1219671,228,56,105.85213470458984,,31.518264770507812,0.7709542512893677,865.3041381835938,189.57501220703125,1036.547607421875,309.2867126464844,171.24346923828125,119.71170043945312,20499.84689166583,950.9259033203125,249.4308624267578,1920,1080,864.5463256835938,205.30453491210938,969.4055786132812,219.76870727539062,104.8592529296875,14.46417236328125,7.853756813796011,left,False,"{'safe_roi': (450, 80, 1500, 420), 'cylinder_roi': (800, 190, 1000, 300)}",ok_cylinder_inside_confirmed
2026-09-05 11:37:28,2026-09-05,1219785,228,56,100.49784851074219,,29.734512329101562,0.789541482925415,860.8225708007812,188.85479736328125,1037.6630859375,308.7955627441406,176.84051513671875,119.94076538085938,21210.386735843495,949.2427978515625,248.82518005371094,1920,1080,866.695556640625,208.9589080810547,965.5590209960938,227.00973510742188,98.86346435546875,18.050827026367188,10.347281275466884,left,False,"{'safe_roi': (450, 80, 1500, 420), 'cylinder_roi': (800, 190, 1000, 300)}",ok_cylinder_inside_confirmed
2026-09-05 11:37:34,2026-09-05,1219933,228,56,100.73793029785156,,26.021759033203125,0.775054395198822,866.7132568359375,188.76173400878906,1033.126708984375,308.145263671875,166.4134521484375,119.38352966308594,19867.02530089952,949.9199829101562,248.4534912109375,1920,1080,867.115234375,203.3751220703125,965.8786010742188,223.22274780273438,98.76336669921875,19.847625732421875,11.362888929372353,left,False,"{'safe_roi': (450, 80, 1500, 420), 'cylinder_roi': (800, 190, 1000, 300)}",ok_cylinder_inside_confirmed
2026-09-05 11:37:43,2026-09-05,1220130,228,56,101.25554656982422,,29.9107666015625,0.7836111187934875,861.7737426757812,189.25115966796875,1036.2037353515625,306.54083251953125,174.42999267578125,117.2896728515625,20458.836776442826,948.98876953125,247.89599609375,1920,1080,864.8200073242188,209.54437255859375,965.19775390625,222.8482666015625,100.37774658203125,13.30389404296875,7.549881294227401,left,False,"{'safe_roi': (450, 80, 1500, 420), 'cylinder_roi': (800, 190, 1000, 300)}",ok_cylinder_inside_confirmed
2026-09-05 11:38:00,2026-09-05,1220518,228,56,92.45796203613281,,29.36328125,0.786644458770752,859.8045043945312,188.39666748046875,1038.7664794921875,308.14276123046875,178.96197509765625,119.74609375,21429.99744772911,949.2855224609375,248.26971435546875,1920,1080,872.84521484375,211.954833984375,964.6524658203125,222.90489196777344,91.8072509765625,10.950057983398438,6.80166515534976,left,False,"{'safe_roi': (450, 80, 1500, 420), 'cylinder_roi': (800, 190, 1000, 300)}",ok_cylinder_inside_confirmed
2026-09-05 11:38:05,2026-09-05,1220649,228,56,102.4736557006836,,28.333358764648438,0.767259955406189,866.6744384765625,189.51255798339844,1036.6763916015625,308.9547119140625,170.001953125,119.44215393066406,20305.399453669786,951.6754150390625,249.233642578125,1920,1080,866.0096435546875,207.00759887695312,967.54638671875,220.83294677734375,101.5367431640625,13.825347900390625,7.75376934365605,left,False,"{'safe_roi': (450, 80, 1500, 420), 'cylinder_roi': (800, 190, 1000, 300)}",ok_cylinder_inside_confirmed
2026-09-05 11:38:18,2026-09-05,1220932,228,56,105.52220916748047,,28.889739990234375,0.7070567607879639,865.36572265625,188.59133911132812,1039.9566650390625,305.79827880859375,174.5909423828125,117.20693969726562,20463.270055551082,952.6611938476562,247.19480895996094,1920,1080,866.6174926757812,205.54800415039062,971.181396484375,219.7369842529297,104.56390380859375,14.188980102539062,7.7276494671816796,left,False,"{'safe_roi': (450, 80, 1500, 420), 'cylinder_roi': (800, 190, 1000, 300)}",ok_cylinder_inside_confirmed
2026-09-05 11:38:23,2026-09-05,1221039,228,56,105.06758117675781,,26.666030883789062,0.7344002723693848,866.8651123046875,189.25680541992188,1038.6038818359375,308.6207580566406,171.73876953125,119.36395263671875,20499.418352216482,952.7344970703125,248.93878173828125,1920,1080,867.1845703125,203.1278839111328,970.6953125,221.14793395996094,103.5107421875,18.020050048828125,9.875575296974711,left,False,"{'safe_roi': (450, 80, 1500, 420), 'cylinder_roi': (800, 190, 1000, 300)}",ok_cylinder_inside_confirmed
2026-09-05 11:38:29,2026-09-05,1221151,228,56,103.23727416992188,,30.798202514648438,0.7811089158058167,867.7938232421875,189.02976989746094,1038.91748046875,308.2603454589844,171.1236572265625,119.23057556152344,20403.172143315896,953.3556518554688,248.64505004882812,1920,1080,867.9266357421875,205.97830200195312,969.728759765625,223.13238525390625,101.8021240234375,17.154083251953125,9.564727792565726,left,False,"{'safe_roi': (450, 80, 1500, 420), 'cylinder_roi': (800, 190, 1000, 300)}",ok_cylinder_inside_confirmed
2026-09-05 11:38:34,2026-09-05,1221284,228,56,101.51890563964844,,26.070144653320312,0.7741586565971375,866.3010864257812,188.4434814453125,1036.741455078125,306.4857177734375,170.44036865234375,118.042236328125,20119.16227631271,951.521240234375,247.464599609375,1920,1080,868.245849609375,205.70477294921875,968.1309814453125,223.84445190429688,99.8851318359375,18.139678955078125,10.29304445156227,left,False,"{'safe_roi': (450, 80, 1500, 420), 'cylinder_roi': (800, 190, 1000, 300)}",ok_cylinder_inside_confirmed
2026-09-05 11:38:39,2026-09-05,1221396,228,56,102.8965835571289,,26.835708618164062,0.7640476822853088,863.3663330078125,188.8748016357422,1037.0068359375,307.53521728515625,173.6405029296875,118.66041564941406,20604.25425121002,950.1865844726562,248.20501708984375,1920,1080,865.2369384765625,209.97727966308594,966.885498046875,225.95468139648438,101.6485595703125,15.977401733398438,8.932821580459258,left,False,"{'safe_roi': (450, 80, 1500, 420), 'cylinder_roi': (800, 190, 1000, 300)}",ok_cylinder_inside_confirmed
2026-09-05 11:38:44,2026-09-05,1221509,228,56,99.8878173828125,,19.04742431640625,0.7805261611938477,865.2435913085938,189.91754150390625,1034.449951171875,309.8271789550781,169.20635986328125,119.90963745117188,20289.473265638575,949.8468017578125,249.8723602294922,1920,1080,865.4508056640625,206.3387451171875,963.08203125,227.45083618164062,97.6312255859375,21.112091064453125,12.201947085678615,left,False,"{'safe_roi': (450, 80, 1500, 420), 'cylinder_roi': (800, 190, 1000, 300)}",ok_cylinder_inside_confirmed
2026-09-05 11:38:51,2026-09-05,1221658,228,56,99.16180419921875,,18.541290283203125,0.7621232271194458,865.6561889648438,190.86839294433594,1034.6859130859375,310.649169921875,169.02972412109375,119.78077697753906,20246.511687523685,950.1710205078125,250.7587890625,1920,1080,865.441162109375,207.15963745117188,962.74169921875,226.2821044921875,97.300537109375,19.122467041015625,11.118631696839488,left,False,"{'safe_roi': (450, 80, 1500, 420), 'cylinder_roi': (800, 190, 1000, 300)}",ok_cylinder_inside_confirmed
2026-09-05 11:38:56,2026-09-05,1221769,228,56,101.38365936279297,,28.47503662109375,0.7664408683776855,864.8988037109375,188.9465789794922,1035.0638427734375,305.7984313964844,170.1650390625,116.85185241699219,19884.10003106296,949.9813232421875,247.37249755859375,1920,1080,863.535888671875,210.1595001220703,964.149169921875,222.63406372070312,100.61328125,12.474563598632812,7.067763232019575,left,False,"{'safe_roi': (450, 80, 1500, 420), 'cylinder_roi': (800, 190, 1000, 300)}",ok_cylinder_inside_confirmed
2026-09-05 11:39:39,2026-09-05,1222735,228,57,104.87918090820312,,34.09599304199219,0.7385637760162354,865.8560791015625,187.76394653320312,1050.811279296875,306.1643371582031,184.9552001953125,118.400390625,21898.767951250076,958.3336791992188,246.96414184570312,1920,1080,869.0030517578125,216.42721557617188,973.8817749023438,216.7369842529297,104.87872314453125,0.3097686767578125,0.16922771045528381,left,False,"{'safe_roi': (450, 80, 1500, 420), 'cylinder_roi': (800, 190, 1000, 300)}",ok_cylinder_inside_confirmed
2026-09-05 11:39:46,2026-09-05,1222869,228,57,87.97282409667969,,24.153915405273438,0.7779871821403503,865.3311767578125,186.6072540283203,1032.6824951171875,296.9199523925781,167.351318359375,110.31269836425781,18460.975503038615,949.0068359375,241.76361083984375,1920,1080,861.88525390625,242.25840759277344,947.6234130859375,222.55596923828125,85.7381591796875,19.702438354492188,12.941759616843399,left,False,"{'safe_roi': (450, 80, 1500, 420), 'cylinder_roi': (800, 190, 1000, 300)}",ok_cylinder_inside_confirmed
2026-09-05 11:40:04,2026-09-05,1223275,228,57,94.01238250732422,,22.144485473632812,0.7730017304420471,882.423828125,184.9847412109375,1056.5303955078125,304.3939208984375,174.1065673828125,119.4091796875,20789.922389388084,969.4771118164062,244.6893310546875,1920,1080,891.2392578125,205.97933959960938,984.8546752929688,214.60958862304688,93.61541748046875,8.6302490234375,5.267114721628415,left,False,"{'safe_roi': (450, 80, 1500, 420), 'cylinder_roi': (800, 190, 1000, 300)}",ok_cylinder_inside_confirmed
2026-09-05 11:46:51,2026-09-05,1232424,228,58,109.5173568725586,,40.75660705566406,0.6831784248352051,827.2451782226562,177.00949096679688,1004.0488891601562,294.6098327636719,176.8037109375,117.600341796875,20792.176837205887,915.6470336914062,235.80966186523438,1920,1080,827.5130615234375,196.60557556152344,936.1676025390625,210.32568359375,108.654541015625,13.720108032226562,7.196806549173383,left,False,"{'safe_roi': (450, 80, 1500, 420), 'cylinder_roi': (800, 190, 1000, 300)}",ok_cylinder_inside_confirmed
2026-09-05 11:46:56,2026-09-05,1232535,228,58,105.75833892822266,,35.235260009765625,0.7024527192115784,825.5479736328125,177.27740478515625,1002.981689453125,294.8233947753906,177.4337158203125,117.54598999023438,20856.621783744544,914.2648315429688,236.05039978027344,1920,1080,830.9741821289062,196.656005859375,935.9130859375,209.79571533203125,104.93890380859375,13.13970947265625,7.137029329710853,left,False,"{'safe_roi': (450, 80, 1500, 420), 'cylinder_roi': (800, 190, 1000, 300)}",ok_cylinder_inside_confirmed
2026-09-05 11:47:01,2026-09-05,1232650,228,58,112.618408203125,,39.07835388183594,0.5655759572982788,824.389892578125,177.0605926513672,1000.8892822265625,293.3656005859375,176.4993896484375,116.30500793457031,20527.76291350834,912.6395874023438,235.21310424804688,1920,1080,827.5757446289062,196.72561645507812,939.1951904296875,211.69244384765625,111.61944580078125,14.966827392578125,7.637122674258768,left,False,"{'safe_roi': (450, 80, 1500, 420), 'cylinder_roi': (800, 190, 1000, 300)}",ok_cylinder_inside_confirmed
2026-09-05 11:47:06,2026-09-05,1232766,228,58,108.40200805664062,,38.70045471191406,0.439919114112854,822.619384765625,178.0849151611328,995.787353515625,293.88214111328125,173.16796875,115.79722595214844,20052.37040501833,909.203369140625,235.9835205078125,1920,1080,826.6861572265625,197.39268493652344,934.0909423828125,212.06265258789062,107.40478515625,14.669967651367188,7.777661862607952,left,False,"{'safe_roi': (450, 80, 1500, 420), 'cylinder_roi': (800, 190, 1000, 300)}",ok_cylinder_inside_confirmed
2026-09-05 11:47:11,2026-09-05,1232882,228,58,100.29875183105469,,32.255950927734375,0.7278349995613098,814.490478515625,178.43341064453125,987.415283203125,294.1697998046875,172.9248046875,115.73638916015625,20013.69249075651,900.952880859375,236.30160522460938,1920,1080,829.8613891601562,194.95407104492188,927.7027587890625,217.02003479003906,97.84136962890625,22.065963745117188,12.709172086899994,left,False,"{'safe_roi': (450, 80, 1500, 420), 'cylinder_roi': (800, 190, 1000, 300)}",ok_cylinder_inside_confirmed
2026-09-05 11:47:18,2026-09-05,1233042,228,58,88.41082000732422,,39.30815124511719,0.7482885718345642,818.674072265625,179.2550048828125,986.5018310546875,296.04962158203125,167.8277587890625,116.79461669921875,19601.378759257495,902.5879516601562,237.65231323242188,1920,1080,832.3128051757812,201.8435821533203,919.88818359375,213.96902465820312,87.57537841796875,12.125442504882812,7.882895943507341,left,False,"{'safe_roi': (450, 80, 1500, 420), 'cylinder_roi': (800, 190, 1000, 300)}",ok_cylinder_inside_confirmed
2026-09-05 11:47:23,2026-09-05,1233156,228,58,101.43492126464844,,38.36103820800781,0.7408531308174133,814.8978271484375,178.42059326171875,988.2740478515625,294.68292236328125,173.376220703125,116.2623291015625,20157.123229771852,901.5859375,236.5517578125,1920,1080,826.8340454101562,202.37002563476562,927.422119140625,215.44985961914062,100.58807373046875,13.079833984375,7.40880786353148,left,False,"{'safe_roi': (450, 80, 1500, 420), 'cylinder_roi': (800, 190, 1000, 300)}",ok_cylinder_inside_confirmed
2026-09-05 11:47:28,2026-09-05,1233268,228,58,103.7343978881836,,37.67279052734375,0.7529578804969788,813.5986938476562,177.73699951171875,988.9129028320312,295.33203125,175.314208984375,117.59503173828125,20616.07996968925,901.2557983398438,236.53451538085938,1920,1080,827.1083984375,203.76869201660156,929.7822265625,218.56431579589844,102.673828125,14.795623779296875,8.200054191053118,left,False,"{'safe_roi': (450, 80, 1500, 420), 'cylinder_roi': (800, 190, 1000, 300)}",ok_cylinder_inside_confirmed
2026-09-05 11:47:33,2026-09-05,1233379,228,58,103.28695678710938,,39.55455017089844,0.7407547831535339,816.7266235351562,177.7969970703125,995.2484741210938,295.64697265625,178.5218505859375,117.8499755859375,21038.795733109117,905.987548828125,236.72198486328125,1920,1080,827.2957153320312,201.83372497558594,929.6197509765625,215.90452575683594,102.32403564453125,14.07080078125,7.829761187929252,left,False,"{'safe_roi': (450, 80, 1500, 420), 'cylinder_roi': (800, 190, 1000, 300)}",ok_cylinder_inside_confirmed
2026-09-05 11:47:38,2026-09-05,1233492,228,58,101.64408874511719,,37.62550354003906,0.7433537840843201,812.4842529296875,176.8085174560547,990.91357421875,296.473388671875,178.4293212890625,119.66487121582031,21351.72175318189,901.6989135742188,236.64096069335938,1920,1080,826.8017578125,201.16209411621094,927.3954467773438,215.7371063232422,100.59368896484375,14.57501220703125,8.244210257901983,left,False,"{'safe_roi': (450, 80, 1500, 420), 'cylinder_roi': (800, 190, 1000, 300)}",ok_cylinder_inside_confirmed
2026-09-05 11:47:43,2026-09-05,1233601,228,58,107.50745391845703,,34.077667236328125,0.7274703979492188,811.6796264648438,179.03623962402344,992.6969604492188,296.6839904785156,181.017333984375,117.64775085449219,21296.28220893815,902.1882934570312,237.860107421875,1920,1080,824.96484375,203.86700439453125,931.259033203125,219.97283935546875,106.294189453125,16.1058349609375,8.61599318868289,left,False,"{'safe_roi': (450, 80, 1500, 420), 'cylinder_roi': (800, 190, 1000, 300)}",ok_cylinder_inside_confirmed
2026-09-05 11:47:48,2026-09-05,1233715,228,58,106.42372131347656,,37.772735595703125,0.7411664128303528,811.3479614257812,178.82022094726562,990.2145385742188,294.9040222167969,178.8665771484375,116.08380126953125,20763.5121954605,900.78125,236.86212158203125,1920,1080,822.3858642578125,202.9095001220703,928.090087890625,215.26364135742188,105.7042236328125,12.354141235351562,6.66617975840413,left,False,"{'safe_roi': (450, 80, 1500, 420), 'cylinder_roi': (800, 190, 1000, 300)}",ok_cylinder_inside_confirmed
2026-09-05 11:47:53,2026-09-05,1233828,228,58,106.70914459228516,,36.94929504394531,0.7318436503410339,809.2762451171875,176.7035675048828,992.1561279296875,293.4671936035156,182.8798828125,116.76362609863281,21353.718257680535,900.7161865234375,235.08538818359375,1920,1080,822.273681640625,203.4317169189453,928.1718139648438,216.56289672851562,105.89813232421875,13.131179809570312,7.068494621628805,left,False,"{'safe_roi': (450, 80, 1500, 420), 'cylinder_roi': (800, 190, 1000, 300)}",ok_cylinder_inside_confirmed
2026-09-05 11:47:58,2026-09-05,1233944,228,58,102.98539733886719,,34.38569641113281,0.7564584016799927,807.7531127929688,177.24282836914062,993.9356079101562,296.3577575683594,186.1824951171875,119.11492919921875,22177.11472401768,900.8443603515625,236.80029296875,1920,1080,823.699951171875,202.5592498779297,925.863525390625,215.54368591308594,102.16357421875,12.98443603515625,7.243149716474192,left,False,"{'safe_roi': (450, 80, 1500, 420), 'cylinder_roi': (800, 190, 1000, 300)}",ok_cylinder_inside_confirmed
2026-09-05 11:48:04,2026-09-05,1234054,228,58,104.61318969726562,,36.97267150878906,0.7318987250328064,810.6694946289062,177.9900665283203,991.8761596679688,293.48187255859375,181.2066650390625,115.49180603027344,20927.885010084137,901.2728271484375,235.7359619140625,1920,1080,823.8711547851562,201.41220092773438,927.660888671875,214.51223754882812,103.78973388671875,13.10003662109375,7.193666471351984,left,False,"{'safe_roi': (450, 80, 1500, 420), 'cylinder_roi': (800, 190, 1000, 300)}",ok_cylinder_inside_confirmed
2026-09-05 11:48:14,2026-09-05,1234303,228,58,101.47850799560547,,37.652435302734375,0.7567325830459595,808.0147705078125,176.67987060546875,993.5538330078125,295.6683654785156,185.5390625,118.98849487304688,22077.013787031174,900.7843017578125,236.1741180419922,1920,1080,822.96142578125,203.19781494140625,923.6453857421875,215.8717041015625,100.6839599609375,12.67388916015625,7.174539187105124,left,False,"{'safe_roi': (450, 80, 1500, 420), 'cylinder_roi': (800, 190, 1000, 300)}",ok_cylinder_inside_confirmed
2026-09-05 11:48:23,2026-09-05,1234492,228,58,101.35269165039062,,39.051788330078125,0.7540690302848816,807.6585083007812,177.41207885742188,992.5348510742188,295.9168701171875,184.8763427734375,118.50479125976562,21908.73240923509,900.0966796875,236.6644744873047,1920,1080,822.7910766601562,204.47511291503906,923.42041015625,216.56251525878906,100.62933349609375,12.08740234375,6.849442772095053,left,False,"{'safe_roi': (450, 80, 1500, 420), 'cylinder_roi': (800, 190, 1000, 300)}",ok_cylinder_inside_confirmed
2026-09-05 11:59:12,2026-09-05,1249049,228,59,98.7122573852539,,27.48175048828125,0.7792104482650757,850.1793212890625,189.22686767578125,1034.6329345703125,300.7656555175781,184.45361328125,111.53878784179688,20573.73243843019,942.4061279296875,244.9962615966797,1920,1080,853.4807739257812,244.9108428955078,949.8463745117188,223.5150146484375,96.3656005859375,21.395828247070312,12.518183955277703,left,False,"{'safe_roi': (450, 80, 1500, 420), 'cylinder_roi': (800, 190, 1000, 300)}",ok_cylinder_inside_confirmed
2026-09-05 12:02:21,2026-09-05,1253311,228,60,104.09567260742188,,31.247940063476562,0.5864976644515991,824.2018432617188,184.48382568359375,1008.0653686523438,292.9317626953125,183.863525390625,108.44793701171875,19939.62002031505,916.1336059570312,238.70779418945312,1920,1080,831.7197875976562,208.61477661132812,935.5386352539062,216.20135498046875,103.81884765625,7.586578369140625,4.179469099803852,left,False,"{'safe_roi': (450, 80, 1500, 420), 'cylinder_roi': (800, 190, 1000, 300)}",ok_cylinder_inside_confirmed
2026-09-05 12:07:50,2026-09-05,1260709,228,61,99.1866455078125,,26.017318725585938,0.775809109210968,854.1467895507812,187.2598876953125,1030.833251953125,298.0771484375,176.68646240234375,110.8172607421875,19579.909773655236,942.489990234375,242.66851806640625,1920,1080,859.3020629882812,206.51495361328125,957.60009765625,219.76211547851562,98.29803466796875,13.247161865234375,7.675239433164444,left,False,"{'safe_roi': (450, 80, 1500, 420), 'cylinder_roi': (800, 190, 1000, 300)}",ok_cylinder_inside_confirmed
2026-09-05 12:07:55,2026-09-05,1260822,228,61,95.861328125,,28.650848388671875,0.7813437581062317,860.537353515625,184.31434631347656,1031.35302734375,298.2173767089844,170.815673828125,113.90303039550781,19456.42288807407,945.9451904296875,241.265869140625,1920,1080,861.423095703125,201.04705810546875,956.2416381835938,215.1480712890625,94.81854248046875,14.10101318359375,8.45879064141133,left,False,"{'safe_roi': (450, 80, 1500, 420), 'cylinder_roi': (800, 190, 1000, 300)}",ok_cylinder_inside_confirmed
2026-09-05 12:08:00,2026-09-05,1260936,228,61,97.26957702636719,,28.611328125,0.775216817855835,858.9519653320312,184.1116943359375,1029.35693359375,297.032958984375,170.40496826171875,112.9212646484375,19242.344518490136,944.1544189453125,240.57232666015625,1920,1080,861.726806640625,201.9921112060547,958.0509033203125,215.5212860107422,96.3240966796875,13.5291748046875,7.995161953978038,left,False,"{'safe_roi': (450, 80, 1500, 420), 'cylinder_roi': (800, 190, 1000, 300)}",ok_cylinder_inside_confirmed
2026-09-05 12:08:05,2026-09-05,1261044,228,61,92.44537353515625,,29.66949462890625,0.7741631865501404,858.1941528320312,184.9302978515625,1026.4803466796875,298.783935546875,168.28619384765625,113.8536376953125,19159.995343454182,942.3372802734375,241.85711669921875,1920,1080,863.3259887695312,199.1910400390625,954.77880859375,212.70135498046875,91.45281982421875,13.51031494140625,8.403517802693225,left,False,"{'safe_roi': (450, 80, 1500, 420), 'cylinder_roi': (800, 190, 1000, 300)}",ok_cylinder_inside_confirmed
2026-09-05 12:08:10,2026-09-05,1261168,228,61,87.77729034423828,,32.78666687011719,0.7780793905258179,857.6336059570312,184.1324462890625,1022.9776000976562,296.4149475097656,165.343994140625,112.28250122070312,18565.237223930657,940.3056030273438,240.27369689941406,1920,1080,868.6318359375,195.7113494873047,954.9175415039062,211.82437133789062,86.28570556640625,16.113021850585938,10.577602311141586,left,False,"{'safe_roi': (450, 80, 1500, 420), 'cylinder_roi': (800, 190, 1000, 300)}",ok_cylinder_inside_confirmed
2026-09-05 12:08:15,2026-09-05,1261282,228,61,94.76255798339844,,27.86334228515625,0.7720694541931152,858.4049072265625,184.05752563476562,1024.6785888671875,297.5426940917969,166.273681640625,113.48516845703125,18869.596770957112,941.541748046875,240.80010986328125,1920,1080,866.3770751953125,193.72830200195312,959.0894775390625,213.33322143554688,92.71240234375,19.60491943359375,11.939847438673272,left,False,"{'safe_roi': (450, 80, 1500, 420), 'cylinder_roi': (800, 190, 1000, 300)}",ok_cylinder_inside_confirmed
2026-09-05 12:08:20,2026-09-05,1261389,228,61,95.09736633300781,,28.670761108398438,0.746177613735199,859.0289306640625,184.1016082763672,1025.905517578125,297.63323974609375,166.8765869140625,113.53163146972656,18945.771166453138,942.4672241210938,240.867431640625,1920,1080,865.8414306640625,192.44015502929688,958.9547119140625,211.76437377929688,93.11328125,19.32421875,11.724416349831339,left,False,"{'safe_roi': (450, 80, 1500, 420), 'cylinder_roi': (800, 190, 1000, 300)}",ok_cylinder_inside_confirmed
2026-09-05 12:08:26,2026-09-05,1261504,228,61,95.40371704101562,,26.217254638671875,0.7664459347724915,857.5858154296875,184.58778381347656,1024.340087890625,298.2331848144531,166.7542724609375,113.64540100097656,18950.856162449345,940.9629516601562,241.41049194335938,1920,1080,866.3719482421875,191.64453125,959.565185546875,212.0624237060547,93.1932373046875,20.417892456054688,12.357786088814848,left,False,"{'safe_roi': (450, 80, 1500, 420), 'cylinder_roi': (800, 190, 1000, 300)}",ok_cylinder_inside_confirmed
2026-09-05 12:08:31,2026-09-05,1261620,228,61,97.1891860961914,,23.697021484375,0.7785444259643555,857.4490356445312,186.31991577148438,1024.043212890625,297.4912109375,166.59417724609375,111.17129516601562,18520.490451565012,940.74609375,241.9055633544922,1920,1080,864.2210693359375,190.57655334472656,959.0090942382812,212.04673767089844,94.78802490234375,21.470184326171875,12.762560157864424,left,False,"{'safe_roi': (450, 80, 1500, 420), 'cylinder_roi': (800, 190, 1000, 300)}",ok_cylinder_inside_confirmed
2026-09-05 12:08:37,2026-09-05,1261766,228,61,98.21636962890625,,24.93109130859375,0.6969636082649231,855.6682739257812,184.30958557128906,1023.2401733398438,299.8060302734375,167.5718994140625,115.49644470214844,19353.95861431025,939.4542236328125,242.05780029296875,1920,1080,864.9376220703125,195.13958740234375,960.4795532226562,217.90347290039062,95.54193115234375,22.763885498046875,13.40146801302618,left,False,"{'safe_roi': (450, 80, 1500, 420), 'cylinder_roi': (800, 190, 1000, 300)}",ok_cylinder_inside_confirmed
2026-09-05 12:08:42,2026-09-05,1261881,228,61,100.9776840209961,,29.62322998046875,0.7753636837005615,855.2315063476562,186.19879150390625,1023.1111450195312,299.80462646484375,167.879638671875,113.6058349609375,19072.106524258852,939.1713256835938,243.001708984375,1920,1080,861.1497802734375,194.14749145507812,960.0196533203125,214.671630859375,98.869873046875,20.524139404296875,11.72732156066899,left,False,"{'safe_roi': (450, 80, 1500, 420), 'cylinder_roi': (800, 190, 1000, 300)}",ok_cylinder_inside_confirmed
2026-09-05 12:08:48,2026-09-05,1261992,228,61,95.18452453613281,,29.577224731445312,0.7756147384643555,850.5104370117188,184.57916259765625,1026.6337890625,302.302001953125,176.12335205078125,117.72283935546875,20733.74108022079,938.5721435546875,243.44058227539062,1920,1080,863.1572265625,196.41712951660156,956.8859252929688,213.00100708007812,93.72869873046875,16.583877563476562,10.033777183375896,left,False,"{'safe_roi': (450, 80, 1500, 420), 'cylinder_roi': (800, 190, 1000, 300)}",ok_cylinder_inside_confirmed
2026-09-05 12:08:56,2026-09-05,1262174,228,61,96.48229217529297,,26.354721069335938,0.7730032205581665,855.9204711914062,186.0449981689453,1022.8716430664062,299.76910400390625,166.951171875,113.72410583496094,18986.372739583254,939.3960571289062,242.90704345703125,1920,1080,864.7412109375,192.21177673339844,959.6112060546875,209.77642822265625,94.8699951171875,17.564651489257812,10.489219505876273,left,False,"{'safe_roi': (450, 80, 1500, 420), 'cylinder_roi': (800, 190, 1000, 300)}",ok_cylinder_inside_confirmed
2026-09-05 12:09:01,2026-09-05,1262292,228,61,98.34485626220703,,23.312957763671875,0.779045045375824,858.245849609375,185.6962432861328,1023.26123046875,298.2824401855469,165.015380859375,112.58619689941406,18578.454160865396,940.7535400390625,241.98934936523438,1920,1080,863.955322265625,193.35980224609375,960.1461181640625,213.83030700683594,96.1907958984375,20.470504760742188,12.013973153624029,left,False,"{'safe_roi': (450, 80, 1500, 420), 'cylinder_roi': (800, 190, 1000, 300)}",ok_cylinder_inside_confirmed
2026-09-05 12:09:06,2026-09-05,1262404,228,61,100.2190170288086,,26.296035766601562,0.755023717880249,855.4586181640625,184.8768768310547,1020.996337890625,297.5079650878906,165.5377197265625,112.63108825683594,18644.693520357832,938.2274780273438,241.19241333007812,1920,1080,863.60986328125,195.06390380859375,961.5960083007812,216.10116577148438,97.98614501953125,21.037261962890625,12.117246754565445,left,False,"{'safe_roi': (450, 80, 1500, 420), 'cylinder_roi': (800, 190, 1000, 300)}",ok_cylinder_inside_confirmed
2026-09-05 12:09:11,2026-09-05,1262524,228,61,99.34184265136719,,29.708419799804688,0.7669270038604736,856.5555419921875,186.2989501953125,1023.890625,299.6346130371094,167.3350830078125,113.33566284179688,18965.03254937753,940.2230834960938,242.96678161621094,1920,1080,862.1558837890625,195.5404052734375,959.5651245117188,215.0402069091797,97.40924072265625,19.499801635742188,11.320086134817892,left,False,"{'safe_roi': (450, 80, 1500, 420), 'cylinder_roi': (800, 190, 1000, 300)}",ok_cylinder_inside_confirmed
2026-09-05 12:09:16,2026-09-05,1262634,228,61,97.96163177490234,,31.752166748046875,0.759763777256012,857.4017333984375,186.09722900390625,1023.763916015625,300.8101806640625,166.3621826171875,114.71295166015625,19083.897012643516,940.5828247070312,243.45370483398438,1920,1080,862.5036010742188,198.52320861816406,959.164794921875,214.4321746826172,96.66119384765625,15.908966064453125,9.34622646153324,left,False,"{'safe_roi': (450, 80, 1500, 420), 'cylinder_roi': (800, 190, 1000, 300)}",ok_cylinder_inside_confirmed
2026-09-05 12:09:21,2026-09-05,1262749,228,61,98.44574737548828,,33.77165222167969,0.768537163734436,855.6602172851562,184.11854553222656,1025.291259765625,300.8316650390625,169.63104248046875,116.71311950683594,19798.168133092113,940.4757080078125,242.47509765625,1920,1080,863.1434936523438,196.3376007080078,960.1348876953125,213.1968536376953,96.99139404296875,16.8592529296875,9.860752106548789,left,False,"{'safe_roi': (450, 80, 1500, 420), 'cylinder_roi': (800, 190, 1000, 300)}",ok_cylinder_inside_confirmed
2026-09-05 12:09:26,2026-09-05,1262861,228,61,93.03751373291016,,38.270843505859375,0.7871059775352478,842.0010375976562,182.3489990234375,1012.8030395507812,298.02374267578125,170.802001953125,115.67474365234375,19757.47779123485,927.4020385742188,240.18637084960938,1920,1080,860.3842163085938,194.67767333984375,951.2373046875,214.72000122070312,90.85308837890625,20.042327880859375,12.440286946267063,left,False,"{'safe_roi': (450, 80, 1500, 420), 'cylinder_roi': (800, 190, 1000, 300)}",ok_cylinder_inside_confirmed
2026-09-05 12:39:33,2026-09-05,1304544,228,62,102.98236083984375,,41.220947265625,0.7288361191749573,825.5272216796875,189.78514099121094,1004.0823974609375,297.44873046875,178.55517578125,107.66358947753906,19223.891144402325,914.8048095703125,243.616943359375,1920,1080,838.114990234375,236.46682739257812,940.892578125,229.97576904296875,102.777587890625,6.491058349609375,3.6137931723374703,left,False,"{'safe_roi': (450, 80, 1500, 420), 'cylinder_roi': (800, 190, 1000, 300)}",ok_cylinder_inside_confirmed
2026-09-05 12:52:23,2026-09-05,1323520,228,63,106.71124267578125,,31.113418579101562,0.7789043188095093,860.1732788085938,187.86749267578125,1039.55419921875,302.2218933105469,179.38092041015625,114.35440063476562,20512.997638816014,949.86376953125,245.04469299316406,1920,1080,860.2640991210938,210.94186401367188,966.3089599609375,222.848876953125,106.04486083984375,11.907012939453125,6.406496811720301,left,False,"{'safe_roi': (450, 80, 1500, 420), 'cylinder_roi': (800, 190, 1000, 300)}",ok_cylinder_inside_confirmed
2026-09-05 12:52:34,2026-09-05,1323794,228,63,97.82636260986328,,32.11846923828125,0.6746839880943298,865.3345336914062,184.57391357421875,1030.36279296875,302.467041015625,165.02825927734375,117.89312744140625,19455.69760241732,947.8486328125,243.52047729492188,1920,1080,869.6803588867188,200.2269287109375,966.7877197265625,212.0657196044922,97.10736083984375,11.838790893554688,6.950881829550274,left,False,"{'safe_roi': (450, 80, 1500, 420), 'cylinder_roi': (800, 190, 1000, 300)}",ok_cylinder_inside_confirmed
2026-09-05 12:53:34,2026-09-05,1325292,228,64,89.73295593261719,,37.80360412597656,0.6577651500701904,863.081787109375,190.46109008789062,1024.7767333984375,307.1131896972656,161.6949462890625,116.652099609375,18862.05498084426,943.9292602539062,248.78713989257812,1920,1080,871.8856201171875,201.0498809814453,960.2613525390625,216.59767150878906,88.375732421875,15.54779052734375,9.97784340456185,left,False,"{'safe_roi': (450, 80, 1500, 420), 'cylinder_roi': (800, 190, 1000, 300)}",ok_cylinder_inside_confirmed
2026-09-05 12:53:39,2026-09-05,1325416,228,64,89.4127426147461,,32.533966064453125,0.643975555896759,861.63671875,190.05914306640625,1026.1201171875,307.447998046875,164.4833984375,117.38885498046875,19308.517805874348,943.87841796875,248.75357055664062,1920,1080,870.7830810546875,204.7265167236328,959.5762939453125,215.2338409423828,88.793212890625,10.50732421875,6.748698593012087,left,False,"{'safe_roi': (450, 80, 1500, 420), 'cylinder_roi': (800, 190, 1000, 300)}",ok_cylinder_inside_confirmed
2026-09-05 12:53:44,2026-09-05,1325541,228,64,91.45458984375,,32.56666564941406,0.6431356072425842,866.4971313476562,190.53829956054688,1024.5224609375,307.8844299316406,158.02532958984375,117.34613037109375,18543.660927984864,945.509765625,249.21136474609375,1920,1080,870.2012329101562,200.20664978027344,960.7755126953125,212.86532592773438,90.57427978515625,12.658676147460938,7.956132487122048,left,False,"{'safe_roi': (450, 80, 1500, 420), 'cylinder_roi': (800, 190, 1000, 300)}",ok_cylinder_inside_confirmed
2026-09-05 12:53:49,2026-09-05,1325664,228,64,90.57305145263672,,26.673873901367188,0.7394338250160217,865.9195556640625,190.0491943359375,1026.5050048828125,306.7730712890625,160.58544921875,116.723876953125,18744.156215071678,946.2122802734375,248.4111328125,1920,1080,871.8838500976562,204.7083282470703,961.8801879882812,214.91307067871094,89.996337890625,10.204742431640625,6.469173919921581,left,False,"{'safe_roi': (450, 80, 1500, 420), 'cylinder_roi': (800, 190, 1000, 300)}",ok_cylinder_inside_confirmed
2026-09-05 12:53:54,2026-09-05,1325789,228,64,86.85796356201172,,29.063705444335938,0.4656323492527008,867.798095703125,190.82005310058594,1027.8448486328125,307.5784912109375,160.0467529296875,116.75843811035156,18686.808896703646,947.8214721679688,249.19927978515625,1920,1080,877.2884521484375,207.36090087890625,963.9262084960938,213.5419464111328,86.63775634765625,6.1810455322265625,4.080770392598551,left,False,"{'safe_roi': (450, 80, 1500, 420), 'cylinder_roi': (800, 190, 1000, 300)}",ok_cylinder_inside_confirmed
2026-09-05 12:54:02,2026-09-05,1325977,228,64,89.52522277832031,,22.401947021484375,0.7536370158195496,869.2752685546875,188.2584228515625,1030.3533935546875,300.26544189453125,161.078125,112.00701904296875,18041.8806142807,949.8143310546875,244.26193237304688,1920,1080,871.2661743164062,206.90211486816406,959.4630737304688,222.26678466796875,88.1968994140625,15.364669799804688,9.882250320493664,left,False,"{'safe_roi': (450, 80, 1500, 420), 'cylinder_roi': (800, 190, 1000, 300)}",ok_cylinder_inside_confirmed
2026-09-05 12:54:07,2026-09-05,1326102,228,64,84.32518005371094,,10.1453857421875,0.657351553440094,873.124755859375,188.31088256835938,1027.280517578125,300.0898742675781,154.15576171875,111.77899169921875,17231.3756095469,950.20263671875,244.20037841796875,1920,1080,875.9232177734375,209.26080322265625,959.8021850585938,217.9241943359375,83.87896728515625,8.66339111328125,5.896852537505044,left,False,"{'safe_roi': (450, 80, 1500, 420), 'cylinder_roi': (800, 190, 1000, 300)}",ok_cylinder_inside_confirmed
2026-09-05 12:54:12,2026-09-05,1326228,228,64,91.19773864746094,,19.11163330078125,0.6836180686950684,870.8560791015625,188.38336181640625,1029.01416015625,301.0836486816406,158.1580810546875,112.70028686523438,17824.46110491827,949.9351196289062,244.73350524902344,1920,1080,873.060302734375,201.576171875,962.7882080078125,217.88352966308594,89.7279052734375,16.307357788085938,10.300639011627409,left,False,"{'safe_roi': (450, 80, 1500, 420), 'cylinder_roi': (800, 190, 1000, 300)}",ok_cylinder_inside_confirmed
2026-09-05 12:54:17,2026-09-05,1326356,228,64,89.17933654785156,,17.544204711914062,0.7117598056793213,871.1190795898438,188.41622924804688,1027.08935546875,301.43621826171875,155.97027587890625,113.01998901367188,17627.758866293356,949.104248046875,244.9262237548828,1920,1080,874.5004272460938,200.3160400390625,961.8224487304688,218.42181396484375,87.322021484375,18.10577392578125,11.713999773323811,left,False,"{'safe_roi': (450, 80, 1500, 420), 'cylinder_roi': (800, 190, 1000, 300)}",ok_cylinder_inside_confirmed
2026-09-05 12:54:22,2026-09-05,1326477,228,64,85.92737579345703,,18.377395629882812,0.7391457557678223,873.7333984375,188.21681213378906,1027.5303955078125,301.47930908203125,153.7969970703125,113.26249694824219,17419.431911325082,950.6318969726562,244.84805297851562,1920,1080,876.239990234375,198.5194854736328,960.3450927734375,216.12191772460938,84.1051025390625,17.602432250976562,11.820860944956006,left,False,"{'safe_roi': (450, 80, 1500, 420), 'cylinder_roi': (800, 190, 1000, 300)}",ok_cylinder_inside_confirmed
2026-09-05 12:54:27,2026-09-05,1326606,228,64,88.4123764038086,,17.553314208984375,0.7492197751998901,872.6517333984375,187.75379943847656,1029.771728515625,302.15789794921875,157.1199951171875,114.40409851074219,17975.17139939405,951.2117309570312,244.95584106445312,1920,1080,875.056640625,200.59246826171875,961.875732421875,217.3015594482422,86.819091796875,16.709091186523438,10.893871407775583,left,False,"{'safe_roi': (450, 80, 1500, 420), 'cylinder_roi': (800, 190, 1000, 300)}",ok_cylinder_inside_confirmed
2026-09-05 12:54:32,2026-09-05,1326733,228,64,93.28295135498047,,13.611480712890625,0.7347130179405212,873.459228515625,188.1282958984375,1031.3626708984375,301.77447509765625,157.9034423828125,113.64617919921875,17945.122909210622,952.4109497070312,244.95138549804688,1920,1080,872.8518676757812,201.8466796875,964.2157592773438,220.6708221435547,91.3638916015625,18.824142456054688,11.642013933557761,left,False,"{'safe_roi': (450, 80, 1500, 420), 'cylinder_roi': (800, 190, 1000, 300)}",ok_cylinder_inside_confirmed
2026-09-05 12:54:37,2026-09-05,1326854,228,64,94.16398620605469,,17.044815063476562,0.7382667660713196,873.1589965820312,187.57669067382812,1034.802490234375,302.82147216796875,161.64349365234375,115.24478149414062,18628.569105913863,953.980712890625,245.19908142089844,1920,1080,872.1605224609375,202.98428344726562,964.6220703125,220.8089599609375,92.4615478515625,17.824676513671875,10.911584655662248,left,False,"{'safe_roi': (450, 80, 1500, 420), 'cylinder_roi': (800, 190, 1000, 300)}",ok_cylinder_inside_confirmed
2026-09-05 12:54:42,2026-09-05,1326987,228,64,98.46920776367188,,26.002243041992188,0.5582690238952637,866.3167724609375,188.5819091796875,1035.4034423828125,302.5107116699219,169.086669921875,113.92880249023438,19263.84182126075,950.860107421875,245.5463104248047,1920,1080,864.758544921875,203.9734344482422,961.99365234375,219.51431274414062,97.235107421875,15.540878295898438,9.080659472121742,left,False,"{'safe_roi': (450, 80, 1500, 420), 'cylinder_roi': (800, 190, 1000, 300)}",ok_cylinder_inside_confirmed
2026-09-05 12:54:47,2026-09-05,1327107,228,64,100.54306030273438,,28.16754150390625,0.6305307745933533,867.8101806640625,188.34056091308594,1035.302001953125,302.8128356933594,167.4918212890625,114.47227478027344,19173.169790050015,951.5560913085938,245.57669067382812,1920,1080,865.5410766601562,204.33261108398438,964.788330078125,220.42263793945312,99.24725341796875,16.09002685546875,9.208707658534726,left,False,"{'safe_roi': (450, 80, 1500, 420), 'cylinder_roi': (800, 190, 1000, 300)}",ok_cylinder_inside_confirmed
2026-09-05 12:54:52,2026-09-05,1327230,228,64,105.62283325195312,,28.864578247070312,0.7457746267318726,865.560302734375,188.20327758789062,1037.068115234375,302.83734130859375,171.5078125,114.63406372070312,19660.637506723404,951.314208984375,245.5203094482422,1920,1080,863.1033935546875,204.78196716308594,967.5759887695312,220.327392578125,104.47259521484375,15.545425415039062,8.463459898225759,left,False,"{'safe_roi': (450, 80, 1500, 420), 'cylinder_roi': (800, 190, 1000, 300)}",ok_cylinder_inside_confirmed
2026-09-05 12:56:51,2026-09-05,1330162,228,65,104.1814193725586,,33.31451416015625,0.7609683871269226,798.8287963867188,177.190185546875,995.4146118164062,290.4187316894531,196.5858154296875,113.22854614257812,22259.126073356718,897.1217041015625,233.80445861816406,1920,1080,821.6705322265625,202.33245849609375,924.6266479492188,218.2637481689453,102.95611572265625,15.931289672851562,8.796109100495515,left,False,"{'safe_roi': (450, 80, 1500, 420), 'cylinder_roi': (800, 190, 1000, 300)}",ok_cylinder_inside_confirmed
2026-09-05 12:56:56,2026-09-05,1330284,228,65,105.9372787475586,,33.8201904296875,0.7541651725769043,798.7623291015625,177.534423828125,994.3570556640625,290.0154113769531,195.5947265625,112.48098754882812,22000.688003093004,896.5596923828125,233.77491760253906,1920,1080,817.3456420898438,198.92071533203125,921.7894287109375,216.646484375,104.44378662109375,17.72576904296875,9.63222288125336,left,False,"{'safe_roi': (450, 80, 1500, 420), 'cylinder_roi': (800, 190, 1000, 300)}",ok_cylinder_inside_confirmed
2026-09-05 12:57:01,2026-09-05,1330405,228,65,106.06585693359375,,34.358734130859375,0.7678677439689636,798.531005859375,177.4305419921875,993.4136962890625,290.10028076171875,194.8826904296875,112.66973876953125,21957.38182141632,895.9723510742188,233.76541137695312,1920,1080,812.026611328125,200.4114990234375,917.15625,214.47299194335938,105.129638671875,14.061492919921875,7.618314504216368,left,False,"{'safe_roi': (450, 80, 1500, 420), 'cylinder_roi': (800, 190, 1000, 300)}",ok_cylinder_inside_confirmed
2026-09-05 12:57:07,2026-09-05,1330530,228,65,101.445556640625,,35.975341796875,0.7700629234313965,800.4971923828125,177.96136474609375,993.344482421875,289.273681640625,192.8472900390625,111.31231689453125,21466.278661079705,896.9208374023438,233.61752319335938,1920,1080,815.1797485351562,198.48016357421875,915.3060302734375,214.78750610351562,100.12628173828125,16.307342529296875,9.250413662391315,left,False,"{'safe_roi': (450, 80, 1500, 420), 'cylinder_roi': (800, 190, 1000, 300)}",ok_cylinder_inside_confirmed
2026-09-05 12:57:12,2026-09-05,1330653,228,65,103.07694244384766,,35.720306396484375,0.7561911940574646,800.092529296875,177.32933044433594,992.64306640625,290.33343505859375,192.550537109375,113.00410461425781,21759.001039039344,896.3677978515625,233.83139038085938,1920,1080,813.2920532226562,197.8306121826172,914.9530029296875,214.85726928710938,101.66094970703125,17.026657104492188,9.507921140833142,left,False,"{'safe_roi': (450, 80, 1500, 420), 'cylinder_roi': (800, 190, 1000, 300)}",ok_cylinder_inside_confirmed
2026-09-05 12:57:17,2026-09-05,1330779,228,65,108.7657241821289,,34.75038146972656,0.7641751766204834,797.9732055664062,177.26901245117188,991.5149536132812,291.17193603515625,193.541748046875,113.90292358398438,22044.97093809396,894.7440795898438,234.22047424316406,1920,1080,806.0067749023438,199.73223876953125,913.599853515625,215.6605682373047,107.59307861328125,15.928329467773438,8.421035904568376,left,False,"{'safe_roi': (450, 80, 1500, 420), 'cylinder_roi': (800, 190, 1000, 300)}",ok_cylinder_inside_confirmed
2026-09-05 12:57:22,2026-09-05,1330908,228,65,110.95924377441406,,33.38946533203125,0.7739332914352417,796.2412109375,177.234619140625,989.0836181640625,290.33087158203125,192.8424072265625,113.09625244140625,21809.753569103777,892.6624145507812,233.78274536132812,1920,1080,804.660888671875,199.58729553222656,914.594482421875,214.63919067382812,109.93359375,15.051895141601562,7.796350313093083,left,False,"{'safe_roi': (450, 80, 1500, 420), 'cylinder_roi': (800, 190, 1000, 300)}",ok_cylinder_inside_confirmed
2026-09-05 12:57:27,2026-09-05,1331033,228,65,107.2411880493164,,34.1925048828125,0.7666813731193542,795.0836181640625,177.96376037597656,986.9801025390625,290.4764709472656,191.896484375,112.51271057128906,21590.79360613227,891.0318603515625,234.22012329101562,1920,1080,806.5280151367188,200.27735900878906,912.8441162109375,214.3329315185547,106.31610107421875,14.055572509765625,7.5311422386328095,left,False,"{'safe_roi': (450, 80, 1500, 420), 'cylinder_roi': (800, 190, 1000, 300)}",ok_cylinder_inside_confirmed
2026-09-05 12:57:32,2026-09-05,1331152,228,65,103.8609390258789,,32.06329345703125,0.7561946511268616,790.6262817382812,176.97430419921875,984.6821899414062,290.133056640625,194.055908203125,113.15875244140625,21959.12447614968,887.6542358398438,233.55368041992188,1920,1080,807.7128295898438,199.28097534179688,910.626220703125,213.2784423828125,102.91339111328125,13.997467041015625,7.74539156088398,left,False,"{'safe_roi': (450, 80, 1500, 420), 'cylinder_roi': (800, 190, 1000, 300)}",ok_cylinder_inside_confirmed
2026-09-05 12:57:37,2026-09-05,1331277,228,65,103.80001068115234,,32.573822021484375,0.7663227319717407,791.2978515625,177.5270538330078,986.9732666015625,290.855224609375,195.6754150390625,113.32817077636719,22175.536852283403,889.1355590820312,234.19113159179688,1920,1080,806.932861328125,201.45114135742188,910.2452392578125,211.5007781982422,103.3123779296875,10.049636840820312,5.55592559494008,left,False,"{'safe_roi': (450, 80, 1500, 420), 'cylinder_roi': (800, 190, 1000, 300)}",ok_cylinder_inside_confirmed
2026-09-05 12:57:42,2026-09-05,1331401,228,65,102.14197540283203,,32.425628662109375,0.7600841522216797,790.9848022460938,177.5187225341797,983.9961547851562,290.1220703125,193.0113525390625,112.60334777832031,21733.724455120042,887.490478515625,233.82040405273438,1920,1080,807.9146118164062,202.02833557128906,909.4939575195312,212.734375,101.579345703125,10.706039428710938,6.016524088055451,left,False,"{'safe_roi': (450, 80, 1500, 420), 'cylinder_roi': (800, 190, 1000, 300)}",ok_cylinder_inside_confirmed
2026-09-05 12:57:47,2026-09-05,1331522,228,65,103.15547180175781,,29.866470336914062,0.7496741414070129,790.9739379882812,176.8751220703125,984.5813598632812,290.5080871582031,193.607421875,113.63296508789062,22000.185410678387,887.7776489257812,233.6916046142578,1920,1080,807.61962890625,198.41348266601562,909.8052978515625,212.52517700195312,102.1856689453125,14.1116943359375,7.862732722647034,left,False,"{'safe_roi': (450, 80, 1500, 420), 'cylinder_roi': (800, 190, 1000, 300)}",ok_cylinder_inside_confirmed
2026-09-05 12:57:52,2026-09-05,1331640,228,65,99.97317504882812,,28.939682006835938,0.5300103425979614,788.5806884765625,177.33123779296875,982.565673828125,290.6558837890625,193.9849853515625,113.32464599609375,21983.279793523252,885.5731811523438,233.99356079101562,1920,1080,807.5159301757812,198.19619750976562,905.994140625,215.4205322265625,98.47821044921875,17.224334716796875,9.920965937238847,left,False,"{'safe_roi': (450, 80, 1500, 420), 'cylinder_roi': (800, 190, 1000, 300)}",ok_cylinder_inside_confirmed
2026-09-05 13:01:47,2026-09-05,1337491,228,66,101.62274932861328,,39.674774169921875,0.7699700593948364,840.9530029296875,185.59030151367188,1023.0140380859375,295.24212646484375,182.06103515625,109.65182495117188,19963.324757382274,931.9835205078125,240.4162139892578,1920,1080,848.28759765625,208.39292907714844,949.678955078125,215.2468719482422,101.391357421875,6.85394287109375,3.8672474585274768,left,False,"{'safe_roi': (450, 80, 1500, 420), 'cylinder_roi': (800, 190, 1000, 300)}",ok_cylinder_inside_confirmed
2026-09-05 13:01:52,2026-09-05,1337622,228,66,99.15983581542969,,38.187042236328125,0.7799938917160034,841.577880859375,185.16339111328125,1018.97900390625,294.4892883300781,177.401123046875,109.32589721679688,19394.53694436699,930.2784423828125,239.8263397216797,1920,1080,852.3526611328125,206.19630432128906,951.1123046875,215.09603881835938,98.7596435546875,8.899734497070312,5.149305868068064,left,False,"{'safe_roi': (450, 80, 1500, 420), 'cylinder_roi': (800, 190, 1000, 300)}",ok_cylinder_inside_confirmed
2026-09-05 13:01:57,2026-09-05,1337749,228,66,94.08686828613281,,37.767425537109375,0.7751308083534241,843.774169921875,185.49388122558594,1013.681640625,296.7494812011719,169.907470703125,111.25559997558594,18903.157593410462,928.7279052734375,241.12167358398438,1920,1080,855.686767578125,203.43289184570312,949.1585083007812,214.17404174804688,93.47174072265625,10.74114990234375,6.55529589657595,left,False,"{'safe_roi': (450, 80, 1500, 420), 'cylinder_roi': (800, 190, 1000, 300)}",ok_cylinder_inside_confirmed
2026-09-05 13:02:02,2026-09-05,1337870,228,66,94.56312561035156,,37.16212463378906,0.7788947820663452,843.5162353515625,185.95947265625,1012.0875244140625,296.0250244140625,168.5712890625,110.0655517578125,18553.891941189766,927.8018798828125,240.99224853515625,1920,1080,855.6029052734375,201.338134765625,949.26904296875,214.33197021484375,93.6661376953125,12.99383544921875,7.89795036316424,left,False,"{'safe_roi': (450, 80, 1500, 420), 'cylinder_roi': (800, 190, 1000, 300)}",ok_cylinder_inside_confirmed
2026-09-05 13:02:07,2026-09-05,1337988,228,66,93.17925262451172,,37.02252197265625,0.7607582807540894,842.8497314453125,186.37966918945312,1010.3787841796875,297.166748046875,167.529052734375,110.78707885742188,18560.05437619239,926.6142578125,241.77320861816406,1920,1080,852.7635498046875,204.7021026611328,945.3524169921875,215.1746826171875,92.5888671875,10.472579956054688,6.453208297737782,left,False,"{'safe_roi': (450, 80, 1500, 420), 'cylinder_roi': (800, 190, 1000, 300)}",ok_cylinder_inside_confirmed
2026-09-05 13:02:12,2026-09-05,1338113,228,66,94.32817840576172,,37.63421630859375,0.7647413015365601,842.436767578125,186.8289337158203,1010.9508056640625,297.50775146484375,168.5140380859375,110.67881774902344,18650.93450946547,926.6937866210938,242.1683349609375,1920,1080,853.3507080078125,205.08583068847656,947.046630859375,215.98899841308594,93.6959228515625,10.903167724609375,6.637518129825991,left,False,"{'safe_roi': (450, 80, 1500, 420), 'cylinder_roi': (800, 190, 1000, 300)}",ok_cylinder_inside_confirmed
2026-09-05 13:02:17,2026-09-05,1338241,228,66,95.85094451904297,,37.598052978515625,0.7736787796020508,839.294677734375,188.16641235351562,1010.1541748046875,296.25885009765625,170.8594970703125,108.09243774414062,18468.61955006793,924.7244262695312,242.21263122558594,1920,1080,852.131103515625,204.47621154785156,947.2764892578125,216.08480834960938,95.1453857421875,11.608596801757812,6.956221546710911,left,False,"{'safe_roi': (450, 80, 1500, 420), 'cylinder_roi': (800, 190, 1000, 300)}",ok_cylinder_inside_confirmed
2026-09-05 13:02:22,2026-09-05,1338366,228,66,95.79842376708984,,36.822479248046875,0.775779664516449,841.623779296875,186.69354248046875,1008.073974609375,295.9517517089844,166.4501953125,109.25820922851562,18186.050265580416,924.848876953125,241.32264709472656,1920,1080,852.352294921875,202.98464965820312,947.4449462890625,214.59181213378906,95.0926513671875,11.607162475585938,6.959189816397082,left,False,"{'safe_roi': (450, 80, 1500, 420), 'cylinder_roi': (800, 190, 1000, 300)}",ok_cylinder_inside_confirmed
2026-09-05 13:02:27,2026-09-05,1338489,228,66,93.33036804199219,,37.09478759765625,0.7721332311630249,840.9644165039062,185.59063720703125,1005.0182495117188,293.6483459472656,164.0538330078125,108.05770874023438,17727.28130487725,922.9913330078125,239.61949157714844,1920,1080,853.459716796875,202.91880798339844,945.7978515625,216.49179077148438,92.338134765625,13.572982788085938,8.362147955003133,left,False,"{'safe_roi': (450, 80, 1500, 420), 'cylinder_roi': (800, 190, 1000, 300)}",ok_cylinder_inside_confirmed
2026-09-05 13:02:32,2026-09-05,1338617,228,66,88.56318664550781,,35.573577880859375,0.7358604073524475,838.4881591796875,187.39218139648438,1002.734375,297.3450927734375,164.2462158203125,109.95291137695312,18059.349612090737,920.6112670898438,242.36863708496094,1920,1080,854.9216918945312,202.43643188476562,942.7281494140625,213.98907470703125,87.80645751953125,11.552642822265625,7.495319854243941,left,False,"{'safe_roi': (450, 80, 1500, 420), 'cylinder_roi': (800, 190, 1000, 300)}",ok_cylinder_inside_confirmed
2026-09-05 13:02:37,2026-09-05,1338741,228,66,88.38249206542969,,32.928009033203125,0.6340097188949585,839.6265258789062,187.45497131347656,1004.0480346679688,296.5061340332031,164.4215087890625,109.05116271972656,17930.356709579006,921.8372802734375,241.98056030273438,1920,1080,855.5050659179688,202.60789489746094,942.9791259765625,215.24728393554688,87.47406005859375,12.639389038085938,8.221934193524037,left,False,"{'safe_roi': (450, 80, 1500, 420), 'cylinder_roi': (800, 190, 1000, 300)}",ok_cylinder_inside_confirmed
2026-09-05 13:02:42,2026-09-05,1338863,228,66,90.45365905761719,,33.71559143066406,0.7129640579223633,837.1256713867188,189.5625762939453,1003.9160766601562,297.7055969238281,166.7904052734375,108.14302062988281,18037.218238351867,920.5208740234375,243.63409423828125,1920,1080,852.86181640625,202.41171264648438,942.588134765625,213.8595428466797,89.726318359375,11.447830200195312,7.270862129784798,left,False,"{'safe_roi': (450, 80, 1500, 420), 'cylinder_roi': (800, 190, 1000, 300)}",ok_cylinder_inside_confirmed
2026-09-05 13:02:47,2026-09-05,1338985,228,66,91.00978088378906,,33.237152099609375,0.7195619940757751,839.7403564453125,187.70034790039062,1003.6861572265625,297.8531799316406,163.94580078125,110.15283203125,18059.094255685806,921.7132568359375,242.77676391601562,1920,1080,855.079345703125,202.88438415527344,945.0428466796875,216.64480590820312,89.9635009765625,13.760421752929688,8.69631069492701,left,False,"{'safe_roi': (450, 80, 1500, 420), 'cylinder_roi': (800, 190, 1000, 300)}",ok_cylinder_inside_confirmed
2026-09-05 13:02:52,2026-09-05,1339104,228,66,91.18326568603516,,32.94975280761719,0.7537581324577332,840.0657958984375,188.8811492919922,1001.9713134765625,298.7131652832031,161.905517578125,109.83201599121094,17782.40939570591,921.0185546875,243.79714965820312,1920,1080,853.0055541992188,204.09375,943.427001953125,215.85595703125,90.42144775390625,11.76220703125,7.411534910313122,left,False,"{'safe_roi': (450, 80, 1500, 420), 'cylinder_roi': (800, 190, 1000, 300)}",ok_cylinder_inside_confirmed
2026-09-05 13:02:57,2026-09-05,1339225,228,66,93.3449478149414,,35.82099914550781,0.7696478366851807,843.8551635742188,187.18667602539062,1005.3023071289062,299.3789978027344,161.4471435546875,112.19232177734375,18113.12987972051,924.5787353515625,243.2828369140625,1920,1080,856.66259765625,198.6925811767578,948.4824829101562,215.49697875976562,91.81988525390625,16.804397583007812,10.371199465822306,left,False,"{'safe_roi': (450, 80, 1500, 420), 'cylinder_roi': (800, 190, 1000, 300)}",ok_cylinder_inside_confirmed
2026-09-05 13:03:02,2026-09-05,1339351,228,66,88.82948303222656,,38.687591552734375,0.7635300755500793,846.0936279296875,185.54080200195312,1006.39404296875,296.4791259765625,160.3004150390625,110.93832397460938,17783.45937686786,926.2438354492188,241.0099639892578,1920,1080,859.1211547851562,196.84719848632812,946.3770141601562,213.4932861328125,87.255859375,16.646087646484375,10.800723721984482,left,False,"{'safe_roi': (450, 80, 1500, 420), 'cylinder_roi': (800, 190, 1000, 300)}",ok_cylinder_inside_confirmed
2026-09-05 13:03:07,2026-09-05,1339473,228,66,91.1539535522461,,39.32670593261719,0.7904835343360901,845.0512084960938,184.4049072265625,1017.3004760742188,295.62823486328125,172.249267578125,111.22332763671875,19158.136723026633,931.1758422851562,240.01657104492188,1920,1080,859.887451171875,202.11878967285156,949.7430419921875,217.44900512695312,89.8555908203125,15.330215454101562,9.681981561115597,left,False,"{'safe_roi': (450, 80, 1500, 420), 'cylinder_roi': (800, 190, 1000, 300)}",ok_cylinder_inside_confirmed
2026-09-05 13:03:15,2026-09-05,1339660,228,66,98.00927734375,,34.9527587890625,0.7771658301353455,846.902587890625,182.81875610351562,1041.5782470703125,293.2828063964844,194.6756591796875,110.46405029296875,21504.661806441844,944.2404174804688,238.05078125,1920,1080,853.9549560546875,208.56312561035156,951.9642333984375,208.58181762695312,98.00927734375,0.0186920166015625,0.010927268090315011,left,False,"{'safe_roi': (450, 80, 1500, 420), 'cylinder_roi': (800, 190, 1000, 300)}",ok_cylinder_inside_confirmed
2026-09-05 13:03:36,2026-09-05,1340158,228,66,103.15849304199219,,39.572601318359375,0.7751362323760986,832.8670654296875,188.06805419921875,1009.921875,293.98040771484375,177.0548095703125,105.912353515625,18752.291582852602,921.3944702148438,241.02423095703125,1920,1080,842.2152099609375,207.86630249023438,944.994140625,216.7074432373047,102.7789306640625,8.841140747070312,4.916534137557257,left,False,"{'safe_roi': (450, 80, 1500, 420), 'cylinder_roi': (800, 190, 1000, 300)}",ok_cylinder_inside_confirmed
2026-09-05 13:17:45,2026-09-05,1361134,233,67,113.80022430419922,,31.898788452148438,0.7453493475914001,871.6820068359375,189.4212646484375,1048.84326171875,304.42236328125,177.1612548828125,115.0010986328125,20373.738946691155,960.2626342773438,246.92181396484375,1920,1080,869.7401123046875,225.73838806152344,983.5203857421875,223.6073760986328,113.7802734375,2.131011962890625,1.0729778921357824,left,False,"{'safe_roi': (450, 80, 1500, 420), 'cylinder_roi': (800, 190, 1000, 300)}",ok_cylinder_inside_confirmed
2026-09-05 13:17:50,2026-09-05,1361256,233,67,112.43185424804688,,31.995330810546875,0.6966103315353394,872.276123046875,188.9512481689453,1049.9752197265625,303.0861511230469,177.6990966796875,114.13490295410156,20281.669154567644,961.1256713867188,246.01870727539062,1920,1080,870.1728515625,219.0561065673828,982.58154296875,216.77401733398438,112.40869140625,2.2820892333984375,1.1630428261363297,left,False,"{'safe_roi': (450, 80, 1500, 420), 'cylinder_roi': (800, 190, 1000, 300)}",ok_cylinder_inside_confirmed
2026-09-05 13:17:57,2026-09-05,1361425,233,67,86.63240814208984,,16.040390014648438,0.5183559060096741,870.3848876953125,188.3428497314453,1031.3436279296875,301.15728759765625,160.958740234375,112.81443786621094,18158.469799194485,950.8642578125,244.75006103515625,1920,1080,871.4112548828125,209.45541381835938,957.0966796875,222.22967529296875,85.6854248046875,12.774261474609375,8.479388548177626,left,False,"{'safe_roi': (450, 80, 1500, 420), 'cylinder_roi': (800, 190, 1000, 300)}",ok_cylinder_inside_confirmed
2026-09-05 13:18:09,2026-09-05,1361720,233,67,96.51121520996094,,30.6142578125,0.787230908870697,849.5106811523438,182.5240478515625,1020.2548217773438,295.9643859863281,170.744140625,113.44033813476562,19369.273047029972,934.8827514648438,239.2442169189453,1920,1080,857.1907958984375,196.0751495361328,951.9208374023438,214.53143310546875,94.73004150390625,18.456283569335938,11.024842466286916,left,False,"{'safe_roi': (450, 80, 1500, 420), 'cylinder_roi': (800, 190, 1000, 300)}",ok_cylinder_inside_confirmed
2026-09-05 13:18:14,2026-09-05,1361842,233,67,98.37449645996094,,26.86322021484375,0.7907242178916931,845.7066650390625,181.74266052246094,1024.9669189453125,293.1595153808594,179.26025390625,111.41685485839844,19972.613691352308,935.3367919921875,237.45108032226562,1920,1080,855.8592529296875,195.04615783691406,952.126220703125,215.29986572265625,96.2669677734375,20.253707885742188,11.881236287362384,left,False,"{'safe_roi': (450, 80, 1500, 420), 'cylinder_roi': (800, 190, 1000, 300)}",ok_cylinder_inside_confirmed
2026-09-05 13:18:19,2026-09-05,1361969,233,67,90.97349548339844,,37.892730712890625,0.7286600470542908,843.170166015625,181.2544403076172,1014.5042724609375,291.3643798828125,171.3341064453125,110.10993957519531,18865.58810786344,928.8372192382812,236.30941772460938,1920,1080,860.57421875,191.3505401611328,948.740478515625,213.77569580078125,88.166259765625,22.425155639648438,14.270619154539053,left,False,"{'safe_roi': (450, 80, 1500, 420), 'cylinder_roi': (800, 190, 1000, 300)}",ok_cylinder_inside_confirmed
2026-09-05 13:18:24,2026-09-05,1362097,233,67,87.3443603515625,,36.858001708984375,0.7774490714073181,844.5523071289062,182.4921875,1014.0087280273438,292.51873779296875,169.4564208984375,110.02655029296875,18644.705416448414,929.280517578125,237.50546264648438,1920,1080,861.678955078125,192.70298767089844,947.263916015625,210.14581298828125,85.5849609375,17.442825317382812,11.519520897611397,left,False,"{'safe_roi': (450, 80, 1500, 420), 'cylinder_roi': (800, 190, 1000, 300)}",ok_cylinder_inside_confirmed
2026-09-05 13:25:44,2026-09-05,1372965,234,68,110.14929962158203,,39.935882568359375,0.7724815607070923,843.0957641601562,188.88636779785156,1023.8646850585938,294.17791748046875,180.7689208984375,105.29154968261719,19033.43981585093,933.480224609375,241.53213500976562,1920,1080,838.9788208007812,216.8118133544922,949.054443359375,220.83998107910156,110.07562255859375,4.028167724609375,2.0957779964860266,left,False,"{'safe_roi': (450, 80, 1500, 420), 'cylinder_roi': (800, 190, 1000, 300)}",ok_cylinder_inside_confirmed
2026-09-05 13:25:50,2026-09-05,1373095,234,68,105.18889617919922,,37.97840881347656,0.7475061416625977,842.9561767578125,187.97586059570312,1021.3052978515625,295.0023498535156,178.34912109375,107.0264892578125,19088.080292880535,932.1307373046875,241.48910522460938,1920,1080,844.7129516601562,213.59304809570312,949.5772094726562,221.85089111328125,104.8642578125,8.257843017578125,4.502631962923341,left,False,"{'safe_roi': (450, 80, 1500, 420), 'cylinder_roi': (800, 190, 1000, 300)}",ok_cylinder_inside_confirmed
2026-09-05 13:25:55,2026-09-05,1373229,234,68,102.53498840332031,,34.75250244140625,0.7661498188972473,850.4695434570312,186.38792419433594,1023.9142456054688,296.9884033203125,173.4447021484375,110.60047912597656,19183.067159479484,937.19189453125,241.68817138671875,1920,1080,853.7345581054688,203.20358276367188,955.4593505859375,216.06790161132812,101.72479248046875,12.86431884765625,7.207478138473746,left,False,"{'safe_roi': (450, 80, 1500, 420), 'cylinder_roi': (800, 190, 1000, 300)}",ok_cylinder_inside_confirmed
2026-09-05 13:26:00,2026-09-05,1373352,234,68,90.4883804321289,,35.48545837402344,0.7679664492607117,851.5091552734375,186.3533477783203,1024.96435546875,296.83221435546875,173.4552001953125,110.47886657714844,19163.1339194905,938.2367553710938,241.5927734375,1920,1080,861.168701171875,201.63365173339844,951.2232666015625,210.48367309570312,90.0545654296875,8.850021362304688,5.612662485245565,left,False,"{'safe_roi': (450, 80, 1500, 420), 'cylinder_roi': (800, 190, 1000, 300)}",ok_cylinder_inside_confirmed
2026-09-05 13:26:05,2026-09-05,1373476,234,68,102.61731719970703,,32.48045349121094,0.7615587711334229,849.8624877929688,186.27059936523438,1023.1848754882812,297.93359375,173.3223876953125,111.66299438476562,19353.69680397585,936.523681640625,242.1020965576172,1920,1080,853.5950927734375,201.9084014892578,955.3736572265625,215.0018310546875,101.778564453125,13.093429565429688,7.330623259685518,left,False,"{'safe_roi': (450, 80, 1500, 420), 'cylinder_roi': (800, 190, 1000, 300)}",ok_cylinder_inside_confirmed
2026-09-05 13:26:10,2026-09-05,1373605,234,68,103.66971588134766,,33.20652770996094,0.724520206451416,849.1661987304688,185.05880737304688,1020.8141479492188,296.8247985839844,171.64794921875,111.7659912109375,19184.40318375826,934.9901733398438,240.94180297851562,1920,1080,851.9570922851562,200.8209228515625,954.7349853515625,214.38978576660156,102.77789306640625,13.568862915039062,7.520765362437516,left,False,"{'safe_roi': (450, 80, 1500, 420), 'cylinder_roi': (800, 190, 1000, 300)}",ok_cylinder_inside_confirmed
2026-09-05 13:26:15,2026-09-05,1373725,234,68,98.48967742919922,,33.3153076171875,0.7532728314399719,849.3683471679688,184.3069610595703,1024.776123046875,297.4603576660156,175.40777587890625,113.15339660644531,19847.98563188035,937.072265625,240.8836669921875,1920,1080,855.44873046875,201.43116760253906,953.2127685546875,213.36471557617188,97.7640380859375,11.933547973632812,6.959369824169727,left,False,"{'safe_roi': (450, 80, 1500, 420), 'cylinder_roi': (800, 190, 1000, 300)}",ok_cylinder_inside_confirmed
2026-09-05 13:26:20,2026-09-05,1373857,234,68,94.38345336914062,,35.44456481933594,0.7624380588531494,846.3827514648438,185.1923370361328,1023.0651245117188,293.3495788574219,176.682373046875,108.15724182128906,19109.478147190064,934.7239379882812,239.27096557617188,1920,1080,856.50830078125,203.72776794433594,950.4088134765625,213.26351928710938,93.9005126953125,9.535751342773438,5.798601919166696,left,False,"{'safe_roi': (450, 80, 1500, 420), 'cylinder_roi': (800, 190, 1000, 300)}",ok_cylinder_inside_confirmed
2026-09-05 13:26:25,2026-09-05,1373978,234,68,103.2105712890625,,33.75054931640625,0.7484476566314697,849.1165771484375,185.68063354492188,1024.01416015625,296.0307312011719,174.8975830078125,110.35009765625,19299.9653647542,936.5653686523438,240.85568237304688,1920,1080,850.4467163085938,204.49839782714844,953.197998046875,214.22445678710938,102.75128173828125,9.726058959960938,5.407296997256324,left,False,"{'safe_roi': (450, 80, 1500, 420), 'cylinder_roi': (800, 190, 1000, 300)}",ok_cylinder_inside_confirmed
2026-09-05 13:26:30,2026-09-05,1374106,234,68,103.48212432861328,,32.11546325683594,0.6972346305847168,844.3533325195312,184.68548583984375,1020.6284790039062,293.77374267578125,176.275146484375,109.0882568359375,19229.548453480005,932.4909057617188,239.2296142578125,1920,1080,848.492919921875,203.44476318359375,951.4354858398438,213.99838256835938,102.94256591796875,10.553619384765625,5.853484086362056,left,False,"{'safe_roi': (450, 80, 1500, 420), 'cylinder_roi': (800, 190, 1000, 300)}",ok_cylinder_inside_confirmed
2026-09-05 13:26:35,2026-09-05,1374229,234,68,102.5675048828125,,32.52717590332031,0.7391115427017212,845.6028442382812,185.62503051757812,1019.7747192382812,294.46307373046875,174.171875,108.83804321289062,18956.526057720184,932.6887817382812,240.04405212402344,1920,1080,849.61376953125,203.97128295898438,951.6497192382812,214.40000915527344,102.03594970703125,10.428726196289062,5.835730855038487,left,False,"{'safe_roi': (450, 80, 1500, 420), 'cylinder_roi': (800, 190, 1000, 300)}",ok_cylinder_inside_confirmed
2026-09-05 13:26:40,2026-09-05,1374356,234,68,102.97888946533203,,31.495330810546875,0.7578514218330383,849.808837890625,186.7704315185547,1022.4862060546875,296.11541748046875,172.6773681640625,109.34498596191406,18881.40439783968,936.1475219726562,241.44293212890625,1920,1080,850.1737670898438,202.50726318359375,952.42822265625,214.70065307617188,102.25445556640625,12.193389892578125,6.800157052736581,left,False,"{'safe_roi': (450, 80, 1500, 420), 'cylinder_roi': (800, 190, 1000, 300)}",ok_cylinder_inside_confirmed
2026-09-05 13:26:45,2026-09-05,1374483,234,68,105.32951354980469,,34.16474914550781,0.7723555564880371,846.2045288085938,185.3249969482422,1021.8324584960938,294.2575988769531,175.6279296875,108.93260192871094,19131.60735221207,934.0184936523438,239.79129028320312,1920,1080,847.0341796875,205.71820068359375,952.01318359375,214.30398559570312,104.97900390625,8.585784912109375,4.675571106082594,left,False,"{'safe_roi': (450, 80, 1500, 420), 'cylinder_roi': (800, 190, 1000, 300)}",ok_cylinder_inside_confirmed
2026-09-05 13:26:50,2026-09-05,1374594,234,68,104.84158325195312,,32.21894836425781,0.7270626425743103,845.8058471679688,184.8858184814453,1022.0296020507812,294.15704345703125,176.2237548828125,109.27122497558594,19256.185565842316,933.917724609375,239.52142333984375,1920,1080,847.2345581054688,203.68148803710938,951.5869140625,213.79794311523438,104.35235595703125,10.116455078125,5.537244344133815,left,False,"{'safe_roi': (450, 80, 1500, 420), 'cylinder_roi': (800, 190, 1000, 300)}",ok_cylinder_inside_confirmed
2026-09-05 13:26:55,2026-09-05,1374712,234,68,98.94507598876953,,32.376220703125,0.7589691877365112,846.44384765625,185.7490234375,1020.056396484375,292.42333984375,173.612548828125,106.67431640625,18519.999965786934,933.2501220703125,239.086181640625,1920,1080,851.1185913085938,205.57815551757812,949.6654052734375,214.44680786132812,98.54681396484375,8.86865234375,5.142441059420636,left,False,"{'safe_roi': (450, 80, 1500, 420), 'cylinder_roi': (800, 190, 1000, 300)}",ok_cylinder_inside_confirmed
2026-09-05 13:27:00,2026-09-05,1374841,234,68,92.07828521728516,,34.24473571777344,0.7902072072029114,844.4246826171875,185.32150268554688,1024.9822998046875,293.15643310546875,180.5576171875,107.83493041992188,19470.418086200953,934.7034912109375,239.2389678955078,1920,1080,855.9307861328125,200.86602783203125,947.6895141601562,208.53060913085938,91.75872802734375,7.664581298828125,4.774816307558874,left,False,"{'safe_roi': (450, 80, 1500, 420), 'cylinder_roi': (800, 190, 1000, 300)}",ok_cylinder_inside_confirmed
2026-09-05 13:27:05,2026-09-05,1374963,234,68,103.0985107421875,,36.56614685058594,0.7698211073875427,845.6203002929688,184.6756591796875,1029.7955322265625,292.5451354980469,184.17523193359375,107.86947631835938,19866.885819489136,937.7078857421875,238.6103973388672,1920,1080,850.5894165039062,202.8834228515625,953.2171020507812,212.72518920898438,102.627685546875,9.841766357421875,5.477786624693644,left,False,"{'safe_roi': (450, 80, 1500, 420), 'cylinder_roi': (800, 190, 1000, 300)}",ok_cylinder_inside_confirmed
2026-09-05 13:27:10,2026-09-05,1375088,234,68,103.81281280517578,,34.62977600097656,0.7671307921409607,846.8416137695312,186.02792358398438,1026.0384521484375,293.00787353515625,179.19683837890625,106.97994995117188,19170.468801183626,936.4400634765625,239.5178985595703,1920,1080,850.6344604492188,204.20236206054688,953.9989624023438,213.83978271484375,103.364501953125,9.637420654296875,5.32670051577459,left,False,"{'safe_roi': (450, 80, 1500, 420), 'cylinder_roi': (800, 190, 1000, 300)}",ok_cylinder_inside_confirmed
2026-09-05 13:27:15,2026-09-05,1375211,234,68,94.20067596435547,,34.01277160644531,0.7720980048179626,846.3497924804688,186.27029418945312,1025.624267578125,293.45343017578125,179.27447509765625,107.18313598632812,19215.200443269685,935.987060546875,239.8618621826172,1920,1080,856.1124267578125,204.22283935546875,950.102294921875,210.5213623046875,93.9898681640625,6.29852294921875,3.8338178252542066,left,False,"{'safe_roi': (450, 80, 1500, 420), 'cylinder_roi': (800, 190, 1000, 300)}",ok_cylinder_inside_confirmed
2026-09-05 13:27:20,2026-09-05,1375340,234,68,104.23377227783203,,33.64649963378906,0.756147027015686,846.5963745117188,185.91172790527344,1026.9603271484375,293.50933837890625,180.36395263671875,107.59761047363281,19406.730319290422,936.7783203125,239.71054077148438,1920,1080,849.458740234375,202.96946716308594,953.0877685546875,214.18121337890625,103.6290283203125,11.211746215820312,6.174879386733565,left,False,"{'safe_roi': (450, 80, 1500, 420), 'cylinder_roi': (800, 190, 1000, 300)}",ok_cylinder_inside_confirmed
2026-09-05 13:27:25,2026-09-05,1375463,234,68,92.44796752929688,,33.48417663574219,0.7845870852470398,848.041259765625,186.08360290527344,1028.9954833984375,293.52459716796875,180.9542236328125,107.44099426269531,19441.901703143492,938.5183715820312,239.80410766601562,1920,1080,858.1712646484375,199.9349822998047,950.0174560546875,210.466064453125,91.84619140625,10.531082153320312,6.540968036214937,left,False,"{'safe_roi': (450, 80, 1500, 420), 'cylinder_roi': (800, 190, 1000, 300)}",ok_cylinder_inside_confirmed
2026-09-05 13:27:30,2026-09-05,1375593,234,68,106.75495147705078,,31.453018188476562,0.7638405561447144,848.2351684570312,185.64422607421875,1028.3682861328125,293.52764892578125,180.13311767578125,107.8834228515625,19433.377303786576,938.3017578125,239.5859375,1920,1080,850.119384765625,200.47610473632812,955.88037109375,215.00999450683594,105.760986328125,14.533889770507812,7.8246921835230845,left,False,"{'safe_roi': (450, 80, 1500, 420), 'cylinder_roi': (800, 190, 1000, 300)}",ok_cylinder_inside_confirmed
2026-09-05 13:27:35,2026-09-05,1375724,234,68,102.154541015625,,28.010269165039062,0.7732574939727783,849.8095092773438,185.94097900390625,1030.8211669921875,292.7406921386719,181.01165771484375,106.79971313476562,19331.993117993698,940.3153076171875,239.34083557128906,1920,1080,853.5490112304688,201.87295532226562,954.617431640625,216.72976684570312,101.06842041015625,14.8568115234375,8.362450439672681,left,False,"{'safe_roi': (450, 80, 1500, 420), 'cylinder_roi': (800, 190, 1000, 300)}",ok_cylinder_inside_confirmed
2026-09-05 13:27:40,2026-09-05,1375847,234,68,95.72735595703125,,34.09214782714844,0.7811306118965149,850.5662841796875,185.04983520507812,1030.6597900390625,292.3541259765625,180.093505859375,107.30429077148438,19324.8059187904,940.613037109375,238.7019805908203,1920,1080,857.3516845703125,201.2583465576172,952.3217163085938,213.2758026123047,94.97003173828125,12.0174560546875,7.211847114217822,left,False,"{'safe_roi': (450, 80, 1500, 420), 'cylinder_roi': (800, 190, 1000, 300)}",ok_cylinder_inside_confirmed
2026-09-05 13:27:46,2026-09-05,1375966,234,68,105.27513122558594,,27.01397705078125,0.7714862823486328,850.0567016601562,185.04197692871094,1030.255615234375,293.41259765625,180.19891357421875,108.37062072753906,19528.26811846625,940.1561279296875,239.227294921875,1920,1080,852.75390625,199.00885009765625,956.6033935546875,216.27548217773438,103.8494873046875,17.266632080078125,9.439981057070142,left,False,"{'safe_roi': (450, 80, 1500, 420), 'cylinder_roi': (800, 190, 1000, 300)}",ok_cylinder_inside_confirmed
2026-09-05 13:27:51,2026-09-05,1376088,234,68,101.54869079589844,,29.313064575195312,0.7739319205284119,848.4330444335938,184.80551147460938,1027.604736328125,293.5152893066406,179.17169189453125,108.70977783203125,19477.714819643646,938.0189208984375,239.160400390625,1920,1080,854.1755981445312,199.75521850585938,954.7120361328125,214.05770874023438,100.53643798828125,14.302490234375,8.096668693609777,left,False,"{'safe_roi': (450, 80, 1500, 420), 'cylinder_roi': (800, 190, 1000, 300)}",ok_cylinder_inside_confirmed
2026-09-05 13:27:56,2026-09-05,1376215,234,68,96.65740966796875,,34.35554504394531,0.7621163725852966,849.7598876953125,185.7455291748047,1026.781005859375,294.187744140625,177.0211181640625,108.44221496582031,19196.562149437144,938.2704467773438,239.96664428710938,1920,1080,854.8834228515625,203.8356170654297,951.2324829101562,211.5501251220703,96.34906005859375,7.714508056640625,4.577811197541729,left,False,"{'safe_roi': (450, 80, 1500, 420), 'cylinder_roi': (800, 190, 1000, 300)}",ok_cylinder_inside_confirmed
2026-09-05 13:28:01,2026-09-05,1376325,234,68,106.33350372314453,,31.891738891601562,0.7701877951622009,850.1423950195312,185.7397918701172,1030.08203125,292.5908203125,179.93963623046875,106.85102844238281,19226.735188773833,940.1121826171875,239.16531372070312,1920,1080,849.3535766601562,202.637939453125,955.0775756835938,214.00674438476562,105.7239990234375,11.368804931640625,6.137595070976073,left,False,"{'safe_roi': (450, 80, 1500, 420), 'cylinder_roi': (800, 190, 1000, 300)}",ok_cylinder_inside_confirmed
2026-09-05 13:28:06,2026-09-05,1376450,234,68,107.41954803466797,,32.936309814453125,0.7662386298179626,844.7561645507812,185.8106231689453,1028.370849609375,292.1020202636719,183.61468505859375,106.29139709472656,19516.661401986144,936.5634765625,238.95632934570312,1920,1080,847.9369506835938,203.40155029296875,954.7310791015625,214.97625732421875,106.79412841796875,11.57470703125,6.185763518063968,left,False,"{'safe_roi': (450, 80, 1500, 420), 'cylinder_roi': (800, 190, 1000, 300)}",ok_cylinder_inside_confirmed
2026-09-05 13:28:11,2026-09-05,1376577,234,68,99.52855682373047,,36.61460876464844,0.7758349180221558,847.8714599609375,186.6186981201172,1025.8795166015625,292.7615661621094,178.008056640625,106.14286804199219,18894.28566641733,936.87548828125,239.69012451171875,1920,1080,850.1695556640625,207.52182006835938,949.61962890625,211.47364807128906,99.4500732421875,3.9518280029296875,2.27555391668361,left,False,"{'safe_roi': (450, 80, 1500, 420), 'cylinder_roi': (800, 190, 1000, 300)}",ok_cylinder_inside_confirmed
2026-09-05 13:28:16,2026-09-05,1376696,234,68,92.08882904052734,,33.52040100097656,0.7933061718940735,847.1871948242188,186.1766815185547,1026.275390625,293.1363525390625,179.08819580078125,106.95967102050781,19155.21450650785,936.7313232421875,239.65652465820312,1920,1080,852.366943359375,205.50381469726562,944.4423828125,207.07411193847656,92.075439453125,1.5702972412109375,0.9770540731500883,left,False,"{'safe_roi': (450, 80, 1500, 420), 'cylinder_roi': (800, 190, 1000, 300)}",ok_cylinder_inside_confirmed
2026-09-05 13:28:21,2026-09-05,1376819,234,68,103.24407958984375,,34.47117614746094,0.7456760406494141,846.7030029296875,186.73641967773438,1026.17236328125,292.6390686035156,179.4693603515625,105.90264892578125,19006.28066224605,936.4376831054688,239.687744140625,1920,1080,848.7298583984375,203.99002075195312,951.74951171875,210.79376220703125,103.0196533203125,6.803741455078125,3.7785060353495865,left,False,"{'safe_roi': (450, 80, 1500, 420), 'cylinder_roi': (800, 190, 1000, 300)}",ok_cylinder_inside_confirmed
2026-09-05 13:28:26,2026-09-05,1376942,234,68,104.85277557373047,,32.480499267578125,0.768962025642395,846.430908203125,186.12315368652344,1026.526611328125,292.1642150878906,180.095703125,106.04106140136719,19097.53951320052,936.478759765625,239.1436767578125,1920,1080,849.6438598632812,201.4073486328125,953.815673828125,213.33790588378906,104.17181396484375,11.930557250976562,6.533486835127087,left,False,"{'safe_roi': (450, 80, 1500, 420), 'cylinder_roi': (800, 190, 1000, 300)}",ok_cylinder_inside_confirmed
2026-09-05 13:28:31,2026-09-05,1377073,234,68,98.12086486816406,,31.495330810546875,0.7824411392211914,845.519287109375,185.99302673339844,1026.3492431640625,293.1955871582031,180.8299560546875,107.20256042480469,19385.434290567413,935.9342651367188,239.59429931640625,1920,1080,852.094482421875,208.07762145996094,950.1129150390625,212.5598602294922,98.0184326171875,4.48223876953125,2.6182277591275747,left,False,"{'safe_roi': (450, 80, 1500, 420), 'cylinder_roi': (800, 190, 1000, 300)}",ok_cylinder_inside_confirmed
2026-09-05 13:28:36,2026-09-05,1377198,234,68,103.7068099975586,,30.677581787109375,0.761066734790802,845.1015014648438,185.16200256347656,1025.82177734375,292.223388671875,180.72027587890625,107.06138610839844,19348.163233487867,935.461669921875,238.69268798828125,1920,1080,849.9342651367188,205.88192749023438,953.2518310546875,214.8587646484375,103.31756591796875,8.976837158203125,4.965723343138548,left,False,"{'safe_roi': (450, 80, 1500, 420), 'cylinder_roi': (800, 190, 1000, 300)}",ok_cylinder_inside_confirmed
2026-09-05 13:28:41,2026-09-05,1377321,234,68,104.32523345947266,,28.056549072265625,0.7688460350036621,850.3734130859375,185.94839477539062,1028.368896484375,292.779052734375,177.9954833984375,106.83065795898438,19015.37460518256,939.3711547851562,239.3637237548828,1920,1080,850.173583984375,202.52273559570312,953.6615600585938,215.71340942382812,103.48797607421875,13.190673828125,7.263805782188523,left,False,"{'safe_roi': (450, 80, 1500, 420), 'cylinder_roi': (800, 190, 1000, 300)}",ok_cylinder_inside_confirmed
2026-09-05 13:28:46,2026-09-05,1377441,234,68,103.42930603027344,,30.30487060546875,0.7229948043823242,848.9041748046875,186.1754150390625,1029.687255859375,292.6999816894531,180.7830810546875,106.52456665039062,19257.83936707303,939.2957153320312,239.4376983642578,1920,1080,851.96533203125,200.7783203125,954.8400268554688,211.4749755859375,102.87469482421875,10.6966552734375,5.936141668261745,left,False,"{'safe_roi': (450, 80, 1500, 420), 'cylinder_roi': (800, 190, 1000, 300)}",ok_cylinder_inside_confirmed
2026-09-05 13:28:51,2026-09-05,1377565,234,68,105.38632202148438,,31.215164184570312,0.7708714604377747,849.5436401367188,185.8700408935547,1029.5341796875,292.339111328125,179.99053955078125,106.46907043457031,19163.425432988442,939.5389404296875,239.10458374023438,1920,1080,851.033447265625,202.49583435058594,955.8944091796875,213.00559997558594,104.8609619140625,10.509765625,5.723397724454774,left,False,"{'safe_roi': (450, 80, 1500, 420), 'cylinder_roi': (800, 190, 1000, 300)}",ok_cylinder_inside_confirmed
2026-09-05 13:28:56,2026-09-05,1377686,234,68,107.18427276611328,,30.50775146484375,0.7538759708404541,845.5538330078125,185.49789428710938,1032.726806640625,292.0027160644531,187.1729736328125,106.50482177734375,19934.824198298156,939.1403198242188,238.75030517578125,1920,1080,848.2125244140625,200.89553833007812,954.6954345703125,213.13719177246094,106.48291015625,12.241653442382812,6.558135260503687,left,False,"{'safe_roi': (450, 80, 1500, 420), 'cylinder_roi': (800, 190, 1000, 300)}",ok_cylinder_inside_confirmed
2026-09-05 13:29:01,2026-09-05,1377806,234,68,109.80587768554688,,28.723526000976562,0.7707213163375854,841.1566162109375,185.29507446289062,1032.9742431640625,291.113525390625,191.817626953125,105.81845092773438,20297.844144813716,937.0654296875,238.2042999267578,1920,1080,843.918212890625,204.75662231445312,953.0867919921875,216.56985473632812,109.1685791015625,11.813232421875,6.175997689159141,left,False,"{'safe_roi': (450, 80, 1500, 420), 'cylinder_roi': (800, 190, 1000, 300)}",ok_cylinder_inside_confirmed
2026-09-05 13:29:08,2026-09-05,1377971,234,68,107.48870086669922,,32.81748962402344,0.775209367275238,841.1658935546875,185.15199279785156,1029.8192138671875,291.23687744140625,188.6533203125,106.08488464355469,20013.265722975135,935.4925537109375,238.19442749023438,1920,1080,845.248046875,205.97943115234375,952.2649536132812,216.0393829345703,107.01690673828125,10.059951782226562,5.370216265220045,left,False,"{'safe_roi': (450, 80, 1500, 420), 'cylinder_roi': (800, 190, 1000, 300)}",ok_cylinder_inside_confirmed
2026-09-05 13:29:13,2026-09-05,1378096,234,68,110.30167388916016,,30.711166381835938,0.7731923460960388,842.68115234375,186.64862060546875,1030.7933349609375,291.0267028808594,188.1121826171875,104.37808227539062,19634.788874220103,936.7372436523438,238.83766174316406,1920,1080,843.6072387695312,206.38194274902344,953.3247680664062,217.71871948242188,109.717529296875,11.336776733398438,5.899262691518339,left,False,"{'safe_roi': (450, 80, 1500, 420), 'cylinder_roi': (800, 190, 1000, 300)}",ok_cylinder_inside_confirmed
2026-09-05 13:29:18,2026-09-05,1378220,234,68,109.17158508300781,,33.363250732421875,0.7623411417007446,843.9015502929688,186.0855712890625,1033.965576171875,291.5423583984375,190.06402587890625,105.456787109375,20043.541514262557,938.93359375,238.81396484375,1920,1080,844.8812255859375,206.10061645507812,953.5324096679688,216.74742126464844,108.65118408203125,10.646804809570312,5.596585638643951,left,False,"{'safe_roi': (450, 80, 1500, 420), 'cylinder_roi': (800, 190, 1000, 300)}",ok_cylinder_inside_confirmed
2026-09-05 13:29:23,2026-09-05,1378350,234,68,112.48204040527344,,30.209945678710938,0.7690953016281128,840.2814331054688,186.6342010498047,1029.673095703125,292.0693054199219,189.39166259765625,105.43510437011719,19968.529712813906,934.977294921875,239.35174560546875,1920,1080,842.6719970703125,205.9897918701172,954.404541015625,218.95315551757812,111.7325439453125,12.963363647460938,6.6179464664532635,left,False,"{'safe_roi': (450, 80, 1500, 420), 'cylinder_roi': (800, 190, 1000, 300)}",ok_cylinder_inside_confirmed
2026-09-05 13:29:28,2026-09-05,1378477,234,68,102.33665466308594,,30.962432861328125,0.7733485698699951,843.7603759765625,186.72865295410156,1034.029541015625,292.0356140136719,190.2691650390625,105.30696105957031,20036.66755360551,938.8949584960938,239.38214111328125,1920,1080,846.619140625,209.89654541015625,948.8390502929688,214.7833709716797,102.21990966796875,4.8868255615234375,2.737054483716397,left,False,"{'safe_roi': (450, 80, 1500, 420), 'cylinder_roi': (800, 190, 1000, 300)}",ok_cylinder_inside_confirmed
2026-09-05 13:36:16,2026-09-05,1388537,234,69,100.87773895263672,,37.73002624511719,0.7511407732963562,823.5040283203125,182.47691345214844,1001.4852294921875,291.18585205078125,177.981201171875,108.70893859863281,19348.147469904274,912.49462890625,236.83139038085938,1920,1080,834.00146484375,202.29684448242188,933.8206787109375,216.8722381591797,99.8192138671875,14.575393676757812,8.307500320068652,left,False,"{'safe_roi': (450, 80, 1500, 420), 'cylinder_roi': (800, 190, 1000, 300)}",ok_cylinder_inside_confirmed
2026-09-05 13:36:26,2026-09-05,1388772,234,69,96.52965545654297,,36.38758850097656,0.7555032968521118,822.1802978515625,183.49090576171875,995.97998046875,292.9213562011719,173.7996826171875,109.43045043945312,19018.97755503282,909.0801391601562,238.2061309814453,1920,1080,832.26513671875,197.41714477539062,927.1416015625,215.2056427001953,94.87646484375,17.788497924804688,10.619165675845002,left,False,"{'safe_roi': (450, 80, 1500, 420), 'cylinder_roi': (800, 190, 1000, 300)}",ok_cylinder_inside_confirmed
2026-09-05 13:36:35,2026-09-05,1389004,234,69,88.13654327392578,,35.91142272949219,0.7721422910690308,821.8468017578125,183.16796875,991.6849365234375,289.5099182128906,169.838134765625,106.34194946289062,18060.9183441177,906.765869140625,236.3389434814453,1920,1080,838.3070678710938,199.63400268554688,925.4013671875,213.14817810058594,87.09429931640625,13.514175415039062,8.820085826382162,left,False,"{'safe_roi': (450, 80, 1500, 420), 'cylinder_roi': (800, 190, 1000, 300)}",ok_cylinder_inside_confirmed
2026-09-05 13:36:53,2026-09-05,1389466,234,69,85.66324615478516,,37.22184753417969,0.7657533288002014,818.861083984375,184.9910888671875,989.662353515625,292.1000671386719,170.80126953125,107.10897827148438,18294.349466964602,904.26171875,238.5455780029297,1920,1080,838.0513305664062,201.85302734375,923.1751708984375,211.45114135742188,85.12384033203125,9.598114013671875,6.433197790827357,left,False,"{'safe_roi': (450, 80, 1500, 420), 'cylinder_roi': (800, 190, 1000, 300)}",ok_cylinder_inside_confirmed
2026-09-05 13:40:09,2026-09-05,1394280,234,70,90.55565643310547,,33.91120910644531,0.7723056674003601,852.549072265625,183.83114624023438,1026.3045654296875,293.0890808105469,173.7554931640625,109.2579345703125,18984.16630335152,939.4268188476562,238.46011352539062,1920,1080,863.3153076171875,203.7448272705078,953.360595703125,213.34552001953125,90.0452880859375,9.600692749023438,6.085924767143808,left,False,"{'safe_roi': (450, 80, 1500, 420), 'cylinder_roi': (800, 190, 1000, 300)}",ok_cylinder_inside_confirmed
2026-09-05 13:40:14,2026-09-05,1394406,234,70,90.72440338134766,,32.16001892089844,0.7780547142028809,852.5126953125,183.42636108398438,1021.3182373046875,294.4691162109375,168.8055419921875,111.04275512695312,18744.63246351108,936.9154663085938,238.94773864746094,1920,1080,863.9013671875,200.0478515625,953.917236328125,211.3642120361328,90.015869140625,11.316360473632812,7.165358724473341,left,False,"{'safe_roi': (450, 80, 1500, 420), 'cylinder_roi': (800, 190, 1000, 300)}",ok_cylinder_inside_confirmed
2026-09-05 13:40:19,2026-09-05,1394535,234,70,92.45830535888672,,32.59529113769531,0.7787140011787415,854.9576416015625,184.61434936523438,1018.0703125,296.2220153808594,163.1126708984375,111.607666015625,18204.624496549368,936.5139770507812,240.41818237304688,1920,1080,863.1321411132812,198.56436157226562,954.7677001953125,210.8713836669922,91.63555908203125,12.307022094726562,7.649280045008658,left,False,"{'safe_roi': (450, 80, 1500, 420), 'cylinder_roi': (800, 190, 1000, 300)}",ok_cylinder_inside_confirmed
2026-09-05 13:40:24,2026-09-05,1394661,234,70,96.33872985839844,,29.306182861328125,0.7614643573760986,858.0179443359375,185.10472106933594,1018.075439453125,294.5096740722656,160.0574951171875,109.40495300292969,17511.082731062546,938.0466918945312,239.80718994140625,1920,1080,861.3426513671875,199.82156372070312,956.5225830078125,214.71893310546875,95.179931640625,14.897369384765625,8.895646001970489,left,False,"{'safe_roi': (450, 80, 1500, 420), 'cylinder_roi': (800, 190, 1000, 300)}",ok_cylinder_inside_confirmed
2026-09-05 13:40:29,2026-09-05,1394785,234,70,97.5792236328125,,25.208084106445312,0.761030912399292,864.5685424804688,184.32656860351562,1028.3157958984375,294.5400085449219,163.74725341796875,110.21343994140625,18047.148080151528,946.442138671875,239.43328857421875,1920,1080,864.423828125,196.54248046875,960.8729248046875,211.35044860839844,96.4490966796875,14.807968139648438,8.728546249267824,left,False,"{'safe_roi': (450, 80, 1500, 420), 'cylinder_roi': (800, 190, 1000, 300)}",ok_cylinder_inside_confirmed
2026-09-05 13:40:35,2026-09-05,1394906,234,70,94.3090591430664,,31.33319091796875,0.7621965408325195,866.9839477539062,183.38668823242188,1032.880126953125,292.8859558105469,165.89617919921875,109.499267578125,18165.51011632383,949.9320068359375,238.13632202148438,1920,1080,866.8238525390625,195.7923126220703,960.1632080078125,209.28167724609375,93.33935546875,13.489364624023438,8.223426275410793,left,False,"{'safe_roi': (450, 80, 1500, 420), 'cylinder_roi': (800, 190, 1000, 300)}",ok_cylinder_inside_confirmed
2026-09-05 13:40:40,2026-09-05,1395034,234,70,91.18250274658203,,33.208740234375,0.7747777104377747,868.1883544921875,184.7137451171875,1036.343017578125,293.77801513671875,168.1546630859375,109.06427001953125,18339.66557984799,952.2656860351562,239.24588012695312,1920,1080,869.23876953125,194.92251586914062,958.872802734375,211.65538024902344,89.634033203125,16.732864379882812,10.57425117484226,left,False,"{'safe_roi': (450, 80, 1500, 420), 'cylinder_roi': (800, 190, 1000, 300)}",ok_cylinder_inside_confirmed
2026-09-05 13:40:45,2026-09-05,1395157,234,70,100.20421600341797,,23.7576904296875,0.7524210214614868,865.6708374023438,185.57284545898438,1036.814453125,294.2957458496094,171.14361572265625,108.722900390625,18607.230284705758,951.24267578125,239.93429565429688,1920,1080,866.5675048828125,192.02682495117188,964.6182861328125,212.6890869140625,98.05078125,20.662261962890625,11.89984419180072,left,False,"{'safe_roi': (450, 80, 1500, 420), 'cylinder_roi': (800, 190, 1000, 300)}",ok_cylinder_inside_confirmed
2026-09-05 13:40:50,2026-09-05,1395285,234,70,96.98795318603516,,28.154815673828125,0.7935534715652466,864.3623046875,184.92369079589844,1035.587646484375,295.2046813964844,171.225341796875,110.28099060058594,18882.900309283286,949.9749755859375,240.06417846679688,1920,1080,869.2534790039062,193.24798583984375,964.0986328125,213.52261352539062,94.84515380859375,20.274627685546875,12.066259961043881,left,False,"{'safe_roi': (450, 80, 1500, 420), 'cylinder_roi': (800, 190, 1000, 300)}",ok_cylinder_inside_confirmed
2026-09-05 13:40:55,2026-09-05,1395411,234,70,98.4797592163086,,34.77363586425781,0.7785477042198181,861.4234619140625,185.30772399902344,1036.827880859375,294.75628662109375,175.4044189453125,109.44856262207031,19197.76153112389,949.1256713867188,240.03201293945312,1920,1080,862.4365234375,196.7569122314453,959.6571655273438,212.45436096191406,97.22064208984375,15.69744873046875,9.171939186056012,left,False,"{'safe_roi': (450, 80, 1500, 420), 'cylinder_roi': (800, 190, 1000, 300)}",ok_cylinder_inside_confirmed
2026-09-05 13:41:00,2026-09-05,1395538,234,70,94.03923034667969,,36.46502685546875,0.7960061430931091,860.6024780273438,183.23814392089844,1035.970703125,293.94873046875,175.36822509765625,110.71058654785156,19415.119062417187,948.28662109375,238.59344482421875,1920,1080,864.7826538085938,196.2530517578125,957.3115234375,213.03952026367188,92.52886962890625,16.786468505859375,10.282689484264347,left,False,"{'safe_roi': (450, 80, 1500, 420), 'cylinder_roi': (800, 190, 1000, 300)}",ok_cylinder_inside_confirmed
2026-09-05 13:41:05,2026-09-05,1395669,234,70,98.27518463134766,,27.892059326171875,0.7825167775154114,860.3199462890625,184.30404663085938,1033.7694091796875,293.6947326660156,173.449462890625,109.39068603515625,18973.755738034844,947.044677734375,238.9993896484375,1920,1080,863.6583251953125,196.95159912109375,960.3668212890625,214.42953491210938,96.70849609375,17.477935791015625,10.244372434907739,left,False,"{'safe_roi': (450, 80, 1500, 420), 'cylinder_roi': (800, 190, 1000, 300)}",ok_cylinder_inside_confirmed
2026-09-05 13:41:10,2026-09-05,1395790,234,70,95.32535552978516,,37.146759033203125,0.792599081993103,857.978759765625,183.40518188476562,1035.9796142578125,294.5558166503906,178.0008544921875,111.150634765625,19784.907965630293,946.9791870117188,238.98049926757812,1920,1080,866.3763427734375,195.91615295410156,960.49560546875,211.03196716308594,94.1192626953125,15.115814208984375,9.123947816671636,left,False,"{'safe_roi': (450, 80, 1500, 420), 'cylinder_roi': (800, 190, 1000, 300)}",ok_cylinder_inside_confirmed
2026-09-05 13:41:15,2026-09-05,1395918,234,70,100.92889404296875,,26.844924926757812,0.7816699743270874,857.8904418945312,184.349609375,1035.0303955078125,294.1441650390625,177.13995361328125,109.7945556640625,19449.002497322857,946.46044921875,239.24688720703125,1920,1080,863.024658203125,194.65817260742188,962.4463500976562,212.03543090820312,99.42169189453125,17.37725830078125,9.914201867611784,left,False,"{'safe_roi': (450, 80, 1500, 420), 'cylinder_roi': (800, 190, 1000, 300)}",ok_cylinder_inside_confirmed
2026-09-05 13:41:20,2026-09-05,1396042,234,70,98.8668212890625,,27.034072875976562,0.7775013446807861,859.2064819335938,184.3855743408203,1033.429931640625,293.91455078125,174.22344970703125,109.52897644042969,19082.516118331812,946.3182373046875,239.15005493164062,1920,1080,863.6463623046875,191.92855834960938,960.8071899414062,210.21575927734375,97.16082763671875,18.287200927734375,10.659268456872056,left,False,"{'safe_roi': (450, 80, 1500, 420), 'cylinder_roi': (800, 190, 1000, 300)}",ok_cylinder_inside_confirmed
2026-09-05 13:41:25,2026-09-05,1396166,234,70,98.28030395507812,,27.2259521484375,0.7849382162094116,858.2041015625,184.21334838867188,1033.234130859375,293.0799560546875,175.030029296875,108.86660766601562,19054.92552923411,945.7191162109375,238.6466522216797,1920,1080,862.8977661132812,194.41014099121094,959.8648681640625,210.42262268066406,96.96710205078125,16.012481689453125,9.376810919225026,left,False,"{'safe_roi': (450, 80, 1500, 420), 'cylinder_roi': (800, 190, 1000, 300)}",ok_cylinder_inside_confirmed
2026-09-05 13:41:30,2026-09-05,1396281,234,70,96.10453796386719,,29.899337768554688,0.7838683128356934,858.1270141601562,184.31008911132812,1034.8243408203125,294.8216247558594,176.69732666015625,110.51153564453125,19527.09291349724,946.4757080078125,239.56585693359375,1920,1080,866.6365966796875,191.1420135498047,960.7850952148438,210.43301391601562,94.14849853515625,19.291000366210938,11.579611853618111,left,False,"{'safe_roi': (450, 80, 1500, 420), 'cylinder_roi': (800, 190, 1000, 300)}",ok_cylinder_inside_confirmed
2026-09-05 13:41:35,2026-09-05,1396402,234,70,97.75749969482422,,28.013870239257812,0.7808752059936523,860.047607421875,185.55198669433594,1035.4903564453125,295.28662109375,175.4427490234375,109.73463439941406,19252.145922115073,947.7689819335938,240.4193115234375,1920,1080,867.9207763671875,191.16094970703125,963.7105712890625,210.67616271972656,95.789794921875,19.515213012695312,11.515253748100081,left,False,"{'safe_roi': (450, 80, 1500, 420), 'cylinder_roi': (800, 190, 1000, 300)}",ok_cylinder_inside_confirmed
2026-09-05 13:41:40,2026-09-05,1396517,234,70,94.88043212890625,,36.35267639160156,0.7973523736000061,858.109375,183.53671264648438,1033.0458984375,294.9435119628906,174.9365234375,111.40679931640625,19489.11815971136,945.57763671875,239.2401123046875,1920,1080,866.2203369140625,194.3209228515625,959.3328247070312,212.55169677734375,93.11248779296875,18.23077392578125,11.077973987636794,left,False,"{'safe_roi': (450, 80, 1500, 420), 'cylinder_roi': (800, 190, 1000, 300)}",ok_cylinder_inside_confirmed
2026-09-05 13:41:45,2026-09-05,1396644,234,70,97.16983032226562,,31.280548095703125,0.7863379716873169,858.8995361328125,183.8598175048828,1032.223876953125,293.2987060546875,173.3243408203125,109.43888854980469,18968.423218002543,945.5617065429688,238.57925415039062,1920,1080,865.4815673828125,195.13107299804688,960.6268310546875,214.86312866210938,95.145263671875,19.7320556640625,11.716408852454052,left,False,"{'safe_roi': (450, 80, 1500, 420), 'cylinder_roi': (800, 190, 1000, 300)}",ok_cylinder_inside_confirmed
2026-09-05 13:41:50,2026-09-05,1396771,234,70,95.78355407714844,,37.63897705078125,0.8000689744949341,859.2451782226562,183.467041015625,1035.7734375,293.7643737792969,176.52825927734375,110.29733276367188,19470.59615570493,947.50927734375,238.61570739746094,1920,1080,867.5023193359375,198.0944366455078,961.6740112304688,215.59246826171875,94.17169189453125,17.498031616210938,10.526079261941904,left,False,"{'safe_roi': (450, 80, 1500, 420), 'cylinder_roi': (800, 190, 1000, 300)}",ok_cylinder_inside_confirmed
2026-09-05 13:41:55,2026-09-05,1396892,234,70,96.39051055908203,,36.49311828613281,0.8019680976867676,860.03125,184.36032104492188,1034.67724609375,295.288818359375,174.64599609375,110.92849731445312,19373.217908665538,947.354248046875,239.82456970214844,1920,1080,866.4345703125,196.44821166992188,961.1925048828125,214.11355590820312,94.7579345703125,17.66534423828125,10.560198847224449,left,False,"{'safe_roi': (450, 80, 1500, 420), 'cylinder_roi': (800, 190, 1000, 300)}",ok_cylinder_inside_confirmed
2026-09-05 13:42:00,2026-09-05,1397016,234,70,97.51500701904297,,35.9681396484375,0.784182071685791,857.892333984375,184.3777618408203,1034.7911376953125,294.05859375,176.8988037109375,109.68083190917969,19402.407954754308,946.3417358398438,239.21817016601562,1920,1080,866.6307373046875,195.40402221679688,962.5459594726562,212.9951171875,95.91522216796875,17.591094970703125,10.392693844816506,left,False,"{'safe_roi': (450, 80, 1500, 420), 'cylinder_roi': (800, 190, 1000, 300)}",ok_cylinder_inside_confirmed
2026-09-05 13:42:05,2026-09-05,1397137,234,70,98.90320587158203,,34.67619323730469,0.7848314046859741,859.0760498046875,184.04762268066406,1034.1484375,294.1202392578125,175.0723876953125,110.07261657714844,19270.675804032013,946.6122436523438,239.08392333984375,1920,1080,865.335205078125,194.53465270996094,962.7366943359375,211.7042236328125,97.4014892578125,17.169570922851562,9.997181908977554,left,False,"{'safe_roi': (450, 80, 1500, 420), 'cylinder_roi': (800, 190, 1000, 300)}",ok_cylinder_inside_confirmed
2026-09-05 13:42:10,2026-09-05,1397260,234,70,97.05522918701172,,37.18882751464844,0.7881637215614319,860.1923217773438,183.3925323486328,1033.850830078125,295.1045837402344,173.65850830078125,111.71205139160156,19399.74820388574,947.0216064453125,239.24856567382812,1920,1080,867.3881225585938,194.77426147460938,962.8953247070312,212.03958129882812,95.5072021484375,17.26531982421875,10.24698169708767,left,False,"{'safe_roi': (450, 80, 1500, 420), 'cylinder_roi': (800, 190, 1000, 300)}",ok_cylinder_inside_confirmed
2026-09-05 13:42:15,2026-09-05,1397386,234,70,98.4606704711914,,32.69526672363281,0.7831977009773254,861.2114868164062,184.33522033691406,1035.5595703125,294.07342529296875,174.34808349609375,109.73820495605469,19132.64572038967,948.385498046875,239.20431518554688,1920,1080,865.72509765625,191.5116424560547,962.1190185546875,211.57943725585938,96.3939208984375,20.067794799804688,11.760158374709214,left,False,"{'safe_roi': (450, 80, 1500, 420), 'cylinder_roi': (800, 190, 1000, 300)}",ok_cylinder_inside_confirmed
2026-09-05 13:42:20,2026-09-05,1397503,234,70,99.76529693603516,,31.328704833984375,0.7782697081565857,858.877197265625,183.94052124023438,1034.72119140625,294.0527648925781,175.843994140625,110.11224365234375,19362.576727613807,946.7991943359375,238.99664306640625,1920,1080,864.2701416015625,194.17678833007812,962.5706787109375,211.20968627929688,98.300537109375,17.03289794921875,9.83024694988168,left,False,"{'safe_roi': (450, 80, 1500, 420), 'cylinder_roi': (800, 190, 1000, 300)}",ok_cylinder_inside_confirmed
2026-09-05 13:42:25,2026-09-05,1397625,234,70,100.404296875,,32.70118713378906,0.7811110615730286,857.948974609375,184.3690185546875,1035.387451171875,293.7774963378906,177.4384765625,109.40847778320312,19413.27362087369,946.668212890625,239.07325744628906,1920,1080,863.67236328125,196.32122802734375,962.7611083984375,212.5213165283203,99.0887451171875,16.200088500976562,9.285180260935302,left,False,"{'safe_roi': (450, 80, 1500, 420), 'cylinder_roi': (800, 190, 1000, 300)}",ok_cylinder_inside_confirmed
2026-09-05 13:42:30,2026-09-05,1397742,234,70,101.49576568603516,,28.1107177734375,0.7843553423881531,860.1409912109375,183.975341796875,1034.4874267578125,293.8075256347656,174.346435546875,109.83218383789062,19148.849760465324,947.314208984375,238.8914337158203,1920,1080,863.8939819335938,191.42962646484375,963.0482177734375,213.10513305664062,99.15423583984375,21.675506591796875,12.331100560935962,left,False,"{'safe_roi': (450, 80, 1500, 420), 'cylinder_roi': (800, 190, 1000, 300)}",ok_cylinder_inside_confirmed
2026-09-05 13:42:35,2026-09-05,1397867,234,70,103.56812286376953,,32.86114501953125,0.7859638333320618,860.2855224609375,184.50245666503906,1035.9854736328125,294.5946350097656,175.699951171875,110.09217834472656,19343.19035957381,948.135498046875,239.54855346679688,1920,1080,861.0537109375,194.43511962890625,962.96337890625,212.89523315429688,101.90966796875,18.460113525390625,10.267335291968566,left,False,"{'safe_roi': (450, 80, 1500, 420), 'cylinder_roi': (800, 190, 1000, 300)}",ok_cylinder_inside_confirmed
2026-09-05 13:42:40,2026-09-05,1397992,234,70,97.3065414428711,,33.87359619140625,0.7825800776481628,858.6973876953125,184.07965087890625,1035.5555419921875,293.5708923339844,176.858154296875,109.49124145507812,19364.418875418603,947.12646484375,238.8252716064453,1920,1080,864.4247436523438,195.26576232910156,960.0810546875,213.11045837402344,95.65631103515625,17.844696044921875,10.567070345619616,left,False,"{'safe_roi': (450, 80, 1500, 420), 'cylinder_roi': (800, 190, 1000, 300)}",ok_cylinder_inside_confirmed
2026-09-05 13:42:45,2026-09-05,1398107,234,70,100.66484069824219,,27.349761962890625,0.7714378833770752,858.524169921875,184.9079132080078,1034.1715087890625,295.3294677734375,175.6473388671875,110.42155456542969,19395.252212995663,946.3478393554688,240.11868286132812,1920,1080,864.0760498046875,195.00184631347656,962.978515625,213.755859375,98.9024658203125,18.754013061523438,10.73702312185393,left,False,"{'safe_roi': (450, 80, 1500, 420), 'cylinder_roi': (800, 190, 1000, 300)}",ok_cylinder_inside_confirmed
2026-09-05 13:42:50,2026-09-05,1398231,234,70,100.67282104492188,,29.939498901367188,0.787523090839386,859.1787109375,185.8677520751953,1036.5791015625,298.3245849609375,177.400390625,112.45683288574219,19949.88608238101,947.87890625,242.09616088867188,1920,1080,863.5670776367188,194.62265014648438,962.70556640625,212.13197326660156,99.13848876953125,17.509323120117188,10.015992085250513,left,False,"{'safe_roi': (450, 80, 1500, 420), 'cylinder_roi': (800, 190, 1000, 300)}",ok_cylinder_inside_confirmed
2026-09-05 13:42:55,2026-09-05,1398357,234,70,99.8668441772461,,32.87078857421875,0.7818260192871094,858.5586547851562,184.68145751953125,1034.399169921875,295.1037292480469,175.84051513671875,110.42227172851562,19416.709143308923,946.4788818359375,239.89259338378906,1920,1080,863.9957275390625,196.892822265625,962.511474609375,213.26455688476562,98.5157470703125,16.371734619140625,9.435409205892599,left,False,"{'safe_roi': (450, 80, 1500, 420), 'cylinder_roi': (800, 190, 1000, 300)}",ok_cylinder_inside_confirmed
2026-09-05 13:43:00,2026-09-05,1398485,234,70,102.1827392578125,,32.13543701171875,0.782899022102356,856.8672485351562,186.9288787841797,1034.5950927734375,297.337158203125,177.72784423828125,110.40827941894531,19622.625487186946,945.731201171875,242.13302612304688,1920,1080,863.42138671875,196.74014282226562,964.1893310546875,213.6851806640625,100.7679443359375,16.945037841796875,9.54549609634341,left,False,"{'safe_roi': (450, 80, 1500, 420), 'cylinder_roi': (800, 190, 1000, 300)}",ok_cylinder_inside_confirmed
2026-09-05 13:43:05,2026-09-05,1398602,234,70,103.33281707763672,,29.202438354492188,0.773802638053894,859.5650634765625,184.30966186523438,1036.17431640625,295.9075927734375,176.6092529296875,111.59793090820312,19709.227206196636,947.8696899414062,240.10862731933594,1920,1080,863.60107421875,194.5982666015625,965.4618530273438,211.97792053222656,101.86077880859375,17.379653930664062,9.682659112671654,left,False,"{'safe_roi': (450, 80, 1500, 420), 'cylinder_roi': (800, 190, 1000, 300)}",ok_cylinder_inside_confirmed
2026-09-05 13:43:10,2026-09-05,1398733,234,70,104.9506607055664,,29.378646850585938,0.7804682850837708,859.328125,184.333984375,1035.71728515625,295.92364501953125,176.38916015625,111.58966064453125,19683.20652320981,947.522705078125,240.12881469726562,1920,1080,863.3656005859375,191.49371337890625,966.1373291015625,212.76841735839844,102.771728515625,21.274703979492188,11.695564074111692,left,False,"{'safe_roi': (450, 80, 1500, 420), 'cylinder_roi': (800, 190, 1000, 300)}",ok_cylinder_inside_confirmed
2026-09-05 13:43:15,2026-09-05,1398851,234,70,103.6788330078125,,28.43890380859375,0.7744323015213013,858.36962890625,186.71282958984375,1036.65869140625,297.7440185546875,178.2890625,111.03118896484375,19795.646588802338,947.51416015625,242.22842407226562,1920,1080,863.6058349609375,192.10397338867188,965.31982421875,212.19290161132812,101.7139892578125,20.08892822265625,11.172361433112329,left,False,"{'safe_roi': (450, 80, 1500, 420), 'cylinder_roi': (800, 190, 1000, 300)}",ok_cylinder_inside_confirmed
2026-09-05 13:43:21,2026-09-05,1398969,234,70,103.50389099121094,,30.163894653320312,0.7863571643829346,856.7846069335938,184.55526733398438,1034.67041015625,294.3467712402344,177.88580322265625,109.79150390625,19530.349859386683,945.7275390625,239.45101928710938,1920,1080,861.1485595703125,194.23080444335938,963.223876953125,211.3680419921875,102.0753173828125,17.137237548828125,9.530403759707461,left,False,"{'safe_roi': (450, 80, 1500, 420), 'cylinder_roi': (800, 190, 1000, 300)}",ok_cylinder_inside_confirmed
2026-09-05 13:43:26,2026-09-05,1399086,234,70,102.11215209960938,,26.964309692382812,0.7796754240989685,855.140869140625,184.27508544921875,1035.6007080078125,295.42388916015625,180.4598388671875,111.1488037109375,20057.895207956433,945.3707885742188,239.8494873046875,1920,1080,861.2547607421875,194.70654296875,962.0130615234375,211.27931213378906,100.75830078125,16.572769165039062,9.340402788961333,left,False,"{'safe_roi': (450, 80, 1500, 420), 'cylinder_roi': (800, 190, 1000, 300)}",ok_cylinder_inside_confirmed
2026-09-05 13:43:31,2026-09-05,1399215,234,70,102.84834289550781,,28.026229858398438,0.7825108766555786,856.0157470703125,184.54989624023438,1036.12255859375,293.7658996582031,180.1068115234375,109.21600341796875,19670.546142943203,946.0691528320312,239.15789794921875,1920,1080,860.9989013671875,193.609375,962.5484008789062,209.90293884277344,101.54949951171875,16.293563842773438,9.115385335761562,left,False,"{'safe_roi': (450, 80, 1500, 420), 'cylinder_roi': (800, 190, 1000, 300)}",ok_cylinder_inside_confirmed
2026-09-05 13:43:36,2026-09-05,1399342,234,70,101.55584716796875,,26.333770751953125,0.7902364730834961,856.9697265625,185.85430908203125,1036.1458740234375,297.0692443847656,179.1761474609375,111.21493530273438,19927.063647661358,946.5578002929688,241.46177673339844,1920,1080,862.39306640625,191.78651428222656,962.425048828125,209.31341552734375,100.031982421875,17.526901245117188,9.938085053366141,left,False,"{'safe_roi': (450, 80, 1500, 420), 'cylinder_roi': (800, 190, 1000, 300)}",ok_cylinder_inside_confirmed
2026-09-05 13:43:41,2026-09-05,1399462,234,70,103.7206039428711,,26.111465454101562,0.7737681865692139,857.5507202148438,185.46278381347656,1034.642822265625,295.3914794921875,177.09210205078125,109.92869567871094,19467.503793443553,946.0968017578125,240.4271240234375,1920,1080,861.3589477539062,194.64129638671875,963.527587890625,212.51678466796875,102.16864013671875,17.87548828125,9.924056044461965,left,False,"{'safe_roi': (450, 80, 1500, 420), 'cylinder_roi': (800, 190, 1000, 300)}",ok_cylinder_inside_confirmed
2026-09-05 13:43:46,2026-09-05,1399588,234,70,103.74644470214844,,30.375244140625,0.7550998330116272,856.7816162109375,184.1874542236328,1035.293212890625,294.64923095703125,178.5115966796875,110.46177673339844,19718.70813675411,946.0374145507812,239.4183349609375,1920,1080,860.21337890625,196.12010192871094,963.0228271484375,210.03204345703125,102.8094482421875,13.911941528320312,7.706325966336592,left,False,"{'safe_roi': (450, 80, 1500, 420), 'cylinder_roi': (800, 190, 1000, 300)}",ok_cylinder_inside_confirmed
2026-09-05 13:43:51,2026-09-05,1399713,234,70,102.58415985107422,,28.59185791015625,0.7858235239982605,855.10791015625,184.98056030273438,1036.3875732421875,295.5208740234375,181.2796630859375,110.54031372070312,20038.710828702897,945.7477416992188,240.25071716308594,1920,1080,863.4657592773438,194.4492645263672,964.5626220703125,211.85427856445312,101.09686279296875,17.405014038085938,9.768382993908169,left,False,"{'safe_roi': (450, 80, 1500, 420), 'cylinder_roi': (800, 190, 1000, 300)}",ok_cylinder_inside_confirmed
2026-09-05 13:43:56,2026-09-05,1399835,234,70,103.75852966308594,,28.206314086914062,0.7817862033843994,857.491943359375,184.07327270507812,1035.220458984375,295.8616943359375,177.728515625,111.78842163085938,19867.99024051428,946.356201171875,239.9674835205078,1920,1080,861.8900146484375,195.6940155029297,964.0430908203125,213.87591552734375,102.153076171875,18.181900024414062,10.092207234762524,left,False,"{'safe_roi': (450, 80, 1500, 420), 'cylinder_roi': (800, 190, 1000, 300)}",ok_cylinder_inside_confirmed
2026-09-05 13:44:01,2026-09-05,1399963,234,70,100.92691802978516,,30.310409545898438,0.7573992609977722,852.3232421875,185.0664825439453,1033.4739990234375,293.8543395996094,181.1507568359375,108.78785705566406,19707.00264019333,942.8986206054688,239.46041870117188,1920,1080,859.9510498046875,195.60211181640625,960.1905517578125,207.36158752441406,100.239501953125,11.759475708007812,6.691001766183384,left,False,"{'safe_roi': (450, 80, 1500, 420), 'cylinder_roi': (800, 190, 1000, 300)}",ok_cylinder_inside_confirmed
2026-09-05 13:44:06,2026-09-05,1400081,234,70,97.71052551269531,,30.372833251953125,0.7527326941490173,849.5313110351562,184.39883422851562,1034.17236328125,295.6059875488281,184.64105224609375,111.2071533203125,20533.40580635518,941.851806640625,240.00241088867188,1920,1080,861.2359619140625,194.39236450195312,957.717529296875,209.8407745361328,96.4815673828125,15.448410034179688,9.09685413616539,left,False,"{'safe_roi': (450, 80, 1500, 420), 'cylinder_roi': (800, 190, 1000, 300)}",ok_cylinder_inside_confirmed
2026-09-05 13:44:15,2026-09-05,1400299,234,70,98.51351165771484,,27.167678833007812,0.7593273520469666,849.368896484375,184.6021728515625,1029.164794921875,293.4422607421875,179.7958984375,108.840087890625,19569.001388311386,939.266845703125,239.022216796875,1920,1080,859.3915405273438,195.6691436767578,956.3089599609375,213.33056640625,96.91741943359375,17.661422729492188,10.32777754372262,left,False,"{'safe_roi': (450, 80, 1500, 420), 'cylinder_roi': (800, 190, 1000, 300)}",ok_cylinder_inside_confirmed
2026-09-05 13:44:20,2026-09-05,1400419,234,70,98.30316925048828,,31.257354736328125,0.6894949078559875,856.053955078125,185.60171508789062,1029.087158203125,294.1256408691406,173.033203125,108.52392578125,18778.242493629456,942.570556640625,239.86367797851562,1920,1080,859.4483032226562,194.7176055908203,956.53271484375,210.14906311035156,97.08441162109375,15.43145751953125,9.031545280327121,left,False,"{'safe_roi': (450, 80, 1500, 420), 'cylinder_roi': (800, 190, 1000, 300)}",ok_cylinder_inside_confirmed
2026-09-05 13:44:25,2026-09-05,1400542,234,70,97.60626220703125,,27.929718017578125,0.6420238018035889,853.1213989257812,184.84323120117188,1026.34423828125,295.318603515625,173.22283935546875,110.47537231445312,19136.857671162114,939.7327880859375,240.08091735839844,1920,1080,860.45654296875,193.8994140625,956.6298828125,210.56288146972656,96.17333984375,16.663467407226562,9.82975925230928,left,False,"{'safe_roi': (450, 80, 1500, 420), 'cylinder_roi': (800, 190, 1000, 300)}",ok_cylinder_inside_confirmed
2026-09-05 13:44:30,2026-09-05,1400669,234,70,94.70687103271484,,35.24908447265625,0.7543872594833374,856.50732421875,185.3325958251953,1028.794189453125,293.1948547363281,172.286865234375,107.86225891113281,18583.250464897603,942.6507568359375,239.26373291015625,1920,1080,862.646240234375,194.65199279785156,956.533935546875,207.0814971923828,93.8876953125,12.42950439453125,7.5413594092364,left,False,"{'safe_roi': (450, 80, 1500, 420), 'cylinder_roi': (800, 190, 1000, 300)}",ok_cylinder_inside_confirmed
2026-09-05 13:44:35,2026-09-05,1400799,234,70,100.11646270751953,,31.233428955078125,0.7655361890792847,854.335205078125,185.9864044189453,1030.2650146484375,292.70703125,175.9298095703125,106.72062683105469,18775.339555611834,942.3001098632812,239.34671020507812,1920,1080,859.6661987304688,198.3425750732422,958.8999633789062,211.6077880859375,99.2337646484375,13.265213012695312,7.613955769111813,left,False,"{'safe_roi': (450, 80, 1500, 420), 'cylinder_roi': (800, 190, 1000, 300)}",ok_cylinder_inside_confirmed
2026-09-05 13:44:40,2026-09-05,1400919,234,70,98.82859802246094,,30.394943237304688,0.7679603695869446,856.134033203125,185.4595947265625,1030.8125,293.30718994140625,174.678466796875,107.84759521484375,18838.6525798589,943.4732666015625,239.38339233398438,1920,1080,861.916015625,196.54116821289062,959.854736328125,209.77365112304688,97.938720703125,13.23248291015625,7.694627270551883,left,False,"{'safe_roi': (450, 80, 1500, 420), 'cylinder_roi': (800, 190, 1000, 300)}",ok_cylinder_inside_confirmed
2026-09-05 13:44:45,2026-09-05,1401044,234,70,100.50990295410156,,32.18052673339844,0.7625232338905334,857.9637451171875,184.4158172607422,1033.4578857421875,294.11785888671875,175.494140625,109.70204162597656,19252.065519958735,945.7108154296875,239.266845703125,1920,1080,861.47314453125,195.97845458984375,960.8773193359375,210.8462371826172,99.4041748046875,14.867782592773438,8.506612761009347,left,False,"{'safe_roi': (450, 80, 1500, 420), 'cylinder_roi': (800, 190, 1000, 300)}",ok_cylinder_inside_confirmed
2026-09-05 13:44:50,2026-09-05,1401163,234,70,100.84619140625,,30.841339111328125,0.729138970375061,856.7545166015625,185.69760131835938,1034.385498046875,294.6687316894531,177.6309814453125,108.97113037109375,19356.648837022483,945.5700073242188,240.18316650390625,1920,1080,861.1488647460938,194.3827362060547,960.7650146484375,210.0854949951172,99.61614990234375,15.7027587890625,8.957975434955387,left,False,"{'safe_roi': (450, 80, 1500, 420), 'cylinder_roi': (800, 190, 1000, 300)}",ok_cylinder_inside_confirmed
2026-09-05 13:44:55,2026-09-05,1401283,234,70,102.20288848876953,,28.184555053710938,0.7454307675361633,857.2018432617188,185.0332794189453,1033.919921875,293.8266296386719,176.71807861328125,108.79335021972656,19225.751816731878,945.5609130859375,239.42996215820312,1920,1080,862.1802368164062,193.05209350585938,962.66552734375,211.71051025390625,100.48529052734375,18.658416748046875,10.519055136507552,left,False,"{'safe_roi': (450, 80, 1500, 420), 'cylinder_roi': (800, 190, 1000, 300)}",ok_cylinder_inside_confirmed
2026-09-05 13:45:00,2026-09-05,1401410,234,70,98.99915313720703,,25.346527099609375,0.767206609249115,859.044677734375,186.03805541992188,1033.198974609375,294.1451416015625,174.154296875,108.10708618164062,18827.31358116865,946.121826171875,240.0915985107422,1920,1080,862.5865478515625,194.38038635253906,960.090087890625,211.52365112304688,97.5035400390625,17.143264770507812,9.971935251728851,left,False,"{'safe_roi': (450, 80, 1500, 420), 'cylinder_roi': (800, 190, 1000, 300)}",ok_cylinder_inside_confirmed
2026-09-05 13:45:05,2026-09-05,1401532,234,70,101.46143341064453,,30.635284423828125,0.710353434085846,858.8506469726562,184.96316528320312,1035.01416015625,295.689208984375,176.16351318359375,110.72604370117188,19505.88885931857,946.932373046875,240.32618713378906,1920,1080,862.54345703125,195.78366088867188,963.1451416015625,208.964111328125,100.6016845703125,13.180450439453125,7.464161018753344,left,False,"{'safe_roi': (450, 80, 1500, 420), 'cylinder_roi': (800, 190, 1000, 300)}",ok_cylinder_inside_confirmed
2026-09-05 13:45:10,2026-09-05,1401649,234,70,102.9617691040039,,26.743942260742188,0.7730256915092468,859.2432861328125,185.13656616210938,1034.6441650390625,294.2822265625,175.40087890625,109.14566040039062,19144.244763031602,946.9437255859375,239.7093963623047,1920,1080,862.426513671875,196.2089080810547,963.9921875,213.10684204101562,101.565673828125,16.897933959960938,9.446031622363476,left,False,"{'safe_roi': (450, 80, 1500, 420), 'cylinder_roi': (800, 190, 1000, 300)}",ok_cylinder_inside_confirmed
2026-09-05 13:45:15,2026-09-05,1401771,234,70,105.41804504394531,,30.8623046875,0.758905291557312,857.3260498046875,184.387451171875,1035.2452392578125,293.09588623046875,177.919189453125,108.70843505859375,19341.316652342677,946.28564453125,238.74166870117188,1920,1080,859.8067016601562,197.41554260253906,963.9742431640625,213.60464477539062,104.16754150390625,16.189102172851562,8.833899703086816,left,False,"{'safe_roi': (450, 80, 1500, 420), 'cylinder_roi': (800, 190, 1000, 300)}",ok_cylinder_inside_confirmed
2026-09-05 13:45:20,2026-09-05,1401894,234,70,102.22301483154297,,25.788482666015625,0.7742945551872253,856.2506103515625,185.0150604248047,1031.9188232421875,294.0286865234375,175.668212890625,109.01362609863281,19150.228877473623,944.084716796875,239.52188110351562,1920,1080,862.3814086914062,194.7979736328125,962.89794921875,213.39822387695312,100.51654052734375,18.600250244140625,10.483803153479997,left,False,"{'safe_roi': (450, 80, 1500, 420), 'cylinder_roi': (800, 190, 1000, 300)}",ok_cylinder_inside_confirmed
2026-09-05 13:45:25,2026-09-05,1402014,234,70,103.72052001953125,,26.993911743164062,0.7666866183280945,855.3991088867188,184.69692993164062,1031.9261474609375,292.7247314453125,176.52703857421875,108.02780151367188,19069.827884892,943.66259765625,238.71083068847656,1920,1080,862.4580078125,193.095703125,964.4810791015625,211.78366088867188,102.0230712890625,18.687957763671875,10.380016445618077,left,False,"{'safe_roi': (450, 80, 1500, 420), 'cylinder_roi': (800, 190, 1000, 300)}",ok_cylinder_inside_confirmed
2026-09-05 13:45:30,2026-09-05,1402141,234,70,88.20001983642578,,16.721237182617188,0.5479505062103271,861.10986328125,186.43170166015625,1023.00537109375,291.0373229980469,161.8955078125,104.60562133789062,16935.18018653989,942.0576171875,238.73451232910156,1920,1080,868.3243408203125,205.7377471923828,954.9467163085938,222.34518432617188,86.62237548828125,16.607437133789062,10.853176699358551,left,False,"{'safe_roi': (450, 80, 1500, 420), 'cylinder_roi': (800, 190, 1000, 300)}",ok_cylinder_inside_confirmed
2026-09-05 13:46:19,2026-09-05,1403317,234,71,107.31964874267578,,38.5015869140625,0.7623257637023926,833.6749267578125,179.8376007080078,1017.339111328125,291.0888671875,183.6641845703125,111.25126647949219,20432.873140370473,925.5070190429688,235.46322631835938,1920,1080,834.731201171875,202.95318603515625,941.5781860351562,213.014404296875,106.84698486328125,10.06121826171875,5.379379798757537,left,False,"{'safe_roi': (450, 80, 1500, 420), 'cylinder_roi': (800, 190, 1000, 300)}",ok_cylinder_inside_confirmed
2026-09-05 13:46:24,2026-09-05,1403438,234,71,105.3364486694336,,34.674652099609375,0.7659947872161865,830.5966796875,180.74037170410156,1013.59228515625,290.802978515625,182.99560546875,110.06260681152344,20140.9733729437,922.094482421875,235.77166748046875,1920,1080,834.0032958984375,202.21295166015625,938.412353515625,216.15985107421875,104.4090576171875,13.9468994140625,7.608495316935885,left,False,"{'safe_roi': (450, 80, 1500, 420), 'cylinder_roi': (800, 190, 1000, 300)}",ok_cylinder_inside_confirmed
2026-09-05 13:46:29,2026-09-05,1403561,234,71,106.04129791259766,,37.857666015625,0.7503551840782166,832.3604736328125,180.6824493408203,1021.0908203125,292.2420349121094,188.7303466796875,111.55958557128906,21054.67926031165,926.7256469726562,236.46224975585938,1920,1080,834.8488159179688,202.3951873779297,940.26708984375,213.8731689453125,105.41827392578125,11.477981567382812,6.213908146104934,left,False,"{'safe_roi': (450, 80, 1500, 420), 'cylinder_roi': (800, 190, 1000, 300)}",ok_cylinder_inside_confirmed
2026-09-05 13:46:34,2026-09-05,1403683,234,71,107.76297760009766,,35.82989501953125,0.7644343972206116,829.8346557617188,179.63580322265625,1016.4006958007812,292.05712890625,186.5660400390625,112.42132568359375,20974.001548729837,923.11767578125,235.84646606445312,1920,1080,834.190185546875,204.1732635498047,941.4901123046875,214.1525115966797,107.2999267578125,9.979248046875,5.313412500051221,left,False,"{'safe_roi': (450, 80, 1500, 420), 'cylinder_roi': (800, 190, 1000, 300)}",ok_cylinder_inside_confirmed
2026-09-05 13:46:39,2026-09-05,1403803,234,71,107.27974700927734,,32.71917724609375,0.7690450549125671,830.9850463867188,180.59442138671875,1018.0662231445312,291.0598449707031,187.0811767578125,110.46542358398438,20666.00143514201,924.525634765625,235.82713317871094,1920,1080,833.83984375,204.95718383789062,940.841552734375,212.67584228515625,107.001708984375,7.718658447265625,4.125932701543299,left,False,"{'safe_roi': (450, 80, 1500, 420), 'cylinder_roi': (800, 190, 1000, 300)}",ok_cylinder_inside_confirmed
2026-09-05 13:46:44,2026-09-05,1403927,234,71,108.80268096923828,,37.10142517089844,0.7648914456367493,830.3250732421875,179.30459594726562,1017.5286865234375,291.3138427734375,187.20361328125,112.00924682617188,20968.53572677076,923.9268798828125,235.30921936035156,1920,1080,833.354736328125,204.4022674560547,941.6719360351562,214.66909790039062,108.31719970703125,10.266830444335938,5.414595803204111,left,False,"{'safe_roi': (450, 80, 1500, 420), 'cylinder_roi': (800, 190, 1000, 300)}",ok_cylinder_inside_confirmed
2026-09-05 13:46:49,2026-09-05,1404059,234,71,110.5288314819336,,33.387939453125,0.7626495957374573,827.87451171875,181.40728759765625,1017.4952392578125,291.2239685058594,189.6207275390625,109.81668090820312,20823.51892973855,922.6848754882812,236.3156280517578,1920,1080,831.6749267578125,205.71957397460938,941.9240112304688,213.5784149169922,110.24908447265625,7.8588409423828125,4.077295370635124,left,False,"{'safe_roi': (450, 80, 1500, 420), 'cylinder_roi': (800, 190, 1000, 300)}",ok_cylinder_inside_confirmed
2026-09-05 13:46:54,2026-09-05,1404184,234,71,108.00543975830078,,37.43389892578125,0.7607010006904602,828.2611083984375,179.55853271484375,1015.86181640625,289.8555908203125,187.6007080078125,110.29705810546875,20691.806191764772,922.0614624023438,234.70706176757812,1920,1080,833.3457641601562,205.39004516601562,940.9427490234375,214.77427673339844,107.59698486328125,9.384231567382812,4.9845238098468325,left,False,"{'safe_roi': (450, 80, 1500, 420), 'cylinder_roi': (800, 190, 1000, 300)}",ok_cylinder_inside_confirmed
2026-09-05 13:46:59,2026-09-05,1404310,234,71,107.0085220336914,,35.13780212402344,0.7587191462516785,829.1395874023438,182.27381896972656,1012.4629516601562,292.17303466796875,183.3233642578125,109.89921569824219,20147.09395109676,920.80126953125,237.22341918945312,1920,1080,833.096435546875,202.19235229492188,939.3302001953125,215.0458221435547,106.2337646484375,12.853469848632812,6.898815570595657,left,False,"{'safe_roi': (450, 80, 1500, 420), 'cylinder_roi': (800, 190, 1000, 300)}",ok_cylinder_inside_confirmed
2026-09-05 13:47:04,2026-09-05,1404434,234,71,107.52178955078125,,31.537109375,0.7467229962348938,829.7161865234375,181.35296630859375,1014.0107421875,290.7794494628906,184.2945556640625,109.42648315429688,20166.705090802163,921.8634643554688,236.0662078857422,1920,1080,831.773681640625,200.96646118164062,938.08544921875,217.05197143554688,106.311767578125,16.08551025390625,8.603881590672964,left,False,"{'safe_roi': (450, 80, 1500, 420), 'cylinder_roi': (800, 190, 1000, 300)}",ok_cylinder_inside_confirmed
2026-09-05 13:47:10,2026-09-05,1404555,234,71,107.72232818603516,,33.017120361328125,0.7688289284706116,828.9389038085938,182.4736328125,1016.1620483398438,291.36865234375,187.22314453125,108.89501953125,20387.66798043251,922.5504760742188,236.921142578125,1920,1080,832.2622680664062,204.0940704345703,939.53271484375,213.9505615234375,107.27044677734375,9.856491088867188,5.249852604317883,left,False,"{'safe_roi': (450, 80, 1500, 420), 'cylinder_roi': (800, 190, 1000, 300)}",ok_cylinder_inside_confirmed
2026-09-05 13:47:15,2026-09-05,1404672,234,71,107.71751403808594,,32.58428955078125,0.7728832364082336,826.6069946289062,180.34661865234375,1016.2703247070312,290.1457824707031,189.663330078125,109.79916381835938,20824.875049583614,921.4386596679688,235.24620056152344,1920,1080,831.2706298828125,209.01963806152344,938.8770751953125,213.91000366210938,107.6064453125,4.8903656005859375,2.6021177423586557,left,False,"{'safe_roi': (450, 80, 1500, 420), 'cylinder_roi': (800, 190, 1000, 300)}",ok_cylinder_inside_confirmed
2026-09-05 13:47:20,2026-09-05,1404797,234,71,111.06749725341797,,37.2396240234375,0.7627944946289062,825.7481079101562,181.63790893554688,1018.1880493164062,291.2106018066406,192.43994140625,109.57269287109375,21086.16259583831,921.9680786132812,236.42425537109375,1920,1080,831.322021484375,204.984375,942.0357666015625,213.84185791015625,110.7137451171875,8.85748291015625,4.574118361454378,left,False,"{'safe_roi': (450, 80, 1500, 420), 'cylinder_roi': (800, 190, 1000, 300)}",ok_cylinder_inside_confirmed
2026-09-05 13:47:25,2026-09-05,1404924,234,71,108.01829528808594,,30.827926635742188,0.7700660824775696,825.7000122070312,181.42233276367188,1017.6721801757812,290.97515869140625,191.97216796875,109.55282592773438,21031.093500450253,921.6860961914062,236.19874572753906,1920,1080,833.2980346679688,203.34132385253906,940.8743896484375,213.1024932861328,107.57635498046875,9.76116943359375,5.1846567369660335,left,False,"{'safe_roi': (450, 80, 1500, 420), 'cylinder_roi': (800, 190, 1000, 300)}",ok_cylinder_inside_confirmed
2026-09-05 13:47:30,2026-09-05,1405051,234,71,110.31535339355469,,38.389556884765625,0.7557053565979004,824.5365600585938,182.5495147705078,1015.1102905273438,291.0831298828125,190.57373046875,108.53361511230469,20683.655913211405,919.8234252929688,236.81631469726562,1920,1080,831.2898559570312,202.1790771484375,940.8658447265625,214.92977905273438,109.57598876953125,12.750701904296875,6.637316593843088,left,False,"{'safe_roi': (450, 80, 1500, 420), 'cylinder_roi': (800, 190, 1000, 300)}",ok_cylinder_inside_confirmed
2026-09-05 13:47:35,2026-09-05,1405176,234,71,110.48055267333984,,34.74522399902344,0.7605794668197632,825.1094970703125,182.81594848632812,1012.5833740234375,290.72125244140625,187.473876953125,107.90530395507812,20229.42567626387,918.846435546875,236.7686004638672,1920,1080,827.0894165039062,206.02711486816406,937.2296752929688,214.69174194335938,110.1402587890625,8.664627075195312,4.498139148265159,left,False,"{'safe_roi': (450, 80, 1500, 420), 'cylinder_roi': (800, 190, 1000, 300)}",ok_cylinder_inside_confirmed
2026-09-05 13:47:40,2026-09-05,1405305,234,71,103.11094665527344,,35.33061218261719,0.762519896030426,829.2940673828125,182.07699584960938,1013.4708251953125,289.8382568359375,184.1767578125,107.76126098632812,19847.11966624856,921.3824462890625,235.95762634277344,1920,1080,833.6971435546875,201.01333618164062,935.9288330078125,214.4501953125,102.231689453125,13.436859130859375,7.487770672263355,left,False,"{'safe_roi': (450, 80, 1500, 420), 'cylinder_roi': (800, 190, 1000, 300)}",ok_cylinder_inside_confirmed
2026-09-05 13:47:45,2026-09-05,1405428,234,71,102.1164779663086,,39.74607849121094,0.7420971393585205,827.1920166015625,180.5026397705078,1010.2548828125,291.5946350097656,183.0628662109375,111.09199523925781,20336.81906159036,918.7234497070312,236.04864501953125,1920,1080,832.4918823242188,198.029541015625,933.48095703125,213.1616668701172,100.98907470703125,15.132125854492188,8.521757019177116,left,False,"{'safe_roi': (450, 80, 1500, 420), 'cylinder_roi': (800, 190, 1000, 300)}",ok_cylinder_inside_confirmed
2026-09-05 13:47:50,2026-09-05,1405555,234,71,105.52204132080078,,36.26167297363281,0.7625605463981628,818.8279418945312,182.77549743652344,1008.9784545898438,291.54351806640625,190.1505126953125,108.76802062988281,20682.294887626544,913.9031982421875,237.15951538085938,1920,1080,828.5421752929688,205.36300659179688,933.5010986328125,216.24996948242188,104.95892333984375,10.886962890625,5.921881150344328,left,False,"{'safe_roi': (450, 80, 1500, 420), 'cylinder_roi': (800, 190, 1000, 300)}",ok_cylinder_inside_confirmed
2026-09-05 13:47:55,2026-09-05,1405679,234,71,103.45012664794922,,32.865020751953125,0.7623732686042786,818.6104736328125,182.0741729736328,1008.998779296875,292.1558837890625,190.3883056640625,110.08171081542969,20958.270406750962,913.8046264648438,237.11502075195312,1920,1080,828.7265625,203.67153930664062,931.2431030273438,217.538330078125,102.51654052734375,13.866790771484375,7.70329899273178,left,False,"{'safe_roi': (450, 80, 1500, 420), 'cylinder_roi': (800, 190, 1000, 300)}",ok_cylinder_inside_confirmed
2026-09-05 13:48:00,2026-09-05,1405802,234,71,105.9107894897461,,34.092010498046875,0.7582822442054749,821.3235473632812,182.1765594482422,1011.7575073242188,291.2450256347656,190.4339599609375,109.06846618652344,20770.33992276527,916.54052734375,236.71078491210938,1920,1080,828.9046020507812,203.329833984375,934.0221557617188,216.26795959472656,105.1175537109375,12.938125610351562,7.016813453184904,left,False,"{'safe_roi': (450, 80, 1500, 420), 'cylinder_roi': (800, 190, 1000, 300)}",ok_cylinder_inside_confirmed
2026-09-05 13:48:05,2026-09-05,1405918,234,71,106.36339569091797,,35.83360290527344,0.758455753326416,818.9150390625,181.68829345703125,1010.2340087890625,291.3340148925781,191.3189697265625,109.64572143554688,20977.306459974498,914.5745239257812,236.5111541748047,1920,1080,828.9891357421875,204.22427368164062,934.59716796875,216.8779754638672,105.6080322265625,12.653701782226562,6.832471233396994,left,False,"{'safe_roi': (450, 80, 1500, 420), 'cylinder_roi': (800, 190, 1000, 300)}",ok_cylinder_inside_confirmed
2026-09-05 13:48:10,2026-09-05,1406038,234,71,108.03421020507812,,36.382904052734375,0.7527362704277039,816.4332885742188,181.64764404296875,1011.3900756835938,291.5155029296875,194.956787109375,109.86785888671875,21419.48477514088,913.9116821289062,236.58157348632812,1920,1080,827.5938110351562,205.3995361328125,935.0440673828125,216.61705017089844,107.45025634765625,11.217514038085938,5.959933838135909,left,False,"{'safe_roi': (450, 80, 1500, 420), 'cylinder_roi': (800, 190, 1000, 300)}",ok_cylinder_inside_confirmed
2026-09-05 13:48:15,2026-09-05,1406165,234,71,104.17507934570312,,33.609344482421875,0.7483214139938354,815.3759155273438,183.968017578125,1009.5811157226562,293.6158142089844,194.2052001953125,109.64779663085938,21294.172295670956,912.478515625,238.7919158935547,1920,1080,827.1848754882812,203.81398010253906,930.6390380859375,216.04849243164062,103.45416259765625,12.234512329101562,6.7444864382305525,left,False,"{'safe_roi': (450, 80, 1500, 420), 'cylinder_roi': (800, 190, 1000, 300)}",ok_cylinder_inside_confirmed
2026-09-05 13:48:20,2026-09-05,1406280,234,71,101.81526947021484,,34.809844970703125,0.7612950801849365,812.9822387695312,180.50225830078125,1009.1986694335938,291.66986083984375,196.2164306640625,111.1676025390625,21812.910175696015,911.0904541015625,236.0860595703125,1920,1080,830.6726684570312,200.7372283935547,931.1923828125,216.92782592773438,100.51971435546875,16.190597534179688,9.149980434266933,left,False,"{'safe_roi': (450, 80, 1500, 420), 'cylinder_roi': (800, 190, 1000, 300)}",ok_cylinder_inside_confirmed
2026-09-05 13:48:25,2026-09-05,1406409,234,71,102.33322143554688,,30.815109252929688,0.771677553653717,810.4774169921875,179.80870056152344,1011.3065185546875,291.7266845703125,200.8291015625,111.91798400878906,22476.38817717135,910.8919677734375,235.7677001953125,1920,1080,827.5128784179688,202.56253051757812,929.099609375,214.9004669189453,101.58673095703125,12.337936401367188,6.92478552209349,left,False,"{'safe_roi': (450, 80, 1500, 420), 'cylinder_roi': (800, 190, 1000, 300)}",ok_cylinder_inside_confirmed
2026-09-05 13:48:30,2026-09-05,1406530,234,71,99.65196228027344,,33.78569030761719,0.7598549127578735,811.6431884765625,180.18988037109375,1008.990234375,291.15509033203125,197.3470458984375,110.9652099609375,21898.656383290887,910.3167114257812,235.6724853515625,1920,1080,830.351318359375,195.71124267578125,927.8900146484375,216.1248779296875,97.5386962890625,20.41363525390625,11.820677558377115,left,False,"{'safe_roi': (450, 80, 1500, 420), 'cylinder_roi': (800, 190, 1000, 300)}",ok_cylinder_inside_confirmed
2026-09-05 13:48:35,2026-09-05,1406646,234,71,101.6398696899414,,31.267929077148438,0.7533016800880432,809.3897705078125,180.82449340820312,1005.241943359375,290.60400390625,195.8521728515625,109.77951049804688,21500.555665623397,907.3158569335938,235.71424865722656,1920,1080,829.73681640625,195.4110107421875,928.8475341796875,217.94386291503906,99.1107177734375,22.532852172851562,12.808492698594021,left,False,"{'safe_roi': (450, 80, 1500, 420), 'cylinder_roi': (800, 190, 1000, 300)}",ok_cylinder_inside_confirmed
2026-09-05 13:48:40,2026-09-05,1406773,234,71,100.44893646240234,,32.311187744140625,0.7508546113967896,809.9913940429688,179.0343017578125,1009.5746459960938,290.6710510253906,199.583251953125,111.63674926757812,22280.825456298888,909.7830200195312,234.85267639160156,1920,1080,829.3780517578125,199.541748046875,928.197265625,217.5626220703125,98.8192138671875,18.0208740234375,10.335007544454736,left,False,"{'safe_roi': (450, 80, 1500, 420), 'cylinder_roi': (800, 190, 1000, 300)}",ok_cylinder_inside_confirmed
2026-09-05 13:48:56,2026-09-05,1407174,234,71,103.34999084472656,,34.76936340332031,0.7596348524093628,805.7562255859375,179.1359100341797,1011.6573486328125,292.81964111328125,205.901123046875,113.68373107910156,23407.60790134594,908.706787109375,235.977783203125,1920,1080,826.3246459960938,200.98504638671875,928.447021484375,216.86712646484375,102.12237548828125,15.882080078125,8.839830011430427,left,False,"{'safe_roi': (450, 80, 1500, 420), 'cylinder_roi': (800, 190, 1000, 300)}",ok_cylinder_inside_confirmed
2026-09-05 13:49:02,2026-09-05,1407321,234,71,104.99128723144531,,30.19622802734375,0.756219744682312,805.8698120117188,179.92117309570312,1012.1539916992188,292.2545166015625,206.2841796875,112.33334350585938,23172.591616660357,909.0119018554688,236.0878448486328,1920,1080,826.8543701171875,200.45628356933594,930.1160888671875,219.43490600585938,103.26171875,18.978622436523438,10.414251122003712,left,False,"{'safe_roi': (450, 80, 1500, 420), 'cylinder_roi': (800, 190, 1000, 300)}",ok_cylinder_inside_confirmed
2026-09-05 13:49:21,2026-09-05,1407796,234,71,103.3842544555664,,25.163803100585938,0.7157436609268188,802.1229858398438,180.2891082763672,1000.7453002929688,291.6099853515625,198.622314453125,111.32087707519531,22110.810251627117,901.4341430664062,235.94955444335938,1920,1080,822.8821411132812,195.05555725097656,924.171630859375,215.7616729736328,101.28948974609375,20.70611572265625,11.553512653861786,left,False,"{'safe_roi': (450, 80, 1500, 420), 'cylinder_roi': (800, 190, 1000, 300)}",ok_cylinder_inside_confirmed
2026-09-05 13:49:27,2026-09-05,1407919,234,71,100.86927032470703,,23.25640869140625,0.7456402778625488,801.956787109375,181.27969360351562,999.6534423828125,291.4893493652344,197.6966552734375,110.20965576171875,21788.080322928727,900.8051147460938,236.384521484375,1920,1080,823.3734130859375,196.7843017578125,922.6282348632812,214.75900268554688,99.25482177734375,17.974700927734375,10.26481530016304,left,False,"{'safe_roi': (450, 80, 1500, 420), 'cylinder_roi': (800, 190, 1000, 300)}",ok_cylinder_inside_confirmed
2026-09-05 13:49:32,2026-09-05,1408046,234,71,104.68338012695312,,25.594070434570312,0.7483964562416077,799.4357299804688,179.74691772460938,998.4911499023438,291.8927917480469,199.055419921875,112.1458740234375,22323.244046241045,898.9634399414062,235.81985473632812,1920,1080,822.4786987304688,198.47314453125,925.704345703125,215.88223266601562,103.22564697265625,17.409088134765625,9.572896563990312,left,False,"{'safe_roi': (450, 80, 1500, 420), 'cylinder_roi': (800, 190, 1000, 300)}",ok_cylinder_inside_confirmed
2026-09-05 13:49:37,2026-09-05,1408171,234,71,103.0797348022461,,22.024734497070312,0.7048410177230835,802.243408203125,178.77572631835938,1002.2105712890625,291.5108947753906,199.9671630859375,112.73516845703125,22543.331816367805,902.2269897460938,235.143310546875,1920,1080,823.5150146484375,198.7157745361328,925.0953369140625,216.23345947265625,101.580322265625,17.517684936523438,9.78450837783417,left,False,"{'safe_roi': (450, 80, 1500, 420), 'cylinder_roi': (800, 190, 1000, 300)}",ok_cylinder_inside_confirmed
2026-09-05 13:49:42,2026-09-05,1408291,234,71,104.5522232055664,,25.596633911132812,0.6446959972381592,796.7899169921875,179.38233947753906,997.8212890625,292.0831604003906,201.0313720703125,112.70082092285156,22656.400663571432,897.3056030273438,235.73275756835938,1920,1080,820.6693725585938,200.10765075683594,923.8768310546875,216.82254028320312,103.20745849609375,16.714889526367188,9.199420519431051,left,False,"{'safe_roi': (450, 80, 1500, 420), 'cylinder_roi': (800, 190, 1000, 300)}",ok_cylinder_inside_confirmed
2026-09-05 13:58:11,2026-09-05,1420864,235,72,88.11693572998047,,27.652053833007812,0.6162630915641785,818.0707397460938,182.7506103515625,991.3161010742188,289.028076171875,173.245361328125,106.2774658203125,18412.077967077494,904.6934204101562,235.88934326171875,1920,1080,832.5704956054688,196.78488159179688,918.4166259765625,216.66041564941406,85.84613037109375,19.875534057617188,13.0357284447931,left,False,"{'safe_roi': (450, 80, 1500, 420), 'cylinder_roi': (800, 190, 1000, 300)}",ok_cylinder_inside_confirmed
2026-09-05 14:00:20,2026-09-05,1424055,235,73,88.9795150756836,,38.167755126953125,0.797116219997406,848.6760864257812,183.35946655273438,1021.4423217773438,300.7334289550781,172.7662353515625,117.37396240234375,20278.25761254877,935.0592041015625,242.04644775390625,1920,1080,857.8065795898438,217.12786865234375,946.7731323242188,215.60910034179688,88.966552734375,1.518768310546875,0.978014319213323,left,False,"{'safe_roi': (450, 80, 1500, 420), 'cylinder_roi': (800, 190, 1000, 300)}",ok_cylinder_inside_confirmed
2026-09-05 14:00:28,2026-09-05,1424242,235,73,89.99431610107422,,40.45111083984375,0.793107807636261,848.2313232421875,183.66586303710938,1024.2039794921875,299.2628479003906,175.97265625,115.59698486328125,20341.908480882645,936.2176513671875,241.46435546875,1920,1080,859.1245727539062,212.35934448242188,948.6839599609375,221.19635009765625,89.55938720703125,8.837005615234375,5.635248948927713,left,False,"{'safe_roi': (450, 80, 1500, 420), 'cylinder_roi': (800, 190, 1000, 300)}",ok_cylinder_inside_confirmed
2026-09-05 14:00:33,2026-09-05,1424367,235,73,90.84913635253906,,40.43794250488281,0.8084240555763245,846.8577270507812,184.6005401611328,1025.15576171875,299.63238525390625,178.29803466796875,115.03184509277344,20509.95190427173,936.0067138671875,242.116455078125,1920,1080,860.0899658203125,211.69869995117188,950.6300659179688,219.18572998046875,90.54010009765625,7.487030029296875,4.727202839414676,left,False,"{'safe_roi': (450, 80, 1500, 420), 'cylinder_roi': (800, 190, 1000, 300)}",ok_cylinder_inside_confirmed
2026-09-05 14:02:14,2026-09-05,1426895,235,74,91.82039642333984,,35.21302795410156,0.7889765501022339,855.1134033203125,186.40090942382812,1027.5345458984375,305.2544860839844,172.421142578125,118.85357666015625,20492.86948724091,941.323974609375,245.82769775390625,1920,1080,859.3975830078125,217.4328155517578,951.2157592773438,216.7943115234375,91.81817626953125,0.6385040283203125,0.3984286970517544,left,False,"{'safe_roi': (450, 80, 1500, 420), 'cylinder_roi': (800, 190, 1000, 300)}",ok_cylinder_inside_confirmed
2026-09-05 14:02:19,2026-09-05,1427016,235,74,102.96171569824219,,36.712860107421875,0.7776022553443909,852.4590454101562,185.6725311279297,1021.7970581054688,304.25811767578125,169.3380126953125,118.58558654785156,20081.047560321167,937.1280517578125,244.96533203125,1920,1080,856.8513793945312,209.78973388671875,958.4993896484375,226.18475341796875,101.64801025390625,16.39501953125,9.162445476260462,left,False,"{'safe_roi': (450, 80, 1500, 420), 'cylinder_roi': (800, 190, 1000, 300)}",ok_cylinder_inside_confirmed
2026-09-05 14:02:27,2026-09-05,1427221,235,74,88.07513427734375,,35.18247985839844,0.7813325524330139,859.6006469726562,184.5644989013672,1028.8468017578125,304.0179138183594,169.24615478515625,119.45341491699219,20217.031150656752,944.2237548828125,244.29119873046875,1920,1080,857.911865234375,213.9355010986328,945.986572265625,213.6615753173828,88.07470703125,0.27392578125,0.1781980444701036,left,False,"{'safe_roi': (450, 80, 1500, 420), 'cylinder_roi': (800, 190, 1000, 300)}",ok_cylinder_inside_confirmed
2026-09-05 14:02:36,2026-09-05,1427421,235,74,91.96807861328125,,34.71540832519531,0.7911326289176941,859.0599975585938,184.2563018798828,1029.888427734375,303.575927734375,170.82843017578125,119.31962585449219,20383.184373884462,944.4742431640625,243.91610717773438,1920,1080,859.021484375,213.65774536132812,950.9212646484375,217.201416015625,91.8997802734375,3.543670654296875,2.2082406550991065,left,False,"{'safe_roi': (450, 80, 1500, 420), 'cylinder_roi': (800, 190, 1000, 300)}",ok_cylinder_inside_confirmed
2026-09-05 14:02:41,2026-09-05,1427551,235,74,86.1185073852539,,35.82316589355469,0.7840175032615662,860.6943359375,184.60256958007812,1031.2080078125,303.48992919921875,170.513671875,118.88735961914062,20271.92022818327,945.951171875,244.04624938964844,1920,1080,862.35791015625,216.09201049804688,948.4749145507812,215.58370971679688,86.11700439453125,0.50830078125,0.3381811930302759,left,False,"{'safe_roi': (450, 80, 1500, 420), 'cylinder_roi': (800, 190, 1000, 300)}",ok_cylinder_inside_confirmed
2026-09-05 14:02:46,2026-09-05,1427672,235,74,87.93994140625,,35.611358642578125,0.7877975106239319,860.8594360351562,185.65940856933594,1032.24365234375,304.2613220214844,171.38421630859375,118.60191345214844,20326.495989696123,946.551513671875,244.96035766601562,1920,1080,861.9131469726562,216.27542114257812,949.8494262695312,215.47293090820312,87.936279296875,0.802490234375,0.5228561814120839,left,False,"{'safe_roi': (450, 80, 1500, 420), 'cylinder_roi': (800, 190, 1000, 300)}",ok_cylinder_inside_confirmed
2026-09-05 14:02:51,2026-09-05,1427796,235,74,94.88153076171875,,35.356597900390625,0.7791932225227356,860.9539794921875,185.8373565673828,1035.113525390625,304.537841796875,174.1595458984375,118.70048522949219,20672.822605492547,948.0337524414062,245.18759155273438,1920,1080,862.631591796875,213.2264404296875,957.31787109375,219.31031799316406,94.686279296875,6.0838775634765625,3.6763720779538773,left,False,"{'safe_roi': (450, 80, 1500, 420), 'cylinder_roi': (800, 190, 1000, 300)}",ok_cylinder_inside_confirmed
2026-09-05 14:05:57,2026-09-05,1432389,235,75,100.29375457763672,,39.99652099609375,0.7975401878356934,839.57568359375,186.13848876953125,1024.8519287109375,302.2432556152344,185.2762451171875,116.10476684570312,21511.455241378397,932.2138061523438,244.1908721923828,1920,1080,845.5477905273438,225.9730682373047,945.6824951171875,220.32705688476562,100.13470458984375,5.6460113525390625,3.227157480203645,left,False,"{'safe_roi': (450, 80, 1500, 420), 'cylinder_roi': (800, 190, 1000, 300)}",ok_cylinder_inside_confirmed
2026-09-05 14:06:02,2026-09-05,1432514,235,75,108.85991668701172,,50.2828369140625,0.7734706401824951,836.91455078125,186.20777893066406,1021.87451171875,297.15936279296875,184.9599609375,110.95158386230469,20521.60061712563,929.39453125,241.68356323242188,1920,1080,834.4335327148438,226.02699279785156,943.2915649414062,226.66787719726562,108.8580322265625,0.6408843994140625,0.33731591736731215,left,False,"{'safe_roi': (450, 80, 1500, 420), 'cylinder_roi': (800, 190, 1000, 300)}",ok_cylinder_inside_confirmed
2026-09-05 14:06:07,2026-09-05,1432638,235,75,96.5081787109375,,40.384307861328125,0.7713571190834045,834.3895263671875,186.0465087890625,1024.9302978515625,300.3612365722656,190.540771484375,114.31472778320312,21781.61642383784,929.659912109375,243.20387268066406,1920,1080,846.2498779296875,218.75071716308594,942.7578735351562,218.93783569335938,96.50799560546875,0.1871185302734375,0.11109015943719487,left,False,"{'safe_roi': (450, 80, 1500, 420), 'cylinder_roi': (800, 190, 1000, 300)}",ok_cylinder_inside_confirmed
2026-09-05 14:06:12,2026-09-05,1432764,235,75,97.67254638671875,,39.887969970703125,0.782277524471283,838.908447265625,185.90370178222656,1026.144775390625,300.2834777832031,187.236328125,114.37977600097656,21416.049270182848,932.526611328125,243.09359741210938,1920,1080,845.9283447265625,219.16970825195312,943.5936889648438,220.35552978515625,97.66534423828125,1.185821533203125,0.6956329415074368,left,False,"{'safe_roi': (450, 80, 1500, 420), 'cylinder_roi': (800, 190, 1000, 300)}",ok_cylinder_inside_confirmed
2026-09-05 14:09:47,2026-09-05,1438027,235,76,93.25772857666016,,34.02252197265625,0.5934818983078003,797.4618530273438,179.07003784179688,980.4080200195312,298.9756164550781,182.9461669921875,119.90557861328125,21936.266008280218,888.9349365234375,239.0228271484375,1920,1080,976.0928955078125,208.89248657226562,883.409423828125,219.22579956054688,92.6834716796875,10.33331298828125,6.3616548320704815,right,False,"{'safe_roi': (450, 80, 1500, 420), 'cylinder_roi': (800, 190, 1000, 300)}",ok_cylinder_inside_confirmed
2026-09-05 14:12:00,2026-09-05,1441317,235,77,97.54170227050781,,39.63072204589844,0.7756485939025879,810.5423583984375,180.5359649658203,987.4639892578125,298.1017761230469,176.921630859375,117.56581115722656,20799.93504324183,899.003173828125,239.31887817382812,1920,1080,827.2782592773438,204.34620666503906,923.6651611328125,219.3111114501953,96.38690185546875,14.96490478515625,8.825206912630964,left,False,"{'safe_roi': (450, 80, 1500, 420), 'cylinder_roi': (800, 190, 1000, 300)}",ok_cylinder_inside_confirmed
2026-09-05 14:12:05,2026-09-05,1441435,235,77,93.01512145996094,,39.33024597167969,0.7676737308502197,793.5888671875,184.3289031982422,962.2027587890625,298.6566162109375,168.6138916015625,114.32771301269531,19277.240608977154,877.8958129882812,241.49276733398438,1920,1080,813.873291015625,209.68247985839844,906.2626342773438,220.453857421875,92.38934326171875,10.771377563476562,6.6499102332549285,left,False,"{'safe_roi': (450, 80, 1500, 420), 'cylinder_roi': (800, 190, 1000, 300)}",ok_cylinder_inside_confirmed
2026-09-05 14:18:37,2026-09-05,1451140,235,78,92.33430480957031,,33.75677490234375,0.7995635271072388,835.1131591796875,183.28199768066406,1008.40478515625,297.635986328125,173.2916259765625,114.35398864746094,19816.588629623875,921.7589721679688,240.458984375,1920,1080,850.2977294921875,215.51321411132812,942.6070556640625,217.66085815429688,92.309326171875,2.14764404296875,1.3327878082508176,left,False,"{'safe_roi': (450, 80, 1500, 420), 'cylinder_roi': (800, 190, 1000, 300)}",ok_cylinder_inside_confirmed
2026-09-05 14:18:42,2026-09-05,1451269,235,78,87.60942840576172,,37.78147888183594,0.7804970145225525,837.3480224609375,183.49400329589844,1011.94970703125,298.1076354980469,174.6016845703125,114.61363220214844,20011.733257217333,924.6488647460938,240.80081176757812,1920,1080,853.847412109375,209.17825317382812,941.3197021484375,214.07826232910156,87.4722900390625,4.9000091552734375,3.2062351572821934,left,False,"{'safe_roi': (450, 80, 1500, 420), 'cylinder_roi': (800, 190, 1000, 300)}",ok_cylinder_inside_confirmed
2026-09-05 14:18:50,2026-09-05,1451465,235,78,109.93030548095703,,49.71012878417969,0.7675177454948425,832.313232421875,181.9919891357422,1022.029052734375,295.4491271972656,189.7158203125,113.45713806152344,21524.614017650485,927.171142578125,238.72055053710938,1920,1080,832.6635131835938,211.23731994628906,942.535888671875,214.80563354492188,109.87237548828125,3.5683135986328125,1.8601352054741702,left,False,"{'safe_roi': (450, 80, 1500, 420), 'cylinder_roi': (800, 190, 1000, 300)}",ok_cylinder_inside_confirmed
2026-09-05 14:18:55,2026-09-05,1451587,235,78,100.42974853515625,,37.69927978515625,0.7769485712051392,830.3047485351562,182.77972412109375,1016.9890747070312,294.89263916015625,186.684326171875,112.1129150390625,20929.723999232054,923.6469116210938,238.836181640625,1920,1080,847.1361694335938,212.1757049560547,947.3338623046875,218.99896240234375,100.19769287109375,6.8232574462890625,3.89571063884158,left,False,"{'safe_roi': (450, 80, 1500, 420), 'cylinder_roi': (800, 190, 1000, 300)}",ok_cylinder_inside_confirmed
2026-09-05 14:19:00,2026-09-05,1451710,235,78,101.74142456054688,,43.2760009765625,0.7702831029891968,833.010986328125,182.83787536621094,1017.31591796875,295.5154724121094,184.304931640625,112.67759704589844,20767.0368209742,925.1634521484375,239.17666625976562,1920,1080,843.0645751953125,209.14154052734375,944.3631591796875,218.62387084960938,101.298583984375,9.482330322265625,5.347744386017752,left,False,"{'safe_roi': (450, 80, 1500, 420), 'cylinder_roi': (800, 190, 1000, 300)}",ok_cylinder_inside_confirmed
2026-09-05 14:19:05,2026-09-05,1451837,235,78,101.08403015136719,,40.865386962890625,0.7690111398696899,832.7218627929688,183.87857055664062,1016.4865112304688,295.54107666015625,183.7646484375,111.66250610351562,20519.621177762747,924.6041870117188,239.70982360839844,1920,1080,846.7745361328125,206.95716857910156,947.2108154296875,218.38233947753906,100.436279296875,11.4251708984375,6.489807933415448,left,False,"{'safe_roi': (450, 80, 1500, 420), 'cylinder_roi': (800, 190, 1000, 300)}",ok_cylinder_inside_confirmed
2026-09-05 14:19:10,2026-09-05,1451960,235,78,101.2564926147461,,40.767242431640625,0.768840491771698,832.4750366210938,183.79861450195312,1016.5758666992188,296.1527099609375,184.100830078125,112.35409545898438,20684.482236675918,924.5254516601562,239.9756622314453,1920,1080,848.4140625,206.721435546875,948.8772583007812,219.37149047851562,100.46319580078125,12.650054931640625,7.17675965434918,left,False,"{'safe_roi': (450, 80, 1500, 420), 'cylinder_roi': (800, 190, 1000, 300)}",ok_cylinder_inside_confirmed
2026-09-05 14:19:15,2026-09-05,1452087,235,78,100.79356384277344,,40.29109191894531,0.7753769755363464,831.8492431640625,183.5196990966797,1018.8743896484375,294.50439453125,187.025146484375,110.98469543457031,20756.928921174258,925.36181640625,239.01205444335938,1920,1080,848.263671875,208.1092529296875,948.4696044921875,218.97726440429688,100.2059326171875,10.868011474609375,6.189920257654446,left,False,"{'safe_roi': (450, 80, 1500, 420), 'cylinder_roi': (800, 190, 1000, 300)}",ok_cylinder_inside_confirmed
2026-09-05 14:19:20,2026-09-05,1452211,235,78,113.48210144042969,,47.434539794921875,0.772258460521698,831.0560302734375,184.25241088867188,1019.980712890625,292.8779602050781,188.9246826171875,108.62554931640625,20522.0474287197,925.5183715820312,238.565185546875,1920,1080,832.8743896484375,207.96026611328125,945.7520751953125,219.6571044921875,112.877685546875,11.69683837890625,5.916103129250354,left,False,"{'safe_roi': (450, 80, 1500, 420), 'cylinder_roi': (800, 190, 1000, 300)}",ok_cylinder_inside_confirmed
2026-09-05 14:19:25,2026-09-05,1452333,235,78,109.33243560791016,,44.51823425292969,0.7681912183761597,828.8143310546875,183.6010284423828,1017.5775146484375,293.76312255859375,188.76318359375,110.16209411621094,20794.547596730292,923.1959228515625,238.68206787109375,1920,1080,835.56640625,211.86085510253906,944.610595703125,219.79476928710938,109.044189453125,7.9339141845703125,4.161433840706067,left,False,"{'safe_roi': (450, 80, 1500, 420), 'cylinder_roi': (800, 190, 1000, 300)}",ok_cylinder_inside_confirmed
2026-09-05 14:25:33,2026-09-05,1461481,236,79,93.4242172241211,,39.94660949707031,0.7702875137329102,848.857666015625,184.8443145751953,1029.32861328125,302.71075439453125,180.470947265625,117.86643981933594,21271.46804502234,939.0931396484375,243.77752685546875,1920,1080,853.7974243164062,213.2811737060547,947.2208251953125,212.89077758789062,93.42340087890625,0.3903961181640625,0.23942523501998694,left,False,"{'safe_roi': (450, 80, 1500, 420), 'cylinder_roi': (800, 190, 1000, 300)}",ok_cylinder_inside_confirmed
2026-09-05 14:26:07,2026-09-05,1462325,236,80,96.4105453491211,,38.32452392578125,0.7810572385787964,847.5448608398438,185.16192626953125,1032.0330810546875,304.1205139160156,184.48822021484375,118.95858764648438,21946.4581141714,939.7889404296875,244.64122009277344,1920,1080,860.5526123046875,207.21859741210938,956.1358642578125,219.82159423828125,95.583251953125,12.602996826171875,7.51132628136771,left,False,"{'safe_roi': (450, 80, 1500, 420), 'cylinder_roi': (800, 190, 1000, 300)}",ok_cylinder_inside_confirmed
2026-09-05 14:26:12,2026-09-05,1462451,236,80,97.64904022216797,,34.21226501464844,0.7671870589256287,847.5223388671875,186.5407257080078,1027.705078125,305.2747497558594,180.1827392578125,118.73402404785156,21393.821696044877,937.6137084960938,245.90774536132812,1920,1080,856.1929931640625,203.65106201171875,952.0042114257812,222.50698852539062,95.81121826171875,18.855926513671875,11.133690253945227,left,False,"{'safe_roi': (450, 80, 1500, 420), 'cylinder_roi': (800, 190, 1000, 300)}",ok_cylinder_inside_confirmed
2026-09-05 14:26:17,2026-09-05,1462589,236,80,104.00541687011719,,39.1668701171875,0.7688605189323425,847.2786865234375,186.76123046875,1027.41748046875,303.6845397949219,180.1387939453125,116.92330932617188,21062.42392611131,937.3480834960938,245.22288513183594,1920,1080,850.4635620117188,206.8785400390625,952.496826171875,227.0364227294922,102.03326416015625,20.157882690429688,11.175548139380718,left,False,"{'safe_roi': (450, 80, 1500, 420), 'cylinder_roi': (800, 190, 1000, 300)}",ok_cylinder_inside_confirmed
2026-09-05 14:26:22,2026-09-05,1462714,236,80,97.54513549804688,,35.82966613769531,0.7764844298362732,845.811279296875,186.8105010986328,1027.0611572265625,302.9706726074219,181.2498779296875,116.16017150878906,21054.01690625958,936.4362182617188,244.89059448242188,1920,1080,857.1084594726562,206.84564208984375,953.0660400390625,224.3726348876953,95.95758056640625,17.526992797851562,10.351171134186902,left,False,"{'safe_roi': (450, 80, 1500, 420), 'cylinder_roi': (800, 190, 1000, 300)}",ok_cylinder_inside_confirmed
2026-09-05 14:26:27,2026-09-05,1462842,236,80,102.5473403930664,,37.31732177734375,0.7622886300086975,843.941162109375,186.36163330078125,1027.835205078125,302.72076416015625,183.89404296875,116.359130859375,21397.75101006031,935.88818359375,244.54119873046875,1920,1080,852.0563354492188,208.418701171875,953.003173828125,226.46566772460938,100.94683837890625,18.046966552734375,10.136082140281385,left,False,"{'safe_roi': (450, 80, 1500, 420), 'cylinder_roi': (800, 190, 1000, 300)}",ok_cylinder_inside_confirmed
2026-09-05 14:26:32,2026-09-05,1462974,236,80,97.70781707763672,,37.92741394042969,0.7633916139602661,844.119140625,186.22438049316406,1027.576171875,303.7517395019531,183.45703125,117.52735900878906,21561.220374405384,935.84765625,244.98806762695312,1920,1080,857.6784057617188,208.29647827148438,953.7749633789062,225.96762084960938,96.0965576171875,17.671142578125,10.419681463347978,left,False,"{'safe_roi': (450, 80, 1500, 420), 'cylinder_roi': (800, 190, 1000, 300)}",ok_cylinder_inside_confirmed
2026-09-05 14:26:37,2026-09-05,1463101,236,80,98.81697082519531,,37.31034851074219,0.7688925266265869,846.1781616210938,186.0225067138672,1024.3436279296875,303.4849548339844,178.16546630859375,117.46244812011719,20927.75184306968,935.2608642578125,244.75372314453125,1920,1080,857.9541625976562,207.60235595703125,955.2399291992188,224.9307403564453,97.2857666015625,17.328384399414062,10.099514786212797,left,False,"{'safe_roi': (450, 80, 1500, 420), 'cylinder_roi': (800, 190, 1000, 300)}",ok_cylinder_inside_confirmed
2026-09-05 14:34:23,2026-09-05,1474676,236,81,105.90953826904297,,23.74273681640625,0.7303228378295898,766.0198974609375,178.8006134033203,958.355712890625,294.4279479980469,192.3358154296875,115.62733459472656,22239.27768523805,862.1878051757812,236.61428833007812,1920,1080,951.8831787109375,208.18896484375,846.3504638671875,217.11517333984375,105.53271484375,8.92620849609375,4.834706023763859,right,False,"{'safe_roi': (450, 80, 1500, 420), 'cylinder_roi': (800, 190, 1000, 300)}",ok_cylinder_inside_confirmed
2026-09-05 14:34:28,2026-09-05,1474801,236,81,96.44734954833984,,25.56231689453125,0.7773406505584717,763.810546875,177.4320068359375,954.5426025390625,293.14178466796875,190.7320556640625,115.70977783203125,22069.56378633529,859.1765747070312,235.28689575195312,1920,1080,946.7420043945312,202.1007843017578,851.32080078125,216.13238525390625,95.42120361328125,14.031600952148438,8.365340117567634,right,False,"{'safe_roi': (450, 80, 1500, 420), 'cylinder_roi': (800, 190, 1000, 300)}",ok_cylinder_inside_confirmed
2026-09-05 14:39:08,2026-09-05,1481705,236,82,94.49995422363281,,38.26609802246094,0.7771046757698059,814.8529052734375,181.8404083251953,990.9058837890625,291.19903564453125,176.052978515625,109.35862731933594,19252.91206594929,902.87939453125,236.51971435546875,1920,1080,830.5703735351562,213.09783935546875,924.9777221679688,217.2803955078125,94.4073486328125,4.18255615234375,2.5367327240073814,left,False,"{'safe_roi': (450, 80, 1500, 420), 'cylinder_roi': (800, 190, 1000, 300)}",ok_cylinder_inside_confirmed
2026-09-05 14:39:13,2026-09-05,1481825,236,82,97.02938079833984,,39.15885925292969,0.756055474281311,813.6007080078125,181.0918731689453,987.1761474609375,295.2144775390625,173.575439453125,114.12260437011719,19808.881205078214,900.388427734375,238.15316772460938,1920,1080,831.3317260742188,202.29061889648438,927.5491943359375,214.81658935546875,96.21746826171875,12.525970458984375,7.417276508427056,left,False,"{'safe_roi': (450, 80, 1500, 420), 'cylinder_roi': (800, 190, 1000, 300)}",ok_cylinder_inside_confirmed
2026-09-05 14:39:18,2026-09-05,1481948,236,82,104.09513092041016,,41.95100402832031,0.7357430458068848,812.7501831054688,180.91537475585938,985.0100708007812,295.05169677734375,172.2598876953125,114.13632202148438,19661.11001337692,898.880126953125,237.98353576660156,1920,1080,818.4279174804688,210.5929412841797,922.4697265625,213.92437744140625,104.04180908203125,3.3314361572265625,1.8339938376762621,left,False,"{'safe_roi': (450, 80, 1500, 420), 'cylinder_roi': (800, 190, 1000, 300)}",ok_cylinder_inside_confirmed
2026-09-05 14:39:23,2026-09-05,1482075,236,82,99.4861068725586,,41.78102111816406,0.7295663356781006,811.936279296875,179.6492156982422,983.6900634765625,294.0409851074219,171.7537841796875,114.39176940917969,19647.219275036827,897.8131713867188,236.8450927734375,1920,1080,821.3484497070312,207.29808044433594,920.5916748046875,214.24559020996094,99.24322509765625,6.947509765625,4.004451009352463,left,False,"{'safe_roi': (450, 80, 1500, 420), 'cylinder_roi': (800, 190, 1000, 300)}",ok_cylinder_inside_confirmed
2026-09-05 14:39:30,2026-09-05,1482244,236,82,104.70185852050781,,36.12400817871094,0.7350183725357056,805.7322387695312,179.6676025390625,970.0733032226562,297.7371826171875,164.341064453125,118.069580078125,19403.680469572544,887.9027709960938,238.702392578125,1920,1080,808.7719116210938,211.50057983398438,913.3662109375,216.24520874023438,104.59429931640625,4.74462890625,2.5972828402650068,left,False,"{'safe_roi': (450, 80, 1500, 420), 'cylinder_roi': (800, 190, 1000, 300)}",ok_cylinder_inside_confirmed
2026-09-05 14:39:37,2026-09-05,1482417,236,82,97.00936126708984,,34.39863586425781,0.766094982624054,804.4773559570312,179.17742919921875,968.5648803710938,296.2297668457031,164.0875244140625,117.05233764648438,19206.828311290592,886.5211181640625,237.70359802246094,1920,1080,812.6083984375,208.527099609375,908.7313842773438,221.6109619140625,96.12298583984375,13.0838623046875,7.751227843861076,left,False,"{'safe_roi': (450, 80, 1500, 420), 'cylinder_roi': (800, 190, 1000, 300)}",ok_cylinder_inside_confirmed
2026-09-05 14:39:42,2026-09-05,1482547,236,82,103.36439514160156,,38.69651794433594,0.7656673192977905,804.5541381835938,179.1248779296875,961.5178833007812,296.9876708984375,156.9637451171875,117.86279296875,18500.185394346714,883.0360107421875,238.0562744140625,1920,1080,809.082763671875,209.1626434326172,911.581787109375,222.50987243652344,102.4990234375,13.34722900390625,7.419200824694281,left,False,"{'safe_roi': (450, 80, 1500, 420), 'cylinder_roi': (800, 190, 1000, 300)}",ok_cylinder_inside_confirmed
2026-09-05 14:39:47,2026-09-05,1482670,236,82,101.78643035888672,,38.5640869140625,0.7335875630378723,807.7178955078125,179.01312255859375,957.453125,293.91552734375,149.7352294921875,114.90240478515625,17204.937949709594,882.5855102539062,236.46432495117188,1920,1080,817.00537109375,205.0474090576172,916.755859375,225.3037109375,99.75048828125,20.256301879882812,11.478948497557992,left,False,"{'safe_roi': (450, 80, 1500, 420), 'cylinder_roi': (800, 190, 1000, 300)}",ok_cylinder_inside_confirmed
2026-09-05 14:39:52,2026-09-05,1482797,236,82,97.41207122802734,,38.24229431152344,0.7517492771148682,805.4227294921875,179.13516235351562,953.5960693359375,286.1933898925781,148.17333984375,107.0582275390625,15863.175132215023,879.5093994140625,232.66427612304688,1920,1080,817.5501098632812,203.2999267578125,912.9876708984375,222.81361389160156,95.43756103515625,19.513687133789062,11.555732770742013,left,False,"{'safe_roi': (450, 80, 1500, 420), 'cylinder_roi': (800, 190, 1000, 300)}",ok_cylinder_inside_confirmed
2026-09-05 14:39:57,2026-09-05,1482923,236,82,93.2221450805664,,39.379852294921875,0.7486066818237305,803.03125,179.2540740966797,954.285400390625,288.65283203125,151.254150390625,109.39875793457031,16547.016185183078,878.6583251953125,233.95346069335938,1920,1080,815.8007202148438,203.00401306152344,907.100830078125,221.83639526367188,91.30010986328125,18.832382202148438,11.654884686555723,left,False,"{'safe_roi': (450, 80, 1500, 420), 'cylinder_roi': (800, 190, 1000, 300)}",ok_cylinder_inside_confirmed
2026-09-05 14:40:03,2026-09-05,1483044,236,82,90.6211166381836,,38.80731201171875,0.7274497747421265,802.6884155273438,179.6120147705078,952.1937866210938,289.05072021484375,149.50537109375,109.43870544433594,16361.674269475043,877.4411010742188,234.33135986328125,1920,1080,812.6377563476562,213.6885986328125,902.6815185546875,223.9017333984375,90.04376220703125,10.213134765625,6.471067947293925,left,False,"{'safe_roi': (450, 80, 1500, 420), 'cylinder_roi': (800, 190, 1000, 300)}",ok_cylinder_inside_confirmed
2026-09-05 14:40:08,2026-09-05,1483176,236,82,88.89765930175781,,37.929412841796875,0.7361717224121094,801.459716796875,179.54246520996094,953.3126220703125,289.7406005859375,151.8529052734375,110.19813537597656,16733.90701255761,877.3861694335938,234.64154052734375,1920,1080,817.2125244140625,207.50262451171875,904.9669189453125,221.7138671875,87.75439453125,14.21124267578125,9.198811641422527,left,False,"{'safe_roi': (450, 80, 1500, 420), 'cylinder_roi': (800, 190, 1000, 300)}",ok_cylinder_inside_confirmed
2026-09-05 14:40:13,2026-09-05,1483297,236,82,81.94281005859375,,36.58644104003906,0.7272365093231201,801.9671630859375,179.38232421875,951.19873046875,289.49615478515625,149.2315673828125,110.11383056640625,16432.459525950253,876.5829467773438,234.43923950195312,1920,1080,816.8175659179688,217.79222106933594,898.68505859375,221.30479431152344,81.86749267578125,3.5125732421875,2.456802513246429,left,False,"{'safe_roi': (450, 80, 1500, 420), 'cylinder_roi': (800, 190, 1000, 300)}",ok_cylinder_inside_confirmed
2026-09-05 14:40:18,2026-09-05,1483414,236,82,84.94329071044922,,37.596405029296875,0.7294507026672363,801.3015747070312,179.1953125,952.2438354492188,290.7013854980469,150.9422607421875,111.50607299804688,16830.978744808584,876.772705078125,234.94834899902344,1920,1080,813.9435424804688,219.04737854003906,898.85888671875,221.22622680664062,84.91534423828125,2.1788482666015625,1.4698335662731938,left,False,"{'safe_roi': (450, 80, 1500, 420), 'cylinder_roi': (800, 190, 1000, 300)}",ok_cylinder_inside_confirmed
2026-09-05 14:40:23,2026-09-05,1483533,236,82,84.82156372070312,,35.05912780761719,0.7214316129684448,802.5433959960938,179.57330322265625,950.7666625976562,288.5391540527344,148.2232666015625,108.96585083007812,16151.27435805276,876.655029296875,234.0562286376953,1920,1080,815.0369873046875,216.70404052734375,899.64404296875,222.73265075683594,84.6070556640625,6.0286102294921875,4.07567808234014,left,False,"{'safe_roi': (450, 80, 1500, 420), 'cylinder_roi': (800, 190, 1000, 300)}",ok_cylinder_inside_confirmed
2026-09-05 14:44:24,2026-09-05,1489447,236,83,86.65392303466797,,35.27928161621094,0.7704604268074036,826.9844970703125,183.02938842773438,998.931396484375,294.8826904296875,171.9468994140625,111.85330200195312,19232.82846846059,912.9579467773438,238.95603942871094,1920,1080,838.5595092773438,210.18711853027344,925.0133056640625,216.07296752929688,86.45379638671875,5.8858489990234375,3.8947361172800146,left,False,"{'safe_roi': (450, 80, 1500, 420), 'cylinder_roi': (800, 190, 1000, 300)}",ok_cylinder_inside_confirmed
2026-09-05 14:48:57,2026-09-05,1496214,236,84,102.88420867919922,,16.062179565429688,0.6660215258598328,806.363037109375,178.15557861328125,994.1080322265625,294.84808349609375,187.7449951171875,116.6925048828125,21908.43375943601,900.2355346679688,236.5018310546875,1920,1080,977.6884765625,203.00289916992188,875.10302734375,210.83778381347656,102.58544921875,7.8348846435546875,4.36744238613855,right,False,"{'safe_roi': (450, 80, 1500, 420), 'cylinder_roi': (800, 190, 1000, 300)}",ok_cylinder_inside_confirmed
2026-09-05 14:49:02,2026-09-05,1496338,236,84,105.4509048461914,,9.95831298828125,0.5363457798957825,807.22412109375,177.87954711914062,994.85107421875,294.3677062988281,187.626953125,116.4881591796875,21856.318382024765,901.03759765625,236.12362670898438,1920,1080,983.1075439453125,208.09820556640625,877.8390502929688,214.29803466796875,105.26849365234375,6.1998291015625,3.3705638183395803,right,False,"{'safe_roi': (450, 80, 1500, 420), 'cylinder_roi': (800, 190, 1000, 300)}",ok_cylinder_inside_confirmed
2026-09-05 14:49:07,2026-09-05,1496468,236,84,106.49040222167969,,16.307357788085938,0.6636536121368408,808.9287719726562,178.43478393554688,994.8129272460938,294.15155029296875,185.8841552734375,115.71676635742188,21509.913365323097,901.870849609375,236.2931671142578,1920,1080,983.888427734375,206.50628662109375,877.5888671875,212.87876892089844,106.299560546875,6.3724822998046875,3.4306811257290395,right,False,"{'safe_roi': (450, 80, 1500, 420), 'cylinder_roi': (800, 190, 1000, 300)}",ok_cylinder_inside_confirmed
2026-09-05 14:49:12,2026-09-05,1496587,236,84,101.23063659667969,,11.29962158203125,0.5511946082115173,804.5087890625,178.088134765625,993.9686279296875,295.0570983886719,189.4598388671875,116.96896362304688,22160.921000484377,899.2387084960938,236.57261657714844,1920,1080,977.5294799804688,208.2116241455078,876.4951171875,214.51242065429688,101.03436279296875,6.3007965087890625,3.5685099866325936,right,False,"{'safe_roi': (450, 80, 1500, 420), 'cylinder_roi': (800, 190, 1000, 300)}",ok_cylinder_inside_confirmed
2026-09-05 14:49:25,2026-09-05,1496910,236,84,102.78766632080078,,14.488128662109375,0.7324028611183167,807.3651123046875,177.82350158691406,992.7698974609375,295.51934814453125,185.40478515625,117.69584655761719,21821.37314479798,900.0675048828125,236.67141723632812,1920,1080,975.1026611328125,205.42025756835938,872.8732299804688,216.11825561523438,102.22943115234375,10.697998046875,5.974084457678696,right,False,"{'safe_roi': (450, 80, 1500, 420), 'cylinder_roi': (800, 190, 1000, 300)}",ok_cylinder_inside_confirmed
2026-09-05 14:49:30,2026-09-05,1497028,236,84,101.54376983642578,,14.016525268554688,0.6933807134628296,810.389404296875,178.05133056640625,994.420654296875,294.81707763671875,184.03125,116.7657470703125,21488.546390533447,902.405029296875,236.4342041015625,1920,1080,979.068359375,208.07354736328125,877.9417724609375,217.26870727539062,101.1265869140625,9.195159912109375,5.195459391019406,right,False,"{'safe_roi': (450, 80, 1500, 420), 'cylinder_roi': (800, 190, 1000, 300)}",ok_cylinder_inside_confirmed
2026-09-05 14:51:06,2026-09-05,1499416,236,85,107.40288543701172,,45.15263366699219,0.7566783428192139,799.8486938476562,178.5430450439453,987.9347534179688,292.7801208496094,188.0860595703125,114.23707580566406,21486.401445122436,893.8917236328125,235.66159057617188,1920,1080,812.8468017578125,205.38352966308594,919.923095703125,213.7529296875,107.0762939453125,8.369400024414062,4.46932077863044,left,False,"{'safe_roi': (450, 80, 1500, 420), 'cylinder_roi': (800, 190, 1000, 300)}",ok_cylinder_inside_confirmed
2026-09-05 14:51:11,2026-09-05,1499527,236,85,99.7101058959961,,40.19482421875,0.7496110200881958,800.5330810546875,179.17636108398438,984.3284912109375,292.67437744140625,183.79541015625,113.49801635742188,20860.414468333125,892.4307861328125,235.9253692626953,1920,1080,816.8031616210938,204.63868713378906,915.6817016601562,217.48934936523438,98.8785400390625,12.850662231445312,7.404890391233799,left,False,"{'safe_roi': (450, 80, 1500, 420), 'cylinder_roi': (800, 190, 1000, 300)}",ok_cylinder_inside_confirmed
2026-09-05 14:51:16,2026-09-05,1499657,236,85,109.579345703125,,36.88743591308594,0.7572309970855713,799.5697631835938,180.799560546875,981.7349243164062,293.6949768066406,182.1651611328125,112.89541625976562,20565.611694116145,890.65234375,237.2472686767578,1920,1080,812.4805297851562,200.1366424560547,919.4930419921875,223.71533203125,107.01251220703125,23.578689575195312,12.42577000036614,left,False,"{'safe_roi': (450, 80, 1500, 420), 'cylinder_roi': (800, 190, 1000, 300)}",ok_cylinder_inside_confirmed
2026-09-05 14:52:10,2026-09-05,1500983,236,86,97.24764251708984,,36.59613037109375,0.7901725769042969,848.337646484375,187.410400390625,1026.213623046875,304.4689025878906,177.8759765625,117.05850219726562,20821.895393282175,937.275634765625,245.9396514892578,1920,1080,862.624267578125,198.6617431640625,958.397705078125,215.53042602539062,95.7734375,16.868682861328125,9.989116056046061,left,False,"{'safe_roi': (450, 80, 1500, 420), 'cylinder_roi': (800, 190, 1000, 300)}",ok_cylinder_inside_confirmed
2026-09-05 14:52:17,2026-09-05,1501157,236,86,96.8935775756836,,43.42529296875,0.753264307975769,849.4423217773438,187.8685302734375,1024.89990234375,303.2688293457031,175.45758056640625,115.40029907226562,20247.857271859422,937.171142578125,245.5686798095703,1920,1080,851.6448364257812,207.552978515625,947.63623046875,220.74456787109375,95.99139404296875,13.19158935546875,7.824842634100167,left,False,"{'safe_roi': (450, 80, 1500, 420), 'cylinder_roi': (800, 190, 1000, 300)}",ok_cylinder_inside_confirmed
2026-09-05 14:52:22,2026-09-05,1501281,236,86,100.88298034667969,,39.287322998046875,0.7833344340324402,849.6305541992188,186.699951171875,1028.1824951171875,301.144775390625,178.55194091796875,114.44482421875,20434.34549227357,938.906494140625,243.92236328125,1920,1080,851.8253784179688,204.41493225097656,951.37841796875,220.7418212890625,99.55303955078125,16.326889038085938,9.313705705178567,left,False,"{'safe_roi': (450, 80, 1500, 420), 'cylinder_roi': (800, 190, 1000, 300)}",ok_cylinder_inside_confirmed
2026-09-05 14:52:27,2026-09-05,1501402,236,86,94.35967254638672,,38.091033935546875,0.7814099788665771,853.3428955078125,187.03616333007812,1030.9884033203125,304.2408752441406,177.6455078125,117.2047119140625,20820.8905659914,942.1656494140625,245.63851928710938,1920,1080,857.560302734375,203.0778350830078,951.1087646484375,215.42420959472656,93.5484619140625,12.34637451171875,7.518352835299955,left,False,"{'safe_roi': (450, 80, 1500, 420), 'cylinder_roi': (800, 190, 1000, 300)}",ok_cylinder_inside_confirmed
2026-09-05 14:52:33,2026-09-05,1501522,236,86,99.63145446777344,,41.10636901855469,0.7713079452514648,854.6224365234375,186.11529541015625,1033.1326904296875,303.5796813964844,178.51025390625,117.46438598632812,20968.597367361188,943.8775634765625,244.8474884033203,1920,1080,858.7815551757812,203.3038330078125,957.24609375,218.50784301757812,98.46453857421875,15.204010009765625,8.777775810565938,left,False,"{'safe_roi': (450, 80, 1500, 420), 'cylinder_roi': (800, 190, 1000, 300)}",ok_cylinder_inside_confirmed
2026-09-05 14:52:38,2026-09-05,1501640,236,86,99.90892791748047,,41.9521484375,0.7728720307350159,855.6239013671875,186.02642822265625,1031.955078125,304.0784606933594,176.3311767578125,118.05203247070312,20816.253804210573,943.7894897460938,245.0524444580078,1920,1080,858.078369140625,203.27378845214844,957.1494140625,216.18588256835938,99.071044921875,12.912094116210938,7.425598457478804,left,False,"{'safe_roi': (450, 80, 1500, 420), 'cylinder_roi': (800, 190, 1000, 300)}",ok_cylinder_inside_confirmed
2026-09-05 14:52:43,2026-09-05,1501754,236,86,103.1944580078125,,44.74308776855469,0.7714024186134338,852.7298583984375,186.49513244628906,1034.1180419921875,303.3598937988281,181.38818359375,116.86476135253906,21197.886787854135,943.4239501953125,244.92752075195312,1920,1080,855.9417724609375,205.5287628173828,958.4344482421875,217.54324340820312,102.49267578125,12.014480590820312,6.6858604308586616,left,False,"{'safe_roi': (450, 80, 1500, 420), 'cylinder_roi': (800, 190, 1000, 300)}",ok_cylinder_inside_confirmed
2026-09-05 14:52:48,2026-09-05,1501875,236,86,107.22020721435547,,33.998260498046875,0.776585042476654,860.4119262695312,187.9931640625,1032.398193359375,305.5689697265625,171.98626708984375,117.5758056640625,20221.423916243017,946.405029296875,246.78106689453125,1920,1080,859.9505004882812,207.85098266601562,964.7310180664062,230.59336853027344,104.780517578125,22.742385864257812,12.245981819103582,left,False,"{'safe_roi': (450, 80, 1500, 420), 'cylinder_roi': (800, 190, 1000, 300)}",ok_cylinder_inside_confirmed
2026-09-05 14:53:53,2026-09-05,1503492,236,87,96.59331512451172,,39.90553283691406,0.7974012494087219,837.5147705078125,179.5467529296875,1028.0640869140625,294.4294738769531,190.54931640625,114.88272094726562,21890.823943391442,932.7894287109375,236.9881134033203,1920,1080,853.8480224609375,201.53697204589844,949.8695678710938,212.03131103515625,96.02154541015625,10.494338989257812,6.237186816183922,left,False,"{'safe_roi': (450, 80, 1500, 420), 'cylinder_roi': (800, 190, 1000, 300)}",ok_cylinder_inside_confirmed
2026-09-05 14:53:58,2026-09-05,1503621,236,87,99.44556427001953,,39.965545654296875,0.8049541711807251,838.767333984375,179.96185302734375,1020.6202392578125,293.95751953125,181.8529052734375,113.99566650390625,20730.443142317235,929.6937866210938,236.95968627929688,1920,1080,851.6515502929688,203.22235107421875,950.668701171875,212.44320678710938,99.01715087890625,9.220855712890625,5.320258305075007,left,False,"{'safe_roi': (450, 80, 1500, 420), 'cylinder_roi': (800, 190, 1000, 300)}",ok_cylinder_inside_confirmed
2026-09-05 14:54:03,2026-09-05,1503747,236,87,105.3785400390625,,43.05513000488281,0.7671189308166504,839.1907348632812,180.64862060546875,1016.4277954101562,294.029541015625,177.237060546875,113.38092041015625,20095.30105559528,927.8092651367188,237.33908081054688,1920,1080,843.2708740234375,206.03598022460938,948.63037109375,208.0392303466797,105.3594970703125,2.0032501220703125,1.0892606011288755,left,False,"{'safe_roi': (450, 80, 1500, 420), 'cylinder_roi': (800, 190, 1000, 300)}",ok_cylinder_inside_confirmed
2026-09-05 14:54:08,2026-09-05,1503880,236,87,106.76300811767578,,42.77717590332031,0.7562500238418579,834.83251953125,181.5587615966797,1014.64697265625,295.6903076171875,179.814453125,114.13154602050781,20522.501531988382,924.73974609375,238.62454223632812,1920,1080,844.3167724609375,200.77540588378906,950.2745361328125,213.86328125,105.957763671875,13.087875366210938,7.041493322267256,left,False,"{'safe_roi': (450, 80, 1500, 420), 'cylinder_roi': (800, 190, 1000, 300)}",ok_cylinder_inside_confirmed
2026-09-05 14:54:13,2026-09-05,1504006,236,87,96.80956268310547,,34.344696044921875,0.7524619102478027,831.028564453125,181.7684783935547,1005.0018310546875,299.2086486816406,173.9732666015625,117.44017028808594,20431.450055262074,918.0151977539062,240.48855590820312,1920,1080,849.4171142578125,201.95851135253906,944.3720703125,220.817138671875,94.9549560546875,18.858627319335938,11.233115470875532,left,False,"{'safe_roi': (450, 80, 1500, 420), 'cylinder_roi': (800, 190, 1000, 300)}",ok_cylinder_inside_confirmed
2026-09-05 14:54:18,2026-09-05,1504125,236,87,94.60848236083984,,34.213104248046875,0.770424485206604,825.401611328125,181.8299102783203,1006.4503173828125,293.1216735839844,181.0487060546875,111.29176330566406,20149.22974103503,915.9259643554688,237.47579956054688,1920,1080,847.3043823242188,200.1484375,940.8441772460938,214.32839965820312,93.539794921875,14.179962158203125,8.619998860631746,left,False,"{'safe_roi': (450, 80, 1500, 420), 'cylinder_roi': (800, 190, 1000, 300)}",ok_cylinder_inside_confirmed
2026-09-05 14:54:23,2026-09-05,1504245,236,87,97.71715545654297,,35.508575439453125,0.7777751088142395,824.1077270507812,181.64076232910156,1006.3413696289062,294.90020751953125,182.233642578125,113.25944519042969,20639.681253429502,915.2245483398438,238.27047729492188,1920,1080,845.9090576171875,199.8102569580078,942.189453125,216.50538635253906,96.2803955078125,16.69512939453125,9.837335091230184,left,False,"{'safe_roi': (450, 80, 1500, 420), 'cylinder_roi': (800, 190, 1000, 300)}",ok_cylinder_inside_confirmed
2026-09-05 14:54:28,2026-09-05,1504373,236,87,108.56967163085938,,42.27629089355469,0.7657215595245361,824.1119384765625,181.23268127441406,1006.0889892578125,294.5811767578125,181.97705078125,113.34849548339844,20626.824918560684,915.1004638671875,237.90692138671875,1920,1080,836.7354736328125,200.0026397705078,944.0390625,216.53482055664062,107.3035888671875,16.532180786132812,8.758647369195655,left,False,"{'safe_roi': (450, 80, 1500, 420), 'cylinder_roi': (800, 190, 1000, 300)}",ok_cylinder_inside_confirmed
2026-09-05 14:54:33,2026-09-05,1504497,236,87,96.55570220947266,,36.64494323730469,0.7667810916900635,821.75927734375,182.78343200683594,1004.185546875,296.3599548339844,182.42626953125,113.57652282714844,20719.34136568755,912.972412109375,239.57168579101562,1920,1080,846.1589965820312,198.95364379882812,941.0784912109375,216.65374755859375,94.91949462890625,17.700103759765625,10.562905876580064,left,False,"{'safe_roi': (450, 80, 1500, 420), 'cylinder_roi': (800, 190, 1000, 300)}",ok_cylinder_inside_confirmed
2026-09-05 14:54:38,2026-09-05,1504624,236,87,97.29783630371094,,36.38630676269531,0.7762872576713562,823.6080322265625,183.5653076171875,1005.746337890625,296.3099060058594,182.1383056640625,112.74459838867188,20535.110123287886,914.6771850585938,239.93760681152344,1920,1080,844.6594848632812,204.06765747070312,940.721923828125,219.52328491210938,96.06243896484375,15.45562744140625,9.140072753757817,left,False,"{'safe_roi': (450, 80, 1500, 420), 'cylinder_roi': (800, 190, 1000, 300)}",ok_cylinder_inside_confirmed
2026-09-05 14:54:43,2026-09-05,1504754,236,87,98.43753051757812,,35.86590576171875,0.7824122309684753,824.7006225585938,185.5146942138672,1005.1211547851562,299.24871826171875,180.4205322265625,113.73402404785156,20519.953150982037,914.910888671875,242.3817138671875,1920,1080,844.6132202148438,207.12942504882812,942.1304931640625,220.55807495117188,97.51727294921875,13.42864990234375,7.840623387674328,left,False,"{'safe_roi': (450, 80, 1500, 420), 'cylinder_roi': (800, 190, 1000, 300)}",ok_cylinder_inside_confirmed
2026-09-05 14:54:48,2026-09-05,1504874,236,87,97.33821105957031,,37.07423400878906,0.7808610200881958,824.8692016601562,183.3992462158203,1005.5484008789062,297.3341064453125,180.67919921875,113.93486022949219,20585.659309364855,915.2088012695312,240.36666870117188,1920,1080,845.5096435546875,206.36724853515625,942.0418701171875,218.86749267578125,96.5322265625,12.500244140625,7.378342059920404,left,False,"{'safe_roi': (450, 80, 1500, 420), 'cylinder_roi': (800, 190, 1000, 300)}",ok_cylinder_inside_confirmed
2026-09-05 14:54:54,2026-09-05,1504992,236,87,97.82329559326172,,37.8094482421875,0.7839433550834656,823.6170654296875,183.51821899414062,1005.491943359375,298.20458984375,181.8748779296875,114.68637084960938,20858.569698471576,914.5545043945312,240.8614044189453,1920,1080,845.8759765625,204.60577392578125,942.664794921875,218.79458618164062,96.788818359375,14.188812255859375,8.339903935498162,left,False,"{'safe_roi': (450, 80, 1500, 420), 'cylinder_roi': (800, 190, 1000, 300)}",ok_cylinder_inside_confirmed
2026-09-05 14:55:01,2026-09-05,1505171,236,87,97.7908935546875,,37.65858459472656,0.7765703201293945,822.4161376953125,184.78933715820312,1007.9305419921875,299.3534851074219,185.514404296875,114.56414794921875,21253.29966057837,915.17333984375,242.0714111328125,1920,1080,843.8970336914062,203.77886962890625,940.131591796875,221.15609741210938,96.23455810546875,17.377227783203125,10.23569281590883,left,False,"{'safe_roi': (450, 80, 1500, 420), 'cylinder_roi': (800, 190, 1000, 300)}",ok_cylinder_inside_confirmed
2026-09-05 14:55:06,2026-09-05,1505289,236,87,96.24760437011719,,36.880401611328125,0.776931881904602,822.7499389648438,184.2064971923828,1005.1476440429688,296.59637451171875,182.397705078125,112.38987731933594,20499.655697058886,913.9487915039062,240.40142822265625,1920,1080,845.2142333984375,203.57000732421875,940.2271728515625,218.93692016601562,95.012939453125,15.366912841796875,9.187174558688469,left,False,"{'safe_roi': (450, 80, 1500, 420), 'cylinder_roi': (800, 190, 1000, 300)}",ok_cylinder_inside_confirmed
2026-09-05 14:55:11,2026-09-05,1505413,236,87,95.99879455566406,,37.80696105957031,0.7691965699195862,822.537109375,183.003662109375,1004.6842041015625,295.734130859375,182.1470947265625,112.73046875,20533.527369976044,913.6106567382812,239.368896484375,1920,1080,843.3594360351562,204.10968017578125,938.2740478515625,218.49667358398438,94.91461181640625,14.386993408203125,8.619183858770409,left,False,"{'safe_roi': (450, 80, 1500, 420), 'cylinder_roi': (800, 190, 1000, 300)}",ok_cylinder_inside_confirmed
2026-09-05 14:55:16,2026-09-05,1505536,236,87,99.1830825805664,,35.569671630859375,0.7870440483093262,822.02783203125,183.16366577148438,1003.762939453125,295.16717529296875,181.735107421875,112.00350952148438,20354.969834513962,912.8953857421875,239.16542053222656,1920,1080,842.7600708007812,203.34140014648438,940.767578125,218.56680297851562,98.00750732421875,15.22540283203125,8.830278779920267,left,False,"{'safe_roi': (450, 80, 1500, 420), 'cylinder_roi': (800, 190, 1000, 300)}",ok_cylinder_inside_confirmed
2026-09-05 14:55:21,2026-09-05,1505659,236,87,95.88158416748047,,35.27879333496094,0.7987307906150818,825.9578857421875,184.08941650390625,1003.4697265625,297.018310546875,177.5118408203125,112.92889404296875,20046.215863369405,914.7138061523438,240.55386352539062,1920,1080,844.9956665039062,204.73367309570312,939.883056640625,218.5054473876953,94.88739013671875,13.771774291992188,8.258135963177788,left,False,"{'safe_roi': (450, 80, 1500, 420), 'cylinder_roi': (800, 190, 1000, 300)}",ok_cylinder_inside_confirmed
2026-09-05 14:55:26,2026-09-05,1505775,236,87,95.44571685791016,,35.96124267578125,0.7761654853820801,825.4944458007812,183.45840454101562,1005.1104125976562,296.50341796875,179.615966796875,113.04501342773438,20304.689378388226,915.3024291992188,239.9809112548828,1920,1080,843.371337890625,205.9346160888672,938.23388671875,216.46942138671875,94.862548828125,10.534805297851562,6.336923488311466,left,False,"{'safe_roi': (450, 80, 1500, 420), 'cylinder_roi': (800, 190, 1000, 300)}",ok_cylinder_inside_confirmed
2026-09-05 14:55:31,2026-09-05,1505891,236,87,95.66864013671875,,36.19148254394531,0.7933546304702759,825.763916015625,182.75999450683594,1005.0,295.7694396972656,179.236083984375,113.00944519042969,20255.37040917948,915.3819580078125,239.26470947265625,1920,1080,843.989013671875,206.51751708984375,938.9295654296875,218.29803466796875,94.9405517578125,11.780517578125,7.073284010320361,left,False,"{'safe_roi': (450, 80, 1500, 420), 'cylinder_roi': (800, 190, 1000, 300)}",ok_cylinder_inside_confirmed
2026-09-05 14:55:36,2026-09-05,1506013,236,87,93.03388977050781,,36.268402099609375,0.7659415006637573,823.8836669921875,183.73867797851562,1002.14013671875,294.2524108886719,178.2564697265625,110.51373291015625,19699.78788486868,913.0119018554688,238.99554443359375,1920,1080,843.9035034179688,206.41030883789062,936.2291259765625,217.86825561523438,92.32562255859375,11.45794677734375,7.074443837612531,left,False,"{'safe_roi': (450, 80, 1500, 420), 'cylinder_roi': (800, 190, 1000, 300)}",ok_cylinder_inside_confirmed
2026-09-05 14:55:41,2026-09-05,1506142,236,87,95.40519714355469,,37.52317810058594,0.7687548995018005,823.4041137695312,185.19918823242188,1001.6630249023438,293.5965576171875,178.2589111328125,108.39736938476562,19322.797036189586,912.5335693359375,239.3978729248047,1920,1080,841.0094604492188,205.2759246826172,935.7976684570312,216.10861206054688,94.7882080078125,10.832687377929688,6.519652178856204,left,False,"{'safe_roi': (450, 80, 1500, 420), 'cylinder_roi': (800, 190, 1000, 300)}",ok_cylinder_inside_confirmed
2026-09-05 14:55:46,2026-09-05,1506265,236,87,91.6538314819336,,34.8004150390625,0.7540614008903503,823.9000244140625,184.95347595214844,1001.494140625,292.9403381347656,177.5941162109375,107.98686218261719,19177.83135171421,912.6970825195312,238.9468994140625,1920,1080,842.3304443359375,206.53318786621094,933.7142333984375,213.56370544433594,91.3837890625,7.030517578125,4.399325743099987,left,False,"{'safe_roi': (450, 80, 1500, 420), 'cylinder_roi': (800, 190, 1000, 300)}",ok_cylinder_inside_confirmed
2026-09-05 14:55:51,2026-09-05,1506390,236,87,89.84241485595703,,36.50872802734375,0.7731207013130188,823.468994140625,184.40475463867188,1002.1334228515625,293.9565124511719,178.6644287109375,109.5517578125,19573.002223849297,912.8012084960938,239.18063354492188,1920,1080,842.1419677734375,208.7892303466797,931.705322265625,215.8649139404297,89.5633544921875,7.07568359375,4.517098873172044,left,False,"{'safe_roi': (450, 80, 1500, 420), 'cylinder_roi': (800, 190, 1000, 300)}",ok_cylinder_inside_confirmed
2026-09-05 14:55:56,2026-09-05,1506516,236,87,93.58135986328125,,35.47760009765625,0.7791067361831665,823.6181640625,182.75572204589844,998.65185546875,293.9402160644531,175.03369140625,111.18449401855469,19461.03241520375,911.135009765625,238.34796142578125,1920,1080,841.2847900390625,210.07713317871094,934.6373901367188,216.6165008544922,93.35260009765625,6.53936767578125,4.007034768192603,left,False,"{'safe_roi': (450, 80, 1500, 420), 'cylinder_roi': (800, 190, 1000, 300)}",ok_cylinder_inside_confirmed
2026-09-05 14:56:01,2026-09-05,1506636,236,87,93.20040130615234,,34.887664794921875,0.7899520397186279,822.4415893554688,182.7175750732422,996.3671264648438,293.27581787109375,173.925537109375,110.55824279785156,19228.901760485023,909.4043579101562,237.9967041015625,1920,1080,839.933349609375,209.58297729492188,932.945556640625,215.50282287597656,93.01220703125,5.9198455810546875,3.641729418728463,left,False,"{'safe_roi': (450, 80, 1500, 420), 'cylinder_roi': (800, 190, 1000, 300)}",ok_cylinder_inside_confirmed
2026-09-05 14:56:06,2026-09-05,1506759,236,87,96.01113891601562,,34.419189453125,0.7784908413887024,821.857666015625,182.15606689453125,999.5384521484375,294.6165466308594,177.6807861328125,112.46047973632812,19982.06644842401,910.6980590820312,238.3863067626953,1920,1080,839.2488403320312,210.0321807861328,935.03369140625,216.62014770507812,95.78485107421875,6.5879669189453125,3.934538507986408,left,False,"{'safe_roi': (450, 80, 1500, 420), 'cylinder_roi': (800, 190, 1000, 300)}",ok_cylinder_inside_confirmed
2026-09-05 14:56:11,2026-09-05,1506884,236,87,97.97279357910156,,34.5654296875,0.7727092504501343,821.2867431640625,180.7973175048828,1001.5267333984375,294.2548828125,180.239990234375,113.45756530761719,20449.590463060886,911.40673828125,237.52609252929688,1920,1080,838.3445434570312,211.0374298095703,936.0430908203125,218.3628692626953,97.69854736328125,7.325439453125,4.288015204442194,left,False,"{'safe_roi': (450, 80, 1500, 420), 'cylinder_roi': (800, 190, 1000, 300)}",ok_cylinder_inside_confirmed
2026-09-05 14:56:16,2026-09-05,1507000,236,87,91.35832977294922,,36.815948486328125,0.7658157348632812,820.6362915039062,181.16026306152344,994.7637329101562,294.8646240234375,174.12744140625,113.70436096191406,19799.04945103079,907.7000122070312,238.012451171875,1920,1080,842.3292236328125,210.55674743652344,933.53759765625,215.78907775878906,91.2083740234375,5.232330322265625,3.283275584273172,left,False,"{'safe_roi': (450, 80, 1500, 420), 'cylinder_roi': (800, 190, 1000, 300)}",ok_cylinder_inside_confirmed
2026-09-05 14:56:21,2026-09-05,1507130,236,87,94.06703186035156,,38.08551025390625,0.7687893509864807,818.7706909179688,182.01953125,995.1497192382812,295.2432556152344,176.3790283203125,113.22372436523438,19970.29048634693,906.960205078125,238.6313934326172,1920,1080,838.9004516601562,205.90257263183594,932.4892578125,215.37582397460938,93.58880615234375,9.473251342773438,5.7799100928434894,left,False,"{'safe_roi': (450, 80, 1500, 420), 'cylinder_roi': (800, 190, 1000, 300)}",ok_cylinder_inside_confirmed
2026-09-05 14:56:26,2026-09-05,1507249,236,87,97.03955841064453,,39.023345947265625,0.8025631308555603,815.051025390625,183.19302368164062,995.3660888671875,293.8938293457031,180.3150634765625,110.7008056640625,19961.02280022204,905.2085571289062,238.54342651367188,1920,1080,833.9759521484375,204.9619903564453,930.2452392578125,217.16444396972656,96.269287109375,12.20245361328125,7.223908330065523,left,False,"{'safe_roi': (450, 80, 1500, 420), 'cylinder_roi': (800, 190, 1000, 300)}",ok_cylinder_inside_confirmed
2026-09-05 14:58:44,2026-09-05,1510680,236,88,106.09564208984375,,33.66770935058594,0.7467544078826904,810.0440673828125,181.44065856933594,986.4005126953125,289.68975830078125,176.3564453125,108.24909973144531,19090.426436915994,898.2222900390625,235.56521606445312,1920,1080,818.0488891601562,205.14044189453125,923.4864501953125,216.93902587890625,105.43756103515625,11.798583984375,6.384901543728666,left,False,"{'safe_roi': (450, 80, 1500, 420), 'cylinder_roi': (800, 190, 1000, 300)}",ok_cylinder_inside_confirmed
2026-09-05 14:58:49,2026-09-05,1510810,236,88,98.21345520019531,,38.0745849609375,0.7758470177650452,810.0059204101562,182.53225708007812,992.2301635742188,291.53546142578125,182.2242431640625,109.00320434570312,19863.0264143534,901.1180419921875,237.0338592529297,1920,1080,822.7273559570312,205.5067596435547,920.4795532226562,215.01417541503906,97.752197265625,9.507415771484375,5.555136786446726,left,False,"{'safe_roi': (450, 80, 1500, 420), 'cylinder_roi': (800, 190, 1000, 300)}",ok_cylinder_inside_confirmed
2026-09-05 14:58:54,2026-09-05,1510938,236,88,94.08287811279297,,41.36177062988281,0.7682584524154663,806.461669921875,181.45779418945312,990.8602294921875,290.1416931152344,184.3985595703125,108.68389892578125,20041.154410399497,898.6609497070312,235.79974365234375,1920,1080,828.1951293945312,212.47576904296875,922.1256713867188,217.82745361328125,93.9305419921875,5.3516845703125,3.2608967273194516,left,False,"{'safe_roi': (450, 80, 1500, 420), 'cylinder_roi': (800, 190, 1000, 300)}",ok_cylinder_inside_confirmed
2026-09-05 14:59:01,2026-09-05,1511093,236,88,95.62216186523438,,41.38526916503906,0.7550638914108276,805.9278564453125,181.83328247070312,990.560791015625,289.63427734375,184.6329345703125,107.80099487304688,19903.614033009857,898.2443237304688,235.73377990722656,1920,1080,827.3143920898438,209.33685302734375,922.7225341796875,215.73094177246094,95.40814208984375,6.3940887451171875,3.8341306843717073,left,False,"{'safe_roi': (450, 80, 1500, 420), 'cylinder_roi': (800, 190, 1000, 300)}",ok_cylinder_inside_confirmed
2026-09-05 14:59:26,2026-09-05,1511707,236,89,105.28596496582031,,40.18418884277344,0.741731584072113,805.9415283203125,180.34158325195312,988.80908203125,289.0110778808594,182.8675537109375,108.66949462890625,19872.124645791948,897.3753051757812,234.67633056640625,1920,1080,818.8197021484375,203.63783264160156,923.4491577148438,215.37716674804688,104.62945556640625,11.739334106445312,6.401763148276183,left,False,"{'safe_roi': (450, 80, 1500, 420), 'cylinder_roi': (800, 190, 1000, 300)}",ok_cylinder_inside_confirmed
2026-09-05 14:59:31,2026-09-05,1511835,236,89,100.82243347167969,,37.452606201171875,0.7414464354515076,804.3875122070312,182.00381469726562,984.8820190429688,288.6436462402344,180.4945068359375,106.63983154296875,19247.903803415596,894.634765625,235.32373046875,1920,1080,821.521484375,204.42800903320312,921.7265014648438,215.56884765625,100.20501708984375,11.140838623046875,6.344115940554835,left,False,"{'safe_roi': (450, 80, 1500, 420), 'cylinder_roi': (800, 190, 1000, 300)}",ok_cylinder_inside_confirmed
2026-09-05 14:59:36,2026-09-05,1511964,236,89,102.17532348632812,,34.040283203125,0.7426140904426575,803.2741088867188,183.2663116455078,982.6900024414062,288.059814453125,179.4158935546875,104.79350280761719,18801.61994495429,892.9820556640625,235.66305541992188,1920,1080,815.9683837890625,201.25233459472656,916.7158813476562,218.27406311035156,100.74749755859375,17.021728515625,9.589807051942307,left,False,"{'safe_roi': (450, 80, 1500, 420), 'cylinder_roi': (800, 190, 1000, 300)}",ok_cylinder_inside_confirmed
2026-09-05 14:59:41,2026-09-05,1512077,236,89,106.9541015625,,26.030654907226562,0.7295332551002502,800.13134765625,183.75814819335938,978.017822265625,289.1441650390625,177.886474609375,105.38601684570312,18746.747009806335,889.0745849609375,236.45115661621094,1920,1080,815.465576171875,202.37954711914062,920.53955078125,222.34552001953125,105.073974609375,19.965972900390625,10.758976365877096,left,False,"{'safe_roi': (450, 80, 1500, 420), 'cylinder_roi': (800, 190, 1000, 300)}",ok_cylinder_inside_confirmed
2026-09-05 14:59:46,2026-09-05,1512204,236,89,90.08072662353516,,31.054595947265625,0.691258430480957,800.3174438476562,180.18482971191406,972.8533325195312,289.5643310546875,172.535888671875,109.37950134277344,18871.88946666196,886.5853881835938,234.87457275390625,1920,1080,828.5988159179688,205.5330810546875,916.9998168945312,222.84780883789062,88.4010009765625,17.314727783203125,11.08198759405554,left,False,"{'safe_roi': (450, 80, 1500, 420), 'cylinder_roi': (800, 190, 1000, 300)}",ok_cylinder_inside_confirmed
2026-09-05 14:59:51,2026-09-05,1512328,236,89,98.0201187133789,,24.5228271484375,0.7169747352600098,801.1502685546875,179.75509643554688,974.2789306640625,289.47088623046875,173.128662109375,109.71578979492188,18994.947899468243,887.714599609375,234.6129913330078,1920,1080,819.7116088867188,206.31884765625,916.5760498046875,221.32632446289062,96.86444091796875,15.007476806640625,8.806971707086399,left,False,"{'safe_roi': (450, 80, 1500, 420), 'cylinder_roi': (800, 190, 1000, 300)}",ok_cylinder_inside_confirmed
2026-09-05 15:00:43,2026-09-05,1513633,236,90,113.05660247802734,,46.282562255859375,0.7955911159515381,833.36865234375,178.21141052246094,1025.444580078125,293.8428955078125,192.075927734375,115.63148498535156,22210.024753864855,929.4066162109375,236.02716064453125,1920,1080,838.8715209960938,201.9815216064453,951.61181640625,210.4326171875,112.74029541015625,8.451095581054688,4.28691627479532,left,False,"{'safe_roi': (450, 80, 1500, 420), 'cylinder_roi': (800, 190, 1000, 300)}",ok_cylinder_inside_confirmed
2026-09-05 15:00:48,2026-09-05,1513753,236,90,105.62628173828125,,41.6287841796875,0.7902906537055969,830.875,178.62783813476562,1020.7242431640625,293.65301513671875,189.8492431640625,115.02517700195312,21837.44279863313,925.7996215820312,236.1404266357422,1920,1080,844.3410034179688,199.50033569335938,949.3668212890625,210.74705505371094,105.02581787109375,11.246719360351562,6.112242192546779,left,False,"{'safe_roi': (450, 80, 1500, 420), 'cylinder_roi': (800, 190, 1000, 300)}",ok_cylinder_inside_confirmed
2026-09-05 15:00:53,2026-09-05,1513883,236,90,114.37544250488281,,45.783660888671875,0.7581762671470642,827.511474609375,178.4759521484375,1014.4267578125,295.6819763183594,186.915283203125,117.20602416992188,21907.59720083326,920.9691162109375,237.07896423339844,1920,1080,835.3216552734375,198.67654418945312,949.5696411132812,204.0745849609375,114.24798583984375,5.398040771484375,2.7051252450350307,left,False,"{'safe_roi': (450, 80, 1500, 420), 'cylinder_roi': (800, 190, 1000, 300)}",ok_cylinder_inside_confirmed
2026-09-05 15:00:58,2026-09-05,1514016,236,90,111.79572296142578,,45.72019958496094,0.7265450954437256,822.1510009765625,178.59219360351562,1009.798095703125,294.7816162109375,187.6470947265625,116.18942260742188,21802.607590239495,915.9745483398438,236.68690490722656,1920,1080,831.5204467773438,198.65023803710938,943.2470092773438,202.58200073242188,111.7265625,3.9317626953125,2.0154605982381044,left,False,"{'safe_roi': (450, 80, 1500, 420), 'cylinder_roi': (800, 190, 1000, 300)}",ok_cylinder_inside_confirmed
2026-09-05 15:01:03,2026-09-05,1514138,236,90,108.10311126708984,,43.06610107421875,0.7525691390037537,821.1174926757812,178.1666259765625,1005.4954223632812,291.7516174316406,184.3779296875,113.58499145507812,20942.565568059683,913.3064575195312,234.95912170410156,1920,1080,828.4920043945312,199.9635772705078,936.2314453125,208.82337951660156,107.73944091796875,8.85980224609375,4.701060576775524,left,False,"{'safe_roi': (450, 80, 1500, 420), 'cylinder_roi': (800, 190, 1000, 300)}",ok_cylinder_inside_confirmed
2026-09-05 15:07:23,2026-09-05,1523502,236,91,87.64657592773438,,34.79084777832031,0.7765102982521057,864.5745849609375,187.5831298828125,1027.95458984375,301.2168273925781,163.3800048828125,113.63369750976562,18565.474053997546,946.2645874023438,244.3999786376953,1920,1080,870.9305419921875,200.9627227783203,957.6653442382812,213.57208251953125,86.73480224609375,12.609359741210938,8.271615809137405,left,False,"{'safe_roi': (450, 80, 1500, 420), 'cylinder_roi': (800, 190, 1000, 300)}",ok_cylinder_inside_confirmed
2026-09-05 15:07:28,2026-09-05,1523628,236,91,87.43546295166016,,34.90251159667969,0.7787901163101196,864.2343139648438,188.32684326171875,1031.236572265625,303.2451477050781,167.00225830078125,114.91830444335938,19191.61636213772,947.7354736328125,245.78599548339844,1920,1080,871.9225463867188,202.66160583496094,958.5811767578125,214.29098510742188,86.65863037109375,11.629379272460938,7.643291111196091,left,False,"{'safe_roi': (450, 80, 1500, 420), 'cylinder_roi': (800, 190, 1000, 300)}",ok_cylinder_inside_confirmed
2026-09-05 15:07:33,2026-09-05,1523748,236,91,87.78524780273438,,34.79759216308594,0.7851212024688721,865.3928833007812,188.39869689941406,1034.5614013671875,301.400634765625,169.16851806640625,113.00193786621094,19116.37036745902,949.9771728515625,244.899658203125,1920,1080,874.1016845703125,201.30072021484375,960.5692749023438,216.45347595214844,86.46759033203125,15.152755737304688,9.939699977717467,left,False,"{'safe_roi': (450, 80, 1500, 420), 'cylinder_roi': (800, 190, 1000, 300)}",ok_cylinder_inside_confirmed
2026-09-05 15:12:32,2026-09-05,1531058,236,92,103.6087646484375,,35.328643798828125,0.7802794575691223,871.7406005859375,187.7856903076172,1035.704345703125,307.11761474609375,163.9637451171875,119.33192443847656,19566.10924297385,953.7224731445312,247.45166015625,1920,1080,871.5388793945312,209.22427368164062,973.90966796875,225.19293212890625,102.37078857421875,15.968658447265625,8.866028803536405,left,False,"{'safe_roi': (450, 80, 1500, 420), 'cylinder_roi': (800, 190, 1000, 300)}",ok_cylinder_inside_confirmed
2026-09-05 15:16:02,2026-09-05,1536280,236,93,105.14744567871094,,46.686676025390625,0.7633046507835388,841.9190673828125,182.4052734375,1032.815673828125,296.02593994140625,190.8966064453125,113.62066650390625,21689.799657650292,937.3673706054688,239.21560668945312,1920,1080,847.1649169921875,213.57058715820312,952.2426147460938,217.39988708496094,105.07769775390625,3.8292999267578125,2.0870810804464246,left,False,"{'safe_roi': (450, 80, 1500, 420), 'cylinder_roi': (800, 190, 1000, 300)}",ok_cylinder_inside_confirmed
2026-09-05 15:16:07,2026-09-05,1536402,236,93,106.79438018798828,,48.357452392578125,0.76315838098526,840.55126953125,181.8396453857422,1028.5052490234375,294.4619445800781,187.9539794921875,112.62229919433594,21167.80931313522,934.5282592773438,238.15078735351562,1920,1080,847.22900390625,210.17124938964844,953.983154296875,213.10238647460938,106.754150390625,2.9311370849609375,1.572768832948539,left,False,"{'safe_roi': (450, 80, 1500, 420), 'cylinder_roi': (800, 190, 1000, 300)}",ok_cylinder_inside_confirmed
2026-09-05 15:16:12,2026-09-05,1536532,236,93,104.08030700683594,,46.97309875488281,0.7590290904045105,841.296142578125,182.96865844726562,1031.6251220703125,295.4773864746094,190.3289794921875,112.50872802734375,21413.67138940841,936.4606323242188,239.2230224609375,1920,1080,850.0508422851562,208.66201782226562,954.0372314453125,213.08250427246094,103.98638916015625,4.4204864501953125,2.4341918010608135,left,False,"{'safe_roi': (450, 80, 1500, 420), 'cylinder_roi': (800, 190, 1000, 300)}",ok_cylinder_inside_confirmed
2026-09-05 15:16:17,2026-09-05,1536653,236,93,103.86811065673828,,41.30738830566406,0.7589514255523682,838.678466796875,183.50686645507812,1028.04052734375,294.03399658203125,189.362060546875,110.52713012695312,20929.64510717243,933.3594970703125,238.7704315185547,1920,1080,848.708984375,208.98135375976562,952.269775390625,216.9654998779297,103.560791015625,7.9841461181640625,4.408567561629992,left,False,"{'safe_roi': (450, 80, 1500, 420), 'cylinder_roi': (800, 190, 1000, 300)}",ok_cylinder_inside_confirmed
2026-09-05 15:16:22,2026-09-05,1536781,236,93,95.45922088623047,,37.76847839355469,0.7705399990081787,839.2498779296875,185.5350341796875,1021.3968505859375,295.8338928222656,182.14697265625,110.29885864257812,20090.60318918526,930.3233642578125,240.68446350097656,1920,1080,855.25048828125,203.3738250732422,950.188720703125,213.33349609375,94.938232421875,9.959671020507812,5.988814063278641,left,False,"{'safe_roi': (450, 80, 1500, 420), 'cylinder_roi': (800, 190, 1000, 300)}",ok_cylinder_inside_confirmed
2026-09-05 15:16:27,2026-09-05,1536900,236,93,92.1910171508789,,34.07916259765625,0.7140745520591736,839.2344360351562,186.77215576171875,1014.8460083007812,297.5684814453125,175.611572265625,110.79632568359375,19457.116954550147,927.0402221679688,242.17031860351562,1920,1080,854.2564086914062,201.8870086669922,945.5936889648438,214.40438842773438,91.3372802734375,12.517379760742188,7.803527383263981,left,False,"{'safe_roi': (450, 80, 1500, 420), 'cylinder_roi': (800, 190, 1000, 300)}",ok_cylinder_inside_confirmed
2026-09-05 15:16:32,2026-09-05,1537018,236,93,92.9748306274414,,35.82672119140625,0.7844604849815369,839.1845703125,187.29368591308594,1021.77880859375,296.84088134765625,182.59423828125,109.54719543457031,20002.686706222594,930.481689453125,242.06729125976562,1920,1080,853.2725219726562,210.85647583007812,945.938232421875,218.43182373046875,92.66571044921875,7.575347900390625,4.673491877022561,left,False,"{'safe_roi': (450, 80, 1500, 420), 'cylinder_roi': (800, 190, 1000, 300)}",ok_cylinder_inside_confirmed
2026-09-05 15:16:37,2026-09-05,1537141,236,93,99.38494873046875,,34.25140380859375,0.7831414341926575,838.783447265625,186.79600524902344,1027.88232421875,294.189697265625,189.098876953125,107.39369201660156,20308.02655218914,933.3328857421875,240.49285888671875,1920,1080,852.5606079101562,213.77740478515625,951.6708374023438,221.16189575195312,99.1102294921875,7.384490966796875,4.261112402275237,left,False,"{'safe_roi': (450, 80, 1500, 420), 'cylinder_roi': (800, 190, 1000, 300)}",ok_cylinder_inside_confirmed
2026-09-05 15:16:54,2026-09-05,1537554,236,93,101.28987884521484,,38.43701171875,0.7549825310707092,837.6282958984375,187.11566162109375,1034.06982421875,293.3226013183594,196.4415283203125,106.20693969726562,20863.453552354127,935.8490600585938,240.21913146972656,1920,1080,851.5106201171875,211.4785614013672,952.644775390625,217.09298706054688,101.1341552734375,5.6144256591796875,3.1774927214036235,left,False,"{'safe_roi': (450, 80, 1500, 420), 'cylinder_roi': (800, 190, 1000, 300)}",ok_cylinder_inside_confirmed
2026-09-05 15:17:02,2026-09-05,1537752,236,93,101.10926055908203,,36.7279052734375,0.7995679378509521,835.3377075195312,185.2274627685547,1031.439208984375,293.44464111328125,196.10150146484375,108.21717834472656,21221.551157689653,933.388427734375,239.3360595703125,1920,1080,855.03271484375,205.14956665039062,955.08984375,219.69790649414062,100.05712890625,14.54833984375,8.272851003734912,left,False,"{'safe_roi': (450, 80, 1500, 420), 'cylinder_roi': (800, 190, 1000, 300)}",ok_cylinder_inside_confirmed
2026-09-05 15:17:07,2026-09-05,1537877,236,93,103.13438415527344,,36.006195068359375,0.7703959345817566,830.6361083984375,185.312744140625,1031.5726318359375,292.2914733886719,200.9365234375,106.97872924804688,21495.933936864138,931.1043701171875,238.80210876464844,1920,1080,846.31689453125,213.57049560546875,949.4484252929688,214.3375244140625,103.13153076171875,0.76702880859375,0.4261228635454629,left,False,"{'safe_roi': (450, 80, 1500, 420), 'cylinder_roi': (800, 190, 1000, 300)}",ok_cylinder_inside_confirmed
2026-09-05 15:17:12,2026-09-05,1537998,236,93,98.1760025024414,,32.93611145019531,0.802125871181488,827.4732055664062,187.4204864501953,1020.1801147460938,292.0638427734375,192.7069091796875,104.64335632324219,20165.49776324071,923.82666015625,239.74215698242188,1920,1080,849.3194580078125,212.40711975097656,947.1786499023438,220.28787231445312,97.85919189453125,7.8807525634765625,4.604181966117829,left,False,"{'safe_roi': (450, 80, 1500, 420), 'cylinder_roi': (800, 190, 1000, 300)}",ok_cylinder_inside_confirmed
2026-09-05 15:17:17,2026-09-05,1538131,236,93,99.62710571289062,,33.089508056640625,0.7948405146598816,824.784912109375,187.0355682373047,1016.36572265625,291.9815368652344,191.580810546875,104.94596862792969,20105.633733365685,920.5753173828125,239.508544921875,1920,1080,847.1163940429688,212.056396484375,946.51904296875,218.74021911621094,99.40264892578125,6.6838226318359375,3.846771226008669,left,False,"{'safe_roi': (450, 80, 1500, 420), 'cylinder_roi': (800, 190, 1000, 300)}",ok_cylinder_inside_confirmed
2026-09-05 15:17:22,2026-09-05,1538255,236,93,109.14990234375,,36.57783508300781,0.7759832143783569,826.652587890625,187.6403045654297,1019.66796875,292.66156005859375,193.015380859375,105.02125549316406,20270.71762734279,923.1602783203125,240.15093994140625,1920,1080,839.076416015625,210.65589904785156,947.9376220703125,218.58932495117188,108.8612060546875,7.9334259033203125,4.1681484714572985,left,False,"{'safe_roi': (450, 80, 1500, 420), 'cylinder_roi': (800, 190, 1000, 300)}",ok_cylinder_inside_confirmed
2026-09-05 15:17:27,2026-09-05,1538379,236,93,114.25047302246094,,39.499664306640625,0.770794153213501,825.7763671875,186.1087188720703,1019.700927734375,291.23883056640625,193.924560546875,105.13011169433594,20387.31071056798,922.7386474609375,238.67376708984375,1920,1080,832.5790405273438,214.35311889648438,946.7025756835938,219.73721313476562,114.12353515625,5.38409423828125,2.701084496484677,left,False,"{'safe_roi': (450, 80, 1500, 420), 'cylinder_roi': (800, 190, 1000, 300)}",ok_cylinder_inside_confirmed
2026-09-05 15:17:32,2026-09-05,1538503,236,93,105.84393310546875,,35.227142333984375,0.7824341654777527,826.301025390625,185.24969482421875,1015.407958984375,292.7492370605469,189.10693359375,107.49954223632812,20328.908795043826,920.8544921875,238.9994659423828,1920,1080,837.983642578125,213.74864196777344,943.6614990234375,219.67562866210938,105.6778564453125,5.9269866943359375,3.210094667534578,left,False,"{'safe_roi': (450, 80, 1500, 420), 'cylinder_roi': (800, 190, 1000, 300)}",ok_cylinder_inside_confirmed
2026-09-05 15:17:37,2026-09-05,1538629,236,93,94.96194458007812,,34.985931396484375,0.766143798828125,818.2595825195312,184.08251953125,1007.0278930664062,292.3540344238281,188.768310546875,108.27151489257812,20438.23094662279,912.6437377929688,238.21827697753906,1920,1080,837.6248779296875,210.2422332763672,932.5242919921875,213.68775939941406,94.8994140625,3.445526123046875,2.079332430487125,left,False,"{'safe_roi': (450, 80, 1500, 420), 'cylinder_roi': (800, 190, 1000, 300)}",ok_cylinder_inside_confirmed
2026-09-05 15:18:03,2026-09-05,1539267,236,94,118.55828857421875,,8.430435180664062,0.6490669846534729,814.4521484375,177.98121643066406,1006.982421875,294.490478515625,192.5302734375,116.50926208496094,22431.56008721888,910.71728515625,236.23583984375,1920,1080,998.1436767578125,212.84280395507812,879.58935546875,213.81292724609375,118.5543212890625,0.970123291015625,0.4688376516638416,right,False,"{'safe_roi': (450, 80, 1500, 420), 'cylinder_roi': (800, 190, 1000, 300)}",ok_cylinder_inside_confirmed
2026-09-05 15:18:08,2026-09-05,1539387,236,94,117.04839324951172,,11.399627685546875,0.7207376956939697,814.5247802734375,179.71246337890625,1005.73828125,293.8736267089844,191.2135009765625,114.16116333007812,21829.155715901405,910.1315307617188,236.7930450439453,1920,1080,996.4541015625,214.26243591308594,879.41015625,215.28265380859375,117.0439453125,1.0202178955078125,0.49940814193165495,right,False,"{'safe_roi': (450, 80, 1500, 420), 'cylinder_roi': (800, 190, 1000, 300)}",ok_cylinder_inside_confirmed
2026-09-05 15:18:13,2026-09-05,1539517,236,94,113.87223052978516,,8.096771240234375,0.7157807350158691,815.0311889648438,180.26675415039062,1004.7449340820312,294.0563049316406,189.7137451171875,113.78955078125,21587.441833913326,909.8880615234375,237.16152954101562,1920,1080,995.62548828125,211.87892150878906,881.802490234375,215.22702026367188,113.822998046875,3.3480987548828125,1.6848671461105749,right,False,"{'safe_roi': (450, 80, 1500, 420), 'cylinder_roi': (800, 190, 1000, 300)}",ok_cylinder_inside_confirmed
2026-09-05 15:18:18,2026-09-05,1539639,236,94,116.72222900390625,,9.326187133789062,0.7295441627502441,813.5699462890625,180.17263793945312,1003.52587890625,294.8097839355469,189.9559326171875,114.63714599609375,21776.00598026067,908.5479125976562,237.4912109375,1920,1080,996.75439453125,211.6600341796875,880.1167602539062,216.10305786132812,116.63763427734375,4.443023681640625,2.18148700494174,right,False,"{'safe_roi': (450, 80, 1500, 420), 'cylinder_roi': (800, 190, 1000, 300)}",ok_cylinder_inside_confirmed
2026-09-05 15:21:26,2026-09-05,1544277,236,95,107.66594696044922,,41.645782470703125,0.7806112170219421,860.5436401367188,188.7507781982422,1035.891357421875,304.0662536621094,175.34771728515625,115.31547546386719,20220.305390241556,948.217529296875,246.40850830078125,1920,1080,860.7000732421875,211.0470428466797,967.7943115234375,222.127685546875,107.09423828125,11.080642700195312,5.907161885999715,left,False,"{'safe_roi': (450, 80, 1500, 420), 'cylinder_roi': (800, 190, 1000, 300)}",ok_cylinder_inside_confirmed
2026-09-05 15:22:09,2026-09-05,1545315,236,96,95.33519744873047,,31.522186279296875,0.7283201813697815,794.2907104492188,179.4350128173828,966.5648803710938,291.24365234375,172.274169921875,111.80863952636719,19261.74056449905,880.4277954101562,235.33932495117188,1920,1080,816.1399536132812,213.13912963867188,911.2831420898438,219.1866912841797,95.1431884765625,6.0475616455078125,3.6369838644218717,left,False,"{'safe_roi': (450, 80, 1500, 420), 'cylinder_roi': (800, 190, 1000, 300)}",ok_cylinder_inside_confirmed
2026-09-05 15:22:55,2026-09-05,1546459,236,97,115.75575256347656,,39.2376708984375,0.7496345043182373,840.723388671875,188.45330810546875,1032.2445068359375,301.0489196777344,191.5211181640625,112.59561157226562,21564.437428686768,936.4839477539062,244.75111389160156,1920,1080,844.5162963867188,246.84664916992188,959.693115234375,235.28399658203125,115.17681884765625,11.562652587890625,5.732741878610075,left,False,"{'safe_roi': (450, 80, 1500, 420), 'cylinder_roi': (800, 190, 1000, 300)}",ok_cylinder_inside_confirmed
2026-09-05 15:23:02,2026-09-05,1546644,236,97,105.61180114746094,,33.574005126953125,0.7571398019790649,860.7044677734375,187.9225616455078,1035.95068359375,301.26953125,175.2462158203125,113.34696960449219,19863.62749788724,948.3275756835938,244.59603881835938,1920,1080,861.99609375,213.23060607910156,967.1668701171875,222.8721923828125,105.1707763671875,9.641586303710938,5.237979471729752,left,False,"{'safe_roi': (450, 80, 1500, 420), 'cylinder_roi': (800, 190, 1000, 300)}",ok_cylinder_inside_confirmed
2026-09-05 15:23:07,2026-09-05,1546771,236,97,107.60067749023438,,33.60267639160156,0.7600319385528564,864.0911254882812,187.17529296875,1036.449951171875,301.98675537109375,172.35882568359375,114.81146240234375,19788.768834684044,950.2705078125,244.58102416992188,1920,1080,865.351318359375,212.6588897705078,972.5420532226562,222.04251098632812,107.19073486328125,9.383621215820312,5.002995544739219,left,False,"{'safe_roi': (450, 80, 1500, 420), 'cylinder_roi': (800, 190, 1000, 300)}",ok_cylinder_inside_confirmed
2026-09-05 15:23:12,2026-09-05,1546892,236,97,105.31642150878906,,38.196014404296875,0.7652973532676697,861.6801147460938,187.81643676757812,1036.83740234375,301.65380859375,175.15728759765625,113.83737182617188,19939.445276318118,949.2587890625,244.73512268066406,1920,1080,866.6366577148438,212.3592987060547,971.6129150390625,220.81707763671875,104.97625732421875,8.457778930664062,4.606284948701378,left,False,"{'safe_roi': (450, 80, 1500, 420), 'cylinder_roi': (800, 190, 1000, 300)}",ok_cylinder_inside_confirmed
2026-09-05 15:23:17,2026-09-05,1547020,236,97,101.69941711425781,,34.39979553222656,0.7627257704734802,861.0701904296875,188.11708068847656,1034.232666015625,303.365966796875,173.1624755859375,115.24888610839844,19956.782427052036,947.6514282226562,245.74151611328125,1920,1080,863.956787109375,210.64266967773438,965.1470947265625,220.8059539794922,101.1903076171875,10.163284301757812,5.73540112465547,left,False,"{'safe_roi': (450, 80, 1500, 420), 'cylinder_roi': (800, 190, 1000, 300)}",ok_cylinder_inside_confirmed
2026-09-05 15:23:22,2026-09-05,1547140,236,97,96.76066589355469,,37.028778076171875,0.7578094601631165,859.0601196289062,188.47450256347656,1030.5455322265625,302.8789978027344,171.48541259765625,114.40449523925781,19618.702069130726,944.8028564453125,245.6767578125,1920,1080,863.55322265625,211.18414306640625,960.0113525390625,218.82981872558594,96.4581298828125,7.6456756591796875,4.53202818386482,left,False,"{'safe_roi': (450, 80, 1500, 420), 'cylinder_roi': (800, 190, 1000, 300)}",ok_cylinder_inside_confirmed
2026-09-05 15:23:27,2026-09-05,1547262,236,97,103.74739074707031,,37.46781921386719,0.7607812285423279,860.435791015625,189.27047729492188,1033.3829345703125,305.7855529785156,172.9471435546875,116.51507568359375,20150.949520535767,946.9093627929688,247.52801513671875,1920,1080,861.2777709960938,210.38265991210938,964.5409545898438,220.3944549560547,103.26318359375,10.011795043945312,5.537755522277359,left,False,"{'safe_roi': (450, 80, 1500, 420), 'cylinder_roi': (800, 190, 1000, 300)}",ok_cylinder_inside_confirmed
2026-09-05 15:23:32,2026-09-05,1547382,236,97,108.79304504394531,,37.409210205078125,0.769188642501831,860.6796875,189.04238891601562,1033.0245361328125,306.3503112792969,172.3448486328125,117.30792236328125,20217.416123129427,946.8521118164062,247.69635009765625,1920,1080,859.276611328125,211.55239868164062,967.4293212890625,223.33871459960938,108.1527099609375,11.78631591796875,6.21946197664905,left,False,"{'safe_roi': (450, 80, 1500, 420), 'cylinder_roi': (800, 190, 1000, 300)}",ok_cylinder_inside_confirmed
2026-09-05 15:23:37,2026-09-05,1547506,236,97,104.7764663696289,,38.79765319824219,0.7581748962402344,858.1962280273438,188.66336059570312,1027.3714599609375,303.6481628417969,169.17523193359375,114.98480224609375,19452.58058882132,942.7838134765625,246.15576171875,1920,1080,860.0673217773438,212.92295837402344,964.404296875,222.50961303710938,104.33697509765625,9.586654663085938,5.249691498242637,left,False,"{'safe_roi': (450, 80, 1500, 420), 'cylinder_roi': (800, 190, 1000, 300)}",ok_cylinder_inside_confirmed
2026-09-05 15:23:42,2026-09-05,1547632,236,97,93.2336196899414,,34.0733642578125,0.7592006325721741,862.0572509765625,188.31973266601562,1035.4298095703125,303.91217041015625,173.37255859375,115.59243774414062,20040.55668579042,948.7435302734375,246.11595153808594,1920,1080,866.123046875,213.87823486328125,959.1102294921875,220.65261840820312,92.9871826171875,6.774383544921875,4.166800816256908,left,False,"{'safe_roi': (450, 80, 1500, 420), 'cylinder_roi': (800, 190, 1000, 300)}",ok_cylinder_inside_confirmed
2026-09-05 15:23:50,2026-09-05,1547814,236,97,99.38593292236328,,33.54225158691406,0.7691856026649475,859.9903564453125,189.39634704589844,1032.8438720703125,303.6888122558594,172.853515625,114.29246520996094,19755.85442098975,946.4171142578125,246.54257202148438,1920,1080,864.7052001953125,213.089599609375,963.49267578125,223.97991943359375,98.7874755859375,10.89031982421875,6.290878143456119,left,False,"{'safe_roi': (450, 80, 1500, 420), 'cylinder_roi': (800, 190, 1000, 300)}",ok_cylinder_inside_confirmed
2026-09-05 15:23:55,2026-09-05,1547935,236,97,108.98727416992188,,31.456695556640625,0.7667050957679749,860.4215698242188,188.72592163085938,1035.6041259765625,302.7832946777344,175.18255615234375,114.057373046875,19980.862158373,948.0128173828125,245.75460815429688,1920,1080,863.5173950195312,213.09901428222656,971.6170654296875,226.98019409179688,108.09967041015625,13.881179809570312,7.317360440129854,left,False,"{'safe_roi': (450, 80, 1500, 420), 'cylinder_roi': (800, 190, 1000, 300)}",ok_cylinder_inside_confirmed
2026-09-05 15:24:00,2026-09-05,1548064,236,97,105.42379760742188,,33.390960693359375,0.7637873291969299,861.1665649414062,188.42044067382812,1034.8065185546875,303.173583984375,173.63995361328125,114.75314331054688,19925.730481421575,947.986572265625,245.79701232910156,1920,1080,862.9786987304688,211.27548217773438,967.7030639648438,223.3992156982422,104.724365234375,12.123733520507812,6.603623150505058,left,False,"{'safe_roi': (450, 80, 1500, 420), 'cylinder_roi': (800, 190, 1000, 300)}",ok_cylinder_inside_confirmed
2026-09-05 15:24:05,2026-09-05,1548191,236,97,86.17677307128906,,33.0533447265625,0.7855135202407837,857.5064697265625,190.97938537597656,1029.71484375,301.6022033691406,172.2083740234375,110.62281799316406,19050.17561649345,943.6106567382812,246.29080200195312,1920,1080,870.4097290039062,216.04989624023438,956.47998046875,220.33328247070312,86.07025146484375,4.28338623046875,2.849040652685142,left,False,"{'safe_roi': (450, 80, 1500, 420), 'cylinder_roi': (800, 190, 1000, 300)}",ok_cylinder_inside_confirmed
2026-09-05 15:24:10,2026-09-05,1548318,236,97,104.63725280761719,,36.70379638671875,0.761756956577301,859.5180053710938,188.49017333984375,1029.835693359375,304.8690185546875,170.31768798828125,116.37884521484375,19821.375847738236,944.6768798828125,246.67959594726562,1920,1080,862.7683715820312,213.1822967529297,966.6781616210938,225.4993438720703,103.9097900390625,12.317047119140625,6.760066824934619,left,False,"{'safe_roi': (450, 80, 1500, 420), 'cylinder_roi': (800, 190, 1000, 300)}",ok_cylinder_inside_confirmed
2026-09-05 15:24:15,2026-09-05,1548445,236,97,103.03083801269531,,39.544464111328125,0.7586997747421265,861.0718383789062,189.77471923828125,1029.1298828125,304.6944885253906,168.05804443359375,114.91976928710938,19313.19169315137,945.100830078125,247.23460388183594,1920,1080,863.4447021484375,212.48025512695312,965.8576049804688,223.7475128173828,102.41290283203125,11.267257690429688,6.278314688478485,left,False,"{'safe_roi': (450, 80, 1500, 420), 'cylinder_roi': (800, 190, 1000, 300)}",ok_cylinder_inside_confirmed
2026-09-05 15:24:20,2026-09-05,1548564,236,97,95.2755355834961,,34.72831726074219,0.7652357816696167,858.854248046875,189.27903747558594,1034.6177978515625,304.3805847167969,175.7635498046875,115.10154724121094,20230.65653112717,946.7360229492188,246.82980346679688,1920,1080,865.8487548828125,211.62173461914062,960.5076293945312,222.44418334960938,94.65887451171875,10.82244873046875,6.522365922819586,left,False,"{'safe_roi': (450, 80, 1500, 420), 'cylinder_roi': (800, 190, 1000, 300)}",ok_cylinder_inside_confirmed
2026-09-05 15:24:25,2026-09-05,1548691,236,97,94.28174591064453,,36.26397705078125,0.7795815467834473,860.7459716796875,189.12982177734375,1033.989013671875,307.8492736816406,173.2430419921875,118.71945190429688,20567.318991545588,947.3674926757812,248.4895477294922,1920,1080,866.0595703125,213.05271911621094,960.031494140625,220.68984985351562,93.971923828125,7.6371307373046875,4.646236502638101,left,False,"{'safe_roi': (450, 80, 1500, 420), 'cylinder_roi': (800, 190, 1000, 300)}",ok_cylinder_inside_confirmed
2026-09-05 15:24:31,2026-09-05,1548832,236,97,103.4359359741211,,42.64959716796875,0.7582707405090332,861.2904052734375,188.8287811279297,1033.037841796875,304.80743408203125,171.7474365234375,115.97865295410156,19919.036336308345,947.1641235351562,246.818115234375,1920,1080,863.800537109375,213.31597900390625,966.6663818359375,224.16079711914062,102.8658447265625,10.844818115234375,6.018279753848367,left,False,"{'safe_roi': (450, 80, 1500, 420), 'cylinder_roi': (800, 190, 1000, 300)}",ok_cylinder_inside_confirmed
2026-09-05 15:24:36,2026-09-05,1548959,236,97,107.29463958740234,,35.26777648925781,0.7658607959747314,863.080322265625,188.74462890625,1037.9559326171875,304.5517883300781,174.8756103515625,115.80715942382812,20251.847687322646,950.5181274414062,246.64820861816406,1920,1080,864.85302734375,210.02528381347656,971.257568359375,223.81707763671875,106.404541015625,13.791793823242188,7.385308411045096,left,False,"{'safe_roi': (450, 80, 1500, 420), 'cylinder_roi': (800, 190, 1000, 300)}",ok_cylinder_inside_confirmed
2026-09-05 15:24:41,2026-09-05,1549084,236,97,110.92367553710938,,35.974884033203125,0.7539555430412292,866.08935546875,187.80270385742188,1039.60009765625,302.0337829589844,173.5107421875,114.2310791015625,19820.31931579113,952.8447265625,244.91824340820312,1920,1080,867.2318725585938,209.99009704589844,977.1497802734375,224.89361572265625,109.91790771484375,14.903518676757812,7.721516436646119,left,False,"{'safe_roi': (450, 80, 1500, 420), 'cylinder_roi': (800, 190, 1000, 300)}",ok_cylinder_inside_confirmed
2026-09-05 15:24:46,2026-09-05,1549208,236,97,105.92306518554688,,37.55194091796875,0.7736567258834839,866.6322021484375,186.6342315673828,1036.947265625,302.46917724609375,170.3150634765625,115.83494567871094,19728.436126073822,951.7897338867188,244.55169677734375,1920,1080,867.2050170898438,211.93154907226562,972.5511474609375,222.9718780517578,105.34613037109375,11.040328979492188,5.982787845878934,left,False,"{'safe_roi': (450, 80, 1500, 420), 'cylinder_roi': (800, 190, 1000, 300)}",ok_cylinder_inside_confirmed
2026-09-05 15:24:51,2026-09-05,1549336,236,97,102.7133560180664,,33.96022033691406,0.7666884064674377,860.967041015625,190.91122436523438,1028.079833984375,303.2133483886719,167.11279296875,112.3021240234375,18767.121601879597,944.5234375,247.06228637695312,1920,1080,862.53515625,212.86734008789062,964.3258056640625,226.60403442382812,101.7906494140625,13.7366943359375,7.685659777041427,left,False,"{'safe_roi': (450, 80, 1500, 420), 'cylinder_roi': (800, 190, 1000, 300)}",ok_cylinder_inside_confirmed
2026-09-05 15:24:56,2026-09-05,1549467,236,97,106.05342102050781,,36.14837646484375,0.7610478401184082,861.951904296875,190.68092346191406,1027.5379638671875,303.3023986816406,165.5860595703125,112.62147521972656,18648.546304630116,944.7449340820312,246.99166870117188,1920,1080,860.9395751953125,213.63088989257812,966.061767578125,227.6541748046875,105.1221923828125,14.023284912109375,7.5983880063435185,left,False,"{'safe_roi': (450, 80, 1500, 420), 'cylinder_roi': (800, 190, 1000, 300)}",ok_cylinder_inside_confirmed
2026-09-05 15:25:01,2026-09-05,1549587,236,97,105.19840240478516,,35.46150207519531,0.7309322953224182,861.065673828125,191.14219665527344,1024.33056640625,301.5140686035156,163.264892578125,110.37187194824219,18019.85181727633,942.6981201171875,246.328125,1920,1080,862.4413452148438,209.6842803955078,966.286376953125,226.50430297851562,103.84503173828125,16.820022583007812,9.200428777638953,left,False,"{'safe_roi': (450, 80, 1500, 420), 'cylinder_roi': (800, 190, 1000, 300)}",ok_cylinder_inside_confirmed
2026-09-05 15:25:06,2026-09-05,1549713,236,97,105.13658905029297,,34.677215576171875,0.7550844550132751,859.8070068359375,192.18421936035156,1023.7047119140625,302.39654541015625,163.897705078125,110.21232604980469,18063.547310885042,941.755859375,247.29037475585938,1920,1080,861.703369140625,210.98800659179688,965.70263671875,226.4105224609375,103.999267578125,15.422515869140625,8.435172207106783,left,False,"{'safe_roi': (450, 80, 1500, 420), 'cylinder_roi': (800, 190, 1000, 300)}",ok_cylinder_inside_confirmed
2026-09-05 15:25:11,2026-09-05,1549836,236,97,95.04454040527344,,34.22984313964844,0.7562791705131531,862.4212646484375,190.53379821777344,1025.57421875,303.28399658203125,163.1529541015625,112.75019836425781,18395.527938665822,943.9977416992188,246.90890502929688,1920,1080,865.7081298828125,210.38668823242188,960.2044067382812,220.5806884765625,94.49627685546875,10.194000244140625,6.157101438496571,left,False,"{'safe_roi': (450, 80, 1500, 420), 'cylinder_roi': (800, 190, 1000, 300)}",ok_cylinder_inside_confirmed
2026-09-05 15:25:16,2026-09-05,1549959,236,97,97.16072082519531,,34.12078857421875,0.7685257792472839,862.82958984375,190.62498474121094,1027.58203125,304.25592041015625,164.75244140625,113.63093566894531,18720.974070735276,945.205810546875,247.44046020507812,1920,1080,864.9943237304688,212.1271514892578,961.6101684570312,222.4025421142578,96.6158447265625,10.275390625,6.0707613063107235,left,False,"{'safe_roi': (450, 80, 1500, 420), 'cylinder_roi': (800, 190, 1000, 300)}",ok_cylinder_inside_confirmed
2026-09-05 15:25:24,2026-09-05,1550140,236,97,96.4446792602539,,36.22648620605469,0.7793131470680237,861.5791015625,189.63070678710938,1031.1005859375,305.5324401855469,169.521484375,115.9017333984375,19647.83388733864,946.33984375,247.58157348632812,1920,1080,865.513427734375,212.164794921875,961.46826171875,221.872802734375,95.954833984375,9.7080078125,5.777109814301577,left,False,"{'safe_roi': (450, 80, 1500, 420), 'cylinder_roi': (800, 190, 1000, 300)}",ok_cylinder_inside_confirmed
2026-09-05 15:25:29,2026-09-05,1550262,236,97,100.69036865234375,,35.09527587890625,0.7841103672981262,866.3296508789062,189.1680145263672,1034.87353515625,303.02703857421875,168.54388427734375,113.85902404785156,19190.242173052393,950.6015625,246.0975341796875,1920,1080,866.0231323242188,210.31863403320312,965.9694213867188,222.5370635986328,99.9462890625,12.218429565429688,6.969822447305867,left,False,"{'safe_roi': (450, 80, 1500, 420), 'cylinder_roi': (800, 190, 1000, 300)}",ok_cylinder_inside_confirmed
2026-09-05 15:25:34,2026-09-05,1550394,236,97,108.09909057617188,,35.866455078125,0.776747465133667,866.119873046875,187.8641357421875,1038.1737060546875,302.6272277832031,172.0538330078125,114.76309204101562,19745.429873485118,952.1467895507812,245.2456817626953,1920,1080,865.59130859375,213.2687225341797,972.7322387695312,227.6295623779297,107.14093017578125,14.36083984375,7.634247876341571,left,False,"{'safe_roi': (450, 80, 1500, 420), 'cylinder_roi': (800, 190, 1000, 300)}",ok_cylinder_inside_confirmed
2026-09-05 15:25:40,2026-09-05,1550539,236,97,108.77139282226562,,38.50636291503906,0.7701503038406372,864.725830078125,188.08389282226562,1038.69482421875,304.1876220703125,173.968994140625,116.10372924804688,20198.44899325818,951.7103271484375,246.13575744628906,1920,1080,864.0162353515625,212.9336700439453,972.4580078125,221.3951873779297,108.4417724609375,8.461517333984375,4.4616469724504295,left,False,"{'safe_roi': (450, 80, 1500, 420), 'cylinder_roi': (800, 190, 1000, 300)}",ok_cylinder_inside_confirmed
2026-09-05 15:25:45,2026-09-05,1550667,236,97,99.2421646118164,,35.31282043457031,0.7794279456138611,863.7621459960938,188.615478515625,1033.734130859375,304.92083740234375,169.97198486328125,116.30535888671875,19768.652700211853,948.7481689453125,246.76815795898438,1920,1080,864.361572265625,213.8922119140625,963.2230834960938,222.57603454589844,98.86151123046875,8.683822631835938,5.0198773598950215,left,False,"{'safe_roi': (450, 80, 1500, 420), 'cylinder_roi': (800, 190, 1000, 300)}",ok_cylinder_inside_confirmed
2026-09-05 15:25:50,2026-09-05,1550789,236,97,83.4822998046875,,34.44609069824219,0.7798539400100708,866.3435668945312,190.22613525390625,1032.6016845703125,307.21630859375,166.25811767578125,116.99017333984375,19450.56600604579,949.47265625,248.72122192382812,1920,1080,872.39892578125,213.22610473632812,955.722412109375,218.37306213378906,83.323486328125,5.1469573974609375,3.5347142857756433,left,False,"{'safe_roi': (450, 80, 1500, 420), 'cylinder_roi': (800, 190, 1000, 300)}",ok_cylinder_inside_confirmed
2026-09-05 15:25:55,2026-09-05,1550910,236,97,93.31641387939453,,36.44970703125,0.7632483839988708,865.6384887695312,192.32249450683594,1031.6446533203125,307.27520751953125,166.00616455078125,114.95271301269531,19082.85899194423,948.6416015625,249.79885864257812,1920,1080,867.5845336914062,214.527099609375,960.5944213867188,222.08447265625,93.0098876953125,7.557373046875,4.645274057888705,left,False,"{'safe_roi': (450, 80, 1500, 420), 'cylinder_roi': (800, 190, 1000, 300)}",ok_cylinder_inside_confirmed
2026-09-05 15:26:00,2026-09-05,1551034,236,97,90.50595092773438,,36.44276428222656,0.7748273611068726,865.5210571289062,191.1110382080078,1032.2154541015625,307.19293212890625,166.69439697265625,116.08189392089844,19350.201306588016,948.8682861328125,249.1519775390625,1920,1080,870.1610107421875,214.1487579345703,960.3326416015625,221.9207305908203,90.171630859375,7.77197265625,4.926199313568538,left,False,"{'safe_roi': (450, 80, 1500, 420), 'cylinder_roi': (800, 190, 1000, 300)}",ok_cylinder_inside_confirmed
2026-09-05 15:26:05,2026-09-05,1551152,236,97,100.98209381103516,,36.34326171875,0.7738291025161743,867.1595458984375,190.73150634765625,1033.9921875,307.7382507324219,166.8326416015625,117.00674438476562,19520.54425090924,950.5758666992188,249.23487854003906,1920,1080,865.2789306640625,215.2286376953125,965.6629028320312,226.2032470703125,100.38397216796875,10.974609375,6.239157644849475,left,False,"{'safe_roi': (450, 80, 1500, 420), 'cylinder_roi': (800, 190, 1000, 300)}",ok_cylinder_inside_confirmed
2026-09-05 15:26:10,2026-09-05,1551271,236,97,94.85205841064453,,35.40007019042969,0.7669416069984436,864.5032958984375,189.2302703857422,1034.9439697265625,307.57562255859375,170.440673828125,118.34535217285156,20170.861568767577,949.7236328125,248.4029541015625,1920,1080,867.5164794921875,214.6634521484375,961.9886474609375,223.14419555664062,94.47216796875,8.480743408203125,5.129678240780113,left,False,"{'safe_roi': (450, 80, 1500, 420), 'cylinder_roi': (800, 190, 1000, 300)}",ok_cylinder_inside_confirmed
2026-09-05 15:26:15,2026-09-05,1551394,236,97,90.95954895019531,,32.619720458984375,0.7738766074180603,864.3339233398438,189.08128356933594,1034.0941162109375,306.7474365234375,169.76019287109375,117.66615295410156,19975.0288198879,949.2139892578125,247.91436767578125,1920,1080,868.2667846679688,213.88661193847656,958.9029541015625,221.54983520507812,90.63616943359375,7.6632232666015625,4.832823084784581,left,False,"{'safe_roi': (450, 80, 1500, 420), 'cylinder_roi': (800, 190, 1000, 300)}",ok_cylinder_inside_confirmed
2026-09-05 15:26:20,2026-09-05,1551514,236,97,107.0284423828125,,34.43043518066406,0.7686512470245361,863.7977905273438,188.0771026611328,1036.6265869140625,304.6964111328125,172.82879638671875,116.61930847167969,20155.174718611874,950.212158203125,246.38674926757812,1920,1080,865.048095703125,210.85523986816406,971.1411743164062,224.97422790527344,106.09307861328125,14.118988037109375,7.580445781559312,left,False,"{'safe_roi': (450, 80, 1500, 420), 'cylinder_roi': (800, 190, 1000, 300)}",ok_cylinder_inside_confirmed
2026-09-05 15:26:25,2026-09-05,1551639,236,97,105.88096618652344,,33.60359191894531,0.7773032188415527,860.847412109375,187.9025115966797,1033.3255615234375,302.94256591796875,172.4781494140625,115.04005432128906,19841.89567782916,947.0864868164062,245.42254638671875,1920,1080,859.4388427734375,212.53916931152344,964.71142578125,223.873291015625,105.2725830078125,11.334121704101562,6.145051567539233,left,False,"{'safe_roi': (450, 80, 1500, 420), 'cylinder_roi': (800, 190, 1000, 300)}",ok_cylinder_inside_confirmed
2026-09-05 15:26:30,2026-09-05,1551762,236,97,104.88252258300781,,28.423919677734375,0.7809802889823914,860.7793579101562,188.83111572265625,1036.8787841796875,304.6363220214844,176.09942626953125,115.80520629882812,20393.23038824834,948.8291015625,246.7337188720703,1920,1080,860.8622436523438,210.9257049560547,964.9798583984375,223.56948852539062,104.11761474609375,12.643783569335938,6.923953445422162,left,False,"{'safe_roi': (450, 80, 1500, 420), 'cylinder_roi': (800, 190, 1000, 300)}",ok_cylinder_inside_confirmed
2026-09-05 15:26:35,2026-09-05,1551888,236,97,89.34742736816406,,31.630325317382812,0.7797571420669556,862.5350341796875,190.43577575683594,1035.036376953125,307.2762145996094,172.5013427734375,116.84043884277344,20155.132590616122,948.7857055664062,248.85598754882812,1920,1080,868.3544921875,211.3483428955078,957.30419921875,219.76925659179688,88.94970703125,8.420913696289062,5.408102109714348,left,False,"{'safe_roi': (450, 80, 1500, 420), 'cylinder_roi': (800, 190, 1000, 300)}",ok_cylinder_inside_confirmed
2026-09-05 15:26:40,2026-09-05,1552019,236,97,95.85762786865234,,28.522811889648438,0.7772206664085388,870.9810791015625,190.20742797851562,1034.654296875,310.1247863769531,163.6732177734375,119.9173583984375,19627.259915962815,952.8176879882812,250.16610717773438,1920,1080,870.163818359375,211.66293334960938,964.796630859375,226.93759155273438,94.6328125,15.274658203125,9.169015872882659,left,False,"{'safe_roi': (450, 80, 1500, 420), 'cylinder_roi': (800, 190, 1000, 300)}",ok_cylinder_inside_confirmed
2026-09-05 15:26:54,2026-09-05,1552349,236,97,110.1529769897461,,31.616546630859375,0.7589927315711975,855.611083984375,191.8865509033203,1023.7318115234375,304.06268310546875,168.1207275390625,112.17613220214844,18859.132958343253,939.6714477539062,247.974609375,1920,1080,847.3662719726562,258.9826965332031,956.07080078125,241.1781005859375,108.70452880859375,17.804595947265625,9.301820548082285,left,False,"{'safe_roi': (450, 80, 1500, 420), 'cylinder_roi': (800, 190, 1000, 300)}",ok_cylinder_inside_confirmed
2026-09-05 15:26:59,2026-09-05,1552471,236,97,110.50975036621094,,32.39178466796875,0.7631283402442932,855.0360107421875,192.53289794921875,1029.42578125,303.2193603515625,174.3897705078125,110.68646240234375,19302.586776666343,942.2308959960938,247.87612915039062,1920,1080,850.0653686523438,252.77879333496094,959.936767578125,240.91793823242188,109.87139892578125,11.860855102539062,6.161343138921654,left,False,"{'safe_roi': (450, 80, 1500, 420), 'cylinder_roi': (800, 190, 1000, 300)}",ok_cylinder_inside_confirmed
2026-09-05 15:27:04,2026-09-05,1552596,236,97,107.06375122070312,,36.00358581542969,0.7620378136634827,857.1185913085938,195.17544555664062,1031.5479736328125,303.5889892578125,174.42938232421875,108.41354370117188,18910.507463375106,944.333251953125,249.38221740722656,1920,1080,853.3023681640625,250.69029235839844,959.8619384765625,240.31216430664062,106.5595703125,10.378128051757812,5.562649088002825,left,False,"{'safe_roi': (450, 80, 1500, 420), 'cylinder_roi': (800, 190, 1000, 300)}",ok_cylinder_inside_confirmed
2026-09-05 15:27:09,2026-09-05,1552720,236,97,106.9244384765625,,39.69352722167969,0.7641657590866089,861.2919921875,195.73394775390625,1033.256591796875,304.3877868652344,171.964599609375,108.65383911132812,18684.61393880099,947.2742919921875,250.0608673095703,1920,1080,854.5613403320312,250.324462890625,961.017333984375,240.32659912109375,106.45599365234375,9.99786376953125,5.365222545352233,left,False,"{'safe_roi': (450, 80, 1500, 420), 'cylinder_roi': (800, 190, 1000, 300)}",ok_cylinder_inside_confirmed
2026-09-05 15:27:14,2026-09-05,1552844,236,97,110.44528198242188,,40.30549621582031,0.7737277150154114,862.115478515625,193.5863494873047,1040.750732421875,304.34442138671875,178.63525390625,110.75807189941406,19785.296295918524,951.43310546875,248.96539306640625,1920,1080,854.0322265625,251.08016967773438,963.9783935546875,240.59207153320312,109.9461669921875,10.48809814453125,5.449129287424191,left,False,"{'safe_roi': (450, 80, 1500, 420), 'cylinder_roi': (800, 190, 1000, 300)}",ok_cylinder_inside_confirmed
2026-09-05 15:27:19,2026-09-05,1552962,236,97,111.11602783203125,,40.709503173828125,0.7739317417144775,861.6115112304688,193.99761962890625,1039.6375732421875,305.1091003417969,178.02606201171875,111.11148071289062,19780.73935560696,950.62451171875,249.55335998535156,1920,1080,855.0083618164062,249.47906494140625,965.906494140625,242.52378845214844,110.89813232421875,6.9552764892578125,3.5887593213699853,left,False,"{'safe_roi': (450, 80, 1500, 420), 'cylinder_roi': (800, 190, 1000, 300)}",ok_cylinder_inside_confirmed
2026-09-05 15:27:24,2026-09-05,1553084,236,97,110.19723510742188,,42.6783447265625,0.7694180607795715,864.057373046875,194.7406005859375,1040.18505859375,305.63177490234375,176.127685546875,110.89117431640625,19531.0058799237,952.1212158203125,250.18618774414062,1920,1080,857.291748046875,250.28897094726562,967.1217041015625,241.29946899414062,109.8299560546875,8.989501953125,4.679187348502831,left,False,"{'safe_roi': (450, 80, 1500, 420), 'cylinder_roi': (800, 190, 1000, 300)}",ok_cylinder_inside_confirmed
2026-09-05 15:27:29,2026-09-05,1553209,236,97,113.98970031738281,,43.85809326171875,0.7702149152755737,861.7716674804688,191.15968322753906,1040.994873046875,303.925048828125,179.22320556640625,112.76536560058594,20210.17029980477,951.38330078125,247.5423583984375,1920,1080,855.9229736328125,250.2349853515625,969.4512939453125,239.98941040039062,113.5283203125,10.245574951171875,5.156794899631594,left,False,"{'safe_roi': (450, 80, 1500, 420), 'cylinder_roi': (800, 190, 1000, 300)}",ok_cylinder_inside_confirmed
2026-09-05 15:27:34,2026-09-05,1553333,236,97,118.03453063964844,,40.443572998046875,0.7747329473495483,859.4387817382812,190.9717559814453,1044.2840576171875,305.6239013671875,184.84527587890625,114.65214538574219,21192.907443935983,951.8614501953125,248.29782104492188,1920,1080,857.2332763671875,247.10598754882812,975.129638671875,241.3964385986328,117.8963623046875,5.7095489501953125,2.7725848902875123,left,False,"{'safe_roi': (450, 80, 1500, 420), 'cylinder_roi': (800, 190, 1000, 300)}",ok_cylinder_inside_confirmed
2026-09-05 15:27:39,2026-09-05,1553448,236,97,114.22512817382812,,36.024078369140625,0.7660120725631714,858.24267578125,196.0467529296875,1042.962646484375,303.38507080078125,184.719970703125,107.33831787109375,19827.530932471156,950.6026611328125,249.71591186523438,1920,1080,857.733642578125,246.76751708984375,971.8007202148438,240.76068115234375,114.06707763671875,6.0068359375,3.0144432822386564,left,False,"{'safe_roi': (450, 80, 1500, 420), 'cylinder_roi': (800, 190, 1000, 300)}",ok_cylinder_inside_confirmed
2026-09-05 15:27:44,2026-09-05,1553575,236,97,107.14110565185547,,38.77113342285156,0.7937846183776855,873.387451171875,198.8012237548828,1054.959716796875,310.1687927246094,181.572265625,111.36756896972656,20221.2618149817,964.173583984375,254.48501586914062,1920,1080,874.0001220703125,238.32278442382812,980.8806762695312,230.855224609375,106.88055419921875,7.467559814453125,3.9966623127779086,left,False,"{'safe_roi': (450, 80, 1500, 420), 'cylinder_roi': (800, 190, 1000, 300)}",ok_cylinder_inside_confirmed
2026-09-05 15:29:27,2026-09-05,1556160,236,98,116.12873840332031,,12.062057495117188,0.44869720935821533,816.6314697265625,181.5819854736328,1004.2227783203125,293.5202941894531,187.59130859375,111.93830871582031,20998.653813771904,910.4271240234375,237.5511474609375,1920,1080,997.5556640625,215.96636962890625,881.4359130859375,214.521484375,116.1197509765625,1.44488525390625,0.7128981423009472,right,False,"{'safe_roi': (450, 80, 1500, 420), 'cylinder_roi': (800, 190, 1000, 300)}",ok_cylinder_inside_confirmed
2026-09-05 15:29:32,2026-09-05,1556288,236,98,111.70464324951172,,9.86444091796875,0.4091666042804718,818.2598266601562,179.9156951904297,1003.2094116210938,292.54736328125,184.9495849609375,112.63166809082031,20831.180266855285,910.734619140625,236.23153686523438,1920,1080,993.8636474609375,211.6053466796875,882.2529296875,216.1852569580078,111.6107177734375,4.5799102783203125,2.3497957694950804,right,False,"{'safe_roi': (450, 80, 1500, 420), 'cylinder_roi': (800, 190, 1000, 300)}",ok_cylinder_inside_confirmed
2026-09-05 15:30:22,2026-09-05,1557542,236,99,110.0399169921875,,5.5543212890625,0.659328043460846,818.0362548828125,184.09043884277344,1004.68994140625,287.06829833984375,186.6536865234375,102.97785949707031,19221.197105420753,911.3630981445312,235.57937622070312,1920,1080,995.603759765625,216.5291748046875,885.636474609375,220.52664184570312,109.96728515625,3.997467041015625,2.0818662951554083,right,False,"{'safe_roi': (450, 80, 1500, 420), 'cylinder_roi': (800, 190, 1000, 300)}",ok_cylinder_inside_confirmed
2026-09-05 15:30:30,2026-09-05,1557737,236,99,110.22615814208984,,17.363189697265625,0.6802443861961365,814.1694946289062,183.96115112304688,1001.0886840820312,288.09197998046875,186.919189453125,104.13082885742188,19464.050127111375,907.6290893554688,236.0265655517578,1920,1080,997.96484375,211.77084350585938,887.9838256835938,219.11801147460938,109.98101806640625,7.34716796875,3.8219065113612323,right,False,"{'safe_roi': (450, 80, 1500, 420), 'cylinder_roi': (800, 190, 1000, 300)}",ok_cylinder_inside_confirmed
2026-09-05 15:41:52,2026-09-05,1574601,236,100,117.52011108398438,,43.52482604980469,0.7442229986190796,826.4502563476562,178.6354522705078,1012.2205200195312,290.37127685546875,185.770263671875,111.73582458496094,20757.193594742566,919.3353881835938,234.50335693359375,1920,1080,833.9244384765625,201.16659545898438,951.2567138671875,207.80841064453125,117.332275390625,6.641815185546875,3.239878273041612,left,False,"{'safe_roi': (450, 80, 1500, 420), 'cylinder_roi': (800, 190, 1000, 300)}",ok_cylinder_inside_confirmed
2026-09-05 15:41:57,2026-09-05,1574725,236,100,94.36627197265625,,34.215423583984375,0.7882217168807983,824.640625,186.44000244140625,1003.2230224609375,291.7592468261719,178.5823974609375,105.31924438476562,18808.163161005825,913.9318237304688,239.09962463378906,1920,1080,836.307861328125,217.03277587890625,930.65185546875,214.98251342773438,94.343994140625,2.050262451171875,1.244943029132677,left,False,"{'safe_roi': (450, 80, 1500, 420), 'cylinder_roi': (800, 190, 1000, 300)}",ok_cylinder_inside_confirmed
2026-09-05 15:42:02,2026-09-05,1574845,236,100,87.70549774169922,,31.293182373046875,0.7413195967674255,827.7798461914062,185.96414184570312,1001.2736206054688,291.5155029296875,173.4937744140625,105.55136108398438,18312.50402900204,914.5267333984375,238.7398223876953,1920,1080,842.932373046875,215.01681518554688,930.6376953125,215.19110107421875,87.705322265625,0.174285888671875,0.11385663318256657,left,False,"{'safe_roi': (450, 80, 1500, 420), 'cylinder_roi': (800, 190, 1000, 300)}",ok_cylinder_inside_confirmed
2026-09-05 15:42:07,2026-09-05,1574971,236,100,95.10118103027344,,35.11152648925781,0.7792739272117615,826.0709838867188,180.91152954101562,1005.0908813476562,290.54290771484375,179.0198974609375,109.63137817382812,19626.198079179972,915.5809326171875,235.7272186279297,1920,1080,835.093994140625,210.90283203125,929.936279296875,217.91531372070312,94.84228515625,7.012481689453125,4.2286605098009495,left,False,"{'safe_roi': (450, 80, 1500, 420), 'cylinder_roi': (800, 190, 1000, 300)}",ok_cylinder_inside_confirmed
2026-09-05 15:42:12,2026-09-05,1575102,236,100,94.57794189453125,,34.42066955566406,0.7652133703231812,828.0471801757812,181.85079956054688,1006.4143676757812,292.3771057128906,178.3671875,110.52630615234375,19714.2663731575,917.2307739257812,237.11395263671875,1920,1080,838.719970703125,212.71875,933.0126953125,220.0582733154297,94.292724609375,7.3395233154296875,4.450794161510372,left,False,"{'safe_roi': (450, 80, 1500, 420), 'cylinder_roi': (800, 190, 1000, 300)}",ok_cylinder_inside_confirmed
2026-09-05 15:42:17,2026-09-05,1575224,236,100,89.83673095703125,,33.46467590332031,0.7630338668823242,827.0617065429688,182.3936004638672,1005.1198120117188,290.8055114746094,178.05810546875,108.41191101074219,19303.619484819472,916.0907592773438,236.59954833984375,1920,1080,839.3255004882812,212.67835998535156,929.0107421875,217.89329528808594,89.68524169921875,5.214935302734375,3.327835329707545,left,False,"{'safe_roi': (450, 80, 1500, 420), 'cylinder_roi': (800, 190, 1000, 300)}",ok_cylinder_inside_confirmed
2026-09-05 15:43:23,2026-09-05,1576866,236,101,109.08528137207031,,38.697845458984375,0.7631697058677673,797.3582153320312,178.04954528808594,986.3114624023438,291.21112060546875,188.9532470703125,113.16157531738281,21382.24709981121,891.8348388671875,234.63034057617188,1920,1080,803.4125366210938,201.9564208984375,911.9199829101562,213.16944885253906,108.5074462890625,11.213027954101562,5.899934255906392,left,False,"{'safe_roi': (450, 80, 1500, 420), 'cylinder_roi': (800, 190, 1000, 300)}",ok_cylinder_inside_confirmed
2026-09-05 15:44:53,2026-09-05,1579075,236,102,95.40666198730469,,37.73162841796875,0.7379190921783447,838.06884765625,183.4689483642578,1006.582763671875,293.3348693847656,168.513916015625,109.86592102050781,18513.936587829143,922.3258056640625,238.40191650390625,1920,1080,850.3676147460938,201.10153198242188,945.27099609375,210.88824462890625,94.90338134765625,9.786712646484375,5.887695672675202,left,False,"{'safe_roi': (450, 80, 1500, 420), 'cylinder_roi': (800, 190, 1000, 300)}",ok_cylinder_inside_confirmed
2026-09-05 15:44:58,2026-09-05,1579203,236,102,95.6382064819336,,38.384979248046875,0.6852357387542725,836.7455444335938,183.85009765625,1001.4757690429688,296.0740661621094,164.730224609375,112.22396850585938,18486.67953852564,919.1106567382812,239.9620819091797,1920,1080,850.8295288085938,198.6200714111328,945.4150390625,212.77098083496094,94.58551025390625,14.150909423828125,8.508893670417502,left,False,"{'safe_roi': (450, 80, 1500, 420), 'cylinder_roi': (800, 190, 1000, 300)}",ok_cylinder_inside_confirmed
2026-09-05 15:45:03,2026-09-05,1579329,236,102,97.54507446289062,,38.91253662109375,0.7363706827163696,837.4249877929688,184.6138458251953,1002.6198120117188,296.432373046875,165.19482421875,111.81852722167969,18471.841948784888,920.0223999023438,240.52310180664062,1920,1080,846.5126953125,199.42599487304688,942.983154296875,213.865234375,96.470458984375,14.439239501953125,8.512567052155111,left,False,"{'safe_roi': (450, 80, 1500, 420), 'cylinder_roi': (800, 190, 1000, 300)}",ok_cylinder_inside_confirmed
2026-09-05 15:45:08,2026-09-05,1579462,236,102,98.54380798339844,,38.52540588378906,0.7056305408477783,838.6533203125,184.86080932617188,1002.1400146484375,298.0010986328125,163.4866943359375,113.14028930664062,18496.931894954294,920.3966674804688,241.4309539794922,1920,1080,844.67529296875,199.045654296875,942.57275390625,210.313720703125,97.8974609375,11.26806640625,6.565890784026946,left,False,"{'safe_roi': (450, 80, 1500, 420), 'cylinder_roi': (800, 190, 1000, 300)}",ok_cylinder_inside_confirmed
2026-09-05 15:45:14,2026-09-05,1579588,236,102,99.76805114746094,,36.921417236328125,0.743055522441864,836.3422241210938,184.80929565429688,1000.4180297851562,295.4049377441406,164.0758056640625,110.59564208984375,18146.069078825414,918.380126953125,240.10711669921875,1920,1080,843.8604736328125,200.4084930419922,942.6524658203125,214.32994079589844,98.7919921875,13.92144775390625,8.021120818002878,left,False,"{'safe_roi': (450, 80, 1500, 420), 'cylinder_roi': (800, 190, 1000, 300)}",ok_cylinder_inside_confirmed
2026-09-05 15:45:19,2026-09-05,1579716,236,102,92.64891052246094,,36.8934326171875,0.6460400819778442,836.47509765625,185.6510467529297,1001.117431640625,297.058349609375,164.642333984375,111.40730285644531,18342.358365189284,918.7962646484375,241.35470581054688,1920,1080,849.5123291015625,198.72909545898438,940.83056640625,214.3751983642578,91.3182373046875,15.646102905273438,9.722426793533414,left,False,"{'safe_roi': (450, 80, 1500, 420), 'cylinder_roi': (800, 190, 1000, 300)}",ok_cylinder_inside_confirmed
2026-09-05 15:45:24,2026-09-05,1579840,236,102,97.14095306396484,,37.31251525878906,0.7263753414154053,837.1048583984375,184.51806640625,1002.14453125,296.1249084472656,165.0396728515625,111.60684204101562,18419.55669844523,919.6246948242188,240.3214874267578,1920,1080,845.7859497070312,199.70449829101562,941.8131713867188,214.37205505371094,96.0272216796875,14.667556762695312,8.684448705111564,left,False,"{'safe_roi': (450, 80, 1500, 420), 'cylinder_roi': (800, 190, 1000, 300)}",ok_cylinder_inside_confirmed
2026-09-05 15:45:29,2026-09-05,1579966,236,102,90.8636245727539,,38.3553466796875,0.6591790914535522,836.6228637695312,185.14706420898438,1003.8545532226562,296.3948669433594,167.231689453125,111.247802734375,18604.15799921751,920.2387084960938,240.77096557617188,1920,1080,848.974365234375,201.9791259765625,938.8247680664062,215.51068115234375,89.85040283203125,13.53155517578125,8.564436337068452,left,False,"{'safe_roi': (450, 80, 1500, 420), 'cylinder_roi': (800, 190, 1000, 300)}",ok_cylinder_inside_confirmed
2026-09-05 15:45:34,2026-09-05,1580082,236,102,83.97286987304688,,36.37916564941406,0.7254927158355713,836.0014038085938,185.65298461914062,1003.5433959960938,295.8226013183594,167.5419921875,110.16961669921875,18458.037060320377,919.7723999023438,240.73779296875,1920,1080,854.8096313476562,202.67283630371094,937.75927734375,215.74185180664062,82.94964599609375,13.069015502929688,8.953555454194834,left,False,"{'safe_roi': (450, 80, 1500, 420), 'cylinder_roi': (800, 190, 1000, 300)}",ok_cylinder_inside_confirmed
2026-09-05 15:45:39,2026-09-05,1580208,236,102,85.56087493896484,,37.464752197265625,0.6956912875175476,836.3330078125,185.67236328125,1003.2073974609375,296.1286926269531,166.8743896484375,110.45632934570312,18432.332542371005,919.7702026367188,240.90052795410156,1920,1080,853.7811279296875,200.7266845703125,937.62451171875,217.783935546875,83.8433837890625,17.0572509765625,11.49942368926911,left,False,"{'safe_roi': (450, 80, 1500, 420), 'cylinder_roi': (800, 190, 1000, 300)}",ok_cylinder_inside_confirmed
2026-09-05 15:45:44,2026-09-05,1580331,236,102,87.35243225097656,,37.39787292480469,0.7231451272964478,836.2987060546875,186.12960815429688,1002.8232421875,295.7987365722656,166.5245361328125,109.66912841796875,18262.60073789209,919.5609741210938,240.96417236328125,1920,1080,854.1373901367188,201.80862426757812,939.7660522460938,219.0764923095703,85.628662109375,17.267868041992188,11.40135097261074,left,False,"{'safe_roi': (450, 80, 1500, 420), 'cylinder_roi': (800, 190, 1000, 300)}",ok_cylinder_inside_confirmed
2026-09-05 15:45:49,2026-09-05,1580454,236,102,88.21293640136719,,37.57331848144531,0.7498723864555359,836.4647216796875,186.4329833984375,1001.766845703125,294.91650390625,165.3021240234375,108.4835205078125,17932.556361481547,919.1157836914062,240.67474365234375,1920,1080,853.03466796875,201.76748657226562,939.932861328125,216.94070434570312,86.898193359375,15.1732177734375,9.904514229751097,left,False,"{'safe_roi': (450, 80, 1500, 420), 'cylinder_roi': (800, 190, 1000, 300)}",ok_cylinder_inside_confirmed
2026-09-05 15:45:54,2026-09-05,1580574,236,102,88.61929321289062,,37.89031982421875,0.7453746199607849,836.878173828125,186.17015075683594,1003.4586181640625,296.1060791015625,166.5804443359375,109.93592834472656,18313.175792148337,920.1683959960938,241.13812255859375,1920,1080,852.26025390625,203.37437438964844,939.5692138671875,218.55743408203125,87.3089599609375,15.183059692382812,9.865101645352743,left,False,"{'safe_roi': (450, 80, 1500, 420), 'cylinder_roi': (800, 190, 1000, 300)}",ok_cylinder_inside_confirmed
2026-09-05 15:45:59,2026-09-05,1580697,236,102,87.97698211669922,,37.23814392089844,0.7459312081336975,837.9230346679688,185.6103057861328,1002.8956909179688,295.5406494140625,164.97265625,109.93034362792969,18135.500790774822,920.4093627929688,240.57546997070312,1920,1080,853.1563720703125,202.68409729003906,939.8052368164062,217.91311645507812,86.64886474609375,15.229019165039062,9.968243763666685,left,False,"{'safe_roi': (450, 80, 1500, 420), 'cylinder_roi': (800, 190, 1000, 300)}",ok_cylinder_inside_confirmed
2026-09-05 15:46:04,2026-09-05,1580822,236,102,87.4959487915039,,37.18463134765625,0.7021791934967041,838.8977661132812,187.8368377685547,1001.6123657226562,296.38946533203125,162.714599609375,108.55262756347656,17663.097330536693,920.2550659179688,242.1131591796875,1920,1080,853.8026123046875,202.80442810058594,940.448486328125,214.97134399414062,86.6458740234375,12.166915893554688,7.993276982648196,left,False,"{'safe_roi': (450, 80, 1500, 420), 'cylinder_roi': (800, 190, 1000, 300)}",ok_cylinder_inside_confirmed
2026-09-05 15:46:09,2026-09-05,1580947,236,102,88.42208862304688,,36.722503662109375,0.7335754036903381,839.11669921875,187.35308837890625,1001.240478515625,297.02294921875,162.123779296875,109.66986083984375,17780.092314317822,920.1785888671875,242.18801879882812,1920,1080,855.0847778320312,201.30795288085938,942.053466796875,217.27395629882812,86.96868896484375,15.96600341796875,10.402716378656791,left,False,"{'safe_roi': (450, 80, 1500, 420), 'cylinder_roi': (800, 190, 1000, 300)}",ok_cylinder_inside_confirmed
2026-09-05 15:46:14,2026-09-05,1581073,236,102,88.49465942382812,,37.081085205078125,0.735983669757843,838.60205078125,187.83428955078125,1003.2196044921875,296.5914611816406,164.6175537109375,108.75717163085938,17903.33954239264,920.9108276367188,242.21287536621094,1920,1080,855.020751953125,202.25958251953125,942.2747802734375,217.02572631835938,87.2540283203125,14.766143798828125,9.605253608250226,left,False,"{'safe_roi': (450, 80, 1500, 420), 'cylinder_roi': (800, 190, 1000, 300)}",ok_cylinder_inside_confirmed
2026-09-05 15:46:19,2026-09-05,1581200,236,102,91.38971710205078,,36.91835021972656,0.7334768176078796,837.5888061523438,186.41690063476562,1004.4962768554688,297.0032653808594,166.907470703125,110.58636474609375,18457.690434023738,921.0425415039062,241.7100830078125,1920,1080,854.6591796875,203.80264282226562,944.53857421875,220.34878540039062,89.87939453125,16.546142578125,10.430947163073057,left,False,"{'safe_roi': (450, 80, 1500, 420), 'cylinder_roi': (800, 190, 1000, 300)}",ok_cylinder_inside_confirmed
2026-09-05 15:46:24,2026-09-05,1581328,236,102,90.87764739990234,,37.339813232421875,0.7450551986694336,836.4199829101562,184.67514038085938,1000.9102172851562,295.30535888671875,164.490234375,110.63021850585938,18197.59057098627,918.6651000976562,239.99024963378906,1920,1080,852.558349609375,205.90489196777344,942.171142578125,221.0142822265625,89.61279296875,15.109390258789062,9.570484937429491,left,False,"{'safe_roi': (450, 80, 1500, 420), 'cylinder_roi': (800, 190, 1000, 300)}",ok_cylinder_inside_confirmed
2026-09-05 15:47:26,2026-09-05,1582821,236,103,102.46922302246094,,37.62104797363281,0.7739718556404114,869.9013061523438,187.11605834960938,1047.6695556640625,305.0828552246094,177.76824951171875,117.966796875,20970.750980973244,958.785400390625,246.09945678710938,1920,1080,874.51953125,222.29110717773438,976.9869384765625,222.9012908935547,102.4674072265625,0.6101837158203125,0.3411869134805952,left,False,"{'safe_roi': (450, 80, 1500, 420), 'cylinder_roi': (800, 190, 1000, 300)}",ok_cylinder_inside_confirmed
2026-09-05 15:53:41,2026-09-05,1592101,236,104,93.31132507324219,,38.522247314453125,0.7927383780479431,849.392822265625,184.4990997314453,1025.2803955078125,299.281494140625,175.8875732421875,114.78239440917969,20188.796803558245,937.3366088867188,241.89028930664062,1920,1080,858.4078369140625,202.62472534179688,950.8102416992188,215.6169891357422,92.40240478515625,12.992263793945312,8.003619552037959,left,False,"{'safe_roi': (450, 80, 1500, 420), 'cylinder_roi': (800, 190, 1000, 300)}",ok_cylinder_inside_confirmed
2026-09-05 15:53:46,2026-09-05,1592223,236,104,94.48728942871094,,40.01676940917969,0.7686426639556885,849.3897094726562,183.58480834960938,1018.3198852539062,299.15423583984375,168.93017578125,115.56942749023438,19523.16370086372,933.8547973632812,241.36952209472656,1920,1080,857.615234375,202.75015258789062,951.383544921875,214.38421630859375,93.768310546875,11.634063720703125,7.072683118339997,left,False,"{'safe_roi': (450, 80, 1500, 420), 'cylinder_roi': (800, 190, 1000, 300)}",ok_cylinder_inside_confirmed
2026-09-05 15:53:52,2026-09-05,1592343,236,104,96.04391479492188,,35.114288330078125,0.7683597803115845,848.5917358398438,183.98939514160156,1014.2466430664062,297.57647705078125,165.6549072265625,113.58708190917969,18816.257515801117,931.419189453125,240.78292846679688,1920,1080,852.8502197265625,206.64926147460938,948.63671875,213.67637634277344,95.7864990234375,7.0271148681640625,4.195831784748941,left,False,"{'safe_roi': (450, 80, 1500, 420), 'cylinder_roi': (800, 190, 1000, 300)}",ok_cylinder_inside_confirmed
2026-09-05 15:53:57,2026-09-05,1592469,236,104,89.79666900634766,,34.108367919921875,0.7479209899902344,850.1896362304688,182.4770050048828,1015.2936401367188,298.2537841796875,165.10400390625,115.77677917480469,19115.209801129997,932.7416381835938,240.36538696289062,1920,1080,857.6785888671875,204.70187377929688,946.73583984375,216.20175170898438,89.0572509765625,11.4998779296875,7.357834061009161,left,False,"{'safe_roi': (450, 80, 1500, 420), 'cylinder_roi': (800, 190, 1000, 300)}",ok_cylinder_inside_confirmed
2026-09-05 16:02:59,2026-09-05,1605847,236,105,103.24724578857422,,38.20726013183594,0.7900875806808472,853.9977416992188,189.46160888671875,1037.6248779296875,308.69195556640625,183.62713623046875,119.2303466796875,21893.927112556994,945.811279296875,249.0767822265625,1920,1080,861.326904296875,213.65802001953125,963.89453125,225.48495483398438,102.567626953125,11.826934814453125,6.5776494276914,left,False,"{'safe_roi': (450, 80, 1500, 420), 'cylinder_roi': (800, 190, 1000, 300)}",ok_cylinder_inside_confirmed
2026-09-05 16:03:04,2026-09-05,1605971,236,105,103.87992858886719,,37.06523132324219,0.7778352499008179,848.91845703125,189.02630615234375,1034.4073486328125,303.34344482421875,185.4888916015625,114.317138671875,21204.55934330821,941.6629028320312,246.18487548828125,1920,1080,857.9412841796875,210.72979736328125,961.176513671875,222.28518676757812,103.2352294921875,11.555389404296875,6.386682354493522,left,False,"{'safe_roi': (450, 80, 1500, 420), 'cylinder_roi': (800, 190, 1000, 300)}",ok_cylinder_inside_confirmed
2026-09-05 16:03:09,2026-09-05,1606101,236,105,114.16301727294922,,41.52020263671875,0.7769708633422852,847.6161499023438,186.11495971679688,1035.9376220703125,302.31402587890625,188.32147216796875,116.19906616210938,21882.77920419164,941.77685546875,244.21449279785156,1920,1080,851.501220703125,210.39901733398438,964.8192138671875,224.26364135742188,113.3179931640625,13.8646240234375,6.975553474366142,left,False,"{'safe_roi': (450, 80, 1500, 420), 'cylinder_roi': (800, 190, 1000, 300)}",ok_cylinder_inside_confirmed
2026-09-05 16:03:21,2026-09-05,1606408,236,105,99.2686538696289,,36.79032897949219,0.7880430817604065,852.1647338867188,190.08583068847656,1030.2808837890625,306.67352294921875,178.11614990234375,116.58769226074219,20766.150871482678,941.2227783203125,248.37966918945312,1920,1080,856.2833862304688,212.55947875976562,955.26904296875,220.04986572265625,98.98565673828125,7.490386962890625,4.327406770918998,left,False,"{'safe_roi': (450, 80, 1500, 420), 'cylinder_roi': (800, 190, 1000, 300)}",ok_cylinder_inside_confirmed
2026-09-05 16:03:26,2026-09-05,1606535,236,105,99.15293884277344,,34.76127624511719,0.8055111765861511,851.9317626953125,189.4669647216797,1026.6788330078125,306.5697021484375,174.7470703125,117.10273742675781,20463.360290899873,939.3052978515625,248.01834106445312,1920,1080,855.7963256835938,208.69747924804688,954.256591796875,220.39707946777344,98.46026611328125,11.699600219726562,6.776431269818898,left,False,"{'safe_roi': (450, 80, 1500, 420), 'cylinder_roi': (800, 190, 1000, 300)}",ok_cylinder_inside_confirmed
2026-09-05 16:03:31,2026-09-05,1606656,236,105,98.45921325683594,,37.133636474609375,0.8017523288726807,848.4133911132812,188.1783905029297,1027.6939697265625,307.2508544921875,179.28057861328125,119.07246398925781,21347.380240903236,938.0537109375,247.71463012695312,1920,1080,857.3528442382812,210.43702697753906,955.3167724609375,220.30038452148438,97.96392822265625,9.863357543945312,5.749368125949024,left,False,"{'safe_roi': (450, 80, 1500, 420), 'cylinder_roi': (800, 190, 1000, 300)}",ok_cylinder_inside_confirmed
2026-09-05 16:03:43,2026-09-05,1606944,236,105,102.39369201660156,,38.2781982421875,0.7878674268722534,850.8585205078125,189.3835906982422,1031.106201171875,306.8558044433594,180.2476806640625,117.47221374511719,21174.094070030376,940.9823608398438,248.11968994140625,1920,1080,857.7244873046875,212.38641357421875,959.7261962890625,221.3373260498047,102.001708984375,8.950912475585938,5.015005729096686,left,False,"{'safe_roi': (450, 80, 1500, 420), 'cylinder_roi': (800, 190, 1000, 300)}",ok_cylinder_inside_confirmed
2026-09-05 16:03:48,2026-09-05,1607062,236,105,100.28079986572266,,38.63200378417969,0.7795474529266357,850.2180786132812,189.79208374023438,1031.27294921875,308.0986633300781,181.05487060546875,118.30657958984375,21419.98245941475,940.7454833984375,248.94537353515625,1920,1080,857.2485961914062,211.43017578125,957.2356567382812,219.10003662109375,99.987060546875,7.66986083984375,4.386485062536638,left,False,"{'safe_roi': (450, 80, 1500, 420), 'cylinder_roi': (800, 190, 1000, 300)}",ok_cylinder_inside_confirmed
2026-09-05 16:03:53,2026-09-05,1607188,236,105,101.7575912475586,,39.25502014160156,0.7851336598396301,848.6111450195312,188.8952178955078,1031.3310546875,307.85369873046875,182.71990966796875,118.95848083496094,21736.082872402854,939.9710693359375,248.37445068359375,1920,1080,857.4482421875,211.37890625,958.7916259765625,220.55091857910156,101.3433837890625,9.172012329101562,5.171425542972333,left,False,"{'safe_roi': (450, 80, 1500, 420), 'cylinder_roi': (800, 190, 1000, 300)}",ok_cylinder_inside_confirmed
2026-09-05 16:03:58,2026-09-05,1607307,236,105,104.12372589111328,,39.677337646484375,0.7782860398292542,851.7301635742188,187.93545532226562,1031.0958251953125,307.0620422363281,179.36566162109375,119.1265869140625,21367.21907850355,941.4129638671875,247.49874877929688,1920,1080,857.384765625,214.13565063476562,961.1293334960938,223.01345825195312,103.74456787109375,8.8778076171875,4.89109673520136,left,False,"{'safe_roi': (450, 80, 1500, 420), 'cylinder_roi': (800, 190, 1000, 300)}",ok_cylinder_inside_confirmed
2026-09-05 16:04:03,2026-09-05,1607429,236,105,101.07120513916016,,38.55915832519531,0.7803331017494202,850.4010009765625,189.3804931640625,1032.28369140625,306.8448181152344,181.8826904296875,117.46432495117188,21364.72745162621,941.3423461914062,248.11265563964844,1920,1080,857.4533081054688,212.30154418945312,958.1685791015625,220.7763671875,100.71527099609375,8.474822998046875,4.8099000470327535,left,False,"{'safe_roi': (450, 80, 1500, 420), 'cylinder_roi': (800, 190, 1000, 300)}",ok_cylinder_inside_confirmed
2026-09-05 16:04:09,2026-09-05,1607562,236,105,104.47560119628906,,39.65547180175781,0.7852699756622314,850.2811279296875,188.6335906982422,1031.1141357421875,307.39031982421875,180.8330078125,118.75672912597656,21475.136525824666,940.6976318359375,248.011962890625,1920,1080,855.4010009765625,212.91505432128906,959.3199462890625,223.68560791015625,103.9189453125,10.770553588867188,5.91722454897008,left,False,"{'safe_roi': (450, 80, 1500, 420), 'cylinder_roi': (800, 190, 1000, 300)}",ok_cylinder_inside_confirmed
2026-09-05 16:04:14,2026-09-05,1607689,236,105,102.47588348388672,,39.504486083984375,0.7850870490074158,849.2218017578125,189.555419921875,1031.4866943359375,305.984130859375,182.264892578125,116.4287109375,21220.866492033005,940.354248046875,247.769775390625,1920,1080,855.9144287109375,211.65509033203125,957.8343505859375,222.31512451171875,101.919921875,10.6600341796875,5.970984507331678,left,False,"{'safe_roi': (450, 80, 1500, 420), 'cylinder_roi': (800, 190, 1000, 300)}",ok_cylinder_inside_confirmed
2026-09-05 16:04:25,2026-09-05,1607970,236,105,102.34327697753906,,37.54319763183594,0.7843717932701111,847.5560302734375,189.57278442382812,1028.8203125,309.3534851074219,181.2642822265625,119.78070068359375,21711.962734006345,938.1881713867188,249.463134765625,1920,1080,855.778564453125,211.48641967773438,957.694580078125,220.828369140625,101.916015625,9.341949462890625,5.237279843226691,left,False,"{'safe_roi': (450, 80, 1500, 420), 'cylinder_roi': (800, 190, 1000, 300)}",ok_cylinder_inside_confirmed
2026-09-05 16:09:07,2026-09-05,1614891,236,106,104.28678131103516,,37.946044921875,0.7864838242530823,862.6403198242188,189.66213989257812,1042.2216796875,308.3341979980469,179.58135986328125,118.67205810546875,21311.289572354406,952.4310302734375,248.9981689453125,1920,1080,874.239501953125,202.23065185546875,976.13134765625,224.451904296875,101.891845703125,22.22125244140625,12.302811369643852,left,False,"{'safe_roi': (450, 80, 1500, 420), 'cylinder_roi': (800, 190, 1000, 300)}",ok_cylinder_inside_confirmed
2026-09-05 16:09:12,2026-09-05,1615017,236,106,107.55013275146484,,39.26316833496094,0.7767496705055237,860.232177734375,194.2520751953125,1041.2515869140625,309.5449523925781,181.0194091796875,115.29287719726562,20870.24851287529,950.7418823242188,251.8985137939453,1920,1080,864.2159423828125,199.7908935546875,969.500244140625,221.75100708007812,105.2843017578125,21.960113525390625,11.781788409602376,left,False,"{'safe_roi': (450, 80, 1500, 420), 'cylinder_roi': (800, 190, 1000, 300)}",ok_cylinder_inside_confirmed
2026-09-05 16:09:17,2026-09-05,1615142,236,106,114.8007583618164,,33.7515869140625,0.7837421894073486,859.8165893554688,194.26927185058594,1039.732421875,311.42474365234375,179.91583251953125,117.15547180175781,21078.124243431725,949.7745361328125,252.84701538085938,1920,1080,864.50634765625,197.06492614746094,974.2239379882812,230.8475341796875,109.71759033203125,33.78260803222656,17.113867101145292,left,False,"{'safe_roi': (450, 80, 1500, 420), 'cylinder_roi': (800, 190, 1000, 300)}",ok_cylinder_inside_confirmed
2026-09-05 16:09:22,2026-09-05,1615264,236,106,113.33157348632812,,35.311676025390625,0.7859551906585693,860.079345703125,195.54873657226562,1038.619384765625,311.0697937011719,178.5400390625,115.52105712890625,20625.134052336216,949.349365234375,253.30926513671875,1920,1080,866.2110595703125,199.0771026611328,974.6732177734375,231.9405517578125,108.462158203125,32.86344909667969,16.856525577271793,left,False,"{'safe_roi': (450, 80, 1500, 420), 'cylinder_roi': (800, 190, 1000, 300)}",ok_cylinder_inside_confirmed
2026-09-05 16:09:27,2026-09-05,1615390,236,106,112.33088684082031,,33.30949401855469,0.788445770740509,858.669189453125,194.59423828125,1034.039794921875,311.6117858886719,175.37060546875,117.01754760742188,20521.438174381852,946.3544921875,253.10301208496094,1920,1080,864.8131713867188,200.16830444335938,971.8369140625,234.28790283203125,107.02374267578125,34.119598388671875,17.682490094701375,left,False,"{'safe_roi': (450, 80, 1500, 420), 'cylinder_roi': (800, 190, 1000, 300)}",ok_cylinder_inside_confirmed
2026-09-05 16:11:38,2026-09-05,1618650,236,107,100.81272888183594,,35.69667053222656,0.7666111588478088,805.9598999023438,182.9333953857422,996.2361450195312,298.3765563964844,190.2762451171875,115.44316101074219,21966.091201582924,901.0980224609375,240.65496826171875,1920,1080,821.2755126953125,200.09060668945312,919.2108154296875,224.0046844482422,97.935302734375,23.914077758789062,13.722100231890447,left,False,"{'safe_roi': (450, 80, 1500, 420), 'cylinder_roi': (800, 190, 1000, 300)}",ok_cylinder_inside_confirmed
2026-09-05 16:11:43,2026-09-05,1618783,236,107,120.97610473632812,,38.86480712890625,0.7251286506652832,799.4088134765625,183.19651794433594,989.259033203125,299.08642578125,189.8502197265625,115.88990783691406,22001.724466929212,894.3339233398438,241.1414794921875,1920,1080,801.0510864257812,191.23524475097656,918.900146484375,218.56320190429688,117.84906005859375,27.327957153320312,13.055541983826721,left,False,"{'safe_roi': (450, 80, 1500, 420), 'cylinder_roi': (800, 190, 1000, 300)}",ok_cylinder_inside_confirmed
2026-09-05 16:12:55,2026-09-05,1620574,236,108,101.46311950683594,,20.384002685546875,0.5329107642173767,762.5484619140625,176.92738342285156,956.823486328125,294.3504333496094,194.2750244140625,117.42304992675781,22812.365891294554,859.6859741210938,235.638916015625,1920,1080,947.5867919921875,214.06849670410156,846.125,213.54940795898438,101.4617919921875,0.5190887451171875,0.2931284202431981,right,False,"{'safe_roi': (450, 80, 1500, 420), 'cylinder_roi': (800, 190, 1000, 300)}",ok_cylinder_inside_confirmed
2026-09-05 16:15:51,2026-09-05,1624934,236,109,106.33487701416016,,15.0274658203125,0.49266842007637024,763.0909423828125,185.53298950195312,959.9779052734375,296.62847900390625,196.886962890625,111.09548950195312,21873.253518886864,861.534423828125,241.0807342529297,1920,1080,953.5692138671875,214.953125,847.23974609375,213.88095092773438,106.3294677734375,1.072174072265625,0.5777228891769762,right,False,"{'safe_roi': (450, 80, 1500, 420), 'cylinder_roi': (800, 190, 1000, 300)}",ok_cylinder_inside_confirmed
2026-09-05 16:15:57,2026-09-05,1625072,236,109,102.33074188232422,,13.306991577148438,0.368818074464798,760.3533935546875,184.8061065673828,957.2677001953125,296.48516845703125,196.914306640625,111.67906188964844,21991.20503827557,858.810546875,240.6456298828125,1920,1080,951.7059936523438,220.98426818847656,849.3856201171875,219.52760314941406,102.32037353515625,1.4566650390625,0.8156256501041971,right,False,"{'safe_roi': (450, 80, 1500, 420), 'cylinder_roi': (800, 190, 1000, 300)}",ok_cylinder_inside_confirmed
2026-09-05 16:16:02,2026-09-05,1625197,236,109,104.59845733642578,,19.22491455078125,0.624830424785614,761.6673583984375,185.86083984375,961.843017578125,296.7188720703125,200.1756591796875,110.8580322265625,22191.07967631519,861.7551879882812,241.28985595703125,1920,1080,955.2408447265625,218.02728271484375,850.6441650390625,217.41749572753906,104.5966796875,0.6097869873046875,0.3340242258636793,right,False,"{'safe_roi': (450, 80, 1500, 420), 'cylinder_roi': (800, 190, 1000, 300)}",ok_cylinder_inside_confirmed
2026-09-05 16:16:25,2026-09-05,1625768,236,110,100.02460479736328,,24.00408935546875,0.7462365627288818,764.626220703125,186.5587158203125,961.783203125,299.7082824707031,197.156982421875,113.14956665039062,22308.227123133838,863.2047119140625,243.1334991455078,1920,1080,951.85546875,220.85006713867188,851.841796875,219.3712615966797,100.013671875,1.4788055419921875,0.8471156072814985,right,False,"{'safe_roi': (450, 80, 1500, 420), 'cylinder_roi': (800, 190, 1000, 300)}",ok_cylinder_inside_confirmed
2026-09-05 16:17:26,2026-09-05,1627288,236,111,111.91935729980469,,24.193222045898438,0.7434141635894775,762.6978759765625,187.50559997558594,965.2847900390625,301.6094970703125,202.5869140625,114.10389709472656,23115.956394925714,863.9913330078125,244.55755615234375,1920,1080,955.4728393554688,223.05181884765625,843.5556640625,223.75096130371094,111.91717529296875,0.6991424560546875,0.3579199603372894,right,False,"{'safe_roi': (450, 80, 1500, 420), 'cylinder_roi': (800, 190, 1000, 300)}",ok_cylinder_inside_confirmed
2026-09-05 16:17:33,2026-09-05,1627472,236,111,100.5506591796875,,23.950897216796875,0.7557047009468079,761.158935546875,188.23898315429688,960.7646484375,301.8348693847656,199.605712890625,113.59588623046875,22674.387852475047,860.9617919921875,245.03692626953125,1920,1080,950.3026123046875,225.26376342773438,849.751953125,225.25497436523438,100.5506591796875,0.0087890625,0.005008183834422077,right,False,"{'safe_roi': (450, 80, 1500, 420), 'cylinder_roi': (800, 190, 1000, 300)}",ok_cylinder_inside_confirmed
2026-09-05 16:29:51,2026-09-05,1645648,236,112,95.86743927001953,,33.86772155761719,0.7856014370918274,867.2353515625,194.60321044921875,1031.378173828125,313.568115234375,164.142822265625,118.96490478515625,19527.235221996903,949.3067626953125,254.08566284179688,1920,1080,875.1591186523438,206.75503540039062,969.3145141601562,224.7918701171875,94.1553955078125,18.036834716796875,10.844460254774381,left,False,"{'safe_roi': (450, 80, 1500, 420), 'cylinder_roi': (800, 190, 1000, 300)}",ok_cylinder_inside_confirmed
2026-09-05 16:29:56,2026-09-05,1645767,236,112,102.38312530517578,,35.39958190917969,0.7741247415542603,869.162109375,196.42715454101562,1029.0369873046875,315.5797424316406,159.8748779296875,119.152587890625,19049.505444020033,949.0995483398438,256.0034484863281,1920,1080,870.61865234375,205.40444946289062,970.8758544921875,226.16012573242188,100.2572021484375,20.75567626953125,11.696387526543084,left,False,"{'safe_roi': (450, 80, 1500, 420), 'cylinder_roi': (800, 190, 1000, 300)}",ok_cylinder_inside_confirmed
2026-09-05 16:30:01,2026-09-05,1645889,236,112,104.686279296875,,32.961334228515625,0.7628920078277588,867.130859375,194.9154510498047,1031.624267578125,313.5530090332031,164.493408203125,118.63755798339844,19515.09625358507,949.3775634765625,254.23422241210938,1920,1080,869.5877075195312,202.26318359375,971.9819946289062,224.0491180419922,102.394287109375,21.785934448242188,12.011433373077482,left,False,"{'safe_roi': (450, 80, 1500, 420), 'cylinder_roi': (800, 190, 1000, 300)}",ok_cylinder_inside_confirmed
2026-09-05 16:35:58,2026-09-05,1654677,236,113,97.08056640625,,35.24971008300781,0.7942328453063965,858.7197875976562,186.94451904296875,1026.589599609375,304.5932922363281,167.86981201171875,117.64877319335938,19749.677439378574,942.6546630859375,245.76890563964844,1920,1080,865.739501953125,226.4389190673828,962.8070068359375,224.84628295898438,97.0675048828125,1.5926361083984375,0.9399967606400609,left,False,"{'safe_roi': (450, 80, 1500, 420), 'cylinder_roi': (800, 190, 1000, 300)}",ok_cylinder_inside_confirmed
2026-09-05 16:36:03,2026-09-05,1654804,236,113,91.14839935302734,,34.70890808105469,0.7695782780647278,872.1533813476562,187.24417114257812,1029.3590087890625,306.2610168457031,157.20562744140625,119.016845703125,18710.1179048568,950.7562255859375,246.75259399414062,1920,1080,874.6876220703125,233.89462280273438,965.6245727539062,227.689697265625,90.93695068359375,6.204925537109375,3.903428080808675,left,False,"{'safe_roi': (450, 80, 1500, 420), 'cylinder_roi': (800, 190, 1000, 300)}",ok_cylinder_inside_confirmed
2026-09-05 16:56:34,2026-09-05,1685295,236,114,97.8377685546875,,37.75323486328125,0.7891215085983276,849.9496459960938,189.67474365234375,1025.1104736328125,308.5447082519531,175.16082763671875,118.86996459960938,20821.361380415037,937.530029296875,249.10972595214844,1920,1080,859.3309326171875,214.1494140625,956.8543701171875,221.98574829101562,97.5234375,7.836334228515625,4.594037014903287,left,False,"{'safe_roi': (450, 80, 1500, 420), 'cylinder_roi': (800, 190, 1000, 300)}",ok_cylinder_inside_confirmed
2026-09-05 16:56:44,2026-09-05,1685525,236,114,99.24271392822266,,37.801300048828125,0.7930915355682373,848.6756591796875,190.5900421142578,1023.0469970703125,310.21405029296875,174.371337890625,119.62400817871094,20858.998349960893,935.861328125,250.40203857421875,1920,1080,858.4573974609375,212.42459106445312,957.357421875,220.66482543945312,98.9000244140625,8.240234375,4.762816471823144,left,False,"{'safe_roi': (450, 80, 1500, 420), 'cylinder_roi': (800, 190, 1000, 300)}",ok_cylinder_inside_confirmed
2026-09-05 16:56:51,2026-09-05,1685713,236,114,99.8954086303711,,38.69651794433594,0.7796589136123657,850.8865966796875,188.80258178710938,1025.294921875,308.1167907714844,174.4083251953125,119.314208984375,20809.39136096835,938.0907592773438,248.45968627929688,1920,1080,858.4117431640625,214.226318359375,958.0546875,221.32398986816406,99.6429443359375,7.0976715087890625,4.074356901619249,left,False,"{'safe_roi': (450, 80, 1500, 420), 'cylinder_roi': (800, 190, 1000, 300)}",ok_cylinder_inside_confirmed
2026-09-05 16:56:58,2026-09-05,1685887,236,114,98.21089935302734,,37.89247131347656,0.7850029468536377,849.361572265625,188.38836669921875,1024.1929931640625,308.10888671875,174.8314208984375,119.72052001953125,20930.90862571448,936.7772827148438,248.24862670898438,1920,1080,859.8741455078125,211.37155151367188,957.6563110351562,220.53823852539062,97.78216552734375,9.16668701171875,5.355597927383102,left,False,"{'safe_roi': (450, 80, 1500, 420), 'cylinder_roi': (800, 190, 1000, 300)}",ok_cylinder_inside_confirmed
2026-09-05 16:57:11,2026-09-05,1686197,236,114,99.96844482421875,,37.521575927734375,0.7945241928100586,852.414794921875,189.4856414794922,1026.5889892578125,305.96563720703125,174.1741943359375,116.47999572753906,20287.80941209756,939.5018920898438,247.72564697265625,1920,1080,858.512939453125,211.12435913085938,957.95947265625,221.32615661621094,99.446533203125,10.201797485351562,5.857241144364424,left,False,"{'safe_roi': (450, 80, 1500, 420), 'cylinder_roi': (800, 190, 1000, 300)}",ok_cylinder_inside_confirmed
2026-09-05 16:57:16,2026-09-05,1686326,236,114,100.41310119628906,,37.97186279296875,0.7973045110702515,851.969970703125,188.8711395263672,1032.1585693359375,305.0440673828125,180.1885986328125,116.17292785644531,20933.037069523707,942.0642700195312,246.95761108398438,1920,1080,861.0704345703125,213.97097778320312,961.1055908203125,222.67486572265625,100.03515625,8.703887939453125,4.972684588975073,left,False,"{'safe_roi': (450, 80, 1500, 420), 'cylinder_roi': (800, 190, 1000, 300)}",ok_cylinder_inside_confirmed
2026-09-05 17:07:49,2026-09-05,1701959,236,115,109.20260620117188,,38.69676208496094,0.78550785779953,864.6295166015625,195.140380859375,1030.6234130859375,314.61444091796875,165.993896484375,119.47406005859375,19831.964757934213,947.62646484375,254.87741088867188,1920,1080,863.5498046875,202.64788818359375,969.646728515625,228.50619506835938,106.096923828125,25.858306884765625,13.697280381071694,left,False,"{'safe_roi': (450, 80, 1500, 420), 'cylinder_roi': (800, 190, 1000, 300)}",ok_cylinder_inside_confirmed
2026-09-05 17:33:32,2026-09-05,1739968,254,116,98.11189270019531,,38.61041259765625,0.7781406044960022,865.2940673828125,195.43380737304688,1033.57861328125,314.8358154296875,168.2845458984375,119.40200805664062,20093.512705173343,949.4363403320312,255.1348114013672,1920,1080,869.857421875,215.14540100097656,966.84912109375,229.92897033691406,96.99169921875,14.7835693359375,8.666376493969759,left,False,"{'safe_roi': (450, 80, 1500, 420), 'cylinder_roi': (800, 190, 1000, 300)}",ok_cylinder_inside_confirmed
2026-09-05 17:34:05,2026-09-05,1740756,254,117,122.59767150878906,,42.2698974609375,0.7869479060173035,841.9647216796875,181.8065185546875,1030.4212646484375,296.9474792480469,188.45654296875,115.14096069335938,21699.067406371236,936.1929931640625,239.3769989013672,1920,1080,833.4639282226562,210.57199096679688,955.7586669921875,219.18515014648438,122.29473876953125,8.6131591796875,4.0286616243744096,left,False,"{'safe_roi': (450, 80, 1500, 420), 'cylinder_roi': (800, 190, 1000, 300)}",ok_cylinder_inside_confirmed
2026-09-05 17:35:45,2026-09-05,1743225,254,118,123.65130615234375,,41.94140625,0.7704476118087769,839.8401489257812,181.61375427246094,1033.9373779296875,298.28662109375,194.09722900390625,116.67286682128906,22645.880149954,936.8887939453125,239.9501953125,1920,1080,833.3132934570312,202.52528381347656,955.8895263671875,218.79525756835938,122.57623291015625,16.269973754882812,7.560873730686851,left,False,"{'safe_roi': (450, 80, 1500, 420), 'cylinder_roi': (800, 190, 1000, 300)}",ok_cylinder_inside_confirmed
2026-09-05 17:35:50,2026-09-05,1743344,254,118,122.11016082763672,,36.23197937011719,0.7816980481147766,839.3692016601562,180.18502807617188,1030.587646484375,298.0635681152344,191.21844482421875,117.8785400390625,22540.551104418933,934.9783935546875,239.12429809570312,1920,1080,834.827880859375,200.8115692138672,955.4569091796875,219.77279663085938,120.6290283203125,18.961227416992188,8.933017701218095,left,False,"{'safe_roi': (450, 80, 1500, 420), 'cylinder_roi': (800, 190, 1000, 300)}",ok_cylinder_inside_confirmed
2026-09-05 17:35:55,2026-09-05,1743463,254,118,123.41205596923828,,37.4718017578125,0.776646614074707,839.5706787109375,177.98712158203125,1021.172119140625,296.1954040527344,181.6014404296875,118.20828247070312,21466.794367399067,930.3713989257812,237.0912628173828,1920,1080,833.2001953125,200.39895629882812,954.744140625,221.7906494140625,121.5439453125,21.391693115234375,9.981810422267511,left,False,"{'safe_roi': (450, 80, 1500, 420), 'cylinder_roi': (800, 190, 1000, 300)}",ok_cylinder_inside_confirmed
2026-09-05 17:36:05,2026-09-05,1743717,254,118,120.142578125,,39.342926025390625,0.7770673036575317,840.825439453125,180.21170043945312,1023.3541259765625,298.3869934082031,182.5286865234375,118.17529296875,21570.381005108356,932.0897827148438,239.29934692382812,1920,1080,835.7009887695312,202.55308532714844,954.394287109375,221.15794372558594,118.69329833984375,18.6048583984375,8.908473225984375,left,False,"{'safe_roi': (450, 80, 1500, 420), 'cylinder_roi': (800, 190, 1000, 300)}",ok_cylinder_inside_confirmed
2026-09-05 17:36:10,2026-09-05,1743844,254,118,122.14459228515625,,38.371490478515625,0.7770665287971497,841.9685668945312,179.0666961669922,1021.6447143554688,297.23773193359375,179.6761474609375,118.17103576660156,21232.516448011622,931.806640625,238.1522216796875,1920,1080,832.67236328125,201.57302856445312,953.4305419921875,219.92416381835938,120.7581787109375,18.35113525390625,8.640897516633654,left,False,"{'safe_roi': (450, 80, 1500, 420), 'cylinder_roi': (800, 190, 1000, 300)}",ok_cylinder_inside_confirmed
2026-09-05 17:36:16,2026-09-05,1743970,254,118,118.83976745605469,,38.20701599121094,0.7833529114723206,839.02734375,177.05462646484375,1018.73681640625,294.6509094238281,179.70947265625,117.59628295898438,21133.16599689424,928.882080078125,235.85276794433594,1920,1080,835.9085693359375,202.21022033691406,953.130126953125,221.75494384765625,117.2215576171875,19.544723510742188,9.466030314582222,left,False,"{'safe_roi': (450, 80, 1500, 420), 'cylinder_roi': (800, 190, 1000, 300)}",ok_cylinder_inside_confirmed
2026-09-05 17:36:21,2026-09-05,1744090,254,118,112.08399963378906,,38.91874694824219,0.7837291359901428,842.611083984375,178.78411865234375,1020.833984375,296.6519470214844,178.222900390625,117.86782836914062,21006.746234692633,931.7225341796875,237.71803283691406,1920,1080,841.554931640625,201.40113830566406,952.2182006835938,219.19058227539062,110.66326904296875,17.789443969726562,9.132334484279207,left,False,"{'safe_roi': (450, 80, 1500, 420), 'cylinder_roi': (800, 190, 1000, 300)}",ok_cylinder_inside_confirmed
2026-09-05 17:36:59,2026-09-05,1745024,254,119,111.26543426513672,,40.7640380859375,0.7670067548751831,844.7910766601562,185.1016082763672,1018.6453247070312,295.14923095703125,173.854248046875,110.04762268066406,19132.246690493077,931.7182006835938,240.12542724609375,1920,1080,842.5701904296875,204.57894897460938,952.9130859375,218.87728881835938,110.3428955078125,14.29833984375,7.383301427591324,left,False,"{'safe_roi': (450, 80, 1500, 420), 'cylinder_roi': (800, 190, 1000, 300)}",ok_cylinder_inside_confirmed
2026-09-05 17:37:04,2026-09-05,1745146,254,119,104.80411529541016,,37.75,0.7692769765853882,844.6842651367188,183.35992431640625,1017.9729614257812,295.08758544921875,173.2886962890625,111.7276611328125,19361.140737131238,931.32861328125,239.2237548828125,1920,1080,851.9791259765625,207.83303833007812,955.5487060546875,223.87188720703125,103.569580078125,16.038848876953125,8.802934021391362,left,False,"{'safe_roi': (450, 80, 1500, 420), 'cylinder_roi': (800, 190, 1000, 300)}",ok_cylinder_inside_confirmed
2026-09-05 17:37:09,2026-09-05,1745269,254,119,108.09984588623047,,36.59284973144531,0.7884836196899414,843.2410278320312,180.5149383544922,1016.6243286132812,293.8236999511719,173.38330078125,113.30876159667969,19645.847093068063,929.9326782226562,237.1693115234375,1920,1080,849.7841186523438,207.44818115234375,956.53125,224.4959716796875,106.74713134765625,17.04779052734375,9.07365967837603,left,False,"{'safe_roi': (450, 80, 1500, 420), 'cylinder_roi': (800, 190, 1000, 300)}",ok_cylinder_inside_confirmed
2026-09-05 17:37:14,2026-09-05,1745393,254,119,103.35943603515625,,36.56333923339844,0.7890766263008118,843.89404296875,181.89114379882812,1017.527099609375,296.2904357910156,173.633056640625,114.3992919921875,19863.49874612689,930.7105712890625,239.09078979492188,1920,1080,852.0078735351562,205.60069274902344,953.9137573242188,222.8739013671875,101.9058837890625,17.273208618164062,9.620287962783921,left,False,"{'safe_roi': (450, 80, 1500, 420), 'cylinder_roi': (800, 190, 1000, 300)}",ok_cylinder_inside_confirmed
2026-09-05 17:37:19,2026-09-05,1745516,254,119,102.89384460449219,,37.67979431152344,0.7911038994789124,841.5556030273438,184.87200927734375,1014.1787719726562,298.3019104003906,172.6231689453125,113.42990112304688,19580.628985013813,927.8671875,241.5869598388672,1920,1080,853.533203125,205.1681365966797,954.947021484375,222.5572509765625,101.413818359375,17.389114379882812,9.729712637395249,left,False,"{'safe_roi': (450, 80, 1500, 420), 'cylinder_roi': (800, 190, 1000, 300)}",ok_cylinder_inside_confirmed
2026-09-05 17:37:24,2026-09-05,1745644,254,119,101.53285217285156,,36.297088623046875,0.7780302166938782,840.8734741210938,179.49557495117188,1010.6572875976562,296.1536560058594,169.7838134765625,116.6580810546875,19806.653874322772,925.765380859375,237.82461547851562,1920,1080,852.1051025390625,205.4217987060547,952.0928955078125,223.0672149658203,99.98779296875,17.645416259765625,10.008264118457157,left,False,"{'safe_roi': (450, 80, 1500, 420), 'cylinder_roi': (800, 190, 1000, 300)}",ok_cylinder_inside_confirmed
2026-09-05 17:37:29,2026-09-05,1745771,254,119,99.08256530761719,,36.32804870605469,0.7816052436828613,839.6365966796875,178.72427368164062,1008.7293701171875,295.8811950683594,169.0927734375,117.15692138671875,19810.388764679432,924.1829833984375,237.302734375,1920,1080,850.30615234375,204.4516143798828,948.1240234375,220.23193359375,97.81787109375,15.780319213867188,9.164198557665156,left,False,"{'safe_roi': (450, 80, 1500, 420), 'cylinder_roi': (800, 190, 1000, 300)}",ok_cylinder_inside_confirmed
2026-09-05 17:37:34,2026-09-05,1745896,254,119,98.93949127197266,,36.83952331542969,0.7854804396629333,842.3431396484375,174.87644958496094,1009.181884765625,294.3265075683594,166.8387451171875,119.45005798339844,19928.89777812548,925.7625122070312,234.60147094726562,1920,1080,851.7073974609375,205.89529418945312,949.1998291015625,222.75497436523438,97.492431640625,16.85968017578125,9.811306361075115,left,False,"{'safe_roi': (450, 80, 1500, 420), 'cylinder_roi': (800, 190, 1000, 300)}",ok_cylinder_inside_confirmed
2026-09-05 17:37:39,2026-09-05,1746025,254,119,101.07450866699219,,37.01997375488281,0.785871148109436,842.1265869140625,178.87660217285156,1008.8914794921875,294.67724609375,166.764892578125,115.80064392089844,19311.48194394633,925.509033203125,236.77691650390625,1920,1080,852.6508178710938,203.6964569091797,952.1024169921875,221.73631286621094,99.45159912109375,18.03985595703125,10.281281007040107,left,False,"{'safe_roi': (450, 80, 1500, 420), 'cylinder_roi': (800, 190, 1000, 300)}",ok_cylinder_inside_confirmed
2026-09-05 17:37:44,2026-09-05,1746149,254,119,102.63593292236328,,37.11143493652344,0.7860321998596191,840.4808959960938,176.6446075439453,1011.8112182617188,292.3341369628906,171.330322265625,115.68952941894531,19821.124358106405,926.1460571289062,234.4893798828125,1920,1080,851.42333984375,204.14915466308594,952.6887817382812,220.8657684326172,101.26544189453125,16.71661376953125,9.373690035527313,left,False,"{'safe_roi': (450, 80, 1500, 420), 'cylinder_roi': (800, 190, 1000, 300)}",ok_cylinder_inside_confirmed
2026-09-05 17:37:49,2026-09-05,1746268,254,119,104.23961639404297,,37.872283935546875,0.784308671951294,841.0018920898438,184.42666625976562,1015.1428833007812,296.1530456542969,174.1409912109375,111.72637939453125,19456.142452172935,928.0723876953125,240.28985595703125,1920,1080,851.2442626953125,205.19223022460938,953.7398681640625,224.18032836914062,102.49560546875,18.98809814453125,10.495492921971664,left,False,"{'safe_roi': (450, 80, 1500, 420), 'cylinder_roi': (800, 190, 1000, 300)}",ok_cylinder_inside_confirmed
2026-09-05 17:37:54,2026-09-05,1746395,254,119,103.19776916503906,,36.7994384765625,0.7754809856414795,841.4645385742188,178.9049072265625,1012.2682495117188,295.44903564453125,170.8037109375,116.54412841796875,19906.169621765614,926.8663940429688,237.17697143554688,1920,1080,852.3367919921875,204.9743194580078,953.9189453125,223.16346740722656,101.5821533203125,18.18914794921875,10.151714087179373,left,False,"{'safe_roi': (450, 80, 1500, 420), 'cylinder_roi': (800, 190, 1000, 300)}",ok_cylinder_inside_confirmed
2026-09-05 17:37:59,2026-09-05,1746520,254,119,104.25900268554688,,36.97926330566406,0.8013310432434082,841.3502197265625,178.90756225585938,1010.1884765625,294.0452575683594,168.8382568359375,115.1376953125,19439.647772669792,925.7693481445312,236.47640991210938,1920,1080,852.3887329101562,205.3331298828125,954.8651123046875,224.53028869628906,102.47637939453125,19.197158813476562,10.61038522367195,left,False,"{'safe_roi': (450, 80, 1500, 420), 'cylinder_roi': (800, 190, 1000, 300)}",ok_cylinder_inside_confirmed
2026-09-05 17:38:04,2026-09-05,1746651,254,119,103.94755554199219,,37.573089599609375,0.7804480195045471,842.1093139648438,182.0784454345703,1015.8168334960938,295.83770751953125,173.70751953125,113.75926208496094,19760.83924048394,928.9630737304688,238.95806884765625,1920,1080,850.802978515625,205.29037475585938,953.25146484375,222.88021850585938,102.448486328125,17.58984375,9.742380643124958,left,False,"{'safe_roi': (450, 80, 1500, 420), 'cylinder_roi': (800, 190, 1000, 300)}",ok_cylinder_inside_confirmed
2026-09-05 17:38:09,2026-09-05,1746774,254,119,104.88693237304688,,37.47346496582031,0.7883535027503967,840.56005859375,183.67910766601562,1016.05224609375,296.2319030761719,175.4921875,112.55279541015625,19752.13627576828,928.30615234375,239.95550537109375,1920,1080,850.9559936523438,205.676025390625,954.2698974609375,223.77313232421875,103.31390380859375,18.09710693359375,9.935486453966725,left,False,"{'safe_roi': (450, 80, 1500, 420), 'cylinder_roi': (800, 190, 1000, 300)}",ok_cylinder_inside_confirmed
2026-09-05 17:38:14,2026-09-05,1746898,254,119,105.77025604248047,,38.57769775390625,0.7802428603172302,840.53173828125,182.62237548828125,1016.107177734375,296.20159912109375,175.575439453125,113.5792236328125,19941.722102075815,928.3194580078125,239.4119873046875,1920,1080,850.506103515625,204.80418395996094,954.6471557617188,223.29708862304688,104.14105224609375,18.492904663085938,10.069365796517758,left,False,"{'safe_roi': (450, 80, 1500, 420), 'cylinder_roi': (800, 190, 1000, 300)}",ok_cylinder_inside_confirmed
2026-09-05 17:38:19,2026-09-05,1747031,254,119,104.32383728027344,,36.66448974609375,0.7959778308868408,839.684326171875,181.9286346435547,1015.684814453125,294.82501220703125,176.00048828125,112.89637756347656,19869.817576356232,927.6845703125,238.3768310546875,1920,1080,853.4627685546875,205.13658142089844,956.3521118164062,222.37741088867188,102.88934326171875,17.240829467773438,9.512490201052302,left,False,"{'safe_roi': (450, 80, 1500, 420), 'cylinder_roi': (800, 190, 1000, 300)}",ok_cylinder_inside_confirmed
2026-09-05 17:38:24,2026-09-05,1747159,254,119,103.4372787475586,,36.763275146484375,0.7883461713790894,841.4036865234375,179.00527954101562,1014.4815673828125,295.1041259765625,173.077880859375,116.09884643554688,20094.142311282456,927.942626953125,237.05470275878906,1920,1080,852.4646606445312,204.82501220703125,954.270263671875,223.125,101.80560302734375,18.29998779296875,10.190333484768345,left,False,"{'safe_roi': (450, 80, 1500, 420), 'cylinder_roi': (800, 190, 1000, 300)}",ok_cylinder_inside_confirmed
2026-09-05 17:38:29,2026-09-05,1747284,254,119,104.31722259521484,,36.81724548339844,0.800714373588562,841.3306274414062,182.86717224121094,1011.9225463867188,296.7195739746094,170.5919189453125,113.85240173339844,19422.299688233063,926.6265869140625,239.79336547851562,1920,1080,851.32568359375,204.82229614257812,954.2036743164062,222.09080505371094,102.87799072265625,17.268508911132812,9.528514437734126,left,False,"{'safe_roi': (450, 80, 1500, 420), 'cylinder_roi': (800, 190, 1000, 300)}",ok_cylinder_inside_confirmed
2026-09-05 17:38:35,2026-09-05,1747402,254,119,102.86324310302734,,36.85205078125,0.7884295582771301,837.9118041992188,180.5549774169922,1011.7120971679688,298.4339294433594,173.80029296875,117.87895202636719,20487.396397031844,924.8119506835938,239.49444580078125,1920,1080,850.6752319335938,205.66561889648438,952.4364013671875,220.68264770507812,101.76116943359375,15.01702880859375,8.394625586208901,left,False,"{'safe_roi': (450, 80, 1500, 420), 'cylinder_roi': (800, 190, 1000, 300)}",ok_cylinder_inside_confirmed
2026-09-05 17:38:49,2026-09-05,1747751,254,119,104.98626708984375,,38.664398193359375,0.782285749912262,836.595458984375,179.6916961669922,1014.582275390625,295.51239013671875,177.98681640625,115.82069396972656,20614.556593634188,925.5888671875,237.60205078125,1920,1080,848.5712890625,209.12496948242188,952.78369140625,221.84860229492188,104.21240234375,12.7236328125,6.960976867048781,left,False,"{'safe_roi': (450, 80, 1500, 420), 'cylinder_roi': (800, 190, 1000, 300)}",ok_cylinder_inside_confirmed
2026-09-05 17:38:54,2026-09-05,1747864,254,119,106.55863189697266,,37.382720947265625,0.7906892895698547,840.0442504882812,182.72195434570312,1016.6235961914062,295.48193359375,176.579345703125,112.75997924804688,19911.08335711807,928.3339233398438,239.10194396972656,1920,1080,849.0831909179688,207.53396606445312,954.3894653320312,223.8229217529297,105.3062744140625,16.288955688476562,8.79292389003243,left,False,"{'safe_roi': (450, 80, 1500, 420), 'cylinder_roi': (800, 190, 1000, 300)}",ok_cylinder_inside_confirmed
2026-09-05 17:38:59,2026-09-05,1747988,254,119,107.63731384277344,,37.95796203613281,0.7931013703346252,835.0140380859375,179.75367736816406,1012.361328125,295.1043701171875,177.3472900390625,115.35069274902344,20457.132763167843,923.6876831054688,237.42901611328125,1920,1080,848.316650390625,208.83876037597656,955.1100463867188,222.29095458984375,106.79339599609375,13.452194213867188,7.17943070615372,left,False,"{'safe_roi': (450, 80, 1500, 420), 'cylinder_roi': (800, 190, 1000, 300)}",ok_cylinder_inside_confirmed
2026-09-05 17:39:04,2026-09-05,1748110,254,119,105.81470489501953,,37.35490417480469,0.7939448952674866,836.875,178.9130859375,1015.0240478515625,295.9397277832031,178.1490478515625,117.02664184570312,20848.184818077832,925.9495239257812,237.42640686035156,1920,1080,849.1687622070312,206.77142333984375,954.080322265625,220.5669708251953,104.91156005859375,13.795547485351562,7.491238001837642,left,False,"{'safe_roi': (450, 80, 1500, 420), 'cylinder_roi': (800, 190, 1000, 300)}",ok_cylinder_inside_confirmed
2026-09-05 17:39:09,2026-09-05,1748230,254,119,106.06938934326172,,38.14326477050781,0.794283390045166,840.641357421875,181.3985595703125,1015.8985595703125,296.7640075683594,175.2572021484375,115.36544799804688,20218.625640738755,928.2699584960938,239.08128356933594,1920,1080,850.0623779296875,207.98394775390625,955.042724609375,223.14447021484375,104.9803466796875,15.1605224609375,8.21744210600982,left,False,"{'safe_roi': (450, 80, 1500, 420), 'cylinder_roi': (800, 190, 1000, 300)}",ok_cylinder_inside_confirmed
2026-09-05 17:39:14,2026-09-05,1748356,254,119,104.66534423828125,,38.1160888671875,0.7807245254516602,837.4688720703125,182.99244689941406,1015.852783203125,295.1107177734375,178.3839111328125,112.11827087402344,20000.095667956397,926.6608276367188,239.05157470703125,1920,1080,850.4473876953125,207.54763793945312,954.0733642578125,222.26126098632812,103.6259765625,14.713623046875,8.081282188806304,left,False,"{'safe_roi': (450, 80, 1500, 420), 'cylinder_roi': (800, 190, 1000, 300)}",ok_cylinder_inside_confirmed
2026-09-05 17:39:19,2026-09-05,1748475,254,119,106.21625518798828,,36.7437744140625,0.7933863997459412,836.8529663085938,184.77777099609375,1014.6268920898438,295.633544921875,177.77392578125,110.85577392578125,19707.266126304865,925.7399291992188,240.20565795898438,1920,1080,848.1863403320312,206.4868927001953,953.45263671875,220.66078186035156,105.26629638671875,14.17388916015625,7.668635912732066,left,False,"{'safe_roi': (450, 80, 1500, 420), 'cylinder_roi': (800, 190, 1000, 300)}",ok_cylinder_inside_confirmed
2026-09-05 17:39:24,2026-09-05,1748594,254,119,105.0907211303711,,37.234466552734375,0.802442729473114,833.9185791015625,181.56942749023438,1012.5546875,295.7857360839844,178.6361083984375,114.21630859375,20403.156882822514,923.2366333007812,238.67758178710938,1920,1080,848.45556640625,209.15211486816406,952.5511474609375,223.5802001953125,104.0955810546875,14.428085327148438,7.891159625745241,left,False,"{'safe_roi': (450, 80, 1500, 420), 'cylinder_roi': (800, 190, 1000, 300)}",ok_cylinder_inside_confirmed
2026-09-05 17:39:29,2026-09-05,1748716,254,119,99.86967468261719,,34.776031494140625,0.7936018705368042,838.8018798828125,176.7137451171875,1005.94677734375,289.6045837402344,167.1448974609375,112.89083862304688,18869.127645928413,922.3743286132812,233.15916442871094,1920,1080,850.0985107421875,210.62661743164062,949.1129760742188,223.6683807373047,99.01446533203125,13.041763305664062,7.503561608451775,left,False,"{'safe_roi': (450, 80, 1500, 420), 'cylinder_roi': (800, 190, 1000, 300)}",ok_cylinder_inside_confirmed
2026-09-05 17:44:24,2026-09-05,1755980,254,120,114.45323181152344,,38.32014465332031,0.7480966448783875,840.1913452148438,188.6887664794922,1013.6337280273438,301.2781982421875,173.4423828125,112.58943176269531,19527.779324427247,926.9125366210938,244.98348999023438,1920,1080,831.52587890625,249.4011688232422,945.0460205078125,234.8162384033203,113.5201416015625,14.584930419921875,7.321185107390964,left,False,"{'safe_roi': (450, 80, 1500, 420), 'cylinder_roi': (800, 190, 1000, 300)}",ok_cylinder_inside_confirmed
2026-09-05 17:44:29,2026-09-05,1756107,254,120,104.73907470703125,,49.58766174316406,0.7947157621383667,844.1470947265625,189.7342987060547,1015.283447265625,301.90460205078125,171.1363525390625,112.17030334472656,19196.416577616706,929.7152709960938,245.8194580078125,1920,1080,840.180908203125,237.03257751464844,944.91357421875,238.19119262695312,104.732666015625,1.1586151123046875,0.6338141737636691,left,False,"{'safe_roi': (450, 80, 1500, 420), 'cylinder_roi': (800, 190, 1000, 300)}",ok_cylinder_inside_confirmed
2026-09-05 17:44:34,2026-09-05,1756224,254,120,103.93683624267578,,52.18463134765625,0.7985594868659973,844.318603515625,191.27749633789062,1017.8758544921875,303.0398254394531,173.5572509765625,111.7623291015625,19397.162601605058,931.0972290039062,247.15866088867188,1920,1080,841.2468872070312,237.13735961914062,945.1837158203125,237.1089630126953,103.93682861328125,0.0283966064453125,0.015653793588238405,left,False,"{'safe_roi': (450, 80, 1500, 420), 'cylinder_roi': (800, 190, 1000, 300)}",ok_cylinder_inside_confirmed
2026-09-05 17:44:39,2026-09-05,1756354,254,120,102.1406021118164,,48.78773498535156,0.7834462523460388,843.5486450195312,189.058349609375,1016.0260620117188,303.1492614746094,172.4774169921875,114.09091186523438,19678.105780798942,929.787353515625,246.1038055419922,1920,1080,842.0248413085938,234.36618041992188,944.1446533203125,236.42706298828125,102.11981201171875,2.060882568359375,1.1561306718998505,left,False,"{'safe_roi': (450, 80, 1500, 420), 'cylinder_roi': (800, 190, 1000, 300)}",ok_cylinder_inside_confirmed
2026-09-05 17:44:44,2026-09-05,1756482,254,120,97.51416778564453,,38.56394958496094,0.7755852341651917,840.850341796875,190.02499389648438,1013.5631103515625,304.2751159667969,172.7127685546875,114.2501220703125,19732.454890474677,927.2067260742188,247.15005493164062,1920,1080,846.1171875,233.62966918945312,943.6282958984375,232.85748291015625,97.5111083984375,0.772186279296875,0.4537133331611107,left,False,"{'safe_roi': (450, 80, 1500, 420), 'cylinder_roi': (800, 190, 1000, 300)}",ok_cylinder_inside_confirmed
2026-09-05 17:44:49,2026-09-05,1756606,254,120,103.13066101074219,,45.36480712890625,0.7778779864311218,840.797607421875,189.84335327148438,1013.286865234375,303.6037902832031,172.4892578125,113.76043701171875,19622.453348577023,927.042236328125,246.72357177734375,1920,1080,842.690673828125,232.55172729492188,945.7745971679688,235.65634155273438,103.08392333984375,3.1046142578125,1.7250754026266866,left,False,"{'safe_roi': (450, 80, 1500, 420), 'cylinder_roi': (800, 190, 1000, 300)}",ok_cylinder_inside_confirmed
2026-09-05 17:44:54,2026-09-05,1756729,254,120,106.4328842163086,,51.19842529296875,0.7860739231109619,838.9638671875,189.79942321777344,1014.6805419921875,303.14593505859375,175.7166748046875,113.34651184082031,19916.872161379084,926.8222045898438,246.47268676757812,1920,1080,839.93798828125,230.6303253173828,946.132568359375,237.74856567382812,106.194580078125,7.1182403564453125,3.8348091697362015,left,False,"{'safe_roi': (450, 80, 1500, 420), 'cylinder_roi': (800, 190, 1000, 300)}",ok_cylinder_inside_confirmed
2026-09-05 17:44:59,2026-09-05,1756864,254,120,104.83089447021484,,51.46656799316406,0.7939807176589966,838.3558349609375,191.58941650390625,1016.901123046875,304.08575439453125,178.5452880859375,112.496337890625,20085.691057294607,927.6284790039062,247.83758544921875,1920,1080,841.0560302734375,233.01373291015625,945.8052978515625,237.14979553222656,104.749267578125,4.1360626220703125,2.261169888328295,left,False,"{'safe_roi': (450, 80, 1500, 420), 'cylinder_roi': (800, 190, 1000, 300)}",ok_cylinder_inside_confirmed
2026-09-05 17:45:04,2026-09-05,1756987,254,120,95.67704772949219,,32.41682434082031,0.791429340839386,840.4544067382812,189.67510986328125,1021.6703491210938,302.76861572265625,181.2159423828125,113.093505859375,20494.346241682768,931.0623779296875,246.22186279296875,1920,1080,852.796875,230.2372589111328,948.1180419921875,221.99273681640625,95.3211669921875,8.244522094726562,4.943326493115818,left,False,"{'safe_roi': (450, 80, 1500, 420), 'cylinder_roi': (800, 190, 1000, 300)}",ok_cylinder_inside_confirmed
2026-09-05 17:45:09,2026-09-05,1757113,254,120,96.02348327636719,,31.571014404296875,0.801796019077301,841.627197265625,188.2010498046875,1021.995849609375,301.48968505859375,180.36865234375,113.28863525390625,20433.718466609716,931.8115234375,244.84536743164062,1920,1080,852.2388916015625,230.7679901123047,947.6492919921875,219.9344940185547,95.410400390625,10.83349609375,6.477978063263547,left,False,"{'safe_roi': (450, 80, 1500, 420), 'cylinder_roi': (800, 190, 1000, 300)}",ok_cylinder_inside_confirmed
2026-09-05 17:45:14,2026-09-05,1757241,254,120,101.3492431640625,,33.232025146484375,0.8036631941795349,843.2754516601562,188.3418426513672,1025.8692626953125,303.4482421875,182.59381103515625,115.10639953613281,21017.71616583783,934.5723876953125,245.89505004882812,1920,1080,850.390625,229.9312744140625,951.57080078125,224.07974243164062,101.18017578125,5.851531982421875,3.309888021479813,left,False,"{'safe_roi': (450, 80, 1500, 420), 'cylinder_roi': (800, 190, 1000, 300)}",ok_cylinder_inside_confirmed
2026-09-05 17:46:28,2026-09-05,1759054,254,121,105.1401138305664,,17.016510009765625,0.7255603671073914,811.4185180664062,175.36439514160156,1008.9662475585938,291.6121520996094,197.5477294921875,116.24775695800781,22964.480445614085,910.1923828125,233.48828125,1920,1080,993.6124267578125,220.38938903808594,888.48828125,222.22164916992188,105.1241455078125,1.8322601318359375,0.9985350497120142,right,False,"{'safe_roi': (450, 80, 1500, 420), 'cylinder_roi': (800, 190, 1000, 300)}",ok_cylinder_inside_confirmed
2026-09-05 17:46:33,2026-09-05,1759181,254,121,108.29776000976562,,10.72515869140625,0.7437154650688171,805.4896850585938,174.34165954589844,1008.4078979492188,292.56219482421875,202.918212890625,118.22053527832031,23989.099745649844,906.9487915039062,233.45193481445312,1920,1080,987.4307250976562,217.91412353515625,879.3963623046875,225.46267700195312,108.03436279296875,7.548553466796875,3.996862357985446,right,False,"{'safe_roi': (450, 80, 1500, 420), 'cylinder_roi': (800, 190, 1000, 300)}",ok_cylinder_inside_confirmed
2026-09-05 17:46:38,2026-09-05,1759306,254,121,106.09158325195312,,30.906494140625,0.7412286996841431,802.1693115234375,174.95431518554688,1004.2740478515625,292.1893005371094,202.104736328125,117.2349853515625,23693.745802909136,903.2216796875,233.57180786132812,1920,1080,992.1314697265625,224.9501953125,886.04833984375,226.28933715820312,106.0831298828125,1.339141845703125,0.7232356438903349,right,False,"{'safe_roi': (450, 80, 1500, 420), 'cylinder_roi': (800, 190, 1000, 300)}",ok_cylinder_inside_confirmed
2026-09-05 17:48:06,2026-09-05,1761500,254,122,124.34468078613281,,45.549896240234375,0.7912647724151611,842.6371459960938,182.0665740966797,1035.5501708984375,298.2061767578125,192.91302490234375,116.13960266113281,22404.842060315423,939.0936279296875,240.13638305664062,1920,1080,833.4080200195312,206.3787078857422,957.4706420898438,214.74920654296875,124.0626220703125,8.370498657226562,3.8598933618617917,left,False,"{'safe_roi': (450, 80, 1500, 420), 'cylinder_roi': (800, 190, 1000, 300)}",ok_cylinder_inside_confirmed
2026-09-05 17:48:11,2026-09-05,1761630,254,122,122.23219299316406,,44.955169677734375,0.79058438539505,841.4017333984375,179.85037231445312,1034.725830078125,297.7716064453125,193.3240966796875,117.92123413085938,22797.016067702323,938.0637817382812,238.8109893798828,1920,1080,834.5194091796875,206.5404052734375,956.4165649414062,215.58433532714844,121.89715576171875,9.043930053710938,4.243178229708416,left,False,"{'safe_roi': (450, 80, 1500, 420), 'cylinder_roi': (800, 190, 1000, 300)}",ok_cylinder_inside_confirmed
2026-09-05 17:48:19,2026-09-05,1761832,254,122,115.80668640136719,,42.400421142578125,0.7856161594390869,842.8710327148438,179.70089721679688,1034.5738525390625,298.0566101074219,191.70281982421875,118.355712890625,22689.12390343845,938.722412109375,238.87875366210938,1920,1080,842.72607421875,209.02105712890625,958.3497314453125,215.5293731689453,115.6236572265625,6.5083160400390625,3.22171052336723,left,False,"{'safe_roi': (450, 80, 1500, 420), 'cylinder_roi': (800, 190, 1000, 300)}",ok_cylinder_inside_confirmed
2026-09-05 17:48:24,2026-09-05,1761955,254,122,123.39274597167969,,45.986480712890625,0.7826422452926636,840.73779296875,182.03939819335938,1032.296142578125,300.1914367675781,191.558349609375,118.15203857421875,22633.009512260556,936.5169677734375,241.11541748046875,1920,1080,833.1102294921875,206.5608673095703,956.2210083007812,214.8979034423828,123.11077880859375,8.3370361328125,3.8741431678431164,left,False,"{'safe_roi': (450, 80, 1500, 420), 'cylinder_roi': (800, 190, 1000, 300)}",ok_cylinder_inside_confirmed
2026-09-05 17:48:29,2026-09-05,1762076,254,122,120.42855072021484,,42.394073486328125,0.7826448082923889,838.8204345703125,181.84605407714844,1021.8883056640625,299.571533203125,183.06787109375,117.72547912597656,21551.752837084234,930.3543701171875,240.70880126953125,1920,1080,835.5322265625,207.40621948242188,955.482421875,218.12942504882812,119.9501953125,10.72320556640625,5.108499471991207,left,False,"{'safe_roi': (450, 80, 1500, 420), 'cylinder_roi': (800, 190, 1000, 300)}",ok_cylinder_inside_confirmed
2026-09-05 17:48:34,2026-09-05,1762195,254,122,102.29790496826172,,38.49488830566406,0.7919973731040955,834.9733276367188,187.57630920410156,1009.8253784179688,298.07049560546875,174.85205078125,110.49418640136719,19320.13509168476,922.3993530273438,242.82339477539062,1920,1080,843.3214111328125,210.10679626464844,944.630859375,224.2932891845703,101.3094482421875,14.186492919921875,7.971368815862693,left,False,"{'safe_roi': (450, 80, 1500, 420), 'cylinder_roi': (800, 190, 1000, 300)}",ok_cylinder_inside_confirmed
2026-09-05 17:48:39,2026-09-05,1762321,254,122,105.0595474243164,,34.27388000488281,0.7809221744537354,834.6560668945312,184.4311065673828,1010.2410278320312,297.42596435546875,175.5849609375,112.99485778808594,19840.197690859437,922.4485473632812,240.92852783203125,1920,1080,842.9872436523438,205.57252502441406,946.8193969726562,221.5847930908203,103.8321533203125,16.01226806640625,8.766693994969762,left,False,"{'safe_roi': (450, 80, 1500, 420), 'cylinder_roi': (800, 190, 1000, 300)}",ok_cylinder_inside_confirmed
2026-09-05 17:48:44,2026-09-05,1762452,254,122,116.28376770019531,,40.16175842285156,0.787147045135498,835.0775756835938,183.37957763671875,1016.4147338867188,297.5391540527344,181.337158203125,114.15957641601562,20701.373168952763,925.7461547851562,240.45936584472656,1920,1080,837.5745849609375,206.32852172851562,952.9586181640625,220.7659454345703,115.384033203125,14.437423706054688,7.132066342622287,left,False,"{'safe_roi': (450, 80, 1500, 420), 'cylinder_roi': (800, 190, 1000, 300)}",ok_cylinder_inside_confirmed
2026-09-05 17:48:49,2026-09-05,1762573,254,122,114.89808654785156,,47.738555908203125,0.7789521813392639,833.9487915039062,183.37210083007812,1018.9415893554688,296.7920837402344,184.9927978515625,113.41998291015625,20981.87997082621,926.4451904296875,240.08209228515625,1920,1080,835.8985595703125,204.57049560546875,950.0814208984375,217.37066650390625,114.182861328125,12.8001708984375,6.396288712584628,left,False,"{'safe_roi': (450, 80, 1500, 420), 'cylinder_roi': (800, 190, 1000, 300)}",ok_cylinder_inside_confirmed
2026-09-05 17:48:54,2026-09-05,1762699,254,122,117.21939849853516,,45.91532897949219,0.7862534523010254,833.1432495117188,184.48318481445312,1015.5161743164062,296.9601745605469,182.3729248046875,112.47698974609375,20512.757593221962,924.3297119140625,240.7216796875,1920,1080,834.1997680664062,204.11155700683594,950.457275390625,219.09751892089844,116.25750732421875,14.9859619140625,7.345104495982714,left,False,"{'safe_roi': (450, 80, 1500, 420), 'cylinder_roi': (800, 190, 1000, 300)}",ok_cylinder_inside_confirmed
2026-09-05 17:48:59,2026-09-05,1762825,254,122,127.74266815185547,,42.74400329589844,0.7647292017936707,838.0250854492188,184.49749755859375,1020.3749389648438,297.6101379394531,182.349853515625,113.11264038085938,20626.073404215276,929.2000122070312,241.05381774902344,1920,1080,830.5171508789062,209.45803833007812,957.708251953125,221.31610107421875,127.19110107421875,11.858062744140625,5.326305642767509,left,False,"{'safe_roi': (450, 80, 1500, 420), 'cylinder_roi': (800, 190, 1000, 300)}",ok_cylinder_inside_confirmed
2026-09-05 17:49:04,2026-09-05,1762945,254,122,118.72640991210938,,40.14680480957031,0.7822173237800598,834.831787109375,185.31788635253906,1020.041015625,296.4546203613281,185.209228515625,111.13673400878906,20583.548765514046,927.4364013671875,240.88626098632812,1920,1080,837.2882080078125,208.74586486816406,955.0933837890625,223.50730895996094,117.80517578125,14.761444091796875,7.142158159823545,left,False,"{'safe_roi': (450, 80, 1500, 420), 'cylinder_roi': (800, 190, 1000, 300)}",ok_cylinder_inside_confirmed
2026-09-05 17:49:09,2026-09-05,1763068,254,122,111.40350341796875,,38.37760925292969,0.7898783087730408,834.9007568359375,183.765869140625,1020.5213623046875,297.59112548828125,185.62060546875,113.82525634765625,21128.313000887632,927.7110595703125,240.67849731445312,1920,1080,844.1900634765625,208.1479949951172,954.6484375,222.62863159179688,110.4583740234375,14.480636596679688,7.468648664270402,left,False,"{'safe_roi': (450, 80, 1500, 420), 'cylinder_roi': (800, 190, 1000, 300)}",ok_cylinder_inside_confirmed
2026-09-05 17:49:14,2026-09-05,1763194,254,122,112.15167999267578,,38.14253234863281,0.7964704036712646,833.802734375,185.32968139648438,1021.440673828125,297.9335021972656,187.637939453125,112.60382080078125,21128.74890960753,927.6217041015625,241.631591796875,1920,1080,844.0330810546875,209.25747680664062,955.314697265625,223.20028686523438,111.2816162109375,13.94281005859375,7.141546420795279,left,False,"{'safe_roi': (450, 80, 1500, 420), 'cylinder_roi': (800, 190, 1000, 300)}",ok_cylinder_inside_confirmed
2026-09-05 17:49:19,2026-09-05,1763318,254,122,113.85247039794922,,39.885406494140625,0.7823579907417297,834.591552734375,185.23355102539062,1021.5107421875,295.8318176269531,186.919189453125,110.5982666015625,20672.93834808469,928.0511474609375,240.53268432617188,1920,1080,843.8252563476562,211.51589965820312,956.921875,224.61325073242188,113.09661865234375,13.09735107421875,6.605811875253352,left,False,"{'safe_roi': (450, 80, 1500, 420), 'cylinder_roi': (800, 190, 1000, 300)}",ok_cylinder_inside_confirmed
2026-09-05 17:49:25,2026-09-05,1763440,254,122,112.22941589355469,,39.10252380371094,0.7908774018287659,832.6151123046875,186.92417907714844,1021.8828125,297.5889892578125,189.2677001953125,110.66481018066406,20945.274115445092,927.2489624023438,242.256591796875,1920,1080,846.4116821289062,211.74957275390625,958.0220947265625,223.5206298828125,111.61041259765625,11.77105712890625,6.020476664195131,left,False,"{'safe_roi': (450, 80, 1500, 420), 'cylinder_roi': (800, 190, 1000, 300)}",ok_cylinder_inside_confirmed
2026-09-05 17:49:30,2026-09-05,1763557,254,122,111.95718383789062,,38.50175476074219,0.7909153699874878,830.7792358398438,185.37124633789062,1020.1165161132812,295.73565673828125,189.3372802734375,110.36441040039062,20896.09730419144,925.4478759765625,240.55345153808594,1920,1080,846.6741943359375,213.79638671875,958.0642700195312,225.05078125,111.39007568359375,11.25439453125,5.769351111089235,left,False,"{'safe_roi': (450, 80, 1500, 420), 'cylinder_roi': (800, 190, 1000, 300)}",ok_cylinder_inside_confirmed
2026-09-05 17:49:35,2026-09-05,1763688,254,122,113.43119049072266,,39.065765380859375,0.8008511066436768,832.5897216796875,187.28485107421875,1022.6602783203125,297.11083984375,190.070556640625,109.82598876953125,20874.686819031835,927.625,242.19784545898438,1920,1080,846.1844482421875,210.192626953125,958.7486572265625,224.19024658203125,112.564208984375,13.99761962890625,7.08847456851449,left,False,"{'safe_roi': (450, 80, 1500, 420), 'cylinder_roi': (800, 190, 1000, 300)}",ok_cylinder_inside_confirmed
2026-09-05 17:49:40,2026-09-05,1763809,254,122,118.4086685180664,,38.92790222167969,0.781817615032196,833.984130859375,184.8751983642578,1026.7171630859375,295.68829345703125,192.7330322265625,110.81309509277344,21357.343827640638,930.3506469726562,240.28173828125,1920,1080,845.7084350585938,209.4353485107422,963.2755126953125,223.52772521972656,117.56707763671875,14.092376708984375,6.835243745623907,left,False,"{'safe_roi': (450, 80, 1500, 420), 'cylinder_roi': (800, 190, 1000, 300)}",ok_cylinder_inside_confirmed
2026-09-05 17:49:45,2026-09-05,1763933,254,122,113.9642105102539,,39.26606750488281,0.7827093601226807,833.0563354492188,187.29098510742188,1022.8438110351562,296.57830810546875,189.7874755859375,109.28732299804688,20741.365145344287,927.9500732421875,241.9346466064453,1920,1080,845.3020629882812,214.7646026611328,958.9222412109375,223.6131591796875,113.62017822265625,8.848556518554688,4.4531147817732775,left,False,"{'safe_roi': (450, 80, 1500, 420), 'cylinder_roi': (800, 190, 1000, 300)}",ok_cylinder_inside_confirmed
2026-09-05 17:49:50,2026-09-05,1764064,254,122,112.84552001953125,,39.90879821777344,0.7951959371566772,831.3411865234375,187.072021484375,1022.80712890625,295.5216369628906,191.4659423828125,108.44961547851562,20764.407828647643,927.0741577148438,241.2968292236328,1920,1080,844.108154296875,211.90077209472656,956.088623046875,225.84661865234375,111.98046875,13.945846557617188,7.098963017648592,left,False,"{'safe_roi': (450, 80, 1500, 420), 'cylinder_roi': (800, 190, 1000, 300)}",ok_cylinder_inside_confirmed
2026-09-05 17:49:55,2026-09-05,1764184,254,122,117.1748275756836,,37.69444274902344,0.7627149820327759,832.3573608398438,190.3107147216797,1020.0819702148438,293.7695617675781,187.724609375,103.45884704589844,19421.771648079157,926.2196655273438,242.04013061523438,1920,1080,837.97314453125,213.66799926757812,954.747802734375,223.3436737060547,116.774658203125,9.675674438476562,4.736574274339482,left,False,"{'safe_roi': (450, 80, 1500, 420), 'cylinder_roi': (800, 190, 1000, 300)}",ok_cylinder_inside_confirmed
2026-09-05 17:50:00,2026-09-05,1764302,254,122,120.8036117553711,,40.05194091796875,0.7772136330604553,830.7451171875,190.30007934570312,1019.3162841796875,294.6903381347656,188.5711669921875,104.3902587890625,19684.992922469974,925.0307006835938,242.49520874023438,1920,1080,834.324951171875,213.7073516845703,954.43505859375,226.633056640625,120.110107421875,12.925704956054688,6.142273288628972,left,False,"{'safe_roi': (450, 80, 1500, 420), 'cylinder_roi': (800, 190, 1000, 300)}",ok_cylinder_inside_confirmed
2026-09-05 17:50:05,2026-09-05,1764423,254,122,111.19978332519531,,39.81440734863281,0.7819280028343201,830.715087890625,192.49081420898438,1021.90869140625,296.4515380859375,191.193603515625,103.96072387695312,19876.625422127545,926.3118896484375,244.47117614746094,1920,1080,842.9823608398438,211.08079528808594,953.2769775390625,225.24021911621094,110.29461669921875,14.159423828125,7.315514977174963,left,False,"{'safe_roi': (450, 80, 1500, 420), 'cylinder_roi': (800, 190, 1000, 300)}",ok_cylinder_inside_confirmed
2026-09-05 17:50:10,2026-09-05,1764544,254,122,111.32139587402344,,38.82939147949219,0.7708421349525452,829.8095703125,191.03680419921875,1023.354248046875,297.3244934082031,193.544677734375,106.28768920898438,20571.416555084288,926.5819091796875,244.18064880371094,1920,1080,843.851806640625,209.73475646972656,954.0897216796875,225.22848510742188,110.2379150390625,15.493728637695312,8.00040776475312,left,False,"{'safe_roi': (450, 80, 1500, 420), 'cylinder_roi': (800, 190, 1000, 300)}",ok_cylinder_inside_confirmed
2026-09-05 17:50:15,2026-09-05,1764663,254,122,110.2684326171875,,37.06208801269531,0.784216046333313,831.0154418945312,191.3073272705078,1022.4678344726562,297.5855712890625,191.452392578125,106.27824401855469,20347.224096354097,926.7416381835938,244.44644165039062,1920,1080,844.4310302734375,216.2740478515625,954.5841064453125,221.3165283203125,110.153076171875,5.04248046875,2.6210007328736977,left,False,"{'safe_roi': (450, 80, 1500, 420), 'cylinder_roi': (800, 190, 1000, 300)}",ok_cylinder_inside_confirmed
2026-09-05 17:50:20,2026-09-05,1764790,254,122,112.74077606201172,,39.09808349609375,0.7793615460395813,830.0685424804688,191.15875244140625,1022.0215454101562,297.6773681640625,191.9530029296875,106.51861572265625,20446.568155877292,926.0450439453125,244.41806030273438,1920,1080,841.7708740234375,213.48114013671875,953.9835815429688,224.38027954101562,112.21270751953125,10.899139404296875,5.547695609607031,left,False,"{'safe_roi': (450, 80, 1500, 420), 'cylinder_roi': (800, 190, 1000, 300)}",ok_cylinder_inside_confirmed
2026-09-05 17:50:25,2026-09-05,1764915,254,122,110.1737289428711,,37.0228271484375,0.7668908834457397,831.4157104492188,192.7598876953125,1018.7163696289062,296.9589538574219,187.3006591796875,104.19906616210938,19516.553778070956,925.0660400390625,244.8594207763672,1920,1080,842.8885498046875,213.1396484375,952.5565185546875,223.68417358398438,109.66796875,10.544525146484375,5.492080299051053,left,False,"{'safe_roi': (450, 80, 1500, 420), 'cylinder_roi': (800, 190, 1000, 300)}",ok_cylinder_inside_confirmed
2026-09-05 17:50:30,2026-09-05,1765040,254,122,108.42082977294922,,39.337646484375,0.7674629092216492,831.5010986328125,191.920654296875,1017.97314453125,298.0577392578125,186.4720458984375,106.1370849609375,19791.599378362298,924.7371215820312,244.98919677734375,1920,1080,840.6996459960938,212.24826049804688,948.2927856445312,225.61959838867188,107.5931396484375,13.371337890625,7.084217460409384,left,False,"{'safe_roi': (450, 80, 1500, 420), 'cylinder_roi': (800, 190, 1000, 300)}",ok_cylinder_inside_confirmed
2026-09-05 17:50:35,2026-09-05,1765159,254,122,108.65596771240234,,37.55393981933594,0.7852311134338379,832.3284912109375,192.9173583984375,1019.666748046875,297.2972106933594,187.3382568359375,104.37985229492188,19554.339577723294,925.9976196289062,245.10728454589844,1920,1080,842.8680419921875,213.92605590820312,951.0108642578125,224.47354125976562,108.142822265625,10.5474853515625,5.570605549903137,left,False,"{'safe_roi': (450, 80, 1500, 420), 'cylinder_roi': (800, 190, 1000, 300)}",ok_cylinder_inside_confirmed
2026-09-05 17:50:40,2026-09-05,1765281,254,122,110.26972961425781,,37.76348876953125,0.779268741607666,831.5966186523438,193.06430053710938,1019.7349243164062,297.141845703125,188.1383056640625,104.07754516601562,19580.973005209118,925.665771484375,245.1030731201172,1920,1080,841.3926391601562,213.92108154296875,951.0699462890625,225.33602905273438,109.67730712890625,11.414947509765625,5.941812889513346,left,False,"{'safe_roi': (450, 80, 1500, 420), 'cylinder_roi': (800, 190, 1000, 300)}",ok_cylinder_inside_confirmed
2026-09-05 17:50:45,2026-09-05,1765405,254,122,111.146728515625,,40.30867004394531,0.7891784906387329,829.466064453125,192.08929443359375,1022.197998046875,297.9246826171875,192.73193359375,105.83538818359375,20397.859007269144,925.83203125,245.00698852539062,1920,1080,843.138671875,212.77357482910156,953.233154296875,228.0313720703125,110.094482421875,15.257797241210938,7.890260409183211,left,False,"{'safe_roi': (450, 80, 1500, 420), 'cylinder_roi': (800, 190, 1000, 300)}",ok_cylinder_inside_confirmed
2026-09-05 17:50:50,2026-09-05,1765531,254,122,110.2580795288086,,40.2900390625,0.7911391258239746,829.9942016601562,193.50608825683594,1021.6087036132812,298.4569091796875,191.614501953125,104.95082092285156,20110.099280703813,925.8014526367188,245.98150634765625,1920,1080,844.5000610351562,212.53201293945312,953.821533203125,226.8728485107422,109.32147216796875,14.340835571289062,7.473410596679043,left,False,"{'safe_roi': (450, 80, 1500, 420), 'cylinder_roi': (800, 190, 1000, 300)}",ok_cylinder_inside_confirmed
2026-09-05 17:50:55,2026-09-05,1765663,254,122,110.38594055175781,,36.71519470214844,0.7803900241851807,829.458984375,192.86566162109375,1021.5968017578125,295.8824768066406,192.1378173828125,103.01681518554688,19793.42602347955,925.5278930664062,244.3740692138672,1920,1080,843.8296508789062,215.62451171875,954.0009765625,222.5045928955078,110.17132568359375,6.8800811767578125,3.5734195372974833,left,False,"{'safe_roi': (450, 80, 1500, 420), 'cylinder_roi': (800, 190, 1000, 300)}",ok_cylinder_inside_confirmed
2026-09-05 17:51:00,2026-09-05,1765789,254,122,109.98124694824219,,36.84718322753906,0.7766950726509094,829.6639404296875,192.08273315429688,1022.7667236328125,297.6334228515625,193.102783203125,105.55068969726562,20382.131949551404,926.21533203125,244.8580780029297,1920,1080,844.5833740234375,212.80740356445312,954.1719970703125,222.0922088623047,109.588623046875,9.284805297851562,4.842772111009946,left,False,"{'safe_roi': (450, 80, 1500, 420), 'cylinder_roi': (800, 190, 1000, 300)}",ok_cylinder_inside_confirmed
2026-09-05 17:51:05,2026-09-05,1765911,254,122,109.67457580566406,,37.884521484375,0.7889748811721802,830.6138916015625,192.00784301757812,1022.718017578125,296.9135437011719,192.1041259765625,104.90570068359375,20152.817939780653,926.6659545898438,244.460693359375,1920,1080,844.2130737304688,213.83595275878906,953.365234375,224.5279083251953,109.15216064453125,10.69195556640625,5.594536982718631,left,False,"{'safe_roi': (450, 80, 1500, 420), 'cylinder_roi': (800, 190, 1000, 300)}",ok_cylinder_inside_confirmed
2026-09-05 17:51:10,2026-09-05,1766033,254,122,109.79523468017578,,38.87754821777344,0.7890222668647766,829.873779296875,192.23143005371094,1021.201171875,298.4285583496094,191.327392578125,106.19712829589844,20318.419656138867,925.5374755859375,245.32998657226562,1920,1080,843.0615234375,213.51821899414062,952.1761474609375,225.7244873046875,109.1146240234375,12.206268310546875,6.382939536215764,left,False,"{'safe_roi': (450, 80, 1500, 420), 'cylinder_roi': (800, 190, 1000, 300)}",ok_cylinder_inside_confirmed
2026-09-05 17:51:16,2026-09-05,1766150,254,122,108.76380920410156,,38.23710632324219,0.7849911451339722,829.2251586914062,189.0620880126953,1020.0082397460938,294.9803466796875,190.7830810546875,105.91825866699219,20207.411728436127,924.61669921875,242.02120971679688,1920,1080,842.9866943359375,215.23516845703125,951.2077026367188,226.08782958984375,108.22100830078125,10.8526611328125,5.726612129374399,left,False,"{'safe_roi': (450, 80, 1500, 420), 'cylinder_roi': (800, 190, 1000, 300)}",ok_cylinder_inside_confirmed
2026-09-05 17:51:21,2026-09-05,1766269,254,122,108.43534088134766,,35.896514892578125,0.786836564540863,827.8920288085938,192.03118896484375,1022.3049926757812,298.3304138183594,194.4129638671875,106.29922485351562,20665.947360556573,925.0985107421875,245.18080139160156,1920,1080,845.9285888671875,215.69589233398438,954.0859985351562,223.45462036132812,108.15740966796875,7.75872802734375,4.103113983594619,left,False,"{'safe_roi': (450, 80, 1500, 420), 'cylinder_roi': (800, 190, 1000, 300)}",ok_cylinder_inside_confirmed
2026-09-05 17:51:26,2026-09-05,1766394,254,122,109.33413696289062,,35.90916442871094,0.7806876301765442,827.6257934570312,191.43118286132812,1023.2466430664062,297.468994140625,195.620849609375,106.03781127929688,20743.206733174622,925.4362182617188,244.45008850097656,1920,1080,843.3619384765625,216.899169921875,952.5074462890625,223.3188018798828,109.1455078125,6.4196319580078125,3.366098635314895,left,False,"{'safe_roi': (450, 80, 1500, 420), 'cylinder_roi': (800, 190, 1000, 300)}",ok_cylinder_inside_confirmed
2026-09-05 17:51:31,2026-09-05,1766520,254,122,109.90653991699219,,36.373992919921875,0.7889879941940308,827.8770751953125,193.0341796875,1025.205322265625,298.9642333984375,197.3282470703125,105.9300537109375,20902.99181084335,926.5411987304688,245.99920654296875,1920,1080,845.9025268554688,215.72903442382812,955.5853271484375,222.73834228515625,109.68280029296875,7.009307861328125,3.656529479315051,left,False,"{'safe_roi': (450, 80, 1500, 420), 'cylinder_roi': (800, 190, 1000, 300)}",ok_cylinder_inside_confirmed
2026-09-05 17:51:36,2026-09-05,1766640,254,122,127.57391357421875,,38.99958801269531,0.7817017436027527,829.0140991210938,189.22581481933594,1019.9868774414062,295.831298828125,190.9727783203125,106.60548400878906,20358.745465340093,924.50048828125,242.528564453125,1920,1080,830.1024780273438,206.433349609375,956.1727905273438,225.9622802734375,126.0703125,19.5289306640625,8.805421465732973,left,False,"{'safe_roi': (450, 80, 1500, 420), 'cylinder_roi': (800, 190, 1000, 300)}",ok_cylinder_inside_confirmed
2026-09-05 17:51:41,2026-09-05,1766760,254,122,107.48119354248047,,33.15484619140625,0.7733562588691711,828.6071166992188,189.32479858398438,1020.5057983398438,296.2707824707031,191.898681640625,106.94598388671875,20522.793314620852,924.5564575195312,242.79779052734375,1920,1080,846.6082153320312,213.974609375,953.966552734375,219.11215209960938,107.35833740234375,5.137542724609375,2.7397511372807446,left,False,"{'safe_roi': (450, 80, 1500, 420), 'cylinder_roi': (800, 190, 1000, 300)}",ok_cylinder_inside_confirmed
2026-09-05 17:51:46,2026-09-05,1766884,254,122,109.45218658447266,,34.80290222167969,0.7901776432991028,826.7390747070312,189.39691162109375,1026.116943359375,297.4653625488281,199.37786865234375,108.06845092773438,21546.45741453208,926.427978515625,243.43113708496094,1920,1080,841.9483642578125,212.84164428710938,950.9337768554688,222.939208984375,108.98541259765625,10.097564697265625,5.293376947353443,left,False,"{'safe_roi': (450, 80, 1500, 420), 'cylinder_roi': (800, 190, 1000, 300)}",ok_cylinder_inside_confirmed
2026-09-05 17:51:51,2026-09-05,1767006,254,122,109.97738647460938,,33.72898864746094,0.7839154601097107,824.7328491210938,190.51376342773438,1022.7460327148438,298.6202697753906,198.01318359375,108.10650634765625,21406.513489097357,923.7394409179688,244.5670166015625,1920,1080,843.9035034179688,213.857666015625,953.6197509765625,221.43202209472656,109.71624755859375,7.5743560791015625,3.9491977720747795,left,False,"{'safe_roi': (450, 80, 1500, 420), 'cylinder_roi': (800, 190, 1000, 300)}",ok_cylinder_inside_confirmed
2026-09-05 17:51:56,2026-09-05,1767133,254,122,118.10892486572266,,43.43089294433594,0.7964852452278137,827.0963745117188,189.94775390625,1027.3076171875,298.5575256347656,200.21124267578125,108.60977172851562,21744.897364499047,927.2020263671875,244.2526397705078,1920,1080,835.1727905273438,214.2896270751953,952.8389892578125,224.50650024414062,117.66619873046875,10.216873168945312,4.962505841826303,left,False,"{'safe_roi': (450, 80, 1500, 420), 'cylinder_roi': (800, 190, 1000, 300)}",ok_cylinder_inside_confirmed
2026-09-05 17:52:09,2026-09-05,1767452,254,122,101.78897857666016,,35.368865966796875,0.803537905216217,843.4872436523438,189.52613830566406,1019.5874633789062,300.5050354003906,176.1002197265625,110.97889709472656,19543.408163392916,931.537353515625,245.01559448242188,1920,1080,849.564453125,250.39385986328125,949.9609985351562,233.61502075195312,100.39654541015625,16.778839111328125,9.48790802561286,left,False,"{'safe_roi': (450, 80, 1500, 420), 'cylinder_roi': (800, 190, 1000, 300)}",ok_cylinder_inside_confirmed
2026-09-05 17:52:14,2026-09-05,1767577,254,122,116.31330108642578,,55.52577209472656,0.7829387784004211,830.9340209960938,192.8617706298828,1019.1441040039062,297.45281982421875,188.2100830078125,104.59104919433594,19685.090050740167,925.0390625,245.15728759765625,1920,1080,832.3496704101562,258.50390625,946.859375,238.10018920898438,114.50970458984375,20.403717041015625,10.103119287832351,left,False,"{'safe_roi': (450, 80, 1500, 420), 'cylinder_roi': (800, 190, 1000, 300)}",ok_cylinder_inside_confirmed
2026-09-05 17:52:19,2026-09-05,1767703,254,122,115.27413177490234,,53.329681396484375,0.7906623482704163,837.12451171875,194.74557495117188,1016.8563232421875,304.13043212890625,179.7318115234375,109.38485717773438,19659.938533786684,926.9904174804688,249.43800354003906,1920,1080,831.1749267578125,252.16531372070312,945.6717529296875,238.8010711669922,114.496826171875,13.364242553710938,6.657525177870214,left,False,"{'safe_roi': (450, 80, 1500, 420), 'cylinder_roi': (800, 190, 1000, 300)}",ok_cylinder_inside_confirmed
2026-09-05 17:52:24,2026-09-05,1767823,254,122,114.95386505126953,,54.712432861328125,0.7881574630737305,832.8177490234375,193.95790100097656,1017.69873046875,302.36724853515625,184.8809814453125,108.40934753417969,20042.82656996511,925.2582397460938,248.16256713867188,1920,1080,831.5639038085938,250.4265899658203,946.0470581054688,240.03439331054688,114.483154296875,10.392196655273438,5.186803150832488,left,False,"{'safe_roi': (450, 80, 1500, 420), 'cylinder_roi': (800, 190, 1000, 300)}",ok_cylinder_inside_confirmed
2026-09-05 17:52:29,2026-09-05,1767950,254,122,112.73926544189453,,52.76318359375,0.7835651636123657,840.1748657226562,194.8516845703125,1017.3621215820312,304.155029296875,177.187255859375,109.3033447265625,19367.159708350897,928.7684936523438,249.50335693359375,1920,1080,832.468994140625,251.79519653320312,944.5130615234375,239.29444885253906,112.0440673828125,12.500747680664062,6.366157689795977,left,False,"{'safe_roi': (450, 80, 1500, 420), 'cylinder_roi': (800, 190, 1000, 300)}",ok_cylinder_inside_confirmed
2026-09-05 17:52:34,2026-09-05,1768079,254,122,104.4791259765625,,30.2891845703125,0.7947243452072144,842.7348022460938,194.565673828125,1006.1057739257812,299.7486877441406,163.3709716796875,105.18301391601562,17183.851187657565,924.4202880859375,247.1571807861328,1920,1080,844.573974609375,259.342041015625,946.836181640625,237.93344116210938,102.26220703125,21.408599853515625,11.824108874821054,left,False,"{'safe_roi': (450, 80, 1500, 420), 'cylinder_roi': (800, 190, 1000, 300)}",ok_cylinder_inside_confirmed
2026-09-05 17:54:19,2026-09-05,1770653,254,123,102.71160888671875,,34.863250732421875,0.8134492039680481,829.0479125976562,179.13352966308594,1010.5621948242188,298.63214111328125,181.5142822265625,119.49861145019531,21690.704684453085,919.8050537109375,238.88284301757812,1920,1080,851.7980346679688,202.5037384033203,952.5445556640625,222.49905395507812,100.74652099609375,19.995315551757812,11.22570082538762,left,False,"{'safe_roi': (450, 80, 1500, 420), 'cylinder_roi': (800, 190, 1000, 300)}",ok_cylinder_inside_confirmed
2026-09-05 17:54:28,2026-09-05,1770863,254,123,100.05196380615234,,36.47196960449219,0.7875356674194336,830.61474609375,182.30059814453125,1008.835205078125,297.83599853515625,178.220458984375,115.535400390625,20590.772086560726,919.7249755859375,240.06829833984375,1920,1080,846.7208251953125,206.53717041015625,945.015625,225.2060546875,98.2947998046875,18.66888427734375,10.753957085162277,left,False,"{'safe_roi': (450, 80, 1500, 420), 'cylinder_roi': (800, 190, 1000, 300)}",ok_cylinder_inside_confirmed
2026-09-05 17:54:33,2026-09-05,1770984,254,123,115.04429626464844,,46.09495544433594,0.7810546159744263,827.8038940429688,189.8274688720703,1007.7792358398438,298.01605224609375,179.975341796875,108.18858337402344,19471.277271259576,917.7915649414062,243.9217529296875,1920,1080,829.8343505859375,203.213623046875,943.3048095703125,222.17791748046875,113.470458984375,18.96429443359375,9.488138339566579,left,False,"{'safe_roi': (450, 80, 1500, 420), 'cylinder_roi': (800, 190, 1000, 300)}",ok_cylinder_inside_confirmed
2026-09-05 17:54:38,2026-09-05,1771116,254,123,101.8192138671875,,37.238983154296875,0.7839319705963135,825.4447631835938,190.95889282226562,1008.0093383789062,299.2810974121094,182.5645751953125,108.32220458984375,19775.797265164554,916.72705078125,245.1199951171875,1920,1080,840.8255004882812,212.84437561035156,941.8870849609375,225.24227905273438,101.06158447265625,12.397903442382812,6.993912716324693,left,False,"{'safe_roi': (450, 80, 1500, 420), 'cylinder_roi': (800, 190, 1000, 300)}",ok_cylinder_inside_confirmed
2026-09-05 17:54:43,2026-09-05,1771241,254,123,101.92355346679688,,38.52294921875,0.7875296473503113,825.7672119140625,189.70001220703125,1009.678955078125,301.53778076171875,183.9117431640625,111.8377685546875,20568.278966471553,917.7230834960938,245.618896484375,1920,1080,834.6878051757812,216.40504455566406,936.3968505859375,223.0142059326172,101.70904541015625,6.609161376953125,3.717913240159795,left,False,"{'safe_roi': (450, 80, 1500, 420), 'cylinder_roi': (800, 190, 1000, 300)}",ok_cylinder_inside_confirmed
2026-09-05 17:54:48,2026-09-05,1771368,254,123,108.09832763671875,,38.9580078125,0.8001389503479004,824.0689086914062,189.09170532226562,1010.5209350585938,301.3590393066406,186.4520263671875,112.267333984375,20932.471916228533,917.294921875,245.22537231445312,1920,1080,831.833251953125,213.76327514648438,939.5081787109375,223.32147216796875,107.6749267578125,9.558197021484375,5.072793274300808,left,False,"{'safe_roi': (450, 80, 1500, 420), 'cylinder_roi': (800, 190, 1000, 300)}",ok_cylinder_inside_confirmed
2026-09-05 17:54:53,2026-09-05,1771489,254,123,108.97530364990234,,38.981536865234375,0.7774391174316406,813.7024536132812,190.72251892089844,1005.2822875976562,298.5664978027344,191.579833984375,107.84397888183594,20660.731570396572,909.4923706054688,244.64450073242188,1920,1080,823.45556640625,217.76004028320312,932.39697265625,220.4779815673828,108.94140625,2.7179412841796875,1.4291560212664773,left,False,"{'safe_roi': (450, 80, 1500, 420), 'cylinder_roi': (800, 190, 1000, 300)}",ok_cylinder_inside_confirmed
2026-09-05 17:59:15,2026-09-05,1777948,254,124,106.70728302001953,,32.29673767089844,0.7608941197395325,864.4890747070312,194.96841430664062,1025.150634765625,313.7538146972656,160.66156005859375,118.785400390625,19084.247738942504,944.81982421875,254.36111450195312,1920,1080,864.1524658203125,193.6954803466797,966.9652099609375,222.26092529296875,102.812744140625,28.565444946289062,15.527395863297437,left,False,"{'safe_roi': (450, 80, 1500, 420), 'cylinder_roi': (800, 190, 1000, 300)}",ok_cylinder_inside_confirmed
2026-09-05 17:59:20,2026-09-05,1778076,254,124,104.37347412109375,,28.678466796875,0.7835434675216675,863.0919189453125,195.308837890625,1025.9139404296875,313.4750671386719,162.822021484375,118.16622924804688,19240.06431735307,944.5029296875,254.39195251464844,1920,1080,869.87158203125,200.55941772460938,970.7987060546875,227.15899658203125,100.9271240234375,26.599578857421875,14.764696648560989,left,False,"{'safe_roi': (450, 80, 1500, 420), 'cylinder_roi': (800, 190, 1000, 300)}",ok_cylinder_inside_confirmed
2026-09-05 17:59:25,2026-09-05,1778202,254,124,85.35901641845703,,37.85829162597656,0.7463937997817993,864.2794189453125,195.22451782226562,1027.559326171875,314.564697265625,163.2799072265625,119.34017944335938,19485.85342791304,945.9193725585938,254.8946075439453,1920,1080,875.9088134765625,204.03036499023438,959.7923583984375,219.83267211914062,83.883544921875,15.80230712890625,10.668569738831035,left,False,"{'safe_roi': (450, 80, 1500, 420), 'cylinder_roi': (800, 190, 1000, 300)}",ok_cylinder_inside_confirmed
2026-09-05 17:59:30,2026-09-05,1778327,254,124,98.02737426757812,,30.974838256835938,0.7487054467201233,865.1654052734375,195.01499938964844,1025.3983154296875,314.2759704589844,160.23291015625,119.26097106933594,19109.532462500036,945.2818603515625,254.64547729492188,1920,1080,869.0111694335938,198.77183532714844,964.2283935546875,222.0751953125,95.21722412109375,23.303359985351562,13.752187761251609,left,False,"{'safe_roi': (450, 80, 1500, 420), 'cylinder_roi': (800, 190, 1000, 300)}",ok_cylinder_inside_confirmed
2026-09-05 17:59:35,2026-09-05,1778447,254,124,100.8357925415039,,28.631820678710938,0.7722992897033691,863.6945190429688,195.26373291015625,1024.8760986328125,314.1061096191406,161.18157958984375,118.84237670898438,19155.20200016536,944.2852783203125,254.68492126464844,1920,1080,873.205810546875,202.01487731933594,970.7371826171875,227.61740112304688,97.5313720703125,25.602523803710938,14.708599927735085,left,False,"{'safe_roi': (450, 80, 1500, 420), 'cylinder_roi': (800, 190, 1000, 300)}",ok_cylinder_inside_confirmed
2026-09-05 17:59:40,2026-09-05,1778573,254,124,92.13418579101562,,36.377655029296875,0.7671517729759216,860.3140258789062,193.6963653564453,1023.6642456054688,312.9005126953125,163.3502197265625,119.20414733886719,19472.023660121486,941.9891357421875,253.29843139648438,1920,1080,881.619873046875,204.47401428222656,970.03369140625,230.39129638671875,88.413818359375,25.917282104492188,16.33776579738726,left,False,"{'safe_roi': (450, 80, 1500, 420), 'cylinder_roi': (800, 190, 1000, 300)}",ok_cylinder_inside_confirmed
2026-09-05 18:00:06,2026-09-05,1779215,254,125,92.77406311035156,,34.919342041015625,0.8003417253494263,862.1558227539062,195.9134521484375,1026.550537109375,314.9140319824219,164.39471435546875,119.00057983398438,19563.066329943016,944.3531494140625,255.4137420654297,1920,1080,882.2578125,203.1665496826172,970.7252807617188,231.10458374023438,88.46746826171875,27.938034057617188,17.52612125945778,left,False,"{'safe_roi': (450, 80, 1500, 420), 'cylinder_roi': (800, 190, 1000, 300)}",ok_cylinder_inside_confirmed
2026-09-05 18:00:15,2026-09-05,1779441,254,125,90.19525909423828,,35.40782165527344,0.7823399305343628,859.516357421875,194.5937957763672,1027.6217041015625,314.1606140136719,168.1053466796875,119.56681823730469,20099.821431169286,943.5690307617188,254.377197265625,1920,1080,881.4500732421875,202.28416442871094,967.7992553710938,228.3418731689453,86.34918212890625,26.057708740234375,16.792309360765277,left,False,"{'safe_roi': (450, 80, 1500, 420), 'cylinder_roi': (800, 190, 1000, 300)}",ok_cylinder_inside_confirmed
2026-09-05 18:00:20,2026-09-05,1779565,254,125,92.39100646972656,,36.20249938964844,0.7819176316261292,862.5505981445312,195.1151580810547,1027.136474609375,313.98248291015625,164.58587646484375,118.86732482910156,19563.882840028964,944.843505859375,254.548828125,1920,1080,880.2730102539062,202.1912841796875,968.34375,230.11337280273438,88.07073974609375,27.922088623046875,17.59078114532465,left,False,"{'safe_roi': (450, 80, 1500, 420), 'cylinder_roi': (800, 190, 1000, 300)}",ok_cylinder_inside_confirmed
2026-09-05 18:00:25,2026-09-05,1779687,254,125,100.17622375488281,,30.695343017578125,0.7863928079605103,862.6597900390625,195.3494110107422,1027.7230224609375,314.3819274902344,165.063232421875,119.03251647949219,19647.891933415085,945.19140625,254.86566162109375,1920,1080,874.6448974609375,201.78414916992188,970.8389282226562,229.74813842773438,96.19403076171875,27.9639892578125,16.20935897251199,left,False,"{'safe_roi': (450, 80, 1500, 420), 'cylinder_roi': (800, 190, 1000, 300)}",ok_cylinder_inside_confirmed
2026-09-05 18:00:31,2026-09-05,1779807,254,125,84.5206527709961,,36.81736755371094,0.7403183579444885,861.8906860351562,194.83416748046875,1027.828857421875,314.6026611328125,165.93817138671875,119.76849365234375,19874.164826411754,944.8597412109375,254.71841430664062,1920,1080,882.0825805664062,202.68324279785156,963.3834228515625,225.78981018066406,81.30084228515625,23.1065673828125,15.86571576257255,left,False,"{'safe_roi': (450, 80, 1500, 420), 'cylinder_roi': (800, 190, 1000, 300)}",ok_cylinder_inside_confirmed
2026-09-05 18:00:36,2026-09-05,1779939,254,125,95.87261199951172,,36.27348327636719,0.7654508948326111,862.631103515625,195.36843872070312,1027.1995849609375,314.0857849121094,164.5684814453125,118.71734619140625,19537.13338393718,944.9153442382812,254.72711181640625,1920,1080,880.2110595703125,200.75833129882812,971.61767578125,229.6787109375,91.4066162109375,28.920379638671875,17.55698745266115,left,False,"{'safe_roi': (450, 80, 1500, 420), 'cylinder_roi': (800, 190, 1000, 300)}",ok_cylinder_inside_confirmed
2026-09-05 18:00:41,2026-09-05,1780056,254,125,94.2104263305664,,35.79707336425781,0.7560755014419556,863.1636962890625,195.8842010498047,1027.3909912109375,314.49371337890625,164.227294921875,118.60951232910156,19478.91936181113,945.27734375,255.18896484375,1920,1080,874.96240234375,197.79098510742188,965.44287109375,224.03768920898438,90.48046875,26.2467041015625,16.176462778036957,left,False,"{'safe_roi': (450, 80, 1500, 420), 'cylinder_roi': (800, 190, 1000, 300)}",ok_cylinder_inside_confirmed
2026-09-05 18:00:46,2026-09-05,1780165,254,125,98.74020385742188,,33.64825439453125,0.7686392068862915,864.8683471679688,194.985595703125,1027.912841796875,313.77703857421875,163.04449462890625,118.79144287109375,19368.29076915607,946.390625,254.38131713867188,1920,1080,872.6143798828125,196.6033935546875,967.3109130859375,224.57113647460938,94.696533203125,27.967742919921875,16.454016851021006,left,False,"{'safe_roi': (450, 80, 1500, 420), 'cylinder_roi': (800, 190, 1000, 300)}",ok_cylinder_inside_confirmed
2026-09-05 18:00:51,2026-09-05,1780284,254,125,94.72441864013672,,34.448150634765625,0.7569191455841064,862.5266723632812,195.31727600097656,1027.2490234375,314.6151123046875,164.72235107421875,119.29783630371094,19651.020074014552,944.8878173828125,254.9661865234375,1920,1080,878.0648193359375,200.78955078125,968.2811279296875,229.6639862060547,90.21630859375,28.874435424804688,17.747676904423308,left,False,"{'safe_roi': (450, 80, 1500, 420), 'cylinder_roi': (800, 190, 1000, 300)}",ok_cylinder_inside_confirmed
2026-09-05 18:01:08,2026-09-05,1780713,254,125,91.92559814453125,,35.18707275390625,0.7712895274162292,863.9727783203125,195.9835662841797,1026.7080078125,314.84808349609375,162.7352294921875,118.86451721191406,19343.444486958906,945.3403930664062,255.41583251953125,1920,1080,882.2283325195312,204.08106994628906,969.8441162109375,231.89816284179688,87.61578369140625,27.817092895507812,17.614097699052383,left,False,"{'safe_roi': (450, 80, 1500, 420), 'cylinder_roi': (800, 190, 1000, 300)}",ok_cylinder_inside_confirmed
2026-09-05 18:01:18,2026-09-05,1780962,254,125,96.81747436523438,,34.658966064453125,0.7759126424789429,863.4010009765625,196.3183135986328,1025.1129150390625,315.34027099609375,161.7119140625,119.02195739746094,19247.26854620874,944.2569580078125,255.82928466796875,1920,1080,874.0214233398438,206.51641845703125,967.2952880859375,232.47039794921875,93.27386474609375,25.9539794921875,15.549526390681063,left,False,"{'safe_roi': (450, 80, 1500, 420), 'cylinder_roi': (800, 190, 1000, 300)}",ok_cylinder_inside_confirmed
2026-09-05 18:01:23,2026-09-05,1781093,254,125,95.93124389648438,,35.52684020996094,0.7809953093528748,859.6953125,196.17254638671875,1025.7393798828125,315.565185546875,166.0440673828125,119.39263916015625,19824.439421720803,942.7173461914062,255.86886596679688,1920,1080,876.356201171875,207.31259155273438,968.4859619140625,234.05039978027344,92.1297607421875,26.737808227539062,16.183733393975796,left,False,"{'safe_roi': (450, 80, 1500, 420), 'cylinder_roi': (800, 190, 1000, 300)}",ok_cylinder_inside_confirmed
2026-09-05 18:01:30,2026-09-05,1781274,254,125,93.37659454345703,,36.001983642578125,0.7872216701507568,863.187255859375,196.5752410888672,1026.6605224609375,315.7524719238281,163.4732666015625,119.17723083496094,19482.291229119524,944.9238891601562,256.1638488769531,1920,1080,876.2175903320312,204.44093322753906,965.9786376953125,230.17308044433594,89.76104736328125,25.732147216796875,15.99621392480527,left,False,"{'safe_roi': (450, 80, 1500, 420), 'cylinder_roi': (800, 190, 1000, 300)}",ok_cylinder_inside_confirmed
2026-09-05 18:02:06,2026-09-05,1782150,254,126,99.8718032836914,,34.80181884765625,0.7825435400009155,866.078857421875,197.00601196289062,1027.791748046875,316.0307922363281,161.712890625,119.0247802734375,19247.841274023056,946.935302734375,256.5184020996094,1920,1080,872.015869140625,209.9325408935547,969.19482421875,232.9678955078125,97.178955078125,23.035354614257812,13.335297834716622,left,False,"{'safe_roi': (450, 80, 1500, 420), 'cylinder_roi': (800, 190, 1000, 300)}",ok_cylinder_inside_confirmed
2026-09-05 18:02:11,2026-09-05,1782276,254,126,93.09495544433594,,36.05738830566406,0.7988128066062927,868.3157958984375,196.12049865722656,1032.45263671875,316.04083251953125,164.1368408203125,119.92033386230469,19683.344750275835,950.3842163085938,256.0806579589844,1920,1080,876.150634765625,211.16873168945312,967.361083984375,229.80538940429688,91.21044921875,18.63665771484375,11.54805625784842,left,False,"{'safe_roi': (450, 80, 1500, 420), 'cylinder_roi': (800, 190, 1000, 300)}",ok_cylinder_inside_confirmed
2026-09-05 18:02:17,2026-09-05,1782411,254,126,91.7584457397461,,35.33979797363281,0.7941365242004395,868.0172119140625,195.74398803710938,1032.4412841796875,315.25714111328125,164.424072265625,119.51315307617188,19650.839318089187,950.229248046875,255.5005645751953,1920,1080,876.4222412109375,212.09994506835938,966.5823364257812,229.15191650390625,90.16009521484375,17.051971435546875,10.709844361825809,left,False,"{'safe_roi': (450, 80, 1500, 420), 'cylinder_roi': (800, 190, 1000, 300)}",ok_cylinder_inside_confirmed
2026-09-05 18:02:22,2026-09-05,1782540,254,126,94.54187774658203,,36.637420654296875,0.7916908860206604,867.0440063476562,196.6975555419922,1032.523681640625,316.3969421386719,165.47967529296875,119.69938659667969,19807.81562678609,949.7838134765625,256.5472412109375,1920,1080,875.71484375,214.9164581298828,968.5821533203125,232.63168334960938,92.8673095703125,17.715225219726562,10.799903838936505,left,False,"{'safe_roi': (450, 80, 1500, 420), 'cylinder_roi': (800, 190, 1000, 300)}",ok_cylinder_inside_confirmed
2026-09-05 18:02:27,2026-09-05,1782666,254,126,95.42848205566406,,35.589813232421875,0.767764151096344,865.151611328125,197.72579956054688,1033.590576171875,315.2682189941406,168.43896484375,117.54241943359375,19798.723454624414,949.37109375,256.49700927734375,1920,1080,876.5531616210938,214.84068298339844,970.15087890625,233.44342041015625,93.59771728515625,18.602737426757812,11.24116337545062,left,False,"{'safe_roi': (450, 80, 1500, 420), 'cylinder_roi': (800, 190, 1000, 300)}",ok_cylinder_inside_confirmed
2026-09-05 18:02:32,2026-09-05,1782789,254,126,94.86563873291016,,35.229339599609375,0.7824654579162598,866.2101440429688,198.027587890625,1033.2525634765625,315.6573486328125,167.04241943359375,117.6297607421875,19649.159831769764,949.7313232421875,256.84246826171875,1920,1080,877.0260009765625,215.65887451171875,970.289794921875,233.0184326171875,93.2637939453125,17.35955810546875,10.544025745561404,left,False,"{'safe_roi': (450, 80, 1500, 420), 'cylinder_roi': (800, 190, 1000, 300)}",ok_cylinder_inside_confirmed
2026-09-05 18:02:37,2026-09-05,1782912,254,126,97.09671020507812,,36.69584655761719,0.7767112255096436,865.436767578125,196.74041748046875,1033.0047607421875,315.05230712890625,167.5679931640625,118.3118896484375,19825.285915836692,949.2207641601562,255.8963623046875,1920,1080,874.2636108398438,212.74685668945312,969.64306640625,230.92735290527344,95.37945556640625,18.180496215820312,10.791822462245479,left,False,"{'safe_roi': (450, 80, 1500, 420), 'cylinder_roi': (800, 190, 1000, 300)}",ok_cylinder_inside_confirmed
2026-09-05 18:02:42,2026-09-05,1783041,254,126,105.63072967529297,,38.30598449707031,0.7742867469787598,868.394287109375,197.13424682617188,1034.7906494140625,316.5235900878906,166.3963623046875,119.38934326171875,19865.952416695654,951.5924682617188,256.82891845703125,1920,1080,869.6568603515625,207.6835174560547,973.1624755859375,228.76524353027344,103.505615234375,21.08172607421875,11.512368971686795,left,False,"{'safe_roi': (450, 80, 1500, 420), 'cylinder_roi': (800, 190, 1000, 300)}",ok_cylinder_inside_confirmed
2026-09-05 18:02:52,2026-09-05,1783280,254,126,93.71456909179688,,36.29090881347656,0.7755782604217529,868.3019409179688,195.94363403320312,1034.3543701171875,315.87506103515625,166.05242919921875,119.93142700195312,19914.904791003093,951.328125,255.9093475341797,1920,1080,879.19384765625,210.88204956054688,970.7928466796875,230.68215942382812,91.5989990234375,19.80010986328125,12.197433563385484,left,False,"{'safe_roi': (450, 80, 1500, 420), 'cylinder_roi': (800, 190, 1000, 300)}",ok_cylinder_inside_confirmed
2026-09-05 18:04:20,2026-09-05,1785481,254,127,103.27961730957031,,38.66624450683594,0.7737990021705627,851.3783569335938,186.5820770263672,1031.8946533203125,301.85333251953125,180.51629638671875,115.27125549316406,20808.340121473186,941.636474609375,244.21771240234375,1920,1080,855.0465087890625,212.9772491455078,958.203125,218.0163116455078,103.1566162109375,5.0390625,2.796599074979973,left,False,"{'safe_roi': (450, 80, 1500, 420), 'cylinder_roi': (800, 190, 1000, 300)}",ok_cylinder_inside_confirmed
2026-09-05 18:04:25,2026-09-05,1785602,254,127,109.53315734863281,,41.527374267578125,0.770653486251831,852.2333374023438,182.56761169433594,1033.1005859375,301.18072509765625,180.86724853515625,118.61311340332031,21453.227461447008,942.6669921875,241.87417602539062,1920,1080,850.4105224609375,208.31060791015625,959.7477416992188,214.85928344726562,109.33721923828125,6.548675537109375,3.427595532958755,left,False,"{'safe_roi': (450, 80, 1500, 420), 'cylinder_roi': (800, 190, 1000, 300)}",ok_cylinder_inside_confirmed
2026-09-05 18:04:31,2026-09-05,1785730,254,127,103.541015625,,38.954864501953125,0.783453106880188,850.34375,185.11924743652344,1035.08544921875,299.1559143066406,184.74169921875,114.03666687011719,21067.327610827982,942.714599609375,242.1375732421875,1920,1080,860.942626953125,213.7646484375,964.1405029296875,222.187255859375,103.1978759765625,8.422607421875,4.6659158178345335,left,False,"{'safe_roi': (450, 80, 1500, 420), 'cylinder_roi': (800, 190, 1000, 300)}",ok_cylinder_inside_confirmed
2026-09-05 18:04:36,2026-09-05,1785850,254,127,103.86958312988281,,39.77076721191406,0.777854859828949,849.9116821289062,184.22000122070312,1033.5645751953125,299.7174072265625,183.65289306640625,115.49740600585938,21211.4327546414,941.7381591796875,241.9687042236328,1920,1080,862.87255859375,212.34088134765625,966.3237915039062,221.65396118164062,103.45123291015625,9.313079833984375,5.144120936730675,left,False,"{'safe_roi': (450, 80, 1500, 420), 'cylinder_roi': (800, 190, 1000, 300)}",ok_cylinder_inside_confirmed
2026-09-05 18:04:41,2026-09-05,1785971,254,127,101.37470245361328,,39.37416076660156,0.7780107259750366,849.2928466796875,185.99884033203125,1035.8634033203125,301.9823913574219,186.570556640625,115.98355102539062,21639.11567596346,942.578125,243.99061584472656,1920,1080,862.1480712890625,213.12918090820312,963.1373291015625,221.96096801757812,100.9892578125,8.831787109375,4.997957251195728,left,False,"{'safe_roi': (450, 80, 1500, 420), 'cylinder_roi': (800, 190, 1000, 300)}",ok_cylinder_inside_confirmed
2026-09-05 18:04:46,2026-09-05,1786093,254,127,104.3833999633789,,39.92291259765625,0.7620294690132141,849.6158447265625,184.71542358398438,1038.7694091796875,300.1159362792969,189.153564453125,115.4005126953125,21828.418316036463,944.192626953125,242.41567993164062,1920,1080,860.4788208007812,212.87042236328125,964.5330810546875,221.15328979492188,104.05426025390625,8.282867431640625,4.5512291228756165,left,False,"{'safe_roi': (450, 80, 1500, 420), 'cylinder_roi': (800, 190, 1000, 300)}",ok_cylinder_inside_confirmed
2026-09-05 18:04:51,2026-09-05,1786216,254,127,103.91464233398438,,40.610809326171875,0.7612255215644836,851.5750732421875,183.5462646484375,1035.022705078125,302.1556091308594,183.4476318359375,118.60934448242188,21758.603358913213,943.2988891601562,242.85093688964844,1920,1080,863.6673583984375,214.4345245361328,967.3306884765625,221.6572265625,103.663330078125,7.2227020263671875,3.985619917236889,left,False,"{'safe_roi': (450, 80, 1500, 420), 'cylinder_roi': (800, 190, 1000, 300)}",ok_cylinder_inside_confirmed
2026-09-05 18:04:56,2026-09-05,1786345,254,127,105.3992691040039,,41.98200988769531,0.7673023343086243,850.2147827148438,184.24188232421875,1036.1956787109375,301.6701965332031,185.98089599609375,117.42831420898438,21839.42309189774,943.2052001953125,242.95603942871094,1920,1080,861.2730712890625,212.35733032226562,966.330078125,220.84442138671875,105.0570068359375,8.487091064453125,4.618642551942471,left,False,"{'safe_roi': (450, 80, 1500, 420), 'cylinder_roi': (800, 190, 1000, 300)}",ok_cylinder_inside_confirmed
2026-09-05 18:05:01,2026-09-05,1786466,254,127,106.353515625,,41.17041015625,0.7708649635314941,849.7747802734375,187.019775390625,1035.69580078125,303.189697265625,185.9210205078125,116.169921875,21598.43042731285,942.7352905273438,245.104736328125,1920,1080,862.8243408203125,210.8662872314453,968.6019897460938,221.9188690185547,105.77764892578125,11.052581787109375,5.965122377714172,left,False,"{'safe_roi': (450, 80, 1500, 420), 'cylinder_roi': (800, 190, 1000, 300)}",ok_cylinder_inside_confirmed
2026-09-05 18:05:09,2026-09-05,1786676,254,127,103.43243408203125,,41.89826965332031,0.783621609210968,849.0865478515625,184.27073669433594,1035.261474609375,302.59088134765625,186.1749267578125,118.32014465332031,22028.24426480569,942.1740112304688,243.43081665039062,1920,1080,864.09814453125,209.28773498535156,966.9475708007812,220.25421142578125,102.84942626953125,10.966476440429688,6.086253805487792,left,False,"{'safe_roi': (450, 80, 1500, 420), 'cylinder_roi': (800, 190, 1000, 300)}",ok_cylinder_inside_confirmed
2026-09-05 18:05:17,2026-09-05,1786875,254,127,101.69281768798828,,39.96087646484375,0.7737657427787781,849.880859375,187.0675048828125,1035.8153076171875,302.9168395996094,185.9344482421875,115.84933471679688,21540.382129792124,942.8480834960938,244.99217224121094,1920,1080,868.50830078125,210.84158325195312,969.6390380859375,221.51882934570312,101.1307373046875,10.67724609375,6.026883288801128,left,False,"{'safe_roi': (450, 80, 1500, 420), 'cylinder_roi': (800, 190, 1000, 300)}",ok_cylinder_inside_confirmed
2026-09-05 18:05:22,2026-09-05,1787009,254,127,105.20552062988281,,40.96260070800781,0.769946813583374,848.8887939453125,183.04727172851562,1036.5579833984375,302.48150634765625,187.669189453125,119.43423461914062,22414.126003928483,942.723388671875,242.76438903808594,1920,1080,865.2920532226562,211.97593688964844,970.0587158203125,221.57533264160156,104.76666259765625,9.599395751953125,5.235190135212483,left,False,"{'safe_roi': (450, 80, 1500, 420), 'cylinder_roi': (800, 190, 1000, 300)}",ok_cylinder_inside_confirmed
2026-09-05 18:05:27,2026-09-05,1787129,254,127,102.14892578125,,40.47615051269531,0.7820159792900085,849.2923583984375,185.3082275390625,1035.290283203125,303.0821533203125,185.9979248046875,117.77392578125,21905.705791413784,942.2913208007812,244.1951904296875,1920,1080,866.5313720703125,211.7286376953125,968.18896484375,221.73544311523438,101.6575927734375,10.006805419921875,5.621877658510634,left,False,"{'safe_roi': (450, 80, 1500, 420), 'cylinder_roi': (800, 190, 1000, 300)}",ok_cylinder_inside_confirmed
2026-09-05 18:05:33,2026-09-05,1787291,254,127,104.41851043701172,,40.76025390625,0.7752957940101624,849.0165405273438,186.702392578125,1036.44189453125,303.73468017578125,187.42535400390625,117.03228759765625,21934.81793287769,942.729248046875,245.21853637695312,1920,1080,867.0989990234375,211.5940704345703,970.91015625,222.83990478515625,103.8111572265625,11.245834350585938,6.182725950709935,left,False,"{'safe_roi': (450, 80, 1500, 420), 'cylinder_roi': (800, 190, 1000, 300)}",ok_cylinder_inside_confirmed
2026-09-05 18:05:38,2026-09-05,1787408,254,127,105.00914764404297,,40.428131103515625,0.7801682949066162,848.6946411132812,187.24168395996094,1038.410888671875,302.8984680175781,189.71624755859375,115.65678405761719,21941.97107610572,943.552734375,245.070068359375,1920,1080,866.4417724609375,209.86529541015625,970.7711791992188,221.79408264160156,104.32940673828125,11.928787231445312,6.522743424476426,left,False,"{'safe_roi': (450, 80, 1500, 420), 'cylinder_roi': (800, 190, 1000, 300)}",ok_cylinder_inside_confirmed
2026-09-05 18:05:43,2026-09-05,1787531,254,127,104.77501678466797,,40.4278564453125,0.7654002904891968,845.6360473632812,184.69285583496094,1035.5203857421875,302.1492919921875,189.88433837890625,117.45643615722656,22303.137668059207,940.5782470703125,243.42108154296875,1920,1080,865.8145751953125,211.76022338867188,970.044921875,222.42974853515625,104.2303466796875,10.669525146484375,5.844716599548132,left,False,"{'safe_roi': (450, 80, 1500, 420), 'cylinder_roi': (800, 190, 1000, 300)}",ok_cylinder_inside_confirmed
2026-09-05 18:05:49,2026-09-05,1787650,254,127,105.25048065185547,,41.07548522949219,0.7847030758857727,844.6802978515625,186.76528930664062,1034.887939453125,304.5408935546875,190.2076416015625,117.77560424804688,22401.819922219962,939.7841186523438,245.65309143066406,1920,1080,865.0224609375,207.87747192382812,969.478271484375,220.78665161132812,104.455810546875,12.9091796875,7.045180759533062,left,False,"{'safe_roi': (450, 80, 1500, 420), 'cylinder_roi': (800, 190, 1000, 300)}",ok_cylinder_inside_confirmed
2026-09-05 18:06:00,2026-09-05,1787935,254,127,104.9881820678711,,39.51734924316406,0.7845858931541443,842.62646484375,184.21066284179688,1033.8824462890625,301.6868591308594,191.2559814453125,117.4761962890625,22468.025217726827,938.2544555664062,242.94876098632812,1920,1080,866.3009033203125,207.67636108398438,970.3939819335938,221.35659790039062,104.09307861328125,13.68023681640625,7.48708096986102,left,False,"{'safe_roi': (450, 80, 1500, 420), 'cylinder_roi': (800, 190, 1000, 300)}",ok_cylinder_inside_confirmed
2026-09-05 18:06:05,2026-09-05,1788058,254,127,100.04591369628906,,38.567138671875,0.7840866446495056,846.55859375,182.92298889160156,1034.4093017578125,300.90087890625,187.8507080078125,117.97789001464844,22162.23016851954,940.4839477539062,241.91192626953125,1920,1080,870.3903198242188,208.0929412841797,969.5858154296875,221.1098175048828,99.19549560546875,13.016876220703125,7.475892246133024,left,False,"{'safe_roi': (450, 80, 1500, 420), 'cylinder_roi': (800, 190, 1000, 300)}",ok_cylinder_inside_confirmed
2026-09-05 18:06:10,2026-09-05,1788179,254,127,106.86669158935547,,39.43609619140625,0.7939991354942322,846.3359375,184.86553955078125,1034.0050048828125,301.9046630859375,187.6690673828125,117.03912353515625,21964.623161144555,940.1704711914062,243.38510131835938,1920,1080,867.054931640625,208.00888061523438,972.6705322265625,224.31332397460938,105.6156005859375,16.304443359375,8.775778522339225,left,False,"{'safe_roi': (450, 80, 1500, 420), 'cylinder_roi': (800, 190, 1000, 300)}",ok_cylinder_inside_confirmed
2026-09-05 18:09:49,2026-09-05,1793648,254,128,107.9822769165039,,12.642181396484375,0.5024328231811523,764.0599975585938,175.66909790039062,958.7120971679688,291.7640380859375,194.652099609375,116.09494018554688,22598.123861141503,861.3860473632812,233.71656799316406,1920,1080,950.4764404296875,215.21035766601562,842.5682983398438,219.21102905273438,107.90814208984375,4.00067138671875,2.1232563459858658,right,False,"{'safe_roi': (450, 80, 1500, 420), 'cylinder_roi': (800, 190, 1000, 300)}",ok_cylinder_inside_confirmed
2026-09-05 18:09:54,2026-09-05,1793776,254,128,105.44989013671875,,10.315139770507812,0.7032446265220642,763.2615356445312,174.669677734375,964.2020874023438,291.42230224609375,200.9405517578125,116.75262451171875,23460.33678855747,863.7318115234375,233.04598999023438,1920,1080,947.512939453125,215.0140380859375,842.1854248046875,220.09283447265625,105.3275146484375,5.07879638671875,2.760611842236386,right,False,"{'safe_roi': (450, 80, 1500, 420), 'cylinder_roi': (800, 190, 1000, 300)}",ok_cylinder_inside_confirmed
2026-09-05 18:12:11,2026-09-05,1797171,254,129,101.2113037109375,,21.61962890625,0.6939035654067993,798.7083740234375,180.11019897460938,995.10205078125,298.13592529296875,196.3936767578125,118.02572631835938,23179.506343673915,896.9052124023438,239.12306213378906,1920,1080,984.3565063476562,237.8952178955078,883.3631591796875,231.25653076171875,100.99334716796875,6.6386871337890625,3.7608647490770104,right,False,"{'safe_roi': (450, 80, 1500, 420), 'cylinder_roi': (800, 190, 1000, 300)}",ok_cylinder_inside_confirmed
2026-09-05 18:12:20,2026-09-05,1797405,254,129,110.61495208740234,,13.982177734375,0.763253927230835,799.8152465820312,180.897216796875,989.7880249023438,297.04095458984375,189.9727783203125,116.14373779296875,22064.148553036153,894.8016357421875,238.96908569335938,1920,1080,987.9349975585938,236.22251892089844,877.4103393554688,231.75408935546875,110.524658203125,4.4684295654296875,2.31516481883221,right,False,"{'safe_roi': (450, 80, 1500, 420), 'cylinder_roi': (800, 190, 1000, 300)}",ok_cylinder_inside_confirmed
2026-09-05 18:12:25,2026-09-05,1797536,254,129,110.29146575927734,,14.29815673828125,0.7683499455451965,800.139892578125,178.12466430664062,992.317626953125,295.3266906738281,192.177734375,117.2020263671875,22523.619891405106,896.228759765625,236.72567749023438,1920,1080,986.55810546875,237.8246612548828,876.5400390625,230.06375122070312,110.01806640625,7.7609100341796875,4.035082740144389,right,False,"{'safe_roi': (450, 80, 1500, 420), 'cylinder_roi': (800, 190, 1000, 300)}",ok_cylinder_inside_confirmed
2026-09-05 18:12:30,2026-09-05,1797662,254,129,104.47599029541016,,27.762802124023438,0.700435221195221,797.845947265625,177.13748168945312,995.156982421875,294.9174499511719,197.31103515625,117.77996826171875,23239.287458389997,896.50146484375,236.0274658203125,1920,1080,985.9613037109375,240.58441162109375,882.3250732421875,227.36459350585938,103.63623046875,13.219818115234375,7.26938060012908,right,False,"{'safe_roi': (450, 80, 1500, 420), 'cylinder_roi': (800, 190, 1000, 300)}",ok_cylinder_inside_confirmed
2026-09-05 18:12:35,2026-09-05,1797784,254,129,105.40889739990234,,27.521316528320312,0.7080718278884888,799.4979858398438,180.287353515625,995.5773315429688,297.0052795410156,196.079345703125,116.71792602539062,22885.97456688434,897.5376586914062,238.6463165283203,1920,1080,987.564697265625,235.217529296875,882.4635620117188,227.16845703125,105.10113525390625,8.049072265625,4.379395211001723,right,False,"{'safe_roi': (450, 80, 1500, 420), 'cylinder_roi': (800, 190, 1000, 300)}",ok_cylinder_inside_confirmed
2026-09-05 18:13:07,2026-09-05,1798594,254,130,108.79314422607422,,41.48048400878906,0.7914940714836121,835.1556396484375,185.09909057617188,1032.477783203125,299.8226013183594,197.3221435546875,114.7235107421875,22637.489055767655,933.8167114257812,242.46084594726562,1920,1080,841.1657104492188,216.787109375,949.8810424804688,220.901123046875,108.71533203125,4.114013671875,2.167157067316722,left,False,"{'safe_roi': (450, 80, 1500, 420), 'cylinder_roi': (800, 190, 1000, 300)}",ok_cylinder_inside_confirmed
2026-09-05 18:13:12,2026-09-05,1798721,254,130,132.25563049316406,,42.41831970214844,0.7743079662322998,841.267822265625,181.50721740722656,1036.0804443359375,298.67437744140625,194.8126220703125,117.16716003417969,22825.64166679047,938.6741333007812,240.09078979492188,1920,1080,828.8648071289062,200.00816345214844,959.8988037109375,217.9425811767578,131.03399658203125,17.934417724609375,7.79355878860363,left,False,"{'safe_roi': (450, 80, 1500, 420), 'cylinder_roi': (800, 190, 1000, 300)}",ok_cylinder_inside_confirmed
2026-09-05 18:14:14,2026-09-05,1800223,254,131,121.3652572631836,,42.42253112792969,0.7731137871742249,831.9320068359375,183.70172119140625,1015.635498046875,301.15966796875,183.7034912109375,117.45794677734375,21577.434893466532,923.7837524414062,242.43069458007812,1920,1080,832.3505859375,202.50750732421875,952.8681640625,216.82667541503906,120.517578125,14.319168090820312,6.7757723922865685,left,False,"{'safe_roi': (450, 80, 1500, 420), 'cylinder_roi': (800, 190, 1000, 300)}",ok_cylinder_inside_confirmed
2026-09-05 18:14:19,2026-09-05,1800344,254,131,118.11398315429688,,43.583282470703125,0.7870484590530396,830.171142578125,189.39866638183594,1017.0938720703125,301.32818603515625,186.9227294921875,111.92951965332031,20922.171324348077,923.6325073242188,245.36343383789062,1920,1080,832.341552734375,200.98086547851562,949.514892578125,215.8577423095703,117.17333984375,14.876876831054688,7.235826068472649,left,False,"{'safe_roi': (450, 80, 1500, 420), 'cylinder_roi': (800, 190, 1000, 300)}",ok_cylinder_inside_confirmed
2026-09-05 18:14:24,2026-09-05,1800468,254,131,110.86056518554688,,42.47999572753906,0.7727759480476379,831.6400146484375,190.55471801757812,1018.1180419921875,301.076416015625,186.47802734375,110.52169799804688,20609.868221357465,924.8790283203125,245.81556701660156,1920,1080,844.2490234375,202.7584686279297,953.5,221.58102416992188,109.2509765625,18.822555541992188,9.775368467524524,left,False,"{'safe_roi': (450, 80, 1500, 420), 'cylinder_roi': (800, 190, 1000, 300)}",ok_cylinder_inside_confirmed
2026-09-05 18:14:29,2026-09-05,1800595,254,131,112.79370880126953,,42.16606140136719,0.7528526782989502,832.8934936523438,191.79295349121094,1013.3065795898438,300.0109558105469,180.4130859375,108.21800231933594,19523.94375242293,923.1000366210938,245.90194702148438,1920,1080,842.967529296875,203.64401245117188,954.8433837890625,218.00418090820312,111.8758544921875,14.36016845703125,7.314380429437232,left,False,"{'safe_roi': (450, 80, 1500, 420), 'cylinder_roi': (800, 190, 1000, 300)}",ok_cylinder_inside_confirmed
2026-09-05 18:14:34,2026-09-05,1800715,254,131,109.86280822753906,,37.75799560546875,0.7950457334518433,836.0228271484375,192.878662109375,1012.8302001953125,300.51373291015625,176.807373046875,107.63507080078125,19030.674116000533,924.426513671875,246.69619750976562,1920,1080,850.4757080078125,203.66897583007812,958.2167358398438,225.1563720703125,107.74102783203125,21.487396240234375,11.278834974657128,left,False,"{'safe_roi': (450, 80, 1500, 420), 'cylinder_roi': (800, 190, 1000, 300)}",ok_cylinder_inside_confirmed
2026-09-05 18:14:39,2026-09-05,1800839,254,131,111.93629455566406,,35.30888366699219,0.8019391894340515,836.5006103515625,190.63131713867188,1013.7197265625,298.7412109375,177.2191162109375,108.10989379882812,19159.139832686633,925.1101684570312,244.68626403808594,1920,1080,848.91259765625,202.5643768310547,959.21142578125,221.640625,110.298828125,19.076248168945312,9.812273048029974,left,False,"{'safe_roi': (450, 80, 1500, 420), 'cylinder_roi': (800, 190, 1000, 300)}",ok_cylinder_inside_confirmed
2026-09-05 18:14:44,2026-09-05,1800963,254,131,111.29102325439453,,37.05186462402344,0.8293152451515198,837.0626831054688,193.955810546875,1013.1603393554688,300.77484130859375,176.09765625,106.81903076171875,18810.580960035324,925.1115112304688,247.36532592773438,1920,1080,848.0948486328125,204.1390380859375,957.4764404296875,224.66607666015625,109.381591796875,20.52703857421875,10.628758462175817,left,False,"{'safe_roi': (450, 80, 1500, 420), 'cylinder_roi': (800, 190, 1000, 300)}",ok_cylinder_inside_confirmed
2026-09-05 18:14:49,2026-09-05,1801083,254,131,112.78474426269531,,36.81982421875,0.8178471326828003,830.0745239257812,189.40794372558594,1017.0903930664062,298.9046630859375,187.015869140625,109.49671936035156,20477.624139223248,923.5824584960938,244.15631103515625,1920,1080,846.3052368164062,207.25575256347656,957.62451171875,225.3780517578125,111.31927490234375,18.122299194335938,9.246391914555966,left,False,"{'safe_roi': (450, 80, 1500, 420), 'cylinder_roi': (800, 190, 1000, 300)}",ok_cylinder_inside_confirmed
2026-09-05 18:14:54,2026-09-05,1801210,254,131,109.59940338134766,,35.86161804199219,0.810941755771637,831.0462646484375,190.4143524169922,1016.700927734375,298.66033935546875,185.6546630859375,108.24598693847656,20096.372235467657,923.8735961914062,244.537353515625,1920,1080,847.281005859375,202.36366271972656,955.3160400390625,220.8152313232422,108.0350341796875,18.451568603515625,9.69216847235355,left,False,"{'safe_roi': (450, 80, 1500, 420), 'cylinder_roi': (800, 190, 1000, 300)}",ok_cylinder_inside_confirmed
2026-09-05 18:14:59,2026-09-05,1801330,254,131,107.33565521240234,,36.17657470703125,0.818515956401825,831.544677734375,191.75498962402344,1017.7235107421875,300.42919921875,186.1788330078125,108.67420959472656,20232.83752039261,924.6340942382812,246.09210205078125,1920,1080,849.1187744140625,203.58401489257812,954.8516235351562,222.06393432617188,105.73284912109375,18.47991943359375,9.913978815270534,left,False,"{'safe_roi': (450, 80, 1500, 420), 'cylinder_roi': (800, 190, 1000, 300)}",ok_cylinder_inside_confirmed
2026-09-05 18:15:04,2026-09-05,1801452,254,131,107.22737884521484,,38.65025329589844,0.8033838272094727,842.1441650390625,181.45205688476562,1012.931640625,301.32464599609375,170.7874755859375,119.87258911132812,20472.73688627407,927.5379028320312,241.3883514404297,1920,1080,849.1470947265625,208.91441345214844,955.2054443359375,224.70484924316406,106.058349609375,15.790435791015625,8.468243845640936,left,False,"{'safe_roi': (450, 80, 1500, 420), 'cylinder_roi': (800, 190, 1000, 300)}",ok_cylinder_inside_confirmed
2026-09-05 18:15:19,2026-09-05,1801815,254,131,109.99165344238281,,37.2501220703125,0.8011432886123657,841.5919189453125,182.34298706054688,1013.5977783203125,300.1172790527344,172.005859375,117.7742919921875,20257.86830639839,927.5948486328125,241.23013305664062,1920,1080,848.8436889648438,206.76803588867188,957.5833740234375,223.3162841796875,108.73968505859375,16.548248291015625,8.653007804499266,left,False,"{'safe_roi': (450, 80, 1500, 420), 'cylinder_roi': (800, 190, 1000, 300)}",ok_cylinder_inside_confirmed
2026-09-05 18:15:26,2026-09-05,1801985,254,131,107.94609069824219,,39.55120849609375,0.8094589710235596,838.4303588867188,181.05801391601562,1014.3113403320312,300.9419860839844,175.8809814453125,119.88397216796875,21085.310684464872,926.370849609375,241.0,1920,1080,851.80712890625,209.873779296875,958.3228149414062,227.3885498046875,106.51568603515625,17.5147705078125,9.337796696353541,left,False,"{'safe_roi': (450, 80, 1500, 420), 'cylinder_roi': (800, 190, 1000, 300)}",ok_cylinder_inside_confirmed
2026-09-05 18:15:46,2026-09-05,1802469,254,131,109.82835388183594,,40.3272705078125,0.8084971308708191,834.5886840820312,182.81463623046875,1014.9776000976562,298.6374816894531,180.388916015625,115.82284545898438,20893.157542191446,924.7831420898438,240.72605895996094,1920,1080,847.2684326171875,209.22109985351562,955.8531494140625,225.70220947265625,108.584716796875,16.481109619140625,8.630544322724774,left,False,"{'safe_roi': (450, 80, 1500, 420), 'cylinder_roi': (800, 190, 1000, 300)}",ok_cylinder_inside_confirmed
2026-09-05 18:15:51,2026-09-05,1802598,254,131,101.48371124267578,,40.612152099609375,0.7848480343818665,833.9144287109375,186.5986328125,1014.1019287109375,300.5639343261719,180.1875,113.96530151367188,20535.12276649475,924.0081787109375,243.58128356933594,1920,1080,849.4971313476562,209.23680114746094,950.0753784179688,222.7630615234375,100.5782470703125,13.526260375976562,7.659463713496676,left,False,"{'safe_roi': (450, 80, 1500, 420), 'cylinder_roi': (800, 190, 1000, 300)}",ok_cylinder_inside_confirmed
2026-09-05 18:15:56,2026-09-05,1802719,254,131,117.77764129638672,,39.3831787109375,0.7792526483535767,833.9720458984375,185.81643676757812,1016.598876953125,301.0557556152344,182.6268310546875,115.23931884765625,21045.791614048183,925.2854614257812,243.43609619140625,1920,1080,839.5691528320312,205.72030639648438,956.1694946289062,222.33154296875,116.600341796875,16.611236572265625,8.107971067403767,left,False,"{'safe_roi': (450, 80, 1500, 420), 'cylinder_roi': (800, 190, 1000, 300)}",ok_cylinder_inside_confirmed
2026-09-05 18:16:01,2026-09-05,1802837,254,131,108.36553192138672,,38.31036376953125,0.8071109056472778,833.0545654296875,183.70314025878906,1015.5673828125,300.0301818847656,182.5128173828125,116.32704162597656,21231.17610496469,924.3109741210938,241.86666870117188,1920,1080,846.4176635742188,207.98814392089844,953.9964599609375,221.02239990234375,107.57879638671875,13.034255981445312,6.908288746027167,left,False,"{'safe_roi': (450, 80, 1500, 420), 'cylinder_roi': (800, 190, 1000, 300)}",ok_cylinder_inside_confirmed
2026-09-05 18:16:06,2026-09-05,1802967,254,131,108.29331970214844,,38.22212219238281,0.8064687252044678,831.570068359375,186.14111328125,1014.0765380859375,298.81268310546875,182.5064697265625,112.67156982421875,20563.290447168052,922.8233032226562,242.47689819335938,1920,1080,847.0521850585938,208.44131469726562,954.302734375,223.43338012695312,107.25054931640625,14.9920654296875,7.957553081779151,left,False,"{'safe_roi': (450, 80, 1500, 420), 'cylinder_roi': (800, 190, 1000, 300)}",ok_cylinder_inside_confirmed
2026-09-05 18:16:11,2026-09-05,1803090,254,131,104.67048645019531,,38.007904052734375,0.8076652884483337,831.8273315429688,184.62953186035156,1018.3684692382812,300.967041015625,186.5411376953125,116.33750915527344,21701.73131446354,925.097900390625,242.79827880859375,1920,1080,849.4199829101562,206.9759063720703,953.0007934570312,222.03997802734375,103.580810546875,15.064071655273438,8.274685905268193,left,False,"{'safe_roi': (450, 80, 1500, 420), 'cylinder_roi': (800, 190, 1000, 300)}",ok_cylinder_inside_confirmed
2026-09-05 18:16:16,2026-09-05,1803214,254,131,103.5306167602539,,37.33349609375,0.7934181094169617,831.621337890625,179.53890991210938,1019.501953125,299.1116638183594,187.880615234375,119.57275390625,22465.402569174767,925.5616455078125,239.32528686523438,1920,1080,848.91015625,205.22605895996094,951.296142578125,220.5785369873047,102.385986328125,15.35247802734375,8.527799309099239,left,False,"{'safe_roi': (450, 80, 1500, 420), 'cylinder_roi': (800, 190, 1000, 300)}",ok_cylinder_inside_confirmed
2026-09-05 18:16:24,2026-09-05,1803390,254,131,106.6184310913086,,37.384033203125,0.7853094935417175,833.063232421875,180.73599243164062,1018.1630859375,300.05047607421875,185.099853515625,119.31448364257812,22085.093444533646,925.6131591796875,240.3932342529297,1920,1080,843.7732543945312,209.1927490234375,950.14453125,216.44821166992188,106.37127685546875,7.255462646484375,3.902035477967511,left,False,"{'safe_roi': (450, 80, 1500, 420), 'cylinder_roi': (800, 190, 1000, 300)}",ok_cylinder_inside_confirmed
2026-09-05 18:16:35,2026-09-05,1803667,254,131,102.83914947509766,,36.658721923828125,0.8005756735801697,833.864990234375,185.9513397216797,1021.332275390625,299.3074951171875,187.46728515625,113.35615539550781,21250.57070774585,927.5986328125,242.62942504882812,1920,1080,850.2285766601562,209.83152770996094,952.7628173828125,217.74484252929688,102.53424072265625,7.9133148193359375,4.413184724585577,left,False,"{'safe_roi': (450, 80, 1500, 420), 'cylinder_roi': (800, 190, 1000, 300)}",ok_cylinder_inside_confirmed
2026-09-05 18:16:40,2026-09-05,1803796,254,131,115.21700286865234,,46.27880859375,0.80866938829422,833.893310546875,188.818359375,1019.961181640625,299.56268310546875,186.06787109375,110.74432373046875,20605.96055224538,926.92724609375,244.19052124023438,1920,1080,830.1435546875,204.89080810546875,944.856201171875,215.65956115722656,114.712646484375,10.768753051757812,5.362975710159081,left,False,"{'safe_roi': (450, 80, 1500, 420), 'cylinder_roi': (800, 190, 1000, 300)}",ok_cylinder_inside_confirmed
2026-09-05 18:16:45,2026-09-05,1803924,254,131,113.78441619873047,,47.18244934082031,0.8033067584037781,829.9891357421875,189.57505798339844,1021.6641845703125,299.4884033203125,191.675048828125,109.91334533691406,21067.64583431557,925.82666015625,244.53173828125,1920,1080,829.5294799804688,203.07516479492188,943.047119140625,210.86227416992188,113.51763916015625,7.787109375,3.9242414377738464,left,False,"{'safe_roi': (450, 80, 1500, 420), 'cylinder_roi': (800, 190, 1000, 300)}",ok_cylinder_inside_confirmed
2026-09-05 18:16:50,2026-09-05,1804047,254,131,115.74931335449219,,47.39776611328125,0.8035722970962524,830.716064453125,189.61093139648438,1020.3848876953125,298.03076171875,189.6688232421875,108.41983032226562,20563.86163334176,925.5504760742188,243.8208465576172,1920,1080,828.5447998046875,205.99322509765625,944.0237426757812,213.9000244140625,115.47894287109375,7.90679931640625,3.916906938447698,left,False,"{'safe_roi': (450, 80, 1500, 420), 'cylinder_roi': (800, 190, 1000, 300)}",ok_cylinder_inside_confirmed
2026-09-05 18:16:55,2026-09-05,1804176,254,131,113.92655181884766,,38.63200378417969,0.8084641695022583,826.1620483398438,191.9227294921875,1017.6602172851562,297.3527526855469,191.4981689453125,105.43002319335938,20189.65639339015,921.9111328125,244.6377410888672,1920,1080,838.4894409179688,213.23028564453125,951.5120849609375,227.55300903320312,113.02264404296875,14.322723388671875,7.2222747643756575,left,False,"{'safe_roi': (450, 80, 1500, 420), 'cylinder_roi': (800, 190, 1000, 300)}",ok_cylinder_inside_confirmed
2026-09-05 18:17:00,2026-09-05,1804303,254,131,111.96635437011719,,38.33241271972656,0.8149300813674927,826.47412109375,191.57716369628906,1014.117431640625,297.4560852050781,187.643310546875,105.87892150878906,19867.47134904191,920.2957763671875,244.51663208007812,1920,1080,837.6483764648438,213.65306091308594,949.1124267578125,224.24693298339844,111.46405029296875,10.5938720703125,5.429251286805829,left,False,"{'safe_roi': (450, 80, 1500, 420), 'cylinder_roi': (800, 190, 1000, 300)}",ok_cylinder_inside_confirmed
2026-09-05 18:17:05,2026-09-05,1804425,254,131,108.99478912353516,,37.87934875488281,0.8167974948883057,825.7513427734375,190.9985809326172,1012.63525390625,297.8678283691406,186.8839111328125,106.86924743652344,19972.142940757796,919.1932983398438,244.43319702148438,1920,1080,839.2520141601562,213.27818298339844,947.72998046875,223.8798065185547,108.47796630859375,10.60162353515625,5.581828333502234,left,False,"{'safe_roi': (450, 80, 1500, 420), 'cylinder_roi': (800, 190, 1000, 300)}",ok_cylinder_inside_confirmed
2026-09-05 18:17:10,2026-09-05,1804546,254,131,112.2698974609375,,37.527069091796875,0.8231103420257568,831.6177978515625,190.9102783203125,1015.292724609375,298.0545959472656,183.6749267578125,107.14431762695312,19679.724692646414,923.4552612304688,244.48243713378906,1920,1080,842.9432373046875,213.83547973632812,954.3654174804688,227.6060333251953,111.42218017578125,13.770553588867188,7.045400855492144,left,False,"{'safe_roi': (450, 80, 1500, 420), 'cylinder_roi': (800, 190, 1000, 300)}",ok_cylinder_inside_confirmed
2026-09-05 18:17:15,2026-09-05,1804661,254,131,116.27011108398438,,43.836944580078125,0.7956457138061523,828.351318359375,188.57736206054688,1010.4454345703125,299.8182678222656,182.0941162109375,111.24090576171875,20256.31442118436,919.3983764648438,244.19781494140625,1920,1080,830.435546875,219.90380859375,946.5560302734375,225.8006591796875,116.1204833984375,5.8968505859375,2.907106980014307,left,False,"{'safe_roi': (450, 80, 1500, 420), 'cylinder_roi': (800, 190, 1000, 300)}",ok_cylinder_inside_confirmed
2026-09-05 18:17:20,2026-09-05,1804790,254,131,112.00634002685547,,35.479278564453125,0.8011229634284973,827.6309204101562,187.8612518310547,1009.8433227539062,298.66217041015625,182.21240234375,110.80091857910156,20189.30155619234,918.7371215820312,243.26171875,1920,1080,837.74267578125,220.02862548828125,949.7174072265625,222.68943786621094,111.9747314453125,2.6608123779296875,1.3612413463667032,left,False,"{'safe_roi': (450, 80, 1500, 420), 'cylinder_roi': (800, 190, 1000, 300)}",ok_cylinder_inside_confirmed
2026-09-05 18:17:25,2026-09-05,1804909,254,131,108.9493179321289,,34.783111572265625,0.8045548796653748,826.686279296875,189.01980590820312,1007.91748046875,296.8672790527344,181.231201171875,107.84747314453125,19545.32710133493,917.3018798828125,242.94354248046875,1920,1080,839.2605590820312,220.9251708984375,948.135498046875,224.95030212402344,108.87493896484375,4.0251312255859375,2.117273706981433,left,False,"{'safe_roi': (450, 80, 1500, 420), 'cylinder_roi': (800, 190, 1000, 300)}",ok_cylinder_inside_confirmed
2026-09-05 18:17:30,2026-09-05,1805034,254,131,105.29280090332031,,33.205413818359375,0.7995209097862244,825.7557373046875,188.4149932861328,1006.444091796875,297.99560546875,180.6883544921875,109.58061218261719,19799.940499523655,916.0999145507812,243.20529174804688,1920,1080,837.30322265625,222.53179931640625,942.5802001953125,224.3570556640625,105.2769775390625,1.82525634765625,0.9932751767198822,left,False,"{'safe_roi': (450, 80, 1500, 420), 'cylinder_roi': (800, 190, 1000, 300)}",ok_cylinder_inside_confirmed
2026-09-05 18:17:35,2026-09-05,1805161,254,131,106.14082336425781,,33.014404296875,0.7995150685310364,823.6090698242188,190.431396484375,1004.1554565429688,298.4857482910156,180.54638671875,108.05435180664062,19508.8227879256,913.8822631835938,244.4585723876953,1920,1080,837.0184936523438,222.92398071289062,943.14453125,224.6955108642578,106.12603759765625,1.7715301513671875,0.9563324626446075,left,False,"{'safe_roi': (450, 80, 1500, 420), 'cylinder_roi': (800, 190, 1000, 300)}",ok_cylinder_inside_confirmed
2026-09-05 18:17:40,2026-09-05,1805286,254,131,104.81510162353516,,31.580581665039062,0.8001276850700378,825.229248046875,188.40733337402344,1005.769775390625,296.73980712890625,180.54052734375,108.33247375488281,19558.4019401595,915.49951171875,242.57357788085938,1920,1080,835.3052368164062,224.16098022460938,940.1187744140625,223.58895874023438,104.81353759765625,0.572021484375,0.3126894885233217,left,False,"{'safe_roi': (450, 80, 1500, 420), 'cylinder_roi': (800, 190, 1000, 300)}",ok_cylinder_inside_confirmed
2026-09-05 18:17:45,2026-09-05,1805413,254,131,106.75389099121094,,33.897491455078125,0.8206118941307068,835.0219116210938,191.74159240722656,1008.2489624023438,295.9136657714844,173.22705078125,104.17207336425781,18045.42104265839,921.6354370117188,243.82763671875,1920,1080,842.2202758789062,219.23788452148438,948.7527465820312,226.10997009277344,106.532470703125,6.8720855712890625,3.6908626802876823,left,False,"{'safe_roi': (450, 80, 1500, 420), 'cylinder_roi': (800, 190, 1000, 300)}",ok_cylinder_inside_confirmed
2026-09-05 18:19:53,2026-09-05,1808588,254,132,121.12297821044922,,38.19659423828125,0.7824392318725586,800.8096923828125,175.33065795898438,995.7191162109375,295.03125,194.909423828125,119.70059204101562,23330.7734265998,898.264404296875,235.1809539794922,1920,1080,803.2964477539062,207.31124877929688,923.93017578125,218.18685913085938,120.63372802734375,10.8756103515625,5.151515788357989,left,False,"{'safe_roi': (450, 80, 1500, 420), 'cylinder_roi': (800, 190, 1000, 300)}",ok_cylinder_inside_confirmed
2026-09-05 18:23:49,2026-09-05,1814426,254,133,100.79721069335938,,39.42283630371094,0.797584056854248,861.988525390625,194.92666625976562,1033.587646484375,312.18133544921875,171.59912109375,117.25466918945312,20120.798177048564,947.7880859375,253.5540008544922,1920,1080,864.4658203125,215.7469024658203,964.39111328125,228.9761962890625,99.92529296875,13.229293823242188,7.541635736736887,left,False,"{'safe_roi': (450, 80, 1500, 420), 'cylinder_roi': (800, 190, 1000, 300)}",ok_cylinder_inside_confirmed
2026-09-05 18:24:05,2026-09-05,1814811,254,133,99.6056900024414,,37.739227294921875,0.8008891940116882,862.9329223632812,195.78909301757812,1032.79345703125,314.25360107421875,169.86053466796875,118.46450805664062,20122.444677678868,947.8631591796875,255.02134704589844,1920,1080,866.4989624023438,214.3513946533203,965.2418212890625,227.4334716796875,98.74285888671875,13.082077026367188,7.546954934177474,left,False,"{'safe_roi': (450, 80, 1500, 420), 'cylinder_roi': (800, 190, 1000, 300)}",ok_cylinder_inside_confirmed
2026-09-05 18:24:10,2026-09-05,1814933,254,133,97.39734649658203,,37.74455261230469,0.8009946346282959,865.2843017578125,196.28164672851562,1034.0814208984375,315.4581604003906,168.797119140625,119.176513671875,20116.65217703581,949.682861328125,255.86990356445312,1920,1080,867.5054931640625,215.14334106445312,963.8764038085938,229.24620056152344,96.37091064453125,14.102859497070312,8.325533569053295,left,False,"{'safe_roi': (450, 80, 1500, 420), 'cylinder_roi': (800, 190, 1000, 300)}",ok_cylinder_inside_confirmed
2026-09-05 18:24:15,2026-09-05,1815064,254,133,98.17552947998047,,36.631256103515625,0.8101043701171875,863.4326782226562,196.35946655273438,1032.100341796875,315.3843994140625,168.66766357421875,119.02493286132812,20075.657332798466,947.7664794921875,255.87193298339844,1920,1080,869.2701416015625,214.2158966064453,966.2763061523438,229.32345581054688,97.00616455078125,15.107559204101562,8.85202818858007,left,False,"{'safe_roi': (450, 80, 1500, 420), 'cylinder_roi': (800, 190, 1000, 300)}",ok_cylinder_inside_confirmed
2026-09-05 18:24:20,2026-09-05,1815190,254,133,99.43995666503906,,36.70417785644531,0.7998089790344238,864.1810302734375,197.1413116455078,1030.72265625,315.1696472167969,166.5416259765625,118.02833557128906,19656.63091734983,947.4518432617188,256.1554870605469,1920,1080,870.5177001953125,214.20184326171875,968.4993896484375,231.16928100585938,97.981689453125,16.967437744140625,9.824449176039856,left,False,"{'safe_roi': (450, 80, 1500, 420), 'cylinder_roi': (800, 190, 1000, 300)}",ok_cylinder_inside_confirmed
2026-09-05 18:24:25,2026-09-05,1815316,254,133,99.62052154541016,,37.56953430175781,0.8067200183868408,865.70361328125,196.4064483642578,1032.87109375,314.2701721191406,167.16748046875,117.86372375488281,19702.981738768518,949.287353515625,255.33831787109375,1920,1080,872.024169921875,214.8427734375,970.004150390625,232.84754943847656,97.97998046875,18.004776000976562,10.412493018198845,left,False,"{'safe_roi': (450, 80, 1500, 420), 'cylinder_roi': (800, 190, 1000, 300)}",ok_cylinder_inside_confirmed
2026-09-05 18:24:30,2026-09-05,1815437,254,133,99.62926483154297,,37.133514404296875,0.7999537587165833,863.1045532226562,196.5499725341797,1032.3134765625,314.8336181640625,169.20892333984375,118.28364562988281,20014.648325744085,947.708984375,255.69180297851562,1920,1080,870.6826171875,213.02532958984375,969.0817260742188,228.63320922851562,98.39910888671875,15.607879638671875,9.013059589843309,left,False,"{'safe_roi': (450, 80, 1500, 420), 'cylinder_roi': (800, 190, 1000, 300)}",ok_cylinder_inside_confirmed
2026-09-05 18:24:35,2026-09-05,1815558,254,133,99.74234771728516,,37.0263671875,0.8056371212005615,863.963134765625,196.67974853515625,1033.7210693359375,316.0787353515625,169.7579345703125,119.39898681640625,20268.925391741097,948.8421020507812,256.3792419433594,1920,1080,871.001953125,214.59410095214844,969.3668212890625,231.11343383789062,98.3648681640625,16.519332885742188,9.533256611002756,left,False,"{'safe_roi': (450, 80, 1500, 420), 'cylinder_roi': (800, 190, 1000, 300)}",ok_cylinder_inside_confirmed
2026-09-05 18:24:40,2026-09-05,1815681,254,133,100.2547836303711,,37.200347900390625,0.8009467720985413,864.8927001953125,196.4780731201172,1034.40673828125,316.1441650390625,169.5140380859375,119.66609191894531,20285.082463143393,949.6497192382812,256.3111267089844,1920,1080,871.4842529296875,215.14781188964844,970.32275390625,231.93984985351562,98.8385009765625,16.792037963867188,9.642125366222814,left,False,"{'safe_roi': (450, 80, 1500, 420), 'cylinder_roi': (800, 190, 1000, 300)}",ok_cylinder_inside_confirmed
2026-09-05 18:24:55,2026-09-05,1816044,254,133,101.41617584228516,,37.96424865722656,0.8025606870651245,864.76025390625,196.8441162109375,1034.4407958984375,316.518798828125,169.6805419921875,119.6746826171875,20306.465009227395,949.6005249023438,256.68145751953125,1920,1080,870.9046020507812,217.01278686523438,971.0372314453125,233.0968780517578,100.13262939453125,16.084091186523438,9.12534994439599,left,False,"{'safe_roi': (450, 80, 1500, 420), 'cylinder_roi': (800, 190, 1000, 300)}",ok_cylinder_inside_confirmed
2026-09-05 18:30:55,2026-09-05,1825005,254,134,106.78242492675781,,21.763778686523438,0.7181837558746338,799.9244384765625,173.4360809326172,1000.9764404296875,292.9564208984375,201.052001953125,119.52033996582031,24029.80362424627,900.450439453125,233.19625854492188,1920,1080,990.1436767578125,211.2447509765625,883.7932739257812,220.84051513671875,106.35040283203125,9.59576416015625,5.155712087266894,right,False,"{'safe_roi': (450, 80, 1500, 420), 'cylinder_roi': (800, 190, 1000, 300)}",ok_cylinder_inside_confirmed
2026-09-05 23:33:07,2026-09-05,2276226,1324,135,111.38617706298828,,55.770233154296875,0.7857860326766968,820.0081787109375,178.04434204101562,1004.1015625,295.86572265625,184.0933837890625,117.82138061523438,21690.13664015755,912.0548706054688,236.9550323486328,1920,1080,821.2547607421875,251.61322021484375,931.1348876953125,233.35842895507812,109.880126953125,18.254791259765625,9.432607819723712,left,False,"{'safe_roi': (450, 80, 1500, 420), 'cylinder_roi': (800, 190, 1000, 300)}",ok_cylinder_inside_confirmed
